Accident_Index,Vehicle_Reference,Vehicle_Type,Towing_and_Articulation,Vehicle_Manoeuvre,Vehicle_Location-Restricted_Lane,Junction_Location,Skidding_and_Overturning,Hit_Object_in_Carriageway,Vehicle_Leaving_Carriageway,Hit_Object_off_Carriageway,1st_Point_of_Impact,Was_Vehicle_Left_Hand_Drive?,Journey_Purpose_of_Driver,Sex_of_Driver,Age_of_Driver,Age_Band_of_Driver,Engine_Capacity_(CC),Propulsion_Code,Age_of_Vehicle,Driver_IMD_Decile,Driver_Home_Area_Type,Vehicle_IMD_Decile
2.02E+12,1,9,0,4,0,1,0,0,0,0,1,1,2,1,46,8,998,1,17,5,1,5
2.02E+12,1,9,0,9,0,8,0,0,0,0,3,1,6,1,22,5,1560,2,10,9,1,9
2.02E+12,2,19,0,18,0,1,0,0,0,0,1,1,6,1,34,6,1997,2,3,8,1,8
2.02E+12,1,9,0,9,0,8,0,0,0,0,1,1,6,1,63,9,1997,2,13,3,1,3
2.02E+12,2,3,0,18,0,8,0,0,0,0,1,1,6,1,38,7,1200,1,1,10,1,10
2.02E+12,1,3,0,10,0,1,1,0,0,0,1,1,1,1,31,6,109,1,3,1,1,1
2.02E+12,1,9,0,16,0,8,0,0,0,0,3,1,6,1,47,8,2171,1,16,4,1,4
2.02E+12,1,9,0,18,0,1,0,0,0,0,1,1,1,1,39,7,1124,1,14,2,1,2
2.02E+12,1,90,0,18,2,2,0,0,0,0,1,1,6,1,63,9,493,1,2,7,1,7
2.02E+12,2,9,0,9,2,5,0,0,0,0,4,1,6,1,25,5,1395,1,3,8,1,8
2.02E+12,1,9,0,9,0,5,0,0,0,0,1,1,2,1,40,7,1975,1,10,3,1,3
2.02E+12,1,9,0,9,0,8,0,0,0,0,1,1,2,2,37,7,1900,2,17,9,1,9
2.02E+12,2,9,0,17,0,8,0,0,0,0,3,1,6,1,38,7,1600,1,12,5,1,5
2.02E+12,1,8,0,9,0,5,0,0,0,0,0,1,1,1,63,9,2402,2,15,2,1,2
2.02E+12,2,9,0,18,0,8,0,0,0,0,1,1,6,1,20,4,2204,2,11,3,1,3
2.02E+12,1,9,0,17,0,1,0,12,7,2,1,1,6,1,30,6,1781,1,15,3,1,3
2.02E+12,1,9,0,18,0,8,0,0,0,0,1,1,2,1,36,7,1968,2,11,2,1,2
2.02E+12,2,8,0,5,0,8,0,0,0,0,4,1,1,1,35,6,1995,2,6,3,1,3
2.02E+12,2,3,0,18,0,8,0,0,0,0,1,1,6,1,21,5,125,1,2,1,1,1
2.02E+12,1,8,0,5,0,1,0,0,0,0,1,1,1,1,44,7,2402,2,11,1,1,1
2.02E+12,1,9,0,4,0,4,0,0,0,0,2,1,2,1,51,8,1685,2,1,4,1,4
2.02E+12,2,9,0,18,0,1,0,0,0,0,1,1,6,1,21,5,2143,2,1,9,1,9
2.02E+12,1,9,0,18,0,1,0,0,0,0,3,1,2,1,47,8,1461,2,11,2,1,2
2.02E+12,2,3,0,18,0,1,0,0,0,0,4,1,2,1,22,5,124,1,4,4,1,4
2.02E+12,1,9,0,9,0,6,0,0,0,0,3,1,1,1,50,8,1896,2,13,3,1,3
2.02E+12,2,3,0,18,0,1,0,0,0,0,1,1,2,1,30,6,125,1,12,6,1,6
2.02E+12,1,5,0,13,0,1,0,0,0,0,4,1,2,1,42,7,1050,1,6,2,1,2
2.02E+12,1,19,0,18,0,1,0,0,0,0,1,1,1,1,45,7,2198,2,5,3,1,3
2.02E+12,1,9,0,18,6,1,0,0,0,0,3,1,3,2,32,6,1995,1,11,5,1,5
2.02E+12,1,9,0,11,0,1,0,0,0,0,1,2,2,1,59,9,1299,1,9,5,1,5
2.02E+12,2,3,0,18,0,1,1,0,1,0,3,1,2,1,20,4,124,1,5,2,1,2
2.02E+12,2,9,0,18,0,1,0,0,0,0,1,1,6,2,64,9,1997,2,3,6,1,6
2.02E+12,2,11,0,5,0,8,0,0,0,0,4,1,1,1,28,6,7300,2,14,2,1,2
2.02E+12,1,9,0,18,0,1,0,0,0,0,3,1,2,2,44,7,998,1,1,5,1,5
2.02E+12,1,2,0,18,0,1,1,0,0,0,0,1,2,2,31,6,49,1,3,7,1,7
2.02E+12,2,19,0,3,0,2,0,0,0,0,0,1,1,1,28,6,2402,2,12,8,1,8
2.02E+12,1,9,0,18,0,8,0,0,0,0,1,1,2,1,36,7,2993,2,5,3,1,3
2.02E+12,1,11,0,13,0,2,0,0,0,0,4,1,1,1,54,8,7300,2,13,9,1,9
2.02E+12,1,21,0,4,0,1,0,0,0,0,2,1,1,1,38,7,4461,2,5,4,1,4
2.02E+12,1,9,0,18,0,8,0,0,0,0,4,1,2,2,46,8,1299,1,17,1,1,1
2.02E+12,2,9,0,18,0,8,0,0,0,0,1,1,1,1,25,5,998,1,11,2,1,2
2.02E+12,1,19,0,9,0,8,0,0,0,0,4,1,1,1,21,5,2198,2,3,10,1,10
2.02E+12,2,4,0,13,0,8,0,0,0,0,4,1,6,1,60,9,1690,1,4,4,1,4
2.02E+12,1,9,0,5,0,4,0,0,0,0,1,1,6,2,30,6,1895,1,17,5,1,5
2.02E+12,2,9,0,5,0,4,0,0,0,0,1,1,6,1,52,8,2987,2,5,4,1,4
2.02E+12,1,9,0,13,0,3,0,0,0,0,4,1,2,1,23,5,2979,1,14,7,1,7
2.02E+12,1,9,0,9,0,3,0,0,0,0,1,1,6,2,28,6,1896,2,14,3,1,3
2.02E+12,2,9,0,5,0,4,0,0,0,0,1,1,6,1,29,6,1910,2,12,3,1,3
2.02E+12,1,19,4,5,0,2,0,0,0,0,2,1,1,1,54,8,1995,2,1,7,1,7
2.02E+12,1,9,0,18,0,1,0,0,0,0,4,1,6,2,24,5,1461,2,3,1,1,1
2.02E+12,1,11,0,18,0,1,0,0,0,0,0,1,1,1,38,7,9360,2,7,2,1,2
2.02E+12,1,9,0,18,0,2,0,0,0,0,1,1,6,1,54,8,1797,8,7,6,1,6
2.02E+12,1,3,0,3,0,1,0,0,0,0,2,1,1,1,56,9,125,1,8,2,1,2
2.02E+12,2,9,0,5,0,1,0,0,0,0,1,1,2,2,60,9,1124,1,15,3,1,3
2.02E+12,1,9,0,7,0,1,0,0,0,0,1,1,1,1,38,7,3993,1,3,8,1,8
2.02E+12,1,8,0,12,0,1,0,0,0,0,4,1,1,1,35,6,1339,8,6,3,1,3
2.02E+12,2,2,0,18,0,1,5,0,0,0,1,1,6,1,20,4,278,1,5,4,1,4
2.02E+12,1,3,0,17,0,4,2,0,0,0,2,1,2,1,26,6,125,1,2,1,1,1
2.02E+12,2,9,0,17,0,4,0,0,0,0,1,1,6,1,42,7,1995,2,12,2,1,2
2.02E+12,1,11,0,9,0,1,0,0,0,0,3,1,1,1,43,7,9360,2,7,1,1,1
2.02E+12,2,5,0,18,0,8,0,0,0,0,2,1,6,1,26,6,998,1,1,7,1,7
2.02E+12,1,9,0,7,0,1,0,0,0,0,1,1,6,1,49,8,2616,1,13,4,1,4
2.02E+12,1,11,0,4,0,6,0,0,0,0,0,1,1,1,60,9,6692,2,4,3,1,3
2.02E+12,1,9,0,5,0,6,0,0,0,0,1,1,2,1,44,7,1975,1,12,5,1,5
2.02E+12,2,5,0,18,0,1,0,0,0,0,4,1,2,1,48,8,599,1,6,9,2,9
2.02E+12,1,9,0,18,0,2,0,0,0,0,1,1,1,2,56,9,1595,1,11,9,1,9
2.02E+12,1,11,0,18,0,2,0,0,0,0,4,1,1,2,44,7,6700,2,5,2,1,2
2.02E+12,1,9,0,9,0,5,0,0,0,0,1,1,6,1,78,11,1124,1,11,6,1,6
2.02E+12,1,9,0,9,0,4,0,0,0,0,1,1,2,1,63,9,1686,2,8,10,1,10
2.02E+12,1,9,0,18,0,1,0,0,0,0,3,1,6,2,44,7,1591,1,3,7,1,7
2.02E+12,2,9,0,9,0,6,0,0,0,0,1,1,6,1,34,6,1995,2,11,9,1,9
2.02E+12,1,3,0,18,0,1,0,0,0,0,1,1,2,1,46,8,124,1,6,10,1,10
2.02E+12,2,19,0,1,0,2,0,0,0,0,2,2,1,1,50,8,2143,2,1,8,1,8
2.02E+12,1,4,0,18,0,1,1,0,0,0,2,1,6,1,27,6,459,1,14,2,1,2
2.02E+12,2,9,0,6,0,1,0,0,0,0,1,1,6,2,33,6,1910,2,7,2,1,2
2.02E+12,1,3,0,3,0,1,0,0,0,0,2,1,6,1,24,5,125,1,1,2,1,2
2.02E+12,2,9,0,18,0,4,0,0,0,0,1,1,6,1,37,7,2967,2,6,9,1,9
2.02E+12,1,9,0,9,0,1,0,0,0,0,1,1,6,1,51,8,998,1,18,5,1,5
2.02E+12,1,9,0,18,0,1,0,0,0,0,1,1,6,1,85,11,2179,2,5,8,1,8
2.02E+12,1,9,0,18,0,1,0,0,0,0,1,1,6,1,18,4,1796,1,16,5,3,5
2.02E+12,2,9,0,7,0,1,0,0,0,0,1,2,6,2,26,6,1242,1,4,4,1,4
2.02E+12,1,19,0,9,0,8,0,0,0,0,1,1,1,1,48,8,1896,2,10,4,1,4
2.02E+12,2,3,0,10,0,8,0,0,0,0,1,1,1,1,37,7,124,1,14,4,1,4
2.02E+12,1,11,0,5,0,1,0,0,0,0,0,1,1,1,41,7,6692,2,8,4,1,4
2.02E+12,2,9,0,7,0,5,0,0,0,0,4,1,6,2,27,6,1398,1,5,4,1,4
2.02E+12,1,9,0,7,0,8,0,0,0,0,3,1,6,2,21,5,998,1,3,7,1,7
2.02E+12,2,8,0,3,0,1,0,0,0,0,1,1,1,1,48,8,2499,2,5,6,1,6
2.02E+12,1,4,0,3,6,7,2,4,2,10,1,1,2,1,27,6,198,1,10,8,1,8
2.02E+12,1,11,0,5,0,1,0,0,0,0,0,1,1,1,46,8,6700,2,5,4,1,4
2.02E+12,1,9,0,18,0,1,0,4,0,0,1,2,6,1,21,5,1595,1,8,4,1,4
2.02E+12,2,9,0,3,0,2,0,0,0,0,4,1,6,2,30,6,1596,1,15,6,1,6
2.02E+12,1,9,0,18,0,2,0,0,0,0,1,1,2,1,36,7,2993,2,13,2,1,2
2.02E+12,1,11,0,5,2,2,0,0,0,0,0,1,1,1,41,7,4500,2,5,7,1,7
2.02E+12,1,5,0,10,0,1,1,0,0,0,4,1,2,1,33,6,645,1,9,1,1,1
2.02E+12,1,19,0,1,0,6,0,0,0,0,2,1,1,1,52,8,1997,2,13,4,1,4
2.02E+12,2,5,0,4,0,4,5,0,0,0,2,1,1,1,41,7,600,1,4,3,1,3
2.02E+12,1,9,0,7,0,1,0,0,0,0,1,1,2,2,21,5,1598,1,7,3,1,3
2.02E+12,2,2,0,9,0,5,1,0,0,0,2,1,2,1,35,6,49,1,5,4,1,4
2.02E+12,1,11,0,4,2,2,0,0,0,0,4,1,1,1,62,9,6692,2,4,2,1,2
2.02E+12,1,9,0,9,2,5,0,0,0,0,1,1,6,1,34,6,1992,2,10,3,1,3
2.02E+12,2,3,0,18,2,1,0,0,0,0,1,1,6,1,18,4,124,1,2,2,1,2
2.02E+12,1,11,0,5,2,2,0,0,0,0,0,1,1,1,30,6,5132,2,1,3,1,3
2.02E+12,1,8,0,18,0,2,0,0,0,0,1,1,1,1,40,7,1797,8,3,2,1,2
2.02E+12,1,4,0,14,0,1,0,0,0,0,1,1,2,1,19,4,124,1,1,2,1,2
2.02E+12,2,9,0,9,0,6,0,0,0,0,1,1,2,2,39,7,1390,1,13,2,1,2
2.02E+12,1,9,0,4,0,1,0,0,0,0,4,1,2,2,62,9,998,1,1,9,1,9
2.02E+12,1,19,0,18,0,8,0,0,0,0,1,1,6,1,42,7,2299,2,3,9,1,9
2.02E+12,1,9,0,18,0,1,0,0,0,0,1,1,6,2,44,7,698,1,13,3,1,3
2.02E+12,1,9,0,7,0,6,0,0,0,0,1,1,1,1,45,7,1560,2,7,2,1,2
2.02E+12,1,9,0,18,0,2,0,0,0,0,1,1,6,1,25,5,1590,1,18,5,1,5
2.02E+12,1,4,0,18,0,1,0,0,0,0,1,1,2,1,59,9,125,1,6,4,1,4
2.02E+12,1,9,0,10,0,6,0,0,0,0,1,1,1,1,37,7,1997,2,7,1,1,1
2.02E+12,1,9,0,4,0,1,0,0,0,0,1,1,6,1,60,9,1364,2,7,4,1,4
2.02E+12,2,4,0,4,0,1,0,0,0,0,2,1,2,1,45,7,279,1,6,8,1,8
2.02E+12,1,9,0,8,0,6,0,0,0,0,0,1,6,2,27,6,1229,1,9,4,1,4
2.02E+12,2,3,0,7,0,1,1,0,0,0,0,1,2,1,49,8,125,1,1,3,1,3
2.02E+12,1,9,0,18,0,8,0,0,0,0,4,1,6,1,31,6,1242,1,8,2,1,2
2.02E+12,2,9,0,8,9,6,0,0,0,0,1,1,6,2,30,6,1229,1,10,3,1,3
2.02E+12,1,8,0,9,0,8,0,0,0,0,4,1,1,1,44,7,2402,2,14,9,1,9
2.02E+12,2,9,0,18,0,8,0,0,0,0,1,1,6,2,82,11,1193,1,3,2,1,2
2.02E+12,1,9,0,18,0,1,0,0,0,0,1,1,6,2,49,8,1386,1,7,2,1,2
2.02E+12,1,11,0,18,0,1,0,0,0,0,1,1,1,1,64,9,4250,2,6,4,1,4
2.02E+12,1,3,0,18,0,1,0,0,0,0,1,1,6,1,23,5,847,1,1,6,1,6
2.02E+12,1,9,0,18,0,8,0,0,0,0,0,1,6,1,38,7,2143,2,6,3,1,3
2.02E+12,1,9,0,9,0,6,0,0,0,0,1,1,2,1,26,6,1339,1,6,3,1,3
2.02E+12,2,4,5,18,0,8,0,0,0,0,1,1,2,1,39,7,125,1,5,5,1,5
2.02E+12,1,8,0,5,0,1,0,0,0,0,2,1,1,1,57,9,1997,2,6,3,1,3
2.02E+12,2,9,0,5,0,8,0,0,0,0,1,1,2,2,28,6,1596,1,12,2,1,2
2.02E+12,1,9,0,18,0,2,1,0,0,0,1,1,6,1,20,4,1364,1,14,10,1,10
2.02E+12,1,9,0,4,0,4,0,0,0,0,2,1,6,1,38,7,2987,2,7,5,1,5
2.02E+12,2,19,0,18,0,4,0,0,0,0,1,1,2,1,40,7,1870,2,12,8,1,8
2.02E+12,1,9,0,18,0,8,0,0,0,0,3,1,6,1,31,6,3456,8,5,3,1,3
2.02E+12,2,9,0,7,0,8,0,0,0,0,1,1,6,1,38,7,2499,1,11,8,2,8
2.02E+12,1,11,0,9,0,1,0,0,0,0,0,1,1,1,44,7,9000,2,6,3,1,3
2.02E+12,2,9,0,12,0,1,0,0,0,0,0,1,2,2,26,6,998,1,1,1,1,1
2.02E+12,1,19,0,18,0,8,0,0,0,0,1,1,2,1,23,5,2402,2,8,3,1,3
2.02E+12,2,9,0,18,0,8,0,0,0,0,3,1,6,1,31,6,2993,2,2,6,1,6
2.02E+12,1,9,0,16,0,8,0,0,0,0,1,1,2,1,52,8,1685,2,5,6,1,6
2.02E+12,2,9,0,5,0,8,0,0,0,0,2,1,6,1,33,6,998,1,9,7,1,7
2.02E+12,1,5,0,3,0,3,0,0,0,0,2,1,6,1,27,6,883,1,2,7,1,7
2.02E+12,2,9,0,5,0,4,0,0,0,0,1,1,6,1,26,6,1390,1,7,2,1,2
2.02E+12,1,11,0,18,0,8,0,0,0,0,1,1,6,1,24,5,3900,2,11,4,1,4
2.02E+12,1,19,0,18,0,8,0,0,0,0,4,1,1,1,48,8,1451,2,13,4,1,4
2.02E+12,1,9,0,5,0,8,0,0,0,0,1,1,6,1,41,7,1498,1,6,7,1,7
2.02E+12,1,9,0,5,0,1,0,0,0,0,1,1,3,1,42,7,1199,1,15,5,1,5
2.02E+12,2,9,0,3,0,1,0,0,0,0,2,1,2,2,27,6,1598,1,11,7,1,7
2.02E+12,3,9,0,4,0,1,0,0,0,0,2,1,1,2,49,8,1895,1,16,7,1,7
2.02E+12,1,9,0,18,0,1,0,0,1,7,4,1,6,1,84,11,1086,1,7,4,1,4
2.02E+12,1,19,0,5,0,6,0,0,0,0,4,1,1,1,71,10,2148,2,12,5,1,5
2.02E+12,1,2,0,9,0,5,1,0,0,0,4,1,6,1,25,5,108,1,5,3,1,3
2.02E+12,1,11,0,4,0,1,0,0,0,0,1,1,1,1,46,8,6700,2,8,5,1,5
2.02E+12,1,3,0,13,0,1,0,0,0,0,3,1,2,1,56,9,125,1,1,4,1,4
2.02E+12,1,21,0,7,0,5,0,0,0,0,4,1,1,1,36,7,12580,2,11,9,3,9
2.02E+12,2,3,0,15,0,1,0,0,0,0,1,1,2,1,40,7,125,1,3,8,1,8
2.02E+12,1,11,0,18,0,1,0,0,0,0,0,1,1,1,64,9,4500,2,2,3,1,3
2.02E+12,1,5,0,5,0,2,0,11,0,0,1,1,2,1,27,6,644,1,9,6,1,6
2.02E+12,2,9,0,5,0,2,0,11,0,0,1,1,1,1,25,5,1997,2,2,8,1,8
2.02E+12,1,9,0,18,0,5,0,0,1,0,1,1,6,2,38,7,1799,1,10,7,1,7
2.02E+12,1,8,0,5,0,1,0,0,0,0,1,1,1,1,54,8,1798,8,3,2,1,2
2.02E+12,1,9,0,18,0,8,0,0,0,0,1,1,1,2,53,8,1896,2,9,5,1,5
2.02E+12,1,9,0,5,0,2,0,0,0,0,1,1,6,1,40,7,2993,2,3,4,1,4
2.02E+12,1,11,0,4,0,5,0,0,0,0,0,1,1,1,39,7,4500,2,6,3,1,3
2.02E+12,1,3,0,13,0,8,5,0,0,0,1,1,6,1,30,6,124,1,2,1,1,1
2.02E+12,2,9,0,10,0,8,0,0,0,0,3,1,6,2,32,6,1595,1,1,2,1,2
2.02E+12,1,9,0,18,0,8,0,0,0,0,1,1,6,1,69,10,2499,2,13,7,1,7
2.02E+12,1,2,0,18,0,8,1,0,0,0,1,1,6,1,17,4,49,1,18,2,1,2
2.02E+12,1,11,0,18,0,8,0,0,0,0,0,1,1,1,49,8,9360,2,7,5,1,5
2.02E+12,1,9,0,3,0,2,0,0,0,0,2,1,6,2,51,8,1997,2,10,5,1,5
2.02E+12,2,9,0,3,0,2,0,0,0,0,2,1,6,2,37,7,1796,1,18,5,1,5
2.02E+12,1,5,0,18,0,1,0,0,0,0,1,1,6,1,49,8,649,1,7,9,1,9
2.02E+12,1,9,0,3,0,1,0,0,0,0,3,1,6,1,45,7,1968,2,10,7,1,7
2.02E+12,2,9,0,9,0,1,0,0,0,0,1,1,1,2,37,7,1360,1,12,3,1,3
2.02E+12,1,3,0,18,0,1,0,0,0,0,1,1,1,1,24,5,125,1,2,6,1,6
2.02E+12,1,19,0,18,0,8,0,0,0,0,1,1,6,1,32,6,1598,2,2,5,1,5
2.02E+12,2,9,0,4,0,2,0,0,0,0,2,1,6,1,55,8,2148,2,11,3,1,3
2.02E+12,1,21,1,11,0,3,0,0,0,0,1,1,1,1,61,9,6870,2,7,2,1,2
2.02E+12,2,9,0,18,0,3,0,0,0,0,2,1,1,1,53,8,998,1,11,4,1,4
2.02E+12,1,9,0,4,0,5,0,0,0,0,3,1,6,1,41,7,2967,2,12,2,1,2
2.02E+12,1,9,0,14,0,2,0,0,0,0,1,1,6,1,26,6,1198,1,9,7,1,7
2.02E+12,1,9,0,18,0,2,1,0,1,10,1,1,6,1,20,4,1598,1,21,9,3,9
2.02E+12,1,3,0,14,0,8,0,0,0,0,1,1,6,1,22,5,249,1,19,7,1,7
2.02E+12,1,9,0,9,0,8,0,0,0,0,4,1,6,1,76,11,1991,1,2,6,1,6
2.02E+12,1,9,0,9,0,1,0,0,0,0,1,1,6,1,17,4,1388,1,6,2,1,2
2.02E+12,2,9,0,18,0,1,0,0,0,0,1,1,6,1,31,6,1364,1,1,6,1,6
2.02E+12,1,9,0,7,0,4,0,0,0,0,1,1,1,1,47,8,1790,8,5,3,1,3
2.02E+12,1,9,0,10,0,1,0,0,0,0,4,1,2,1,41,7,1968,2,7,2,1,2
2.02E+12,2,3,0,18,0,1,1,0,0,0,1,1,1,1,32,6,108,1,1,9,1,9
2.02E+12,1,9,0,9,0,8,0,7,0,0,4,1,6,1,41,7,1794,1,16,9,1,9
2.02E+12,2,9,0,18,0,8,0,0,0,0,1,1,6,1,53,8,1910,2,12,4,1,4
2.02E+12,2,5,0,4,0,8,0,0,0,0,4,1,1,1,42,7,1170,1,5,4,1,4
2.02E+12,1,9,0,7,0,3,1,4,0,0,1,1,6,1,18,4,1198,1,8,10,1,10
2.02E+12,1,9,0,9,0,1,1,11,0,0,4,1,6,1,33,6,1781,1,12,3,1,3
2.02E+12,2,21,0,18,0,2,0,0,0,0,3,1,1,1,53,8,10677,2,2,4,1,4
2.02E+12,1,9,0,18,0,1,0,0,0,0,4,1,6,1,28,6,1998,1,10,6,1,6
2.02E+12,2,9,0,18,0,1,0,4,0,0,3,1,6,1,23,5,1296,1,11,2,1,2
2.02E+12,1,11,0,18,2,1,0,0,0,0,0,1,1,1,41,7,4500,2,2,3,1,3
2.02E+12,1,9,0,3,0,2,0,0,0,0,2,1,1,1,45,7,1497,8,9,5,1,5
2.02E+12,2,11,0,5,0,2,0,0,0,0,1,1,1,1,28,6,4500,2,3,4,1,4
2.02E+12,3,9,0,3,0,2,0,0,0,0,2,1,6,1,26,6,998,1,19,6,1,6
2.02E+12,1,9,0,18,0,3,0,0,0,0,4,1,6,1,41,7,1399,1,11,2,1,2
2.02E+12,1,9,0,18,0,6,0,4,0,0,1,1,6,2,47,8,1598,1,14,4,1,4
2.02E+12,2,9,0,1,0,6,1,0,0,0,2,1,6,1,48,8,1596,1,17,2,1,2
2.02E+12,1,11,0,5,0,1,0,0,0,0,0,1,1,1,41,7,7300,2,11,4,1,4
2.02E+12,1,8,0,7,0,8,0,0,0,0,4,1,6,1,67,10,1798,8,3,6,1,6
2.02E+12,1,11,0,4,0,1,0,0,0,0,0,1,1,1,53,8,4500,2,6,5,1,5
2.02E+12,2,9,0,3,0,8,0,0,0,0,1,1,1,1,30,6,1560,2,2,4,1,4
2.02E+12,1,9,0,5,0,1,0,0,0,0,1,1,6,2,88,11,1598,1,13,6,1,6
2.02E+12,1,9,0,7,0,5,0,0,1,10,1,2,6,2,25,5,998,1,8,7,1,7
2.02E+12,1,9,5,18,0,1,0,4,0,0,1,1,6,1,28,6,1590,1,12,3,1,3
2.02E+12,3,9,0,18,0,1,0,0,0,0,1,1,6,1,63,9,1896,1,19,6,1,6
2.02E+12,1,9,0,9,0,1,0,0,0,0,1,1,6,1,71,10,2597,1,17,4,1,4
2.02E+12,1,9,0,18,0,2,0,0,0,0,3,1,6,1,41,7,1149,1,20,3,1,3
2.02E+12,2,9,0,9,0,6,0,0,0,0,1,1,2,1,40,7,1900,2,18,1,1,1
2.02E+12,1,9,0,18,0,1,0,0,0,0,1,1,6,1,43,7,1598,1,18,2,1,2
2.02E+12,2,9,0,5,0,1,0,0,0,0,1,1,6,1,38,7,1995,2,5,2,1,2
2.02E+12,1,9,0,18,0,1,0,0,0,0,1,1,6,1,79,11,3456,8,7,10,1,10
2.02E+12,1,9,0,6,0,2,0,0,0,0,1,1,6,1,56,9,1598,1,12,2,1,2
2.02E+12,2,4,0,18,0,2,0,0,0,0,1,1,1,1,19,4,125,1,8,2,1,2
2.02E+12,1,9,0,18,0,1,0,0,0,0,4,1,6,2,33,6,1995,2,6,5,1,5
2.02E+12,2,19,0,9,0,2,0,0,0,0,1,1,6,1,69,10,2198,2,2,7,1,7
2.02E+12,1,9,0,7,0,6,0,0,0,0,1,1,6,1,42,7,1598,1,4,3,1,3
2.02E+12,1,9,0,18,0,8,1,4,0,0,3,1,6,1,23,5,1596,1,15,3,1,3
2.02E+12,2,9,0,18,0,1,0,0,0,0,3,1,6,1,54,8,2143,2,8,6,1,6
2.02E+12,5,9,0,7,0,2,0,0,0,0,3,1,6,1,55,8,1497,8,12,5,1,5
2.02E+12,1,9,0,5,0,8,0,0,0,0,4,1,6,2,43,7,1596,1,12,4,1,4
2.02E+12,2,90,0,18,0,8,0,0,0,0,3,1,1,1,52,8,2198,2,2,7,1,7
2.02E+12,1,2,0,4,0,2,0,0,0,0,2,1,1,1,19,4,49,1,2,4,1,4
2.02E+12,2,9,0,4,0,2,0,0,0,0,1,1,6,1,42,7,1910,2,10,1,1,1
2.02E+12,1,9,0,18,0,1,0,0,0,0,1,1,1,1,22,5,1598,1,3,7,1,7
2.02E+12,2,9,0,3,0,1,0,0,0,0,2,1,1,1,47,8,1995,2,6,5,1,5
2.02E+12,1,9,0,18,0,1,0,0,0,0,2,1,6,2,37,7,1390,1,12,2,1,2
2.02E+12,2,9,0,18,0,1,0,0,0,0,2,1,6,2,20,4,1364,1,8,3,1,3
2.02E+12,3,19,0,18,0,1,0,0,0,0,1,1,6,1,44,7,1995,2,10,5,1,5
2.02E+12,1,3,0,18,0,8,0,0,0,0,1,1,1,1,17,4,125,1,3,3,1,3
2.02E+12,2,9,0,9,0,8,0,0,0,0,3,1,6,1,57,9,1998,1,8,8,1,8
2.02E+12,1,9,0,3,0,1,0,0,0,0,2,1,6,1,38,7,1796,1,11,1,1,1
2.02E+12,2,9,0,3,0,1,0,0,0,0,1,1,6,1,49,8,1998,2,12,3,1,3
2.02E+12,1,8,0,3,0,1,0,0,1,0,2,1,1,1,30,6,1798,8,4,1,1,1
2.02E+12,2,9,0,18,0,1,0,0,1,0,1,1,6,1,23,5,2000,2,13,3,1,3
2.02E+12,1,9,0,10,0,1,0,0,0,0,2,1,6,1,30,6,1200,1,1,8,1,8
2.02E+12,2,8,0,18,0,1,0,0,0,0,1,1,1,1,46,8,1798,1,5,2,1,2
2.02E+12,1,9,0,18,9,2,0,12,0,0,1,1,6,1,25,5,1796,1,10,3,1,3
2.02E+12,2,9,0,18,9,8,1,0,0,0,1,1,1,1,38,7,1797,8,8,4,1,4
2.02E+12,1,9,0,10,0,1,0,0,0,0,2,1,6,1,48,8,1590,1,17,1,1,1
2.02E+12,1,9,0,18,0,1,2,4,0,0,1,1,6,2,40,7,2993,2,12,2,1,2
2.02E+12,1,9,0,3,0,1,0,0,0,0,2,1,2,2,50,8,1360,1,16,4,1,4
2.02E+12,1,9,0,7,0,1,0,0,0,0,4,1,1,1,35,6,1560,2,3,3,1,3
2.02E+12,1,9,0,18,0,1,0,0,3,0,1,1,6,1,34,6,1968,2,2,3,1,3
2.02E+12,1,9,0,9,0,1,0,0,0,0,3,1,6,1,26,6,1968,2,3,5,1,5
2.02E+12,2,4,0,18,0,1,0,0,0,0,1,1,1,1,23,5,125,1,8,6,1,6
2.02E+12,1,9,0,9,0,8,0,0,0,0,1,1,6,1,25,5,1598,1,5,7,1,7
2.02E+12,2,3,0,18,0,8,0,0,0,0,1,1,1,2,26,6,108,1,3,4,1,4
2.02E+12,1,9,0,7,0,6,0,0,0,0,2,1,6,1,55,8,1398,1,2,2,1,2
2.02E+12,2,9,0,8,0,1,0,0,0,0,1,1,6,1,19,4,1229,1,11,2,1,2
2.02E+12,1,3,0,13,0,2,0,0,0,0,0,1,6,1,30,6,124,1,4,3,1,3
2.02E+12,2,9,0,9,0,8,0,0,0,0,2,1,6,1,29,6,2148,2,9,4,1,4
2.02E+12,1,9,0,9,0,2,0,0,0,0,1,1,6,2,45,7,1299,1,13,1,1,1
2.02E+12,1,9,0,5,0,8,0,0,0,0,1,1,1,1,41,7,1798,8,1,4,1,4
2.02E+12,1,9,0,4,0,2,0,0,0,0,2,1,6,2,35,6,1390,1,16,3,1,3
2.02E+12,2,9,0,4,0,2,0,0,0,0,1,1,6,1,38,7,3490,1,13,4,1,4
2.02E+12,1,11,0,18,2,1,0,0,0,0,0,1,1,1,36,7,4461,2,3,4,1,4
2.02E+12,1,9,0,7,2,8,0,0,0,0,1,1,6,1,43,7,1968,2,2,1,1,1
2.02E+12,1,9,0,9,0,8,0,0,0,0,1,1,6,1,40,7,1600,1,19,4,1,4
2.02E+12,1,11,0,5,0,1,0,0,0,0,0,1,1,1,45,7,6370,2,2,4,1,4
2.02E+12,1,9,0,3,0,8,0,0,0,0,4,1,6,1,62,9,4999,1,2,8,1,8