Accident_Index,Vehicle_Reference,Vehicle_Type,Towing_and_Articulation,Vehicle_Manoeuvre,Vehicle_Location-Restricted_Lane,Junction_Location,Skidding_and_Overturning,Hit_Object_in_Carriageway,Vehicle_Leaving_Carriageway,Hit_Object_off_Carriageway,1st_Point_of_Impact,Was_Vehicle_Left_Hand_Drive?,Journey_Purpose_of_Driver,Sex_of_Driver,Age_of_Driver,Age_Band_of_Driver,Engine_Capacity_(CC),Propulsion_Code,Age_of_Vehicle,Driver_IMD_Decile,Driver_Home_Area_Type,Vehicle_IMD_Decile
2.02E+12,1,11,0,5,0,2,0,0,0,0,0,1,1,1,37,7,9360,2,6,3,1,3
2.02E+12,1,9,0,7,0,6,0,0,1,2,1,1,6,2,53,8,1339,1,14,7,1,7
2.02E+12,1,8,0,18,0,1,0,0,0,0,4,1,1,1,48,8,1797,8,7,5,1,5
2.02E+12,1,9,0,9,0,8,0,0,0,0,1,1,6,1,41,7,2179,2,3,5,1,5
2.02E+12,2,4,0,18,0,8,0,0,0,0,1,1,1,1,49,8,125,1,5,8,1,8
2.02E+12,1,9,0,3,0,1,0,0,0,0,2,1,6,2,26,6,1197,1,6,4,1,4
2.02E+12,2,9,0,3,0,1,0,0,0,0,1,1,6,1,29,6,1995,2,9,1,1,1
2.02E+12,1,4,0,18,0,1,1,0,0,0,3,1,1,1,38,7,125,1,1,2,1,2
2.02E+12,1,9,0,4,0,1,0,0,0,0,3,1,6,2,28,6,1598,1,10,2,1,2
2.02E+12,2,3,0,15,0,1,0,0,0,0,1,1,1,1,18,4,114,1,3,1,1,1
2.02E+12,1,9,0,5,0,6,0,0,0,0,4,1,6,1,35,6,1997,1,5,2,1,2
2.02E+12,2,11,0,5,0,1,0,0,0,0,1,1,1,1,52,8,9000,2,7,8,1,8
2.02E+12,2,9,0,18,0,8,0,0,0,0,1,1,6,2,54,8,1496,2,1,9,1,9
2.02E+12,1,9,0,9,0,5,0,0,0,0,4,1,6,1,61,9,1989,1,13,6,1,6
2.02E+12,2,8,0,18,0,8,0,0,0,0,1,1,1,1,44,7,1797,8,7,4,1,4
2.02E+12,1,9,0,9,0,1,0,0,0,0,3,1,6,2,23,5,1248,2,11,4,1,4
2.02E+12,2,8,0,18,0,1,0,0,0,0,1,1,1,1,28,6,1791,8,6,5,1,5
2.02E+12,2,9,0,7,0,1,0,0,0,0,3,1,6,1,44,7,2143,2,4,5,1,5
2.02E+12,1,9,0,7,0,2,0,0,0,0,1,1,6,1,39,7,1596,1,13,6,1,6
2.02E+12,2,9,0,3,0,1,0,0,0,0,1,1,6,1,38,7,1242,1,13,5,1,5
2.02E+12,3,19,0,3,0,1,0,0,0,0,1,1,6,1,25,5,1870,2,15,3,1,3
2.02E+12,1,9,0,18,0,1,0,10,2,10,1,1,6,1,25,5,1781,1,17,4,1,4
2.02E+12,2,9,0,18,0,2,0,0,0,0,1,1,6,1,27,6,1582,2,5,7,1,7
2.02E+12,1,2,0,7,0,6,0,0,0,0,2,1,6,2,19,4,124,1,9,1,1,1
2.02E+12,1,4,0,18,0,6,1,0,0,0,1,1,1,1,21,5,125,1,7,2,1,2
2.02E+12,1,11,0,18,2,8,0,0,0,0,1,1,1,1,54,8,9360,2,8,3,1,3
2.02E+12,2,9,0,18,0,8,0,0,0,0,1,2,6,2,28,6,1598,1,7,2,1,2
2.02E+12,1,4,0,13,0,1,0,0,0,0,1,1,6,1,41,7,125,1,9,6,1,6
2.02E+12,2,8,0,9,0,1,0,0,0,0,3,1,6,1,32,6,1995,2,8,4,1,4
2.02E+12,1,9,0,18,0,1,0,0,0,0,1,1,6,1,78,11,1364,1,8,4,1,4
2.02E+12,1,8,0,18,0,8,0,0,1,10,1,1,1,1,55,8,2499,2,10,5,1,5
2.02E+12,2,9,0,18,0,6,0,0,0,0,1,1,6,1,37,7,1797,8,3,3,1,3
2.02E+12,1,9,0,4,0,4,0,0,0,0,1,1,6,1,50,8,998,1,9,2,1,2
2.02E+12,1,9,0,9,0,5,0,0,0,0,1,1,6,2,39,7,1388,1,14,5,1,5
2.02E+12,1,5,0,18,0,2,1,10,0,0,3,1,2,1,26,6,599,1,10,5,1,5
2.02E+12,2,19,0,5,0,2,0,0,0,0,2,1,2,1,35,6,2198,2,8,7,1,7
2.02E+12,3,9,0,11,0,2,0,0,0,0,4,1,2,1,37,7,5439,1,11,8,1,8
2.02E+12,1,3,0,3,0,2,0,0,0,0,2,1,2,2,48,8,114,1,4,2,1,2
2.02E+12,2,9,0,4,0,2,0,0,0,0,1,1,6,1,18,4,1229,1,9,4,1,4
2.02E+12,1,9,0,9,0,6,0,0,0,0,3,1,3,2,41,7,1598,1,9,3,1,3
2.02E+12,1,9,0,10,0,1,0,0,0,0,4,1,1,1,35,6,1390,1,14,4,1,4
2.02E+12,2,5,0,18,0,2,0,0,0,0,1,1,1,1,52,8,865,1,3,6,1,6
2.02E+12,1,3,0,3,0,1,0,0,0,0,3,1,1,2,27,6,125,1,5,3,1,3
2.02E+12,1,9,0,9,0,5,0,0,0,0,1,1,2,2,34,6,1769,1,13,2,1,2
2.02E+12,1,9,0,18,0,1,0,0,0,0,1,1,2,1,28,6,1598,1,4,6,1,6
2.02E+12,2,10,0,18,0,8,0,0,0,0,4,1,6,1,65,9,2402,2,11,2,1,2
2.02E+12,1,8,0,5,0,4,0,0,0,0,1,1,6,1,34,6,1797,8,7,6,1,6
2.02E+12,3,9,0,18,0,2,0,0,0,0,1,1,6,1,17,4,1596,1,5,5,1,5
2.02E+12,1,9,0,9,0,3,0,0,0,0,4,1,6,2,49,8,1995,2,8,9,1,9
2.02E+12,2,9,0,18,0,4,0,0,0,0,1,1,6,1,25,5,1973,1,19,8,1,8
2.02E+12,1,9,0,9,0,3,0,0,0,0,1,1,6,1,41,7,2993,2,8,9,1,9
2.02E+12,2,9,0,10,0,1,0,0,0,0,4,1,6,1,32,6,1895,1,16,4,1,4
2.02E+12,1,9,0,8,0,1,0,0,0,0,4,1,6,1,61,9,1198,1,6,2,1,2
2.02E+12,1,9,0,3,0,2,0,0,0,0,1,1,6,2,55,8,1490,1,10,6,1,6
2.02E+12,2,9,0,18,0,2,0,0,0,0,1,2,6,1,35,6,1796,1,10,7,1,7
2.02E+12,1,9,0,18,0,2,2,4,0,0,1,1,6,1,20,4,1796,1,14,3,1,3
2.02E+12,1,3,0,5,0,2,2,0,0,0,4,1,2,1,25,5,125,1,9,1,1,1
2.02E+12,1,9,0,5,0,4,0,0,0,0,1,1,1,1,53,8,1896,2,12,5,1,5
2.02E+12,1,11,0,9,0,1,0,0,0,0,0,1,1,1,42,7,9360,2,8,3,1,3
2.02E+12,1,9,0,5,0,8,0,0,0,0,0,1,6,1,70,10,1968,2,2,2,1,2
2.02E+12,2,3,0,9,0,8,0,0,3,1,0,1,2,1,43,7,124,1,7,2,1,2
2.02E+12,1,9,0,1,2,2,0,0,0,0,2,1,6,1,72,10,1560,2,5,5,1,5
2.02E+12,1,8,0,18,0,1,0,0,0,0,1,1,1,1,52,8,2499,2,6,4,2,4
2.02E+12,2,9,0,18,0,2,0,0,0,0,1,1,6,1,74,10,2148,2,12,5,1,5
2.02E+12,1,9,0,4,0,2,0,0,0,0,2,1,6,2,42,7,1200,1,1,2,1,2
2.02E+12,2,9,0,18,0,2,0,0,0,0,1,1,6,2,36,7,2143,2,2,1,1,1
2.02E+12,1,9,0,9,0,1,0,0,0,0,1,1,6,1,37,7,999,1,6,5,1,5
2.02E+12,1,9,0,4,0,1,0,4,0,0,1,1,2,2,32,6,1598,1,6,5,1,5
2.02E+12,2,9,0,3,0,1,0,0,0,0,2,1,2,1,48,8,1560,2,2,9,1,9
2.02E+12,3,9,0,3,0,1,0,0,0,0,2,1,2,2,51,8,1997,1,10,3,1,3
2.02E+12,1,9,0,3,0,1,0,0,0,0,3,1,6,2,23,5,1598,1,16,8,1,8
2.02E+12,2,5,0,18,3,1,1,0,0,0,1,1,1,1,60,9,582,1,16,2,1,2
2.02E+12,1,19,0,18,0,1,0,0,0,0,1,1,2,1,25,5,2198,2,1,3,1,3
2.02E+12,2,9,0,4,0,1,0,0,0,0,2,1,6,2,61,9,1596,1,8,10,1,10
2.02E+12,1,9,0,18,0,2,0,0,0,0,1,1,6,1,43,7,999,1,2,4,1,4
2.02E+12,1,9,0,18,0,1,0,0,0,0,1,1,6,1,69,10,3248,1,16,2,1,2
2.02E+12,2,9,0,10,0,2,0,0,0,0,2,1,6,2,51,8,1992,2,10,2,1,2
2.02E+12,1,8,0,9,0,6,0,0,0,0,1,1,1,1,68,10,1968,2,5,8,1,8
2.02E+12,1,9,0,9,0,2,0,0,0,0,4,1,6,1,54,8,2993,2,7,2,1,2
2.02E+12,2,9,0,18,0,8,0,0,0,0,1,1,1,1,23,5,1995,2,2,3,1,3
2.02E+12,1,9,0,18,0,2,0,0,0,0,1,1,6,1,29,6,1797,8,7,3,1,3
2.02E+12,1,11,0,18,2,2,0,0,0,0,4,1,1,1,62,9,7300,2,13,2,1,2
2.02E+12,1,9,0,7,0,6,0,0,0,0,1,1,6,1,50,8,1497,8,8,2,1,2
2.02E+12,2,21,1,18,0,8,0,0,0,0,4,1,1,1,31,6,10837,2,2,6,1,6
2.02E+12,1,9,0,6,0,2,0,0,0,0,3,1,6,1,29,6,1796,1,12,4,1,4
2.02E+12,1,19,0,9,2,1,0,0,0,0,1,1,1,1,42,7,2148,2,10,3,1,3
2.02E+12,1,9,0,18,0,2,0,0,0,0,1,1,1,2,35,6,1242,1,5,8,1,8
2.02E+12,3,9,0,18,0,2,0,0,0,0,2,1,1,1,27,6,1995,2,7,8,1,8
2.02E+12,1,4,0,18,0,1,1,0,0,0,1,1,2,1,49,8,250,1,4,7,1,7
2.02E+12,1,9,0,18,0,6,0,0,0,0,3,1,3,1,43,7,2987,2,8,3,1,3
2.02E+12,1,9,0,5,0,8,0,0,0,0,1,1,6,2,30,6,1396,1,8,7,1,7
2.02E+12,2,9,0,18,0,1,0,0,0,0,1,1,6,2,46,8,1390,1,16,3,1,3
2.02E+12,1,9,0,7,0,8,0,0,0,0,4,1,6,2,45,7,1598,1,5,2,1,2
2.02E+12,1,9,0,18,9,1,0,0,0,0,1,1,6,1,39,7,2996,8,2,10,1,10
2.02E+12,1,11,0,4,0,2,0,0,0,0,0,1,1,1,37,7,9360,2,6,1,1,1
2.02E+12,1,11,0,10,0,6,0,0,0,0,0,1,6,1,29,6,9400,2,12,7,1,7
2.02E+12,2,8,0,18,0,1,0,0,1,0,3,1,1,1,47,8,2499,2,10,8,3,8
2.02E+12,1,9,0,9,0,5,0,0,0,0,3,1,6,1,17,4,1995,2,6,3,1,3
2.02E+12,2,9,0,10,0,1,0,0,0,0,1,2,6,2,56,9,1197,1,2,7,1,7
2.02E+12,1,9,0,18,0,2,5,4,0,0,1,1,6,1,87,11,1339,1,12,6,1,6
2.02E+12,2,9,0,18,0,2,0,0,0,0,3,1,1,1,53,8,1797,8,7,4,1,4
2.02E+12,1,9,0,4,0,2,0,0,0,0,1,1,6,1,36,7,1781,1,18,4,1,4
2.02E+12,1,8,0,1,0,1,0,0,0,0,2,1,1,1,52,8,1968,2,6,5,1,5
2.02E+12,1,9,0,18,0,2,0,0,0,0,1,1,6,1,74,10,1998,1,13,6,1,6
2.02E+12,1,9,0,18,0,1,0,8,0,0,3,1,6,1,30,6,1896,2,15,3,1,3
2.02E+12,1,9,0,1,0,5,0,0,0,0,2,1,1,1,46,8,1797,8,6,4,1,4
2.02E+12,1,9,0,18,0,8,0,0,0,0,1,1,6,2,51,8,1422,2,1,4,2,4
2.02E+12,2,9,0,18,0,6,0,0,0,0,1,1,6,1,71,10,1968,2,3,5,1,5
2.02E+12,1,9,0,16,0,1,0,0,0,0,1,1,6,2,65,9,1799,1,7,6,1,6
2.02E+12,1,9,0,9,0,1,0,0,0,0,1,1,6,1,26,6,1984,2,8,4,1,4
2.02E+12,1,8,0,5,6,6,0,0,0,0,3,1,1,1,51,8,1598,1,9,6,1,6
2.02E+12,2,9,0,18,6,6,0,0,0,0,4,1,6,1,32,6,1900,2,12,4,1,4
2.02E+12,1,11,0,5,3,8,0,0,0,0,0,1,6,1,38,7,7300,2,11,1,1,1
2.02E+12,1,19,0,3,0,2,0,0,0,0,1,1,1,1,44,7,1995,2,4,3,1,3
2.02E+12,1,8,0,4,2,2,0,0,0,0,2,1,1,1,44,7,2499,2,10,9,1,9
2.02E+12,1,9,0,7,0,3,0,0,0,0,1,1,6,2,35,6,1398,1,7,5,1,5
2.02E+12,2,9,0,18,0,8,0,0,0,0,3,1,6,2,78,11,1598,1,13,6,1,6
2.02E+12,1,11,0,18,0,1,0,0,0,0,0,1,1,1,47,8,6692,2,6,3,1,3
2.02E+12,1,19,0,3,0,1,0,0,0,0,1,1,1,1,39,7,2198,2,2,3,1,3
2.02E+12,2,9,0,18,0,1,0,0,0,0,2,1,6,2,51,8,973,1,15,3,1,3
2.02E+12,1,9,0,9,0,5,0,0,0,0,4,1,6,1,32,6,1910,2,7,3,1,3
2.02E+12,2,3,0,18,0,8,0,0,0,0,1,1,6,1,48,8,124,1,5,4,1,4
2.02E+12,2,3,0,18,0,1,0,0,0,0,0,1,6,1,29,6,108,1,2,6,1,6
2.02E+12,1,9,0,18,0,1,0,0,0,0,1,1,6,1,42,7,1248,2,10,5,1,5
2.02E+12,1,8,0,9,0,1,0,0,0,0,1,1,6,1,42,7,1797,8,7,6,1,6
2.02E+12,1,9,0,18,0,1,0,0,0,0,1,1,6,1,30,6,2204,2,11,2,1,2
2.02E+12,1,3,0,18,0,4,1,10,0,0,1,1,6,1,25,5,124,1,7,5,1,5
2.02E+12,1,9,0,18,0,3,0,0,0,0,3,1,6,2,28,6,998,1,2,8,1,8
2.02E+12,2,9,0,9,0,8,0,0,0,0,1,1,6,1,30,6,2979,1,12,8,1,8
2.02E+12,2,9,0,9,0,8,0,0,0,0,1,1,6,2,18,4,1299,1,16,7,1,7
2.02E+12,1,19,0,16,0,2,0,0,0,0,3,1,2,1,52,8,2299,2,4,3,1,3
2.02E+12,1,9,0,18,0,1,0,0,0,0,4,1,6,2,22,5,1242,1,1,2,1,2
2.02E+12,1,5,0,15,0,2,0,0,0,0,3,1,2,1,25,5,903,1,9,5,3,5
2.02E+12,2,21,1,18,0,1,0,0,0,0,4,1,1,1,47,8,12777,2,6,9,1,9
2.02E+12,1,3,0,14,0,1,0,0,0,0,4,1,2,1,38,7,124,1,2,10,1,10
2.02E+12,2,9,0,10,0,1,0,0,0,0,1,1,3,2,31,6,1598,1,10,3,1,3
2.02E+12,1,5,0,18,0,1,0,0,0,0,2,1,1,1,44,7,782,1,13,5,1,5
2.02E+12,2,4,0,18,0,1,0,0,0,0,1,1,2,1,26,6,125,1,1,3,1,3
2.02E+12,1,9,0,18,0,4,0,0,0,0,2,1,6,2,61,9,998,1,7,6,1,6
2.02E+12,2,9,0,5,0,4,0,0,0,0,1,1,6,1,26,6,1390,1,14,2,1,2
2.02E+12,1,3,0,18,0,2,2,0,0,0,3,1,2,1,55,8,125,1,10,5,1,5
2.02E+12,1,9,0,18,0,8,0,0,0,0,1,1,6,2,20,4,2143,2,2,3,1,3
2.02E+12,1,19,0,10,0,8,0,0,0,0,1,2,2,1,36,7,1968,2,4,5,1,5
2.02E+12,1,9,0,7,0,1,0,0,0,0,4,1,6,2,50,8,2000,2,17,5,1,5
2.02E+12,1,9,0,9,0,8,0,0,0,0,1,1,2,2,51,8,1598,1,11,6,1,6
2.02E+12,2,5,0,18,0,1,0,0,0,0,1,1,2,1,51,8,996,1,9,4,1,4
2.02E+12,1,3,0,18,0,1,0,0,0,0,2,1,6,1,32,6,124,1,18,10,1,10
2.02E+12,1,9,0,18,9,2,0,10,1,2,1,1,2,2,44,7,1686,2,3,4,1,4
2.02E+12,1,9,0,3,0,2,0,0,0,0,2,1,1,1,54,8,1560,2,8,2,1,2
2.02E+12,2,9,0,4,0,1,0,0,0,0,1,1,6,2,24,5,1364,1,10,1,1,1
2.02E+12,1,9,0,18,0,2,0,0,0,0,1,1,2,1,52,8,1998,2,8,6,1,6
2.02E+12,2,10,0,9,0,1,0,0,0,0,4,1,1,1,21,5,2198,2,5,10,1,10
2.02E+12,1,19,0,1,0,1,0,0,0,0,2,1,1,1,45,7,1560,2,2,2,1,2
2.02E+12,1,8,0,9,0,6,0,0,0,0,1,1,1,1,52,8,2143,2,3,2,1,2
2.02E+12,2,5,0,18,0,8,0,0,0,0,1,1,6,1,39,7,645,1,14,4,1,4
2.02E+12,1,2,0,18,0,1,0,0,0,0,1,1,2,2,24,5,48,1,8,2,1,2
2.02E+12,1,9,0,8,0,7,0,0,0,0,2,1,6,2,38,7,1560,2,6,10,1,10
2.02E+12,2,9,0,4,0,1,0,0,0,0,1,1,6,2,22,5,1197,1,1,6,1,6
2.02E+12,1,9,0,10,0,8,0,0,0,0,1,1,6,2,26,6,1560,2,3,2,1,2
2.02E+12,1,9,0,9,0,8,0,0,0,0,1,1,6,1,34,6,1339,1,12,5,1,5
2.02E+12,1,9,0,1,0,1,0,0,0,0,2,1,6,1,21,5,1390,1,5,9,1,9
2.02E+12,1,19,0,7,0,1,0,11,0,0,4,1,1,1,27,6,5880,2,9,5,1,5
2.02E+12,1,9,0,18,0,2,0,0,0,0,3,1,6,2,31,6,1598,2,3,9,1,9
2.02E+12,2,9,0,7,0,1,0,0,0,0,1,1,6,1,74,10,1198,1,6,2,1,2
2.02E+12,1,9,0,18,0,6,0,0,0,0,1,1,6,2,58,9,1596,1,12,6,1,6
2.02E+12,2,9,0,18,0,1,0,0,1,0,3,1,1,2,58,9,1587,1,12,2,1,2
2.02E+12,1,5,0,18,0,1,5,0,0,0,0,1,2,1,44,7,942,1,3,2,1,2
2.02E+12,1,9,0,18,0,1,0,0,0,0,1,1,6,1,38,7,2993,2,5,2,1,2
2.02E+12,2,9,0,9,0,1,0,0,0,0,2,1,6,1,37,7,999,1,7,7,1,7
2.02E+12,3,9,0,18,0,1,0,0,0,0,1,1,6,2,56,9,1242,1,8,5,1,5
2.02E+12,1,11,0,4,2,1,0,0,0,0,0,1,1,1,29,6,6700,2,5,4,1,4
2.02E+12,1,8,0,18,0,1,0,0,0,0,1,1,1,1,47,8,1798,8,3,2,1,2
2.02E+12,1,8,0,4,0,1,0,0,0,0,2,2,1,1,48,8,2402,2,11,7,1,7
2.02E+12,1,9,0,7,0,1,0,0,3,10,1,1,6,2,35,6,1386,1,14,2,1,2
2.02E+12,1,2,0,18,0,1,0,0,3,0,0,1,6,1,19,4,108,1,4,1,1,1
2.02E+12,2,9,0,7,0,2,0,0,7,0,0,1,6,1,24,5,2993,2,8,8,1,8
2.02E+12,1,9,0,10,0,6,0,0,0,0,3,1,6,1,26,6,1595,1,4,5,1,5
2.02E+12,1,17,0,7,0,8,0,0,0,0,1,1,1,1,54,8,3990,2,11,8,1,8
2.02E+12,1,9,0,18,0,8,0,0,0,0,3,1,6,1,27,6,1749,1,16,5,1,5
2.02E+12,2,9,0,18,0,8,0,0,0,0,1,1,6,2,42,7,1390,1,18,3,1,3
2.02E+12,3,9,0,18,0,8,0,0,0,0,4,1,2,2,23,5,1198,1,10,6,1,6
2.02E+12,2,5,0,18,0,1,0,0,0,0,1,1,2,1,45,7,1050,1,1,4,1,4
2.02E+12,1,9,0,5,0,1,0,0,0,0,1,1,6,2,34,6,1998,1,9,4,1,4
2.02E+12,1,9,0,5,0,2,0,0,0,0,1,1,1,1,45,7,1798,8,1,4,1,4
2.02E+12,1,9,0,18,0,1,0,0,0,0,1,1,3,1,54,8,1596,1,8,2,1,2
2.02E+12,1,9,0,9,0,5,0,0,0,0,1,1,6,1,27,6,1598,2,1,4,1,4
2.02E+12,1,9,0,18,0,1,0,0,7,2,2,1,6,1,45,7,3724,7,14,3,1,3
2.02E+12,1,9,0,3,0,1,0,0,0,0,2,1,6,2,23,5,1248,2,12,8,1,8
2.02E+12,2,9,0,3,0,1,0,0,0,0,1,1,6,2,30,6,3222,2,13,4,1,4
2.02E+12,1,3,0,18,0,8,5,0,0,0,2,1,6,1,24,5,124,1,10,3,1,3
2.02E+12,1,9,0,18,0,1,0,0,0,0,4,1,6,1,40,7,1598,2,6,4,1,4
2.02E+12,1,9,0,4,0,2,0,0,0,0,1,1,6,1,49,8,1597,2,2,5,1,5
2.02E+12,1,9,0,9,0,8,0,0,0,0,1,1,6,1,66,10,2993,2,1,7,1,7
2.02E+12,1,9,0,18,0,1,0,0,0,0,2,1,6,2,48,8,1794,1,9,5,1,5
2.02E+12,2,9,0,4,0,1,0,0,0,0,1,1,6,2,41,7,1968,2,11,1,1,1
2.02E+12,1,4,0,16,0,8,0,0,0,0,4,1,2,1,43,7,124,1,6,8,1,8
2.02E+12,1,9,0,18,0,3,0,0,0,0,1,1,6,1,27,6,1339,1,10,5,1,5
2.02E+12,2,9,0,18,0,4,0,0,0,0,1,1,6,2,23,5,1388,1,6,8,1,8
2.02E+12,1,9,0,18,0,4,0,0,0,0,3,1,6,1,43,7,1596,1,7,2,1,2
2.02E+12,2,21,1,11,0,8,0,0,0,0,0,1,1,1,57,9,11967,2,7,5,1,5
2.02E+12,1,9,0,18,0,2,0,0,0,0,1,1,1,1,41,7,1769,1,15,2,1,2
2.02E+12,1,9,0,4,0,1,0,0,0,0,2,1,6,1,19,4,1149,1,7,2,1,2
2.02E+12,1,11,0,4,0,8,0,0,0,0,0,1,1,1,35,6,9360,2,8,4,1,4
2.02E+12,1,9,0,18,0,8,0,0,0,0,3,1,2,1,38,7,1896,2,9,8,1,8
2.02E+12,3,9,0,18,0,8,0,0,1,0,3,1,6,2,24,5,1364,1,10,2,1,2
2.02E+12,1,21,0,5,0,1,0,0,0,0,1,1,1,1,60,9,10518,2,5,8,1,8
2.02E+12,1,19,0,18,0,1,0,0,0,0,1,1,1,2,32,6,1968,2,7,4,1,4
2.02E+12,1,9,0,18,0,8,0,0,0,0,4,1,6,1,31,6,2987,2,10,5,1,5
2.02E+12,1,9,0,9,0,6,0,0,0,0,1,1,6,2,81,11,1781,1,21,3,1,3
2.02E+12,2,9,0,18,0,1,0,0,0,0,4,1,6,2,37,7,1298,1,14,2,1,2
2.02E+12,1,9,0,9,0,2,0,0,0,0,1,2,6,1,31,6,1395,1,1,4,1,4
2.02E+12,1,9,0,4,0,1,0,0,0,0,2,1,6,2,30,6,1598,1,4,3,1,3
2.02E+12,1,11,0,5,0,1,0,0,0,0,0,1,1,1,51,8,8268,2,12,4,1,4
2.02E+12,1,9,0,4,0,1,0,0,0,0,1,1,2,1,29,6,1422,2,17,3,1,3
2.02E+12,2,9,0,4,0,1,0,0,0,0,2,1,6,1,71,10,1799,1,7,6,1,6
2.02E+12,1,5,0,4,0,1,0,0,0,0,2,1,1,1,45,7,670,1,5,3,1,3
2.02E+12,2,19,0,4,0,1,0,0,0,0,1,1,6,1,69,10,2998,2,1,5,3,5
2.02E+12,1,9,0,9,0,8,0,0,0,0,4,1,6,2,52,8,1951,2,12,6,1,6
2.02E+12,2,5,0,18,0,8,2,0,0,0,1,1,2,1,48,8,599,1,10,6,1,6
2.02E+12,1,9,0,9,0,8,0,0,0,0,4,1,6,2,54,8,1985,1,28,6,1,6
2.02E+12,1,9,0,6,2,5,0,0,0,0,1,1,2,1,25,5,1686,2,5,10,2,10
2.02E+12,1,5,0,5,0,1,0,0,0,0,1,1,2,1,45,7,798,1,8,5,1,5
2.02E+12,1,11,0,4,2,2,0,0,0,0,0,1,6,1,71,10,9360,2,7,9,1,9
2.02E+12,1,9,0,9,0,5,0,0,0,0,1,1,6,2,57,9,1368,1,10,7,1,7
2.02E+12,1,9,0,9,0,8,0,0,0,0,1,1,2,1,72,10,2143,2,4,10,1,10
2.02E+12,1,9,0,9,0,5,0,0,0,0,1,1,6,1,65,9,1248,2,6,5,1,5
2.02E+12,2,3,0,18,0,1,5,0,0,0,1,1,1,1,49,8,114,1,3,4,1,4
2.02E+12,1,9,0,7,0,6,0,0,0,0,4,1,6,1,53,8,1968,2,2,3,1,3
2.02E+12,2,9,0,7,0,6,0,0,0,0,1,1,6,1,34,6,2993,2,4,5,1,5
2.02E+12,1,8,0,18,0,1,0,0,0,0,1,1,1,1,39,7,2402,2,14,5,1,5
2.02E+12,1,8,0,7,0,1,0,0,0,0,4,1,1,1,41,7,2183,2,7,2,1,2
2.02E+12,1,8,0,4,0,1,0,0,0,0,0,2,1,1,50,8,1497,8,9,3,1,3
2.02E+12,1,9,0,3,0,1,0,0,0,0,2,1,6,2,32,6,1796,1,12,2,1,2
2.02E+12,2,9,0,4,0,1,0,0,0,0,1,1,6,1,21,5,1998,1,15,3,1,3
2.02E+12,1,9,0,17,0,1,0,0,1,7,1,1,1,1,19,4,1242,1,9,4,1,4
2.02E+12,1,9,0,8,0,2,0,0,0,0,1,1,2,2,55,8,1397,1,15,6,1,6
2.02E+12,1,9,0,4,0,2,0,0,0,0,2,1,2,2,31,6,1587,1,13,2,1,2
2.02E+12,2,9,0,4,0,2,1,0,0,0,1,1,6,2,31,6,1998,1,12,5,1,5
2.02E+12,1,9,0,5,0,8,0,0,0,0,3,1,2,2,28,6,1968,2,10,9,1,9
2.02E+12,1,9,0,18,0,8,0,0,0,0,0,1,6,1,20,4,1796,2,4,4,1,4
2.02E+12,1,8,0,7,0,8,0,0,0,0,1,1,1,1,48,8,1997,2,3,2,1,2
2.02E+12,2,3,0,9,0,8,0,0,0,0,1,1,6,1,20,4,125,1,6,3,1,3
2.02E+12,1,11,0,18,0,1,0,0,0,0,0,1,6,1,66,10,6692,2,7,4,1,4
2.02E+12,2,9,0,11,0,1,0,0,0,0,0,1,6,1,68,10,1896,2,10,1,1,1
2.02E+12,1,9,0,18,0,1,0,0,0,0,1,1,6,1,54,8,1753,2,7,2,1,2
2.02E+12,1,19,0,3,0,1,0,0,0,0,1,1,1,1,38,7,2148,2,12,5,1,5
2.02E+12,1,19,0,18,0,4,0,0,0,0,3,1,1,1,42,7,2143,2,5,3,1,3
2.02E+12,1,9,0,5,0,2,2,10,7,10,4,1,6,2,52,8,1900,2,12,8,1,8
2.02E+12,1,9,0,7,0,6,0,0,0,0,3,1,2,1,53,8,2362,1,17,2,1,2
2.02E+12,1,19,0,18,0,1,0,10,1,2,1,1,2,1,23,5,1995,2,3,1,1,1
2.02E+12,1,9,0,18,0,1,0,0,0,0,1,1,2,1,45,7,1798,1,10,1,1,1
2.02E+12,1,9,0,3,0,1,0,0,0,0,2,1,6,2,46,8,1498,1,1,2,1,2
2.02E+12,2,9,0,18,0,1,0,4,0,0,1,1,2,1,54,8,2792,1,15,2,1,2
2.02E+12,1,9,0,4,0,1,0,0,0,0,1,1,6,1,51,8,1796,1,9,7,1,7
2.02E+12,2,9,0,4,0,1,0,0,0,0,2,1,6,1,50,8,1560,2,4,2,1,2
2.02E+12,1,9,0,4,0,2,0,0,0,0,1,1,3,2,40,7,1995,2,3,10,1,10
2.02E+12,2,9,5,4,0,2,0,0,0,0,1,1,6,1,28,6,1984,1,1,10,1,10
2.02E+12,3,9,0,4,0,2,0,0,0,0,2,1,6,2,36,7,1896,2,9,6,1,6
2.02E+12,1,9,0,7,0,8,0,0,0,0,0,2,6,1,41,7,1998,1,17,5,1,5
2.02E+12,1,5,0,18,0,8,0,0,0,0,1,1,2,1,54,8,1170,1,11,5,1,5
2.02E+12,1,9,0,9,0,8,0,0,0,0,1,1,6,1,45,7,1493,2,10,4,1,4
2.02E+12,1,19,0,5,0,1,0,0,0,0,2,1,1,1,51,8,2148,2,10,8,1,8
2.02E+12,2,11,0,14,0,2,0,4,0,0,4,1,1,2,59,9,4461,2,3,2,1,2
2.02E+12,1,9,0,5,0,2,0,0,0,0,3,1,6,2,58,9,1598,1,4,3,1,3