Accident_Index,Vehicle_Reference,Vehicle_Type,Towing_and_Articulation,Vehicle_Manoeuvre,Vehicle_Location-Restricted_Lane,Junction_Location,Skidding_and_Overturning,Hit_Object_in_Carriageway,Vehicle_Leaving_Carriageway,Hit_Object_off_Carriageway,1st_Point_of_Impact,Was_Vehicle_Left_Hand_Drive?,Journey_Purpose_of_Driver,Sex_of_Driver,Age_of_Driver,Age_Band_of_Driver,Engine_Capacity_(CC),Propulsion_Code,Age_of_Vehicle,Driver_IMD_Decile,Driver_Home_Area_Type,Vehicle_IMD_Decile
2.02E+12,2,3,0,16,0,8,0,0,0,0,1,1,2,1,22,5,108,1,3,2,1,2
2.02E+12,1,9,0,18,0,1,0,0,0,0,0,1,6,1,68,10,1995,2,9,5,1,5
2.02E+12,1,19,0,5,0,8,0,0,0,0,1,2,1,1,59,9,1248,2,2,2,1,2
2.02E+12,1,9,0,9,0,6,0,0,0,0,1,1,6,1,31,6,1598,1,3,3,1,3
2.02E+12,2,2,0,13,0,8,0,0,0,0,1,1,2,1,28,6,125,1,6,2,1,2
2.02E+12,1,11,0,5,0,6,0,0,0,0,0,1,6,2,37,7,6700,2,9,2,1,2
2.02E+12,1,9,0,5,0,2,0,0,0,0,1,1,6,2,28,6,1461,2,3,8,1,8
2.02E+12,2,11,0,3,0,5,0,0,0,0,1,1,1,1,43,7,4500,2,1,4,1,4
2.02E+12,3,9,0,18,0,5,0,0,0,0,4,1,1,1,41,7,5980,1,2,8,1,8
2.02E+12,1,9,0,4,0,1,0,0,0,0,1,1,6,1,76,11,1900,2,12,6,1,6
2.02E+12,1,9,0,18,0,8,0,0,0,0,1,1,1,1,21,5,1390,1,12,9,3,9
2.02E+12,2,9,0,3,0,2,0,0,0,0,2,1,6,1,39,7,2400,7,14,4,1,4
2.02E+12,3,9,0,3,0,2,0,0,0,0,2,1,6,2,19,4,998,1,5,5,1,5
2.02E+12,1,8,0,18,0,1,0,10,0,0,0,1,1,1,47,8,1997,2,8,2,1,2
2.02E+12,2,4,0,18,0,1,0,0,0,0,1,1,1,1,23,5,125,1,7,2,1,2
2.02E+12,1,9,0,9,0,1,0,0,0,0,1,1,6,1,32,6,1769,1,12,3,1,3
2.02E+12,2,2,0,14,0,1,0,0,0,0,1,1,1,1,25,5,108,1,6,4,1,4
2.02E+12,1,9,0,9,0,8,0,0,0,0,1,1,6,1,24,5,1461,2,6,4,1,4
2.02E+12,2,9,0,18,0,8,0,0,0,0,1,1,6,1,45,7,1598,1,12,2,1,2
2.02E+12,1,9,0,5,0,6,0,0,0,0,3,1,6,1,27,6,1598,1,5,6,1,6
2.02E+12,2,3,0,18,0,8,0,0,0,0,1,1,1,1,26,6,125,1,10,8,1,8
2.02E+12,1,9,0,18,0,1,0,0,0,0,2,1,6,2,21,5,1242,1,11,3,1,3
2.02E+12,2,9,0,18,0,1,1,11,0,0,1,2,6,1,37,7,1968,2,6,5,1,5
2.02E+12,3,9,0,18,0,1,1,11,0,0,3,1,6,1,21,5,1596,1,5,2,1,2
2.02E+12,4,9,0,18,0,1,0,0,0,0,1,1,6,1,34,6,1796,1,13,9,1,9
2.02E+12,1,9,0,18,0,2,0,0,0,0,3,1,6,1,45,7,1999,1,10,6,1,6
2.02E+12,1,11,0,18,0,1,0,0,0,0,3,1,1,1,26,6,4500,2,8,2,1,2
2.02E+12,2,9,0,18,0,1,1,0,0,0,3,1,6,1,49,8,2143,2,2,10,1,10
2.02E+12,3,8,0,18,0,1,0,0,0,0,4,1,1,1,28,6,1798,8,1,3,1,3
2.02E+12,1,2,0,14,0,1,5,0,0,0,3,1,6,1,17,4,125,1,7,1,1,1
2.02E+12,1,9,0,9,0,5,0,0,0,0,1,1,6,1,19,4,1461,2,1,1,1,1
2.02E+12,1,3,0,4,0,1,0,11,0,0,1,1,6,1,25,5,125,1,3,2,1,2
2.02E+12,2,9,0,9,0,6,0,11,0,0,1,1,6,1,47,8,1796,1,8,4,1,4
2.02E+12,1,9,0,17,0,5,0,0,0,0,1,1,6,1,33,6,1368,1,12,4,1,4
2.02E+12,1,9,0,18,0,1,0,0,0,0,1,1,6,1,74,10,1242,1,16,3,1,3
2.02E+12,1,11,0,4,0,1,0,0,0,0,0,1,1,1,52,8,6692,2,6,2,1,2
2.02E+12,1,9,0,18,0,2,0,0,0,0,1,1,2,1,44,7,1124,1,14,9,1,9
2.02E+12,1,9,0,18,0,1,0,0,0,0,1,1,6,1,26,6,1995,1,5,7,1,7
2.02E+12,1,8,0,9,0,1,0,0,0,0,3,1,6,1,39,7,1798,8,2,1,1,1
2.02E+12,2,9,0,18,0,8,0,0,0,0,1,1,1,2,20,4,1229,1,9,5,1,5
2.02E+12,1,9,0,5,0,3,0,0,0,0,1,1,6,1,60,9,1598,1,8,5,1,5
2.02E+12,2,4,0,18,0,3,0,0,0,0,1,1,1,1,31,6,249,1,8,5,1,5
2.02E+12,1,9,0,18,0,1,0,0,0,0,1,1,6,1,29,6,1388,1,15,3,1,3
2.02E+12,2,9,0,5,0,1,0,0,0,0,4,1,6,2,40,7,1360,1,12,3,1,3
2.02E+12,1,9,0,18,0,1,0,0,0,0,2,1,6,1,31,6,1796,1,8,9,1,9
2.02E+12,1,4,0,18,0,8,0,0,0,0,1,1,6,1,33,6,125,1,2,6,1,6
2.02E+12,1,9,0,5,0,4,0,0,0,0,1,1,6,1,25,5,1197,1,2,5,1,5
2.02E+12,2,9,0,5,0,4,0,0,0,0,2,1,6,2,36,7,1598,1,15,3,1,3
2.02E+12,1,9,0,9,0,8,0,0,0,0,1,1,6,1,66,10,1598,2,2,3,1,3
2.02E+12,1,9,0,10,0,1,0,0,0,0,3,1,6,1,29,6,2171,1,15,1,1,1
2.02E+12,2,3,0,18,0,2,0,0,0,0,3,1,6,1,51,8,125,1,15,2,1,2
2.02E+12,1,9,0,7,0,5,0,0,0,0,1,1,6,2,19,4,1229,1,8,4,1,4
2.02E+12,1,9,0,18,0,2,0,0,0,0,1,1,1,2,41,7,1598,2,2,4,1,4
2.02E+12,1,9,0,18,0,2,0,0,0,0,3,1,2,1,28,6,1364,1,1,2,1,2
2.02E+12,1,19,0,18,0,1,0,0,0,0,3,1,6,1,30,6,2198,2,4,2,1,2
2.02E+12,2,9,0,10,0,8,0,0,0,0,1,1,1,2,24,5,1461,2,2,3,1,3
2.02E+12,1,4,0,15,0,3,0,0,0,0,1,1,6,1,32,6,125,1,9,2,1,2
2.02E+12,2,9,0,18,0,3,0,0,0,0,4,1,6,2,55,8,1197,1,2,3,1,3
2.02E+12,1,9,0,4,0,1,0,0,0,0,2,1,6,2,39,7,1995,1,6,2,1,2
2.02E+12,2,9,0,18,0,1,0,0,0,0,1,1,6,1,26,6,1248,2,4,7,3,7
2.02E+12,1,11,0,5,0,2,0,0,0,0,0,1,1,1,41,7,6700,2,7,5,1,5
2.02E+12,1,9,0,18,0,8,0,0,0,0,2,1,6,1,51,8,1968,2,5,4,1,4
2.02E+12,2,9,0,18,0,8,0,0,0,0,1,1,6,1,30,6,1364,1,8,6,1,6
2.02E+12,1,9,0,18,2,1,0,0,0,0,1,1,6,1,42,7,493,1,3,4,1,4
2.02E+12,2,9,0,11,0,1,0,0,0,0,4,1,6,1,23,5,1995,2,3,9,1,9
2.02E+12,1,9,0,18,0,1,0,0,0,0,3,1,6,1,45,7,1998,2,10,2,1,2
2.02E+12,1,11,0,4,0,1,0,0,0,0,1,1,6,1,57,9,5132,2,1,6,1,6
2.02E+12,1,5,0,4,0,1,0,0,0,0,3,1,6,1,53,8,680,1,7,4,1,4
2.02E+12,1,9,0,9,0,2,0,0,0,0,3,1,6,1,38,7,1390,1,16,10,1,10
2.02E+12,1,2,0,14,0,1,0,0,0,0,4,1,1,1,28,6,124,1,5,4,1,4
2.02E+12,2,19,0,9,0,6,0,0,0,0,1,1,6,1,55,8,1686,2,13,2,1,2
2.02E+12,1,9,0,18,0,1,0,0,0,0,3,1,6,2,26,6,1399,2,7,3,1,3
2.02E+12,1,8,0,5,0,4,0,0,0,0,1,1,1,1,41,7,2143,2,2,2,1,2
2.02E+12,2,8,0,16,0,3,1,0,0,0,4,1,1,1,37,7,2143,2,5,6,1,6
2.02E+12,1,3,0,18,0,8,0,0,0,0,1,1,2,1,30,6,125,1,5,6,1,6
2.02E+12,2,9,0,10,0,8,0,0,0,0,3,1,6,1,27,6,1995,1,14,5,1,5
2.02E+12,1,9,0,18,0,1,0,7,0,0,1,1,6,1,83,11,2597,1,14,8,1,8
2.02E+12,1,11,0,4,0,1,0,0,0,0,1,1,1,1,46,8,6700,2,5,3,1,3
2.02E+12,1,9,0,9,0,5,0,0,0,0,1,1,6,1,26,6,999,1,1,1,1,1
2.02E+12,1,9,0,9,9,6,0,0,0,0,1,1,1,2,28,6,1598,1,13,7,1,7
2.02E+12,1,3,0,5,0,2,0,0,0,0,1,1,2,1,53,8,124,1,3,3,1,3
2.02E+12,1,9,0,9,0,1,0,0,0,0,1,1,2,1,33,6,1584,1,12,4,1,4
2.02E+12,2,3,0,18,2,8,2,0,1,0,1,1,2,1,30,6,125,1,1,8,1,8
2.02E+12,1,19,0,18,0,2,1,0,0,0,1,1,6,1,26,6,2461,2,7,2,1,2
2.02E+12,1,8,0,4,0,8,0,0,0,0,1,1,1,1,55,8,2499,2,2,7,1,7
2.02E+12,1,11,0,18,2,1,0,0,0,0,3,1,1,1,49,8,8268,2,14,4,1,4
2.02E+12,1,11,0,18,0,1,0,0,0,0,0,1,1,1,61,9,4500,2,1,3,1,3
2.02E+12,1,11,0,4,0,1,0,0,0,0,0,1,1,1,50,8,4500,2,2,2,1,2
2.02E+12,1,9,0,13,0,1,0,0,0,0,1,1,6,2,39,7,2993,2,7,5,1,5
2.02E+12,1,9,0,16,0,2,0,10,0,0,4,1,2,2,49,8,1596,1,12,4,1,4
2.02E+12,1,9,0,7,0,8,0,0,0,0,1,1,2,1,30,6,2204,2,12,4,1,4
2.02E+12,1,9,0,18,0,3,0,0,0,0,4,1,6,1,28,6,1998,1,10,3,1,3
2.02E+12,1,9,0,7,0,8,0,0,0,0,1,1,6,1,35,6,1968,2,3,5,1,5
2.02E+12,1,8,0,18,0,1,0,0,0,0,0,1,2,1,34,6,1797,8,7,2,1,2
2.02E+12,1,9,0,6,0,2,0,0,0,0,3,1,4,1,20,4,1596,1,12,2,1,2
2.02E+12,2,4,0,16,0,2,0,0,0,0,4,1,6,1,40,7,125,1,15,6,1,6
2.02E+12,1,9,0,9,0,8,0,0,0,0,1,1,2,2,27,6,1968,2,8,5,1,5
2.02E+12,1,9,0,9,7,5,0,0,0,0,1,1,6,2,35,6,1598,1,9,4,1,4
2.02E+12,1,11,0,18,0,1,0,0,0,0,1,1,1,1,48,8,4500,2,5,10,1,10
2.02E+12,2,9,0,10,0,1,0,0,0,0,3,1,6,2,25,5,1896,2,8,9,1,9
2.02E+12,1,8,0,18,0,1,0,0,0,0,1,1,2,1,73,10,2402,2,15,8,1,8
2.02E+12,1,19,0,9,0,1,0,0,0,0,3,1,1,1,62,9,1248,2,4,10,3,10
2.02E+12,2,5,0,13,0,1,1,0,0,0,1,1,2,2,32,6,1157,1,17,3,1,3
2.02E+12,1,10,0,5,0,1,0,0,0,0,4,1,1,1,23,5,2198,2,2,2,1,2
2.02E+12,1,5,0,18,0,2,0,0,0,0,1,1,6,1,49,8,600,1,17,5,1,5
2.02E+12,1,19,0,4,0,2,0,0,0,0,2,1,1,1,46,8,2143,2,5,3,1,3
2.02E+12,2,9,0,18,0,2,0,0,0,0,1,1,6,2,26,6,1240,1,14,4,1,4
2.02E+12,2,3,0,18,0,1,1,4,0,0,3,1,6,1,18,4,125,1,12,2,1,2
2.02E+12,3,9,0,9,0,1,0,0,0,0,2,1,6,2,26,6,1198,1,10,6,1,6
2.02E+12,2,8,0,9,0,8,0,0,0,0,1,1,1,1,47,8,1797,8,8,8,1,8
2.02E+12,1,9,0,14,0,1,0,0,0,0,1,1,6,2,27,6,1398,1,6,8,1,8
2.02E+12,1,9,0,5,0,1,0,0,0,0,1,1,2,1,43,7,1461,2,4,3,1,3
2.02E+12,1,8,0,7,0,1,0,0,0,0,1,1,6,1,48,8,1598,1,8,2,1,2
2.02E+12,2,3,0,4,0,1,0,0,0,0,2,1,6,1,26,6,124,1,4,3,1,3
2.02E+12,3,9,0,18,0,8,0,0,0,0,1,1,6,1,53,8,1598,2,1,4,1,4
2.02E+12,1,9,0,9,0,8,0,0,0,0,1,1,6,1,70,10,1242,1,19,3,1,3
2.02E+12,2,5,0,18,0,8,0,0,0,0,1,1,6,1,30,6,599,1,15,3,1,3
2.02E+12,1,11,0,18,0,1,0,0,0,0,1,2,6,1,56,9,4500,2,2,2,1,2
2.02E+12,1,9,0,18,0,1,1,0,0,0,1,1,1,2,27,6,1968,2,1,3,1,3
2.02E+12,2,9,0,1,0,7,0,0,0,0,2,1,6,1,45,7,6208,1,3,8,3,8
2.02E+12,1,8,0,4,0,2,0,0,0,0,2,1,6,1,31,6,1997,2,4,2,1,2
2.02E+12,1,3,0,18,6,2,0,0,0,0,1,1,2,1,34,6,108,1,2,4,1,4
2.02E+12,2,3,0,4,6,2,0,0,0,0,2,1,2,1,27,6,125,1,5,6,1,6
2.02E+12,3,9,0,6,0,8,0,0,0,0,0,1,6,1,41,7,1685,2,2,3,1,3
2.02E+12,1,9,0,18,0,1,0,0,0,0,1,1,6,1,21,5,1995,2,4,5,1,5
2.02E+12,1,5,0,13,0,1,0,0,0,0,2,1,6,1,56,9,996,1,9,4,1,4
2.02E+12,2,8,0,10,0,5,0,0,0,0,2,1,6,1,50,8,2499,2,2,2,1,2
2.02E+12,1,9,0,18,0,8,0,0,0,0,1,1,1,1,31,6,1968,2,3,4,1,4
2.02E+12,1,19,0,15,0,2,0,0,0,0,1,1,2,1,51,8,1995,2,7,3,1,3
2.02E+12,2,9,0,7,0,6,0,0,0,0,1,1,6,1,26,6,1999,2,1,1,1,1
2.02E+12,1,9,0,7,0,8,0,11,0,0,1,2,6,1,33,6,1798,1,11,4,1,4
2.02E+12,2,9,0,18,0,8,0,11,0,0,1,1,6,1,67,10,2987,2,7,8,1,8
2.02E+12,1,4,0,11,0,1,0,0,0,0,4,1,2,1,30,6,125,1,6,6,1,6
2.02E+12,2,19,0,12,0,1,0,0,0,0,3,1,1,1,56,9,1870,2,14,8,1,8
2.02E+12,1,9,0,18,0,2,0,0,0,0,1,1,2,1,37,7,1995,2,7,10,1,10
2.02E+12,1,9,0,9,0,5,0,0,0,0,1,1,6,2,59,9,1598,1,10,3,1,3
2.02E+12,1,9,0,5,0,1,0,0,0,0,1,1,6,2,29,6,1499,2,4,2,1,2
2.02E+12,1,19,0,6,0,2,0,0,0,0,3,1,1,1,31,6,1560,2,2,7,1,7
2.02E+12,1,9,0,9,0,6,0,0,0,0,3,1,1,1,44,7,1598,1,6,3,1,3
2.02E+12,1,9,0,10,0,6,0,0,0,0,3,1,6,2,28,6,1390,1,16,5,1,5
2.02E+12,1,9,0,7,0,5,0,10,1,0,3,1,6,1,48,8,1968,2,4,9,1,9
2.02E+12,2,21,1,16,0,1,0,0,0,0,1,1,1,1,20,4,12740,2,4,5,1,5
2.02E+12,1,2,0,18,0,8,0,11,0,0,3,1,1,1,17,4,49,1,2,4,1,4
2.02E+12,1,90,0,14,0,1,0,0,0,0,4,1,1,1,33,6,6370,2,10,5,1,5
2.02E+12,2,9,0,15,0,1,0,0,0,0,1,1,6,1,65,9,1398,1,1,4,1,4
2.02E+12,1,8,0,9,0,8,0,0,0,0,4,1,1,1,51,8,1968,2,2,9,1,9
2.02E+12,1,9,0,9,0,2,0,0,1,0,2,1,6,2,81,11,1242,1,17,4,1,4
2.02E+12,2,21,4,9,0,6,0,0,0,0,1,1,1,1,63,9,7698,2,3,9,1,9
2.02E+12,2,11,0,9,2,8,0,0,0,0,1,1,1,1,59,9,6700,2,5,3,1,3
2.02E+12,1,9,0,4,0,1,0,0,0,0,1,1,6,1,30,6,1598,1,18,6,1,6
2.02E+12,1,9,0,18,0,1,0,0,0,0,1,1,4,1,41,7,1956,2,7,3,1,3
2.02E+12,1,9,0,18,0,1,0,0,0,0,1,1,6,1,22,5,1461,2,11,9,1,9
2.02E+12,2,4,0,18,0,1,1,0,0,0,1,1,6,1,60,9,125,1,11,9,1,9
2.02E+12,2,9,0,17,0,1,0,0,0,0,2,1,6,1,24,5,1390,1,12,5,1,5
2.02E+12,3,9,0,17,0,1,0,0,0,0,2,1,6,2,47,8,1596,1,9,2,1,2
2.02E+12,4,3,0,17,0,1,0,0,0,0,2,1,6,1,24,5,125,1,1,2,1,2
2.02E+12,1,9,0,9,0,1,0,0,0,0,1,1,6,1,34,6,1596,1,4,6,1,6
2.02E+12,2,3,0,18,0,1,0,0,0,0,1,1,6,1,32,6,124,1,10,5,1,5
2.02E+12,1,9,0,18,0,5,0,0,0,0,2,1,6,2,31,6,2231,2,6,7,1,7
2.02E+12,3,9,0,18,0,5,1,0,0,0,1,1,2,2,43,7,973,1,15,8,1,8
2.02E+12,1,9,0,5,0,4,0,0,0,0,1,1,2,1,30,6,1998,2,9,10,1,10
2.02E+12,2,9,0,5,0,8,0,7,0,0,1,1,2,2,22,5,1368,1,11,7,1,7
2.02E+12,1,9,0,17,0,6,0,0,0,0,3,1,6,1,55,8,1364,1,1,9,1,9
2.02E+12,2,9,0,18,0,1,0,0,0,0,1,1,6,2,52,8,1998,1,13,8,1,8
2.02E+12,1,9,0,18,0,1,0,0,0,0,1,1,6,1,31,6,1598,1,6,10,1,10
2.02E+12,1,9,0,5,0,1,0,4,0,0,1,1,6,1,33,6,2143,2,5,3,1,3
2.02E+12,2,9,0,4,0,1,0,0,0,0,2,1,1,1,42,7,999,1,1,10,1,10
2.02E+12,3,9,0,4,0,1,0,0,0,0,2,1,1,2,39,7,1796,1,10,2,1,2
2.02E+12,4,9,0,3,0,1,0,0,0,0,2,1,6,2,26,6,1390,1,3,8,1,8
2.02E+12,1,9,0,4,0,2,1,0,0,0,1,1,6,1,23,5,1598,1,9,2,1,2
2.02E+12,2,9,0,4,0,2,0,0,0,0,2,1,6,1,32,6,1560,2,6,4,1,4
2.02E+12,1,9,0,1,8,6,0,0,1,0,2,1,6,2,53,8,1242,1,3,8,1,8
2.02E+12,2,9,0,18,0,7,0,0,0,0,3,1,6,2,35,6,1969,2,1,5,1,5
2.02E+12,1,9,0,3,0,8,0,0,0,0,0,1,6,2,49,8,1598,1,8,9,1,9
2.02E+12,2,3,0,18,0,8,0,0,0,0,1,1,6,1,90,11,89,1,32,10,1,10
2.02E+12,1,19,0,5,0,6,0,0,0,0,3,1,1,1,42,7,1598,2,1,3,1,3
2.02E+12,2,9,0,18,0,1,0,0,0,0,1,1,1,1,36,7,1560,2,3,10,1,10
2.02E+12,2,9,0,5,0,2,0,0,0,0,0,1,6,2,27,6,1242,1,7,7,1,7
2.02E+12,1,9,0,3,0,1,0,0,0,0,2,1,6,2,51,8,1200,1,2,2,1,2
2.02E+12,1,9,0,11,0,1,0,0,0,0,4,1,6,2,67,10,1364,1,9,7,1,7
2.02E+12,1,9,0,5,0,1,0,0,0,0,1,1,6,1,30,6,2996,1,1,7,1,7
2.02E+12,1,9,0,9,0,1,0,0,0,0,1,1,6,2,48,8,1199,1,15,1,1,1
2.02E+12,1,4,0,3,0,1,2,0,0,0,2,1,6,1,56,9,652,1,5,7,1,7
2.02E+12,2,9,0,18,0,1,0,0,0,0,1,1,6,1,32,6,1499,1,1,7,1,7
2.02E+12,1,11,0,18,0,6,0,0,0,0,0,1,1,1,42,7,4500,2,2,2,1,2
2.02E+12,1,11,0,18,2,8,0,0,0,0,0,1,1,1,43,7,4500,2,2,3,1,3
2.02E+12,1,3,0,13,0,1,0,0,0,0,4,1,6,1,44,7,124,1,4,4,1,4
2.02E+12,2,9,0,18,0,1,0,0,0,0,3,1,6,2,47,8,1998,1,3,9,1,9
2.02E+12,1,8,0,9,0,8,0,0,0,0,1,1,1,1,52,8,1797,8,5,6,1,6
2.02E+12,1,9,0,18,0,1,0,0,7,10,1,1,2,1,55,8,1596,1,12,9,1,9
2.02E+12,2,9,0,18,0,1,1,0,0,0,3,1,6,2,52,8,1364,1,10,4,1,4
2.02E+12,1,9,0,18,0,8,0,4,0,0,1,1,6,2,65,9,1248,1,5,5,1,5
2.02E+12,1,9,0,9,0,8,0,0,0,0,1,1,2,1,55,8,1995,1,8,8,1,8
2.02E+12,1,9,0,6,0,1,0,0,0,0,3,1,6,1,29,6,998,1,16,4,2,4
2.02E+12,2,3,0,14,0,1,0,0,0,0,1,1,6,1,25,5,108,1,3,4,1,4
2.02E+12,1,9,0,10,0,1,0,0,0,0,3,1,6,2,23,5,2143,2,7,4,1,4
2.02E+12,2,9,0,13,0,1,1,0,1,0,3,1,6,1,18,4,1364,1,9,4,1,4
2.02E+12,2,9,0,7,0,1,0,0,1,0,4,1,1,1,33,6,1995,2,10,1,1,1
2.02E+12,1,9,0,5,0,6,0,0,0,0,3,1,6,1,35,6,1596,1,15,7,1,7
2.02E+12,2,4,0,18,0,8,0,0,0,0,4,1,6,1,45,7,650,1,15,9,1,9
2.02E+12,1,9,0,5,0,2,0,0,0,0,3,1,2,2,43,7,998,1,3,6,1,6
2.02E+12,1,9,0,18,0,2,0,0,0,0,1,1,6,1,60,9,1242,1,10,5,1,5
2.02E+12,1,2,0,18,0,3,0,0,0,0,1,1,6,1,22,5,125,1,9,2,1,2
2.02E+12,2,9,0,18,0,3,0,0,0,0,1,1,6,1,20,4,1995,2,3,3,1,3
2.02E+12,1,9,0,18,0,8,0,0,1,2,1,1,1,2,38,7,1560,2,3,7,1,7
2.02E+12,2,9,0,18,0,8,0,0,1,10,4,1,6,1,22,5,1596,1,11,4,1,4
2.02E+12,1,9,0,9,0,6,0,0,0,0,3,1,6,1,47,8,2143,2,6,3,1,3
2.02E+12,2,9,0,18,0,1,1,0,0,0,1,1,6,1,24,5,999,1,1,2,1,2
2.02E+12,1,9,0,18,0,8,0,0,0,0,1,1,2,1,46,8,1997,2,13,5,1,5
2.02E+12,2,9,0,18,0,8,0,0,0,0,1,1,6,1,18,4,1956,2,2,2,1,2
2.02E+12,3,9,0,7,0,6,0,0,0,0,0,1,1,1,32,6,1995,2,2,7,1,7
2.02E+12,1,3,0,18,0,8,0,0,0,0,1,1,6,1,18,4,124,1,9,5,1,5
2.02E+12,2,9,0,9,0,2,0,0,0,0,1,1,6,1,25,5,1598,1,9,6,1,6
2.02E+12,1,8,0,18,0,1,0,0,0,0,1,1,1,1,39,7,1339,8,7,1,1,1
2.02E+12,2,8,0,9,0,6,0,0,0,0,0,1,1,1,32,6,1798,8,2,2,1,2
2.02E+12,1,3,0,18,9,5,0,0,0,0,1,1,1,1,30,6,125,1,7,2,1,2
2.02E+12,2,9,0,18,0,6,0,0,0,0,1,1,6,1,19,4,1600,1,12,2,1,2
2.02E+12,1,9,0,18,0,1,0,0,0,0,1,1,6,1,19,4,1339,1,5,4,1,4
2.02E+12,1,9,0,1,0,1,0,0,0,0,2,1,2,2,42,7,1339,1,11,9,1,9
2.02E+12,2,9,0,1,0,1,0,0,0,0,1,1,2,2,54,8,1461,2,6,7,1,7
2.02E+12,1,9,0,4,0,8,0,0,0,0,1,1,6,1,38,7,1197,1,5,2,1,2
2.02E+12,1,9,0,9,0,6,0,0,0,0,1,1,1,2,43,7,1997,2,8,10,1,10
2.02E+12,1,11,0,18,0,8,0,0,0,0,0,1,1,1,47,8,7300,2,12,6,1,6
2.02E+12,1,9,0,18,0,1,0,0,0,0,1,1,6,1,39,7,1798,8,4,2,1,2
2.02E+12,3,9,0,3,0,1,0,0,0,0,2,1,6,2,33,6,1986,2,9,2,1,2
2.02E+12,1,9,0,9,0,8,0,0,0,0,2,1,3,2,46,8,1870,2,10,7,1,7
2.02E+12,2,19,0,4,0,8,0,0,0,0,1,1,1,1,43,7,2143,2,4,3,1,3
2.02E+12,1,9,0,18,0,1,0,0,0,0,1,1,1,2,26,6,1596,1,13,7,1,7
2.02E+12,2,9,0,9,0,1,0,0,0,0,2,1,3,2,42,7,1598,1,5,6,1,6
2.02E+12,1,9,0,18,0,1,0,0,0,0,2,1,6,1,30,6,1798,1,15,7,1,7
2.02E+12,1,8,0,8,0,1,0,0,0,0,0,2,1,1,55,8,2148,2,8,9,1,9
2.02E+12,1,9,0,3,0,8,0,0,0,0,2,1,6,1,37,7,1988,2,11,5,1,5
2.02E+12,2,9,0,3,0,8,0,0,0,0,2,1,1,1,35,6,999,1,2,6,1,6
2.02E+12,3,9,0,18,0,8,0,0,0,0,1,1,6,2,52,8,1124,1,26,6,1,6
2.02E+12,1,9,0,7,0,8,0,0,0,0,3,1,6,2,34,6,1998,1,12,3,1,3
2.02E+12,1,9,0,5,9,1,0,0,0,0,1,1,6,2,50,8,1240,1,14,3,1,3
2.02E+12,1,9,0,5,0,1,0,0,0,0,4,1,6,1,39,7,2967,2,10,4,1,4
2.02E+12,1,5,0,4,0,1,2,0,0,0,0,1,6,2,31,6,645,1,8,1,1,1
2.02E+12,1,9,0,9,0,8,0,0,0,0,1,1,6,1,37,7,1995,2,9,7,1,7
2.02E+12,1,9,0,4,0,1,0,0,0,0,2,1,2,2,46,8,2143,12,3,6,1,6
2.02E+12,2,4,0,5,0,1,0,0,0,0,1,1,2,1,50,8,125,1,2,3,1,3
2.02E+12,1,9,0,3,0,2,0,0,0,0,1,1,6,1,49,8,1796,1,11,4,1,4
2.02E+12,2,11,0,18,0,2,0,0,0,0,2,1,1,1,37,7,6692,2,6,3,1,3
2.02E+12,2,9,0,9,0,8,0,0,1,0,3,1,2,2,31,6,998,1,3,8,1,8
2.02E+12,1,9,0,18,0,8,0,0,0,0,1,1,6,2,38,7,1329,1,8,5,1,5
2.02E+12,2,19,0,18,0,8,0,0,0,0,1,1,2,1,27,6,1560,2,6,3,1,3
2.02E+12,1,9,0,14,0,1,0,0,0,0,4,1,6,1,32,6,1997,2,5,7,3,7
2.02E+12,2,9,0,9,0,8,0,0,0,0,1,1,6,1,45,7,1997,2,7,3,1,3
2.02E+12,1,3,0,18,0,8,5,0,0,0,1,1,6,2,41,7,113,1,2,4,1,4
2.02E+12,1,3,0,18,0,1,1,0,7,4,3,1,6,1,19,4,125,1,1,2,1,2
2.02E+12,2,9,0,9,0,8,0,0,0,0,0,1,6,2,24,5,1997,2,4,2,1,2
2.02E+12,1,9,0,18,0,1,0,0,0,0,1,1,2,2,53,8,1197,1,2,10,1,10
2.02E+12,1,9,0,8,0,3,0,0,0,0,0,1,3,1,28,6,1796,1,11,2,1,2
2.02E+12,2,9,0,7,0,3,0,0,0,0,1,1,1,1,23,5,1598,1,4,3,1,3
2.02E+12,1,9,0,18,0,2,0,0,0,0,1,1,6,2,27,6,1242,1,9,3,1,3
2.02E+12,2,9,0,12,0,2,0,0,0,0,1,1,6,2,50,8,1998,1,11,2,1,2
2.02E+12,1,9,0,16,0,3,0,0,0,0,1,1,2,1,55,8,2488,2,10,7,1,7
2.02E+12,1,9,0,18,0,2,1,0,0,0,1,1,6,2,51,8,1242,1,4,9,1,9
2.02E+12,2,9,0,18,0,1,1,0,7,0,1,1,6,1,23,5,1995,2,9,3,1,3
2.02E+12,1,9,0,9,0,5,0,0,0,0,1,1,1,1,23,5,1598,1,13,8,1,8
2.02E+12,1,8,0,4,0,1,0,0,0,0,3,1,1,1,41,7,1560,2,5,4,1,4
2.02E+12,2,19,0,18,0,1,0,0,0,0,1,1,1,1,61,9,1461,2,2,7,1,7
2.02E+12,1,9,0,18,0,1,0,0,0,0,4,1,6,1,42,7,1591,1,1,2,1,2
2.02E+12,1,9,0,9,0,6,0,0,0,0,1,1,2,2,64,9,1390,1,10,3,1,3
2.02E+12,2,5,0,4,0,1,2,0,0,0,0,1,2,1,52,8,599,1,17,9,1,9