Accident_Index,Vehicle_Reference,Vehicle_Type,Towing_and_Articulation,Vehicle_Manoeuvre,Vehicle_Location-Restricted_Lane,Junction_Location,Skidding_and_Overturning,Hit_Object_in_Carriageway,Vehicle_Leaving_Carriageway,Hit_Object_off_Carriageway,1st_Point_of_Impact,Was_Vehicle_Left_Hand_Drive?,Journey_Purpose_of_Driver,Sex_of_Driver,Age_of_Driver,Age_Band_of_Driver,Engine_Capacity_(CC),Propulsion_Code,Age_of_Vehicle,Driver_IMD_Decile,Driver_Home_Area_Type,Vehicle_IMD_Decile
2.02E+12,1,3,0,13,0,1,5,0,0,0,1,1,6,1,30,6,125,1,2,8,1,8
2.02E+12,1,8,0,18,0,1,0,0,0,0,4,1,1,1,43,7,2776,2,1,2,1,2
2.02E+12,1,9,0,5,0,4,0,0,0,0,3,1,2,1,39,7,1995,2,7,10,1,10
2.02E+12,1,9,0,16,0,1,0,0,0,0,1,1,3,1,43,7,1968,2,4,4,1,4
2.02E+12,1,3,0,13,0,1,0,0,0,0,1,1,1,1,23,5,109,1,3,7,1,7
2.02E+12,1,9,0,9,3,1,0,0,0,0,1,1,3,1,41,7,1596,1,16,4,1,4
2.02E+12,1,9,0,18,0,3,1,0,0,0,4,1,1,1,26,6,999,1,10,4,1,4
2.02E+12,2,19,0,18,0,4,0,0,0,0,1,1,2,1,37,7,1560,2,4,4,1,4
2.02E+12,1,9,0,9,0,8,0,0,0,0,0,1,6,2,58,9,1248,1,6,9,1,9
2.02E+12,2,5,0,18,0,8,1,10,0,0,0,1,6,1,25,5,649,1,1,8,1,8
2.02E+12,1,8,0,9,0,6,0,0,0,0,1,1,1,1,39,7,1798,8,5,2,1,2
2.02E+12,1,9,0,18,0,5,0,0,0,0,1,1,6,2,60,9,1240,1,8,6,1,6
2.02E+12,1,11,0,18,0,2,0,0,0,0,4,1,1,1,47,8,3900,2,14,2,1,2
2.02E+12,1,11,0,18,0,1,0,0,0,0,1,1,1,1,31,6,6700,2,8,3,1,3
2.02E+12,2,8,0,18,0,2,1,0,0,0,4,1,1,1,44,7,1968,2,6,5,1,5
2.02E+12,1,3,0,18,0,2,2,0,0,0,0,1,6,1,24,5,125,1,1,9,1,9
2.02E+12,2,8,0,6,0,2,0,0,0,0,0,1,1,1,34,6,1797,8,6,3,1,3
2.02E+12,1,9,0,18,0,2,0,0,0,0,1,1,6,2,79,11,1791,8,6,9,1,9
2.02E+12,1,9,0,18,0,8,0,0,0,0,1,1,6,1,35,6,2035,1,11,8,1,8
2.02E+12,2,20,0,5,0,8,0,0,0,0,1,1,1,1,33,6,5880,2,3,3,1,3
2.02E+12,1,9,0,18,0,5,0,0,0,0,1,1,6,2,65,9,1390,1,8,3,1,3
2.02E+12,1,8,0,18,0,2,0,0,0,0,1,1,6,1,48,8,1997,2,6,4,1,4
2.02E+12,2,19,0,4,0,1,0,0,0,0,2,1,6,1,46,8,1560,2,2,4,1,4
2.02E+12,1,9,0,3,0,1,0,0,0,0,2,1,6,1,47,8,1598,1,11,5,1,5
2.02E+12,2,9,0,4,0,1,0,0,0,0,1,1,6,1,37,7,2967,2,5,7,1,7
2.02E+12,1,9,0,18,0,8,1,0,0,0,1,1,6,1,25,5,2993,2,10,2,1,2
2.02E+12,2,9,0,18,0,8,1,10,1,0,3,2,6,1,31,6,1995,2,12,4,1,4
2.02E+12,1,8,0,9,0,8,0,0,0,0,2,1,6,1,30,6,1598,2,1,8,1,8
2.02E+12,1,11,0,5,0,1,0,0,0,0,3,1,1,1,41,7,4500,2,2,4,1,4
2.02E+12,1,9,0,3,0,1,0,4,0,0,3,1,6,2,32,6,1598,1,10,3,1,3
2.02E+12,2,9,0,9,0,4,0,0,0,0,1,1,6,2,39,7,1868,2,15,7,3,7
2.02E+12,1,9,0,18,0,2,0,0,0,0,1,1,6,1,48,8,1995,1,14,5,1,5
2.02E+12,1,9,0,17,0,2,0,0,0,0,1,1,6,1,54,8,2179,2,7,4,1,4
2.02E+12,1,9,0,4,0,2,0,0,0,0,3,1,6,1,28,6,2204,2,10,4,1,4
2.02E+12,2,9,0,18,0,1,0,0,0,0,1,1,6,2,39,7,1598,1,4,4,1,4
2.02E+12,1,9,0,18,0,1,0,0,0,0,1,1,6,1,30,6,1796,1,11,3,1,3
2.02E+12,1,9,0,3,0,1,0,0,0,0,1,1,6,1,33,6,1956,2,7,3,1,3
2.02E+12,1,9,0,7,2,1,0,0,0,0,1,1,6,2,46,8,2499,2,14,2,1,2
2.02E+12,1,9,0,9,4,2,0,0,0,0,1,1,6,1,64,9,999,1,4,5,1,5
2.02E+12,1,11,0,16,0,1,0,0,0,0,1,1,1,2,46,8,6700,2,5,6,1,6
2.02E+12,1,9,0,3,0,1,0,0,0,0,2,1,6,1,45,7,1950,2,1,2,1,2
2.02E+12,1,9,0,18,0,8,0,0,0,0,1,1,6,1,38,7,2926,2,15,2,1,2
2.02E+12,2,9,0,18,0,8,0,0,0,0,4,1,6,1,36,7,1798,1,6,2,1,2
2.02E+12,1,11,0,18,0,4,0,0,0,0,0,1,3,1,27,6,4500,2,5,4,1,4
2.02E+12,2,9,0,18,0,4,1,0,0,0,0,1,6,1,30,6,1197,1,2,2,1,2
2.02E+12,3,9,0,18,0,4,0,0,3,0,1,1,6,1,70,10,1798,1,7,3,1,3
2.02E+12,1,9,0,18,0,3,0,0,0,0,1,1,6,2,45,7,1388,1,8,3,1,3
2.02E+12,1,11,0,9,0,3,0,0,0,0,0,1,1,1,55,8,6692,2,7,4,1,4
2.02E+12,1,9,0,18,0,1,0,0,0,0,1,1,6,1,47,8,1461,2,5,3,1,3
2.02E+12,1,19,0,18,6,2,0,0,0,0,0,1,6,1,33,6,1995,2,10,5,1,5
2.02E+12,2,4,0,18,0,2,1,0,0,0,0,1,6,1,18,4,108,1,6,2,1,2
2.02E+12,1,11,0,18,0,1,0,0,0,0,0,1,1,1,55,8,4500,2,3,2,1,2
2.02E+12,1,9,0,9,0,2,0,0,0,0,3,1,6,1,38,7,1360,1,19,5,1,5
2.02E+12,1,3,0,13,0,8,1,0,0,0,1,1,6,1,18,4,125,1,9,2,1,2
2.02E+12,2,9,0,9,0,8,0,0,0,0,3,1,6,1,51,8,647,8,2,6,1,6
2.02E+12,1,9,0,17,0,1,0,0,0,0,4,1,6,1,26,6,2979,1,1,5,1,5
2.02E+12,1,8,0,18,0,1,0,0,0,0,3,1,1,1,28,6,1968,2,5,4,1,4
2.02E+12,1,9,0,18,0,1,0,0,7,10,1,1,6,1,48,8,1995,2,14,1,1,1
2.02E+12,2,8,0,7,0,6,0,0,0,0,1,2,1,1,34,6,1956,2,5,1,1,1
2.02E+12,1,9,0,9,0,5,0,0,0,0,0,1,2,2,56,9,1560,2,11,2,1,2
2.02E+12,2,3,0,18,0,1,1,0,0,0,0,1,1,1,28,6,125,1,7,2,1,2
2.02E+12,1,9,0,9,0,5,0,0,0,0,3,1,6,1,30,6,1587,1,16,7,1,7
2.02E+12,2,3,0,13,0,1,0,0,0,0,1,1,1,1,35,6,108,1,2,2,1,2
2.02E+12,2,9,0,9,0,8,0,0,0,0,2,1,6,1,26,6,2996,1,12,3,1,3
2.02E+12,1,8,0,18,0,1,0,0,0,0,1,1,6,1,70,10,2776,2,2,10,1,10
2.02E+12,2,9,0,18,0,1,0,0,0,0,2,1,6,2,37,7,1390,1,16,4,1,4
2.02E+12,3,9,0,18,0,1,0,0,0,0,0,1,6,1,34,6,1560,2,12,4,1,4
2.02E+12,1,9,0,5,0,2,0,0,0,0,1,1,6,1,34,6,2993,2,4,3,1,3
2.02E+12,2,9,0,14,0,2,0,0,0,0,1,1,6,1,28,6,1598,1,4,4,1,4
2.02E+12,1,9,0,15,0,8,1,11,0,0,1,1,6,1,25,5,3799,1,1,4,1,4
2.02E+12,2,9,0,15,0,1,0,0,0,0,2,1,6,2,35,6,1992,2,12,4,1,4
2.02E+12,2,8,0,6,0,8,0,0,0,0,1,2,6,1,27,6,1968,2,4,7,1,7
2.02E+12,1,9,0,17,0,1,0,10,1,7,1,1,6,1,34,6,2979,1,5,3,1,3
2.02E+12,1,9,0,18,0,1,1,7,0,0,1,1,6,1,21,5,1595,1,8,7,1,7
2.02E+12,1,9,0,5,0,8,0,0,0,0,1,1,6,2,21,5,998,1,4,5,1,5
2.02E+12,1,8,0,6,0,8,0,0,0,0,1,1,1,1,36,7,1997,2,4,3,1,3
2.02E+12,2,8,0,18,0,8,0,0,0,0,4,1,1,1,44,7,2499,2,3,3,1,3
2.02E+12,1,9,0,9,0,1,1,0,0,0,1,1,6,1,28,6,2979,1,2,3,1,3
2.02E+12,2,9,0,18,0,2,0,0,0,0,1,1,6,1,29,6,2401,2,14,3,1,3
2.02E+12,1,9,0,18,0,2,1,0,0,0,1,1,6,2,54,8,1598,2,6,6,1,6
2.02E+12,2,19,0,9,0,2,0,0,0,0,1,1,6,1,43,7,1248,2,9,2,1,2
2.02E+12,1,9,0,12,0,1,1,0,7,10,1,1,6,1,24,5,1596,1,1,2,1,2
2.02E+12,2,8,0,9,0,1,0,0,0,0,1,1,1,1,51,8,1968,2,2,9,1,9
2.02E+12,1,9,0,9,0,1,0,0,0,0,1,1,6,1,55,8,1798,1,10,1,1,1
2.02E+12,1,8,0,18,0,1,0,4,0,0,1,1,1,2,41,7,1798,8,3,3,1,3
2.02E+12,1,9,0,9,0,5,0,0,0,0,1,1,2,2,19,4,998,1,1,2,1,2
2.02E+12,1,11,0,4,2,1,0,0,0,0,4,1,1,2,64,9,9360,2,8,3,1,3
2.02E+12,1,9,0,18,0,1,0,0,0,0,1,1,6,1,28,6,1910,2,9,4,1,4
2.02E+12,1,9,0,4,0,8,0,0,0,0,1,1,6,1,36,7,1689,2,13,6,1,6
2.02E+12,2,9,0,9,0,8,0,0,0,0,4,1,6,2,25,5,1598,1,13,4,1,4
2.02E+12,1,8,0,5,0,4,0,0,0,0,1,1,1,1,29,6,1997,2,6,2,1,2
2.02E+12,2,9,0,3,0,4,0,0,0,0,2,1,6,2,47,8,1229,1,7,2,1,2
2.02E+12,1,3,0,17,0,8,0,0,0,0,4,1,1,1,17,4,102,1,10,3,1,3
2.02E+12,2,8,0,5,0,4,0,0,0,0,1,1,1,1,57,9,1910,2,8,4,1,4
2.02E+12,1,9,0,18,0,8,0,0,0,0,1,1,6,1,33,6,2401,2,12,2,1,2
2.02E+12,2,9,0,4,0,1,0,0,0,0,2,1,6,2,43,7,1968,2,11,2,1,2
2.02E+12,3,9,0,4,0,1,0,0,0,0,1,1,6,1,18,4,1799,1,11,2,1,2
2.02E+12,1,9,0,18,0,2,0,0,0,0,1,1,6,1,23,5,998,1,4,4,1,4
2.02E+12,2,9,0,3,0,2,0,0,0,0,2,1,6,1,50,8,1998,1,20,2,1,2
2.02E+12,2,9,0,8,0,1,0,0,0,0,1,1,6,1,31,6,1596,1,12,2,1,2
2.02E+12,1,9,0,5,0,8,0,0,0,0,1,1,6,2,31,6,1798,8,4,2,1,2
2.02E+12,1,9,0,18,0,1,0,0,0,0,4,1,2,2,53,8,1968,2,2,6,1,6
2.02E+12,2,9,0,9,0,8,0,0,0,0,3,1,2,1,24,5,1229,1,4,3,1,3
2.02E+12,1,9,0,12,0,1,1,0,0,0,1,1,6,2,86,11,1339,1,12,5,3,5
2.02E+12,2,9,0,4,0,1,0,0,0,0,2,1,6,1,49,8,1499,2,2,4,1,4
2.02E+12,3,9,0,4,0,1,0,0,0,0,2,1,6,1,37,7,1997,2,2,10,1,10
2.02E+12,1,3,0,17,0,8,0,0,0,0,1,1,6,1,18,4,124,1,4,3,1,3
2.02E+12,2,9,0,10,0,8,0,0,0,0,3,1,6,1,46,8,1598,1,9,10,1,10
2.02E+12,1,9,0,3,0,1,0,0,0,0,2,1,6,2,27,6,1296,1,11,2,1,2
2.02E+12,2,9,0,5,0,1,0,0,0,0,1,1,6,1,34,6,2143,2,2,2,1,2
2.02E+12,1,9,0,18,0,8,0,0,0,0,1,1,6,2,59,9,1560,2,1,4,1,4
2.02E+12,2,8,0,9,0,8,0,0,0,0,2,1,1,1,29,6,1797,8,5,2,1,2
2.02E+12,1,9,0,9,0,8,0,0,0,0,3,1,6,1,33,6,1998,1,14,2,1,2
2.02E+12,2,2,0,13,0,8,1,10,7,0,1,1,6,1,16,4,49,1,8,2,1,2
2.02E+12,2,9,0,18,0,4,0,0,0,0,1,1,6,1,19,4,1598,1,13,5,1,5
2.02E+12,1,3,0,18,0,1,1,0,0,0,2,1,1,1,19,4,125,1,5,2,1,2
2.02E+12,1,9,0,4,0,1,0,0,0,0,2,1,6,2,32,6,1398,1,1,9,1,9
2.02E+12,2,9,0,18,0,1,0,0,0,0,1,1,6,1,20,4,1995,1,11,5,1,5
2.02E+12,1,3,0,15,0,2,0,0,0,0,1,1,2,1,23,5,125,1,3,5,1,5
2.02E+12,1,9,0,17,0,1,0,0,0,0,1,1,6,2,29,6,1796,1,14,2,1,2
2.02E+12,1,90,0,18,0,1,0,0,0,0,3,1,1,1,42,7,6370,2,12,3,1,3
2.02E+12,1,9,0,18,0,1,0,0,0,0,3,1,6,1,28,6,1597,1,20,2,1,2
2.02E+12,1,8,0,5,0,8,0,0,0,0,1,1,1,1,57,9,1461,2,5,2,1,2
2.02E+12,2,9,0,9,0,8,0,0,0,0,4,1,6,1,22,5,1598,1,11,4,1,4
2.02E+12,1,9,0,4,0,2,0,0,0,0,2,1,2,1,47,8,1995,2,12,3,1,3
2.02E+12,2,9,0,4,0,2,0,4,0,0,1,1,2,1,44,7,1299,1,15,1,1,1
2.02E+12,3,9,0,4,0,2,0,4,0,0,1,1,2,1,28,6,1395,1,3,3,1,3
2.02E+12,1,9,0,9,0,8,0,0,1,0,4,1,6,2,43,7,3125,2,17,4,1,4
2.02E+12,1,3,0,18,0,1,1,0,0,0,1,1,6,1,21,5,125,1,3,5,1,5
2.02E+12,1,9,0,4,0,1,0,0,0,0,1,1,2,2,49,8,1968,2,5,7,1,7
2.02E+12,2,9,0,18,0,6,0,0,0,0,1,1,6,1,64,9,1896,2,8,4,1,4
2.02E+12,1,9,0,18,0,8,0,0,0,0,3,1,1,1,26,6,1339,8,3,2,1,2
2.02E+12,2,19,0,5,0,8,0,0,0,0,1,1,1,1,52,8,2198,2,3,6,1,6
2.02E+12,1,11,0,7,0,6,0,0,0,0,4,1,1,1,39,7,11967,2,5,2,1,2
2.02E+12,1,9,0,18,0,2,0,4,0,0,1,1,6,1,17,4,1364,1,9,4,1,4
2.02E+12,2,9,0,3,0,2,0,0,0,0,2,1,6,2,50,8,1248,2,9,5,1,5
2.02E+12,1,9,0,7,0,1,0,0,0,0,4,1,2,2,33,6,998,1,8,3,1,3
2.02E+12,2,3,0,7,0,1,0,0,0,0,1,1,2,1,19,4,125,1,1,6,1,6
2.02E+12,1,19,0,5,0,6,0,0,1,10,1,1,1,1,38,7,2143,2,3,4,1,4
2.02E+12,1,9,0,9,0,6,0,0,0,0,4,1,3,2,29,6,1197,1,6,2,1,2
2.02E+12,1,21,0,5,0,1,0,0,0,0,1,1,1,1,54,8,12740,2,6,2,1,2
2.02E+12,1,8,0,9,0,8,0,0,0,0,1,1,1,1,46,8,2499,2,4,8,1,8
2.02E+12,2,3,0,14,0,8,0,0,0,0,1,1,1,1,39,7,108,1,9,4,1,4
2.02E+12,1,9,0,5,0,1,0,0,0,0,1,1,2,2,42,7,1598,1,6,1,1,1
2.02E+12,2,9,0,10,0,1,0,0,0,0,1,1,1,2,38,7,1995,2,9,7,1,7
2.02E+12,1,9,0,18,0,8,0,0,0,0,4,1,2,1,49,8,1997,2,13,3,1,3
2.02E+12,2,9,0,5,0,1,0,0,0,0,1,1,6,2,25,5,1560,2,7,3,1,3
2.02E+12,1,9,0,18,0,1,0,0,0,0,3,1,2,2,31,6,1390,1,3,3,1,3
2.02E+12,2,3,0,13,0,1,5,0,0,0,1,1,6,1,20,4,124,1,1,5,1,5
2.02E+12,2,9,0,18,0,8,0,0,0,0,1,1,6,2,46,8,1999,2,1,7,3,7
2.02E+12,1,9,0,18,0,2,0,0,0,0,1,1,1,1,22,5,1896,2,17,2,1,2
2.02E+12,2,4,0,18,0,8,0,0,0,0,1,1,6,1,23,5,124,1,2,8,1,8
2.02E+12,1,9,0,9,9,2,0,0,7,0,1,1,3,1,48,8,1791,8,6,4,1,4
2.02E+12,1,2,0,18,0,8,0,0,0,0,4,1,6,1,29,6,125,1,11,2,1,2
2.02E+12,1,3,0,5,0,1,2,0,0,0,1,1,6,1,39,7,125,1,7,5,1,5
2.02E+12,1,11,0,5,0,8,0,0,0,0,0,1,1,2,49,8,7700,2,1,8,1,8
2.02E+12,1,9,0,9,0,8,0,0,0,0,1,1,6,1,17,4,1198,1,12,9,1,9
2.02E+12,1,9,0,9,0,8,0,0,0,0,3,1,6,1,34,6,1997,1,13,6,1,6
2.02E+12,2,4,0,18,0,8,0,0,0,0,1,1,1,1,30,6,125,1,1,3,1,3
2.02E+12,1,9,0,18,0,1,0,0,0,0,4,1,6,1,28,6,1995,2,8,2,1,2
2.02E+12,1,19,0,18,0,8,0,0,0,0,1,1,1,1,23,5,1560,2,3,4,1,4
2.02E+12,1,9,0,3,0,2,0,0,0,0,1,1,6,2,38,7,1998,1,12,3,1,3
2.02E+12,2,9,0,9,0,8,0,0,0,0,1,1,6,1,84,11,1598,1,8,6,1,6
2.02E+12,2,9,0,9,0,3,1,0,0,0,4,1,2,1,59,9,1596,1,15,3,1,3
2.02E+12,1,8,0,18,0,1,0,0,0,0,4,1,1,1,59,9,2402,2,11,8,1,8
2.02E+12,2,8,0,18,0,1,0,0,0,0,4,1,1,1,41,7,2143,2,4,7,1,7
2.02E+12,2,9,0,9,0,6,0,0,0,0,3,1,6,1,17,4,1598,2,2,3,1,3
2.02E+12,2,9,0,18,0,4,0,0,0,0,1,1,6,1,26,6,2698,2,9,5,3,5
2.02E+12,2,9,0,9,0,3,0,0,0,0,1,1,6,1,25,5,1242,1,10,2,1,2
2.02E+12,1,8,0,12,0,2,0,0,0,0,3,1,1,1,40,7,1797,8,6,1,1,1
2.02E+12,1,19,0,7,0,5,0,0,0,0,2,1,6,1,31,6,2198,2,6,7,1,7
2.02E+12,1,3,0,18,0,1,0,0,0,0,1,1,1,1,20,4,108,1,4,4,1,4
2.02E+12,2,8,0,6,0,1,0,0,0,0,1,1,1,1,32,6,2143,2,5,9,1,9
2.02E+12,1,9,0,5,0,5,0,0,0,0,1,1,6,1,90,11,1339,8,6,10,1,10
2.02E+12,1,9,0,11,0,8,0,0,0,0,4,1,2,1,22,5,1598,1,7,9,1,9
2.02E+12,1,9,0,9,0,8,0,0,0,0,4,1,3,2,43,7,1970,1,15,3,3,3
2.02E+12,1,9,0,7,2,1,5,0,1,1,1,1,6,1,19,4,1796,1,10,2,1,2
2.02E+12,2,9,0,7,2,1,0,0,0,0,2,1,3,1,43,7,1590,1,13,4,1,4
2.02E+12,1,9,0,4,0,1,0,0,0,0,3,1,1,1,39,7,1798,8,5,2,1,2
2.02E+12,1,3,0,18,0,1,0,0,0,0,3,1,6,1,50,8,124,1,2,2,1,2
2.02E+12,1,3,0,3,0,2,2,0,0,0,1,1,2,1,49,8,125,1,7,7,1,7
2.02E+12,1,9,0,9,0,5,0,0,0,0,1,1,6,1,43,7,1598,1,4,2,1,2
2.02E+12,1,3,0,18,0,2,0,0,0,0,4,1,2,1,35,6,108,1,1,4,1,4
2.02E+12,1,9,0,4,0,8,0,0,0,0,2,1,1,2,36,7,1399,2,9,2,1,2
2.02E+12,1,11,0,7,2,1,0,0,0,0,1,1,6,1,49,8,5132,2,2,3,1,3
2.02E+12,1,9,0,18,0,8,0,0,0,0,4,1,6,1,40,7,1339,1,2,10,1,10
2.02E+12,1,9,0,9,0,1,0,0,0,0,4,1,3,1,37,7,1995,2,11,2,1,2
2.02E+12,1,11,0,4,0,2,0,0,0,0,0,1,1,1,48,8,6700,2,8,6,1,6
2.02E+12,1,9,0,9,0,1,0,0,0,0,3,1,3,2,28,6,1796,1,8,5,1,5
2.02E+12,2,9,0,5,0,8,0,0,0,0,1,1,6,1,76,11,2000,1,13,2,1,2
2.02E+12,1,9,0,18,0,8,0,0,0,0,4,1,6,2,21,5,1299,1,16,6,1,6
2.02E+12,1,9,0,9,0,5,0,0,0,0,4,1,6,1,39,7,1991,1,15,1,1,1
2.02E+12,1,9,0,18,0,7,0,7,0,0,1,1,6,1,51,8,1769,1,14,4,1,4
2.02E+12,2,9,0,10,0,8,0,0,0,0,4,1,6,1,18,4,1197,1,2,8,1,8
2.02E+12,2,9,0,18,0,1,0,4,0,0,1,1,6,1,18,4,1598,1,2,2,1,2
2.02E+12,1,9,0,9,0,5,0,0,0,0,2,1,1,1,55,8,2495,2,19,3,1,3
2.02E+12,1,3,0,3,0,1,0,0,0,0,2,1,6,1,22,5,124,1,1,1,1,1
2.02E+12,2,9,0,18,0,1,0,0,0,0,1,1,6,2,70,10,1390,1,8,5,1,5
2.02E+12,1,8,0,5,0,4,0,0,0,0,1,1,1,1,44,7,1797,8,6,2,1,2
2.02E+12,2,9,0,4,0,2,0,0,0,0,2,1,2,2,30,6,1796,1,12,10,1,10
2.02E+12,1,11,0,18,0,1,0,0,0,0,0,1,1,1,27,6,6692,2,4,3,1,3
2.02E+12,2,9,0,9,0,1,0,0,0,0,1,1,2,1,27,6,1595,1,9,8,1,8
2.02E+12,1,19,0,3,0,1,0,0,0,0,2,1,1,1,42,7,1461,2,13,3,1,3
2.02E+12,1,11,0,3,0,1,0,0,0,0,2,1,1,1,29,6,7300,2,13,1,1,1
2.02E+12,1,9,0,9,0,1,0,0,0,0,3,1,1,2,21,5,1598,2,2,2,1,2
2.02E+12,2,4,0,18,0,1,0,0,0,0,3,1,6,1,62,9,278,1,7,8,1,8
2.02E+12,1,9,0,18,0,5,0,0,7,0,2,1,2,2,35,6,1242,1,2,3,1,3
2.02E+12,2,9,0,18,0,1,0,0,0,0,1,1,1,1,66,10,1598,2,2,4,1,4
2.02E+12,3,9,0,10,0,5,0,0,0,0,3,1,6,2,20,4,1587,1,12,3,1,3
2.02E+12,2,9,0,18,0,2,0,0,0,0,2,1,6,1,29,6,2268,2,1,9,1,9
2.02E+12,3,19,0,18,0,2,0,0,0,0,2,1,1,1,60,9,2198,2,2,1,1,1
2.02E+12,4,9,0,18,0,2,0,0,0,0,1,1,6,1,41,7,2351,1,17,8,1,8
2.02E+12,1,8,0,9,0,6,0,0,0,0,3,1,6,1,47,8,1797,8,6,3,1,3
2.02E+12,1,4,0,18,0,2,0,0,0,0,1,1,6,1,26,6,124,1,4,5,1,5
2.02E+12,1,9,0,18,0,2,0,0,0,0,3,1,2,2,36,7,1124,1,16,3,1,3
2.02E+12,2,9,0,3,0,2,0,0,0,0,3,1,6,1,44,7,1991,1,1,9,1,9
2.02E+12,1,8,0,17,0,4,0,0,0,0,1,1,1,1,46,8,1968,2,4,5,1,5
2.02E+12,1,9,0,9,0,2,0,0,0,0,3,1,6,2,49,8,1798,1,9,2,1,2
2.02E+12,2,9,0,9,0,2,0,0,0,0,1,1,6,2,44,7,1339,1,14,3,1,3
2.02E+12,1,5,0,18,0,8,0,0,0,0,4,1,2,2,41,7,471,1,3,8,1,8
2.02E+12,2,9,0,9,0,8,0,0,0,0,1,1,6,2,36,7,1360,1,16,6,1,6
2.02E+12,1,9,0,18,0,1,0,10,1,0,3,1,6,2,36,7,2993,2,4,6,1,6
2.02E+12,2,9,0,15,0,1,0,0,0,0,4,1,6,1,57,9,1968,2,7,4,1,4
2.02E+12,1,4,0,9,0,3,0,7,0,0,3,1,6,1,35,6,124,1,9,7,1,7
2.02E+12,1,8,0,4,0,1,0,0,0,0,4,1,1,1,49,8,1956,2,4,2,1,2
2.02E+12,1,19,0,18,0,3,0,0,0,0,4,1,1,1,36,7,1598,2,6,3,1,3
2.02E+12,1,9,0,18,0,1,0,0,0,0,1,1,6,1,53,8,1299,1,13,5,1,5
2.02E+12,1,9,0,5,0,8,0,0,0,0,1,1,2,1,25,5,1999,1,11,7,1,7
2.02E+12,1,3,0,18,0,8,0,0,3,0,2,1,6,1,34,6,124,1,11,4,1,4
2.02E+12,2,9,0,18,0,8,0,0,3,0,1,1,6,1,27,6,999,1,1,2,1,2
2.02E+12,1,9,0,18,0,8,0,0,0,0,4,1,3,1,36,7,2179,2,2,3,1,3
2.02E+12,1,9,0,7,0,2,0,0,0,0,2,1,3,2,43,7,1597,2,1,8,1,8
2.02E+12,2,9,0,7,0,2,0,0,0,0,1,1,2,1,24,5,1956,2,5,4,1,4
2.02E+12,1,11,0,18,2,1,0,0,0,0,0,1,1,1,31,6,6692,2,4,2,1,2
2.02E+12,2,19,0,18,0,1,0,0,0,0,0,1,2,1,31,6,1560,2,4,4,1,4
2.02E+12,1,9,0,7,0,8,0,0,0,0,0,1,6,2,30,6,1299,1,16,4,1,4
2.02E+12,1,4,0,5,0,1,0,0,0,0,2,1,1,1,42,7,124,1,5,1,1,1
2.02E+12,1,11,0,5,0,1,0,0,0,0,1,1,1,1,53,8,6700,2,6,3,1,3
2.02E+12,2,9,0,7,0,1,0,0,0,0,4,1,3,2,36,7,1150,1,13,5,1,5
2.02E+12,1,9,0,3,0,1,0,0,0,0,2,1,6,2,29,6,1995,1,13,6,1,6
2.02E+12,2,9,0,3,0,1,0,0,0,0,2,1,2,2,34,6,1995,2,7,7,1,7
2.02E+12,3,9,0,18,0,1,0,0,0,0,1,1,1,2,23,5,1997,2,7,9,3,9
2.02E+12,1,3,0,18,0,1,1,0,0,0,1,1,6,1,18,4,125,1,1,8,1,8
2.02E+12,1,19,0,18,0,1,0,0,0,0,0,1,1,1,57,9,1753,2,9,1,1,1
2.02E+12,1,9,0,18,0,8,0,0,0,0,4,1,6,1,68,10,2148,2,8,9,1,9
2.02E+12,2,9,0,18,0,8,0,0,0,0,1,1,6,1,33,6,2979,1,10,6,1,6
2.02E+12,1,9,0,18,0,1,0,0,0,0,2,1,6,2,23,5,1229,1,11,2,1,2
2.02E+12,1,9,0,4,0,2,0,0,0,0,1,1,6,2,63,9,1896,2,15,2,1,2
2.02E+12,1,11,0,18,0,4,0,0,0,0,0,1,1,1,52,8,6700,2,8,2,1,2
2.02E+12,1,9,0,7,0,2,0,0,0,0,4,1,2,1,60,9,1596,1,15,3,1,3
2.02E+12,1,11,0,5,2,1,0,0,0,0,1,1,1,1,28,6,6700,2,1,6,1,6
2.02E+12,2,9,0,7,0,1,0,0,0,0,4,1,6,1,32,6,998,1,17,4,1,4
2.02E+12,1,9,0,17,6,3,0,0,0,0,1,1,6,2,49,8,1296,1,11,7,1,7
2.02E+12,1,19,0,4,0,1,0,0,0,0,0,1,1,1,52,8,1461,2,1,10,1,10
2.02E+12,2,9,0,4,0,1,0,0,0,0,4,1,1,1,50,8,2143,2,1,7,3,7
2.02E+12,1,8,0,3,0,8,0,11,1,0,4,1,1,1,51,8,1598,1,6,8,1,8
2.02E+12,1,9,0,5,0,4,0,0,0,0,1,1,6,1,28,6,1796,1,11,2,1,2
2.02E+12,2,3,0,5,0,4,0,0,0,0,2,1,1,1,29,6,108,1,2,4,1,4
2.02E+12,3,9,0,18,0,4,0,0,0,0,0,1,1,1,28,6,1499,2,1,2,1,2
2.02E+12,2,9,0,18,0,1,0,0,0,0,1,1,6,1,79,11,1560,2,2,8,1,8
2.02E+12,1,11,0,4,0,8,0,0,0,0,0,1,1,1,46,8,4500,2,1,2,1,2
2.02E+12,1,9,0,3,0,8,0,0,0,0,2,1,2,1,49,8,2204,2,10,3,1,3
2.02E+12,2,9,0,4,0,8,0,0,0,0,1,1,6,2,32,6,1995,2,5,5,1,5
2.02E+12,1,9,0,9,0,1,0,0,0,0,1,1,6,1,21,5,1349,1,7,2,1,2
2.02E+12,2,3,0,10,0,1,0,10,0,0,1,1,2,1,22,5,124,1,3,2,1,2