Accident_Index,Vehicle_Reference,Vehicle_Type,Towing_and_Articulation,Vehicle_Manoeuvre,Vehicle_Location-Restricted_Lane,Junction_Location,Skidding_and_Overturning,Hit_Object_in_Carriageway,Vehicle_Leaving_Carriageway,Hit_Object_off_Carriageway,1st_Point_of_Impact,Was_Vehicle_Left_Hand_Drive?,Journey_Purpose_of_Driver,Sex_of_Driver,Age_of_Driver,Age_Band_of_Driver,Engine_Capacity_(CC),Propulsion_Code,Age_of_Vehicle,Driver_IMD_Decile,Driver_Home_Area_Type,Vehicle_IMD_Decile
2.02E+12,2,5,0,15,0,1,0,0,0,0,1,1,6,1,60,9,1137,1,17,7,1,7
2.02E+12,1,9,0,9,0,1,0,0,0,0,3,1,1,2,45,7,1396,1,4,4,1,4
2.02E+12,2,3,0,9,0,1,0,0,0,0,4,1,2,2,28,6,125,1,2,4,1,4
2.02E+12,2,9,0,3,0,1,0,0,0,0,3,1,6,1,31,6,2685,2,14,9,1,9
2.02E+12,1,19,0,9,0,5,0,0,7,0,3,1,1,1,32,6,1968,2,1,7,1,7
2.02E+12,2,3,0,14,0,8,0,0,0,0,1,1,1,1,31,6,125,1,5,4,1,4
2.02E+12,1,9,0,9,0,1,0,0,0,0,3,1,6,2,56,9,1991,2,9,1,1,1
2.02E+12,1,9,0,3,0,1,0,0,0,0,4,1,6,2,47,8,2359,1,12,6,1,6
2.02E+12,1,8,0,18,0,2,0,0,0,0,1,1,1,1,52,8,2198,2,3,6,1,6
2.02E+12,2,4,0,18,0,2,0,0,0,0,1,1,6,1,21,5,125,1,1,7,1,7
2.02E+12,1,9,0,18,6,7,0,4,0,0,1,1,6,1,85,11,1240,1,9,6,1,6
2.02E+12,1,9,0,9,0,8,0,0,0,0,4,1,6,2,28,6,1240,1,10,9,2,9
2.02E+12,2,9,0,18,0,8,0,0,0,0,4,1,6,1,33,6,1910,2,10,3,1,3
2.02E+12,1,3,0,5,2,1,0,0,3,0,4,1,6,1,22,5,124,1,8,3,1,3
2.02E+12,2,8,0,7,2,1,0,0,1,0,3,1,1,2,51,8,2143,2,2,2,1,2
2.02E+12,1,9,0,18,0,8,0,0,0,0,2,1,6,1,43,7,2143,2,4,1,1,1
2.02E+12,2,9,0,18,0,8,0,0,0,0,1,1,2,2,26,6,1999,2,2,6,1,6
2.02E+12,3,9,0,18,0,8,0,0,0,0,1,1,6,1,38,7,1798,1,16,3,1,3
2.02E+12,4,9,0,18,0,8,0,0,0,0,2,1,6,1,27,6,2143,2,4,6,1,6
2.02E+12,5,9,0,18,0,8,0,0,0,0,1,1,6,1,23,5,1968,2,7,3,1,3
2.02E+12,2,9,0,18,0,8,0,0,0,0,3,1,1,1,32,6,1248,2,6,7,1,7
2.02E+12,1,9,0,4,0,2,1,0,0,0,1,1,6,1,39,7,1994,1,11,3,1,3
2.02E+12,2,9,0,16,0,1,1,0,0,0,1,1,6,1,20,4,1198,1,4,6,1,6
2.02E+12,1,9,0,7,0,8,0,0,0,0,2,1,6,1,43,7,2494,1,18,4,1,4
2.02E+12,1,3,0,3,0,1,0,0,0,0,3,1,6,1,24,5,124,1,3,2,1,2
2.02E+12,1,8,0,12,6,2,0,0,0,0,0,1,1,1,44,7,2499,2,8,9,2,9
2.02E+12,2,3,0,13,0,2,1,0,0,0,0,1,1,1,27,6,125,1,6,1,1,1
2.02E+12,1,9,0,18,0,2,0,0,1,0,1,1,6,1,36,7,2497,1,10,7,1,7
2.02E+12,1,3,0,14,0,1,1,0,0,0,4,1,6,1,18,4,125,1,1,3,1,3
2.02E+12,2,9,0,5,0,2,0,0,0,0,3,1,6,1,52,8,1598,1,16,5,1,5
2.02E+12,1,9,0,17,0,1,0,0,0,0,3,1,6,1,28,6,1956,2,4,1,1,1
2.02E+12,2,9,0,17,0,1,1,0,0,0,4,1,6,1,23,5,2993,2,1,6,1,6
2.02E+12,1,9,0,18,0,8,0,0,0,0,4,1,6,1,60,9,2687,1,10,8,1,8
2.02E+12,2,9,0,18,0,8,0,0,0,0,2,1,6,1,30,6,1783,1,16,4,1,4
2.02E+12,3,9,0,15,0,8,0,0,0,0,1,1,6,1,33,6,1329,1,7,3,1,3
2.02E+12,1,4,0,4,0,2,5,0,0,0,3,1,6,1,36,7,125,1,3,3,1,3
2.02E+12,1,9,0,9,0,8,0,0,0,0,1,1,6,1,20,4,1598,1,4,4,1,4
2.02E+12,2,8,0,18,0,8,0,0,0,0,3,1,1,1,43,7,1995,2,10,3,1,3
2.02E+12,1,9,0,18,0,2,0,0,0,0,1,1,2,1,50,8,1560,2,5,2,1,2
2.02E+12,1,4,0,4,0,1,0,0,0,0,3,1,2,1,56,9,647,1,18,2,1,2
2.02E+12,2,9,0,3,0,1,0,0,0,0,3,1,2,1,55,8,1560,2,6,5,1,5
2.02E+12,3,9,0,4,0,1,0,0,0,0,4,1,6,1,23,5,1598,2,1,1,1,1
2.02E+12,1,9,0,9,0,6,0,0,0,0,1,1,6,1,45,7,1798,8,5,2,1,2
2.02E+12,2,5,0,18,0,1,5,0,0,0,1,1,2,1,31,6,670,1,4,7,1,7
2.02E+12,1,9,0,9,0,1,0,0,0,0,1,1,3,2,30,6,1364,2,9,5,1,5
2.02E+12,1,9,0,4,0,1,0,0,0,0,1,1,2,1,37,7,1995,2,11,9,3,9
2.02E+12,2,9,0,7,0,2,0,0,0,0,1,1,2,2,41,7,1560,2,4,10,1,10
2.02E+12,1,9,0,7,5,1,0,0,0,0,1,1,6,2,44,7,1794,1,13,1,1,1
2.02E+12,1,9,0,18,0,2,0,0,0,0,4,1,6,2,43,7,998,1,17,6,1,6
2.02E+12,1,9,0,9,0,5,0,0,0,0,1,1,6,1,34,6,1598,2,7,9,2,9
2.02E+12,2,9,0,18,0,1,1,0,0,0,1,1,6,2,28,6,1685,2,2,9,1,9
2.02E+12,1,11,0,4,2,1,0,0,0,0,4,1,1,1,66,10,4461,2,3,2,1,2
2.02E+12,1,11,0,5,0,1,0,0,0,0,0,1,1,1,25,5,4500,2,1,8,1,8
2.02E+12,1,11,0,7,0,8,0,0,0,0,1,1,1,1,34,6,5132,2,3,4,1,4
2.02E+12,1,19,0,9,0,1,1,0,0,0,3,1,2,1,65,9,2198,2,2,9,1,9
2.02E+12,2,9,0,18,0,1,1,0,0,0,1,1,6,2,26,6,1896,2,16,7,1,7
2.02E+12,1,9,0,18,0,1,0,0,0,0,0,2,1,2,51,8,2143,2,2,2,1,2
2.02E+12,1,11,0,9,0,2,0,0,0,0,0,1,1,1,29,6,7300,2,14,3,1,3
2.02E+12,1,19,0,18,0,1,0,0,0,0,0,1,1,2,42,7,1248,2,3,2,1,2
2.02E+12,2,4,0,18,0,1,0,0,0,0,0,1,2,1,29,6,125,1,10,2,1,2
2.02E+12,1,11,0,5,2,1,0,0,0,0,0,1,6,1,58,9,4500,2,8,4,1,4
2.02E+12,1,11,0,5,0,2,0,0,0,0,4,1,1,1,55,8,4500,2,2,2,1,2
2.02E+12,2,9,0,5,0,6,0,0,0,0,3,1,6,2,44,7,1339,1,10,2,1,2
2.02E+12,2,11,0,17,0,2,0,0,0,0,0,1,1,1,64,9,4461,2,4,6,1,6
2.02E+12,1,9,0,5,0,8,0,0,0,0,4,1,6,1,44,7,1997,1,10,1,1,1
2.02E+12,2,11,0,5,0,8,0,0,0,0,3,1,1,1,47,8,4760,2,4,4,1,4
2.02E+12,1,9,0,9,0,5,0,0,0,0,1,1,6,2,53,8,1388,1,12,1,1,1
2.02E+12,1,9,0,7,0,8,0,0,0,0,2,1,6,1,74,10,1598,1,17,5,1,5
2.02E+12,1,9,0,18,0,2,0,0,0,0,1,1,2,1,51,8,1998,1,13,4,1,4
2.02E+12,1,9,0,3,0,1,0,0,0,0,2,1,2,2,30,6,1598,1,5,4,1,4
2.02E+12,2,9,0,18,0,2,0,0,0,0,3,1,6,1,23,5,1995,1,11,9,1,9
2.02E+12,3,9,0,18,0,1,0,0,0,0,3,1,6,1,26,6,1240,1,13,8,1,8
2.02E+12,1,9,0,9,0,1,0,0,0,0,1,1,6,1,51,8,1360,1,22,1,1,1
2.02E+12,1,9,0,7,8,1,0,0,0,0,1,1,6,1,70,10,898,1,4,3,1,3
2.02E+12,1,9,0,7,0,1,0,0,0,0,1,1,6,2,40,7,2993,2,8,9,1,9
2.02E+12,1,9,0,18,0,1,0,0,0,0,3,1,1,1,32,6,1399,1,1,3,1,3
2.02E+12,1,9,0,18,0,1,0,0,0,0,1,1,1,1,46,8,1497,8,9,2,1,2
2.02E+12,1,9,0,5,0,1,0,0,0,0,0,1,2,1,25,5,1598,1,13,4,1,4
2.02E+12,1,9,0,3,0,1,0,0,0,0,2,1,6,1,41,7,2183,2,6,4,1,4
2.02E+12,2,9,0,4,0,1,0,0,0,0,1,1,6,1,19,4,1496,2,2,3,1,3
2.02E+12,1,8,0,3,0,1,0,0,0,0,1,1,1,1,46,8,1339,8,7,4,1,4
2.02E+12,2,9,0,9,0,1,0,0,0,0,1,1,6,1,21,5,2497,2,12,5,1,5
2.02E+12,1,9,0,18,0,1,0,0,0,0,1,1,6,2,32,6,1796,1,18,7,1,7
2.02E+12,1,9,0,18,0,1,0,0,0,0,3,1,1,2,28,6,1968,2,2,4,1,4
2.02E+12,2,9,0,18,0,1,0,0,0,0,1,1,6,2,21,5,1386,1,10,3,1,3
2.02E+12,1,9,0,5,0,2,0,0,0,0,1,1,6,2,22,5,1248,2,10,4,1,4
2.02E+12,1,9,0,10,0,6,0,0,0,0,1,1,6,2,28,6,1364,1,10,5,1,5
2.02E+12,2,9,0,18,0,1,0,0,0,0,3,1,6,1,38,7,1984,1,16,8,1,8
2.02E+12,2,9,0,18,0,8,0,0,0,0,1,1,6,1,26,6,1686,2,6,3,1,3
2.02E+12,3,9,0,10,0,8,0,0,0,0,1,1,6,1,44,7,1390,1,14,4,1,4
2.02E+12,1,9,0,9,0,2,0,0,0,0,1,1,6,1,38,7,1798,8,4,2,1,2
2.02E+12,1,9,0,18,0,2,0,0,0,0,1,1,6,2,17,4,1198,2,7,7,1,7
2.02E+12,1,3,0,18,0,8,0,0,0,0,1,1,6,1,28,6,108,1,5,2,1,2
2.02E+12,2,9,0,18,0,8,0,0,0,0,2,1,6,1,42,7,2967,2,7,1,1,1
2.02E+12,1,9,0,16,0,7,1,0,0,0,3,1,6,1,27,6,1910,2,9,3,1,3
2.02E+12,2,19,0,18,0,1,0,0,0,0,1,1,1,1,44,7,1995,2,5,3,1,3
2.02E+12,1,3,0,18,0,2,0,0,0,0,1,1,1,1,24,5,125,1,5,1,1,1
2.02E+12,1,9,0,9,0,1,0,0,0,0,3,1,6,1,32,6,2171,1,13,4,1,4
2.02E+12,2,9,0,5,0,1,0,0,0,0,1,1,6,1,29,6,1896,2,13,2,1,2
2.02E+12,1,19,0,10,0,1,0,0,0,0,3,1,1,1,60,9,2198,2,5,4,1,4
2.02E+12,2,9,0,18,0,1,0,0,0,0,1,1,2,2,53,8,1422,2,9,7,1,7
2.02E+12,1,3,0,18,0,8,0,0,0,0,3,1,2,1,32,6,125,1,6,3,1,3
2.02E+12,2,20,0,7,0,8,0,0,0,0,4,1,1,1,40,7,4500,2,2,8,1,8
2.02E+12,1,3,0,7,0,8,0,0,0,0,3,1,1,1,50,8,108,1,1,2,1,2
2.02E+12,1,9,0,18,0,2,0,0,0,0,1,1,6,1,48,8,1596,1,8,4,1,4
2.02E+12,1,9,0,4,0,8,0,0,0,0,1,1,6,1,42,7,1360,1,12,5,1,5
2.02E+12,2,9,0,5,0,8,0,0,0,0,3,1,6,1,38,7,2993,2,1,7,1,7
2.02E+12,1,9,0,9,0,1,0,0,0,0,1,1,6,1,43,7,2354,1,13,4,1,4
2.02E+12,1,9,0,8,0,1,0,0,0,0,4,1,6,1,71,10,2497,1,15,3,1,3
2.02E+12,1,9,0,9,0,1,0,0,0,0,1,1,6,2,27,6,1796,1,18,7,1,7
2.02E+12,2,9,0,18,0,1,0,0,0,0,1,1,6,1,66,10,2000,2,6,8,1,8
2.02E+12,1,11,0,4,0,1,0,0,0,0,0,1,1,2,44,7,3900,2,11,4,1,4
2.02E+12,1,9,0,3,0,1,0,0,0,0,2,1,6,2,51,8,1598,1,14,3,1,3
2.02E+12,2,9,0,18,0,1,0,0,0,0,1,1,6,1,44,7,1396,1,14,1,1,1
2.02E+12,1,2,0,13,0,8,2,0,0,0,1,1,6,1,26,6,125,1,4,5,1,5
2.02E+12,2,10,0,9,0,8,0,0,0,0,1,1,6,1,72,10,1998,2,11,1,1,1
2.02E+12,1,9,0,3,0,1,0,0,0,0,2,1,6,1,52,8,1598,1,15,7,1,7
2.02E+12,1,9,0,7,0,6,0,0,0,0,1,1,6,1,50,8,1796,1,18,6,1,6
2.02E+12,1,9,0,18,0,1,0,0,0,0,1,1,6,1,63,9,1086,1,12,8,1,8
2.02E+12,1,9,0,7,0,2,0,0,0,0,3,1,6,1,37,7,2400,2,7,3,1,3
2.02E+12,2,3,0,14,0,1,0,0,0,0,1,1,6,1,24,5,124,1,3,3,1,3
2.02E+12,1,9,0,3,0,1,0,0,0,0,2,1,2,1,30,6,1242,1,9,2,1,2
2.02E+12,1,9,0,9,0,8,0,0,0,0,4,1,6,1,44,7,1400,1,12,5,1,5
2.02E+12,1,3,0,18,0,1,0,0,0,0,1,1,6,1,46,8,125,1,5,8,1,8
2.02E+12,2,9,0,10,0,8,0,0,0,0,2,1,6,2,53,8,1395,1,1,7,1,7
2.02E+12,1,5,0,4,0,8,5,0,1,0,1,1,6,1,34,6,865,1,10,3,1,3
2.02E+12,1,9,0,18,0,8,0,0,0,0,0,1,6,1,30,6,1390,1,10,6,1,6
2.02E+12,2,21,0,3,0,8,0,0,0,0,0,1,1,1,52,8,6871,2,1,8,1,8
2.02E+12,1,9,0,9,0,8,0,0,0,0,1,1,6,1,19,4,1598,1,11,9,1,9
2.02E+12,1,11,0,16,2,8,0,0,0,0,0,1,1,1,63,9,4760,2,4,6,1,6
2.02E+12,1,9,0,5,0,8,0,0,0,0,1,1,6,1,36,7,1400,1,11,8,1,8
2.02E+12,1,8,0,13,0,1,0,0,0,0,4,1,1,1,47,8,1798,8,1,2,1,2
2.02E+12,2,3,0,18,0,1,0,0,0,0,3,1,1,1,34,6,108,1,3,1,1,1
2.02E+12,1,9,0,18,0,8,0,0,0,0,1,1,6,2,39,7,1769,1,13,3,1,3
2.02E+12,2,9,0,18,0,8,0,0,0,0,1,1,6,1,35,6,1968,2,6,2,1,2
2.02E+12,1,9,0,18,0,2,0,0,0,0,3,1,1,1,42,7,1560,2,3,9,1,9
2.02E+12,1,9,0,9,0,8,0,0,0,0,3,1,6,2,55,8,1339,1,2,5,1,5
2.02E+12,2,5,0,18,0,8,0,0,0,0,4,1,6,1,32,6,535,1,21,2,1,2
2.02E+12,1,11,0,4,0,2,0,0,0,0,0,1,1,1,55,8,9360,2,8,4,1,4
2.02E+12,1,8,0,3,0,1,0,0,1,7,2,1,6,1,40,7,1997,2,7,8,1,8
2.02E+12,2,20,0,18,0,1,0,4,0,0,1,1,1,1,54,8,4461,2,9,6,1,6
2.02E+12,1,5,0,18,0,1,0,0,0,0,1,1,6,1,56,9,999,1,2,8,1,8
2.02E+12,1,9,0,9,0,2,0,0,0,0,1,1,6,1,41,7,1364,1,2,3,1,3
2.02E+12,1,3,0,18,0,1,0,0,0,0,1,1,6,2,37,7,125,1,8,5,1,5
2.02E+12,2,9,0,6,0,2,0,0,0,0,3,1,6,2,40,7,1199,1,3,8,1,8
2.02E+12,2,9,0,15,0,2,0,4,1,0,3,1,6,1,23,5,2698,2,10,7,1,7
2.02E+12,1,9,0,5,0,4,0,0,0,0,1,1,6,1,20,4,1364,1,10,4,1,4
2.02E+12,2,9,0,18,0,4,0,0,0,0,2,1,6,1,33,6,998,1,8,2,1,2
2.02E+12,1,9,0,9,0,5,0,0,0,0,2,1,6,2,28,6,1968,2,4,9,1,9
2.02E+12,2,9,0,18,0,8,0,0,0,0,1,1,6,2,33,6,1984,1,6,3,1,3
2.02E+12,1,3,0,15,0,1,0,0,0,0,1,1,6,1,34,6,125,1,2,4,1,4
2.02E+12,1,8,0,5,0,3,0,0,0,0,1,1,1,1,41,7,1797,8,7,2,1,2
2.02E+12,1,9,0,7,0,1,1,10,3,10,1,1,6,1,35,6,1956,2,7,1,1,1
2.02E+12,1,3,0,14,0,8,5,0,0,0,1,1,1,1,27,6,124,1,4,3,1,3
2.02E+12,2,9,0,9,0,6,0,0,0,0,3,1,2,1,45,7,1364,1,11,7,1,7
2.02E+12,1,8,0,18,0,1,0,0,0,0,1,1,1,1,62,9,1753,2,9,5,1,5
2.02E+12,1,9,0,10,0,7,1,0,0,0,3,1,1,2,51,8,1798,1,5,5,1,5
2.02E+12,1,9,0,10,0,1,0,0,0,0,1,1,6,1,70,10,2997,1,1,7,1,7
2.02E+12,1,9,0,18,0,4,0,0,0,0,1,1,2,1,58,9,1997,2,7,5,1,5
2.02E+12,1,8,0,5,0,4,0,0,0,0,1,1,1,1,30,6,2143,2,4,3,1,3
2.02E+12,2,3,0,7,0,8,1,0,0,0,4,1,2,1,51,8,124,1,6,6,1,6
2.02E+12,1,9,0,9,0,3,0,0,0,0,3,1,2,2,21,5,998,1,9,5,1,5
2.02E+12,2,19,0,18,0,4,1,0,0,0,1,1,2,1,47,8,1868,2,18,7,1,7
2.02E+12,1,9,0,9,0,8,0,0,0,0,1,1,6,1,63,9,1368,1,7,3,1,3
2.02E+12,1,9,0,9,0,8,0,0,0,0,3,1,1,1,34,6,2143,2,3,1,1,1
2.02E+12,2,5,0,13,0,8,0,0,0,0,1,1,2,1,31,6,1731,1,1,6,1,6
2.02E+12,1,19,0,9,0,8,0,0,0,0,4,1,1,1,28,6,2148,2,9,5,1,5
2.02E+12,2,8,0,18,0,1,1,0,0,0,4,1,1,1,53,8,2402,2,14,6,1,6
2.02E+12,1,19,0,6,0,2,0,0,0,0,3,1,1,1,27,6,1461,2,4,10,1,10
2.02E+12,2,3,0,13,0,2,1,0,0,0,4,1,6,1,29,6,125,1,2,4,1,4
2.02E+12,1,9,0,18,0,4,0,0,0,0,3,1,6,1,40,7,1995,1,14,5,1,5
2.02E+12,1,2,0,5,0,5,0,0,0,0,2,1,1,1,24,5,125,1,4,2,1,2
2.02E+12,2,9,0,9,0,1,0,0,0,0,1,1,6,1,27,6,2996,1,7,2,1,2
2.02E+12,1,21,1,9,0,1,0,0,7,0,2,1,1,1,49,8,12777,2,2,4,2,4
2.02E+12,2,9,0,4,0,1,0,0,0,0,1,1,6,1,32,6,2967,2,4,7,1,7
2.02E+12,1,8,0,7,0,1,0,0,0,0,4,1,1,1,58,9,1497,8,8,5,1,5
2.02E+12,2,3,0,18,0,1,0,0,0,0,1,1,1,1,22,5,125,1,4,2,1,2
2.02E+12,1,2,0,13,0,1,1,0,0,0,1,1,6,1,16,4,49,1,15,4,1,4
2.02E+12,2,9,0,9,0,2,0,0,0,0,3,1,2,1,46,8,2148,2,11,10,2,10
2.02E+12,1,8,0,6,0,2,0,0,0,0,1,1,1,1,48,8,1797,8,6,1,1,1
2.02E+12,2,3,0,18,0,2,0,0,0,0,1,1,6,1,25,5,124,1,1,3,1,3
2.02E+12,1,9,0,18,0,4,0,0,0,0,1,1,6,2,44,7,1598,1,11,8,1,8
2.02E+12,2,9,0,9,0,4,0,0,0,0,1,1,6,2,34,6,1968,2,9,6,1,6
2.02E+12,1,9,0,18,0,3,0,0,0,0,1,1,6,2,50,8,1598,1,12,6,1,6
2.02E+12,3,9,0,18,0,8,0,0,0,0,4,1,6,1,29,6,1242,1,14,4,1,4
2.02E+12,1,19,0,18,0,8,0,0,0,0,1,1,6,1,39,7,2148,2,11,3,1,3
2.02E+12,1,9,0,5,0,1,0,4,0,0,1,1,6,2,78,11,1699,1,8,8,1,8
2.02E+12,1,21,1,18,0,1,0,0,0,0,3,1,1,1,44,7,12900,2,6,6,1,6
2.02E+12,1,8,0,9,0,6,0,0,0,0,4,1,2,1,30,6,1956,2,5,4,1,4
2.02E+12,1,11,0,4,0,1,0,0,0,0,0,1,1,1,44,7,6700,2,5,3,1,3
2.02E+12,1,9,0,18,0,1,0,0,0,0,1,1,6,1,60,9,1364,1,9,1,1,1
2.02E+12,2,19,0,5,0,1,0,0,0,0,1,2,1,1,35,6,1995,2,5,5,1,5
2.02E+12,1,9,0,3,0,8,0,0,0,0,2,1,6,2,22,5,1229,1,2,4,1,4
2.02E+12,2,8,0,3,0,8,0,0,0,0,1,1,1,1,56,9,1598,2,1,2,1,2
2.02E+12,1,5,0,18,0,8,5,0,0,0,2,1,2,1,35,6,998,1,6,6,1,6
2.02E+12,2,9,0,9,0,8,0,0,0,0,1,1,6,2,23,5,1598,1,7,7,1,7
2.02E+12,1,9,0,5,0,4,0,0,0,0,3,1,2,1,55,8,1598,1,9,3,1,3
2.02E+12,2,3,0,9,0,3,0,0,0,0,4,1,6,1,27,6,125,1,1,4,1,4
2.02E+12,1,9,0,9,0,6,0,0,0,0,4,1,6,1,21,5,3246,1,15,2,1,2
2.02E+12,2,9,0,18,0,1,0,0,0,0,1,1,6,1,19,4,1242,1,5,3,1,3
2.02E+12,1,9,0,9,0,2,0,0,0,0,4,1,2,1,25,5,1198,1,8,5,1,5
2.02E+12,2,9,0,5,0,2,0,0,0,0,1,1,6,1,31,6,1997,2,6,2,1,2
2.02E+12,1,9,0,9,0,1,0,0,0,0,4,1,6,1,24,5,1956,2,7,2,1,2
2.02E+12,1,19,0,13,0,1,0,0,0,0,1,1,1,1,45,7,2198,2,2,1,1,1
2.02E+12,2,9,0,9,0,1,0,0,0,0,3,1,6,2,51,8,1598,1,15,3,1,3
2.02E+12,1,9,0,6,0,1,0,0,0,0,1,1,2,2,42,7,1390,1,4,5,1,5
2.02E+12,1,9,0,5,0,1,0,0,0,0,3,1,2,1,39,7,1560,2,8,6,1,6
2.02E+12,2,9,0,18,0,1,0,0,0,0,4,1,6,2,22,5,1461,2,1,8,1,8
2.02E+12,2,5,0,18,0,1,0,0,0,0,2,1,2,1,28,6,1157,1,14,4,1,4
2.02E+12,1,9,0,9,0,1,0,0,0,0,1,1,6,1,17,4,1198,1,10,8,1,8
2.02E+12,1,9,0,9,0,3,0,0,0,0,4,1,6,2,50,8,999,1,8,7,1,7
2.02E+12,1,9,0,9,0,6,0,0,0,0,3,1,6,2,35,6,1229,1,11,2,1,2
2.02E+12,2,3,0,18,0,8,1,0,0,0,1,1,6,1,19,4,125,1,1,6,1,6
2.02E+12,1,8,0,9,0,8,0,0,0,0,3,1,1,1,28,6,1798,8,3,1,1,1
2.02E+12,2,4,0,13,0,8,5,0,7,0,1,1,6,1,38,7,124,1,4,2,1,2
2.02E+12,1,9,0,9,0,8,0,0,1,0,4,1,2,1,59,9,1997,2,13,4,1,4
2.02E+12,2,5,0,18,0,8,0,0,0,0,1,1,6,1,37,7,649,1,10,3,1,3
2.02E+12,1,9,0,11,0,1,0,0,0,0,4,1,6,1,35,6,2967,2,10,1,1,1
2.02E+12,2,3,0,18,0,1,5,0,0,0,3,1,2,1,29,6,124,1,3,2,1,2
2.02E+12,1,9,0,9,0,1,0,0,0,0,3,1,6,2,22,5,1149,1,15,8,1,8
2.02E+12,2,3,0,13,0,5,0,0,0,0,3,1,6,1,35,6,108,1,8,8,1,8
2.02E+12,1,9,0,4,0,8,0,0,0,0,1,1,6,2,43,7,1998,1,12,4,1,4
2.02E+12,2,3,0,13,0,8,0,0,0,0,2,1,6,1,30,6,125,1,6,2,1,2
2.02E+12,1,9,0,18,0,1,0,0,1,0,1,1,6,1,23,5,1198,1,12,3,1,3
2.02E+12,1,5,0,18,0,1,0,0,0,0,1,1,2,1,24,5,689,1,1,4,1,4
2.02E+12,2,9,0,10,0,8,0,0,0,0,3,1,6,1,38,7,1299,1,12,4,1,4
2.02E+12,1,3,0,18,0,1,1,0,0,0,3,1,6,1,58,9,124,1,7,2,1,2
2.02E+12,2,11,0,9,0,1,0,0,0,0,4,1,6,1,60,9,4500,2,6,2,1,2
2.02E+12,1,3,0,18,0,1,0,0,0,0,1,1,6,1,29,6,125,1,2,3,1,3
2.02E+12,1,9,0,18,0,1,0,0,0,0,1,1,6,2,39,7,1895,1,18,2,1,2
2.02E+12,2,9,0,9,0,2,0,0,0,0,1,1,6,2,57,9,2143,2,2,4,1,4
2.02E+12,1,11,0,5,0,8,0,0,0,0,4,1,1,1,23,5,6696,2,4,5,3,5
2.02E+12,2,9,0,9,0,8,0,0,0,0,4,1,2,2,23,5,1995,2,3,2,1,2
2.02E+12,1,9,0,4,0,2,0,0,0,0,2,1,6,1,45,7,1870,2,11,4,1,4
2.02E+12,1,11,0,18,0,1,0,0,0,0,0,1,1,2,53,8,7300,2,12,3,1,3
2.02E+12,1,11,0,4,2,1,0,4,0,0,1,1,1,1,56,9,5132,2,3,2,1,2
2.02E+12,2,11,0,3,2,1,0,0,0,0,2,2,1,1,35,6,4500,2,3,3,1,3
2.02E+12,1,4,0,9,0,1,0,0,0,0,2,1,6,1,20,4,125,1,11,4,1,4
2.02E+12,2,9,0,18,0,1,0,0,0,0,1,1,6,1,68,10,1997,2,3,4,1,4
2.02E+12,1,3,0,4,0,1,0,0,0,0,4,1,2,1,34,6,125,1,1,4,1,4
2.02E+12,1,11,0,5,0,1,0,0,0,0,0,1,1,1,53,8,4500,2,2,5,1,5
2.02E+12,1,9,0,18,0,8,0,0,0,0,4,1,6,1,73,10,1896,2,17,6,1,6
2.02E+12,1,8,0,5,0,4,0,0,0,0,1,1,1,1,46,8,1797,8,6,5,1,5
2.02E+12,2,8,0,9,0,8,0,0,0,0,4,1,1,1,49,8,1798,8,5,1,1,1
2.02E+12,1,9,0,18,0,5,0,0,7,2,1,1,6,2,62,9,1598,2,1,8,1,8
2.02E+12,1,5,0,13,0,5,5,0,0,0,1,1,2,1,41,7,599,1,6,10,1,10
2.02E+12,2,9,0,18,0,5,0,0,0,0,3,1,6,2,32,6,1991,2,7,8,1,8
2.02E+12,1,3,0,3,0,1,0,0,0,0,1,1,6,1,32,6,125,1,4,6,1,6
2.02E+12,2,19,0,1,0,2,0,0,0,0,2,1,1,1,32,6,2143,2,4,7,1,7
2.02E+12,1,9,0,5,0,6,0,0,0,0,1,1,1,1,34,6,1968,2,2,2,1,2
2.02E+12,2,11,0,5,0,6,0,0,0,0,1,1,1,2,39,7,6700,2,5,2,1,2
2.02E+12,2,9,0,9,0,1,0,0,0,0,1,1,2,2,24,5,998,1,8,1,1,1
2.02E+12,1,19,0,18,0,1,0,0,0,0,4,1,1,1,54,8,2143,2,8,4,1,4
2.02E+12,2,9,0,18,0,1,0,0,0,0,3,1,2,2,50,8,1360,1,15,6,1,6
2.02E+12,1,3,0,18,0,2,0,0,0,0,1,1,6,1,20,4,125,1,10,1,1,1
2.02E+12,2,9,0,6,0,2,0,0,0,0,2,1,6,1,49,8,1364,1,10,5,1,5
2.02E+12,2,9,0,3,0,1,0,0,0,0,4,1,1,1,29,6,1395,1,2,9,1,9
2.02E+12,1,9,0,18,0,3,1,0,0,0,4,1,6,2,63,9,647,8,2,10,1,10
2.02E+12,2,9,0,12,0,6,0,0,0,0,1,1,6,2,44,7,1386,1,12,9,1,9
2.02E+12,1,9,0,9,0,6,0,0,0,0,1,1,6,2,22,5,1598,1,9,4,1,4
2.02E+12,2,9,0,18,0,8,0,0,0,0,4,1,6,1,38,7,1798,1,6,1,1,1
2.02E+12,1,19,0,9,0,2,0,0,0,0,4,1,6,1,29,6,1997,2,1,3,1,3
2.02E+12,1,8,0,4,0,1,0,0,0,0,1,1,1,1,55,8,2499,2,10,2,1,2
2.02E+12,1,9,0,7,0,3,1,0,0,0,3,1,6,2,30,6,1124,1,12,3,1,3
2.02E+12,1,9,0,18,0,8,0,0,0,0,1,1,6,2,64,9,2295,1,15,4,1,4