Accident_Index,Vehicle_Reference,Vehicle_Type,Towing_and_Articulation,Vehicle_Manoeuvre,Vehicle_Location-Restricted_Lane,Junction_Location,Skidding_and_Overturning,Hit_Object_in_Carriageway,Vehicle_Leaving_Carriageway,Hit_Object_off_Carriageway,1st_Point_of_Impact,Was_Vehicle_Left_Hand_Drive?,Journey_Purpose_of_Driver,Sex_of_Driver,Age_of_Driver,Age_Band_of_Driver,Engine_Capacity_(CC),Propulsion_Code,Age_of_Vehicle,Driver_IMD_Decile,Driver_Home_Area_Type,Vehicle_IMD_Decile
2.02E+12,2,9,0,18,0,8,0,0,0,0,1,1,6,2,31,6,2179,2,5,4,1,4
2.02E+12,1,19,0,18,0,3,0,0,0,0,1,1,6,1,77,11,2148,2,13,7,1,7
2.02E+12,2,9,0,18,0,8,0,0,0,0,1,1,6,2,36,7,1799,1,9,9,1,9
2.02E+12,1,9,0,18,0,8,0,0,0,0,4,1,6,2,45,7,999,1,8,1,1,1
2.02E+12,2,9,0,9,0,6,0,0,0,0,1,1,2,1,35,6,1497,1,13,1,1,1
2.02E+12,1,2,0,18,0,1,0,4,0,0,3,1,2,1,27,6,49,1,1,2,1,2
2.02E+12,1,19,0,17,0,4,0,0,0,0,1,1,2,1,38,7,1598,2,1,8,1,8
2.02E+12,1,9,0,3,0,4,0,0,0,0,2,1,6,1,48,8,1896,2,16,7,1,7
2.02E+12,2,9,0,18,0,4,0,0,0,0,1,1,6,1,22,5,1796,1,5,5,1,5
2.02E+12,1,3,0,18,0,6,0,0,1,0,4,1,6,1,18,4,125,1,1,4,1,4
2.02E+12,2,9,0,5,0,1,0,0,7,0,3,1,6,2,37,7,1595,1,4,4,1,4
2.02E+12,1,9,0,3,0,1,0,0,0,0,2,1,2,1,32,6,2143,2,1,3,1,3
2.02E+12,1,5,0,18,0,8,0,11,0,0,1,1,6,1,27,6,1000,1,3,5,1,5
2.02E+12,2,19,0,9,0,5,0,0,0,0,4,1,1,1,52,8,1560,2,3,9,1,9
2.02E+12,1,9,0,18,0,4,0,0,0,0,1,1,6,1,30,6,1149,1,6,6,1,6
2.02E+12,2,9,0,6,0,3,0,0,0,0,4,1,6,1,25,5,2993,2,6,8,1,8
2.02E+12,1,3,0,18,0,1,0,0,0,0,1,1,2,1,53,8,125,1,9,5,1,5
2.02E+12,2,9,0,6,0,1,0,0,0,0,2,1,6,1,40,7,1956,2,8,8,1,8
2.02E+12,1,9,0,9,0,8,0,0,0,0,4,1,2,1,53,8,1461,2,3,4,1,4
2.02E+12,2,3,0,18,0,1,0,0,0,0,1,1,2,1,44,7,124,1,3,2,1,2
2.02E+12,1,9,0,18,0,8,0,0,0,0,1,1,6,2,36,7,998,1,5,3,1,3
2.02E+12,2,9,0,9,0,8,0,0,0,0,4,1,6,2,23,5,998,1,7,1,1,1
2.02E+12,3,9,0,3,0,2,0,0,0,0,1,1,6,1,29,6,1968,2,4,2,1,2
2.02E+12,1,9,0,18,0,8,0,0,0,0,1,1,6,1,53,8,998,1,16,3,1,3
2.02E+12,2,9,0,9,0,8,0,0,0,0,3,1,2,1,25,5,1197,1,3,1,1,1
2.02E+12,1,11,0,4,0,2,0,0,0,0,0,1,1,1,32,6,6700,2,9,4,1,4
2.02E+12,1,9,0,18,0,2,0,0,0,0,1,1,6,1,27,6,4941,1,14,10,1,10
2.02E+12,2,9,0,18,0,2,0,10,1,0,2,1,1,1,49,8,1797,8,5,4,1,4
2.02E+12,1,9,0,9,0,8,0,0,0,0,4,1,6,1,49,8,1242,1,2,2,1,2
2.02E+12,2,9,0,18,0,8,0,0,0,0,1,1,6,2,70,10,1968,2,3,8,1,8
2.02E+12,1,8,0,7,0,2,0,0,0,0,4,1,1,1,64,9,1339,8,7,5,1,5
2.02E+12,1,3,0,11,2,2,0,0,0,0,4,1,6,1,37,7,124,1,12,3,1,3
2.02E+12,1,9,0,9,0,5,0,4,0,0,1,1,6,1,22,5,1956,2,7,1,1,1
2.02E+12,3,9,0,18,0,1,0,0,0,0,0,1,6,1,36,7,1582,2,4,2,1,2
2.02E+12,1,9,0,5,0,8,0,0,0,0,3,1,6,1,62,9,998,1,18,2,1,2
2.02E+12,2,8,0,5,0,8,0,0,0,0,1,1,1,1,54,8,1798,8,2,2,1,2
2.02E+12,1,9,0,18,0,8,0,0,0,0,1,1,6,2,24,5,1796,1,8,2,1,2
2.02E+12,1,9,0,18,0,2,0,0,0,0,3,1,2,1,47,8,1397,1,16,2,1,2
2.02E+12,1,4,0,5,0,8,5,0,0,0,0,1,2,1,29,6,499,1,18,10,1,10
2.02E+12,2,19,0,18,0,8,0,0,0,0,0,1,1,1,36,7,1360,1,10,1,1,1
2.02E+12,1,9,0,9,0,8,0,0,0,0,1,1,6,2,43,7,1910,2,7,4,1,4
2.02E+12,1,9,0,17,0,8,0,0,0,0,4,1,6,1,65,9,3498,1,5,5,3,5
2.02E+12,1,3,0,13,0,2,0,0,0,0,4,1,6,1,20,4,124,1,3,2,1,2
2.02E+12,1,9,0,12,0,2,0,0,0,0,1,1,6,1,33,6,1968,2,11,4,1,4
2.02E+12,1,9,0,1,0,8,0,0,0,0,2,1,6,1,55,8,1598,1,10,3,1,3
2.02E+12,1,5,0,3,0,1,0,0,0,0,2,1,2,1,49,8,745,1,1,3,1,3
2.02E+12,1,8,0,4,0,1,0,0,0,0,1,1,1,1,54,8,1797,8,3,3,1,3
2.02E+12,2,9,0,4,0,1,0,0,0,0,2,1,6,1,57,9,2720,2,9,1,1,1
2.02E+12,3,9,0,4,0,1,0,0,0,0,2,1,6,1,36,7,2435,1,13,5,1,5
2.02E+12,1,11,0,3,0,1,0,0,0,0,1,1,1,1,58,9,4461,2,3,4,1,4
2.02E+12,2,8,0,7,0,1,0,0,0,0,4,1,1,1,48,8,1968,2,3,2,1,2
2.02E+12,1,9,0,18,0,8,0,0,0,0,1,1,6,1,68,10,1997,2,8,2,1,2
2.02E+12,1,9,0,18,0,2,0,7,0,0,1,1,6,1,35,6,1973,1,17,7,1,7
2.02E+12,1,9,0,9,0,1,0,0,0,0,1,1,6,1,20,4,1988,1,14,2,1,2
2.02E+12,1,11,0,18,2,1,0,0,0,0,1,1,1,1,61,9,4500,2,1,2,1,2
2.02E+12,1,9,0,18,0,8,0,0,0,0,3,1,6,2,37,7,1390,1,12,5,1,5
2.02E+12,2,9,0,9,0,8,0,0,0,0,1,1,6,1,29,6,1341,1,18,10,3,10
2.02E+12,1,9,0,18,0,4,0,0,0,0,1,1,6,1,45,7,2143,2,1,5,1,5
2.02E+12,1,9,0,5,0,1,0,0,0,0,1,1,6,1,34,6,3936,2,12,5,1,5
2.02E+12,2,9,0,3,0,1,0,0,0,0,3,1,6,1,58,9,1390,1,7,5,1,5
2.02E+12,1,3,0,18,0,1,0,0,0,0,1,1,6,1,24,5,125,1,11,5,1,5
2.02E+12,2,9,0,6,0,1,0,0,0,0,3,1,1,1,47,8,1396,1,15,5,1,5
2.02E+12,1,9,0,1,0,1,0,0,0,0,2,1,6,2,54,8,998,1,1,6,1,6
2.02E+12,1,9,0,9,0,1,0,0,0,0,3,1,6,1,67,10,998,1,3,10,1,10
2.02E+12,2,5,0,18,0,1,0,0,0,0,1,1,6,1,54,8,779,1,5,4,1,4
2.02E+12,1,9,0,5,0,8,0,11,0,0,1,1,6,1,29,6,1598,1,9,4,1,4
2.02E+12,2,4,0,9,0,8,0,0,0,0,4,1,6,1,32,6,125,1,2,2,1,2
2.02E+12,2,9,0,3,0,1,0,0,0,0,4,1,6,1,28,6,2179,2,2,9,1,9
2.02E+12,1,9,0,4,0,1,0,0,0,0,4,1,6,2,49,8,3498,1,12,7,1,7
2.02E+12,1,9,0,3,0,1,0,4,0,0,2,1,2,1,31,6,1798,8,1,2,1,2
2.02E+12,2,9,0,4,0,1,0,4,0,0,1,1,6,1,41,7,987,1,26,4,1,4
2.02E+12,3,9,0,3,0,1,0,0,0,0,2,1,6,1,24,5,3982,1,1,8,1,8
2.02E+12,1,8,5,9,0,1,0,0,7,0,4,1,1,1,57,9,1497,7,10,7,1,7
2.02E+12,1,9,0,18,0,1,0,0,0,0,1,1,6,1,68,10,1995,2,13,4,1,4
2.02E+12,1,19,0,9,0,8,0,0,0,0,1,1,1,1,19,4,2287,2,2,5,1,5
2.02E+12,2,9,0,18,0,8,0,0,0,0,4,1,2,1,33,6,1390,1,11,2,1,2
2.02E+12,1,9,0,18,0,4,0,0,0,0,1,1,6,1,29,6,1798,1,11,4,1,4
2.02E+12,1,9,0,9,0,6,0,0,0,0,0,1,6,1,36,7,1896,2,12,6,1,6
2.02E+12,2,9,5,18,0,1,0,0,0,0,2,1,6,1,24,5,1390,1,16,2,1,2
2.02E+12,3,9,5,18,0,1,0,0,0,0,2,1,6,2,25,5,1598,1,13,2,1,2
2.02E+12,1,9,0,5,0,1,0,0,0,0,2,1,6,2,35,6,1998,1,10,6,1,6
2.02E+12,1,11,0,18,0,1,0,0,0,0,1,1,1,1,43,7,6370,2,5,5,1,5
2.02E+12,1,8,0,9,0,5,0,0,0,0,4,1,1,1,42,7,1797,8,7,1,1,1
2.02E+12,1,9,0,18,0,1,0,0,0,0,1,1,6,1,40,7,999,1,16,2,1,2
2.02E+12,1,11,0,18,0,1,0,0,0,0,0,1,1,2,47,8,4500,2,3,2,1,2
2.02E+12,1,9,0,4,0,2,0,0,0,0,1,1,6,1,23,5,998,1,1,3,1,3
2.02E+12,2,9,0,4,0,2,0,0,0,0,2,1,6,1,42,7,1598,1,10,3,1,3
2.02E+12,2,8,0,10,0,1,0,0,0,0,3,1,1,1,37,7,1797,8,5,2,1,2
2.02E+12,1,9,0,18,2,8,0,0,0,0,1,1,6,1,22,5,998,1,7,3,1,3
2.02E+12,1,9,0,5,0,4,0,0,0,0,1,1,6,1,27,6,1968,2,10,2,1,2
2.02E+12,1,9,0,18,0,2,1,7,1,10,1,1,6,2,45,7,1560,2,6,4,1,4
2.02E+12,1,3,0,18,0,5,0,0,0,0,1,1,1,1,33,6,108,1,2,2,1,2
2.02E+12,1,8,0,18,0,1,0,0,0,0,1,1,1,1,35,6,2499,2,10,2,1,2
2.02E+12,1,9,0,18,0,8,5,4,0,0,4,1,6,2,23,5,1229,1,3,4,1,4
2.02E+12,1,11,0,9,0,3,0,0,0,0,0,1,1,1,56,9,6692,2,4,2,1,2
2.02E+12,1,8,0,18,0,2,0,0,0,0,3,1,1,1,35,6,1798,8,5,5,1,5
2.02E+12,2,11,0,5,0,1,0,0,0,0,1,2,1,1,54,8,5900,2,11,7,1,7
2.02E+12,1,9,0,4,0,1,0,0,0,0,2,1,6,1,56,9,1998,1,14,3,1,3
2.02E+12,2,9,0,4,0,1,0,0,0,0,2,1,1,1,35,6,1560,2,3,1,1,1
2.02E+12,3,9,0,18,0,1,0,0,0,0,1,1,6,1,26,6,998,1,8,6,1,6
2.02E+12,1,9,0,3,0,1,0,0,0,0,1,1,6,2,45,7,1200,1,3,6,3,6
2.02E+12,2,2,0,3,0,5,0,0,0,0,1,1,6,1,40,7,124,1,3,1,1,1
2.02E+12,1,9,0,17,1,6,1,0,0,0,4,1,6,2,42,7,2987,2,10,7,1,7
2.02E+12,2,9,0,17,1,5,1,0,0,0,1,1,6,1,30,6,1685,2,4,5,1,5
2.02E+12,1,9,0,4,0,1,0,0,0,0,0,1,6,2,62,9,1997,2,7,6,1,6
2.02E+12,2,9,0,4,0,1,0,0,0,0,2,1,6,2,56,9,1386,1,9,3,1,3
2.02E+12,3,9,0,4,0,1,0,0,0,0,1,1,1,1,38,7,1968,2,9,6,1,6
2.02E+12,4,9,0,18,0,1,0,0,0,0,1,1,6,2,28,6,1339,1,6,4,1,4
2.02E+12,1,11,0,18,0,2,0,11,0,0,1,1,6,1,47,8,4461,2,3,4,1,4
2.02E+12,1,9,0,18,0,2,0,0,0,0,1,1,6,1,42,7,1560,2,3,7,1,7
2.02E+12,2,9,0,18,0,2,0,0,0,0,4,1,6,1,32,6,1995,2,1,7,1,7
2.02E+12,3,3,0,18,0,2,0,0,0,0,1,1,6,1,32,6,125,1,2,5,1,5
2.02E+12,1,9,0,18,0,8,0,0,0,0,1,1,6,1,33,6,799,2,7,1,1,1
2.02E+12,2,9,0,18,0,8,0,0,0,0,1,1,6,1,22,5,1242,1,3,2,1,2
2.02E+12,1,9,0,9,0,1,0,0,0,0,1,1,6,1,30,6,1198,1,9,3,1,3
2.02E+12,1,9,0,9,0,6,0,0,0,0,1,1,6,1,38,7,1995,2,8,4,1,4
2.02E+12,1,11,0,7,0,8,0,0,0,0,4,1,1,2,26,6,4500,2,2,4,1,4
2.02E+12,1,9,0,9,0,8,0,0,0,0,0,1,6,1,45,7,1968,2,9,10,1,10
2.02E+12,2,3,0,4,0,1,5,0,0,0,0,1,6,1,25,5,125,1,1,7,1,7
2.02E+12,2,3,0,9,0,2,1,0,0,0,2,1,6,1,25,5,113,1,1,2,1,2
2.02E+12,1,9,0,9,0,7,0,0,0,0,1,1,6,1,71,10,1699,1,10,6,1,6
2.02E+12,2,9,0,18,0,8,1,10,0,0,3,1,6,2,43,7,1390,1,14,4,1,4
2.02E+12,1,9,0,5,0,6,0,0,0,0,1,1,6,1,38,7,2231,2,11,5,1,5
2.02E+12,2,9,0,5,0,1,0,0,0,0,4,1,6,1,24,5,1796,1,10,4,1,4
2.02E+12,1,9,0,18,0,2,0,0,0,0,4,1,6,2,37,7,2148,2,8,3,1,3
2.02E+12,2,19,0,7,0,6,0,0,0,0,1,1,6,1,45,7,1248,2,3,10,2,10
2.02E+12,1,9,0,9,0,5,0,0,0,0,1,1,2,2,27,6,1598,1,2,2,1,2
2.02E+12,2,4,0,18,0,1,0,0,0,0,1,1,1,1,21,5,108,1,2,4,1,4
2.02E+12,1,9,0,18,0,1,0,0,0,0,2,1,1,1,31,6,1956,2,3,3,1,3
2.02E+12,1,9,0,7,0,2,0,0,7,0,4,1,6,1,31,6,2143,2,2,8,1,8
2.02E+12,1,9,0,18,0,2,0,0,0,0,1,1,2,1,26,6,2000,2,7,5,1,5
2.02E+12,1,9,0,5,9,1,0,4,0,0,1,1,6,1,20,4,1595,1,2,4,1,4
2.02E+12,1,19,0,18,0,2,0,0,0,0,1,1,6,1,69,10,1997,2,12,9,1,9
2.02E+12,1,19,0,18,0,8,0,0,0,0,1,1,1,1,37,7,2999,2,6,6,1,6
2.02E+12,2,9,0,18,0,8,0,0,0,0,1,1,2,1,43,7,1598,1,1,9,1,9
2.02E+12,3,9,0,4,0,8,0,0,0,0,2,1,2,2,62,9,1299,1,13,9,1,9
2.02E+12,1,19,0,18,0,2,0,0,0,0,4,1,2,1,31,6,1587,1,7,9,1,9
2.02E+12,2,3,0,18,0,2,0,0,0,0,3,1,2,2,43,7,125,1,1,3,1,3
2.02E+12,1,9,0,4,0,1,0,0,0,0,2,1,6,2,36,7,1390,1,5,2,1,2
2.02E+12,2,19,0,4,0,1,0,0,0,0,1,1,1,1,40,7,1499,2,1,4,1,4
2.02E+12,1,8,0,5,0,1,0,0,0,0,4,1,1,1,61,9,2143,2,3,6,1,6
2.02E+12,1,9,0,14,0,1,0,0,0,0,4,1,6,2,52,8,1797,8,4,2,1,2
2.02E+12,2,8,0,5,2,1,0,0,1,0,4,1,1,1,39,7,2402,2,14,7,1,7
2.02E+12,1,9,0,9,0,6,0,0,0,0,1,1,3,2,38,7,1364,1,7,6,1,6
2.02E+12,2,9,0,18,0,1,0,0,0,0,4,1,6,2,52,8,1296,1,11,2,1,2
2.02E+12,1,21,0,17,0,1,5,0,0,0,4,1,1,1,46,8,10837,2,3,3,1,3
2.02E+12,1,4,0,4,0,1,0,0,0,0,3,1,6,1,23,5,125,1,11,2,1,2
2.02E+12,1,9,0,12,0,1,0,0,0,0,4,1,6,2,78,11,1339,1,8,8,1,8
2.02E+12,1,9,0,18,0,1,0,0,0,0,1,1,1,1,27,6,1686,2,3,4,1,4
2.02E+12,1,9,0,4,0,1,0,0,0,0,4,1,6,2,27,6,1591,1,3,6,1,6
2.02E+12,1,9,0,3,0,4,0,0,0,0,2,1,1,1,24,5,998,1,6,2,1,2
2.02E+12,2,9,0,4,0,1,0,0,0,0,1,1,6,1,49,8,1296,1,11,4,1,4
2.02E+12,1,19,0,7,0,1,0,0,0,0,0,1,1,1,56,9,1598,2,1,9,1,9
2.02E+12,1,9,0,9,0,5,0,10,7,5,3,1,6,2,66,10,1495,1,10,7,1,7
2.02E+12,2,19,0,13,0,1,0,0,7,10,1,1,1,1,30,6,2198,2,2,10,1,10
2.02E+12,1,9,0,1,0,6,0,10,1,10,1,1,6,1,81,11,1590,1,23,6,1,6
2.02E+12,1,9,0,3,0,1,0,0,0,0,2,1,1,1,49,8,2995,8,4,9,1,9
2.02E+12,2,4,0,3,0,1,0,0,0,0,1,1,1,1,48,8,1099,1,5,2,1,2
2.02E+12,1,9,0,18,0,1,0,0,0,0,1,1,6,2,41,7,1591,1,3,3,1,3
2.02E+12,1,5,0,18,0,1,1,0,0,0,1,1,2,1,26,6,599,1,15,5,1,5
2.02E+12,1,9,0,18,0,3,0,11,0,0,1,1,6,1,61,9,1968,2,1,6,1,6
2.02E+12,1,9,0,7,0,5,0,0,0,0,4,1,6,1,47,8,3456,8,3,1,1,1
2.02E+12,1,9,0,7,0,2,0,0,0,0,3,1,6,1,22,5,1364,1,7,2,1,2
2.02E+12,1,11,0,4,0,2,0,0,0,0,4,1,1,1,39,7,5132,2,1,6,1,6
2.02E+12,1,9,0,18,0,1,5,4,0,0,1,1,6,1,58,9,1956,2,3,4,1,4
2.02E+12,1,9,0,18,0,8,0,0,0,0,1,1,6,1,29,6,1796,1,9,4,1,4
2.02E+12,2,11,0,5,0,1,0,0,0,0,1,1,1,1,43,7,9000,2,8,5,1,5
2.02E+12,1,9,0,9,0,8,0,0,0,0,3,1,6,1,51,8,1968,2,8,7,2,7
2.02E+12,2,2,0,13,0,8,0,0,0,0,4,1,6,2,26,6,124,1,1,6,1,6
2.02E+12,1,19,0,5,0,2,0,0,0,0,1,1,1,2,50,8,1560,2,8,3,1,3
2.02E+12,1,9,0,7,0,6,0,0,0,0,2,1,6,2,29,6,2199,2,6,5,1,5
2.02E+12,1,9,0,5,0,6,0,0,0,0,3,1,2,2,30,6,1397,1,8,3,1,3
2.02E+12,2,3,0,18,0,1,0,0,0,0,1,1,6,1,19,4,125,1,11,7,1,7
2.02E+12,1,8,0,17,0,8,0,0,0,0,3,1,1,1,49,8,2143,2,2,4,1,4
2.02E+12,1,9,0,5,0,2,0,0,0,0,4,1,6,2,28,6,1598,1,4,3,1,3
2.02E+12,2,4,0,18,0,2,1,0,0,0,1,1,6,1,46,8,125,1,3,3,1,3
2.02E+12,1,9,0,18,0,1,0,0,0,0,4,1,6,1,55,8,1796,1,13,4,1,4
2.02E+12,1,11,0,5,2,8,0,0,0,0,0,1,1,1,34,6,6700,2,5,2,1,2
2.02E+12,1,9,0,4,0,1,0,0,0,0,2,1,6,1,53,8,1796,1,10,3,1,3
2.02E+12,2,9,0,4,0,1,0,0,0,0,1,1,6,1,38,7,1796,1,9,2,1,2
2.02E+12,1,9,0,18,0,6,0,0,0,0,3,1,6,1,18,4,1599,1,9,4,1,4
2.02E+12,2,3,0,15,0,6,0,0,0,0,4,1,2,1,22,5,125,1,3,6,1,6
2.02E+12,1,9,0,18,0,8,0,11,0,0,1,1,6,1,18,4,998,1,18,4,1,4
2.02E+12,1,9,0,9,9,1,0,10,1,2,1,1,6,1,21,5,996,1,5,3,1,3
2.02E+12,2,9,0,9,0,1,0,0,0,0,0,1,1,1,56,9,1560,2,3,7,1,7
2.02E+12,1,8,0,9,0,8,0,0,0,0,1,1,1,1,37,7,1997,2,3,2,1,2
2.02E+12,1,4,0,13,0,2,0,0,0,0,1,1,1,1,45,7,124,1,4,7,1,7
2.02E+12,1,8,0,18,0,8,0,0,0,0,1,1,1,1,58,9,2231,2,10,9,1,9
2.02E+12,2,9,0,9,0,8,0,0,0,0,1,1,6,1,33,6,1598,1,12,10,1,10
2.02E+12,1,9,0,10,0,7,0,0,0,0,1,1,6,2,47,8,1598,1,6,5,1,5
2.02E+12,1,9,0,18,0,1,0,0,0,0,0,1,6,1,46,8,1560,2,2,2,1,2
2.02E+12,2,9,0,18,0,1,1,4,3,10,1,1,6,1,17,4,1796,1,20,8,1,8
2.02E+12,1,19,0,4,0,1,0,0,0,0,1,1,2,1,34,6,2148,2,13,6,1,6
2.02E+12,1,9,0,9,0,8,0,0,0,0,4,1,6,1,77,11,1598,1,8,10,1,10
2.02E+12,1,9,0,3,0,1,0,0,0,0,3,1,6,2,41,7,1386,1,11,5,1,5
2.02E+12,1,19,0,18,0,8,0,0,0,0,1,1,6,1,35,6,1686,2,7,3,1,3
2.02E+12,1,19,0,18,6,2,0,0,0,0,4,1,1,1,37,7,2198,2,2,8,1,8
2.02E+12,1,9,0,9,0,8,0,0,0,0,1,1,6,1,40,7,1598,1,12,4,1,4
2.02E+12,1,11,0,18,0,1,0,0,0,0,4,1,1,1,60,9,4500,2,1,4,1,4
2.02E+12,1,9,0,4,9,8,0,0,0,0,0,1,1,1,67,10,1596,1,12,8,1,8
2.02E+12,1,9,0,17,0,1,0,0,0,0,4,1,6,1,36,7,2685,2,13,7,1,7
2.02E+12,2,9,0,13,0,1,0,0,0,0,0,1,1,1,33,6,1995,2,1,4,1,4
2.02E+12,1,8,0,18,0,1,0,0,0,0,4,1,1,1,39,7,1968,2,3,6,1,6
2.02E+12,2,9,0,18,0,1,0,0,0,0,1,1,6,2,28,6,2987,2,8,2,1,2
2.02E+12,1,9,0,18,0,1,0,0,0,0,4,1,3,2,38,7,1299,1,17,6,1,6
2.02E+12,1,11,0,16,0,2,0,0,0,0,0,1,3,1,40,7,3900,2,12,3,1,3
2.02E+12,1,9,0,3,0,1,0,0,0,0,0,1,2,2,52,8,1390,1,10,6,1,6
2.02E+12,2,9,0,3,0,1,0,0,0,0,0,1,2,2,50,8,995,1,14,4,1,4
2.02E+12,3,9,0,3,0,1,0,0,0,0,1,1,6,2,77,11,1388,1,12,2,1,2
2.02E+12,1,5,0,7,0,8,0,0,0,0,0,1,1,1,30,6,649,1,7,6,1,6
2.02E+12,1,11,0,18,2,1,0,0,0,0,0,1,1,1,42,7,6700,2,10,5,1,5
2.02E+12,2,9,0,18,2,1,0,0,0,0,0,1,6,1,75,10,1997,2,6,2,1,2
2.02E+12,3,9,0,18,0,8,0,0,0,0,1,1,6,2,34,6,1995,2,13,4,1,4
2.02E+12,1,11,0,5,0,2,0,0,0,0,0,1,1,1,40,7,6700,2,9,4,1,4
2.02E+12,1,9,0,18,0,1,0,0,0,0,0,1,1,1,36,7,1598,2,2,7,1,7
2.02E+12,1,4,0,18,0,1,0,0,0,0,0,1,2,1,52,8,123,1,11,6,1,6
2.02E+12,1,9,0,18,0,8,0,0,0,0,2,1,2,2,35,6,998,1,1,5,1,5
2.02E+12,2,9,0,18,0,8,0,0,0,0,1,1,6,1,33,6,1968,2,3,3,1,3
2.02E+12,1,9,0,18,0,2,0,4,0,0,1,1,6,2,70,10,1149,1,10,4,1,4
2.02E+12,2,8,0,4,0,1,0,0,0,0,1,1,1,1,71,10,2499,2,10,6,1,6
2.02E+12,1,9,0,9,0,8,0,0,0,0,3,1,6,1,40,7,1796,1,8,2,1,2
2.02E+12,2,9,0,9,0,8,0,0,0,0,4,1,6,1,67,10,1798,8,1,8,1,8
2.02E+12,1,9,0,18,0,8,0,0,0,0,1,1,6,1,52,8,999,1,1,7,1,7
2.02E+12,2,9,0,9,0,5,0,0,0,0,1,1,2,2,40,7,1596,1,8,3,1,3
2.02E+12,1,9,0,4,0,1,0,0,0,0,1,1,6,1,33,6,1598,1,4,2,1,2
2.02E+12,2,9,0,3,0,2,0,0,0,0,2,1,6,2,42,7,1984,1,9,7,1,7
2.02E+12,1,9,0,9,0,2,0,0,0,0,1,1,2,1,24,5,973,1,15,2,1,2
2.02E+12,1,9,0,18,0,1,0,10,0,0,1,1,6,1,38,7,998,1,12,1,1,1
2.02E+12,1,9,0,18,0,1,0,0,0,0,3,1,2,2,40,7,1149,1,13,3,1,3
2.02E+12,1,9,0,9,0,2,0,0,0,0,1,1,6,2,29,6,1240,1,9,2,1,2
2.02E+12,2,3,0,18,0,1,0,11,0,0,1,1,6,1,23,5,125,1,2,4,1,4
2.02E+12,1,9,0,16,0,8,0,7,0,0,1,1,6,2,29,6,1299,1,17,6,1,6
2.02E+12,2,9,0,16,0,8,0,0,0,0,2,1,6,1,21,5,1229,1,2,2,1,2
2.02E+12,1,3,0,13,0,8,5,0,0,0,1,1,1,1,22,5,125,1,1,6,1,6
2.02E+12,2,9,0,9,0,6,0,0,0,0,3,1,1,2,50,8,1998,1,12,6,1,6
2.02E+12,1,9,0,5,0,1,0,0,0,0,4,1,2,2,44,7,1198,1,15,8,1,8
2.02E+12,1,9,0,7,0,1,0,0,0,0,3,1,6,1,28,6,1968,2,7,4,1,4
2.02E+12,1,9,0,18,0,2,0,0,1,1,3,1,6,2,30,6,1596,1,5,10,1,10
2.02E+12,2,19,0,6,0,1,0,0,0,0,1,1,1,1,24,5,2402,2,6,3,1,3
2.02E+12,2,9,0,10,0,1,0,0,0,0,0,2,1,2,49,8,1798,8,1,3,1,3
2.02E+12,1,3,0,3,0,5,1,0,0,0,1,1,2,1,34,6,125,1,2,5,1,5
2.02E+12,2,20,0,3,0,8,0,0,0,0,1,1,1,1,39,7,12902,2,1,6,2,6
2.02E+12,1,9,0,3,0,1,0,0,0,0,2,1,1,1,46,8,1598,2,3,2,1,2
2.02E+12,2,9,0,18,0,1,0,4,0,0,1,1,6,1,60,9,1995,2,9,4,1,4
2.02E+12,1,9,0,18,0,1,0,0,0,0,1,1,2,2,56,9,1668,1,16,10,1,10
2.02E+12,1,9,0,7,0,5,0,0,0,0,4,1,1,2,24,5,1329,1,2,3,1,3
2.02E+12,1,11,0,13,0,8,0,0,0,0,0,1,1,1,40,7,5132,2,2,3,1,3
2.02E+12,1,9,0,18,0,1,0,0,1,0,1,1,2,2,40,7,1242,1,1,7,2,7
2.02E+12,1,11,0,18,2,1,0,0,0,0,3,1,1,1,27,6,4500,2,8,3,1,3
2.02E+12,1,9,0,9,0,1,0,0,0,0,4,1,2,1,32,6,1229,1,9,2,1,2
2.02E+12,1,3,0,4,0,1,0,0,0,0,3,1,2,1,41,7,108,1,2,5,1,5
2.02E+12,2,2,0,18,0,1,5,0,0,0,4,1,2,2,40,7,49,1,10,7,1,7
2.02E+12,1,5,0,14,0,2,0,0,0,0,1,1,2,1,42,7,599,1,7,7,3,7
2.02E+12,1,9,0,18,0,2,0,0,0,0,1,1,2,2,49,8,1299,1,14,3,1,3
2.02E+12,2,3,0,15,0,2,0,0,0,0,4,1,6,1,50,8,124,1,5,2,1,2
2.02E+12,1,9,0,10,0,1,0,0,0,0,1,1,6,2,63,9,1108,1,8,4,1,4
2.02E+12,2,5,0,16,0,8,0,0,0,0,1,1,1,1,52,8,1077,1,1,2,1,2
2.02E+12,1,9,0,18,0,4,0,0,0,0,1,1,6,1,57,9,998,1,6,3,1,3
2.02E+12,2,3,0,18,0,4,0,0,0,0,2,1,6,1,32,6,125,1,2,2,1,2
2.02E+12,1,5,0,18,0,1,5,0,0,0,1,1,2,1,38,7,599,1,5,6,1,6
2.02E+12,1,9,0,18,0,2,0,0,0,0,1,1,6,1,80,11,1598,1,8,5,1,5
2.02E+12,2,3,0,15,0,8,0,0,0,0,1,1,1,1,31,6,125,1,6,4,1,4
2.02E+12,1,5,0,18,0,2,2,0,0,0,1,1,2,1,42,7,738,1,18,7,1,7
2.02E+12,1,9,0,18,0,8,0,0,0,0,4,1,6,1,32,6,1995,1,13,4,1,4
2.02E+12,2,9,0,9,0,8,0,0,0,0,1,1,6,1,45,7,2179,2,11,2,1,2