Accident_Index,Vehicle_Reference,Vehicle_Type,Towing_and_Articulation,Vehicle_Manoeuvre,Vehicle_Location-Restricted_Lane,Junction_Location,Skidding_and_Overturning,Hit_Object_in_Carriageway,Vehicle_Leaving_Carriageway,Hit_Object_off_Carriageway,1st_Point_of_Impact,Was_Vehicle_Left_Hand_Drive?,Journey_Purpose_of_Driver,Sex_of_Driver,Age_of_Driver,Age_Band_of_Driver,Engine_Capacity_(CC),Propulsion_Code,Age_of_Vehicle,Driver_IMD_Decile,Driver_Home_Area_Type,Vehicle_IMD_Decile
2.02E+12,2,3,0,18,0,8,0,0,0,0,1,1,6,1,24,5,125,1,3,2,1,2
2.02E+12,1,11,0,7,0,8,0,0,0,0,0,1,1,2,34,6,9000,2,11,2,1,2
2.02E+12,1,9,0,3,0,1,0,0,0,0,2,1,6,2,28,6,1596,1,13,3,1,3
2.02E+12,2,9,0,18,0,1,0,0,0,0,1,1,1,1,40,7,1796,1,12,4,1,4
2.02E+12,1,4,0,18,0,1,0,0,0,0,1,1,6,1,30,6,249,1,2,2,1,2
2.02E+12,1,9,0,6,0,1,0,0,0,0,3,1,6,1,24,5,2987,2,9,3,1,3
2.02E+12,1,9,0,18,0,2,0,0,0,0,1,1,6,1,54,8,1999,1,15,4,1,4
2.02E+12,2,9,0,9,0,6,0,0,0,0,3,1,6,2,44,7,1396,1,16,10,1,10
2.02E+12,1,5,0,18,0,8,0,0,0,0,0,1,2,2,38,7,650,1,4,5,1,5
2.02E+12,1,9,0,1,0,1,0,0,0,0,2,1,6,2,63,9,1997,2,2,2,1,2
2.02E+12,1,9,0,10,0,1,0,0,0,0,3,1,6,2,44,7,1364,1,9,4,1,4
2.02E+12,1,9,0,9,0,5,0,0,0,0,1,1,6,1,36,7,1999,1,8,2,1,2
2.02E+12,1,9,0,18,0,8,1,10,3,1,1,1,6,2,59,9,2400,2,1,3,1,3
2.02E+12,1,9,0,18,0,1,0,0,0,0,1,1,3,2,36,7,1997,1,13,6,1,6
2.02E+12,1,9,0,9,0,1,0,0,0,0,3,1,6,1,62,9,1997,2,1,3,1,3
2.02E+12,1,9,0,4,0,4,0,0,0,0,4,1,6,1,27,6,1900,2,12,2,1,2
2.02E+12,1,9,0,18,0,3,0,0,0,0,1,1,6,1,46,8,1598,1,12,3,1,3
2.02E+12,1,9,0,18,0,2,1,4,0,0,1,1,2,2,21,5,1248,1,6,4,1,4
2.02E+12,1,9,0,18,0,1,0,0,0,0,1,1,6,1,46,8,1956,2,3,3,1,3
2.02E+12,1,9,0,9,0,8,0,0,0,0,1,1,2,2,46,8,1984,1,17,2,1,2
2.02E+12,1,9,0,9,2,8,0,0,0,0,3,2,2,1,37,7,1360,1,15,3,1,3
2.02E+12,2,4,0,18,2,1,0,0,0,0,1,1,2,1,22,5,248,1,4,7,1,7
2.02E+12,1,2,0,18,0,8,0,0,0,0,4,1,1,1,25,5,49,1,2,2,1,2
2.02E+12,1,8,0,18,0,1,0,0,0,0,3,1,1,1,48,8,1997,2,1,6,1,6
2.02E+12,1,9,0,9,0,8,0,0,0,0,1,2,1,1,45,7,3199,1,18,5,1,5
2.02E+12,1,9,0,18,0,8,0,0,0,0,1,1,6,1,47,8,1986,2,10,8,1,8
2.02E+12,2,9,0,18,0,8,0,0,3,10,1,1,6,2,84,11,2967,1,13,9,1,9
2.02E+12,1,3,0,18,0,8,0,0,0,0,3,1,6,1,26,6,124,1,1,3,1,3
2.02E+12,1,9,0,3,0,1,0,0,0,0,3,1,4,2,50,8,1984,1,4,8,1,8
2.02E+12,2,4,0,18,0,1,0,0,0,0,3,1,6,1,23,5,125,1,3,2,1,2
2.02E+12,1,9,0,18,0,8,0,0,1,2,4,1,6,1,50,8,2143,12,2,5,1,5
2.02E+12,2,9,0,9,0,8,0,0,0,0,1,1,2,1,25,5,1364,1,11,1,1,1
2.02E+12,1,9,0,9,0,8,0,0,0,0,1,1,2,1,30,6,1596,1,12,3,1,3
2.02E+12,1,9,0,18,0,8,0,0,0,0,4,1,6,2,68,10,1461,2,6,3,1,3
2.02E+12,1,19,0,4,0,1,0,0,0,0,4,1,1,1,31,6,2148,2,10,3,1,3
2.02E+12,2,8,0,12,0,1,0,0,0,0,1,1,1,1,53,8,1798,8,2,9,1,9
2.02E+12,1,8,0,18,0,1,0,0,0,0,1,1,1,1,31,6,1339,8,7,4,1,4
2.02E+12,1,9,0,5,0,2,0,11,0,0,1,1,6,1,26,6,1968,2,7,2,1,2
2.02E+12,1,9,0,18,0,1,0,0,0,0,2,1,6,2,40,7,1497,1,13,5,1,5
2.02E+12,2,9,0,18,0,1,0,0,0,0,1,1,2,2,28,6,1242,1,4,6,1,6
2.02E+12,3,19,0,18,0,1,0,0,0,0,3,1,1,1,53,8,1968,2,2,4,1,4
2.02E+12,1,19,0,5,0,2,0,0,0,0,4,1,1,1,56,9,2298,2,1,3,1,3
2.02E+12,1,9,4,9,0,6,0,0,0,0,4,1,2,1,47,8,2470,2,24,3,1,3
2.02E+12,1,9,0,7,0,1,0,0,0,0,1,1,6,2,27,6,998,1,6,2,1,2
2.02E+12,2,9,0,1,0,1,0,0,0,0,2,1,6,1,22,5,1896,2,11,9,1,9
2.02E+12,1,9,0,5,0,4,0,0,0,0,1,1,6,1,29,6,1995,2,6,2,1,2
2.02E+12,1,11,0,14,0,1,0,0,0,0,3,1,1,1,42,7,4500,2,6,6,1,6
2.02E+12,1,9,0,18,0,8,1,0,0,0,1,1,6,2,40,7,1396,1,9,4,1,4
2.02E+12,2,9,0,18,0,8,0,0,0,0,1,1,6,1,44,7,1560,2,4,5,1,5
2.02E+12,1,9,0,18,0,8,0,4,0,0,1,1,2,2,41,7,1198,1,7,4,1,4
2.02E+12,1,9,0,4,0,8,0,0,0,0,1,1,2,2,54,8,1339,1,15,9,1,9
2.02E+12,1,19,0,18,0,1,0,0,0,0,2,1,1,1,36,7,2402,2,9,10,1,10
2.02E+12,2,11,0,18,0,1,0,4,7,10,1,1,1,1,69,10,4461,2,3,2,1,2
2.02E+12,1,9,0,5,0,1,0,0,7,0,1,1,6,1,58,9,2143,2,4,4,1,4
2.02E+12,1,9,0,18,0,1,0,0,0,0,3,1,2,1,22,5,1794,1,17,1,1,1
2.02E+12,1,9,0,9,0,2,0,0,0,0,4,1,6,2,37,7,2171,1,14,7,1,7
2.02E+12,2,9,0,18,0,8,0,0,0,0,3,1,6,2,30,6,1560,2,8,3,1,3
2.02E+12,1,19,0,5,0,1,0,0,0,0,1,1,1,1,33,6,2198,2,4,3,1,3
2.02E+12,2,3,0,18,0,2,0,0,0,0,1,1,6,1,37,7,125,1,7,3,1,3
2.02E+12,1,19,0,7,0,8,0,0,7,0,4,1,6,1,33,6,2143,2,6,7,1,7
2.02E+12,1,9,0,1,9,2,0,4,7,0,2,1,6,1,61,9,1998,1,15,2,1,2
2.02E+12,1,9,0,18,0,1,0,0,0,0,3,1,6,1,53,8,2494,1,14,5,1,5
2.02E+12,1,9,0,18,0,2,1,0,0,0,1,1,6,1,23,5,2000,1,11,5,1,5
2.02E+12,1,9,0,5,0,2,0,0,0,0,3,1,2,1,30,6,1364,1,8,3,1,3
2.02E+12,2,4,0,5,0,2,0,0,0,0,3,1,1,1,32,6,124,1,3,4,1,4
2.02E+12,1,9,0,10,0,1,0,4,0,0,0,1,3,2,36,7,3189,1,14,2,1,2
2.02E+12,1,9,0,18,0,1,0,0,0,0,3,1,6,1,24,5,1797,8,5,3,1,3
2.02E+12,1,2,0,18,0,1,2,0,0,0,1,1,6,1,19,4,499,1,9,9,1,9
2.02E+12,2,9,0,9,0,1,0,0,0,0,4,1,6,1,23,5,1390,1,15,6,1,6
2.02E+12,3,9,0,10,0,1,0,0,0,0,3,1,6,1,55,8,2987,2,12,5,1,5
2.02E+12,1,9,0,9,0,8,0,0,0,0,2,1,2,1,37,7,2993,2,1,6,1,6
2.02E+12,2,2,0,13,0,8,0,0,0,0,1,1,6,1,20,4,125,1,12,3,1,3
2.02E+12,1,9,0,5,0,4,0,0,0,0,3,1,1,1,24,5,1299,1,17,9,1,9
2.02E+12,2,3,0,18,0,4,0,0,0,0,1,1,6,1,29,6,125,1,5,2,1,2
2.02E+12,1,9,0,4,0,8,0,0,0,0,1,1,6,2,27,6,999,1,1,3,1,3
2.02E+12,2,5,0,7,0,1,0,0,0,0,1,1,6,1,31,6,645,1,10,6,1,6
2.02E+12,1,8,0,4,0,1,0,0,0,0,2,1,1,1,45,7,1598,2,2,1,1,1
2.02E+12,2,19,0,18,0,8,0,0,0,0,1,1,6,1,43,7,1998,2,13,2,1,2
2.02E+12,1,9,0,5,0,3,0,0,0,0,1,1,2,1,35,6,1390,1,10,3,1,3
2.02E+12,2,4,0,5,0,4,0,0,0,0,3,1,2,1,24,5,125,1,8,3,1,3
2.02E+12,1,9,0,5,0,1,0,0,0,0,1,1,6,1,26,6,1995,2,4,4,1,4
2.02E+12,2,9,0,4,0,1,0,0,0,0,1,1,6,1,27,6,1896,2,14,6,1,6
2.02E+12,1,3,0,18,0,2,0,0,0,0,1,1,6,1,18,4,124,1,2,5,1,5
2.02E+12,1,11,0,18,0,2,0,0,0,0,0,1,1,1,49,8,9000,2,8,4,1,4
2.02E+12,1,9,0,18,0,3,1,7,0,0,4,1,3,1,47,8,1600,1,16,2,1,2
2.02E+12,2,19,0,18,0,3,0,0,0,0,1,1,1,1,20,4,2402,2,7,9,2,9
2.02E+12,1,9,0,7,0,8,0,0,0,0,4,1,2,1,62,9,1988,1,17,3,1,3
2.02E+12,1,9,0,4,0,4,0,0,0,0,4,1,6,1,28,6,1995,2,10,5,1,5
2.02E+12,1,9,0,9,0,1,0,0,0,0,1,1,6,1,25,5,2698,2,8,6,1,6
2.02E+12,2,3,0,18,0,1,0,0,0,0,1,1,6,1,25,5,125,1,1,3,1,3
2.02E+12,1,9,0,9,0,6,0,0,0,0,1,1,6,1,28,6,1600,1,11,7,1,7
2.02E+12,1,11,0,4,2,8,0,0,0,0,1,1,1,1,53,8,4500,2,6,4,1,4
2.02E+12,1,4,0,18,0,2,0,0,0,0,2,1,6,1,35,6,125,1,3,1,1,1
2.02E+12,1,9,0,10,0,1,0,0,0,0,2,1,6,1,18,4,2231,2,10,4,1,4
2.02E+12,1,3,0,18,0,1,0,0,0,0,4,1,6,1,17,4,125,1,1,5,1,5
2.02E+12,1,9,0,4,0,6,0,0,0,0,2,1,6,1,52,8,1388,1,15,2,1,2
2.02E+12,2,9,0,3,0,6,0,0,0,0,1,1,2,2,24,5,1796,2,4,6,1,6
2.02E+12,1,9,0,5,0,2,0,0,0,0,1,1,6,2,43,7,2179,2,10,4,1,4
2.02E+12,2,9,0,18,0,1,0,0,0,0,4,1,6,1,61,9,1796,1,14,4,1,4
2.02E+12,1,20,0,18,0,2,0,0,0,0,1,2,1,1,38,7,12740,2,2,3,1,3
2.02E+12,2,9,0,9,0,8,0,0,0,0,1,1,6,2,29,6,1598,1,10,7,1,7
2.02E+12,1,5,0,13,0,2,1,10,0,0,3,1,1,1,35,6,670,1,5,1,1,1
2.02E+12,1,9,0,9,0,8,0,0,0,0,1,1,6,1,83,11,1396,1,16,9,1,9
2.02E+12,1,5,0,18,0,1,0,0,0,0,1,1,1,1,54,8,670,1,4,7,1,7
2.02E+12,1,9,0,9,0,8,0,0,0,0,1,1,1,1,43,7,2497,2,7,3,1,3
2.02E+12,1,11,0,5,0,1,0,0,0,0,1,1,6,1,35,6,4500,2,10,3,1,3
2.02E+12,1,9,0,18,0,8,0,0,0,0,1,1,6,1,56,9,999,1,16,1,1,1
2.02E+12,1,9,0,18,0,2,0,4,0,0,1,1,6,2,32,6,1598,1,11,2,1,2
2.02E+12,1,19,0,18,0,4,0,4,0,0,1,1,1,1,27,6,1995,2,9,1,1,1
2.02E+12,2,9,0,3,0,4,0,4,0,0,2,1,6,2,32,6,1596,1,11,6,1,6
2.02E+12,3,19,0,3,0,4,0,0,0,0,2,1,1,1,28,6,2198,2,2,7,1,7
2.02E+12,1,9,0,4,0,2,0,0,0,0,2,1,6,1,31,6,1991,2,5,3,1,3
2.02E+12,2,3,0,4,0,2,0,0,0,0,1,1,6,1,25,5,125,1,2,3,1,3
2.02E+12,1,9,0,18,0,2,0,0,0,0,1,1,6,1,47,8,1998,1,16,1,1,1
2.02E+12,1,9,0,12,0,2,0,0,0,0,3,1,6,1,65,9,1389,1,19,9,1,9
2.02E+12,1,4,0,17,0,8,0,0,0,0,1,1,6,1,25,5,125,1,1,3,1,3
2.02E+12,1,9,0,9,0,2,0,0,0,0,2,1,2,2,48,8,2143,2,6,8,1,8
2.02E+12,2,9,0,9,0,3,0,0,0,0,1,1,6,2,49,8,2179,2,3,9,1,9
2.02E+12,1,3,0,18,0,1,0,0,0,0,1,1,1,1,20,4,125,1,7,8,1,8
2.02E+12,2,9,0,6,0,1,0,0,0,0,4,1,6,1,31,6,1968,2,4,3,1,3
2.02E+12,1,9,0,9,0,5,0,0,0,0,1,1,3,1,24,5,999,1,7,5,1,5
2.02E+12,2,9,0,18,0,1,0,0,0,0,1,1,6,2,38,7,1398,1,3,7,3,7
2.02E+12,1,9,0,18,0,3,0,0,0,0,1,1,6,1,30,6,1390,1,10,5,1,5
2.02E+12,2,5,0,3,0,3,2,0,0,0,2,1,2,1,47,8,1198,1,2,8,1,8
2.02E+12,1,11,0,18,0,1,0,0,0,0,4,1,6,1,60,9,8268,2,11,3,1,3
2.02E+12,2,9,0,9,0,2,0,0,0,0,3,1,2,2,29,6,1242,1,3,9,2,9
2.02E+12,1,4,0,3,0,1,0,0,0,0,2,1,6,1,32,6,124,1,7,2,1,2
2.02E+12,2,9,0,4,0,1,0,0,0,0,1,1,6,1,83,11,1590,1,13,2,1,2
2.02E+12,1,9,0,5,0,8,0,0,0,0,1,1,6,1,46,8,1119,1,22,6,1,6
2.02E+12,2,3,0,18,0,8,0,0,0,0,3,1,6,1,20,4,125,1,2,6,1,6
2.02E+12,1,11,0,18,2,2,0,0,0,0,0,1,1,1,66,10,4500,2,2,2,1,2
2.02E+12,1,9,0,9,0,8,0,0,0,0,1,1,6,2,44,7,1998,1,14,3,1,3
2.02E+12,2,9,0,18,0,8,0,0,3,0,1,1,2,1,29,6,1997,2,2,4,1,4
2.02E+12,1,8,0,18,0,8,1,0,0,0,1,1,1,1,48,8,1796,1,9,2,1,2
2.02E+12,2,9,0,18,0,8,1,0,0,0,4,1,6,1,40,7,1968,2,1,4,1,4
2.02E+12,1,9,0,18,0,1,0,0,0,0,1,1,2,2,71,10,1198,1,3,5,1,5
2.02E+12,1,11,0,5,0,1,0,0,0,0,0,1,6,2,52,8,4500,2,2,2,1,2
2.02E+12,2,9,0,7,0,5,0,0,0,0,4,2,6,2,56,9,4999,1,6,8,3,8
2.02E+12,1,8,0,5,0,1,0,0,0,0,1,1,1,1,45,7,1686,2,6,2,1,2
2.02E+12,1,5,0,18,2,1,0,0,0,0,1,1,2,1,32,6,999,1,7,3,1,3
2.02E+12,2,9,0,7,0,5,0,0,0,0,1,1,6,2,23,5,1596,1,9,1,1,1
2.02E+12,2,9,0,18,0,1,1,0,1,0,4,1,6,1,26,6,1685,2,4,5,1,5
2.02E+12,1,9,0,5,0,2,0,0,0,0,1,1,1,1,74,10,1956,2,6,4,3,4
2.02E+12,1,9,0,18,0,2,0,0,0,0,1,1,2,1,27,6,1198,1,7,2,1,2
2.02E+12,2,9,0,9,0,2,0,0,0,0,0,1,2,1,27,6,1598,2,2,2,1,2
2.02E+12,1,19,0,18,0,1,1,10,1,4,1,1,6,1,28,6,1870,2,13,6,1,6
2.02E+12,1,5,0,4,0,3,0,0,0,0,4,1,2,1,32,6,999,1,1,6,1,6
2.02E+12,1,2,0,17,0,8,5,0,0,0,4,1,6,1,57,9,49,1,1,3,1,3
2.02E+12,2,9,0,11,0,8,0,0,0,0,3,1,6,1,25,5,1598,2,4,7,1,7
2.02E+12,1,8,0,7,0,6,0,0,0,0,1,1,1,1,50,8,1560,2,4,1,1,1
2.02E+12,2,11,0,18,0,8,0,0,0,0,1,1,1,1,49,8,7300,2,13,5,1,5
2.02E+12,1,9,0,4,0,1,0,0,0,0,2,1,6,2,39,7,1968,2,1,7,3,7
2.02E+12,2,8,0,4,0,1,0,0,0,0,1,1,1,1,32,6,2499,2,7,2,1,2
2.02E+12,1,3,0,9,0,1,0,0,0,0,4,1,6,2,25,5,125,1,1,4,1,4
2.02E+12,2,19,0,18,0,1,0,0,0,0,2,1,1,1,28,6,2198,2,4,3,1,3
2.02E+12,1,9,0,3,0,1,0,0,0,0,2,1,6,1,57,9,1242,1,9,2,1,2
2.02E+12,2,9,0,18,0,1,0,0,0,0,1,1,6,1,26,6,1995,1,13,6,1,6
2.02E+12,2,19,0,10,0,6,0,0,0,0,1,1,2,1,38,7,2460,2,9,8,1,8
2.02E+12,1,4,0,18,0,1,0,0,0,0,1,1,1,2,27,6,124,1,11,7,1,7
2.02E+12,2,9,0,18,0,1,0,0,0,0,3,1,1,1,54,8,1797,8,7,5,1,5
2.02E+12,1,11,0,5,0,1,0,0,0,0,0,1,1,1,65,9,4500,2,6,2,1,2
2.02E+12,1,3,0,5,0,1,0,0,0,0,1,1,2,1,35,6,125,1,6,5,1,5
2.02E+12,1,9,0,9,0,2,0,10,3,4,4,1,2,2,24,5,1398,1,2,8,1,8
2.02E+12,2,9,0,18,0,1,0,0,0,0,1,1,2,1,28,6,1390,1,6,6,1,6
2.02E+12,1,11,0,18,0,8,0,0,0,0,1,1,1,1,34,6,3900,2,12,6,1,6
2.02E+12,2,9,0,5,0,8,0,0,0,0,4,1,6,2,59,9,1198,1,1,2,1,2
2.02E+12,1,8,0,18,0,1,0,0,0,0,2,1,1,1,56,9,2664,2,16,8,1,8
2.02E+12,2,8,0,5,0,1,0,0,0,0,1,1,1,1,47,8,1997,2,4,3,1,3
2.02E+12,1,9,0,9,0,8,0,0,0,0,3,1,2,2,68,10,1587,1,10,6,1,6
2.02E+12,1,5,0,13,0,8,1,0,0,0,4,1,6,1,35,6,689,1,1,3,1,3
2.02E+12,2,9,0,9,0,8,0,0,0,0,3,1,6,2,42,7,2996,1,7,8,1,8
2.02E+12,2,19,0,7,4,5,0,0,0,0,4,1,1,1,33,6,2198,2,6,1,1,1
2.02E+12,1,11,0,18,0,3,0,0,0,0,0,1,1,1,55,8,6700,2,5,3,1,3
2.02E+12,1,9,0,8,0,1,0,0,0,0,2,1,6,1,27,6,3436,1,2,4,1,4
2.02E+12,2,19,4,18,0,1,0,0,0,0,1,1,1,1,30,6,2977,2,10,4,1,4
2.02E+12,1,9,0,18,0,1,0,0,0,0,1,1,6,2,28,6,998,1,10,3,1,3
2.02E+12,2,9,0,5,0,2,0,0,0,0,4,1,6,2,68,10,1242,1,7,10,1,10
2.02E+12,1,8,0,9,0,1,0,0,0,0,1,1,2,1,62,9,1798,8,3,2,1,2
2.02E+12,1,9,0,18,0,8,0,0,0,0,1,1,6,1,57,9,2967,1,17,2,1,2
2.02E+12,2,9,0,9,0,1,0,0,0,0,2,1,6,2,33,6,1596,1,8,4,1,4
2.02E+12,1,9,0,3,0,1,0,0,0,0,1,1,6,2,23,5,875,1,3,3,1,3
2.02E+12,1,3,0,9,0,8,1,0,0,0,1,1,2,1,42,7,937,1,22,2,1,2
2.02E+12,2,9,0,18,2,8,0,0,0,0,1,1,6,2,55,8,1598,1,9,5,1,5
2.02E+12,1,9,0,10,0,6,1,0,0,0,1,2,6,1,34,6,2967,2,7,4,1,4
2.02E+12,2,9,0,18,0,1,0,0,0,0,3,1,6,2,27,6,1984,1,10,4,1,4
2.02E+12,1,5,0,9,0,8,5,0,0,0,1,1,6,1,29,6,1000,1,9,4,1,4
2.02E+12,2,9,0,10,0,1,0,0,0,0,1,1,6,1,28,6,1598,1,9,3,1,3
2.02E+12,1,8,0,9,0,5,0,0,0,0,4,1,1,1,46,8,1797,8,5,1,1,1
2.02E+12,1,8,0,4,0,1,0,0,0,0,2,1,1,1,49,8,1560,2,6,3,1,3
2.02E+12,2,9,0,18,0,1,0,0,0,0,1,1,6,1,22,5,1896,2,19,2,1,2
2.02E+12,1,9,0,18,0,1,0,0,0,0,0,1,6,1,22,5,1686,2,4,2,1,2
2.02E+12,1,9,0,18,0,8,0,0,0,0,1,1,6,1,44,7,1339,1,8,6,1,6
2.02E+12,2,9,0,4,0,8,0,0,0,0,1,1,6,2,31,6,1329,1,3,2,1,2
2.02E+12,1,9,0,18,0,2,0,0,0,0,1,1,1,1,35,6,2969,2,9,7,1,7
2.02E+12,1,9,0,17,0,2,0,0,0,0,1,1,2,1,59,9,1398,1,6,2,1,2
2.02E+12,1,9,0,3,0,7,0,0,0,0,2,1,2,1,44,7,1997,2,13,6,1,6
2.02E+12,2,8,0,14,0,7,0,4,0,0,4,1,1,1,44,7,1896,2,10,3,1,3
2.02E+12,2,9,0,18,0,1,0,0,0,0,1,1,6,2,53,8,1997,1,13,3,1,3
2.02E+12,1,8,0,3,0,1,0,0,0,0,2,1,1,1,48,8,2499,2,2,1,1,1
2.02E+12,1,8,0,18,0,1,0,0,0,0,1,1,1,1,55,8,1798,8,4,2,1,2
2.02E+12,1,5,0,13,6,8,0,9,0,0,3,1,2,1,40,7,689,1,3,3,1,3
2.02E+12,2,19,0,18,0,8,0,0,0,0,3,1,1,1,31,6,2143,2,1,6,1,6
2.02E+12,1,9,0,18,0,1,0,0,0,0,2,1,3,2,33,6,1797,8,6,5,1,5
2.02E+12,1,19,0,5,0,2,0,0,0,0,1,1,1,1,55,8,1560,2,4,8,1,8
2.02E+12,1,9,0,18,0,1,0,0,0,0,1,1,2,1,63,9,2996,1,12,9,1,9
2.02E+12,1,9,0,5,0,8,0,0,0,0,1,1,2,1,50,8,1984,1,9,6,1,6
2.02E+12,1,3,0,18,0,4,0,0,0,0,1,1,2,1,27,6,124,1,13,2,1,2
2.02E+12,2,9,0,5,0,4,0,0,0,0,3,1,2,1,30,6,2987,2,1,2,1,2
2.02E+12,1,19,0,4,6,2,0,0,1,0,3,1,2,1,32,6,2143,2,6,4,1,4
2.02E+12,1,11,0,5,0,1,0,0,0,0,0,1,1,1,60,9,9000,2,8,9,1,9
2.02E+12,1,9,0,7,0,8,0,0,0,0,4,1,2,1,36,7,1798,8,2,1,1,1
2.02E+12,1,9,0,9,0,8,0,0,0,0,1,1,1,2,42,7,1388,1,14,8,1,8
2.02E+12,2,4,0,18,0,8,0,0,0,0,1,1,1,1,21,5,249,1,5,3,1,3
2.02E+12,1,9,0,3,0,2,0,0,0,0,2,1,3,2,38,7,1995,2,11,7,1,7
2.02E+12,2,9,0,5,0,2,0,0,0,0,1,1,6,1,21,5,1796,1,8,8,1,8
2.02E+12,3,9,0,3,0,2,0,0,0,0,2,2,6,1,48,8,1198,1,6,8,1,8
2.02E+12,1,9,0,18,0,5,0,0,0,0,1,1,1,2,45,7,3456,8,7,8,1,8
2.02E+12,2,9,0,7,0,5,0,0,0,0,1,1,6,1,30,6,1781,1,16,7,1,7
2.02E+12,1,9,0,18,0,1,0,0,0,0,3,1,6,1,53,8,1798,8,5,1,1,1
2.02E+12,1,9,0,7,0,5,0,0,0,0,4,1,6,2,41,7,1753,2,7,8,1,8
2.02E+12,2,9,0,18,0,5,1,0,1,10,3,1,6,2,36,7,1984,1,6,8,1,8
2.02E+12,2,5,0,18,0,1,0,0,0,0,3,1,2,1,32,6,745,1,3,3,1,3
2.02E+12,1,3,0,14,2,1,0,0,0,0,1,1,1,1,34,6,125,1,4,2,1,2
2.02E+12,2,9,0,7,0,5,0,0,1,0,4,1,1,1,39,7,1598,1,3,2,1,2
2.02E+12,1,8,0,3,0,1,0,0,0,0,4,1,1,1,48,8,1798,8,5,3,1,3
2.02E+12,1,9,0,9,0,6,0,0,0,0,1,1,2,1,53,8,2143,2,6,4,1,4
2.02E+12,1,9,0,7,0,2,0,0,0,0,2,1,6,1,43,7,1461,2,4,10,1,10
2.02E+12,1,8,0,4,0,1,0,12,0,0,1,1,6,1,47,8,1598,1,5,2,1,2
2.02E+12,1,9,0,18,0,1,0,0,0,0,4,1,6,1,69,10,2987,2,9,9,1,9
2.02E+12,1,19,0,9,0,1,0,0,0,0,3,1,1,1,54,8,1968,2,1,3,1,3
2.02E+12,2,3,0,13,0,1,0,0,0,0,1,1,6,1,28,6,123,1,1,2,1,2
2.02E+12,2,9,0,9,0,5,0,0,7,0,2,1,6,2,74,10,998,1,16,9,1,9
2.02E+12,3,9,0,7,0,2,0,0,0,0,4,1,6,1,49,8,2993,2,1,4,1,4
2.02E+12,4,9,0,18,0,2,0,0,0,0,1,1,6,1,45,7,2993,2,1,4,1,4
2.02E+12,2,3,0,18,0,1,0,0,0,0,1,1,6,1,25,5,125,1,12,2,1,2
2.02E+12,1,9,0,9,0,1,0,0,0,0,1,1,2,1,30,6,999,1,16,3,1,3
2.02E+12,1,9,0,9,0,5,0,0,0,0,1,1,2,1,35,6,1871,2,14,6,3,6
2.02E+12,1,9,0,18,0,2,0,0,0,0,1,1,6,1,32,6,1995,2,9,6,1,6
2.02E+12,1,8,0,18,0,1,0,0,0,0,1,1,1,1,48,8,1797,8,5,9,1,9
2.02E+12,1,9,0,4,0,1,5,4,0,0,1,1,6,1,81,11,1396,1,17,3,1,3
2.02E+12,1,3,0,7,2,1,0,0,1,0,3,1,1,1,22,5,125,1,3,5,1,5
2.02E+12,2,11,0,13,2,1,0,0,0,0,4,1,1,1,45,7,3900,2,12,2,1,2
2.02E+12,1,9,0,3,0,1,0,0,0,0,4,2,6,1,51,8,2143,2,6,3,1,3
2.02E+12,1,8,0,9,0,8,0,0,0,0,4,1,1,1,32,6,2499,2,11,7,1,7
2.02E+12,1,21,1,3,0,1,0,0,0,0,2,1,1,1,44,7,10677,2,1,4,1,4
2.02E+12,2,9,0,18,0,1,0,4,0,0,1,1,6,2,62,9,1997,2,1,10,1,10
2.02E+12,1,9,0,7,0,6,0,0,0,0,1,2,6,1,33,6,3199,2,13,3,1,3
2.02E+12,2,9,0,18,0,1,0,0,0,0,4,1,6,2,22,5,996,1,5,7,1,7
2.02E+12,2,9,0,3,0,8,0,0,0,0,3,1,1,2,45,7,1968,2,7,1,1,1
2.02E+12,3,9,0,3,0,8,0,0,0,0,3,1,6,2,54,8,2231,2,9,1,1,1
2.02E+12,1,9,0,6,0,2,0,0,0,0,1,1,1,1,55,8,1598,2,4,7,1,7
2.02E+12,2,3,0,13,0,2,0,0,0,0,1,1,1,1,24,5,125,1,3,2,1,2
2.02E+12,1,3,0,18,0,8,5,0,0,0,1,1,6,1,25,5,125,1,7,4,1,4
2.02E+12,2,9,0,9,0,8,0,0,0,0,1,1,6,2,24,5,1598,1,9,5,1,5
2.02E+12,1,9,0,5,0,3,0,0,0,0,1,1,2,1,39,7,1490,1,10,2,1,2
2.02E+12,2,3,0,5,0,3,0,0,0,0,1,1,1,1,24,5,49,1,7,5,1,5
2.02E+12,1,9,0,18,0,6,0,0,0,0,3,1,6,1,28,6,2993,2,6,6,1,6
2.02E+12,1,9,0,4,0,2,0,0,0,0,2,1,6,1,23,5,2204,2,11,10,1,10
2.02E+12,2,9,0,18,0,2,0,0,0,0,2,1,6,1,28,6,1995,2,11,7,1,7
2.02E+12,1,9,0,9,0,8,0,0,0,0,3,1,2,1,44,7,1587,1,16,1,1,1
2.02E+12,1,9,0,18,0,1,0,11,0,0,1,1,6,1,23,5,1995,1,11,1,1,1
2.02E+12,2,9,0,10,0,1,0,11,0,0,3,1,6,1,23,5,1968,2,3,1,1,1
2.02E+12,1,9,0,4,0,1,0,0,0,0,2,1,6,1,34,6,1598,2,1,2,1,2
2.02E+12,2,9,0,4,0,1,0,0,0,0,1,1,6,2,37,7,1596,1,12,4,1,4
2.02E+12,1,3,0,18,0,8,0,0,0,0,1,1,6,1,23,5,125,1,1,3,1,3