Accident_Index,Vehicle_Reference,Vehicle_Type,Towing_and_Articulation,Vehicle_Manoeuvre,Vehicle_Location-Restricted_Lane,Junction_Location,Skidding_and_Overturning,Hit_Object_in_Carriageway,Vehicle_Leaving_Carriageway,Hit_Object_off_Carriageway,1st_Point_of_Impact,Was_Vehicle_Left_Hand_Drive?,Journey_Purpose_of_Driver,Sex_of_Driver,Age_of_Driver,Age_Band_of_Driver,Engine_Capacity_(CC),Propulsion_Code,Age_of_Vehicle,Driver_IMD_Decile,Driver_Home_Area_Type,Vehicle_IMD_Decile
2.02E+12,1,9,0,5,0,1,0,0,0,0,1,1,6,1,48,8,2143,2,3,3,1,3
2.02E+12,1,9,0,9,0,8,0,0,0,0,1,1,6,1,18,4,1995,1,13,6,1,6
2.02E+12,2,9,0,18,0,1,0,0,0,0,1,1,6,2,22,5,1390,1,14,1,1,1
2.02E+12,2,9,0,18,0,6,0,0,0,0,1,1,6,1,33,6,1995,2,7,4,1,4
2.02E+12,1,9,0,18,0,8,0,0,0,0,1,1,6,1,19,4,1598,1,3,9,1,9
2.02E+12,1,3,0,15,0,1,0,0,1,10,3,1,6,1,44,7,124,1,5,6,1,6
2.02E+12,2,9,0,7,0,1,0,0,0,0,4,1,1,1,38,7,1798,8,4,2,1,2
2.02E+12,1,9,0,3,0,1,0,0,0,0,2,1,6,2,55,8,1781,1,16,5,1,5
2.02E+12,1,9,0,16,0,2,0,0,0,0,1,1,6,1,30,6,1970,1,13,2,1,2
2.02E+12,2,9,0,18,0,2,0,0,0,0,1,1,2,1,58,9,1956,2,5,6,1,6
2.02E+12,1,9,0,5,0,6,0,0,0,0,1,1,6,1,57,9,1497,8,9,3,1,3
2.02E+12,1,9,0,9,0,1,0,0,1,10,1,1,6,2,31,6,1596,1,11,9,1,9
2.02E+12,1,4,0,18,0,8,0,0,0,0,1,1,2,1,50,8,599,1,9,10,1,10
2.02E+12,2,9,0,9,0,8,0,0,0,0,1,1,6,1,26,6,1299,1,16,1,1,1
2.02E+12,1,3,0,4,0,1,0,0,0,0,2,1,1,1,23,5,108,1,4,2,1,2
2.02E+12,2,9,0,4,0,1,0,0,0,0,1,1,6,1,26,6,1995,2,5,2,1,2
2.02E+12,1,4,0,18,0,8,0,0,0,0,1,1,2,1,40,7,125,1,3,2,1,2
2.02E+12,1,90,0,18,0,1,0,0,0,0,1,1,1,1,24,5,2143,2,6,1,1,1
2.02E+12,2,9,0,18,0,8,0,0,0,0,1,1,6,1,33,6,1461,2,7,3,1,3
2.02E+12,1,9,0,3,0,1,0,0,0,0,2,1,6,1,75,10,1360,1,11,9,1,9
2.02E+12,2,3,0,4,0,1,1,0,0,0,1,1,6,1,21,5,125,1,1,1,1,1
2.02E+12,1,9,0,18,0,1,0,7,0,0,1,1,6,1,89,11,1498,1,5,9,1,9
2.02E+12,1,11,0,4,0,1,0,0,0,0,1,1,1,1,40,7,5132,2,1,3,1,3
2.02E+12,2,9,0,4,8,6,0,0,0,0,2,1,6,1,36,7,2979,1,12,1,1,1
2.02E+12,1,11,0,18,0,8,0,0,0,0,1,1,1,1,28,6,7300,2,14,3,1,3
2.02E+12,1,9,0,18,0,1,0,0,0,0,1,1,6,1,51,8,2969,2,9,3,1,3
2.02E+12,2,9,0,9,0,1,0,0,0,0,1,1,6,1,47,8,1364,2,9,6,1,6
2.02E+12,1,19,0,7,0,1,0,0,0,0,4,1,1,1,37,7,2198,2,3,3,1,3
2.02E+12,1,8,0,9,0,8,0,0,0,0,4,1,6,1,74,10,2664,2,16,9,1,9
2.02E+12,2,5,0,18,0,8,5,0,0,0,1,1,6,1,42,7,847,1,1,5,1,5
2.02E+12,1,9,0,18,0,1,0,0,0,0,2,1,6,2,39,7,998,1,7,9,1,9
2.02E+12,2,9,0,10,0,1,0,0,0,0,1,1,6,1,58,9,3498,1,9,3,1,3
2.02E+12,3,11,0,18,0,1,0,0,0,0,1,1,6,1,45,7,4500,2,5,4,1,4
2.02E+12,1,11,0,3,0,1,0,0,0,0,0,1,6,1,29,6,7300,2,14,6,1,6
2.02E+12,1,9,0,3,0,1,0,0,0,0,3,2,6,1,35,6,1598,1,11,6,1,6
2.02E+12,1,8,0,9,0,8,0,0,0,0,1,1,1,1,29,6,2143,2,3,7,1,7
2.02E+12,1,11,0,5,0,1,0,0,0,0,0,1,1,1,31,6,7300,2,14,1,1,1
2.02E+12,1,3,0,13,7,5,0,11,0,0,1,1,6,1,37,7,125,1,2,2,1,2
2.02E+12,1,9,0,7,0,8,0,0,0,0,2,1,6,2,30,6,1600,1,13,3,1,3
2.02E+12,1,4,0,18,0,8,1,0,0,0,1,1,6,1,25,5,499,1,15,10,2,10
2.02E+12,2,9,0,9,0,8,0,0,0,0,4,1,1,1,52,8,1998,2,5,7,1,7
2.02E+12,1,11,0,18,0,2,0,0,0,0,0,1,1,1,73,10,7300,2,11,5,1,5
2.02E+12,1,9,0,5,0,1,0,0,0,0,1,1,6,2,22,5,1242,1,8,2,1,2
2.02E+12,2,9,0,18,0,1,0,0,0,0,1,1,6,1,36,7,2685,2,12,2,1,2
2.02E+12,2,9,0,5,0,2,0,0,0,0,2,1,1,1,26,6,1499,2,1,7,1,7
2.02E+12,1,9,0,18,0,1,1,0,0,0,1,1,6,1,24,5,2035,1,10,3,1,3
2.02E+12,2,9,0,9,0,6,0,0,0,0,1,1,6,1,30,6,1396,2,7,6,1,6
2.02E+12,1,9,0,18,2,2,0,0,0,0,1,1,6,1,23,5,2993,2,3,4,2,4
2.02E+12,1,11,0,18,0,2,0,0,0,0,0,1,1,1,51,8,6692,2,4,1,1,1
2.02E+12,1,9,0,6,0,2,0,0,0,0,4,1,6,2,26,6,1598,2,1,2,1,2
2.02E+12,1,9,0,1,0,2,0,0,0,0,2,1,6,2,69,10,1796,1,13,4,1,4
2.02E+12,1,11,0,5,0,8,0,0,0,0,0,1,1,2,29,6,4760,2,4,4,1,4
2.02E+12,1,9,0,5,0,1,0,0,0,0,0,1,6,1,31,6,1956,2,4,4,1,4
2.02E+12,2,5,0,3,0,1,0,0,0,0,0,1,6,1,33,6,1690,1,2,3,1,3
2.02E+12,1,19,0,12,0,2,0,0,0,0,1,1,6,1,45,7,1753,2,9,1,1,1
2.02E+12,2,9,0,18,0,1,0,0,0,0,4,1,6,1,30,6,1995,2,6,4,1,4
2.02E+12,1,9,0,18,0,8,0,0,0,0,1,1,6,2,40,7,2993,2,7,5,1,5
2.02E+12,2,9,0,9,0,8,0,0,0,0,3,1,6,1,49,8,1598,1,8,6,1,6
2.02E+12,1,9,0,18,0,8,0,0,0,0,1,1,2,1,30,6,1149,1,13,7,1,7
2.02E+12,2,9,0,9,0,8,0,0,0,0,3,1,6,2,20,4,1364,1,9,10,2,10
2.02E+12,1,9,0,9,0,6,0,0,0,0,1,1,1,1,35,6,1798,8,1,3,1,3
2.02E+12,2,9,0,18,0,1,0,0,0,0,1,1,6,1,28,6,1199,1,16,3,1,3
2.02E+12,1,9,0,18,0,1,0,0,0,0,3,1,6,1,58,9,1560,2,4,5,1,5
2.02E+12,1,19,0,8,0,1,0,0,0,0,1,1,1,1,57,9,2143,2,2,5,1,5
2.02E+12,2,9,0,18,0,1,0,0,1,0,3,1,6,2,61,9,2000,2,9,5,1,5
2.02E+12,1,9,0,1,9,4,0,0,0,0,2,1,6,2,34,6,1988,1,15,5,1,5
2.02E+12,1,8,0,18,0,1,0,0,0,0,3,1,1,1,57,9,1797,8,8,2,1,2
2.02E+12,1,9,0,18,0,1,0,0,0,0,1,1,2,1,20,4,1124,1,16,1,1,1
2.02E+12,2,9,0,9,0,8,0,0,0,0,3,1,6,2,20,4,998,1,17,10,1,10
2.02E+12,1,9,0,18,0,1,0,0,0,0,1,1,6,1,69,10,1591,1,4,6,1,6
2.02E+12,2,9,0,18,0,8,0,0,0,0,1,1,6,1,23,5,3222,2,13,1,1,1
2.02E+12,1,9,0,18,0,2,0,0,0,0,1,1,6,2,30,6,1598,1,12,1,1,1
2.02E+12,1,9,0,18,0,8,0,0,0,0,1,1,2,1,40,7,1596,1,10,1,1,1
2.02E+12,2,19,0,9,0,6,0,0,0,0,1,2,2,1,60,9,1753,2,5,1,1,1
2.02E+12,1,9,0,1,0,1,0,0,0,0,2,1,6,1,47,8,1969,2,1,8,2,8
2.02E+12,1,9,0,18,0,6,0,0,7,0,4,1,6,1,22,5,1398,2,4,1,1,1
2.02E+12,1,11,0,5,0,1,0,0,0,0,0,1,1,1,45,7,6700,2,6,7,1,7
2.02E+12,1,9,0,16,0,5,0,10,6,0,1,1,6,2,34,6,1968,2,2,6,1,6
2.02E+12,2,9,0,5,0,1,0,0,0,0,3,1,1,1,52,8,2143,2,4,6,1,6
2.02E+12,1,9,0,10,0,1,0,0,0,0,1,1,1,1,36,7,1497,8,1,3,1,3
2.02E+12,2,3,0,18,0,1,1,0,0,0,1,1,1,1,28,6,108,1,1,5,1,5
2.02E+12,2,3,0,7,0,8,5,0,0,0,3,1,1,1,22,5,108,1,2,8,1,8
2.02E+12,1,3,0,18,0,2,2,4,0,0,1,1,1,1,31,6,125,1,1,1,1,1
2.02E+12,2,9,0,3,0,1,0,0,0,0,2,1,2,1,28,6,2993,2,1,5,1,5
2.02E+12,1,8,0,4,0,5,0,0,1,0,2,1,1,2,46,8,1798,1,6,3,1,3
2.02E+12,2,11,0,4,0,5,0,0,0,0,1,1,1,1,32,6,10837,2,1,3,1,3
2.02E+12,1,9,0,18,0,8,0,0,3,0,1,1,6,1,43,7,1968,2,8,4,1,4
2.02E+12,2,9,0,9,0,8,0,0,0,0,4,1,6,1,46,8,1598,1,2,2,1,2
2.02E+12,1,9,0,5,0,8,0,0,0,0,2,1,6,1,40,7,1896,2,14,5,1,5
2.02E+12,2,9,0,5,0,8,0,0,0,0,0,1,1,1,37,7,1560,2,3,2,1,2
2.02E+12,1,9,0,18,0,1,0,0,0,0,2,1,6,1,54,8,1242,1,11,3,1,3
2.02E+12,2,19,0,18,0,1,0,0,0,0,1,1,6,1,34,6,2198,2,2,3,1,3
2.02E+12,3,9,0,9,0,6,0,0,0,0,3,1,6,2,33,6,1299,1,14,4,1,4
2.02E+12,1,8,0,4,0,2,0,0,0,0,3,2,6,1,44,7,1997,2,3,5,1,5
2.02E+12,1,9,0,6,0,2,0,0,0,0,3,1,6,1,19,4,1596,1,12,3,1,3
2.02E+12,2,2,0,18,0,2,1,0,0,0,1,1,1,1,28,6,49,1,6,1,1,1
2.02E+12,1,9,0,4,0,1,0,0,0,0,1,2,1,2,34,6,1499,2,1,3,1,3
2.02E+12,2,4,0,18,0,1,0,0,0,0,1,1,6,1,17,4,125,1,6,9,1,9
2.02E+12,1,3,0,18,0,1,0,0,0,0,1,1,1,1,21,5,108,1,5,4,1,4
2.02E+12,1,9,0,9,0,8,0,0,0,0,1,1,6,1,28,6,1597,1,9,4,1,4
2.02E+12,2,5,0,18,0,8,1,0,0,0,1,1,6,1,26,6,599,1,21,1,1,1
2.02E+12,1,9,0,18,0,8,1,0,0,0,1,1,6,1,38,7,1686,2,13,3,1,3
2.02E+12,2,9,0,18,0,8,0,0,1,0,1,1,6,1,46,8,1968,2,5,9,1,9
2.02E+12,1,9,0,18,0,1,0,10,1,2,1,1,6,1,37,7,1796,1,9,4,1,4
2.02E+12,1,9,0,7,0,8,0,0,0,0,1,1,6,2,45,7,1910,2,10,2,1,2
2.02E+12,2,3,0,18,2,1,0,0,0,0,3,1,2,1,21,5,124,1,11,4,1,4
2.02E+12,1,8,0,10,0,1,0,0,0,0,0,1,2,1,44,7,1798,8,2,3,1,3
2.02E+12,1,9,0,9,0,8,0,0,0,0,1,1,6,2,58,9,1598,1,5,3,1,3
2.02E+12,2,19,0,10,0,1,0,0,0,0,1,1,1,1,28,6,1248,2,7,2,1,2
2.02E+12,3,9,0,18,0,8,0,0,0,0,1,1,2,1,25,5,2996,1,9,4,1,4
2.02E+12,1,19,0,5,0,6,0,0,0,0,1,1,2,1,31,6,1968,2,2,8,2,8
2.02E+12,1,9,0,10,0,1,0,0,0,0,1,1,1,1,46,8,1968,2,11,4,1,4
2.02E+12,2,5,0,18,0,1,5,0,0,0,3,1,2,1,24,5,803,1,1,7,1,7
2.02E+12,1,3,0,3,0,1,0,0,0,0,1,1,6,1,44,7,108,1,2,2,1,2
2.02E+12,1,9,0,18,0,1,0,0,0,0,0,1,6,2,57,9,1798,1,11,5,1,5
2.02E+12,2,8,0,3,0,1,0,0,0,0,1,1,6,1,63,9,2499,2,3,3,1,3
2.02E+12,3,9,0,18,0,1,0,0,0,0,1,1,6,2,20,4,1242,1,7,6,1,6
2.02E+12,1,9,0,18,0,4,0,0,0,0,1,1,6,2,46,8,1360,1,7,8,1,8
2.02E+12,1,11,0,9,0,2,0,0,0,0,0,1,1,1,44,7,6700,2,6,1,1,1
2.02E+12,1,8,0,1,0,6,0,0,0,0,2,1,1,1,27,6,1560,2,5,2,1,2
2.02E+12,2,3,0,18,0,1,0,0,0,0,1,1,6,1,18,4,109,1,3,5,1,5
2.02E+12,1,9,0,5,0,3,0,0,0,0,1,1,6,1,28,6,1388,1,13,7,1,7
2.02E+12,2,9,0,18,0,4,0,0,0,0,1,1,6,1,26,6,1391,1,21,7,1,7
2.02E+12,1,90,0,18,0,1,0,0,0,0,1,1,6,1,29,6,2298,2,2,2,1,2
2.02E+12,2,9,0,10,2,1,0,0,1,0,1,1,2,2,24,5,1598,1,12,2,1,2
2.02E+12,1,9,0,18,9,1,0,10,1,0,1,1,2,1,25,5,999,1,2,2,1,2
2.02E+12,2,9,0,9,0,8,0,0,0,0,0,1,6,1,67,10,1388,1,10,4,1,4
2.02E+12,1,9,0,16,0,8,0,0,0,0,3,1,6,2,48,8,2099,1,14,4,1,4
2.02E+12,2,9,0,3,0,6,0,0,0,0,4,1,6,2,50,8,1968,2,11,8,1,8
2.02E+12,3,9,0,17,0,8,0,0,0,0,3,1,6,1,46,8,1753,2,9,9,1,9
2.02E+12,1,11,0,4,0,8,0,0,0,0,0,1,1,1,52,8,6692,2,6,5,1,5
2.02E+12,1,9,0,9,0,5,0,0,0,0,3,1,6,2,43,7,1896,2,8,5,1,5
2.02E+12,2,3,0,13,0,1,0,0,0,0,1,1,1,1,32,6,125,1,1,2,1,2
2.02E+12,1,5,0,13,0,8,0,0,1,0,1,1,6,1,34,6,749,1,10,3,1,3
2.02E+12,1,9,0,18,0,3,0,0,0,0,1,1,6,1,54,8,1598,2,1,4,1,4
2.02E+12,1,9,0,18,0,1,0,0,0,0,2,1,6,2,32,6,1242,1,13,6,1,6
2.02E+12,2,9,0,18,0,1,0,0,0,0,1,1,6,1,20,4,1197,1,1,6,1,6
2.02E+12,1,9,0,9,0,6,0,0,0,0,1,1,6,1,31,6,1364,1,1,6,1,6
2.02E+12,2,9,0,9,0,1,0,0,0,0,0,1,6,2,31,6,1198,1,7,8,1,8
2.02E+12,1,9,0,18,0,2,0,0,0,0,4,1,6,1,42,7,2143,2,7,2,1,2
2.02E+12,1,3,0,18,0,8,0,0,0,0,1,1,1,1,27,6,125,1,3,2,1,2
2.02E+12,2,3,0,9,0,8,0,0,0,0,1,1,6,1,19,4,124,1,16,4,1,4
2.02E+12,1,9,0,18,0,8,0,0,0,0,1,1,6,1,33,6,1296,1,9,2,1,2
2.02E+12,2,9,0,18,0,8,0,0,0,0,3,1,6,2,32,6,1149,1,6,8,1,8
2.02E+12,1,9,0,5,0,4,0,0,0,0,1,1,6,2,38,7,1364,1,13,3,1,3
2.02E+12,1,9,0,18,0,2,0,0,0,0,1,1,6,1,19,4,1364,1,8,3,1,3
2.02E+12,2,19,0,6,0,2,0,0,0,0,1,1,1,1,34,6,2198,2,3,1,1,1
2.02E+12,1,9,0,4,0,2,0,0,0,0,2,1,6,1,65,9,1388,1,7,2,1,2
2.02E+12,2,9,0,4,0,2,0,0,0,0,1,1,1,1,55,8,1797,8,8,3,1,3
2.02E+12,3,9,0,4,0,2,0,0,0,0,1,1,6,1,40,7,1995,2,10,5,1,5
2.02E+12,2,9,0,7,0,6,0,0,0,0,3,1,6,1,71,10,1999,1,12,8,1,8
2.02E+12,1,9,0,18,0,1,0,0,0,0,1,1,6,2,41,7,1896,2,12,3,1,3
2.02E+12,2,3,0,9,0,6,5,0,0,0,3,1,6,2,47,8,125,1,2,3,1,3
2.02E+12,1,9,0,9,0,1,0,0,0,0,1,1,6,1,59,9,1560,2,8,3,1,3
2.02E+12,1,5,0,18,0,1,0,0,0,0,1,1,6,1,30,6,599,1,17,3,1,3
2.02E+12,1,9,0,9,0,1,0,0,0,0,1,1,2,1,50,8,1794,1,10,8,1,8
2.02E+12,1,9,0,7,0,1,0,0,0,0,1,1,2,1,43,7,1968,2,3,9,1,9
2.02E+12,2,9,0,14,0,6,0,0,0,0,1,1,2,1,25,5,1390,1,6,5,1,5
2.02E+12,1,9,0,18,2,8,0,0,0,0,1,1,6,2,48,8,1124,1,16,2,1,2
2.02E+12,1,9,0,18,0,4,0,0,0,0,1,1,3,1,22,5,1596,1,15,1,1,1
2.02E+12,1,9,0,4,0,1,0,0,0,0,2,1,6,2,34,6,1598,1,6,3,1,3
2.02E+12,2,2,0,18,0,1,0,0,0,0,1,1,6,1,17,4,125,1,1,2,1,2
2.02E+12,1,9,0,4,0,1,0,0,0,0,2,1,2,1,40,7,1390,1,11,9,1,9
2.02E+12,2,9,0,4,0,1,0,0,0,0,2,1,6,1,22,5,1390,1,12,1,1,1
2.02E+12,3,21,0,4,2,1,0,0,0,0,1,1,1,1,30,6,10837,2,3,2,1,2
2.02E+12,1,11,0,5,0,1,0,0,0,0,0,1,1,1,49,8,4461,2,3,2,1,2
2.02E+12,1,9,0,4,0,1,0,0,3,0,4,1,1,1,22,5,2143,2,1,3,1,3
2.02E+12,1,8,0,7,0,3,0,0,0,0,2,1,1,1,46,8,2499,2,8,8,1,8
2.02E+12,1,9,0,5,0,3,0,0,0,0,1,1,6,2,49,8,1998,1,15,2,1,2
2.02E+12,1,9,0,4,0,1,0,0,0,0,1,1,6,2,41,7,1995,2,11,2,1,2
2.02E+12,2,9,0,18,0,1,0,0,0,0,2,1,6,1,28,6,999,1,1,5,1,5
2.02E+12,1,9,0,7,0,8,0,0,0,0,3,1,3,2,42,7,1339,1,12,3,1,3
2.02E+12,2,11,0,18,0,8,0,0,0,0,1,1,6,1,38,7,9000,2,11,3,1,3
2.02E+12,1,9,0,9,0,8,0,0,0,0,1,1,6,2,83,11,1229,1,11,5,1,5
2.02E+12,2,21,1,18,0,8,1,0,0,0,1,1,1,1,29,6,12740,2,5,4,1,4
2.02E+12,1,11,0,4,0,1,0,0,0,0,2,1,1,1,58,9,6700,2,8,1,1,1
2.02E+12,2,9,0,4,0,1,0,0,0,0,1,1,6,1,42,7,1598,1,10,2,1,2
2.02E+12,3,9,0,18,0,1,0,4,0,0,3,1,6,1,92,11,1299,1,23,5,1,5
2.02E+12,1,9,0,18,0,2,0,0,0,0,2,1,6,2,29,6,1997,2,1,3,1,3
2.02E+12,2,9,0,7,0,8,0,0,0,0,1,1,6,1,73,10,1598,1,7,1,1,1
2.02E+12,1,11,0,9,0,1,0,0,0,0,1,1,1,1,66,10,5132,2,2,4,1,4
2.02E+12,1,19,0,18,0,8,0,0,0,0,3,1,1,1,27,6,1499,2,1,2,1,2
2.02E+12,1,9,0,9,0,1,0,0,0,0,3,1,2,1,24,5,1242,1,14,8,1,8
2.02E+12,1,8,0,18,0,8,0,0,0,0,4,1,1,1,40,7,1997,2,1,3,1,3
2.02E+12,1,9,0,6,0,8,0,0,0,0,2,1,6,1,30,6,1984,1,9,3,1,3
2.02E+12,1,11,0,18,0,2,0,0,0,0,3,1,1,1,36,7,9360,2,6,6,1,6
2.02E+12,3,9,0,18,0,1,0,0,0,0,3,1,2,2,42,7,1596,1,11,1,1,1
2.02E+12,1,9,0,7,0,1,0,0,0,0,3,1,6,1,23,5,999,1,2,6,1,6
2.02E+12,1,3,0,5,0,1,0,0,0,0,2,1,2,1,40,7,125,1,4,1,1,1
2.02E+12,2,11,0,18,0,2,0,0,0,0,2,1,1,1,28,6,4500,2,6,6,1,6
2.02E+12,3,9,0,18,0,1,1,0,0,0,1,1,6,1,50,8,2179,2,2,10,1,10
2.02E+12,1,4,0,18,0,1,0,0,0,0,1,1,6,1,29,6,125,1,8,2,1,2
2.02E+12,2,9,0,18,0,1,0,0,0,0,1,1,6,2,35,6,1598,1,15,2,1,2
2.02E+12,1,8,0,18,0,2,0,0,0,0,1,1,1,1,52,8,1753,2,6,6,1,6
2.02E+12,1,9,0,18,0,8,0,0,0,0,1,1,6,1,22,5,2143,2,1,8,1,8
2.02E+12,2,11,0,9,0,8,0,0,0,0,1,1,6,1,30,6,9000,2,11,3,1,3
2.02E+12,1,8,0,4,0,1,0,0,0,0,1,1,1,1,48,8,2402,2,11,6,1,6
2.02E+12,2,3,0,15,0,1,0,0,0,0,2,1,1,1,43,7,108,1,3,4,1,4
2.02E+12,1,9,0,9,0,1,0,0,0,0,1,1,6,2,25,5,1686,2,6,1,1,1
2.02E+12,2,4,0,13,0,1,5,0,0,0,1,1,1,1,23,5,108,1,3,6,1,6
2.02E+12,2,5,0,18,4,8,0,0,0,0,1,1,6,1,17,4,125,1,6,2,1,2
2.02E+12,1,21,0,7,0,8,0,0,0,0,4,1,1,1,37,7,9290,2,2,2,1,2
2.02E+12,1,9,0,7,0,5,0,0,0,0,3,1,6,2,37,7,1596,1,13,3,1,3
2.02E+12,1,9,0,3,0,1,0,0,0,0,1,1,2,1,36,7,2967,2,6,3,1,3
2.02E+12,1,3,0,14,0,1,0,0,0,0,1,1,6,1,33,6,124,1,7,4,1,4
2.02E+12,1,2,0,18,0,1,1,0,0,0,4,1,1,2,53,8,124,1,13,6,1,6
2.02E+12,2,19,0,9,0,1,0,0,0,0,0,1,3,1,44,7,1995,2,10,4,1,4
2.02E+12,1,9,0,5,6,2,0,0,0,0,1,1,6,2,35,6,1240,1,13,9,1,9
2.02E+12,1,3,0,17,0,1,1,0,0,0,0,1,1,1,27,6,125,1,6,1,1,1
2.02E+12,1,9,0,4,9,8,0,0,0,0,4,1,3,1,29,6,998,1,4,2,1,2
2.02E+12,1,9,0,18,0,1,0,0,0,0,1,1,2,1,52,8,2993,2,12,9,1,9
2.02E+12,1,3,0,18,0,2,1,0,0,0,0,1,6,1,21,5,125,1,11,3,1,3
2.02E+12,1,9,0,7,0,1,0,0,0,0,1,2,2,1,33,6,998,1,7,4,1,4
2.02E+12,1,5,0,18,0,8,0,0,0,0,1,1,6,1,33,6,781,1,16,9,1,9
2.02E+12,2,9,0,9,0,8,0,0,0,0,4,1,6,1,47,8,1598,1,5,7,1,7
2.02E+12,1,9,0,18,0,1,0,0,0,0,1,1,1,1,32,6,1995,2,2,1,1,1
2.02E+12,2,9,0,18,0,1,0,0,0,0,2,1,6,2,45,7,1400,2,11,10,1,10
2.02E+12,1,9,0,9,0,5,0,0,0,0,3,1,6,1,28,6,998,1,2,2,1,2
2.02E+12,2,3,0,13,0,1,0,0,0,0,1,1,6,1,29,6,125,1,2,1,1,1
2.02E+12,1,4,0,3,0,2,0,0,0,0,2,1,1,1,29,6,125,1,2,3,1,3
2.02E+12,2,9,0,4,0,1,0,0,0,0,1,1,2,1,28,6,1364,1,9,5,1,5
2.02E+12,1,19,0,5,0,8,0,0,0,0,4,1,1,1,27,6,6374,2,4,9,2,9
2.02E+12,2,9,0,18,0,8,1,10,0,0,1,1,6,2,41,7,1461,2,2,7,1,7
2.02E+12,1,9,0,18,0,1,0,0,0,0,1,1,6,1,53,8,2156,1,23,2,1,2
2.02E+12,2,9,0,18,0,1,0,0,0,0,2,1,6,1,29,6,2148,2,14,4,1,4
2.02E+12,2,3,0,3,0,1,0,0,0,0,2,1,1,1,27,6,125,1,4,3,1,3
2.02E+12,1,9,0,18,0,8,0,7,3,6,1,1,6,1,35,6,1596,1,15,1,1,1
2.02E+12,1,9,0,18,0,4,0,0,0,0,3,1,6,2,29,6,1242,1,11,5,1,5
2.02E+12,2,2,0,9,0,4,5,0,0,0,1,1,6,1,16,4,49,1,16,4,1,4
2.02E+12,1,9,0,18,0,2,0,0,0,0,1,1,2,1,59,9,1590,1,12,8,1,8
2.02E+12,1,11,0,4,2,1,0,0,0,0,0,1,6,1,57,9,6692,2,6,3,1,3
2.02E+12,1,9,0,9,0,8,0,0,0,0,1,1,6,1,38,7,1124,1,11,3,1,3
2.02E+12,2,4,0,15,0,8,0,0,0,0,1,1,6,1,38,7,125,1,13,4,1,4
2.02E+12,1,9,0,18,0,1,0,0,0,0,1,1,1,2,47,8,1598,2,2,6,1,6
2.02E+12,2,9,0,9,0,8,0,0,0,0,1,1,2,1,51,8,1388,1,8,2,1,2
2.02E+12,1,9,0,9,0,6,0,11,0,0,1,1,6,1,39,7,1598,1,4,6,1,6
2.02E+12,2,9,0,18,0,1,0,11,0,0,3,1,6,1,30,6,1390,1,15,4,1,4
2.02E+12,3,5,0,18,0,1,0,11,0,0,1,1,6,1,68,10,1137,1,17,4,1,4
2.02E+12,1,9,0,6,8,5,0,0,0,0,1,1,6,2,42,7,1391,1,15,3,1,3
2.02E+12,2,3,0,18,0,1,2,0,0,0,1,1,6,1,21,5,108,1,2,2,1,2
2.02E+12,1,9,0,18,0,8,0,0,0,0,1,1,6,1,27,6,1499,2,1,2,1,2
2.02E+12,2,9,0,18,0,8,0,0,0,0,3,1,1,1,78,11,1896,2,10,2,1,2
2.02E+12,2,9,0,18,0,1,0,0,0,0,2,1,6,1,19,4,1248,2,6,3,1,3
2.02E+12,2,9,0,18,0,1,0,0,0,0,3,1,6,1,36,7,1600,1,13,2,1,2
2.02E+12,1,9,0,3,0,1,0,0,0,0,2,1,6,2,55,8,1991,1,2,6,1,6
2.02E+12,2,9,0,18,0,1,0,0,0,0,1,1,1,2,22,5,1206,1,5,8,1,8
2.02E+12,1,9,0,5,0,1,0,0,0,0,1,1,6,2,31,6,1596,1,16,1,1,1
2.02E+12,2,9,0,18,0,1,0,0,0,0,4,1,3,1,44,7,1896,2,7,2,1,2
2.02E+12,1,19,0,7,4,1,0,0,0,0,2,1,1,1,47,8,2198,2,2,7,1,7
2.02E+12,1,9,0,4,9,1,0,0,3,10,1,1,6,1,65,9,1896,2,16,1,1,1
2.02E+12,1,9,0,18,0,1,0,10,0,0,2,1,6,1,31,6,1984,1,11,3,1,3
2.02E+12,2,9,0,5,0,8,0,0,0,0,1,1,3,2,35,6,1753,2,10,9,1,9
2.02E+12,1,5,0,18,0,8,0,0,0,0,1,1,2,1,52,8,599,1,16,10,1,10
2.02E+12,2,9,0,9,0,1,0,0,0,0,4,1,6,1,34,6,1995,2,1,7,1,7
2.02E+12,1,19,0,9,0,6,0,0,0,0,1,1,1,1,33,6,1598,2,2,7,2,7
2.02E+12,1,9,0,18,0,2,0,0,0,0,4,1,6,1,37,7,2993,2,6,3,1,3
2.02E+12,1,2,0,18,2,8,0,0,0,0,3,1,2,1,38,7,125,1,1,2,1,2
2.02E+12,2,9,0,9,2,8,0,0,0,0,1,2,1,1,20,4,1229,1,5,3,1,3
2.02E+12,1,4,0,5,0,2,0,0,0,0,3,1,6,1,39,7,125,1,11,3,1,3
2.02E+12,2,9,0,9,0,1,0,0,0,0,1,1,1,2,31,6,1598,2,3,4,1,4
2.02E+12,1,9,0,9,0,8,0,0,0,0,1,1,6,2,24,5,1598,1,4,4,1,4
2.02E+12,2,9,0,7,0,3,0,0,0,0,3,1,1,1,46,8,2987,2,3,5,1,5
2.02E+12,1,9,0,9,0,6,0,0,0,0,1,1,1,2,24,5,1794,1,12,3,1,3
2.02E+12,1,11,0,4,0,1,0,0,0,0,1,1,6,2,49,8,4500,2,1,1,1,1
2.02E+12,1,11,0,3,0,1,0,0,0,0,0,1,1,1,43,7,9000,2,6,10,1,10