Accident_Index,Vehicle_Reference,Vehicle_Type,Towing_and_Articulation,Vehicle_Manoeuvre,Vehicle_Location-Restricted_Lane,Junction_Location,Skidding_and_Overturning,Hit_Object_in_Carriageway,Vehicle_Leaving_Carriageway,Hit_Object_off_Carriageway,1st_Point_of_Impact,Was_Vehicle_Left_Hand_Drive?,Journey_Purpose_of_Driver,Sex_of_Driver,Age_of_Driver,Age_Band_of_Driver,Engine_Capacity_(CC),Propulsion_Code,Age_of_Vehicle,Driver_IMD_Decile,Driver_Home_Area_Type,Vehicle_IMD_Decile
2.02E+12,1,9,0,9,0,8,0,0,0,0,4,1,6,1,23,5,1796,2,4,1,1,1
2.02E+12,2,9,0,18,0,8,0,0,0,0,1,1,6,1,29,6,1598,1,5,9,1,9
2.02E+12,1,9,0,18,0,6,0,12,1,0,1,1,2,2,36,7,1198,1,1,5,1,5
2.02E+12,2,9,0,18,0,8,0,0,0,0,1,1,6,2,53,8,998,1,12,8,1,8
2.02E+12,1,3,0,9,0,8,0,0,0,0,0,1,6,1,21,5,108,1,1,3,1,3
2.02E+12,1,11,0,18,0,8,0,0,0,0,0,1,1,1,32,6,10838,2,2,4,2,4
2.02E+12,1,9,0,9,0,8,0,0,0,0,1,1,6,1,21,5,1910,2,11,3,1,3
2.02E+12,1,9,0,18,0,1,0,0,0,0,1,1,6,2,21,5,1242,1,6,1,1,1
2.02E+12,1,9,0,18,0,6,0,4,0,0,1,1,2,2,21,5,1968,2,11,3,1,3
2.02E+12,1,11,0,18,0,8,0,0,0,0,1,1,1,1,42,7,5132,2,2,2,1,2
2.02E+12,1,9,0,9,0,8,0,0,0,0,1,1,2,1,27,6,1499,1,1,3,1,3
2.02E+12,1,11,0,18,0,1,0,0,0,0,1,1,1,1,62,9,4461,2,4,1,1,1
2.02E+12,1,19,0,4,0,1,0,0,0,0,4,1,1,1,27,6,1598,2,3,1,1,1
2.02E+12,1,19,0,12,0,1,0,0,0,0,1,1,6,1,30,6,1248,2,11,3,1,3
2.02E+12,2,9,0,12,0,1,0,0,0,0,2,1,6,2,40,7,1598,1,4,3,1,3
2.02E+12,1,9,0,9,0,6,0,0,0,0,1,1,6,1,66,10,1596,1,13,2,1,2
2.02E+12,2,9,0,5,0,5,0,0,0,0,1,1,6,1,48,8,1497,1,16,2,1,2
2.02E+12,1,9,0,18,0,1,0,0,0,0,1,1,6,1,55,8,1997,1,2,10,1,10
2.02E+12,2,9,0,9,0,8,0,0,0,0,4,1,3,2,43,7,1968,2,3,7,1,7
2.02E+12,3,9,0,18,0,8,0,0,0,0,2,1,6,1,45,7,2179,2,2,10,1,10
2.02E+12,2,11,0,18,0,1,0,0,0,0,1,1,1,1,34,6,9360,2,5,2,1,2
2.02E+12,1,8,0,5,0,1,0,0,0,0,4,1,2,1,24,5,1797,8,5,5,1,5
2.02E+12,1,9,0,9,0,6,0,0,0,0,1,1,6,1,24,5,1199,2,5,4,1,4
2.02E+12,1,19,0,18,0,1,0,0,0,0,1,1,1,1,25,5,1560,2,5,4,1,4
2.02E+12,1,3,0,7,0,2,2,0,0,0,0,1,1,1,37,7,114,1,3,5,1,5
2.02E+12,2,8,0,6,0,1,0,0,0,0,0,1,1,1,41,7,1791,8,5,3,1,3
2.02E+12,1,9,0,18,0,1,0,0,0,0,1,1,6,1,41,7,2967,2,2,4,1,4
2.02E+12,1,8,0,4,0,1,0,0,0,0,2,1,6,1,42,7,1956,2,6,2,1,2
2.02E+12,1,9,0,5,0,2,0,0,0,0,1,1,6,1,20,4,1229,1,7,3,1,3
2.02E+12,2,9,0,18,0,2,0,0,0,0,1,1,6,1,31,6,2143,2,4,2,1,2
2.02E+12,1,9,0,18,0,2,0,0,0,0,3,1,1,1,55,8,2987,2,3,1,1,1
2.02E+12,1,4,0,14,0,1,0,0,0,0,1,1,6,1,26,6,400,1,26,2,1,2
2.02E+12,1,9,0,18,0,1,0,0,0,0,1,1,2,2,50,8,1984,1,9,2,1,2
2.02E+12,1,3,0,18,0,1,1,10,3,0,1,1,6,1,18,4,125,1,1,2,1,2
2.02E+12,1,9,0,9,4,5,0,0,0,0,4,1,2,1,23,5,1598,2,3,3,1,3
2.02E+12,1,9,0,7,0,8,0,0,0,0,1,1,1,1,25,5,1995,2,5,9,1,9
2.02E+12,1,5,0,17,6,8,0,0,0,0,1,1,2,1,24,5,689,1,1,5,1,5
2.02E+12,1,9,0,4,0,1,0,0,0,0,3,1,6,1,25,5,1995,2,4,9,1,9
2.02E+12,1,9,0,9,0,5,0,0,0,0,0,1,6,2,68,10,998,1,4,7,1,7
2.02E+12,2,4,0,13,0,1,1,4,7,0,1,1,6,1,16,4,124,1,5,7,1,7
2.02E+12,1,9,0,14,0,1,0,4,0,0,1,1,6,1,27,6,1461,2,10,2,1,2
2.02E+12,2,2,0,4,0,1,0,0,0,0,2,1,1,1,22,5,109,1,2,4,1,4
2.02E+12,3,9,0,18,0,1,0,0,0,0,2,1,6,2,37,7,1997,1,5,5,1,5
2.02E+12,1,2,0,5,0,1,0,0,0,0,1,1,1,1,24,5,125,1,1,2,1,2
2.02E+12,2,2,0,18,0,1,0,0,0,0,1,1,1,1,24,5,108,1,3,7,1,7
2.02E+12,1,9,0,18,0,8,0,0,0,0,1,1,6,2,56,9,1800,1,19,4,1,4
2.02E+12,1,9,0,9,0,3,0,0,0,0,1,1,2,2,56,9,1997,2,3,3,1,3
2.02E+12,1,11,0,18,0,8,0,0,0,0,4,1,1,1,60,9,5132,2,1,5,1,5
2.02E+12,1,9,0,9,0,4,0,0,0,0,1,1,6,1,47,8,2143,12,1,2,1,2
2.02E+12,1,11,0,5,2,2,0,0,0,0,0,1,1,1,53,8,6700,2,5,2,1,2
2.02E+12,1,11,0,5,0,1,0,0,0,0,1,1,6,1,38,7,9000,2,10,7,1,7
2.02E+12,2,9,0,18,0,8,0,0,0,0,4,1,6,1,36,7,3311,8,9,7,1,7
2.02E+12,2,9,0,18,0,8,0,0,0,0,1,1,6,2,36,7,1598,1,8,10,1,10
2.02E+12,1,11,0,18,0,1,0,0,0,0,1,1,1,1,33,6,4500,2,2,4,1,4
2.02E+12,1,5,0,18,0,1,0,0,0,0,1,1,1,1,38,7,600,1,15,5,1,5
2.02E+12,2,19,0,7,0,5,0,0,0,0,2,1,1,1,52,8,2287,2,2,10,1,10
2.02E+12,2,11,0,18,0,2,0,0,0,0,1,1,1,1,61,9,7300,2,13,4,1,4
2.02E+12,1,9,0,9,0,8,0,0,0,0,4,1,3,1,41,7,1799,1,9,9,1,9
2.02E+12,2,3,0,5,0,1,0,0,0,0,4,1,6,1,51,8,125,1,7,2,1,2
2.02E+12,1,9,0,18,0,1,0,0,0,0,1,2,6,1,21,5,1364,1,12,2,1,2
2.02E+12,2,9,0,9,0,1,0,0,0,0,1,2,6,2,36,7,1386,1,8,3,1,3
2.02E+12,1,3,0,14,0,2,0,0,0,0,1,1,6,1,33,6,108,1,6,3,1,3
2.02E+12,1,9,0,5,0,2,0,7,0,0,1,1,6,2,39,7,1398,1,4,7,1,7
2.02E+12,1,9,0,9,0,8,0,0,0,0,2,1,2,1,59,9,1999,1,1,5,1,5
2.02E+12,2,3,0,18,0,1,0,0,0,0,1,1,2,1,17,4,125,1,7,6,1,6
2.02E+12,1,9,0,9,0,1,0,0,3,0,4,1,3,2,36,7,1198,1,4,2,1,2
2.02E+12,2,9,0,18,0,1,0,4,0,0,4,1,6,1,23,5,998,1,5,2,1,2
2.02E+12,1,9,0,18,0,2,0,0,0,0,2,1,6,1,55,8,1997,2,1,3,1,3
2.02E+12,1,9,0,4,0,2,0,0,0,0,1,1,6,2,48,8,1598,1,3,3,1,3
2.02E+12,2,9,0,3,0,2,0,0,0,0,2,1,6,2,33,6,1329,1,7,6,1,6
2.02E+12,1,9,0,18,0,1,0,0,0,0,4,1,6,1,24,5,1086,1,9,5,1,5
2.02E+12,2,19,0,9,2,6,0,0,0,0,1,1,1,1,50,8,2198,2,2,8,3,8
2.02E+12,2,9,0,9,0,6,0,11,0,0,1,1,6,2,66,10,1198,1,7,6,1,6
2.02E+12,3,9,0,18,0,8,1,4,0,0,4,1,6,2,61,9,1596,1,8,8,1,8
2.02E+12,1,19,0,15,0,1,0,4,4,0,4,1,1,1,33,6,2198,2,1,3,1,3
2.02E+12,2,19,0,4,0,1,0,11,1,0,3,1,2,1,48,8,2198,2,8,3,1,3
2.02E+12,1,4,0,13,0,1,0,0,0,0,4,1,2,1,30,6,675,1,6,6,1,6
2.02E+12,2,9,0,9,0,1,0,0,0,0,3,1,2,2,25,5,1198,1,7,9,1,9
2.02E+12,1,3,0,5,0,6,1,0,0,0,1,1,2,1,23,5,124,1,4,7,1,7
2.02E+12,2,9,0,18,0,2,0,0,0,0,3,1,2,2,43,7,1598,1,9,6,1,6
2.02E+12,2,4,0,14,0,1,2,0,0,0,1,1,6,1,56,9,249,1,10,10,2,10
2.02E+12,1,11,0,18,0,2,0,0,0,0,4,1,1,2,41,7,4500,2,1,5,1,5
2.02E+12,1,11,0,4,0,2,0,0,0,0,0,1,1,1,39,7,6700,2,9,2,1,2
2.02E+12,1,9,0,9,0,7,0,0,0,0,1,1,2,1,73,10,1997,2,8,7,1,7
2.02E+12,1,9,0,18,0,1,0,0,0,0,2,1,6,2,26,6,1242,1,3,2,1,2
2.02E+12,1,11,0,5,0,6,0,0,0,0,0,1,1,1,59,9,8268,2,14,8,1,8
2.02E+12,1,3,0,4,0,8,0,0,0,0,1,1,1,1,44,7,125,1,2,7,1,7
2.02E+12,2,9,0,1,0,8,0,0,0,0,2,1,1,1,62,9,2967,2,2,5,1,5
2.02E+12,1,8,0,3,0,1,0,0,0,0,4,1,6,1,54,8,1798,8,3,1,1,1
2.02E+12,1,2,0,18,0,8,0,0,0,0,1,1,1,1,24,5,49,1,6,3,1,3
2.02E+12,2,9,0,9,0,1,0,0,0,0,1,1,6,1,38,7,1798,1,8,4,1,4
2.02E+12,1,9,0,4,0,1,0,0,0,0,1,1,2,2,36,7,2268,2,1,7,1,7
2.02E+12,2,9,0,18,0,1,1,0,0,0,2,1,2,1,61,9,1497,1,17,7,1,7
2.02E+12,3,3,0,3,0,1,2,0,0,0,2,1,6,1,40,7,124,1,3,1,1,1
2.02E+12,1,19,0,18,0,8,1,10,0,0,1,1,6,1,41,7,1997,2,11,6,1,6
2.02E+12,2,9,0,18,0,8,0,7,0,0,1,1,6,2,43,7,2720,2,8,3,1,3
2.02E+12,1,8,0,3,0,1,0,0,0,0,2,2,1,1,56,9,2497,2,5,3,1,3
2.02E+12,1,9,0,4,0,1,0,0,0,0,1,1,2,1,51,8,1870,2,15,6,1,6
2.02E+12,2,9,0,7,0,2,0,0,0,0,1,1,2,1,28,6,2993,2,12,6,1,6
2.02E+12,1,9,0,5,0,1,0,0,0,0,1,1,6,1,33,6,1896,2,11,2,1,2
2.02E+12,1,9,0,9,0,8,0,0,0,0,2,1,6,1,23,5,1242,1,3,2,1,2
2.02E+12,1,3,0,18,0,8,0,0,0,0,3,1,1,1,23,5,109,1,3,4,1,4
2.02E+12,2,9,0,9,0,8,0,0,0,0,1,1,6,2,61,9,1332,1,18,9,1,9
2.02E+12,1,11,0,5,2,2,0,0,0,0,0,1,1,1,32,6,9360,2,5,3,1,3
2.02E+12,1,9,0,9,0,8,0,0,0,0,3,1,6,1,32,6,1984,1,1,4,1,4
2.02E+12,2,5,0,13,0,8,0,0,0,0,1,1,6,1,37,7,1170,1,1,2,1,2
2.02E+12,1,9,0,18,0,6,5,0,0,0,1,1,2,2,23,5,1240,1,13,1,1,1
2.02E+12,1,19,0,18,0,2,0,0,0,0,1,1,2,1,48,8,1968,2,2,7,1,7
2.02E+12,1,9,0,9,0,1,0,0,0,0,1,1,6,1,21,5,1598,1,17,3,1,3
2.02E+12,2,9,0,18,0,8,0,0,0,0,1,1,6,1,28,6,2979,1,2,2,1,2
2.02E+12,1,9,0,3,0,2,0,0,0,0,2,1,6,2,58,9,2979,1,13,8,1,8
2.02E+12,2,8,0,3,0,1,0,4,0,0,2,1,1,1,51,8,2402,2,11,9,1,9
2.02E+12,3,9,0,3,0,1,0,4,0,0,2,1,6,1,62,9,4266,1,15,8,1,8
2.02E+12,4,19,0,18,0,1,0,4,0,0,1,1,1,1,41,7,2198,2,2,7,1,7
2.02E+12,1,9,0,18,0,3,0,0,0,0,1,1,6,1,49,8,1796,1,3,8,1,8
2.02E+12,1,9,0,18,0,1,0,0,0,0,3,1,6,1,32,6,1598,1,10,8,1,8
2.02E+12,1,9,0,17,0,1,1,0,7,10,2,1,6,1,20,4,1850,1,16,2,1,2
2.02E+12,2,9,0,17,0,1,0,0,0,0,0,1,1,1,37,7,2993,2,2,3,1,3
2.02E+12,1,4,0,5,0,1,1,0,0,0,3,1,6,1,22,5,125,1,3,4,1,4
2.02E+12,1,9,0,18,0,2,0,0,0,0,3,1,1,1,27,6,2400,2,4,4,1,4
2.02E+12,1,3,0,18,0,8,1,0,0,0,3,1,1,1,42,7,125,1,12,2,1,2
2.02E+12,2,9,0,9,0,8,0,0,0,0,1,1,6,1,78,11,1299,1,17,8,1,8
2.02E+12,1,9,0,5,0,8,0,0,0,0,3,1,2,2,57,9,1591,1,3,5,1,5
2.02E+12,2,5,0,18,0,8,0,0,0,0,1,1,2,1,54,8,800,1,6,7,1,7
2.02E+12,1,8,0,4,0,1,0,0,0,0,4,1,6,1,22,5,1798,8,2,4,1,4
2.02E+12,2,19,0,18,0,2,0,0,0,0,4,1,1,1,32,6,2143,2,8,3,1,3
2.02E+12,1,9,0,18,0,1,0,0,0,0,4,1,1,1,30,6,1997,2,5,7,1,7
2.02E+12,1,9,5,9,0,6,0,0,0,0,1,1,2,1,33,6,1395,1,1,4,1,4
2.02E+12,1,11,0,5,0,8,0,0,0,0,0,1,1,1,42,7,4461,2,3,1,1,1
2.02E+12,1,8,0,18,0,1,0,0,0,0,3,1,1,1,44,7,2499,2,4,2,1,2
2.02E+12,1,21,0,9,0,1,0,0,0,0,4,1,1,1,32,6,4500,2,2,3,1,3
2.02E+12,1,9,0,16,0,1,0,7,1,10,1,1,6,1,29,6,998,1,4,8,1,8
2.02E+12,2,9,0,10,0,1,0,0,0,0,1,1,6,2,47,8,1986,1,5,7,1,7
2.02E+12,3,9,0,4,0,1,0,0,0,0,1,1,6,1,45,7,2143,2,8,5,1,5
2.02E+12,1,9,0,4,0,1,0,0,0,0,3,1,6,2,33,6,1969,2,1,4,1,4
2.02E+12,2,9,0,4,0,1,0,0,0,0,1,1,6,2,67,10,1850,1,17,4,1,4
2.02E+12,1,8,0,4,0,1,0,0,0,0,2,1,1,1,51,8,1598,2,4,1,1,1
2.02E+12,1,19,0,7,0,5,0,0,0,0,1,1,1,1,64,9,2198,2,5,8,1,8
2.02E+12,1,9,0,9,0,8,0,0,0,0,1,1,2,2,34,6,973,1,14,2,1,2
2.02E+12,2,5,0,13,0,8,0,0,0,0,1,1,2,1,41,7,675,1,2,6,1,6
2.02E+12,1,9,0,4,0,1,0,0,0,0,1,1,2,1,43,7,2438,1,22,3,1,3
2.02E+12,2,9,0,4,0,1,0,0,0,0,2,1,6,2,51,8,2688,2,15,4,1,4
2.02E+12,1,9,0,9,4,8,0,0,0,0,1,1,6,1,25,5,1560,2,9,5,1,5
2.02E+12,1,4,0,18,0,8,5,0,0,0,3,1,6,1,29,6,400,1,25,3,1,3
2.02E+12,1,8,0,6,0,1,0,0,0,0,1,1,6,1,49,8,1797,8,7,2,1,2
2.02E+12,2,3,0,13,0,1,2,0,0,0,1,1,1,1,17,4,124,1,4,2,1,2
2.02E+12,1,8,0,5,0,1,0,0,0,0,3,1,1,1,38,7,1797,8,6,2,1,2
2.02E+12,1,9,0,18,0,1,0,0,0,0,1,1,6,2,38,7,1560,2,13,2,1,2
2.02E+12,2,2,0,5,0,6,0,0,0,0,1,1,6,1,26,6,125,1,1,3,1,3
2.02E+12,1,11,0,4,2,8,0,0,0,0,0,1,1,1,68,10,4500,2,5,2,1,2
2.02E+12,1,9,0,18,0,8,0,0,0,0,4,1,6,2,56,9,1497,8,11,2,1,2
2.02E+12,1,9,0,10,0,8,0,0,0,0,1,1,6,1,41,7,1299,1,12,2,1,2
2.02E+12,1,2,0,18,0,8,0,0,0,0,4,1,6,1,18,4,124,1,6,4,1,4
2.02E+12,1,9,0,4,0,1,0,0,0,0,1,1,2,1,68,10,2148,2,12,2,1,2
2.02E+12,1,8,0,9,0,5,0,0,0,0,4,1,1,1,46,8,1598,2,2,4,1,4
2.02E+12,2,4,0,18,0,1,0,0,0,0,4,1,6,1,20,4,109,1,4,3,1,3
2.02E+12,1,9,0,9,0,8,0,0,0,0,1,1,6,2,31,6,1598,1,2,7,1,7
2.02E+12,2,3,0,5,0,8,1,10,2,10,3,1,6,1,26,6,689,1,1,9,1,9
2.02E+12,1,9,0,18,0,1,0,0,0,0,1,1,6,2,64,9,2401,2,11,4,1,4
2.02E+12,1,9,0,4,0,8,0,0,0,0,1,1,6,1,30,6,1560,2,3,3,1,3
2.02E+12,2,9,0,5,0,8,0,0,0,0,1,1,6,1,26,6,1997,1,15,2,1,2
2.02E+12,3,9,0,4,0,8,0,0,0,0,1,1,6,1,38,7,1995,2,2,7,1,7
2.02E+12,1,9,0,9,0,8,0,0,0,0,1,1,6,1,24,5,1390,1,14,1,1,1
2.02E+12,2,4,0,10,0,8,0,0,0,0,1,1,1,1,31,6,108,1,2,4,1,4
2.02E+12,1,19,0,9,0,2,0,0,0,0,1,1,2,1,33,6,2143,2,4,2,1,2
2.02E+12,1,9,0,7,0,6,0,11,0,0,1,1,2,1,29,6,2494,1,15,2,1,2
2.02E+12,2,9,0,9,7,5,0,4,0,0,1,1,4,2,32,6,1339,1,5,2,1,2
2.02E+12,2,9,0,3,0,2,0,0,0,0,1,2,6,1,45,7,5461,1,2,4,1,4
2.02E+12,1,9,0,18,0,2,0,0,0,0,2,1,6,2,20,4,1995,2,5,2,1,2
2.02E+12,1,9,0,18,0,1,0,0,0,0,1,1,6,1,46,8,2231,2,4,9,1,9
2.02E+12,2,8,0,18,0,1,0,0,0,0,2,1,1,1,54,8,1956,2,5,5,1,5
2.02E+12,1,11,0,4,2,8,0,0,0,0,2,1,1,1,25,5,7300,2,14,5,1,5
2.02E+12,2,9,0,4,2,1,0,4,0,0,1,2,6,1,76,11,1796,1,15,3,1,3
2.02E+12,1,8,0,6,0,1,0,0,0,0,3,1,1,1,38,7,2499,2,6,2,1,2
2.02E+12,2,4,0,18,0,1,5,0,0,0,4,1,1,1,25,5,124,1,5,1,1,1
2.02E+12,1,9,0,18,0,1,0,0,0,0,1,1,2,1,31,6,1242,1,11,2,1,2
2.02E+12,1,9,0,9,0,5,0,0,7,10,3,1,6,1,27,6,1998,1,15,8,1,8
2.02E+12,1,9,0,18,0,8,0,0,0,0,3,1,1,1,47,8,1560,2,3,10,1,10
2.02E+12,2,9,0,9,0,8,0,0,0,0,3,2,6,1,52,8,1590,1,15,7,1,7
2.02E+12,3,3,0,14,0,8,0,0,0,0,1,1,6,1,17,4,124,1,12,2,1,2
2.02E+12,1,9,0,18,0,1,0,0,0,0,2,1,6,1,44,7,1461,2,15,1,1,1
2.02E+12,1,19,0,18,0,1,0,0,1,1,1,1,1,1,27,6,1560,2,3,2,1,2
2.02E+12,2,9,0,9,0,8,0,0,0,0,3,1,1,2,46,8,1229,1,7,4,1,4
2.02E+12,1,3,0,18,0,1,0,0,0,0,4,1,6,1,27,6,125,1,5,5,1,5
2.02E+12,1,9,0,18,0,2,0,0,0,0,2,1,6,2,32,6,1796,1,15,2,1,2
2.02E+12,2,19,0,16,0,8,0,0,0,0,1,1,2,1,31,6,1461,2,3,8,1,8
2.02E+12,1,9,0,9,0,1,0,0,0,0,1,1,3,2,37,7,1985,1,24,3,1,3
2.02E+12,2,9,0,18,0,1,0,0,4,0,4,1,6,1,42,7,1984,1,8,2,1,2
2.02E+12,1,9,0,5,0,7,0,0,0,0,1,1,2,1,43,7,3311,8,9,3,1,3
2.02E+12,1,9,0,4,2,1,1,0,0,0,1,1,1,1,32,6,1997,2,4,1,1,1
2.02E+12,2,9,0,9,0,8,0,0,0,0,1,1,6,1,23,5,1598,1,9,4,1,4
2.02E+12,1,3,0,18,0,1,0,0,0,0,1,1,6,1,21,5,125,1,8,2,1,2
2.02E+12,2,9,0,4,0,1,0,0,0,0,2,1,1,2,52,8,1198,1,3,6,1,6
2.02E+12,1,9,0,3,0,1,1,0,0,0,2,1,6,1,35,6,1499,2,2,6,1,6
2.02E+12,1,9,0,3,0,1,0,0,0,0,2,1,6,1,41,7,3498,8,3,5,1,5
2.02E+12,2,2,0,4,0,1,0,0,0,0,2,1,6,1,37,7,125,1,1,7,1,7
2.02E+12,1,9,0,5,0,1,0,0,0,0,4,1,1,1,37,7,1395,1,2,9,1,9
2.02E+12,2,2,0,18,0,2,0,0,0,0,1,1,6,1,35,6,49,1,1,6,1,6
2.02E+12,1,9,0,9,0,6,0,0,0,0,1,1,6,2,55,8,1968,2,11,2,1,2
2.02E+12,1,10,5,18,0,6,0,0,0,0,1,1,1,1,48,8,2143,2,8,5,1,5
2.02E+12,2,9,4,6,0,8,0,0,0,0,4,1,6,1,82,11,2143,2,3,8,1,8
2.02E+12,1,9,0,10,0,6,0,0,0,0,3,1,2,1,62,9,1995,1,14,4,1,4
2.02E+12,2,9,0,18,0,1,0,0,1,10,1,1,6,2,33,6,1995,1,6,6,1,6
2.02E+12,1,9,0,10,0,2,0,0,0,0,2,1,1,2,24,5,1242,1,4,3,1,3
2.02E+12,2,3,0,7,0,5,0,0,0,0,1,1,1,1,23,5,124,1,16,5,1,5
2.02E+12,1,9,0,5,0,1,0,0,0,0,1,1,6,1,44,7,1968,2,6,7,1,7
2.02E+12,1,8,0,3,2,1,0,0,0,0,3,1,1,1,32,6,1997,2,5,4,1,4
2.02E+12,1,9,0,9,0,2,0,0,0,0,1,1,6,1,54,8,1595,1,15,8,1,8
2.02E+12,1,3,0,9,0,8,0,0,0,0,1,1,1,1,21,5,124,1,11,4,1,4
2.02E+12,1,8,0,5,0,1,1,0,0,0,3,1,1,1,74,10,2402,2,15,9,3,9
2.02E+12,1,8,0,9,0,1,0,0,0,0,1,1,6,1,37,7,1798,8,3,7,2,7
2.02E+12,2,9,0,13,0,1,0,0,0,0,1,1,6,1,24,5,1422,2,12,8,1,8
2.02E+12,1,3,0,18,0,1,2,0,0,0,1,1,2,1,25,5,125,1,1,8,1,8
2.02E+12,1,9,0,9,0,1,0,0,0,0,0,1,6,1,27,6,1242,1,1,4,1,4
2.02E+12,1,9,0,9,0,8,0,0,0,0,4,1,6,2,43,7,1242,1,4,10,3,10
2.02E+12,2,9,0,18,0,8,0,0,0,0,1,1,6,1,18,4,999,1,2,10,1,10
2.02E+12,1,9,0,18,0,2,0,0,0,0,1,1,6,1,60,9,1598,2,1,4,1,4
2.02E+12,1,19,0,3,0,1,0,4,0,0,1,1,1,1,25,5,1997,2,1,3,1,3
2.02E+12,2,9,0,3,0,1,0,0,0,0,2,1,6,2,31,6,1000,1,3,4,2,4
2.02E+12,1,9,0,9,0,8,0,0,0,0,1,1,6,1,18,4,1870,2,18,3,1,3
2.02E+12,1,9,0,13,0,1,0,0,3,10,1,1,6,1,26,6,2497,2,12,3,1,3
2.02E+12,1,9,0,18,0,8,0,0,0,0,1,1,6,1,59,9,1998,1,15,8,1,8
2.02E+12,1,11,0,5,2,1,0,0,0,0,0,1,1,1,42,7,6700,2,5,3,1,3
2.02E+12,1,9,0,5,0,6,0,0,0,0,1,1,6,1,72,10,2204,2,8,7,1,7
2.02E+12,2,9,0,18,0,6,0,0,0,0,3,1,6,1,21,5,1360,1,10,8,1,8
2.02E+12,1,9,0,18,0,2,0,0,0,0,1,1,1,1,38,7,1997,2,3,4,1,4
2.02E+12,2,3,0,18,0,2,2,0,0,0,2,1,6,1,16,4,125,1,8,3,1,3
2.02E+12,1,9,0,18,0,2,0,0,0,0,1,1,1,1,38,7,1791,8,5,2,1,2
2.02E+12,1,11,0,5,0,8,0,0,0,0,1,1,1,1,53,8,4500,2,1,5,1,5
2.02E+12,1,9,0,18,0,2,0,0,0,0,1,1,2,1,55,8,1598,1,4,2,1,2
2.02E+12,1,9,0,13,0,1,0,0,0,0,3,1,2,1,51,8,1968,2,4,8,1,8
2.02E+12,2,3,0,11,0,1,5,0,0,0,3,1,2,1,42,7,125,1,3,5,1,5
2.02E+12,1,9,0,7,0,1,0,0,0,0,1,1,1,1,37,7,1997,2,3,2,1,2
2.02E+12,1,5,0,18,0,8,0,0,0,0,4,1,2,1,28,6,645,1,14,6,1,6
2.02E+12,1,9,0,9,0,8,0,0,0,0,4,1,6,2,45,7,1461,2,2,3,1,3
2.02E+12,2,5,0,18,0,8,0,0,0,0,1,1,1,1,28,6,745,1,3,7,1,7
2.02E+12,2,3,0,9,0,8,0,0,0,0,4,1,6,1,27,6,125,1,3,8,1,8
2.02E+12,1,11,0,18,2,1,0,10,1,0,4,1,1,1,54,8,6700,2,8,9,1,9
2.02E+12,1,19,0,3,0,8,0,0,0,0,0,1,1,1,30,6,4485,2,2,2,1,2
2.02E+12,2,5,0,15,0,8,0,0,0,0,4,1,2,1,30,6,1195,1,3,8,1,8
2.02E+12,1,11,0,18,0,8,0,0,0,0,1,1,1,1,46,8,4249,2,11,2,1,2
2.02E+12,1,8,0,9,0,8,0,0,0,0,1,1,1,1,60,9,2499,2,7,3,1,3
2.02E+12,1,9,0,17,0,1,0,0,0,0,1,1,6,2,65,9,1229,1,10,8,1,8
2.02E+12,2,9,0,9,0,1,0,0,0,0,1,1,6,1,60,9,998,1,2,6,1,6
2.02E+12,1,9,0,9,0,6,0,0,0,0,1,1,6,1,40,7,1596,1,5,7,2,7
2.02E+12,1,3,0,4,0,1,0,0,0,0,4,1,6,1,72,10,125,1,11,7,1,7
2.02E+12,1,11,0,4,0,1,0,0,0,0,0,1,1,1,37,7,9360,2,7,3,1,3
2.02E+12,1,9,0,18,0,1,1,0,0,0,3,2,6,1,42,7,1598,2,4,7,1,7
2.02E+12,2,9,0,18,0,2,0,0,0,0,1,1,6,1,43,7,1598,1,11,9,1,9
2.02E+12,1,9,0,3,0,3,0,0,0,0,4,1,6,2,27,6,1422,2,15,4,1,4
2.02E+12,1,9,0,5,9,8,0,0,1,0,4,1,6,1,76,11,1984,1,15,7,1,7
2.02E+12,1,9,0,10,0,1,0,0,0,0,3,1,6,2,46,8,1364,1,2,4,1,4
2.02E+12,1,19,0,18,0,2,0,0,0,0,1,1,1,1,48,8,2287,2,5,7,1,7
2.02E+12,1,19,0,7,0,5,0,0,0,0,4,1,1,1,37,7,1598,2,2,6,1,6
2.02E+12,1,9,0,18,0,1,0,0,0,0,1,1,2,1,32,6,1796,1,5,6,2,6
2.02E+12,1,9,0,18,0,6,0,0,0,0,1,1,1,1,46,8,998,1,1,8,1,8
2.02E+12,1,9,0,7,0,5,0,0,0,0,3,1,6,2,36,7,1364,1,10,5,1,5
2.02E+12,1,9,0,18,0,8,0,0,0,0,1,1,6,1,42,7,1422,2,9,2,1,2
2.02E+12,2,9,3,9,0,8,0,0,0,0,1,1,6,1,20,4,1461,2,1,1,1,1
2.02E+12,2,9,0,9,0,1,0,0,0,0,2,1,2,2,22,5,1390,1,15,5,1,5
2.02E+12,1,9,0,5,0,2,0,0,0,0,1,1,1,1,47,8,1798,1,5,3,1,3
2.02E+12,1,3,0,14,0,1,0,0,0,0,1,1,6,1,29,6,124,1,1,4,1,4
2.02E+12,2,9,0,10,0,1,0,0,0,0,1,1,6,2,41,7,1598,2,11,4,1,4
2.02E+12,1,11,0,5,0,8,0,0,0,0,0,1,1,2,43,7,4500,2,2,9,1,9
2.02E+12,1,9,0,9,0,1,0,0,0,0,1,1,6,2,45,7,1797,8,8,6,1,6
2.02E+12,1,11,0,5,0,1,0,0,0,0,0,1,6,1,53,8,6692,2,6,5,1,5