Accident_Index,Vehicle_Reference,Vehicle_Type,Towing_and_Articulation,Vehicle_Manoeuvre,Vehicle_Location-Restricted_Lane,Junction_Location,Skidding_and_Overturning,Hit_Object_in_Carriageway,Vehicle_Leaving_Carriageway,Hit_Object_off_Carriageway,1st_Point_of_Impact,Was_Vehicle_Left_Hand_Drive?,Journey_Purpose_of_Driver,Sex_of_Driver,Age_of_Driver,Age_Band_of_Driver,Engine_Capacity_(CC),Propulsion_Code,Age_of_Vehicle,Driver_IMD_Decile,Driver_Home_Area_Type,Vehicle_IMD_Decile
2.02E+12,1,9,0,9,0,5,0,0,0,0,1,1,6,2,23,5,1198,1,1,7,1,7
2.02E+12,2,3,0,18,0,5,0,0,0,0,1,1,6,1,25,5,124,1,3,2,1,2
2.02E+12,1,9,0,4,0,6,0,0,0,0,3,1,6,2,54,8,1598,1,15,4,1,4
2.02E+12,1,3,0,18,0,1,0,7,7,10,1,1,6,1,19,4,124,1,5,2,1,2
2.02E+12,1,11,0,5,0,1,0,0,0,0,0,1,6,1,52,8,4500,2,1,2,1,2
2.02E+12,1,19,0,9,0,6,0,0,0,0,1,1,6,1,50,8,1598,2,2,7,1,7
2.02E+12,2,5,0,13,0,8,0,0,0,0,4,1,2,1,56,9,790,1,13,9,1,9
2.02E+12,1,9,0,7,0,5,0,0,0,0,4,1,6,1,38,7,1360,1,18,3,1,3
2.02E+12,1,3,0,18,0,5,0,0,0,0,1,1,2,1,35,6,125,1,5,2,1,2
2.02E+12,1,3,0,9,0,6,5,0,0,0,1,1,1,2,40,7,108,1,2,2,1,2
2.02E+12,2,8,0,5,0,2,0,4,0,0,2,1,1,1,48,8,1968,2,3,2,1,2
2.02E+12,1,9,0,9,0,1,0,0,0,0,3,1,6,1,24,5,1968,2,4,4,1,4
2.02E+12,1,9,0,9,0,5,0,0,0,0,3,1,6,1,37,7,1796,1,13,4,1,4
2.02E+12,2,3,0,13,0,1,0,0,3,10,1,1,6,1,20,4,124,1,1,3,1,3
2.02E+12,1,9,0,9,0,8,0,0,0,0,1,1,2,1,47,8,1797,8,6,2,1,2
2.02E+12,1,9,0,18,0,1,0,11,0,0,3,1,6,1,53,8,1497,1,17,5,1,5
2.02E+12,1,9,5,9,0,1,0,0,3,0,1,1,6,1,29,6,1598,1,3,8,1,8
2.02E+12,2,9,0,18,0,1,0,0,3,0,1,1,6,1,52,8,1598,2,7,9,1,9
2.02E+12,1,11,0,4,0,1,0,0,0,0,0,1,1,1,58,9,4760,2,4,3,1,3
2.02E+12,1,9,0,9,0,3,0,0,0,0,4,1,6,1,51,8,2198,1,10,9,1,9
2.02E+12,1,9,0,18,0,1,0,0,0,0,4,1,6,1,29,6,1600,1,5,2,1,2
2.02E+12,1,9,0,3,0,4,0,0,0,0,2,1,6,2,69,10,1598,2,1,9,1,9
2.02E+12,2,8,0,3,0,3,0,0,0,0,2,1,1,1,34,6,1997,2,7,3,1,3
2.02E+12,3,9,0,4,0,4,0,0,0,0,1,1,6,1,20,4,1598,1,8,2,1,2
2.02E+12,1,9,0,18,9,1,1,10,1,10,1,1,6,1,27,6,998,1,7,6,1,6
2.02E+12,1,9,0,9,0,5,0,0,0,0,1,1,3,2,38,7,1968,2,13,3,1,3
2.02E+12,1,9,0,9,0,8,0,0,0,0,2,1,6,2,39,7,1198,1,10,5,1,5
2.02E+12,2,9,0,9,0,8,0,0,0,0,1,1,6,2,37,7,1598,1,11,7,1,7
2.02E+12,1,9,0,18,0,1,0,0,1,1,1,1,6,2,34,6,1198,1,3,7,1,7
2.02E+12,1,5,0,18,0,5,0,10,0,0,4,1,6,1,35,6,999,1,1,1,1,1
2.02E+12,1,3,0,15,0,5,0,10,1,10,4,1,2,1,25,5,125,1,3,3,1,3
2.02E+12,2,11,0,9,0,5,0,0,0,0,3,1,1,1,35,6,6700,2,6,5,1,5
2.02E+12,1,5,0,18,0,2,5,0,0,0,1,1,2,1,43,7,1215,1,1,3,1,3
2.02E+12,2,9,0,9,0,5,0,0,0,0,2,1,2,1,35,6,1399,2,8,1,1,1
2.02E+12,1,9,0,5,0,2,0,0,0,0,0,1,6,1,30,6,1998,1,15,1,1,1
2.02E+12,2,9,0,18,0,2,5,4,0,0,1,1,6,1,28,6,999,1,3,3,1,3
2.02E+12,1,9,0,14,0,1,0,0,0,0,1,1,6,2,37,7,2967,2,5,7,1,7
2.02E+12,3,9,0,3,0,2,0,0,0,0,3,1,6,1,49,8,1596,1,13,9,2,9
2.02E+12,1,9,0,18,0,1,0,0,0,0,1,1,6,2,53,8,1248,1,8,4,1,4
2.02E+12,2,9,0,18,0,1,0,0,0,0,1,1,6,1,53,8,1956,2,2,5,1,5
2.02E+12,1,11,0,4,0,2,0,0,0,0,0,1,1,1,51,8,5132,2,2,2,1,2
2.02E+12,1,9,0,18,0,8,0,0,0,0,1,1,6,2,34,6,1229,1,12,3,1,3
2.02E+12,2,4,0,16,0,1,0,0,0,0,1,1,6,1,16,4,125,1,1,10,1,10
2.02E+12,1,11,0,5,0,2,0,0,0,0,0,1,1,1,42,7,4461,2,3,3,1,3
2.02E+12,1,9,0,5,0,8,0,0,0,0,1,1,6,2,29,6,1753,2,9,6,1,6
2.02E+12,2,9,0,18,0,8,0,0,1,1,0,1,6,1,64,9,1956,2,3,6,1,6
2.02E+12,1,9,0,18,0,1,0,0,0,0,1,1,6,1,55,8,2400,2,6,9,1,9
2.02E+12,1,9,0,5,0,1,0,0,0,0,1,1,6,1,46,8,1968,2,8,2,1,2
2.02E+12,1,9,0,7,0,2,0,0,0,0,1,1,6,1,77,11,1349,1,13,6,1,6
2.02E+12,1,9,0,9,0,6,0,0,0,0,1,1,6,2,33,6,3456,8,1,10,1,10
2.02E+12,2,3,0,9,0,1,0,0,0,0,3,1,6,1,38,7,124,1,1,8,1,8
2.02E+12,1,9,0,9,0,5,0,0,0,0,2,1,6,1,30,6,3199,1,19,6,1,6
2.02E+12,1,9,0,18,0,8,0,0,0,0,1,1,6,1,72,10,1299,1,13,9,2,9
2.02E+12,1,9,0,4,0,1,0,0,0,0,1,1,6,1,46,8,1984,1,7,8,1,8
2.02E+12,1,9,0,9,0,6,0,0,0,0,1,1,6,1,46,8,2979,1,14,8,1,8
2.02E+12,1,9,0,18,0,2,0,4,0,0,1,1,6,1,73,10,1995,2,8,2,1,2
2.02E+12,2,9,0,18,0,2,0,0,0,0,2,1,6,2,35,6,1595,2,7,4,2,4
2.02E+12,1,2,0,13,0,1,0,0,0,0,4,1,6,1,19,4,124,1,1,1,1,1
2.02E+12,2,9,0,14,0,1,0,0,0,0,3,1,6,2,21,5,999,1,1,1,1,1
2.02E+12,1,9,0,18,0,1,0,11,0,0,2,1,6,1,37,7,1124,1,12,10,1,10
2.02E+12,2,9,0,3,0,1,0,0,0,0,0,1,6,1,35,6,1995,2,2,9,1,9
2.02E+12,1,11,0,5,0,1,0,0,0,0,0,2,1,2,40,7,4500,2,1,2,1,2
2.02E+12,1,11,0,3,0,1,0,0,0,0,1,1,1,1,50,8,4500,2,1,3,1,3
2.02E+12,2,9,0,3,0,1,0,0,0,0,2,1,6,2,40,7,1499,2,1,4,1,4
2.02E+12,3,9,0,3,0,1,0,0,0,0,2,1,6,1,37,7,1368,1,1,2,1,2
2.02E+12,4,9,0,3,0,1,0,0,0,0,2,1,6,2,41,7,1560,2,6,3,1,3
2.02E+12,5,9,0,3,0,1,0,0,0,0,2,1,6,2,37,7,1242,1,10,4,1,4
2.02E+12,1,9,0,18,0,5,0,7,0,0,1,1,6,1,24,5,999,1,8,6,1,6
2.02E+12,2,9,0,18,0,5,0,0,0,0,0,1,6,1,37,7,1560,2,3,2,1,2
2.02E+12,1,9,0,9,0,8,0,0,0,0,1,1,2,1,63,9,1197,1,3,10,1,10
2.02E+12,1,9,0,11,0,1,0,0,0,0,4,1,1,2,61,9,1368,1,2,2,1,2
2.02E+12,2,5,0,18,0,1,5,10,1,0,3,1,1,1,24,5,599,1,6,3,1,3
2.02E+12,1,90,0,7,0,2,0,0,0,0,1,1,1,1,49,8,5880,2,11,5,1,5
2.02E+12,1,4,0,13,0,3,0,0,0,0,4,1,2,1,48,8,125,1,11,4,1,4
2.02E+12,2,9,0,4,0,3,0,0,0,0,3,1,6,1,42,7,1998,1,13,2,1,2
2.02E+12,1,9,0,18,6,1,0,0,0,0,1,2,6,1,52,8,2967,2,5,4,1,4
2.02E+12,2,8,0,18,6,2,0,0,0,0,4,2,1,1,29,6,1797,8,6,2,1,2
2.02E+12,1,3,0,14,0,1,0,0,0,0,1,1,6,1,29,6,124,1,12,4,1,4
2.02E+12,1,9,0,18,0,1,0,0,0,0,1,1,2,2,48,8,1595,1,8,5,1,5
2.02E+12,1,9,0,10,0,6,0,0,0,0,3,1,6,1,38,7,1198,1,13,3,1,3
2.02E+12,1,4,0,18,0,8,0,0,0,0,1,1,6,1,31,6,125,1,6,3,1,3
2.02E+12,2,9,0,9,0,8,0,0,0,0,3,1,6,1,49,8,1560,2,5,2,1,2
2.02E+12,1,9,0,18,0,8,0,0,0,0,4,1,6,1,29,6,999,1,5,4,1,4
2.02E+12,2,9,0,18,0,8,0,0,0,0,1,1,1,1,35,6,1896,2,15,4,1,4
2.02E+12,1,9,0,18,0,1,0,0,0,0,1,1,6,1,28,6,1995,2,9,4,1,4
2.02E+12,1,11,0,5,0,2,0,0,0,0,0,1,1,1,50,8,6700,2,6,5,1,5
2.02E+12,1,4,0,18,0,2,0,4,0,0,1,1,6,1,23,5,398,1,11,6,3,6
2.02E+12,1,9,0,12,0,1,1,7,0,0,1,1,6,1,29,6,3982,1,2,4,1,4
2.02E+12,1,9,0,18,0,1,5,0,0,0,3,1,6,2,54,8,1399,1,11,2,1,2
2.02E+12,1,9,0,9,0,5,0,0,0,0,1,1,6,1,26,6,1968,2,7,6,1,6
2.02E+12,2,3,0,18,0,1,1,0,0,0,1,1,6,1,20,4,124,1,2,5,1,5
2.02E+12,1,8,0,14,0,1,0,0,0,0,4,1,1,1,41,7,1956,2,2,1,1,1
2.02E+12,1,9,0,4,0,2,0,0,0,0,0,1,6,2,34,6,1399,1,10,3,1,3
2.02E+12,2,3,0,18,0,2,0,0,0,0,1,1,6,1,24,5,108,1,1,3,1,3
2.02E+12,1,9,0,18,0,1,1,0,0,0,1,1,6,1,30,6,1598,1,15,2,1,2
2.02E+12,2,9,0,18,0,1,0,0,0,0,3,1,6,1,27,6,1984,1,7,3,1,3
2.02E+12,1,9,0,18,0,1,0,0,0,0,1,1,6,2,40,7,1995,2,6,5,1,5
2.02E+12,1,11,0,18,0,1,0,0,0,0,0,1,1,1,60,9,6692,2,4,3,1,3
2.02E+12,2,9,0,7,0,8,0,0,0,0,3,1,6,2,52,8,1600,1,13,5,1,5
2.02E+12,1,2,0,18,0,1,0,0,0,0,3,1,6,1,43,7,50,1,2,2,1,2
2.02E+12,1,21,0,14,0,8,0,4,0,0,1,1,1,1,44,7,6700,2,2,4,1,4
2.02E+12,2,9,0,4,0,1,0,0,0,0,3,1,2,1,57,9,1995,2,5,3,1,3
2.02E+12,1,9,0,5,0,6,0,0,0,0,1,1,6,1,31,6,998,1,14,7,1,7
2.02E+12,1,9,0,3,0,8,0,0,0,0,2,1,6,2,38,7,1995,2,1,9,1,9
2.02E+12,2,9,0,18,0,8,0,0,0,0,1,2,6,1,30,6,1995,2,13,5,1,5
2.02E+12,1,19,0,18,0,8,0,0,0,0,2,1,1,1,33,6,2198,2,1,2,1,2
2.02E+12,2,9,0,18,0,2,0,0,0,0,1,1,2,1,40,7,2494,8,1,2,1,2
2.02E+12,1,9,0,18,0,1,0,4,0,0,1,1,6,1,25,5,2143,2,1,4,1,4
2.02E+12,1,9,0,18,0,8,0,0,0,0,1,1,6,1,38,7,2298,1,20,8,1,8
2.02E+12,2,9,0,9,0,8,0,0,0,0,3,1,6,1,43,7,1910,2,10,6,1,6
2.02E+12,1,9,0,1,0,8,0,0,0,0,2,1,6,1,36,7,1368,1,4,8,1,8
2.02E+12,1,3,0,18,0,1,1,0,0,0,1,1,1,1,21,5,124,1,3,3,1,3
2.02E+12,2,9,0,9,0,1,0,0,0,0,4,1,6,1,34,6,2143,2,3,8,1,8
2.02E+12,1,11,0,4,0,1,0,0,0,0,0,1,1,1,54,8,4500,2,1,8,1,8
2.02E+12,1,9,0,18,0,1,1,0,0,0,1,1,6,1,21,5,1390,1,14,10,1,10
2.02E+12,3,9,0,18,0,1,1,1,7,0,1,1,6,2,21,5,1598,1,8,10,1,10
2.02E+12,4,9,0,4,0,1,0,0,0,0,3,1,6,1,30,6,1242,1,13,10,1,10
2.02E+12,1,5,0,4,0,1,1,0,0,0,0,1,6,1,50,8,883,1,2,9,1,9
2.02E+12,1,9,0,4,0,1,0,0,0,0,1,1,6,2,22,5,1229,1,10,2,1,2
2.02E+12,1,9,0,9,0,2,0,0,0,0,1,1,6,2,23,5,1149,1,4,1,1,1
2.02E+12,1,4,0,7,0,5,0,0,0,0,3,1,2,1,52,8,1170,1,2,6,1,6
2.02E+12,2,19,0,7,0,5,0,0,0,0,4,1,2,1,33,6,1560,2,3,7,1,7
2.02E+12,1,11,0,7,0,3,0,0,0,0,0,1,6,1,38,7,7300,2,11,7,1,7
2.02E+12,1,5,0,18,0,2,0,0,0,0,4,1,6,1,63,9,1584,2,8,6,1,6
2.02E+12,2,8,0,6,0,2,0,0,0,0,4,1,1,1,23,5,1956,2,3,3,1,3
2.02E+12,1,9,0,12,0,2,0,0,0,0,3,1,6,1,22,5,2148,2,9,2,1,2
2.02E+12,2,4,0,18,0,2,0,0,0,0,4,1,2,2,41,7,250,1,4,7,1,7
2.02E+12,1,9,0,18,0,8,5,4,0,0,1,1,6,2,39,7,1299,1,15,2,1,2
2.02E+12,1,9,0,4,0,1,0,0,0,0,2,1,6,1,61,9,1368,1,4,5,1,5
2.02E+12,2,9,0,4,0,1,0,11,0,0,1,1,6,1,60,9,1998,1,15,4,1,4
2.02E+12,1,5,0,17,0,5,0,0,0,0,1,1,6,1,49,8,998,1,8,6,3,6
2.02E+12,2,9,0,4,0,5,0,0,0,0,2,1,1,1,45,7,1956,2,1,7,1,7
2.02E+12,3,9,0,4,0,5,0,0,0,0,3,1,1,1,35,6,1796,1,12,10,1,10
2.02E+12,1,3,0,9,0,1,0,0,0,0,1,1,2,1,17,4,125,1,9,5,1,5
2.02E+12,2,9,0,9,0,1,0,0,0,0,3,1,6,2,39,7,1560,2,1,7,1,7
2.02E+12,1,9,0,9,0,5,0,0,0,0,3,1,6,1,33,6,1397,1,18,9,1,9
2.02E+12,1,9,0,3,0,1,0,0,0,0,3,1,6,1,33,6,1968,2,10,1,1,1
2.02E+12,2,4,0,18,0,8,0,0,0,0,1,1,6,1,17,4,125,1,4,3,1,3
2.02E+12,1,9,0,16,0,1,0,0,0,0,1,1,6,1,24,5,1968,2,6,2,1,2
2.02E+12,1,9,0,18,0,3,0,0,0,0,4,1,2,1,40,7,1339,1,10,5,1,5
2.02E+12,2,11,0,18,0,2,0,0,0,0,1,1,1,1,33,6,10837,2,1,2,1,2
2.02E+12,2,5,0,18,0,1,0,0,0,0,1,1,6,1,58,9,955,1,11,5,1,5
2.02E+12,3,5,0,18,0,1,0,0,0,0,1,1,6,1,33,6,748,1,3,6,1,6
2.02E+12,1,5,0,18,0,2,0,0,0,0,1,1,1,1,41,7,1170,1,11,6,1,6
2.02E+12,1,9,0,7,0,8,0,0,0,0,3,1,6,1,81,11,1998,1,12,6,1,6
2.02E+12,1,9,0,1,0,5,0,0,0,0,2,1,3,1,56,9,4398,1,13,2,1,2
2.02E+12,1,19,0,9,0,5,0,0,0,0,1,1,1,1,58,9,2198,2,2,8,1,8
2.02E+12,1,3,0,9,0,8,0,0,0,0,1,1,1,1,22,5,124,1,1,1,1,1
2.02E+12,1,9,0,18,0,1,0,0,0,0,1,1,6,2,46,8,1493,1,21,3,1,3
2.02E+12,1,9,0,9,0,8,0,0,0,0,1,1,3,1,45,7,1798,8,2,2,1,2
2.02E+12,2,4,0,18,0,8,0,0,0,0,1,1,2,2,27,6,249,1,6,7,1,7
2.02E+12,1,9,0,5,0,1,0,0,0,0,0,1,3,1,22,5,1461,2,2,3,1,3
2.02E+12,1,9,0,18,0,1,0,0,0,0,4,1,6,1,19,4,999,1,5,1,1,1
2.02E+12,2,9,0,5,0,6,0,0,0,0,1,1,6,1,27,6,1364,1,3,1,1,1
2.02E+12,1,9,0,10,0,1,0,0,0,0,2,1,3,2,23,5,1242,1,2,7,1,7
2.02E+12,4,9,0,4,0,1,0,0,0,0,1,1,6,1,17,4,1390,1,4,9,1,9
2.02E+12,1,8,0,1,0,1,0,0,0,0,2,1,6,1,51,8,1798,8,2,1,1,1
2.02E+12,1,9,0,18,8,1,0,0,7,0,1,1,6,2,34,6,1395,1,2,4,1,4
2.02E+12,2,9,0,18,0,1,0,0,7,0,1,1,6,1,40,7,1598,2,5,5,1,5
2.02E+12,1,9,0,9,0,5,0,0,0,0,1,1,3,2,41,7,1595,1,1,6,1,6
2.02E+12,2,9,0,18,0,1,0,0,0,0,1,1,2,1,26,6,2143,2,7,4,1,4
2.02E+12,3,9,0,10,0,6,0,0,0,0,1,1,2,2,46,8,1560,2,3,5,1,5
2.02E+12,1,9,0,18,0,1,0,0,0,0,1,1,6,2,27,6,1149,1,13,2,1,2
2.02E+12,1,19,0,9,0,8,0,0,0,0,3,1,1,1,37,7,1995,2,8,3,1,3
2.02E+12,1,9,0,18,0,1,0,0,0,0,1,1,6,1,30,6,2148,2,10,1,1,1
2.02E+12,2,9,0,4,0,1,0,0,0,0,2,1,6,1,28,6,1956,2,4,2,1,2
2.02E+12,1,19,0,18,0,1,0,0,0,0,1,1,1,1,39,7,2198,2,3,9,1,9
2.02E+12,2,9,0,5,0,1,0,0,0,0,1,1,6,2,73,10,1242,1,7,8,3,8
2.02E+12,1,3,0,18,0,8,0,0,0,0,1,1,6,1,25,5,125,1,11,2,1,2
2.02E+12,2,9,0,9,0,8,0,0,0,0,4,1,2,1,61,9,1896,2,8,2,1,2
2.02E+12,1,3,0,5,0,1,0,0,0,0,1,1,1,1,20,4,125,1,9,2,1,2
2.02E+12,2,19,0,7,0,1,0,0,0,0,1,1,1,1,35,6,2402,2,12,2,1,2
2.02E+12,1,9,0,1,0,1,0,0,0,0,2,1,6,1,51,8,1950,2,1,4,1,4
2.02E+12,1,8,0,18,0,2,0,0,0,0,1,1,6,1,53,8,1497,8,8,2,1,2
2.02E+12,2,9,0,18,0,1,0,0,0,0,1,1,2,2,23,5,1242,1,7,3,1,3
2.02E+12,2,9,0,18,0,2,0,0,0,0,2,1,6,2,35,6,998,1,14,7,1,7
2.02E+12,1,11,0,4,0,1,0,11,0,0,2,1,1,1,51,8,9360,2,8,2,1,2
2.02E+12,2,11,0,3,0,1,0,4,0,0,1,1,1,1,37,7,6700,2,2,1,1,1
2.02E+12,1,9,0,18,6,8,0,0,0,0,4,1,6,2,21,5,1388,1,12,4,1,4
2.02E+12,1,11,0,4,0,3,0,0,0,0,0,1,6,1,45,7,4500,2,2,4,1,4
2.02E+12,1,11,0,4,2,1,0,0,0,0,1,1,1,1,36,7,4500,2,6,2,1,2
2.02E+12,2,9,0,18,0,8,0,0,0,0,1,1,6,1,43,7,1996,1,18,3,1,3
2.02E+12,1,11,0,18,3,5,0,0,0,0,1,1,1,1,55,8,6700,2,6,7,1,7
2.02E+12,1,3,0,10,0,1,0,0,0,0,4,1,6,1,30,6,124,1,8,3,1,3
2.02E+12,2,3,0,13,0,1,0,0,0,0,4,1,2,1,22,5,124,1,8,1,1,1
2.02E+12,1,3,0,18,0,1,0,0,0,0,1,1,6,1,24,5,656,1,8,6,1,6
2.02E+12,1,5,0,5,0,8,0,0,0,0,0,1,2,1,28,6,599,1,16,5,1,5
2.02E+12,2,9,0,12,0,8,0,0,0,0,2,1,6,1,26,6,1397,1,7,7,3,7
2.02E+12,1,8,0,18,0,1,0,0,0,0,0,1,1,1,45,7,2148,2,7,2,1,2
2.02E+12,1,9,0,9,0,1,0,0,0,0,1,1,6,2,30,6,1197,1,4,2,1,2
2.02E+12,1,9,0,3,0,1,0,0,0,0,3,1,1,1,30,6,1968,2,5,9,1,9
2.02E+12,1,8,0,18,0,1,0,0,0,0,1,1,1,1,30,6,1968,2,2,5,1,5
2.02E+12,1,9,0,9,0,5,0,0,0,0,1,1,1,1,38,7,1797,8,7,1,1,1
2.02E+12,1,19,0,18,0,6,0,0,0,0,4,1,1,1,29,6,1598,2,2,4,1,4
2.02E+12,2,3,0,12,0,6,0,0,0,0,4,1,1,1,35,6,125,1,2,7,1,7
2.02E+12,1,9,0,18,0,1,0,0,0,0,1,1,1,2,42,7,1398,1,1,4,1,4
2.02E+12,2,3,0,18,0,8,0,0,0,0,1,1,2,1,28,6,124,1,9,4,1,4
2.02E+12,1,9,0,18,0,1,0,0,0,0,1,1,1,1,38,7,1248,2,9,9,1,9
2.02E+12,2,9,0,9,0,1,0,0,0,0,1,1,3,2,46,8,2967,2,5,8,1,8
2.02E+12,1,3,0,18,0,1,0,0,0,0,1,1,2,1,33,6,125,1,7,5,1,5
2.02E+12,2,9,0,9,0,1,0,0,0,0,1,1,6,2,53,8,1200,1,13,6,1,6
2.02E+12,1,19,0,10,0,5,0,0,0,0,1,1,1,1,38,7,1248,2,9,1,1,1
2.02E+12,1,5,0,18,0,2,0,0,0,0,1,1,1,1,40,7,999,1,1,7,1,7
2.02E+12,1,11,0,5,0,1,0,0,0,0,1,1,1,1,29,6,9000,2,8,8,1,8
2.02E+12,2,11,0,18,0,8,0,0,0,0,1,1,1,1,31,6,4760,2,7,3,1,3
2.02E+12,1,4,0,13,0,1,0,0,0,0,1,1,2,1,50,8,395,1,4,6,1,6
2.02E+12,2,9,0,5,0,1,0,0,0,0,2,1,1,1,50,8,1956,2,3,6,1,6
2.02E+12,1,9,0,3,0,3,0,0,0,0,2,1,6,1,42,7,2720,2,9,8,1,8
2.02E+12,2,90,0,18,0,1,0,0,0,0,1,1,1,1,52,8,9960,2,11,4,1,4
2.02E+12,1,19,0,9,0,8,0,0,0,0,3,1,1,1,38,7,2143,2,5,9,1,9
2.02E+12,1,9,0,18,0,1,0,0,0,0,1,1,2,2,52,8,1349,1,5,3,1,3
2.02E+12,1,9,0,4,0,1,1,0,0,0,1,1,2,2,53,8,1248,1,9,8,2,8
2.02E+12,1,5,0,18,0,1,0,0,0,0,1,1,2,1,50,8,656,1,8,6,1,6
2.02E+12,2,3,0,11,0,1,0,0,0,0,2,1,6,1,27,6,125,1,11,3,1,3
2.02E+12,1,5,0,18,0,8,5,0,0,0,1,1,6,1,28,6,782,1,12,3,1,3
2.02E+12,2,19,0,9,0,8,0,0,0,0,1,1,1,1,55,8,1560,2,10,3,1,3
2.02E+12,1,11,0,5,0,8,0,0,0,0,4,1,1,1,29,6,4500,2,9,3,1,3
2.02E+12,1,11,0,5,2,1,0,0,0,0,0,1,1,1,29,6,6692,2,8,1,1,1
2.02E+12,1,9,0,18,0,1,0,0,0,0,1,1,6,2,33,6,1497,8,11,2,1,2
2.02E+12,1,9,0,7,0,1,0,0,0,0,1,1,6,2,46,8,1242,1,1,3,1,3
2.02E+12,2,8,0,3,0,1,0,0,0,0,4,1,6,1,48,8,1997,2,5,5,1,5
2.02E+12,1,9,0,9,0,4,0,0,0,0,1,1,6,2,27,6,1493,2,12,1,1,1
2.02E+12,1,9,0,9,0,6,0,0,0,0,1,1,6,1,27,6,1686,2,4,8,2,8
2.02E+12,1,9,0,3,9,6,0,0,0,0,1,1,6,1,45,7,1995,2,5,9,1,9
2.02E+12,2,9,0,1,9,6,0,0,0,0,2,1,6,2,52,8,1240,1,13,7,1,7
2.02E+12,2,9,0,4,0,1,0,0,0,0,2,1,2,2,27,6,1364,1,3,8,1,8
2.02E+12,1,9,0,14,0,8,0,0,0,0,1,1,6,2,37,7,1242,1,11,2,1,2
2.02E+12,1,9,0,4,0,1,0,0,0,0,2,1,6,2,22,5,998,1,12,3,1,3
2.02E+12,2,9,0,18,0,1,0,0,0,0,1,1,6,1,73,10,1560,2,3,3,1,3
2.02E+12,2,9,0,18,0,1,0,0,0,0,0,1,1,1,40,7,2993,2,2,4,1,4
2.02E+12,1,11,0,18,0,1,0,0,0,0,4,1,1,1,48,8,9360,2,7,2,1,2
2.02E+12,1,90,0,4,0,1,0,0,0,0,2,1,6,1,61,9,2987,2,2,5,1,5
2.02E+12,2,9,0,18,0,1,0,0,0,0,1,1,6,1,20,4,1995,2,3,3,1,3
2.02E+12,2,9,0,7,0,8,0,0,0,0,3,1,6,2,37,7,1686,2,6,3,1,3
2.02E+12,1,9,0,18,0,1,0,0,0,0,4,1,6,1,54,8,1995,2,7,3,1,3
2.02E+12,1,8,0,3,0,1,0,0,0,0,2,1,1,1,33,6,1797,8,6,5,1,5
2.02E+12,1,9,0,9,0,1,0,0,0,0,4,1,6,2,53,8,1590,1,16,5,1,5
2.02E+12,1,11,0,7,0,7,0,0,0,0,0,1,6,1,54,8,9360,2,5,3,1,3
2.02E+12,1,9,0,9,0,8,0,0,0,0,1,1,6,2,52,8,1998,1,9,1,1,1
2.02E+12,2,9,0,18,0,8,0,0,0,0,1,1,1,1,38,7,2993,2,2,4,1,4
2.02E+12,1,9,0,18,0,1,0,0,0,0,3,1,2,1,66,10,998,1,24,4,1,4
2.02E+12,2,9,0,18,0,8,0,0,0,0,1,1,6,1,31,6,2143,2,4,6,1,6
2.02E+12,1,9,0,9,0,8,0,0,0,0,1,1,6,2,23,5,1968,2,1,2,1,2
2.02E+12,2,9,0,18,0,8,0,0,0,0,1,1,6,1,26,6,1968,2,7,4,1,4
2.02E+12,1,8,0,4,0,1,0,0,1,0,2,1,1,1,51,8,1598,2,7,7,1,7
2.02E+12,1,9,0,4,0,8,0,0,0,0,3,1,1,1,41,7,1968,2,2,4,1,4
2.02E+12,2,3,0,13,0,8,2,0,0,0,4,1,6,1,40,7,108,1,3,3,1,3
2.02E+12,1,9,0,3,0,8,0,0,0,0,2,1,6,1,42,7,1797,8,3,3,1,3
2.02E+12,1,19,0,9,0,1,0,0,0,0,1,1,1,1,33,6,2143,2,7,4,1,4
2.02E+12,1,9,0,16,0,2,0,0,0,0,2,1,2,1,29,6,1388,1,8,2,1,2
2.02E+12,1,8,0,18,0,8,0,0,0,0,1,1,6,1,53,8,2143,2,2,2,1,2
2.02E+12,1,8,0,7,0,1,0,0,0,0,1,1,1,1,62,9,2499,2,4,7,1,7
2.02E+12,1,11,0,4,0,2,0,0,0,0,0,1,1,2,62,9,5132,2,3,5,1,5
2.02E+12,1,11,0,7,0,2,0,0,0,0,0,1,1,1,65,9,4500,2,1,4,1,4
2.02E+12,1,9,0,18,0,8,0,0,0,0,1,1,3,2,71,10,1390,1,5,4,1,4
2.02E+12,2,8,0,18,0,8,0,0,0,0,1,1,1,1,34,6,1997,2,5,3,1,3
2.02E+12,1,4,0,3,0,8,0,0,0,0,1,1,6,1,22,5,124,1,5,10,1,10
2.02E+12,1,9,0,18,0,2,0,4,7,0,1,1,6,1,37,7,1498,1,10,9,1,9
2.02E+12,2,9,0,3,0,1,0,0,0,0,1,1,6,1,66,10,1984,1,14,9,1,9
2.02E+12,1,11,0,18,0,2,0,0,0,0,0,1,1,1,59,9,7300,2,13,3,1,3
2.02E+12,1,9,0,18,4,8,0,0,1,0,4,1,6,1,22,5,1200,1,1,3,1,3
2.02E+12,1,9,0,9,0,1,0,0,0,0,3,1,6,2,32,6,1968,2,4,4,1,4
2.02E+12,1,4,0,3,0,1,0,0,0,0,3,1,6,2,30,6,348,1,30,9,1,9
2.02E+12,1,11,0,4,3,1,0,0,0,0,1,1,1,1,51,8,4250,2,11,3,1,3
2.02E+12,1,2,0,18,0,1,5,0,0,0,1,1,6,1,24,5,330,1,4,3,1,3