Accident_Index,Vehicle_Reference,Vehicle_Type,Towing_and_Articulation,Vehicle_Manoeuvre,Vehicle_Location-Restricted_Lane,Junction_Location,Skidding_and_Overturning,Hit_Object_in_Carriageway,Vehicle_Leaving_Carriageway,Hit_Object_off_Carriageway,1st_Point_of_Impact,Was_Vehicle_Left_Hand_Drive?,Journey_Purpose_of_Driver,Sex_of_Driver,Age_of_Driver,Age_Band_of_Driver,Engine_Capacity_(CC),Propulsion_Code,Age_of_Vehicle,Driver_IMD_Decile,Driver_Home_Area_Type,Vehicle_IMD_Decile
2.02E+12,2,9,0,18,0,1,0,0,0,0,3,2,6,2,45,7,2400,2,4,8,1,8
2.02E+12,1,9,0,9,0,6,0,0,0,0,4,1,6,2,31,6,2143,2,4,7,1,7
2.02E+12,2,3,0,18,0,6,0,0,0,0,3,1,6,1,18,4,124,1,3,10,1,10
2.02E+12,1,5,0,4,0,2,0,0,0,0,1,1,6,1,42,7,1170,1,3,10,1,10
2.02E+12,1,9,0,5,0,1,0,0,0,0,1,1,6,1,60,9,4799,1,10,9,1,9
2.02E+12,1,9,0,18,0,8,0,0,0,0,4,1,6,2,28,6,1598,1,6,3,1,3
2.02E+12,1,3,0,18,0,8,0,0,0,0,4,1,1,1,23,5,108,1,2,2,1,2
2.02E+12,2,9,0,5,0,8,0,0,0,0,1,1,6,1,37,7,998,1,18,6,1,6
2.02E+12,1,9,0,9,0,1,0,0,0,0,1,1,6,1,30,6,998,1,4,2,1,2
2.02E+12,2,9,0,18,0,1,0,0,0,0,0,1,6,1,25,5,1910,2,10,5,1,5
2.02E+12,1,9,0,9,0,2,0,0,0,0,3,1,2,1,32,6,1598,1,7,2,1,2
2.02E+12,1,9,0,9,0,8,0,7,0,0,3,1,6,2,64,9,1591,1,1,10,1,10
2.02E+12,1,9,0,7,0,1,0,0,0,0,4,1,6,2,27,6,1149,1,8,4,1,4
2.02E+12,1,9,0,18,0,8,0,10,1,2,1,2,6,2,42,7,1910,2,13,2,1,2
2.02E+12,1,9,0,4,0,1,0,0,0,0,2,1,6,2,39,7,1560,2,6,5,1,5
2.02E+12,2,9,0,5,0,1,0,0,0,0,1,1,6,1,55,8,1798,8,4,8,1,8
2.02E+12,1,19,0,18,0,2,0,0,0,0,4,1,2,1,47,8,2295,7,13,6,1,6
2.02E+12,1,19,0,18,0,4,0,0,0,0,1,1,2,1,34,6,1598,2,4,3,1,3
2.02E+12,1,8,0,13,0,1,0,0,0,0,4,1,1,1,70,10,2402,2,12,6,1,6
2.02E+12,1,19,0,9,0,1,0,0,0,0,3,1,2,1,35,6,1461,2,5,6,1,6
2.02E+12,1,11,0,18,0,8,0,0,0,0,0,1,1,1,51,8,5132,2,2,4,1,4
2.02E+12,1,9,0,17,0,1,0,0,0,0,4,1,6,1,29,6,1598,1,13,2,1,2
2.02E+12,2,9,0,9,0,1,0,0,0,0,1,1,6,2,74,10,1242,1,8,8,1,8
2.02E+12,1,9,0,9,0,8,0,0,0,0,4,1,6,1,51,8,1796,1,12,3,1,3
2.02E+12,2,9,0,18,0,8,0,0,0,0,1,1,1,2,24,5,1598,2,1,10,1,10
2.02E+12,1,9,0,9,0,8,0,0,0,0,1,1,6,2,80,11,1798,1,7,9,1,9
2.02E+12,1,9,0,18,0,2,0,0,0,0,3,1,6,1,59,9,1797,8,7,3,1,3
2.02E+12,1,4,0,18,0,1,0,0,0,0,1,1,6,1,22,5,124,1,13,2,1,2
2.02E+12,2,19,0,7,0,1,0,0,0,0,1,1,2,1,38,7,1598,2,2,1,1,1
2.02E+12,1,11,0,18,0,1,0,0,0,0,0,1,1,1,38,7,7300,2,12,5,1,5
2.02E+12,2,19,0,9,0,8,0,0,0,0,3,1,1,1,34,6,2198,2,3,7,3,7
2.02E+12,1,9,0,18,0,2,0,0,0,0,1,1,6,2,43,7,1995,2,7,5,1,5
2.02E+12,1,9,0,13,0,2,0,0,0,0,2,1,2,2,70,10,1299,1,14,6,1,6
2.02E+12,3,19,0,5,0,1,0,0,0,0,1,1,1,1,33,6,9290,2,5,1,1,1
2.02E+12,1,9,0,18,0,2,1,0,0,0,1,1,1,1,57,9,1248,2,8,2,1,2
2.02E+12,1,9,0,6,0,8,0,0,0,0,4,2,6,1,32,6,1496,2,2,1,1,1
2.02E+12,1,11,0,5,0,8,0,0,0,0,0,1,1,1,58,9,9360,2,5,3,1,3
2.02E+12,1,11,0,4,0,2,0,0,0,0,0,1,1,1,59,9,4500,2,1,2,1,2
2.02E+12,2,9,0,4,0,6,0,0,0,0,2,1,1,1,47,8,1800,8,4,2,1,2
2.02E+12,3,9,0,8,0,6,0,0,0,0,1,1,6,1,42,7,1995,2,12,2,1,2
2.02E+12,2,9,0,18,0,2,0,0,0,0,3,1,6,1,31,6,2993,2,1,3,1,3
2.02E+12,1,2,0,18,0,8,0,0,0,0,1,1,6,1,19,4,49,1,2,3,1,3
2.02E+12,1,11,0,5,0,1,0,0,0,0,0,1,6,1,53,8,6700,2,5,6,1,6
2.02E+12,1,8,0,10,0,1,0,0,0,0,1,1,1,1,55,8,2499,2,6,5,1,5
2.02E+12,2,4,0,18,0,1,0,0,0,0,4,1,6,1,28,6,125,1,6,2,1,2
2.02E+12,1,19,0,18,0,1,0,0,3,10,1,1,1,1,40,7,1968,2,3,8,1,8
2.02E+12,2,9,0,4,0,4,0,9,1,0,2,1,2,1,37,7,1998,1,16,4,1,4
2.02E+12,1,2,0,14,0,1,0,0,0,0,1,1,6,1,18,4,49,1,1,3,1,3
2.02E+12,2,9,0,9,0,6,0,0,0,0,1,1,6,2,55,8,1995,2,2,5,1,5
2.02E+12,1,9,0,18,0,1,0,0,0,0,1,1,6,2,48,8,1596,1,13,9,1,9
2.02E+12,2,9,0,9,0,8,0,0,0,0,1,1,6,2,47,8,1598,2,4,9,1,9
2.02E+12,3,9,0,18,0,2,0,0,1,0,1,1,6,1,51,8,1598,1,2,6,1,6
2.02E+12,1,9,0,18,0,1,0,0,0,0,4,1,6,1,52,8,1397,1,13,1,1,1
2.02E+12,1,9,0,18,0,8,0,0,0,0,3,1,6,1,40,7,1968,2,10,4,1,4
2.02E+12,2,19,0,18,0,8,0,0,0,0,4,1,1,1,25,5,2299,2,2,7,1,7
2.02E+12,1,9,0,18,0,8,0,0,0,0,2,1,6,2,26,6,2720,2,11,2,1,2
2.02E+12,2,21,0,18,0,8,0,0,0,0,1,1,1,1,26,6,8710,2,2,3,1,3
2.02E+12,2,9,0,3,0,2,0,0,0,0,2,1,6,1,62,9,2283,2,18,1,1,1
2.02E+12,3,9,0,4,0,2,0,0,0,0,2,1,6,1,32,6,1798,1,11,7,1,7
2.02E+12,1,9,0,18,0,2,0,0,0,0,1,1,6,2,42,7,1149,1,13,1,1,1
2.02E+12,1,9,0,9,0,8,0,0,0,0,3,1,6,1,60,9,1395,1,2,9,1,9
2.02E+12,1,9,0,18,0,2,0,0,0,0,1,1,6,1,46,8,1587,1,11,4,1,4
2.02E+12,1,9,0,9,0,1,0,0,0,0,3,1,6,1,25,5,1798,8,5,2,1,2
2.02E+12,2,3,0,13,0,1,0,0,0,0,1,1,6,1,20,4,124,1,12,4,1,4
2.02E+12,3,19,0,3,0,1,0,0,0,0,0,1,1,1,27,6,2143,2,2,1,1,1
2.02E+12,1,9,0,18,0,2,0,0,0,0,3,1,6,2,42,7,1598,1,11,6,1,6
2.02E+12,1,9,0,18,0,4,0,0,0,0,4,1,6,2,54,8,898,1,1,10,1,10
2.02E+12,2,9,0,18,0,4,0,0,0,0,1,1,6,2,61,9,1686,2,15,5,1,5
2.02E+12,1,9,0,3,0,8,0,0,0,0,2,2,6,1,25,5,1389,1,12,2,1,2
2.02E+12,2,9,0,18,0,8,0,0,0,0,1,1,6,1,44,7,1339,1,8,2,1,2
2.02E+12,1,9,0,18,0,1,0,0,0,0,1,1,6,1,18,4,1368,1,11,4,1,4
2.02E+12,2,9,0,18,0,1,0,0,0,0,2,1,6,1,18,4,1596,1,13,6,1,6
2.02E+12,1,9,0,10,0,4,0,4,0,0,2,2,6,1,28,6,1995,2,8,7,1,7
2.02E+12,2,9,0,3,0,4,0,0,0,0,0,2,6,1,68,10,1598,1,8,6,1,6
2.02E+12,1,9,0,18,0,4,0,0,0,0,1,1,6,1,26,6,875,1,3,10,1,10
2.02E+12,1,90,0,18,2,2,0,0,0,0,4,1,1,2,33,6,1997,2,1,9,1,9
2.02E+12,1,9,0,18,0,8,0,0,0,0,1,1,1,1,31,6,1968,2,5,3,1,3
2.02E+12,2,9,0,9,0,6,1,0,0,0,3,1,1,1,26,6,1798,1,11,5,1,5
2.02E+12,1,9,0,17,0,8,0,0,0,0,1,1,2,2,51,8,2497,1,7,9,1,9
2.02E+12,2,9,0,9,0,8,0,0,0,0,4,1,1,1,49,8,1598,2,5,9,1,9
2.02E+12,1,5,0,18,0,1,0,0,0,0,3,1,2,1,29,6,598,1,13,8,1,8
2.02E+12,1,19,0,10,0,1,0,0,0,0,1,1,1,1,49,8,2198,2,2,5,1,5
2.02E+12,1,9,0,18,0,1,0,4,0,0,1,1,6,2,46,8,1461,2,4,6,1,6
2.02E+12,1,9,0,9,0,8,0,0,0,0,1,1,3,1,48,8,1587,1,16,3,1,3
2.02E+12,1,11,0,5,0,1,0,0,0,0,0,1,1,1,44,7,4760,2,6,1,1,1
2.02E+12,1,9,0,18,0,1,0,0,0,0,4,1,6,2,31,6,1968,2,3,7,1,7
2.02E+12,2,9,0,9,0,6,0,0,0,0,1,1,6,1,37,7,2000,1,12,8,1,8
2.02E+12,1,3,0,18,0,1,2,0,0,0,0,1,1,1,38,7,125,1,5,4,1,4
2.02E+12,1,5,0,13,0,1,0,0,0,0,4,1,2,1,23,5,599,1,20,4,1,4
2.02E+12,1,19,0,9,0,1,0,0,0,0,3,1,1,1,26,6,1598,2,1,1,1,1
2.02E+12,2,4,0,13,0,1,5,0,0,0,3,1,6,1,61,9,124,1,1,3,1,3
2.02E+12,1,9,0,18,0,8,0,0,0,0,4,1,6,1,57,9,2997,1,18,1,1,1
2.02E+12,2,3,0,12,0,8,0,0,0,0,3,1,1,1,30,6,125,1,10,3,1,3
2.02E+12,1,9,0,18,0,5,1,0,0,0,3,1,6,2,23,5,1995,2,9,3,1,3
2.02E+12,2,9,0,5,0,8,0,0,0,0,1,1,6,1,53,8,1984,1,1,6,1,6
2.02E+12,1,9,0,18,0,1,0,0,0,0,1,1,6,2,43,7,1229,1,10,6,1,6
2.02E+12,1,9,0,5,0,1,0,0,0,0,1,1,3,1,56,9,1493,1,17,4,1,4
2.02E+12,1,8,0,9,0,8,0,0,0,0,1,1,1,1,60,9,2499,2,4,5,1,5
2.02E+12,1,9,0,7,5,1,0,0,1,0,1,1,6,1,17,4,1900,2,12,2,1,2
2.02E+12,1,3,0,4,0,1,0,0,0,0,2,1,1,1,36,7,124,1,1,2,1,2
2.02E+12,2,9,0,5,0,1,0,0,0,0,1,1,2,1,25,5,2143,2,1,1,1,1
2.02E+12,3,9,0,18,0,8,0,0,0,0,0,1,6,1,51,8,2993,2,7,2,1,2
2.02E+12,1,8,0,5,0,2,0,0,0,0,3,1,1,1,36,7,2143,2,3,4,1,4
2.02E+12,1,9,0,9,0,1,0,0,0,0,1,1,6,1,46,8,1798,8,2,7,1,7
2.02E+12,2,5,0,4,2,1,0,0,0,0,1,1,1,1,30,6,745,1,1,7,1,7
2.02E+12,1,9,0,9,0,1,0,0,0,0,1,2,6,1,50,8,2143,2,6,9,1,9
2.02E+12,1,8,0,9,0,5,0,0,0,0,4,1,1,1,35,6,1797,8,5,4,1,4
2.02E+12,2,5,0,18,0,8,0,0,0,0,1,1,2,1,27,6,1170,1,1,10,2,10
2.02E+12,1,11,0,5,0,8,0,10,0,0,1,1,1,1,50,8,6700,2,7,6,1,6
2.02E+12,1,19,0,9,0,1,0,0,0,0,0,1,2,1,38,7,2143,2,1,1,1,1
2.02E+12,2,3,0,18,2,1,1,0,0,0,0,1,6,1,48,8,125,1,1,2,1,2
2.02E+12,3,9,0,18,0,2,0,0,0,0,2,1,6,1,26,6,1956,2,6,3,1,3
2.02E+12,1,9,0,18,0,1,0,0,1,10,1,1,6,2,26,6,1461,2,7,9,1,9
2.02E+12,1,3,0,13,0,1,0,0,0,0,4,1,6,1,35,6,124,1,15,2,1,2
2.02E+12,1,9,0,5,0,1,0,0,0,0,1,1,6,2,43,7,1386,1,11,2,1,2
2.02E+12,2,9,0,3,0,1,0,0,0,0,1,1,2,1,27,6,998,1,3,5,1,5
2.02E+12,3,9,0,5,0,1,0,0,0,0,2,2,2,1,62,9,2698,2,10,2,1,2
2.02E+12,1,4,0,9,9,6,0,0,0,0,1,1,1,1,17,4,125,1,1,3,1,3
2.02E+12,1,9,0,4,0,6,0,4,0,0,1,1,6,1,19,4,1248,1,6,10,1,10
2.02E+12,2,9,0,3,0,6,0,4,0,0,2,1,6,1,69,10,1997,2,6,10,1,10
2.02E+12,3,9,0,3,0,6,0,0,0,0,2,1,6,1,36,7,1781,1,14,8,1,8
2.02E+12,1,3,0,18,0,1,0,4,0,0,4,1,6,1,30,6,125,1,1,6,1,6
2.02E+12,2,19,0,10,0,1,0,0,0,0,1,1,6,1,33,6,2143,2,5,7,1,7
2.02E+12,3,9,0,10,0,1,0,0,0,0,1,1,6,2,38,7,1598,1,10,4,1,4
2.02E+12,1,9,0,9,0,1,0,0,0,0,1,1,6,1,22,5,2143,2,3,3,1,3
2.02E+12,2,3,0,18,0,1,1,0,0,0,4,1,1,1,21,5,124,1,10,2,1,2
2.02E+12,1,9,0,14,0,1,0,0,0,0,4,1,6,2,20,4,1398,1,2,3,1,3
2.02E+12,1,9,0,9,0,7,0,0,0,0,2,1,6,2,44,7,1600,1,13,2,1,2
2.02E+12,2,3,0,18,0,8,0,0,0,0,1,1,6,1,21,5,125,1,1,4,1,4
2.02E+12,1,9,0,18,0,8,0,0,0,0,3,1,6,1,51,8,1299,1,16,6,1,6
2.02E+12,2,9,0,9,0,8,0,0,0,0,1,1,6,1,47,8,1324,1,17,1,1,1
2.02E+12,1,9,0,9,0,1,0,0,0,0,4,1,6,2,42,7,1598,1,13,5,1,5
2.02E+12,1,9,0,4,0,1,0,0,0,0,1,1,1,1,40,7,1560,2,6,3,1,3
2.02E+12,2,9,0,18,0,1,0,0,0,0,1,1,6,1,26,6,1995,1,16,3,1,3
2.02E+12,1,9,0,6,0,5,0,0,0,0,1,1,6,2,53,8,1991,1,1,9,1,9
2.02E+12,2,3,0,14,0,5,0,0,0,0,1,1,6,1,32,6,125,1,3,5,1,5
2.02E+12,1,9,0,14,0,1,0,0,0,0,4,1,6,1,21,5,2993,2,10,7,1,7
2.02E+12,2,9,0,5,0,1,0,0,0,0,1,1,6,2,22,5,2000,1,18,3,1,3
2.02E+12,1,9,0,18,0,1,0,0,0,0,1,1,6,2,27,6,1395,1,2,4,1,4
2.02E+12,2,19,0,18,0,1,0,0,0,0,2,1,2,1,25,5,2198,2,4,6,2,6
2.02E+12,3,9,0,9,0,1,0,0,0,0,2,1,6,2,38,7,1968,2,1,4,1,4
2.02E+12,1,9,0,18,0,1,0,0,0,0,1,1,6,1,37,7,1390,1,10,3,1,3
2.02E+12,1,3,0,18,0,1,0,0,0,0,1,1,2,1,21,5,108,1,5,6,1,6
2.02E+12,2,9,0,6,0,1,0,0,0,0,3,1,6,1,62,9,2362,7,15,5,1,5
2.02E+12,1,8,0,9,0,8,1,0,0,0,3,1,1,1,40,7,1598,2,1,2,1,2
2.02E+12,2,11,0,18,0,8,0,0,0,0,1,1,1,1,44,7,8268,2,13,1,1,1
2.02E+12,1,11,0,18,0,2,0,7,0,0,1,1,1,1,48,8,4461,2,3,3,1,3
2.02E+12,1,5,0,18,0,8,0,0,0,0,1,1,6,1,30,6,645,1,10,1,1,1
2.02E+12,1,9,0,3,0,1,0,0,0,0,2,1,6,1,55,8,2720,2,11,9,1,9
2.02E+12,2,9,0,4,0,1,0,4,0,0,1,1,6,2,41,7,2688,2,14,7,1,7
2.02E+12,1,4,0,14,0,1,2,0,0,0,1,1,6,1,34,6,124,1,2,6,1,6
2.02E+12,2,11,0,7,0,1,0,0,0,0,1,1,1,1,32,6,4500,2,6,1,1,1
2.02E+12,1,11,0,18,0,8,0,0,0,0,1,1,1,1,55,8,4461,2,4,3,1,3
2.02E+12,1,9,0,9,0,6,0,0,0,0,4,1,6,2,45,7,1399,2,9,2,1,2
2.02E+12,1,2,0,5,0,6,0,0,0,0,1,1,6,1,54,8,124,1,6,6,1,6
2.02E+12,1,9,0,9,0,8,0,0,0,0,1,1,6,1,21,5,1299,1,14,2,1,2
2.02E+12,1,9,0,18,0,4,0,0,0,0,3,1,2,1,55,8,1998,1,15,2,1,2
2.02E+12,2,4,0,18,0,4,0,0,0,0,1,1,6,1,27,6,124,1,4,4,1,4
2.02E+12,1,5,0,18,0,2,0,10,7,0,1,1,2,1,33,6,599,1,15,5,1,5
2.02E+12,1,19,0,9,0,8,0,0,0,0,4,1,1,1,41,7,2402,2,10,4,1,4
2.02E+12,1,9,0,7,0,4,1,9,0,0,1,1,6,2,35,6,1995,2,14,6,1,6
2.02E+12,1,3,0,18,2,8,1,0,0,0,0,1,2,2,54,8,125,1,2,4,1,4
2.02E+12,1,9,0,9,0,6,0,0,0,0,1,1,6,1,67,10,2149,2,10,4,1,4
2.02E+12,1,9,0,4,0,8,0,0,0,0,2,1,6,1,42,7,1242,1,11,5,1,5
2.02E+12,2,9,0,18,0,1,0,0,0,0,1,1,6,1,48,8,1390,1,17,10,1,10
2.02E+12,1,8,0,8,0,6,0,0,0,0,1,1,1,1,34,6,1995,2,4,5,1,5
2.02E+12,1,9,0,15,2,1,0,0,0,0,1,1,6,1,28,6,1984,1,6,7,1,7
2.02E+12,1,9,0,9,0,6,0,0,0,0,1,1,6,1,42,7,2143,2,1,8,1,8
2.02E+12,2,11,0,18,0,1,0,0,0,0,0,1,1,1,62,9,5132,2,3,8,1,8
2.02E+12,3,9,0,14,0,1,2,0,0,0,4,1,6,2,25,5,1242,1,5,4,1,4
2.02E+12,1,9,0,18,0,8,1,0,0,0,3,1,2,1,37,7,1598,1,5,5,1,5
2.02E+12,1,9,0,4,0,1,0,11,0,0,1,1,6,1,55,8,1299,1,13,2,1,2
2.02E+12,1,11,0,4,0,1,0,0,0,0,0,1,1,1,49,8,6700,2,5,8,1,8
2.02E+12,1,3,0,18,0,1,0,0,0,0,1,1,6,1,30,6,102,1,13,3,1,3
2.02E+12,1,8,0,9,0,2,0,0,0,0,2,1,1,1,65,9,2402,2,14,7,1,7
2.02E+12,2,3,0,18,0,2,0,0,0,0,3,1,1,1,46,8,125,1,4,2,1,2
2.02E+12,1,8,0,5,0,8,0,0,0,0,1,1,1,1,38,7,1798,8,2,2,1,2
2.02E+12,2,9,0,5,0,1,0,0,0,0,2,1,6,1,35,6,1968,2,9,8,1,8
2.02E+12,2,3,0,18,0,6,0,0,0,0,1,1,6,1,19,4,108,1,3,1,1,1
2.02E+12,1,9,0,9,0,8,0,0,0,0,1,1,6,1,28,6,1997,2,14,1,1,1
2.02E+12,2,4,0,18,0,8,0,0,0,0,1,1,1,1,43,7,125,1,9,2,1,2
2.02E+12,1,9,0,10,0,1,0,0,0,0,2,1,6,2,44,7,1998,1,9,3,1,3
2.02E+12,2,9,0,18,0,1,0,0,0,0,2,1,6,2,25,5,1360,1,11,6,1,6
2.02E+12,3,9,0,18,0,1,0,0,0,0,1,1,6,2,45,7,1975,1,12,2,1,2
2.02E+12,1,9,0,18,0,6,5,4,0,0,1,2,6,1,17,4,1598,2,5,7,1,7
2.02E+12,1,9,0,9,0,1,0,0,0,0,3,1,6,2,43,7,1896,2,12,7,1,7
2.02E+12,2,3,0,14,0,1,0,0,0,0,4,1,6,2,31,6,125,1,1,7,1,7
2.02E+12,1,9,0,3,0,1,0,0,0,0,2,1,6,1,50,8,1229,1,6,7,1,7
2.02E+12,1,9,0,4,0,1,0,0,0,0,2,1,6,2,28,6,1390,1,3,7,1,7
2.02E+12,2,9,0,4,0,1,0,0,0,0,1,1,6,1,22,5,1390,1,6,10,1,10
2.02E+12,3,9,0,3,0,1,0,0,0,0,1,1,6,1,34,6,3226,2,16,4,1,4
2.02E+12,1,9,0,18,0,1,0,4,0,0,4,1,6,1,24,5,1560,2,7,6,1,6
2.02E+12,1,2,0,14,0,1,0,0,0,0,1,1,2,1,24,5,49,1,4,3,1,3
2.02E+12,2,9,0,9,0,1,0,0,0,0,3,1,6,1,38,7,1896,2,12,7,1,7
2.02E+12,2,9,0,3,0,1,0,0,0,0,2,1,6,1,20,4,1598,1,10,4,1,4
2.02E+12,3,9,0,3,0,1,0,0,0,0,2,1,6,1,48,8,4134,2,3,6,1,6
2.02E+12,1,9,0,18,0,1,5,10,0,0,1,1,6,1,41,7,1753,2,12,2,1,2
2.02E+12,2,9,0,5,0,1,0,0,0,0,0,1,2,1,41,7,1598,2,2,4,2,4
2.02E+12,1,9,0,17,0,1,0,0,0,0,1,1,6,2,55,8,1299,1,13,2,1,2
2.02E+12,1,9,0,4,0,1,0,0,0,0,2,1,6,1,21,5,1560,2,12,2,1,2
2.02E+12,2,9,0,4,0,1,0,0,0,0,2,1,6,2,27,6,1339,1,9,3,1,3
2.02E+12,3,9,0,18,0,1,0,0,0,0,1,1,6,1,32,6,1896,2,9,3,1,3
2.02E+12,1,8,0,9,0,8,0,0,0,0,3,1,1,1,48,8,2143,2,5,4,1,4
2.02E+12,1,3,0,18,0,1,0,0,0,0,1,1,6,1,24,5,125,1,8,4,1,4
2.02E+12,2,9,0,9,0,1,0,0,0,0,4,1,6,1,40,7,1229,1,6,8,1,8
2.02E+12,1,9,0,4,0,1,0,0,0,0,2,1,6,2,30,6,1598,1,11,7,1,7
2.02E+12,2,9,0,18,0,8,0,0,0,0,1,1,6,1,40,7,1998,2,9,3,1,3
2.02E+12,1,3,0,18,0,6,0,0,0,0,1,1,1,1,25,5,125,1,11,4,1,4
2.02E+12,1,9,0,5,0,3,0,0,0,0,1,1,6,2,26,6,1229,1,6,4,1,4
2.02E+12,2,9,3,18,0,8,0,0,0,0,4,1,6,1,44,7,1988,1,15,6,1,6
2.02E+12,2,4,0,13,0,8,0,0,0,0,4,1,1,1,34,6,125,1,6,6,1,6
2.02E+12,1,9,0,5,0,6,0,0,0,0,1,1,6,1,24,5,1997,2,14,6,1,6
2.02E+12,2,9,0,18,0,1,0,0,0,0,1,1,6,1,20,4,1461,2,1,7,1,7
2.02E+12,1,9,0,18,0,1,0,0,0,0,3,1,6,1,28,6,1248,1,5,6,1,6
2.02E+12,3,9,0,18,0,1,0,0,0,0,3,1,6,2,40,7,1242,1,4,3,1,3
2.02E+12,1,9,0,9,0,8,0,0,0,0,1,1,6,2,30,6,1995,2,6,4,1,4
2.02E+12,2,9,0,18,0,8,0,0,0,0,1,1,6,1,46,8,3936,2,12,4,1,4
2.02E+12,1,9,0,18,0,2,0,10,3,10,1,1,1,1,38,7,1797,8,7,9,1,9
2.02E+12,1,9,0,18,0,1,0,0,0,0,4,1,6,1,28,6,1995,2,1,1,1,1
2.02E+12,2,9,0,18,0,1,0,0,0,0,4,1,6,2,30,6,1686,2,15,10,1,10
2.02E+12,4,9,0,3,0,1,0,0,0,0,4,1,6,1,28,6,2494,1,13,3,1,3
2.02E+12,1,9,0,9,0,8,0,0,0,0,3,1,3,2,43,7,1998,1,11,8,1,8
2.02E+12,2,4,0,13,0,8,1,0,1,0,1,1,6,1,23,5,125,1,3,7,3,7
2.02E+12,1,9,0,14,0,2,0,0,0,0,4,1,6,2,60,9,1997,8,1,9,1,9
2.02E+12,2,9,0,14,0,2,0,0,0,0,1,1,6,2,64,9,1598,1,13,8,1,8
2.02E+12,1,9,0,18,0,1,0,0,0,0,0,1,6,1,31,6,2231,2,12,2,1,2
2.02E+12,2,9,0,18,0,1,0,0,0,0,1,1,6,1,42,7,1598,1,10,6,1,6
2.02E+12,3,9,0,18,0,1,0,0,0,0,1,1,6,1,40,7,1598,1,6,6,1,6
2.02E+12,4,9,0,18,0,1,0,0,0,0,1,1,6,1,38,7,1598,1,13,6,1,6
2.02E+12,1,8,0,18,0,1,0,0,0,0,2,1,1,1,39,7,1997,2,6,1,1,1
2.02E+12,2,9,0,18,0,7,0,0,0,0,1,1,6,2,56,9,1598,1,6,4,1,4
2.02E+12,1,9,0,18,0,6,0,0,0,0,3,1,6,2,39,7,1781,1,15,3,1,3
2.02E+12,1,3,0,13,0,1,5,0,0,0,1,1,6,1,48,8,124,1,2,2,1,2
2.02E+12,2,9,0,9,0,1,0,0,0,0,3,1,6,1,53,8,2204,2,9,4,1,4
2.02E+12,2,9,0,4,0,1,0,0,0,0,1,2,6,2,29,6,1560,2,8,3,1,3
2.02E+12,1,9,0,9,0,2,0,0,0,0,3,1,6,1,74,10,1598,1,28,6,1,6
2.02E+12,1,5,0,9,0,1,0,0,0,0,1,1,6,1,43,7,1050,1,7,6,1,6
2.02E+12,2,8,0,17,0,1,0,0,0,0,4,1,1,1,37,7,1997,2,5,6,1,6
2.02E+12,1,11,0,18,0,1,0,0,0,0,1,1,1,1,41,7,6700,2,9,5,1,5
2.02E+12,2,19,0,7,0,6,0,0,0,0,1,1,6,1,23,5,2143,2,4,4,1,4
2.02E+12,3,9,0,9,0,6,0,10,0,0,1,1,6,1,35,6,1560,2,6,7,3,7
2.02E+12,1,11,0,5,0,1,0,0,0,0,0,1,1,1,48,8,9360,2,7,5,1,5
2.02E+12,1,9,0,16,0,1,0,0,7,0,2,1,6,1,55,8,1968,2,11,4,1,4
2.02E+12,2,19,0,4,0,1,1,0,1,0,1,1,1,1,45,7,2143,2,4,10,1,10
2.02E+12,2,11,0,18,0,1,0,0,0,0,0,1,1,1,34,6,6700,2,8,3,1,3
2.02E+12,1,9,0,3,0,1,0,0,0,0,2,1,6,1,66,10,1968,2,2,1,1,1
2.02E+12,2,19,0,18,0,1,0,0,0,0,1,1,6,1,50,8,1598,2,2,4,1,4
2.02E+12,1,9,0,18,0,8,0,0,0,0,3,1,6,1,66,10,2143,2,5,4,1,4
2.02E+12,2,9,0,9,0,8,0,0,0,0,1,1,6,1,43,7,2793,1,19,4,1,4
2.02E+12,1,11,0,4,0,2,0,0,0,0,0,1,1,1,44,7,4500,2,3,2,1,2
2.02E+12,1,11,0,16,0,2,0,0,0,0,4,1,1,1,61,9,9360,2,6,2,1,2
2.02E+12,1,9,0,7,0,5,0,11,0,0,1,1,6,1,24,5,2987,2,4,2,1,2
2.02E+12,1,8,0,18,0,2,0,0,0,0,2,1,1,1,50,8,647,8,1,2,1,2
2.02E+12,2,9,0,18,0,2,0,0,0,0,1,1,6,1,27,6,1796,1,14,1,1,1
2.02E+12,1,9,0,9,0,8,0,0,0,0,4,1,6,1,31,6,1364,1,11,1,1,1
2.02E+12,1,9,0,5,0,2,0,0,0,0,1,1,6,1,43,7,1598,1,9,2,1,2
2.02E+12,2,5,0,15,0,2,0,0,0,0,1,1,6,1,32,6,998,1,14,7,1,7
2.02E+12,1,9,0,9,0,6,0,0,0,0,3,1,6,1,20,4,1198,1,3,9,1,9
2.02E+12,2,5,0,18,0,8,0,0,0,0,1,1,6,1,37,7,998,1,3,4,1,4
2.02E+12,2,9,0,9,0,6,0,0,0,0,1,1,6,2,86,11,1240,1,12,5,1,5
2.02E+12,1,4,0,18,0,8,0,0,0,0,1,1,6,1,50,8,124,1,13,2,1,2
2.02E+12,1,9,0,7,0,8,0,0,0,0,1,1,6,1,25,5,2993,2,8,2,1,2
2.02E+12,2,5,0,7,0,8,0,0,0,0,2,1,6,1,38,7,1340,1,26,9,1,9
2.02E+12,1,9,0,18,0,1,0,0,0,0,1,1,6,2,33,6,1796,1,14,2,1,2