Accident_Index,Vehicle_Reference,Vehicle_Type,Towing_and_Articulation,Vehicle_Manoeuvre,Vehicle_Location-Restricted_Lane,Junction_Location,Skidding_and_Overturning,Hit_Object_in_Carriageway,Vehicle_Leaving_Carriageway,Hit_Object_off_Carriageway,1st_Point_of_Impact,Was_Vehicle_Left_Hand_Drive?,Journey_Purpose_of_Driver,Sex_of_Driver,Age_of_Driver,Age_Band_of_Driver,Engine_Capacity_(CC),Propulsion_Code,Age_of_Vehicle,Driver_IMD_Decile,Driver_Home_Area_Type,Vehicle_IMD_Decile
2.02E+12,2,9,0,18,0,1,0,0,0,0,2,1,6,2,30,6,1229,1,6,2,1,2
2.02E+12,1,9,0,3,0,8,0,0,0,0,2,1,6,2,54,8,1497,8,13,4,1,4
2.02E+12,2,9,0,4,0,8,0,0,0,0,1,1,6,1,27,6,1968,2,5,3,1,3
2.02E+12,1,9,0,18,0,1,0,0,0,0,4,1,6,2,30,6,1229,1,12,5,1,5
2.02E+12,2,9,0,9,0,8,0,0,0,0,1,1,1,1,35,6,1798,8,4,3,1,3
2.02E+12,1,3,0,18,0,1,1,0,0,0,1,1,6,1,45,7,198,1,12,7,1,7
2.02E+12,2,9,0,9,0,1,0,0,0,0,1,1,6,2,31,6,1596,1,6,4,1,4
2.02E+12,1,11,0,18,9,1,0,0,1,0,4,1,6,1,31,6,9360,2,5,1,1,1
2.02E+12,1,9,0,10,0,8,0,0,0,0,1,1,6,1,54,8,1299,1,13,6,1,6
2.02E+12,1,9,0,4,0,1,0,0,0,0,2,1,6,1,18,4,1229,1,2,6,1,6
2.02E+12,2,9,0,4,0,1,0,0,0,0,1,1,6,1,38,7,2143,2,4,2,1,2
2.02E+12,1,9,0,18,0,8,0,0,0,0,3,1,6,2,21,5,998,1,6,5,1,5
2.02E+12,2,9,0,10,0,8,0,0,0,0,4,1,6,1,23,5,1339,1,10,7,1,7
2.02E+12,1,9,0,18,0,2,0,0,0,0,2,1,6,1,35,6,1339,8,6,5,1,5
2.02E+12,1,9,0,17,0,8,0,0,0,0,1,1,6,2,51,8,998,1,2,2,1,2
2.02E+12,1,3,0,5,0,2,0,0,0,0,1,1,6,1,20,4,125,1,7,7,1,7
2.02E+12,2,8,0,5,0,2,0,0,0,0,2,1,1,1,54,8,1339,8,7,4,1,4
2.02E+12,1,8,0,14,0,1,0,0,0,0,4,1,1,1,26,6,1797,8,3,2,1,2
2.02E+12,1,9,0,3,0,8,0,0,0,0,2,1,6,2,25,5,1242,1,7,9,1,9
2.02E+12,1,9,0,9,0,8,0,0,0,0,2,1,6,1,46,8,1686,2,13,3,1,3
2.02E+12,1,19,0,5,0,8,0,0,0,0,4,1,2,1,35,6,2143,2,2,1,1,1
2.02E+12,1,3,0,18,0,1,0,0,0,0,0,1,6,1,45,7,124,1,10,2,1,2
2.02E+12,1,9,0,4,0,1,0,0,0,0,1,1,6,2,38,7,1598,1,9,2,1,2
2.02E+12,2,9,0,3,0,1,0,0,0,0,2,1,6,2,54,8,1318,1,1,7,1,7
2.02E+12,1,5,0,18,2,1,5,0,0,0,1,1,1,1,33,6,745,1,1,6,2,6
2.02E+12,2,8,0,8,4,5,0,0,0,0,4,1,1,1,43,7,1798,8,3,3,1,3
2.02E+12,1,9,0,5,0,1,0,0,0,0,2,1,6,1,56,9,1240,1,12,10,1,10
2.02E+12,2,9,0,5,0,1,0,0,0,0,1,1,6,1,25,5,1461,2,1,9,1,9
2.02E+12,1,4,0,14,0,1,0,0,0,0,1,1,6,1,17,4,124,1,1,4,1,4
2.02E+12,2,9,0,9,0,8,0,0,0,0,1,1,6,2,34,6,1149,1,14,2,1,2
2.02E+12,1,9,0,18,0,1,0,0,0,0,3,1,6,2,69,10,1686,2,3,6,1,6
2.02E+12,1,9,0,18,0,8,0,0,0,0,1,1,6,2,63,9,1242,1,17,2,1,2
2.02E+12,2,9,0,18,0,6,0,0,0,0,4,1,6,1,31,6,1968,2,3,4,1,4
2.02E+12,1,2,0,4,0,1,1,0,0,0,0,1,6,1,52,8,750,1,19,3,1,3
2.02E+12,2,9,0,6,0,6,0,0,0,0,0,1,6,1,47,8,998,1,17,9,1,9
2.02E+12,1,9,0,18,0,8,0,0,0,0,4,1,6,1,52,8,1997,1,1,4,1,4
2.02E+12,1,11,0,4,2,1,0,0,0,0,0,1,1,1,54,8,4500,2,2,3,1,3
2.02E+12,1,11,0,7,2,6,0,0,0,0,4,1,1,1,60,9,6700,2,8,2,1,2
2.02E+12,2,9,0,7,0,6,0,0,0,0,3,1,6,2,46,8,1999,2,1,9,1,9
2.02E+12,1,9,0,1,9,6,0,0,0,0,2,1,1,1,31,6,1997,1,14,2,1,2
2.02E+12,1,9,0,4,0,1,0,0,0,0,2,1,6,2,23,5,1598,1,1,1,1,1
2.02E+12,1,9,0,5,0,8,0,0,0,0,1,1,6,2,47,8,1796,1,12,2,1,2
2.02E+12,1,11,0,5,0,1,0,0,0,0,0,1,1,1,51,8,9360,2,7,2,1,2
2.02E+12,2,5,0,18,0,8,0,0,0,0,2,1,6,1,39,7,1043,1,2,2,1,2
2.02E+12,1,5,0,18,0,1,0,0,0,0,4,1,6,1,45,7,745,1,1,5,1,5
2.02E+12,1,9,0,18,0,2,0,0,0,0,4,1,6,1,29,6,1995,2,1,3,1,3
2.02E+12,1,8,0,9,0,6,0,0,0,0,1,1,1,1,29,6,1798,8,5,2,1,2
2.02E+12,1,9,0,18,0,7,0,0,0,0,2,1,2,2,24,5,1461,2,1,6,1,6
2.02E+12,2,19,0,18,0,7,0,0,0,0,1,1,1,1,33,6,2198,2,8,7,1,7
2.02E+12,1,8,0,9,0,8,0,0,0,0,1,1,1,1,52,8,1995,2,4,3,1,3
2.02E+12,2,5,0,18,4,8,0,0,0,0,1,1,6,1,38,7,998,1,10,6,1,6
2.02E+12,1,19,0,1,9,1,0,0,0,0,1,1,6,1,31,6,2299,2,1,5,1,5
2.02E+12,1,8,0,9,0,5,0,0,7,0,4,1,6,2,48,8,1798,8,4,5,1,5
2.02E+12,1,2,0,18,0,1,0,0,0,0,1,1,1,1,18,4,108,1,2,5,1,5
2.02E+12,1,9,0,9,0,6,0,0,0,0,1,1,6,1,29,6,1598,2,5,9,1,9
2.02E+12,1,9,0,9,0,8,0,0,0,0,0,1,6,1,38,7,1390,1,8,3,1,3
2.02E+12,1,9,0,7,0,2,0,0,0,0,1,1,6,2,38,7,998,1,11,7,1,7
2.02E+12,2,9,0,3,0,1,0,0,0,0,1,1,6,1,32,6,2148,2,15,10,1,10
2.02E+12,1,9,0,18,0,2,0,0,0,0,1,1,1,1,25,5,1598,2,1,1,1,1
2.02E+12,1,9,0,5,0,8,0,0,0,0,4,1,1,2,29,6,1560,2,3,6,1,6
2.02E+12,2,11,0,5,0,8,0,0,0,0,3,1,1,1,54,8,6700,2,5,2,1,2
2.02E+12,1,9,0,9,0,6,0,0,0,0,1,1,6,2,27,6,996,1,7,7,1,7
2.02E+12,2,3,0,18,0,8,0,0,0,0,4,1,6,2,25,5,125,1,1,3,1,3
2.02E+12,1,9,0,18,0,8,0,0,0,0,3,1,6,2,40,7,1995,2,4,7,1,7
2.02E+12,1,9,0,5,0,8,0,0,0,0,1,1,6,2,33,6,1399,1,14,1,1,1
2.02E+12,2,19,0,18,0,8,0,0,0,0,1,1,2,1,45,7,1598,2,2,6,1,6
2.02E+12,1,9,0,18,0,1,0,0,0,0,3,1,6,1,63,9,1997,2,12,4,1,4
2.02E+12,2,8,0,9,0,1,0,0,0,0,3,1,6,1,44,7,2143,2,4,2,1,2
2.02E+12,1,9,0,18,0,5,0,0,0,0,1,1,2,1,49,8,1999,1,9,4,1,4
2.02E+12,1,9,0,4,0,1,0,0,0,0,2,1,6,1,59,9,1798,8,5,3,1,3
2.02E+12,1,21,0,18,0,2,0,0,0,0,1,1,1,1,46,8,3920,2,9,7,1,7
2.02E+12,2,9,0,7,0,2,0,0,0,0,2,1,6,1,43,7,1896,2,14,8,1,8
2.02E+12,1,11,0,4,2,1,0,0,0,0,0,1,6,1,63,9,4500,2,1,1,1,1
2.02E+12,1,19,0,9,0,8,0,0,0,0,1,1,1,1,48,8,1560,2,3,7,1,7
2.02E+12,1,9,0,3,0,1,0,0,0,0,2,1,6,2,40,7,1596,1,14,2,1,2
2.02E+12,2,9,0,3,0,1,0,0,0,0,1,1,6,1,26,6,1598,2,5,2,1,2
2.02E+12,1,19,0,9,0,8,0,0,0,0,4,1,1,1,27,6,1598,2,2,4,1,4
2.02E+12,2,10,0,18,0,8,1,0,0,0,1,1,2,1,30,6,2402,2,10,8,2,8
2.02E+12,1,9,0,18,0,8,0,0,0,0,4,1,6,1,36,7,1796,1,12,3,1,3
2.02E+12,1,9,0,9,0,8,0,0,0,0,1,1,6,1,51,8,1998,1,13,5,1,5
2.02E+12,2,3,0,18,0,8,0,0,0,0,1,1,6,1,26,6,125,1,1,5,1,5
2.02E+12,1,4,0,5,0,1,0,0,0,0,1,1,1,1,22,5,125,1,4,4,1,4
2.02E+12,1,19,0,18,2,8,0,10,1,0,1,1,1,1,28,6,2198,2,4,3,1,3
2.02E+12,2,9,0,7,2,8,0,10,1,10,4,1,6,2,53,8,1108,1,7,10,1,10
2.02E+12,1,2,0,18,0,1,0,0,0,0,4,1,6,1,18,4,124,1,5,3,1,3
2.02E+12,3,9,0,10,0,8,0,0,0,0,2,1,6,1,20,4,1995,2,3,5,1,5
2.02E+12,1,9,0,3,0,2,0,0,0,0,1,1,2,1,40,7,1586,1,13,10,1,10
2.02E+12,1,8,0,5,0,6,0,0,0,0,1,1,1,1,60,9,2499,2,10,5,1,5
2.02E+12,1,9,0,3,0,6,0,0,0,0,2,1,6,2,53,8,1598,1,11,9,1,9
2.02E+12,1,9,0,1,0,1,0,0,0,0,2,1,6,1,38,7,698,1,14,7,1,7
2.02E+12,2,3,0,18,0,2,0,0,0,0,1,1,6,1,35,6,125,1,3,2,1,2
2.02E+12,1,9,0,18,0,8,0,0,0,0,2,1,6,2,55,8,1296,1,9,7,1,7
2.02E+12,1,3,0,14,0,1,0,0,0,0,1,1,6,1,50,8,124,1,15,7,1,7
2.02E+12,2,9,0,9,0,6,0,0,0,0,3,2,6,2,47,8,1968,2,2,10,2,10
2.02E+12,1,9,0,9,0,8,0,0,0,0,3,1,6,1,28,6,1242,1,13,8,1,8
2.02E+12,2,3,0,13,0,8,1,0,0,0,1,1,1,1,21,5,124,1,4,5,1,5
2.02E+12,1,19,0,5,0,1,0,0,0,0,4,1,1,1,26,6,2198,2,2,7,1,7
2.02E+12,1,5,0,18,0,1,0,0,0,0,4,1,2,1,24,5,599,1,9,5,1,5
2.02E+12,2,9,0,12,0,1,0,0,0,0,3,1,6,1,37,7,1604,2,10,8,1,8
2.02E+12,1,11,0,5,0,1,0,0,0,0,1,1,1,1,46,8,4500,2,3,3,1,3
2.02E+12,1,9,0,4,6,5,0,0,0,0,1,1,6,1,18,4,1388,1,14,9,1,9
2.02E+12,1,9,0,18,0,2,0,0,0,0,1,1,6,1,26,6,1596,1,2,3,1,3
2.02E+12,1,9,0,9,0,4,0,0,0,0,1,1,1,2,28,6,1242,1,10,2,1,2
2.02E+12,2,3,0,18,0,4,0,0,0,0,4,1,1,1,20,4,125,1,2,1,3,1
2.02E+12,2,8,0,3,0,1,0,4,0,0,2,1,1,1,40,7,1686,2,7,8,1,8
2.02E+12,3,8,0,3,0,1,0,0,0,0,2,1,1,1,54,8,1798,8,3,1,1,1
2.02E+12,1,9,0,5,0,2,0,0,0,0,3,1,1,1,38,7,1956,2,5,2,1,2
2.02E+12,2,2,0,13,0,8,0,0,0,0,1,1,1,2,27,6,108,1,1,4,1,4
2.02E+12,1,8,0,9,0,6,0,0,0,0,1,1,6,1,45,7,1797,8,7,5,1,5
2.02E+12,1,8,0,9,0,1,0,0,0,0,4,1,6,1,34,6,1797,8,6,1,1,1
2.02E+12,1,5,0,18,3,1,2,0,0,0,1,1,1,1,29,6,600,1,2,8,1,8
2.02E+12,1,19,0,7,0,5,0,0,0,0,1,1,6,1,42,7,1248,2,2,2,1,2
2.02E+12,1,19,0,5,0,1,0,0,0,0,2,1,1,1,27,6,2198,2,5,6,3,6
2.02E+12,2,19,0,4,0,1,1,0,0,0,1,1,1,1,39,7,4461,2,9,10,1,10
2.02E+12,1,9,0,18,0,6,0,0,0,0,1,1,6,2,36,7,1560,2,7,5,1,5
2.02E+12,2,19,0,18,0,8,0,7,1,7,4,1,6,1,32,6,2148,2,10,7,1,7
2.02E+12,1,19,0,5,0,1,0,0,0,0,1,1,1,1,45,7,2198,2,9,6,1,6
2.02E+12,2,9,0,18,0,2,0,0,0,0,4,1,6,1,47,8,1348,1,16,6,1,6
2.02E+12,1,4,0,18,0,1,0,11,0,0,1,1,6,1,22,5,471,1,3,8,1,8
2.02E+12,2,9,0,9,0,6,0,0,0,0,3,1,2,1,41,7,1798,8,2,3,1,3
2.02E+12,1,20,0,9,0,2,0,0,0,0,1,1,1,1,48,8,4764,2,8,3,1,3
2.02E+12,1,9,0,18,0,8,1,0,0,0,1,1,6,1,30,6,4511,1,14,7,1,7
2.02E+12,1,9,0,12,0,8,0,0,0,0,3,1,6,1,19,4,1124,1,14,9,1,9
2.02E+12,1,9,0,18,0,1,0,0,0,0,1,1,6,2,64,9,1498,1,5,3,1,3
2.02E+12,2,9,0,9,0,1,0,0,0,0,1,1,6,1,34,6,1598,2,1,10,1,10
2.02E+12,2,5,0,14,0,1,0,0,0,0,1,1,1,1,53,8,471,1,1,3,1,3
2.02E+12,2,9,0,5,0,6,0,0,0,0,4,1,6,1,17,4,2494,1,20,5,1,5
2.02E+12,1,9,5,18,0,1,0,0,0,0,1,2,6,2,55,8,1598,1,12,3,1,3
2.02E+12,1,9,0,18,0,8,0,0,0,0,4,1,6,1,38,7,2979,1,9,4,1,4
2.02E+12,2,4,0,7,0,6,0,0,0,0,1,1,6,1,17,4,125,1,11,4,1,4
2.02E+12,1,9,0,4,0,2,0,0,0,0,2,1,6,2,34,6,1598,1,6,8,1,8
2.02E+12,2,3,0,5,0,2,0,0,0,0,1,1,1,1,24,5,108,1,1,9,1,9
2.02E+12,1,9,0,9,0,8,0,0,0,0,3,1,6,2,35,6,1796,2,4,2,1,2
2.02E+12,2,4,0,13,0,1,0,0,0,0,1,1,6,1,18,4,125,1,6,4,1,4
2.02E+12,1,9,0,9,0,1,0,0,0,0,1,1,6,1,76,11,1396,1,18,5,1,5
2.02E+12,2,3,0,18,0,1,0,0,0,0,0,1,6,1,42,7,124,1,3,2,1,2
2.02E+12,1,9,0,18,0,8,0,4,0,0,1,1,6,1,90,11,1968,2,2,8,1,8
2.02E+12,2,9,0,18,0,8,0,0,0,0,1,1,6,1,29,6,1995,2,13,8,1,8
2.02E+12,2,11,0,9,0,8,0,0,0,0,3,1,1,1,38,7,7300,2,12,3,1,3
2.02E+12,1,9,0,18,0,1,0,0,0,0,1,1,6,1,49,8,2148,2,15,1,1,1
2.02E+12,2,9,0,9,0,5,0,0,0,0,4,1,6,1,27,6,2143,2,4,3,1,3
2.02E+12,1,11,0,5,0,2,0,0,0,0,0,1,1,1,48,8,6700,2,5,4,1,4
2.02E+12,1,9,0,7,4,1,0,0,0,0,4,1,6,1,36,7,1995,2,5,2,1,2
2.02E+12,2,9,0,9,0,1,0,0,0,0,0,1,2,1,42,7,1896,2,10,2,1,2
2.02E+12,1,9,0,5,0,8,0,0,0,0,3,1,6,2,53,8,1598,2,2,7,1,7
2.02E+12,1,9,0,5,9,1,0,0,7,10,1,1,6,2,68,10,1598,2,1,6,1,6
2.02E+12,1,9,0,9,0,1,0,0,0,0,3,1,6,1,54,8,1560,2,5,4,1,4
2.02E+12,2,5,0,14,0,1,0,0,0,0,1,1,6,1,25,5,998,1,5,4,1,4
2.02E+12,1,3,0,18,0,1,5,0,0,0,1,1,2,1,24,5,125,1,2,3,1,3
2.02E+12,1,9,0,4,0,2,0,0,0,0,1,1,6,2,22,5,1598,1,5,4,1,4
2.02E+12,3,19,0,4,0,2,0,0,0,0,2,1,1,1,49,8,2298,2,2,9,1,9
2.02E+12,1,9,0,5,0,8,0,11,0,0,3,1,6,1,53,8,5462,1,10,7,1,7
2.02E+12,2,8,0,3,0,1,0,0,0,0,4,1,6,1,52,8,2143,2,2,1,1,1
2.02E+12,1,19,0,18,0,2,0,0,0,0,1,1,1,1,43,7,1598,2,6,6,1,6
2.02E+12,1,9,0,7,0,3,0,0,0,0,4,1,6,2,46,8,1388,1,14,8,1,8
2.02E+12,2,9,0,7,0,3,0,0,0,0,1,1,2,1,56,9,1995,2,3,3,1,3
2.02E+12,1,19,0,7,0,6,0,0,0,0,3,1,1,1,24,5,1560,2,3,6,1,6
2.02E+12,2,3,0,18,0,2,5,0,0,0,4,1,6,1,26,6,125,1,5,4,1,4
2.02E+12,1,9,0,18,0,1,0,0,0,0,1,1,2,1,23,5,1229,1,10,4,1,4
2.02E+12,2,9,0,3,0,8,0,0,0,0,2,1,6,1,32,6,1200,1,2,7,1,7
2.02E+12,1,9,0,9,0,8,0,0,0,0,1,1,6,1,29,6,2688,2,15,1,1,1
2.02E+12,1,3,0,13,0,2,0,0,0,0,4,1,6,1,27,6,124,1,13,2,1,2
2.02E+12,1,11,0,5,0,6,0,0,0,0,0,1,1,1,47,8,6692,2,8,4,1,4
2.02E+12,1,9,0,18,0,1,0,0,0,0,1,1,6,1,20,4,998,1,9,4,1,4
2.02E+12,2,9,0,18,0,1,0,0,0,0,2,1,6,2,43,7,1995,2,10,4,1,4
2.02E+12,1,9,0,9,0,8,0,0,0,0,4,1,1,1,67,10,1560,2,12,7,1,7
2.02E+12,1,3,0,5,0,2,0,0,0,0,1,1,1,1,20,4,125,1,7,3,1,3
2.02E+12,1,9,0,13,0,1,0,0,0,0,1,1,6,1,44,7,1796,1,15,2,1,2
2.02E+12,2,9,0,3,0,1,0,0,0,0,3,1,6,2,49,8,998,1,7,8,1,8
2.02E+12,1,3,0,18,0,8,0,0,0,0,1,1,2,1,27,6,108,1,1,4,1,4
2.02E+12,2,9,0,9,0,5,0,0,0,0,1,1,6,1,59,9,1686,2,7,2,1,2
2.02E+12,1,9,0,3,0,1,0,0,0,0,2,1,6,2,45,7,998,1,11,4,1,4
2.02E+12,2,9,0,3,0,1,0,4,0,0,2,1,6,1,37,7,2231,2,4,3,1,3
2.02E+12,3,9,0,4,0,1,0,4,0,0,1,1,6,1,52,8,1339,1,12,2,1,2
2.02E+12,1,9,0,5,7,6,0,0,0,0,1,1,2,1,31,6,1798,8,1,3,1,3
2.02E+12,1,11,0,16,0,1,0,0,0,0,0,1,1,1,31,6,6692,2,4,4,1,4
2.02E+12,1,19,5,5,0,4,0,0,0,0,1,2,1,1,35,6,2198,2,2,8,1,8
2.02E+12,1,9,0,18,0,1,5,10,0,0,1,1,6,1,19,4,1598,1,9,5,1,5
2.02E+12,1,19,0,7,9,5,0,0,1,0,4,1,2,1,61,9,2286,2,11,2,1,2
2.02E+12,2,3,0,15,0,1,0,0,2,10,3,1,6,1,33,6,124,1,9,2,1,2
2.02E+12,1,9,0,9,0,6,0,0,0,0,1,2,6,2,46,8,1396,1,7,3,1,3
2.02E+12,2,4,0,18,0,1,5,0,0,0,4,1,6,1,22,5,124,1,5,4,1,4
2.02E+12,2,19,0,9,0,8,0,0,0,0,3,1,1,1,51,8,2287,2,4,4,1,4
2.02E+12,1,9,0,18,0,1,0,0,0,0,1,1,6,1,69,10,1997,2,16,5,1,5
2.02E+12,1,9,0,17,0,2,0,0,0,0,1,1,6,1,37,7,1360,1,13,6,1,6
2.02E+12,2,9,0,9,0,2,0,0,0,0,3,1,6,2,31,6,1368,1,8,2,1,2
2.02E+12,1,9,0,4,0,1,0,0,0,0,0,1,6,1,51,8,1461,2,1,6,1,6
2.02E+12,1,9,0,18,0,8,0,0,0,0,3,1,6,1,53,8,2143,2,4,4,1,4
2.02E+12,2,19,0,18,0,2,0,0,0,0,1,1,1,1,23,5,1248,2,12,4,1,4
2.02E+12,1,9,0,18,0,1,0,0,0,0,4,1,6,2,22,5,1197,1,5,5,1,5
2.02E+12,1,9,0,4,0,1,0,0,0,0,2,1,6,1,51,8,2496,2,12,7,1,7
2.02E+12,2,9,0,4,0,1,0,0,0,0,2,1,6,1,30,6,1108,1,8,9,1,9
2.02E+12,1,4,0,18,0,1,0,0,0,0,3,1,6,1,27,6,600,1,5,3,1,3
2.02E+12,2,8,0,9,0,8,0,0,0,0,4,1,1,1,41,7,1497,8,9,2,1,2
2.02E+12,1,9,0,9,0,8,0,0,0,0,4,1,1,2,26,6,1598,1,10,4,1,4
2.02E+12,2,10,0,9,4,8,0,0,0,0,0,1,6,2,59,9,2198,2,5,1,1,1
2.02E+12,2,9,0,4,0,1,0,0,0,0,1,1,6,2,22,5,1596,1,9,3,1,3
2.02E+12,1,9,0,18,0,8,0,0,0,0,1,1,6,2,43,7,1598,2,6,9,1,9
2.02E+12,1,9,0,18,0,1,0,0,0,0,1,1,6,2,32,6,1398,1,3,2,1,2
2.02E+12,1,9,0,3,0,4,0,0,0,0,2,1,1,1,45,7,2143,2,2,6,1,6
2.02E+12,2,9,0,4,0,1,0,0,0,0,1,1,6,1,65,9,2438,1,23,2,1,2
2.02E+12,1,9,0,9,0,6,0,0,0,0,1,1,6,2,28,6,1968,2,3,2,1,2
2.02E+12,1,11,0,18,0,1,0,0,0,0,0,1,1,1,47,8,4500,2,3,2,1,2
2.02E+12,2,9,0,9,0,8,0,0,0,0,1,1,6,1,46,8,1598,2,1,1,1,1
2.02E+12,1,9,0,18,0,1,0,0,0,0,1,1,6,1,68,10,999,1,3,4,2,4
2.02E+12,1,2,0,7,0,8,0,11,0,0,1,1,6,1,34,6,124,1,10,4,1,4
2.02E+12,2,9,5,5,0,8,0,0,0,0,1,1,6,1,27,6,1596,1,11,6,1,6
2.02E+12,2,9,0,9,0,5,0,0,0,0,4,1,2,1,32,6,1388,1,11,2,1,2
2.02E+12,1,3,0,15,2,1,2,0,2,10,1,1,2,1,28,6,124,1,1,6,1,6
2.02E+12,1,4,0,15,0,1,0,0,0,0,3,1,2,1,22,5,125,1,3,2,1,2
2.02E+12,1,9,0,9,0,8,0,0,0,0,1,1,6,1,60,9,3969,1,20,2,1,2
2.02E+12,2,5,0,13,0,1,0,0,0,0,1,1,6,1,32,6,600,1,17,1,1,1
2.02E+12,1,9,0,3,0,1,0,0,1,0,2,1,6,1,25,5,1988,2,13,10,3,10
2.02E+12,2,9,0,3,0,1,0,0,1,0,2,1,6,2,37,7,1968,2,3,9,3,9
2.02E+12,3,9,0,3,0,1,0,0,1,0,2,1,6,1,53,8,1598,1,7,3,1,3
2.02E+12,1,9,0,18,0,8,0,0,1,7,4,1,6,1,19,4,4163,1,4,6,1,6
2.02E+12,2,9,0,9,0,8,0,0,0,0,4,1,6,1,34,6,1229,1,12,6,1,6
2.02E+12,1,9,0,18,0,2,0,0,0,0,1,1,6,1,79,11,1197,1,2,5,2,5
2.02E+12,1,9,0,9,0,2,0,0,0,0,1,1,6,1,77,11,1799,1,11,9,1,9
2.02E+12,2,9,0,18,0,8,0,0,0,0,1,1,6,1,31,6,1289,1,17,6,1,6
2.02E+12,1,8,0,9,0,6,0,0,0,0,1,1,1,1,52,8,1797,8,7,4,1,4
2.02E+12,1,9,0,18,0,8,0,0,0,0,1,1,6,1,70,10,1390,1,4,9,1,9
2.02E+12,1,20,0,1,0,5,0,0,0,0,2,1,1,1,59,9,3920,2,9,1,1,1
2.02E+12,1,3,0,4,0,1,0,0,0,0,1,1,6,1,25,5,125,1,2,3,1,3
2.02E+12,2,3,0,18,0,1,0,0,0,0,1,1,6,1,32,6,124,1,5,2,1,2
2.02E+12,1,4,0,18,0,1,0,0,0,0,1,1,1,1,33,6,919,1,13,3,1,3
2.02E+12,2,9,0,6,0,1,0,0,0,0,3,1,1,1,52,8,2997,1,16,1,1,1
2.02E+12,1,11,0,3,2,1,0,0,0,0,2,1,6,1,36,7,6700,2,8,5,1,5
2.02E+12,1,9,0,9,0,8,0,0,0,0,1,1,6,2,24,5,1388,1,12,10,1,10
2.02E+12,2,90,0,18,0,8,0,0,0,0,4,1,1,2,45,7,2148,2,8,8,1,8
2.02E+12,1,9,0,7,0,1,0,0,0,0,2,1,6,1,29,6,1968,2,3,3,1,3
2.02E+12,2,5,0,18,2,1,0,0,0,0,1,1,2,1,27,6,599,1,14,2,1,2
2.02E+12,1,11,0,4,0,1,0,0,0,0,0,1,1,1,39,7,4250,2,7,2,1,2
2.02E+12,1,9,0,9,0,2,0,0,0,0,2,1,6,1,49,8,1896,2,14,3,1,3
2.02E+12,2,11,0,18,2,2,0,0,0,0,0,1,1,1,32,6,6692,2,6,3,1,3
2.02E+12,1,9,0,3,0,1,0,0,0,0,3,1,6,1,33,6,1560,2,10,10,1,10
2.02E+12,1,5,0,15,2,1,0,0,0,0,1,1,2,1,46,8,1170,1,6,9,1,9
2.02E+12,1,9,0,3,0,1,0,0,0,0,2,1,6,2,29,6,1398,1,6,3,1,3
2.02E+12,2,19,0,18,0,1,0,0,0,0,1,1,6,1,26,6,2148,2,12,2,1,2
2.02E+12,1,9,0,18,0,2,0,0,0,0,1,1,6,2,57,9,1699,1,9,8,1,8
2.02E+12,1,19,0,9,0,1,0,0,0,0,3,1,6,1,43,7,2148,2,10,5,1,5
2.02E+12,2,3,0,13,0,1,0,0,0,0,1,1,6,1,34,6,125,1,10,4,1,4
2.02E+12,1,9,0,7,0,8,0,0,0,0,3,1,6,2,59,9,1948,1,17,4,1,4
2.02E+12,2,3,0,18,0,8,0,0,0,0,1,1,2,1,32,6,124,1,7,3,1,3
2.02E+12,1,11,0,5,3,2,0,0,0,0,2,1,6,1,32,6,6700,2,6,3,1,3
2.02E+12,2,9,0,14,0,2,0,4,0,0,1,1,6,1,33,6,1988,1,17,4,1,4
2.02E+12,3,9,0,18,0,1,0,10,1,0,1,1,6,2,54,8,1197,1,2,4,1,4
2.02E+12,1,9,0,11,0,1,0,0,0,0,1,1,6,1,40,7,1397,1,9,7,1,7
2.02E+12,1,9,0,18,0,1,0,0,0,0,1,1,6,1,26,6,1995,2,10,4,1,4
2.02E+12,1,9,0,18,0,2,0,0,0,0,1,1,6,2,47,8,2995,1,6,9,1,9
2.02E+12,1,11,0,4,0,1,0,0,0,0,0,1,1,1,27,6,6692,2,8,1,1,1
2.02E+12,1,9,0,18,0,6,0,0,0,0,1,1,6,2,42,7,3199,1,18,3,1,3
2.02E+12,1,9,0,9,0,1,0,0,0,0,1,1,6,1,39,7,1598,1,8,3,1,3
2.02E+12,2,3,0,18,0,1,0,0,0,0,1,1,6,2,32,6,125,1,13,2,1,2
2.02E+12,2,3,0,18,0,2,0,0,0,0,1,1,6,1,18,4,125,1,2,4,1,4
2.02E+12,1,3,0,5,0,8,0,0,0,0,1,1,1,1,29,6,125,1,13,2,1,2
2.02E+12,2,5,0,15,0,1,0,0,0,0,1,1,6,1,31,6,821,1,2,5,1,5
2.02E+12,1,19,0,15,0,1,0,0,0,0,1,1,6,1,33,6,1560,2,9,8,1,8
2.02E+12,1,19,0,9,4,5,0,0,0,0,4,1,1,1,38,7,1896,2,10,5,1,5
2.02E+12,1,9,0,9,0,1,0,0,0,0,1,1,6,1,53,8,1598,1,17,5,1,5
2.02E+12,2,8,0,4,0,1,0,4,0,0,2,1,6,1,53,8,1997,2,5,2,1,2
2.02E+12,1,4,0,13,0,1,5,7,1,0,3,1,1,1,21,5,108,1,3,3,1,3
2.02E+12,2,8,0,18,0,2,0,0,0,0,3,1,1,1,63,9,2499,2,8,9,1,9
2.02E+12,1,9,0,7,4,8,0,0,0,0,1,1,6,1,39,7,1984,1,7,4,1,4
2.02E+12,1,8,0,11,0,1,0,0,0,0,2,1,1,1,52,8,1686,2,4,4,1,4