Accident_Index,Vehicle_Reference,Vehicle_Type,Towing_and_Articulation,Vehicle_Manoeuvre,Vehicle_Location-Restricted_Lane,Junction_Location,Skidding_and_Overturning,Hit_Object_in_Carriageway,Vehicle_Leaving_Carriageway,Hit_Object_off_Carriageway,1st_Point_of_Impact,Was_Vehicle_Left_Hand_Drive?,Journey_Purpose_of_Driver,Sex_of_Driver,Age_of_Driver,Age_Band_of_Driver,Engine_Capacity_(CC),Propulsion_Code,Age_of_Vehicle,Driver_IMD_Decile,Driver_Home_Area_Type,Vehicle_IMD_Decile
2.02E+12,2,5,0,18,0,1,2,0,0,0,3,1,6,1,31,6,599,1,6,3,1,3
2.02E+12,3,4,0,18,0,1,2,0,0,0,3,1,6,1,24,5,124,1,4,3,1,3
2.02E+12,1,8,0,7,0,6,0,0,0,0,4,1,2,1,59,9,2402,2,15,5,1,5
2.02E+12,2,3,0,5,0,5,5,0,0,0,1,1,1,1,36,7,125,1,8,2,1,2
2.02E+12,1,9,0,7,0,1,0,0,0,0,2,1,6,1,36,7,1991,1,15,3,1,3
2.02E+12,2,3,0,18,0,1,0,0,0,0,1,1,6,1,34,6,125,1,2,2,1,2
2.02E+12,1,19,5,18,0,8,0,0,0,0,1,1,6,1,37,7,1998,2,12,3,1,3
2.02E+12,2,9,0,4,0,8,0,0,0,0,2,1,6,1,49,8,2143,12,2,1,1,1
2.02E+12,1,9,0,4,0,1,0,0,0,0,1,1,6,1,37,7,1991,1,1,10,1,10
2.02E+12,2,9,0,3,0,1,0,0,0,0,2,1,6,2,25,5,1242,1,2,7,3,7
2.02E+12,3,9,0,3,0,1,0,0,0,0,2,1,6,1,51,8,2143,2,6,4,1,4
2.02E+12,4,9,0,3,0,1,0,0,0,0,2,1,6,1,27,6,1997,2,7,5,1,5
2.02E+12,2,9,0,18,0,8,2,0,1,0,3,1,2,1,48,8,2664,2,16,2,1,2
2.02E+12,1,9,0,18,0,4,0,0,0,0,3,1,2,2,45,7,1199,1,15,8,1,8
2.02E+12,2,8,0,18,0,8,0,0,0,0,1,1,1,1,61,9,2446,2,17,8,1,8
2.02E+12,1,9,0,18,0,1,0,11,0,0,1,1,6,1,67,10,1796,1,8,4,1,4
2.02E+12,2,9,0,18,0,1,0,11,0,0,1,1,6,1,52,8,1368,1,13,6,1,6
2.02E+12,1,8,0,5,0,8,0,10,6,1,3,1,1,1,40,7,1956,2,5,5,1,5
2.02E+12,2,19,0,18,0,8,0,10,0,0,3,1,1,1,53,8,1560,2,3,9,1,9
2.02E+12,1,5,0,14,0,1,0,0,0,0,4,1,1,1,56,9,647,1,22,2,1,2
2.02E+12,2,19,0,5,5,1,0,0,0,0,1,1,1,1,56,9,1968,2,4,9,3,9
2.02E+12,1,9,0,9,0,5,0,0,0,0,1,1,6,1,75,10,1600,1,13,6,1,6
2.02E+12,2,9,0,8,0,1,0,0,0,0,1,1,6,2,68,10,1598,1,16,8,1,8
2.02E+12,1,5,0,13,9,1,2,0,2,2,1,1,6,1,30,6,749,1,8,4,1,4
2.02E+12,1,9,0,18,0,2,0,0,0,0,1,1,6,2,31,6,1995,2,3,6,1,6
2.02E+12,1,11,0,17,0,1,0,0,0,0,1,1,1,1,43,7,5132,2,2,5,1,5
2.02E+12,2,9,0,4,0,1,0,0,0,0,2,1,6,2,30,6,1796,1,9,2,1,2
2.02E+12,1,9,0,9,0,1,0,0,0,0,3,1,6,1,23,5,1229,1,5,4,1,4
2.02E+12,2,3,0,18,0,1,0,0,0,0,1,1,6,1,21,5,125,1,1,2,1,2
2.02E+12,2,9,0,18,0,1,0,0,0,0,1,1,6,2,38,7,998,1,3,9,1,9
2.02E+12,1,11,0,5,2,8,0,0,0,0,0,1,1,1,42,7,9360,2,5,3,1,3
2.02E+12,1,9,0,9,0,5,0,0,0,0,1,2,1,2,30,6,1248,1,6,4,1,4
2.02E+12,1,8,0,5,0,8,0,0,0,0,1,1,1,1,60,9,2499,2,5,9,1,9
2.02E+12,1,9,0,9,0,1,0,0,0,0,1,1,6,2,65,9,1390,1,7,9,1,9
2.02E+12,1,9,0,18,0,8,0,0,0,0,1,1,6,1,18,4,998,1,6,7,1,7
2.02E+12,2,3,0,18,0,8,0,0,0,0,1,1,6,1,18,4,124,1,6,5,1,5
2.02E+12,1,9,0,13,9,8,0,7,1,2,1,1,6,2,43,7,1995,2,5,2,1,2
2.02E+12,1,9,0,18,0,1,0,0,0,0,0,1,6,1,40,7,3628,2,9,7,1,7
2.02E+12,2,9,0,5,8,6,0,0,0,0,1,1,6,1,29,6,2400,2,6,5,1,5
2.02E+12,1,9,0,5,0,1,0,0,0,0,1,1,6,2,25,5,999,1,8,1,1,1
2.02E+12,1,11,0,5,0,1,0,0,0,0,0,1,1,1,53,8,5132,2,2,5,1,5
2.02E+12,2,9,0,18,0,1,0,0,0,0,1,2,6,1,36,7,1598,1,14,5,1,5
2.02E+12,1,9,0,4,0,1,0,0,0,0,4,1,6,1,23,5,1839,1,13,7,1,7
2.02E+12,1,9,0,5,0,8,0,0,0,0,3,1,6,2,29,6,1461,2,3,2,1,2
2.02E+12,2,9,0,18,0,8,0,0,0,0,4,1,6,2,51,8,999,1,1,3,1,3
2.02E+12,1,9,0,3,0,1,0,0,0,0,4,1,6,2,27,6,1560,2,4,5,1,5
2.02E+12,2,9,0,18,0,8,0,0,0,0,1,1,6,2,24,5,1598,1,1,6,1,6
2.02E+12,1,9,0,9,0,5,0,0,0,0,4,1,6,1,49,8,1998,1,16,2,1,2
2.02E+12,1,9,0,16,0,4,0,0,0,0,3,1,6,2,48,8,1591,1,9,4,1,4
2.02E+12,1,9,0,9,0,1,0,0,0,0,4,1,6,1,71,10,1895,1,18,2,1,2
2.02E+12,1,11,0,4,2,1,0,0,0,0,0,1,1,1,65,9,7300,2,15,5,1,5
2.02E+12,1,11,0,7,0,5,0,0,0,0,0,1,6,2,31,6,4500,2,7,3,1,3
2.02E+12,1,9,0,9,0,2,0,0,0,0,1,1,6,1,44,7,1995,2,15,9,1,9
2.02E+12,2,3,0,14,0,1,2,0,0,0,4,1,6,1,27,6,125,1,2,4,1,4
2.02E+12,1,9,0,17,0,8,0,0,0,0,3,1,6,2,56,9,998,1,5,4,1,4
2.02E+12,1,8,0,17,0,7,0,0,0,0,1,1,1,1,27,6,1995,2,5,4,1,4
2.02E+12,1,11,0,15,0,3,0,11,0,0,1,1,1,1,43,7,6700,2,5,3,1,3
2.02E+12,2,9,0,18,0,3,0,11,0,0,3,1,2,1,38,7,1497,1,13,3,1,3
2.02E+12,1,9,0,6,0,1,0,0,0,0,0,1,6,1,44,7,3993,1,5,9,1,9
2.02E+12,2,3,0,18,0,2,1,0,0,0,0,1,6,1,38,7,125,1,11,2,1,2
2.02E+12,1,9,0,18,0,8,1,0,0,0,1,1,6,1,25,5,1242,1,18,2,1,2
2.02E+12,2,11,0,9,0,3,0,0,0,0,2,1,1,1,68,10,6700,2,5,5,1,5
2.02E+12,1,9,0,9,0,8,0,0,0,0,1,1,6,1,25,5,1560,2,6,2,1,2
2.02E+12,2,9,0,18,0,8,0,0,0,0,1,1,6,1,25,5,1364,1,9,2,1,2
2.02E+12,2,3,0,18,0,2,0,0,0,0,1,1,6,1,17,4,125,1,1,5,1,5
2.02E+12,1,9,0,9,0,1,0,0,0,0,3,1,6,1,28,6,1968,2,5,4,1,4
2.02E+12,1,9,0,18,0,4,0,0,0,0,1,1,6,2,51,8,1198,1,12,3,1,3
2.02E+12,2,9,0,18,0,3,0,0,0,0,4,1,6,2,21,5,1497,8,1,6,1,6
2.02E+12,1,9,0,17,0,1,0,0,0,0,2,1,6,1,17,4,1496,2,1,1,1,1
2.02E+12,1,8,0,18,0,8,0,0,0,0,1,1,2,1,35,6,1497,8,9,2,1,2
2.02E+12,1,9,0,18,0,8,0,0,0,0,1,1,6,1,48,8,1997,1,8,2,1,2
2.02E+12,1,9,0,16,0,1,0,0,0,0,1,1,6,1,20,4,1595,1,11,4,1,4
2.02E+12,1,11,0,18,0,1,0,0,0,0,4,1,1,1,55,8,6700,2,9,3,1,3
2.02E+12,1,8,0,18,0,3,0,0,0,0,2,2,1,1,62,9,1998,2,4,2,1,2
2.02E+12,2,9,0,5,0,8,0,0,0,0,2,1,1,1,37,7,2143,2,2,4,1,4
2.02E+12,1,9,0,5,0,6,1,0,0,0,3,1,6,2,30,6,1386,1,12,3,1,3
2.02E+12,2,9,0,9,0,8,1,0,0,0,1,1,2,1,56,9,998,1,3,1,1,1
2.02E+12,3,19,0,18,0,1,0,4,1,9,1,1,6,1,18,4,1560,2,7,1,1,1
2.02E+12,1,9,0,15,0,1,0,0,0,0,1,1,6,1,44,7,1797,8,5,7,1,7
2.02E+12,1,9,0,18,9,1,0,0,0,0,1,1,6,1,58,9,2979,1,13,4,1,4
2.02E+12,2,9,0,9,0,1,0,0,0,0,1,1,6,1,20,4,1389,1,15,3,1,3
2.02E+12,1,9,0,9,0,1,0,0,0,0,1,1,6,1,28,6,1242,1,3,2,1,2
2.02E+12,1,9,0,3,0,2,0,0,0,0,2,1,6,1,33,6,1496,2,2,3,1,3
2.02E+12,2,9,0,18,0,2,0,0,0,0,1,1,6,2,27,6,1368,1,9,2,1,2
2.02E+12,1,9,0,18,0,6,0,0,0,0,1,1,1,1,42,7,1598,1,5,3,1,3
2.02E+12,1,5,0,18,0,2,0,0,0,0,1,1,6,1,54,8,998,1,12,4,1,4
2.02E+12,1,9,0,4,0,1,0,0,0,0,2,1,6,1,31,6,1997,2,3,4,1,4
2.02E+12,2,9,0,18,0,1,0,4,0,0,1,1,6,2,40,7,1796,1,9,5,1,5
2.02E+12,1,11,0,5,2,5,0,0,0,0,0,1,1,1,39,7,4760,2,4,1,1,1
2.02E+12,1,3,0,5,0,6,0,0,0,0,1,1,6,1,20,4,124,1,5,6,1,6
2.02E+12,1,4,0,15,0,1,0,0,0,0,4,1,2,1,22,5,125,1,1,2,1,2
2.02E+12,2,9,0,8,0,1,0,0,0,0,1,1,6,1,47,8,2996,1,10,6,1,6
2.02E+12,1,9,0,5,0,1,0,0,0,0,1,1,6,1,26,6,1598,1,10,6,1,6
2.02E+12,1,9,0,17,0,2,0,11,1,2,1,1,6,2,30,6,1242,1,1,7,1,7
2.02E+12,1,9,0,16,0,4,0,0,0,0,1,1,6,1,42,7,1596,1,5,1,1,1
2.02E+12,1,9,0,10,0,5,0,0,1,0,4,1,6,2,43,7,1397,1,10,3,1,3
2.02E+12,1,9,0,18,0,1,0,0,0,0,1,1,1,1,38,7,1753,2,7,4,1,4
2.02E+12,2,9,0,9,0,5,0,0,0,0,1,1,6,1,23,5,1968,2,9,2,1,2
2.02E+12,1,5,0,7,0,5,0,0,0,0,1,1,6,1,40,7,992,1,9,5,1,5
2.02E+12,2,9,0,7,0,5,0,0,0,0,0,1,6,2,27,6,1498,1,5,1,1,1
2.02E+12,1,9,0,18,0,1,0,0,0,0,1,2,6,1,33,6,1999,1,11,5,1,5
2.02E+12,2,9,0,14,0,1,0,0,0,0,1,2,6,1,21,5,1400,1,10,3,1,3
2.02E+12,1,8,0,7,0,1,0,0,0,0,3,1,6,1,33,6,2967,2,11,2,1,2
2.02E+12,1,9,0,9,0,8,0,0,0,0,2,1,6,2,25,5,1328,1,7,5,1,5
2.02E+12,2,9,0,18,0,8,0,0,0,0,1,1,6,2,25,5,1339,1,4,5,1,5
2.02E+12,1,9,0,18,0,8,0,0,0,0,0,1,6,2,37,7,1587,1,11,2,1,2
2.02E+12,2,9,0,18,0,8,0,0,0,0,1,1,6,1,52,8,1498,1,1,2,1,2
2.02E+12,1,11,0,5,0,3,0,0,0,0,0,1,1,1,61,9,6692,2,4,3,1,3
2.02E+12,1,8,0,18,0,1,0,0,0,0,1,1,1,1,35,6,1798,8,3,8,1,8
2.02E+12,1,9,0,4,0,1,0,0,0,0,2,1,6,1,36,7,1560,2,11,2,1,2
2.02E+12,2,9,0,18,0,1,0,0,0,0,1,1,6,2,30,6,1299,1,16,4,1,4
2.02E+12,1,9,0,18,0,1,0,0,0,0,4,1,6,1,49,8,1598,1,13,6,1,6
2.02E+12,2,9,0,18,0,1,0,0,0,0,2,1,6,2,23,5,1197,1,1,5,1,5
2.02E+12,3,3,0,18,0,1,0,0,0,0,1,1,2,1,21,5,125,1,4,3,1,3
2.02E+12,1,9,0,18,0,1,0,0,0,0,1,1,6,1,29,6,1598,1,15,5,1,5
2.02E+12,2,9,0,9,0,1,0,0,0,0,4,1,6,1,19,4,1360,1,10,3,1,3
2.02E+12,1,9,0,5,0,4,0,0,0,0,4,1,6,1,75,10,1598,2,4,9,1,9
2.02E+12,2,3,0,14,0,4,5,0,0,0,1,1,6,1,14,3,125,1,5,4,1,4
2.02E+12,1,9,0,6,0,2,0,0,0,0,3,1,6,1,35,6,1400,1,11,8,1,8
2.02E+12,2,9,0,18,0,2,0,0,0,0,1,1,6,1,34,6,1995,2,12,3,1,3
2.02E+12,1,9,0,3,0,1,0,0,0,0,2,1,6,1,25,5,2143,2,7,9,1,9
2.02E+12,1,9,0,18,0,1,0,0,0,0,1,1,6,1,54,8,1598,1,12,3,1,3
2.02E+12,2,9,0,9,0,8,0,0,0,0,1,1,6,2,27,6,1590,1,13,3,1,3
2.02E+12,1,9,0,18,0,8,0,0,0,0,4,1,6,1,49,8,1596,1,10,6,1,6
2.02E+12,1,5,0,18,0,1,0,0,0,0,1,1,6,1,26,6,1000,1,9,5,1,5
2.02E+12,2,9,0,9,0,6,0,0,0,0,3,1,6,1,28,6,3189,1,14,7,1,7
2.02E+12,1,9,0,3,0,4,0,0,0,0,2,1,6,1,22,5,1390,1,8,1,1,1
2.02E+12,2,19,0,3,0,4,0,0,0,0,1,1,6,1,24,5,1598,2,1,2,1,2
2.02E+12,1,9,0,18,0,8,0,0,0,0,1,1,6,1,21,5,1984,1,2,1,1,1
2.02E+12,2,9,0,18,0,8,0,0,0,0,3,1,6,1,50,8,1396,1,16,9,1,9
2.02E+12,1,4,0,18,0,1,0,0,0,0,1,1,6,2,19,4,125,1,4,4,1,4
2.02E+12,2,9,0,10,0,1,0,0,0,0,1,1,6,1,30,6,2967,1,9,7,1,7
2.02E+12,1,9,0,18,0,6,0,0,0,0,1,1,6,2,25,5,2000,2,11,5,1,5
2.02E+12,2,9,0,3,0,1,0,0,0,0,1,2,6,1,32,6,2993,2,7,2,1,2
2.02E+12,1,5,0,18,0,8,0,0,0,0,1,1,6,1,40,7,883,1,18,2,1,2
2.02E+12,2,9,0,9,0,5,0,0,0,0,4,1,1,1,25,5,2400,2,1,5,1,5
2.02E+12,1,8,0,7,0,3,0,0,0,0,1,1,1,1,58,9,1798,1,7,3,1,3
2.02E+12,2,9,0,18,0,3,0,0,0,0,4,1,6,2,46,8,999,1,2,4,1,4
2.02E+12,1,4,0,13,0,1,0,0,0,0,4,1,6,1,23,5,125,1,4,3,1,3
2.02E+12,2,9,0,9,0,1,0,0,0,0,3,1,6,2,33,6,1329,1,6,6,1,6
2.02E+12,1,9,0,18,0,1,0,7,0,0,1,1,6,1,20,4,1995,2,9,1,1,1
2.02E+12,1,9,0,9,0,1,0,0,0,0,3,1,6,1,70,10,1598,1,7,5,1,5
2.02E+12,2,9,0,5,0,8,0,0,0,0,1,1,6,1,43,7,1198,1,1,3,1,3
2.02E+12,1,9,0,9,0,5,0,0,6,0,4,1,6,1,76,11,1997,1,15,5,1,5
2.02E+12,1,9,0,9,0,4,0,0,0,0,1,1,2,2,21,5,1499,1,1,4,1,4
2.02E+12,1,9,0,18,0,1,0,0,0,0,1,1,6,1,28,6,1995,2,11,2,1,2
2.02E+12,2,9,0,7,0,5,0,0,0,0,2,1,6,1,53,8,2143,2,6,5,1,5
2.02E+12,1,19,0,9,0,6,0,0,0,0,3,1,2,1,50,8,2461,2,8,3,1,3
2.02E+12,1,11,0,4,0,1,0,0,0,0,0,1,1,1,33,6,6700,2,9,2,1,2
2.02E+12,1,19,0,9,0,5,0,0,0,0,3,1,1,1,37,7,1560,2,7,2,1,2
2.02E+12,2,3,0,18,0,8,5,0,0,0,1,1,2,1,58,9,124,1,6,3,1,3
2.02E+12,1,9,0,12,2,2,0,0,0,0,3,1,6,1,30,6,1199,1,15,2,1,2
2.02E+12,2,3,0,13,0,2,1,0,0,0,4,1,6,1,30,6,125,1,9,5,1,5
2.02E+12,1,3,0,18,0,1,0,0,0,0,1,1,1,1,34,6,125,1,3,2,1,2
2.02E+12,2,21,0,4,0,1,0,0,0,0,1,1,1,1,24,5,12740,2,2,10,1,10
2.02E+12,2,3,0,18,0,1,0,0,0,0,1,1,6,1,41,7,125,1,13,8,1,8
2.02E+12,1,19,0,7,0,1,0,0,0,0,1,1,2,1,35,6,2287,2,8,4,1,4
2.02E+12,2,9,0,4,0,8,0,0,0,0,2,1,2,2,27,6,1240,1,10,1,1,1
2.02E+12,1,9,0,18,0,8,0,0,0,0,1,1,6,2,29,6,1995,2,7,9,2,9
2.02E+12,1,9,0,16,0,1,0,0,0,0,1,1,6,1,30,6,1896,2,12,6,1,6
2.02E+12,2,9,0,17,0,2,1,0,0,0,3,1,6,1,29,6,1598,1,12,4,1,4
2.02E+12,1,19,0,7,0,1,0,0,0,0,0,1,1,1,37,7,2198,2,2,3,1,3
2.02E+12,1,11,0,5,0,1,0,0,0,0,0,1,1,1,54,8,4760,2,4,5,1,5
2.02E+12,1,9,0,18,0,7,0,0,0,0,4,1,6,2,36,7,1598,1,11,3,1,3
2.02E+12,1,9,0,18,0,1,0,0,0,0,1,1,6,2,26,6,1388,1,7,9,1,9
2.02E+12,2,19,0,4,0,1,0,0,0,0,2,1,6,1,47,8,2998,2,7,7,1,7
2.02E+12,1,9,0,9,0,6,0,0,0,0,1,1,6,1,21,5,998,1,18,1,1,1
2.02E+12,1,9,0,3,0,2,0,0,0,0,2,1,6,2,27,6,1360,1,13,5,1,5
2.02E+12,2,9,0,3,0,1,0,4,0,0,2,1,2,1,39,7,1461,2,9,8,1,8
2.02E+12,3,9,0,4,0,1,0,0,0,0,1,1,6,2,24,5,1390,1,3,8,1,8
2.02E+12,1,9,0,3,0,1,0,0,0,0,1,1,2,2,37,7,1600,1,18,5,1,5
2.02E+12,2,3,0,7,0,1,0,0,0,0,2,1,6,1,23,5,124,1,7,5,1,5
2.02E+12,1,9,0,5,0,6,0,0,0,0,1,1,6,1,40,7,2776,2,10,7,1,7
2.02E+12,2,9,0,18,0,1,0,0,0,0,4,1,6,1,47,8,2926,2,12,7,1,7
2.02E+12,1,9,0,9,0,8,0,0,0,0,1,1,6,1,45,7,1796,1,10,6,1,6
2.02E+12,2,3,0,18,0,8,5,0,0,0,1,1,1,1,33,6,125,1,7,4,1,4
2.02E+12,1,19,0,9,0,5,0,0,0,0,1,1,1,1,39,7,1560,2,8,3,1,3
2.02E+12,1,9,0,7,0,5,0,0,0,0,4,1,6,1,28,6,1596,1,6,4,1,4
2.02E+12,2,4,0,15,0,8,0,0,0,0,1,1,1,1,21,5,125,1,2,2,1,2
2.02E+12,2,9,0,5,0,6,0,0,0,0,4,1,6,1,44,7,1797,8,5,3,1,3
2.02E+12,1,9,0,18,0,2,0,0,0,0,2,1,6,2,49,8,1598,1,7,6,1,6
2.02E+12,2,9,0,18,0,2,1,0,0,0,4,1,6,1,46,8,1984,1,15,4,1,4
2.02E+12,3,9,0,18,0,2,1,11,0,0,1,1,6,1,41,7,1598,2,3,6,1,6
2.02E+12,1,4,0,18,0,8,1,0,0,0,4,1,2,1,38,7,124,1,5,2,1,2
2.02E+12,2,9,0,9,0,8,0,0,0,0,3,2,6,2,17,4,2143,2,1,9,1,9
2.02E+12,1,3,0,18,0,1,0,0,0,0,1,1,6,1,18,4,124,1,8,3,1,3
2.02E+12,1,9,0,3,0,8,0,0,0,0,2,1,6,2,70,10,1997,1,4,8,1,8
2.02E+12,2,9,0,3,0,8,0,0,0,0,2,1,6,1,35,6,1896,2,8,9,1,9
2.02E+12,3,9,0,11,0,8,0,0,0,0,1,1,6,1,42,7,1968,2,5,9,1,9
2.02E+12,4,90,0,18,0,8,0,0,0,0,1,1,1,2,30,6,2298,2,2,4,1,4
2.02E+12,1,9,0,18,0,8,0,0,0,0,1,1,6,2,57,9,1461,2,1,6,1,6
2.02E+12,2,9,0,9,0,1,0,0,0,0,1,1,6,2,37,7,1199,1,13,5,1,5
2.02E+12,1,9,0,5,0,1,0,0,0,0,1,1,6,1,24,5,1753,2,8,4,1,4
2.02E+12,1,5,0,18,0,1,0,0,0,0,1,1,6,1,41,7,1000,1,2,2,1,2
2.02E+12,1,9,0,9,0,6,0,0,0,0,3,2,6,1,29,6,989,1,15,7,3,7
2.02E+12,2,4,0,18,0,1,1,0,0,0,1,1,1,1,43,7,124,1,1,7,1,7
2.02E+12,1,9,0,5,0,6,0,0,0,0,1,1,6,1,51,8,1796,1,13,4,1,4
2.02E+12,1,8,0,5,0,8,0,0,0,0,1,1,1,1,23,5,2499,2,8,5,1,5
2.02E+12,2,8,0,9,0,8,0,0,0,0,1,1,1,1,46,8,1798,8,5,3,1,3
2.02E+12,1,9,0,5,0,2,0,0,0,0,1,1,1,2,24,5,999,1,5,7,1,7
2.02E+12,1,2,0,7,0,8,0,0,0,0,4,1,6,1,21,5,125,1,1,2,1,2
2.02E+12,1,9,0,9,0,5,5,4,0,0,3,1,6,2,43,7,1596,1,6,9,1,9
2.02E+12,2,9,0,18,0,1,0,11,0,0,1,1,6,1,44,7,2494,1,11,5,1,5
2.02E+12,1,11,0,4,0,2,0,0,0,0,0,1,1,1,43,7,6692,2,4,1,1,1
2.02E+12,1,9,0,18,0,8,0,0,0,0,4,1,6,2,64,9,1229,1,7,8,1,8
2.02E+12,2,9,0,18,0,8,0,0,0,0,1,1,6,2,34,6,1390,1,13,8,1,8
2.02E+12,2,9,0,3,0,1,0,0,0,0,2,1,6,1,25,5,2993,2,7,2,1,2
2.02E+12,1,9,0,18,0,2,0,0,0,0,4,2,6,1,46,8,2488,1,11,4,1,4
2.02E+12,2,19,0,9,0,1,0,0,0,0,1,1,1,1,45,7,1598,2,1,1,1,1
2.02E+12,1,9,0,1,9,1,0,0,0,0,2,1,6,1,38,7,1595,1,2,6,1,6
2.02E+12,1,9,0,3,0,1,0,0,0,0,2,1,6,1,20,4,1598,1,2,2,1,2
2.02E+12,2,9,0,10,0,1,0,0,0,0,1,1,6,2,18,4,1198,1,7,3,1,3
2.02E+12,1,4,0,17,0,8,1,11,0,0,3,1,6,1,33,6,279,1,9,3,1,3
2.02E+12,1,3,0,14,0,1,0,0,0,0,1,1,1,1,37,7,114,1,3,5,1,5
2.02E+12,2,9,0,8,0,2,0,0,0,0,1,1,6,1,49,8,1598,1,14,1,1,1
2.02E+12,1,9,0,18,0,2,0,0,0,0,2,1,6,1,54,8,1995,2,4,4,1,4
2.02E+12,2,5,0,18,0,2,0,0,0,0,1,1,6,1,24,5,599,1,10,3,1,3
2.02E+12,1,19,0,9,0,5,0,0,0,0,2,1,2,1,55,8,1995,2,1,10,1,10
2.02E+12,2,4,0,13,0,8,0,0,0,0,1,1,6,1,32,6,675,1,8,2,1,2
2.02E+12,1,9,0,18,0,1,0,7,1,10,4,1,6,1,20,4,1968,2,12,8,1,8
2.02E+12,2,9,0,9,0,1,0,0,0,0,0,1,6,2,26,6,1598,2,1,5,1,5
2.02E+12,1,9,0,9,0,8,0,0,0,0,3,1,6,1,48,8,1598,1,9,1,1,1
2.02E+12,2,3,0,13,0,8,0,0,0,0,1,1,1,1,23,5,125,1,2,1,1,1
2.02E+12,1,19,0,4,0,1,0,0,0,0,4,1,1,1,34,6,2494,2,7,7,1,7
2.02E+12,1,11,0,18,0,1,0,0,0,0,1,1,1,1,41,7,4500,2,7,3,1,3
2.02E+12,1,9,0,9,8,1,0,0,0,0,3,1,2,2,47,8,1910,2,9,2,1,2
2.02E+12,2,3,0,18,0,1,2,0,0,0,1,1,6,1,17,4,125,1,14,2,1,2
2.02E+12,1,9,0,18,0,1,0,0,0,0,3,1,6,1,31,6,1242,1,9,4,1,4
2.02E+12,2,9,0,9,0,1,0,0,0,0,1,1,6,1,47,8,1461,2,1,7,1,7
2.02E+12,1,9,0,9,0,1,0,0,0,0,1,1,6,2,29,6,1299,1,10,8,1,8
2.02E+12,2,4,0,18,0,1,0,0,0,0,1,1,6,1,18,4,125,1,5,3,1,3
2.02E+12,2,9,0,18,0,1,0,0,0,0,1,1,1,1,44,7,1560,2,5,8,2,8
2.02E+12,1,19,0,3,0,1,0,0,0,0,2,1,1,1,61,9,1560,2,1,3,1,3
2.02E+12,2,9,0,3,0,1,0,0,0,0,2,1,1,1,59,9,998,1,4,6,3,6
2.02E+12,1,3,0,18,0,2,0,10,1,10,1,1,6,1,16,4,125,1,12,3,1,3
2.02E+12,2,9,0,9,0,1,0,0,0,0,2,1,6,1,58,9,1870,2,13,8,1,8
2.02E+12,2,3,0,18,0,2,0,0,0,0,3,1,6,1,36,7,124,1,6,9,1,9
2.02E+12,1,8,0,18,0,1,0,0,0,0,1,1,1,1,52,8,1997,2,3,2,1,2
2.02E+12,2,9,0,9,0,1,0,0,0,0,2,1,2,1,62,9,1896,2,10,7,1,7
2.02E+12,1,19,0,9,0,1,0,0,0,0,1,1,1,1,48,8,2402,2,11,7,1,7
2.02E+12,2,19,0,15,0,1,0,0,0,0,1,1,2,1,28,6,1995,2,3,7,1,7
2.02E+12,1,9,0,1,0,1,0,0,0,0,2,1,2,1,40,7,1229,1,5,2,1,2
2.02E+12,1,5,0,4,0,1,0,10,0,0,4,1,1,1,41,7,689,1,1,8,1,8
2.02E+12,2,8,0,18,0,8,0,0,0,0,1,1,1,1,58,9,1997,2,1,7,1,7
2.02E+12,1,9,0,9,0,6,2,0,0,0,3,1,6,2,70,10,1598,2,5,6,1,6
2.02E+12,2,9,0,18,0,6,0,0,0,0,1,1,2,1,24,5,2497,2,14,6,1,6
2.02E+12,1,9,0,18,0,1,0,0,0,0,3,2,6,2,48,8,1242,1,6,4,1,4
2.02E+12,1,9,0,18,0,8,0,0,0,0,0,1,6,1,21,5,1242,1,7,6,1,6
2.02E+12,2,3,0,5,0,8,0,0,0,0,0,1,6,1,40,7,125,1,11,1,1,1
2.02E+12,1,9,0,7,0,2,0,0,0,0,1,1,6,2,46,8,1587,1,10,8,1,8
2.02E+12,2,9,0,18,0,1,0,0,0,0,1,1,6,1,65,9,1590,1,16,3,1,3
2.02E+12,1,9,0,9,4,8,0,0,0,0,1,1,2,1,51,8,1796,1,6,8,1,8
2.02E+12,1,9,0,14,0,8,0,0,0,0,1,1,6,1,21,5,1229,1,7,5,1,5
2.02E+12,2,9,0,18,0,8,0,0,0,0,1,1,6,2,41,7,1598,2,3,7,1,7
2.02E+12,1,19,0,7,0,8,0,0,0,0,4,1,6,1,46,8,1560,2,3,9,1,9
2.02E+12,1,19,0,3,0,1,0,0,0,0,2,1,1,1,58,9,2198,2,2,10,1,10
2.02E+12,1,11,0,4,2,1,0,0,0,0,4,1,1,2,60,9,4500,2,1,2,1,2
2.02E+12,1,9,0,18,0,8,0,0,0,0,1,1,6,2,47,8,2204,2,7,2,1,2
2.02E+12,2,9,0,18,0,8,0,0,0,0,2,1,6,1,42,7,1995,2,5,5,1,5
2.02E+12,1,9,0,5,0,8,0,0,0,0,3,2,6,2,51,8,1596,1,13,4,1,4
2.02E+12,1,2,0,18,0,1,1,0,0,0,0,1,2,1,21,5,124,1,17,5,1,5
2.02E+12,2,9,0,9,0,1,0,0,0,0,0,1,6,2,49,8,1596,1,5,4,1,4
2.02E+12,1,9,0,18,0,2,0,0,0,0,1,1,6,2,53,8,2993,2,1,7,3,7
2.02E+12,1,9,0,3,0,5,0,0,0,0,2,1,2,1,47,8,1796,1,10,5,1,5
2.02E+12,1,9,0,18,0,1,0,4,0,0,1,1,6,1,43,7,1389,1,20,7,1,7
2.02E+12,1,11,0,18,2,1,0,0,0,0,0,1,1,1,56,9,6700,2,8,4,1,4