Accident_Index,Vehicle_Reference,Vehicle_Type,Towing_and_Articulation,Vehicle_Manoeuvre,Vehicle_Location-Restricted_Lane,Junction_Location,Skidding_and_Overturning,Hit_Object_in_Carriageway,Vehicle_Leaving_Carriageway,Hit_Object_off_Carriageway,1st_Point_of_Impact,Was_Vehicle_Left_Hand_Drive?,Journey_Purpose_of_Driver,Sex_of_Driver,Age_of_Driver,Age_Band_of_Driver,Engine_Capacity_(CC),Propulsion_Code,Age_of_Vehicle,Driver_IMD_Decile,Driver_Home_Area_Type,Vehicle_IMD_Decile
2.02E+12,1,9,0,18,0,1,0,0,0,0,1,1,6,1,81,11,2996,1,9,4,1,4
2.02E+12,2,9,0,18,0,1,0,0,0,0,1,1,6,1,34,6,1598,1,13,2,1,2
2.02E+12,3,9,0,7,0,1,0,0,0,0,2,1,6,1,56,9,1497,1,15,3,1,3
2.02E+12,1,9,0,7,0,8,0,0,0,0,4,1,6,1,30,6,1587,1,13,2,1,2
2.02E+12,2,5,0,18,2,1,1,10,1,10,1,1,6,1,23,5,645,1,9,3,1,3
2.02E+12,1,9,0,4,0,1,0,0,0,0,1,1,6,1,67,10,1395,1,2,3,1,3
2.02E+12,3,9,0,18,0,1,0,0,0,0,3,1,6,1,48,8,1910,2,12,5,1,5
2.02E+12,4,9,0,18,0,1,0,0,0,0,2,1,6,2,60,9,1989,7,13,5,1,5
2.02E+12,5,9,0,18,0,1,0,0,0,0,3,1,6,2,39,7,998,1,7,1,1,1
2.02E+12,1,19,0,6,0,2,0,0,0,0,3,1,1,1,34,6,1461,2,12,1,1,1
2.02E+12,2,4,0,18,0,2,0,0,0,0,1,1,6,1,60,9,656,1,4,5,1,5
2.02E+12,1,9,0,18,0,8,0,0,0,0,1,1,6,1,66,10,1896,2,12,3,1,3
2.02E+12,1,9,0,5,0,1,0,0,0,0,3,1,6,1,31,6,1797,8,5,3,1,3
2.02E+12,1,9,0,18,0,1,0,0,0,0,2,1,6,2,39,7,1596,1,13,2,1,2
2.02E+12,2,9,0,18,0,1,0,0,0,0,1,1,6,2,29,6,1995,1,12,2,1,2
2.02E+12,1,11,0,18,2,1,0,4,0,0,1,1,1,1,64,9,6700,2,7,2,1,2
2.02E+12,1,9,0,10,0,8,0,0,0,0,1,1,6,1,57,9,1598,2,5,9,1,9
2.02E+12,2,9,0,18,0,8,0,12,1,0,1,1,6,1,32,6,1598,2,6,3,1,3
2.02E+12,2,3,0,18,0,8,0,0,0,0,3,1,1,1,25,5,124,1,3,7,1,7
2.02E+12,1,9,0,18,0,1,0,4,0,0,1,1,6,1,24,5,1598,1,12,3,1,3
2.02E+12,1,3,0,17,0,2,2,0,0,0,1,1,1,1,38,7,125,1,3,2,1,2
2.02E+12,2,9,0,18,0,6,0,0,0,0,1,1,6,1,47,8,1896,2,8,5,1,5
2.02E+12,1,9,0,5,0,3,0,0,0,0,1,1,1,2,49,8,1329,1,8,4,1,4
2.02E+12,1,9,0,18,0,2,0,0,0,0,3,1,6,2,25,5,1390,1,13,4,1,4
2.02E+12,2,9,0,18,0,1,0,0,0,0,4,1,2,1,58,9,4806,1,5,6,1,6
2.02E+12,1,3,0,9,0,3,0,0,0,0,2,1,6,1,69,10,124,1,16,6,1,6
2.02E+12,1,19,0,18,0,2,0,0,0,0,1,1,1,1,22,5,2998,2,1,7,1,7
2.02E+12,1,9,0,9,0,1,0,0,0,0,3,1,6,1,43,7,2993,2,10,3,1,3
2.02E+12,2,4,0,18,0,8,0,0,0,0,3,1,6,1,29,6,125,1,2,5,1,5
2.02E+12,1,11,0,3,3,1,0,0,0,0,2,1,6,1,48,8,4760,2,6,2,1,2
2.02E+12,1,11,0,18,0,1,0,10,0,0,1,1,6,1,48,8,4500,2,2,3,1,3
2.02E+12,1,9,0,18,0,1,0,0,0,0,4,1,6,1,39,7,1998,1,14,3,1,3
2.02E+12,1,9,0,4,0,1,0,4,3,2,1,1,6,2,86,11,1598,1,10,5,1,5
2.02E+12,2,9,0,4,0,2,0,0,0,0,3,1,6,1,18,4,1229,1,10,4,1,4
2.02E+12,2,9,0,18,0,2,0,0,0,0,1,1,6,1,48,8,1796,1,13,6,1,6
2.02E+12,1,9,0,18,0,4,0,0,0,0,1,1,6,1,44,7,2993,2,4,2,1,2
2.02E+12,2,9,0,18,0,4,0,0,0,0,2,1,6,1,27,6,1240,1,14,6,1,6
2.02E+12,1,9,0,9,0,6,0,0,0,0,1,1,6,1,23,5,1242,1,6,9,1,9
2.02E+12,2,3,0,18,0,8,0,0,0,0,1,1,6,2,45,7,114,1,4,6,1,6
2.02E+12,1,9,0,9,0,2,0,0,0,0,0,1,6,1,78,11,1598,1,9,8,1,8
2.02E+12,1,9,0,7,0,1,0,0,0,0,4,1,6,1,45,7,2204,2,11,6,1,6
2.02E+12,1,19,0,4,0,8,0,0,0,0,2,1,6,2,68,10,1998,2,14,9,1,9
2.02E+12,2,9,0,18,0,1,0,0,0,0,1,1,2,2,31,6,1196,1,22,3,1,3
2.02E+12,1,19,0,18,0,8,0,0,0,0,4,1,1,1,29,6,1753,2,7,4,1,4
2.02E+12,2,19,0,5,0,6,0,0,0,0,1,1,1,1,49,8,2198,2,5,3,1,3
2.02E+12,1,19,0,9,0,5,0,0,0,0,0,1,2,1,53,8,1598,2,4,4,1,4
2.02E+12,2,2,0,13,0,1,0,0,7,0,0,1,6,1,18,4,124,1,13,1,1,1
2.02E+12,1,9,0,9,0,2,0,0,0,0,1,1,6,2,71,10,3498,1,11,7,1,7
2.02E+12,1,9,0,3,0,1,0,0,0,0,2,1,2,2,39,7,1396,1,4,4,1,4
2.02E+12,1,9,0,4,0,1,0,0,0,0,1,1,1,1,65,9,2148,2,11,4,1,4
2.02E+12,2,3,0,4,0,1,0,0,0,0,2,1,1,1,29,6,125,1,5,3,1,3
2.02E+12,1,9,0,17,0,1,0,0,0,0,1,1,6,2,18,4,998,1,9,4,1,4
2.02E+12,1,3,0,5,0,1,0,0,0,0,1,1,2,1,33,6,125,1,3,4,1,4
2.02E+12,1,9,0,18,0,1,0,0,0,0,3,1,1,1,18,4,1000,1,17,2,1,2
2.02E+12,2,9,0,5,0,1,0,0,0,0,1,1,6,1,24,5,1968,2,4,8,1,8
2.02E+12,1,8,0,18,0,2,0,0,0,0,4,1,1,1,44,7,1798,8,4,5,1,5
2.02E+12,2,19,0,18,0,2,0,0,0,0,3,1,1,1,27,6,2198,2,3,5,1,5
2.02E+12,1,9,0,4,0,1,0,0,0,0,1,1,6,1,20,4,2143,2,1,7,1,7
2.02E+12,2,9,0,4,0,1,0,0,0,0,1,1,6,2,29,6,1997,1,4,9,1,9
2.02E+12,3,9,0,4,0,1,0,0,0,0,1,1,2,1,73,10,1796,1,16,9,1,9
2.02E+12,4,9,0,4,0,2,0,0,0,0,0,1,2,1,30,6,2143,2,1,9,1,9
2.02E+12,1,11,0,18,2,1,0,0,0,0,0,1,1,1,51,8,4500,2,1,2,1,2
2.02E+12,1,5,0,18,0,1,1,0,0,0,1,1,2,1,46,8,998,1,9,2,1,2
2.02E+12,1,9,0,9,0,5,0,0,0,0,3,1,6,1,21,5,1988,1,14,3,1,3
2.02E+12,2,5,0,18,2,1,0,0,0,0,1,1,6,1,28,6,998,1,9,2,1,2
2.02E+12,1,9,0,18,0,8,0,0,0,0,3,1,6,1,41,7,2967,2,3,3,1,3
2.02E+12,1,11,0,9,0,5,0,7,0,0,1,1,1,1,61,9,4500,2,1,2,1,2
2.02E+12,1,11,0,4,0,1,0,0,0,0,0,1,1,1,29,6,4461,2,3,1,1,1
2.02E+12,2,9,0,18,0,2,0,0,0,0,2,1,6,1,20,4,1497,1,15,8,1,8
2.02E+12,1,9,0,17,0,2,0,0,0,0,1,1,6,2,27,6,1242,1,10,2,1,2
2.02E+12,2,19,0,16,0,1,0,0,0,0,1,2,1,1,26,6,1560,2,1,2,1,2
2.02E+12,1,9,0,9,0,8,0,0,0,0,1,1,6,2,35,6,1298,1,14,5,1,5
2.02E+12,1,9,0,9,0,6,0,0,0,0,1,1,6,2,48,8,1198,1,5,1,1,1
2.02E+12,2,3,0,18,0,1,0,0,0,0,1,1,6,1,20,4,125,1,1,2,1,2
2.02E+12,1,9,0,9,0,6,0,0,0,0,1,2,6,1,21,5,1229,1,10,2,1,2
2.02E+12,2,4,0,18,0,1,0,0,0,0,1,1,2,1,48,8,125,1,5,2,1,2
2.02E+12,1,9,0,18,0,1,0,0,0,0,1,1,1,2,44,7,998,1,7,1,2,1
2.02E+12,1,9,0,18,0,2,1,0,0,0,3,1,6,1,41,7,1360,1,13,3,1,3
2.02E+12,2,21,0,18,0,8,0,0,0,0,4,1,1,1,60,9,6370,2,7,5,2,5
2.02E+12,1,9,0,18,0,8,0,0,0,0,1,1,6,1,20,4,1396,1,14,5,1,5
2.02E+12,2,9,0,9,0,8,0,0,0,0,1,1,6,2,37,7,1198,1,11,7,1,7
2.02E+12,1,9,0,18,0,1,0,0,0,0,2,1,6,1,37,7,1499,2,1,3,1,3
2.02E+12,1,9,0,3,0,8,0,0,0,0,2,1,6,2,47,8,1984,1,13,3,1,3
2.02E+12,2,9,0,18,0,2,0,0,0,0,2,1,6,2,24,5,899,1,4,5,1,5
2.02E+12,3,9,0,18,0,1,0,0,0,0,1,1,6,1,46,8,2231,2,11,4,1,4
2.02E+12,1,9,0,7,0,5,0,0,7,0,3,2,1,2,43,7,1997,1,9,3,1,3
2.02E+12,2,3,0,18,0,1,0,0,0,0,3,1,2,1,19,4,125,1,3,6,1,6
2.02E+12,1,9,0,7,0,8,0,0,0,0,1,1,2,1,26,6,1499,2,2,4,1,4
2.02E+12,1,9,0,3,0,1,0,0,0,0,3,1,6,1,41,7,2231,2,10,3,1,3
2.02E+12,1,9,0,3,0,3,0,0,0,0,2,1,1,1,42,7,2497,1,11,3,1,3
2.02E+12,2,9,0,7,0,3,0,0,0,0,1,1,6,1,29,6,1950,2,1,1,1,1
2.02E+12,1,9,0,14,0,8,0,7,0,0,1,1,6,1,67,10,1560,2,10,6,1,6
2.02E+12,2,9,0,18,0,1,0,0,0,0,2,1,6,2,27,6,998,1,9,4,1,4
2.02E+12,1,9,0,5,0,2,0,0,0,0,1,1,6,2,53,8,1995,2,10,4,1,4
2.02E+12,2,8,0,18,0,2,0,0,0,0,1,1,1,1,64,9,2499,2,2,10,1,10
2.02E+12,1,19,0,6,0,2,0,0,0,0,1,1,1,1,33,6,1560,2,3,8,2,8
2.02E+12,2,2,0,14,0,2,0,0,0,0,1,1,6,1,22,5,124,1,5,2,1,2
2.02E+12,1,9,0,18,0,1,0,0,0,0,4,1,6,2,60,9,998,1,15,4,1,4
2.02E+12,1,9,0,18,0,2,0,0,0,0,4,1,6,1,49,8,980,1,27,8,1,8
2.02E+12,2,9,0,15,0,8,0,0,0,0,2,1,6,1,31,6,1242,1,8,8,1,8
2.02E+12,1,9,0,18,0,1,0,0,0,0,1,1,6,1,42,7,1791,8,6,3,1,3
2.02E+12,2,11,0,3,0,1,0,0,0,0,0,1,1,1,22,5,4500,2,6,5,1,5
2.02E+12,1,2,0,18,0,1,0,0,0,0,1,1,6,1,16,4,49,1,9,7,1,7
2.02E+12,2,9,0,3,0,1,0,0,0,0,2,1,6,2,44,7,1596,1,12,10,1,10
2.02E+12,1,9,0,4,2,2,0,0,0,0,3,1,6,1,59,9,1995,2,9,6,1,6
2.02E+12,1,3,0,18,0,2,1,0,0,0,4,1,6,2,23,5,124,1,5,6,1,6
2.02E+12,1,9,0,18,0,1,0,0,0,0,1,1,6,1,39,7,2993,2,13,2,1,2
2.02E+12,1,3,0,3,0,1,0,11,0,0,4,1,6,1,36,7,125,1,13,3,1,3
2.02E+12,1,5,0,7,0,3,1,0,0,0,1,1,6,1,37,7,1043,1,2,3,1,3
2.02E+12,1,9,0,12,0,1,0,7,4,0,3,1,6,1,33,6,1386,1,14,2,1,2
2.02E+12,2,21,0,11,0,1,0,0,0,0,1,1,1,1,48,8,6700,2,2,5,1,5
2.02E+12,1,9,0,18,9,8,0,0,3,0,1,1,1,1,45,7,2993,2,1,6,1,6
2.02E+12,2,3,0,18,9,8,0,0,1,0,1,1,6,1,21,5,125,1,4,4,1,4
2.02E+12,1,4,0,18,0,1,5,0,0,0,1,1,6,1,20,4,124,1,1,3,1,3
2.02E+12,1,3,0,18,0,8,0,0,0,0,1,1,6,1,23,5,125,1,1,6,1,6
2.02E+12,2,9,0,10,0,8,0,0,0,0,1,1,6,2,29,6,1242,1,3,1,1,1
2.02E+12,2,9,0,7,0,6,0,0,0,0,1,1,6,2,21,5,1598,1,4,2,1,2
2.02E+12,1,11,0,5,2,1,0,0,0,0,0,1,1,1,50,8,7300,2,14,1,1,1
2.02E+12,1,9,0,18,0,8,0,0,0,0,4,1,6,1,24,5,998,1,3,10,1,10
2.02E+12,1,9,0,9,0,5,0,0,0,0,1,1,6,1,43,7,1299,1,16,1,1,1
2.02E+12,1,9,0,18,0,2,0,0,0,0,1,1,6,2,24,5,1988,1,16,5,1,5
2.02E+12,1,9,0,18,0,2,0,0,0,0,3,1,6,1,34,6,1796,2,5,4,1,4
2.02E+12,1,9,0,6,9,2,0,10,7,10,1,1,6,2,64,9,1968,2,7,9,1,9
2.02E+12,1,4,0,3,0,2,5,0,0,0,1,1,6,2,25,5,125,1,2,5,1,5
2.02E+12,2,9,0,1,0,2,0,0,0,0,2,1,6,1,64,9,1896,2,15,1,1,1
2.02E+12,1,9,0,3,0,1,0,0,0,0,0,1,1,1,43,7,1997,2,8,2,1,2
2.02E+12,2,9,0,5,0,1,0,0,0,0,2,1,6,1,24,5,1995,2,8,1,1,1
2.02E+12,1,9,0,9,0,8,0,0,0,0,1,1,6,1,23,5,1598,2,2,4,1,4
2.02E+12,2,9,0,14,0,8,0,7,0,0,3,1,6,1,33,6,1956,2,5,3,1,3
2.02E+12,1,9,0,7,0,8,0,0,0,0,1,1,2,1,55,8,1999,1,16,4,1,4
2.02E+12,1,19,0,9,0,6,0,0,0,0,3,1,1,1,25,5,2143,2,2,6,1,6
2.02E+12,2,11,0,9,0,6,0,0,0,0,1,1,1,1,37,7,8268,2,14,6,1,6
2.02E+12,1,8,0,16,2,1,0,0,0,0,4,1,1,1,64,9,2402,2,12,3,1,3
2.02E+12,1,3,0,13,0,1,0,0,0,0,1,1,6,1,18,4,124,1,8,3,1,3
2.02E+12,2,9,0,6,0,1,0,0,0,0,2,1,6,1,26,6,1590,1,1,2,1,2
2.02E+12,2,9,0,18,0,1,0,0,0,0,0,1,1,1,37,7,1995,2,2,1,1,1
2.02E+12,1,9,0,9,0,1,0,0,0,0,1,1,6,1,27,6,1197,1,2,2,1,2
2.02E+12,1,9,0,4,0,3,0,0,0,0,1,1,6,1,47,8,1389,1,15,4,1,4
2.02E+12,2,9,0,9,0,2,0,0,0,0,1,2,1,2,33,6,1998,1,14,5,1,5
2.02E+12,1,9,0,11,0,1,0,0,0,0,1,1,6,1,59,9,2383,2,24,3,1,3
2.02E+12,2,3,0,18,2,1,0,0,0,0,2,1,6,1,33,6,108,1,8,3,1,3
2.02E+12,1,4,0,13,0,1,0,0,0,0,1,1,6,1,33,6,124,1,9,3,1,3
2.02E+12,2,9,0,9,0,2,0,0,0,0,2,1,6,1,58,9,1242,1,7,6,1,6
2.02E+12,1,9,0,7,0,5,0,0,7,0,3,1,6,1,69,10,1998,1,18,3,1,3
2.02E+12,2,3,0,13,0,1,0,0,0,0,3,1,6,1,33,6,125,1,2,6,1,6
2.02E+12,1,11,0,10,0,1,0,0,0,0,2,1,1,1,44,7,4500,2,7,3,1,3
2.02E+12,2,9,0,4,0,1,0,0,0,0,1,1,2,2,27,6,1598,1,15,5,1,5
2.02E+12,1,9,0,18,0,2,0,0,0,0,1,1,6,1,43,7,2295,1,18,4,1,4
2.02E+12,1,9,0,18,0,2,1,0,0,0,1,1,6,1,35,6,1461,2,3,7,1,7
2.02E+12,2,11,0,4,0,2,0,0,0,0,4,1,1,1,46,8,4500,2,1,1,1,1
2.02E+12,1,9,0,18,0,2,0,0,0,0,1,1,6,1,19,4,1390,1,15,4,1,4
2.02E+12,1,9,0,9,0,2,0,0,0,0,1,1,6,2,52,8,1586,1,3,5,1,5
2.02E+12,1,9,0,18,9,1,0,0,1,5,1,1,6,1,49,8,2179,2,3,7,1,7
2.02E+12,1,9,0,7,0,5,0,10,1,10,2,1,6,1,50,8,1999,1,7,8,1,8
2.02E+12,2,9,0,18,0,8,0,0,0,0,1,1,6,1,71,10,1968,2,5,9,1,9
2.02E+12,1,5,0,15,0,1,1,0,8,10,1,1,6,1,39,7,599,1,9,9,3,9
2.02E+12,2,9,0,9,0,1,0,0,0,0,4,1,6,2,58,9,1389,1,13,3,1,3
2.02E+12,1,11,0,5,2,2,0,0,0,0,0,1,1,1,67,10,4500,2,7,7,1,7
2.02E+12,1,4,0,18,2,1,0,0,0,0,4,1,1,1,24,5,125,1,1,3,1,3
2.02E+12,2,19,0,3,0,1,0,0,0,0,4,1,2,1,27,6,1598,2,2,2,1,2
2.02E+12,1,9,0,7,0,6,0,0,0,0,3,1,6,1,49,8,1275,1,19,3,1,3
2.02E+12,1,9,0,4,0,1,0,0,0,0,3,1,2,1,50,8,1995,2,5,3,1,3
2.02E+12,1,9,0,4,0,8,0,0,0,0,2,1,6,1,65,9,1999,2,1,10,1,10
2.02E+12,1,9,0,10,0,2,0,0,0,0,2,1,6,2,17,4,1198,1,14,7,1,7
2.02E+12,2,5,0,18,0,1,5,0,0,0,1,1,6,1,33,6,600,1,1,5,1,5
2.02E+12,2,9,0,18,0,8,0,0,0,0,2,1,6,1,25,5,2148,2,12,1,1,1
2.02E+12,1,3,0,15,2,8,0,0,0,0,1,1,6,1,21,5,124,1,6,3,1,3
2.02E+12,2,9,0,9,0,8,0,0,0,0,3,1,6,1,25,5,1598,1,10,8,3,8
2.02E+12,1,11,0,4,0,8,0,0,0,0,0,1,1,1,35,6,5132,2,1,3,1,3
2.02E+12,1,2,0,7,0,1,0,0,0,0,0,1,6,2,85,11,50,1,12,2,1,2
2.02E+12,1,9,0,18,0,1,0,0,1,0,1,1,6,1,50,8,1997,2,1,8,1,8
2.02E+12,2,9,0,9,0,7,0,0,7,0,1,1,6,1,23,5,1499,1,1,1,1,1
2.02E+12,1,9,0,10,0,8,0,0,0,0,3,1,2,2,62,9,998,1,3,3,1,3
2.02E+12,2,3,0,18,0,1,0,0,0,0,1,1,6,1,23,5,124,1,8,2,1,2
2.02E+12,2,8,0,18,0,1,0,0,0,0,1,1,1,1,51,8,1910,2,8,3,1,3
2.02E+12,1,9,0,18,0,8,1,0,0,0,2,1,6,1,57,9,1910,2,9,3,1,3
2.02E+12,1,9,0,3,0,1,0,0,0,0,1,1,1,1,34,6,1339,1,10,4,1,4
2.02E+12,2,9,0,18,0,4,0,0,0,0,1,1,6,2,43,7,1685,2,2,10,1,10
2.02E+12,1,9,0,10,0,8,0,10,0,0,3,2,6,2,41,7,1598,1,6,8,1,8
2.02E+12,2,9,0,18,0,8,0,0,0,0,1,1,6,1,41,7,1398,1,1,4,1,4
2.02E+12,2,8,0,18,0,1,0,0,0,0,3,1,1,1,38,7,1997,2,7,5,1,5
2.02E+12,3,9,0,18,0,1,0,0,0,0,1,1,6,1,39,7,1999,1,19,2,1,2
2.02E+12,4,9,0,18,0,1,0,0,0,0,1,1,6,1,31,6,1896,2,16,1,1,1
2.02E+12,1,9,0,9,0,6,0,0,0,0,4,1,6,1,49,8,1598,1,9,6,1,6
2.02E+12,1,4,0,4,0,1,0,0,0,0,3,1,2,1,32,6,124,1,1,8,1,8
2.02E+12,2,9,0,4,0,1,0,0,0,0,1,1,6,1,29,6,2993,2,9,8,1,8
2.02E+12,1,9,0,18,9,2,0,0,7,1,1,1,6,1,44,7,2143,2,8,6,1,6
2.02E+12,1,8,0,13,0,1,0,0,0,0,1,1,1,1,36,7,2143,2,2,2,1,2
2.02E+12,2,4,0,13,0,1,0,0,0,0,4,1,6,1,18,4,124,1,5,5,1,5
2.02E+12,1,9,0,9,0,8,0,0,0,0,1,1,6,2,29,6,1796,1,7,2,1,2
2.02E+12,2,9,0,18,0,8,0,0,0,0,3,1,6,1,53,8,1598,2,6,6,2,6
2.02E+12,2,4,0,18,0,8,1,0,0,0,1,1,1,1,43,7,249,1,8,3,1,3
2.02E+12,1,9,0,18,0,8,0,0,0,0,1,1,6,1,37,7,2993,2,7,7,1,7
2.02E+12,2,9,0,9,0,8,0,0,0,0,1,1,6,1,36,7,1390,1,15,2,1,2
2.02E+12,1,9,0,1,0,8,0,0,0,0,2,1,6,1,56,9,1299,1,13,4,1,4
2.02E+12,1,9,0,5,0,3,0,0,0,0,4,1,6,1,33,6,5998,1,13,3,1,3
2.02E+12,2,19,0,9,0,3,0,0,0,0,3,1,1,1,51,8,2402,2,12,3,1,3
2.02E+12,1,9,0,18,0,1,0,0,0,0,0,1,6,2,57,9,1560,2,6,4,1,4
2.02E+12,1,9,0,4,0,8,0,0,0,0,2,1,6,2,78,11,1198,1,6,5,1,5
2.02E+12,2,9,0,13,0,8,0,0,0,0,1,1,6,1,69,10,1199,1,14,6,1,6
2.02E+12,1,9,0,7,0,6,1,10,1,5,1,1,6,2,23,5,2143,2,1,2,1,2
2.02E+12,1,90,0,9,0,5,0,0,0,0,0,1,1,1,37,7,2143,2,5,3,1,3
2.02E+12,2,3,0,18,0,5,0,0,0,0,1,1,1,1,17,4,108,1,3,3,1,3
2.02E+12,1,9,0,3,0,4,0,0,0,0,3,1,6,2,22,5,1461,2,4,8,1,8
2.02E+12,2,3,0,9,0,3,5,0,0,0,1,1,6,1,19,4,108,1,1,8,1,8
2.02E+12,1,8,0,9,0,5,0,0,0,0,3,1,1,1,54,8,1997,2,5,2,1,2
2.02E+12,2,3,0,18,0,1,5,0,0,0,1,1,6,1,32,6,125,1,5,3,1,3
2.02E+12,1,8,0,7,0,1,0,0,0,0,4,1,1,1,40,7,1998,2,7,2,1,2
2.02E+12,1,9,0,3,0,1,0,8,0,0,4,1,6,2,37,7,1242,1,8,7,1,7
2.02E+12,2,3,0,15,0,1,0,8,0,0,3,1,1,1,21,5,125,1,6,2,1,2
2.02E+12,1,9,0,9,0,8,0,0,0,0,3,1,6,2,49,8,1598,1,7,5,1,5
2.02E+12,2,4,0,18,0,8,2,0,0,0,1,1,6,1,27,6,125,1,12,5,1,5
2.02E+12,1,9,0,18,0,8,0,0,0,0,3,1,6,1,27,6,1686,2,12,2,1,2
2.02E+12,2,9,0,9,0,5,0,0,0,0,1,1,6,1,34,6,1753,2,9,8,1,8
2.02E+12,1,8,0,3,0,1,0,4,0,0,2,1,1,1,52,8,2143,2,6,3,1,3
2.02E+12,3,9,0,3,0,1,0,0,0,0,2,1,6,1,30,6,1998,1,20,1,1,1
2.02E+12,1,9,0,3,0,1,0,0,0,0,1,1,6,1,54,8,3628,2,7,6,1,6
2.02E+12,2,9,0,17,0,2,0,0,0,0,1,1,6,1,46,8,1998,1,13,5,1,5
2.02E+12,1,9,0,4,0,1,0,0,0,0,0,1,6,1,25,5,1968,2,6,2,1,2
2.02E+12,1,9,0,13,0,1,2,7,7,0,1,1,6,1,28,6,1796,1,8,7,1,7
2.02E+12,2,9,0,18,0,1,0,0,0,0,3,1,6,1,33,6,1499,2,2,2,1,2
2.02E+12,1,9,0,10,0,1,0,0,0,0,2,1,6,2,42,7,1597,1,18,2,1,2
2.02E+12,1,9,0,5,0,1,0,0,0,0,1,1,6,1,46,8,1389,1,14,3,1,3
2.02E+12,1,3,0,18,9,8,0,7,1,2,1,1,6,1,23,5,108,1,1,2,1,2
2.02E+12,1,9,0,18,0,1,0,0,0,0,1,1,6,1,22,5,1598,1,4,2,1,2
2.02E+12,3,9,0,3,0,1,0,0,0,0,3,1,6,1,26,6,1796,1,13,3,1,3
2.02E+12,4,19,0,18,0,1,0,0,0,0,0,1,1,1,40,7,2198,2,2,6,1,6
2.02E+12,2,8,0,9,0,8,0,0,0,0,0,1,1,1,40,7,1968,2,7,4,1,4
2.02E+12,1,9,0,18,0,1,0,7,0,0,1,1,6,1,29,6,1596,1,15,5,1,5
2.02E+12,1,9,0,11,0,8,2,10,1,7,1,1,6,1,19,4,1461,2,8,3,1,3
2.02E+12,1,11,0,4,0,2,0,0,0,0,1,1,1,1,61,9,8268,2,13,2,1,2
2.02E+12,2,5,0,16,0,1,1,0,0,0,1,1,6,1,49,8,645,1,17,4,1,4
2.02E+12,1,9,0,5,0,1,0,0,0,0,1,1,6,2,29,6,1968,2,6,4,1,4
2.02E+12,1,9,0,4,0,8,0,0,0,0,1,1,6,1,28,6,1396,1,17,4,1,4
2.02E+12,2,9,0,4,0,8,0,0,0,0,2,1,6,2,52,8,1995,1,6,3,1,3
2.02E+12,1,9,0,18,0,1,0,0,3,0,1,1,6,2,37,7,1339,1,15,5,1,5
2.02E+12,2,9,0,18,0,8,0,0,0,0,4,1,6,2,52,8,1198,1,7,4,1,4
2.02E+12,1,9,0,3,0,1,0,0,0,0,2,1,6,2,40,7,1598,1,12,1,1,1
2.02E+12,2,9,0,4,0,1,0,0,0,0,1,1,2,1,48,8,1199,1,15,5,1,5
2.02E+12,1,9,0,18,0,2,0,0,0,0,1,1,6,1,53,8,1896,2,17,4,1,4
2.02E+12,1,9,0,5,0,2,0,0,0,0,3,1,6,2,23,5,1397,1,13,2,1,2
2.02E+12,1,9,0,18,0,1,0,0,0,0,1,1,6,1,72,10,1497,8,4,8,1,8
2.02E+12,1,9,0,18,0,8,0,0,0,0,3,1,6,2,27,6,1490,1,9,8,1,8
2.02E+12,1,8,0,7,0,5,0,0,0,0,4,1,1,1,66,10,1497,8,9,4,1,4
2.02E+12,2,4,0,15,0,8,0,0,0,0,1,1,6,1,27,6,125,1,1,1,1,1
2.02E+12,1,9,0,18,0,1,0,0,0,0,1,1,6,2,22,5,1242,1,9,8,1,8
2.02E+12,1,9,0,12,0,8,0,0,1,0,1,1,6,2,40,7,1086,1,9,3,1,3
2.02E+12,1,11,0,18,0,2,0,11,0,0,1,1,1,1,22,5,6871,2,8,6,1,6
2.02E+12,1,9,0,9,0,6,0,0,0,0,3,1,1,1,32,6,1396,1,15,4,1,4
2.02E+12,2,9,0,18,0,1,0,0,0,0,1,1,6,1,32,6,1242,1,13,2,1,2
2.02E+12,2,9,0,4,0,8,0,0,0,0,1,1,6,2,51,8,2143,2,5,6,1,6
2.02E+12,1,9,0,18,0,8,0,0,0,0,1,1,6,1,37,7,1360,1,10,4,1,4
2.02E+12,2,9,0,9,0,8,0,0,0,0,4,1,6,1,30,6,1796,1,9,5,1,5
2.02E+12,1,9,0,18,0,1,0,0,0,0,1,1,6,1,25,5,1339,1,8,7,1,7
2.02E+12,1,9,0,18,0,1,0,0,0,0,3,1,6,1,25,5,2996,1,10,4,1,4
2.02E+12,1,9,0,7,9,8,0,0,1,10,1,1,6,2,20,4,1995,2,9,6,1,6
2.02E+12,1,9,0,5,0,2,0,0,0,0,1,1,6,1,55,8,1598,1,15,3,1,3
2.02E+12,1,9,0,9,0,6,0,0,0,0,0,1,6,2,32,6,1390,1,7,5,1,5
2.02E+12,2,5,0,18,0,6,1,0,0,0,0,1,6,1,33,6,999,1,10,4,1,4
2.02E+12,1,9,0,9,0,8,0,0,0,0,1,1,2,2,51,8,1997,1,13,5,1,5
2.02E+12,1,8,0,18,0,1,0,11,0,0,3,1,1,1,36,7,1798,8,3,2,1,2
2.02E+12,1,9,0,5,0,2,0,0,0,0,1,1,2,2,56,9,1998,1,10,7,1,7
2.02E+12,2,5,0,5,0,1,0,0,0,0,2,1,2,1,42,7,865,1,2,5,1,5
2.02E+12,1,4,0,3,0,1,0,0,0,0,2,1,1,1,37,7,806,1,2,3,1,3