Accident_Index,Vehicle_Reference,Vehicle_Type,Towing_and_Articulation,Vehicle_Manoeuvre,Vehicle_Location-Restricted_Lane,Junction_Location,Skidding_and_Overturning,Hit_Object_in_Carriageway,Vehicle_Leaving_Carriageway,Hit_Object_off_Carriageway,1st_Point_of_Impact,Was_Vehicle_Left_Hand_Drive?,Journey_Purpose_of_Driver,Sex_of_Driver,Age_of_Driver,Age_Band_of_Driver,Engine_Capacity_(CC),Propulsion_Code,Age_of_Vehicle,Driver_IMD_Decile,Driver_Home_Area_Type,Vehicle_IMD_Decile
2.02E+12,1,11,0,18,0,1,0,0,1,0,0,1,1,1,67,10,9360,2,5,4,1,4
2.02E+12,2,4,0,5,0,2,0,0,0,0,0,1,6,1,39,7,125,1,8,4,1,4
2.02E+12,1,9,0,1,0,8,0,0,0,0,2,1,6,1,25,5,1995,1,10,8,1,8
2.02E+12,1,9,0,1,0,1,0,0,0,0,2,1,6,1,43,7,1762,1,18,3,1,3
2.02E+12,1,9,0,5,9,1,0,0,0,0,1,1,6,1,54,8,2995,1,12,3,1,3
2.02E+12,1,9,0,9,0,7,0,11,0,0,3,1,6,1,35,6,2993,2,13,2,1,2
2.02E+12,2,4,0,18,0,8,1,11,0,0,1,1,1,1,25,5,125,1,4,3,1,3
2.02E+12,1,3,0,18,0,8,0,4,0,0,1,1,6,1,33,6,108,1,6,3,1,3
2.02E+12,1,9,0,18,0,8,0,0,0,0,4,1,6,1,22,5,2497,2,10,9,3,9
2.02E+12,1,9,0,5,8,1,0,0,0,0,1,1,6,1,24,5,1598,2,8,1,1,1
2.02E+12,2,2,0,18,0,1,0,0,7,0,1,1,1,1,17,4,108,1,3,4,1,4
2.02E+12,1,8,0,4,0,8,0,0,0,0,2,1,1,1,46,8,1798,1,9,2,1,2
2.02E+12,2,9,0,4,0,8,0,0,0,0,1,1,6,1,25,5,1995,2,1,2,1,2
2.02E+12,1,9,0,3,0,1,0,0,0,0,2,1,6,1,56,9,2494,1,11,8,1,8
2.02E+12,2,8,0,3,0,1,0,4,0,0,2,1,1,2,38,7,1798,8,3,2,1,2
2.02E+12,2,8,0,18,0,1,0,0,0,0,1,2,2,1,25,5,1797,8,3,3,1,3
2.02E+12,1,9,0,18,0,8,0,4,0,0,1,1,6,1,27,6,1339,1,9,4,1,4
2.02E+12,1,9,0,18,0,2,0,0,0,0,2,1,6,1,23,5,1124,1,7,2,1,2
2.02E+12,2,9,0,18,0,1,0,0,0,0,1,1,6,1,49,8,1596,1,8,2,1,2
2.02E+12,1,19,0,9,0,6,0,0,0,0,3,1,1,1,41,7,2463,2,11,3,1,3
2.02E+12,2,2,0,18,0,8,0,0,0,0,1,1,6,1,27,6,125,1,8,3,1,3
2.02E+12,2,9,0,5,0,2,0,0,1,0,1,1,6,1,48,8,5935,1,3,6,1,6
2.02E+12,3,3,0,5,0,2,0,11,1,0,1,1,6,1,24,5,108,1,2,5,1,5
2.02E+12,1,9,0,18,0,1,1,0,0,0,1,1,6,2,58,9,1598,1,4,10,1,10
2.02E+12,1,19,0,9,0,1,1,7,1,1,1,1,6,1,21,5,1248,2,9,6,1,6
2.02E+12,2,19,0,9,0,1,0,0,0,0,0,1,1,1,27,6,2198,2,1,6,1,6
2.02E+12,1,11,0,4,0,1,0,0,0,0,0,1,1,1,60,9,4500,2,6,3,1,3
2.02E+12,1,9,0,9,0,2,0,0,0,0,1,1,1,1,50,8,1797,8,4,3,1,3
2.02E+12,1,9,0,18,0,1,0,0,0,0,1,1,6,1,64,9,1968,2,10,7,1,7
2.02E+12,1,9,0,18,0,1,0,10,0,0,4,1,6,2,48,8,998,1,22,4,1,4
2.02E+12,2,9,0,18,0,1,0,0,7,0,1,1,6,2,17,4,999,1,1,9,2,9
2.02E+12,1,9,0,4,0,1,0,0,0,0,1,1,6,2,21,5,1587,1,12,2,1,2
2.02E+12,2,9,0,18,0,1,0,0,0,0,4,1,6,2,46,8,1461,2,2,8,1,8
2.02E+12,1,9,0,4,0,1,0,0,0,0,0,1,6,1,23,5,1596,1,11,2,1,2
2.02E+12,2,3,0,4,0,1,0,0,0,0,0,1,6,1,29,6,124,1,7,3,1,3
2.02E+12,1,9,0,3,0,2,0,0,0,0,2,1,6,2,34,6,1198,1,1,1,1,1
2.02E+12,2,9,0,18,0,8,1,0,0,0,2,1,6,2,20,4,1398,2,3,4,1,4
2.02E+12,3,9,0,18,0,8,0,0,0,0,1,1,6,2,39,7,1796,1,14,3,1,3
2.02E+12,1,2,0,18,0,1,1,0,0,0,1,1,6,1,19,4,124,1,15,4,1,4
2.02E+12,1,9,0,18,0,6,0,0,0,0,1,1,6,1,23,5,1590,1,15,1,1,1
2.02E+12,2,9,0,5,0,1,0,0,0,0,4,1,6,1,95,11,1299,1,14,5,1,5
2.02E+12,1,9,0,9,0,1,0,0,0,0,4,1,6,2,75,10,1296,1,10,8,1,8
2.02E+12,1,3,0,18,0,1,0,0,0,0,1,1,6,1,23,5,108,1,2,3,1,3
2.02E+12,2,8,0,5,0,6,0,0,0,0,3,1,1,1,61,9,1997,2,8,1,1,1
2.02E+12,1,2,0,18,0,1,5,0,0,0,2,1,6,1,28,6,124,1,2,3,1,3
2.02E+12,2,9,0,4,0,1,0,0,0,0,2,1,6,1,34,6,1798,8,1,1,1,1
2.02E+12,1,8,0,18,0,1,0,0,0,0,3,2,1,1,43,7,2499,2,9,3,1,3
2.02E+12,1,2,0,4,0,3,0,4,1,0,1,1,1,1,37,7,108,1,6,1,1,1
2.02E+12,2,9,0,1,0,3,0,4,0,0,2,1,6,1,27,6,1968,2,5,4,1,4
2.02E+12,1,19,0,4,0,1,0,0,0,0,3,1,1,1,45,7,1598,2,2,1,1,1
2.02E+12,2,9,0,4,0,1,0,0,0,0,1,1,6,2,39,7,1596,1,18,4,1,4
2.02E+12,1,9,0,10,0,1,0,0,0,0,1,1,6,1,24,5,1390,1,7,2,1,2
2.02E+12,2,9,0,18,0,1,1,7,0,0,1,1,6,2,24,5,1198,1,12,6,1,6
2.02E+12,1,9,0,9,0,8,0,0,0,0,3,1,6,2,37,7,1596,1,11,2,1,2
2.02E+12,2,2,0,14,0,8,0,0,0,0,1,1,6,1,16,4,49,1,11,2,1,2
2.02E+12,1,9,0,7,0,5,5,0,0,0,1,1,6,2,23,5,1598,1,7,2,1,2
2.02E+12,2,9,0,3,0,1,0,0,0,0,3,1,6,1,34,6,1086,1,9,3,1,3
2.02E+12,1,9,3,5,0,1,0,0,0,0,3,1,6,1,21,5,1998,8,1,3,1,3
2.02E+12,2,9,0,18,0,1,0,0,0,0,4,1,2,1,48,8,1796,1,9,2,1,2
2.02E+12,1,2,0,18,0,1,2,10,0,0,1,1,6,1,42,7,49,1,16,8,1,8
2.02E+12,1,3,0,9,0,1,0,0,0,0,1,1,6,1,38,7,125,1,1,2,1,2
2.02E+12,2,9,0,18,0,1,0,0,0,0,1,1,6,1,41,7,1968,2,6,2,1,2
2.02E+12,1,3,0,3,0,4,0,0,0,0,2,1,6,2,40,7,124,1,2,10,1,10
2.02E+12,1,5,0,18,0,1,0,0,0,0,1,1,2,1,56,9,782,1,2,10,1,10
2.02E+12,1,9,0,5,0,6,0,0,0,0,4,1,6,1,42,7,3311,8,9,3,1,3
2.02E+12,1,9,0,5,0,6,0,0,0,0,2,1,6,2,48,8,1398,1,1,2,1,2
2.02E+12,1,11,0,18,0,2,0,0,0,0,0,1,1,1,35,6,6692,2,4,2,1,2
2.02E+12,1,9,0,7,0,1,0,0,0,0,1,1,1,1,37,7,1499,2,4,2,1,2
2.02E+12,1,9,0,18,0,1,0,0,0,0,4,1,6,2,32,6,1461,2,1,10,1,10
2.02E+12,1,9,0,18,0,6,0,0,0,0,3,1,6,1,32,6,1242,1,1,2,1,2
2.02E+12,1,9,0,18,0,1,0,0,0,0,1,1,6,1,80,11,1498,1,6,7,1,7
2.02E+12,2,9,0,3,0,1,0,0,0,0,2,1,6,1,61,9,998,1,4,9,1,9
2.02E+12,3,9,0,3,0,1,0,0,0,0,2,1,6,2,34,6,1197,1,3,4,1,4
2.02E+12,1,9,0,4,0,8,0,0,0,0,2,1,6,2,36,7,1998,2,4,7,1,7
2.02E+12,3,9,0,18,0,1,0,0,0,0,2,1,6,1,67,10,1390,1,9,8,1,8
2.02E+12,1,3,0,18,0,8,0,0,0,0,1,1,2,1,33,6,125,1,6,4,1,4
2.02E+12,1,5,0,9,0,8,0,0,0,0,3,1,6,1,42,7,600,1,3,2,1,2
2.02E+12,2,21,1,18,0,8,0,0,0,0,4,1,1,1,36,7,12902,2,1,3,1,3
2.02E+12,1,9,0,18,0,1,0,0,0,0,4,1,2,1,59,9,996,1,8,3,1,3
2.02E+12,1,5,0,14,0,2,0,0,0,0,4,1,2,1,50,8,897,1,4,5,1,5
2.02E+12,2,19,0,18,0,7,0,0,0,0,2,1,1,1,26,6,6700,2,2,2,1,2
2.02E+12,3,9,0,18,0,7,0,0,0,0,1,1,6,1,63,9,1390,1,14,5,1,5
2.02E+12,1,9,0,7,0,1,0,0,0,0,1,1,6,2,55,8,1596,1,12,6,1,6
2.02E+12,2,9,0,18,0,1,0,0,1,0,4,1,6,2,50,8,1598,1,11,8,1,8
2.02E+12,2,9,0,3,0,8,0,0,0,0,2,1,6,1,26,6,1600,1,12,4,1,4
2.02E+12,1,9,0,9,0,6,0,0,0,0,1,1,6,1,34,6,1598,2,4,3,1,3
2.02E+12,2,5,0,18,0,1,0,0,0,0,1,1,2,1,45,7,599,1,11,7,1,7
2.02E+12,1,9,0,8,0,1,0,0,0,0,2,1,6,1,81,11,1596,1,12,7,1,7
2.02E+12,2,19,0,5,0,6,0,0,0,0,2,1,1,1,41,7,1560,2,7,1,1,1
2.02E+12,1,9,0,4,4,2,0,0,0,0,2,1,1,1,45,7,1800,8,4,3,1,3
2.02E+12,1,4,0,5,0,6,5,0,0,0,1,1,1,1,34,6,200,1,4,4,1,4
2.02E+12,2,9,0,5,0,6,0,0,0,0,2,1,1,1,48,8,1797,8,6,5,1,5
2.02E+12,1,11,0,5,3,1,0,0,0,0,0,1,1,1,41,7,5132,2,2,2,1,2
2.02E+12,1,19,0,10,0,6,0,0,0,0,3,1,1,1,33,6,1598,2,2,3,1,3
2.02E+12,2,2,0,18,0,1,0,0,0,0,1,1,6,1,19,4,49,1,13,6,1,6
2.02E+12,1,9,0,9,0,2,0,0,0,0,1,1,1,1,60,9,1997,2,7,6,1,6
2.02E+12,1,11,0,7,0,4,0,0,0,0,3,1,1,1,42,7,4500,2,6,7,1,7
2.02E+12,2,9,0,7,0,4,0,0,0,0,1,1,6,1,40,7,1896,2,15,5,1,5
2.02E+12,1,11,0,5,0,4,0,0,0,0,0,1,1,2,31,6,5132,2,1,3,1,3
2.02E+12,1,9,0,7,0,8,0,0,0,0,4,1,1,1,25,5,1995,2,7,3,1,3
2.02E+12,1,19,0,17,0,1,0,0,0,0,1,1,1,1,64,9,2198,2,1,7,1,7
2.02E+12,1,8,0,5,0,1,0,0,0,0,1,1,1,1,44,7,1686,2,4,1,1,1
2.02E+12,1,8,0,18,0,8,0,0,0,0,1,1,6,1,25,5,1797,8,7,6,1,6
2.02E+12,1,19,0,9,0,5,0,0,0,0,1,1,2,1,50,8,2198,2,9,8,1,8
2.02E+12,1,19,0,7,0,5,0,0,0,0,4,1,2,1,41,7,2143,2,2,2,1,2
2.02E+12,2,3,0,15,0,1,0,0,0,0,3,1,2,1,43,7,125,1,1,2,1,2
2.02E+12,1,11,0,18,0,1,0,0,0,0,4,1,1,1,44,7,6692,2,7,3,1,3
2.02E+12,1,9,0,13,0,1,0,0,1,0,1,1,3,2,37,7,1796,1,11,5,1,5
2.02E+12,1,9,0,5,0,2,0,0,0,0,2,1,6,2,25,5,1368,1,8,5,1,5
2.02E+12,2,9,0,5,0,2,1,0,0,0,1,1,6,1,44,7,1988,1,15,2,1,2
2.02E+12,1,9,0,9,0,8,0,0,0,0,1,1,6,1,50,8,1968,2,8,5,1,5
2.02E+12,2,4,0,18,0,8,0,0,0,0,4,1,6,1,48,8,125,1,9,6,1,6
2.02E+12,1,9,0,5,0,8,0,0,0,0,2,1,1,1,34,6,1560,2,3,7,1,7
2.02E+12,2,9,0,5,0,8,0,0,0,0,1,1,6,1,37,7,1461,2,9,4,1,4
2.02E+12,1,2,0,15,0,1,0,0,0,0,3,1,2,2,34,6,124,1,19,4,1,4
2.02E+12,1,9,0,18,0,6,0,0,0,0,1,1,6,1,28,6,1198,1,8,5,1,5
2.02E+12,1,9,0,18,2,1,0,0,0,0,1,1,6,2,22,5,1995,1,6,3,1,3
2.02E+12,2,9,0,9,0,8,0,0,0,0,4,1,6,1,36,7,1560,2,6,2,1,2
2.02E+12,2,9,0,18,0,1,0,0,0,0,3,1,2,2,28,6,1242,1,9,2,1,2
2.02E+12,1,8,0,4,0,8,0,0,0,0,1,1,6,1,59,9,1968,2,3,7,1,7
2.02E+12,2,19,0,3,0,8,0,0,0,0,2,1,1,1,36,7,2143,2,5,6,1,6
2.02E+12,1,9,0,5,0,1,0,0,0,0,1,1,6,1,63,9,2987,2,4,10,1,10
2.02E+12,1,9,0,3,0,1,0,4,0,0,4,1,6,1,66,10,1991,2,8,1,1,1
2.02E+12,3,11,0,3,0,1,0,0,0,0,2,1,1,1,57,9,7300,2,13,1,1,1
2.02E+12,1,9,0,9,0,8,0,0,0,0,1,1,6,1,57,9,2000,1,12,2,1,2
2.02E+12,1,8,0,5,0,3,0,0,0,0,1,1,1,1,26,6,1995,2,5,2,1,2
2.02E+12,1,9,0,9,0,6,0,11,0,0,1,1,6,1,49,8,1798,1,11,1,1,1
2.02E+12,1,4,0,18,0,2,5,0,0,0,4,1,6,1,19,4,125,1,3,3,1,3
2.02E+12,2,8,0,9,0,6,0,0,0,0,3,1,1,1,63,9,1339,8,7,4,1,4
2.02E+12,1,9,0,9,0,1,0,0,0,0,4,1,1,2,31,6,1499,2,1,2,1,2
2.02E+12,1,9,0,3,0,1,0,0,0,0,2,1,6,1,44,7,2198,2,5,10,1,10
2.02E+12,2,11,0,18,0,1,0,0,0,0,1,1,1,1,28,6,9000,2,9,9,1,9
2.02E+12,1,9,0,9,0,5,0,11,7,1,1,1,6,2,29,6,1388,1,14,4,1,4
2.02E+12,2,2,0,18,0,8,0,0,0,0,1,1,6,1,27,6,124,1,5,8,1,8
2.02E+12,1,9,0,5,0,1,0,0,0,0,1,1,6,1,35,6,1598,1,4,2,1,2
2.02E+12,1,9,0,7,0,8,1,0,0,0,3,1,6,2,32,6,1984,1,11,1,1,1
2.02E+12,3,4,0,18,0,8,1,0,0,0,2,1,6,1,17,4,108,1,2,1,1,1
2.02E+12,1,9,0,10,0,1,0,0,0,0,1,1,6,1,38,7,1796,1,5,3,1,3
2.02E+12,2,3,0,18,0,1,1,0,0,0,1,1,6,1,28,6,124,1,10,1,1,1
2.02E+12,1,8,0,5,0,8,0,0,0,0,3,1,1,1,60,9,2499,2,6,3,1,3
2.02E+12,2,3,0,18,0,8,1,0,0,0,4,1,6,1,24,5,125,1,12,2,1,2
2.02E+12,2,11,0,18,0,4,0,0,1,10,1,1,1,1,61,9,8268,2,14,4,1,4
2.02E+12,1,9,0,3,0,4,0,0,0,0,1,1,6,1,25,5,2497,2,11,4,1,4
2.02E+12,1,9,0,18,0,5,0,0,0,0,1,1,1,1,48,8,1997,2,4,4,1,4
2.02E+12,1,9,0,9,0,1,0,0,0,0,4,1,6,1,56,9,1242,1,10,3,1,3
2.02E+12,1,9,0,9,0,8,0,0,0,0,1,1,2,1,22,5,1995,2,8,2,1,2
2.02E+12,2,5,0,18,0,8,0,0,0,0,1,1,2,1,50,8,650,1,1,6,1,6
2.02E+12,1,21,4,5,0,2,0,0,0,0,4,1,1,1,44,7,11967,2,8,5,1,5
2.02E+12,1,3,0,18,0,1,5,10,0,0,2,1,2,1,45,7,124,1,3,8,1,8
2.02E+12,2,19,0,9,0,1,0,0,0,0,1,1,1,1,33,6,2198,2,3,7,1,7
2.02E+12,1,9,0,18,0,1,0,0,0,0,1,1,6,2,88,11,1240,1,10,6,1,6
2.02E+12,1,9,0,9,0,8,0,0,0,0,1,1,2,2,29,6,1149,1,10,6,1,6
2.02E+12,1,19,0,7,0,1,0,10,1,0,4,1,1,1,37,7,2402,2,14,9,1,9
2.02E+12,1,8,0,6,0,1,0,0,0,0,3,1,1,1,81,11,2402,2,13,3,1,3
2.02E+12,2,3,0,18,0,1,5,0,0,0,1,1,6,1,40,7,125,1,9,2,1,2
2.02E+12,1,11,0,4,0,1,0,0,0,0,0,1,1,1,21,5,4500,2,3,6,1,6
2.02E+12,1,9,0,14,0,8,0,0,0,0,4,1,6,2,26,6,1995,2,6,4,1,4
2.02E+12,1,19,0,18,0,1,0,11,0,0,3,1,6,1,28,6,2148,2,9,6,1,6
2.02E+12,1,21,0,18,0,1,0,0,0,0,1,1,1,1,30,6,10837,2,5,3,1,3
2.02E+12,2,4,0,13,0,8,1,0,0,0,1,1,2,1,29,6,599,1,16,4,1,4
2.02E+12,1,9,0,13,0,3,0,0,0,0,2,1,6,1,25,5,1997,2,14,6,1,6
2.02E+12,2,9,0,18,0,3,0,0,0,0,1,1,2,1,43,7,1798,1,9,8,1,8
2.02E+12,1,11,0,4,0,2,0,0,0,0,2,1,1,1,32,6,4500,2,9,2,1,2
2.02E+12,1,9,0,18,0,1,0,0,0,0,3,1,6,1,30,6,1968,2,1,1,1,1
2.02E+12,1,9,0,9,0,1,1,10,0,0,3,1,6,2,25,5,1242,1,11,6,1,6
2.02E+12,2,8,0,18,0,8,0,0,0,0,1,1,6,1,48,8,1791,8,5,9,1,9
2.02E+12,1,9,0,10,0,1,0,0,0,0,2,1,6,1,46,8,2987,2,4,7,1,7
2.02E+12,1,11,0,3,2,2,0,0,0,0,0,1,1,1,29,6,6700,2,6,8,1,8
2.02E+12,1,3,0,18,0,8,0,0,0,0,1,1,6,1,37,7,124,1,15,1,1,1
2.02E+12,1,19,0,18,0,8,0,0,0,0,4,1,1,1,31,6,2143,2,1,4,1,4
2.02E+12,2,11,0,18,2,8,0,0,0,0,3,1,1,2,31,6,4500,2,3,3,1,3
2.02E+12,1,9,0,6,0,2,0,0,0,0,1,1,2,1,27,6,3799,1,7,2,1,2
2.02E+12,2,3,0,18,0,2,0,0,0,0,1,1,2,1,23,5,125,1,2,5,1,5
2.02E+12,1,9,0,17,0,1,0,0,0,0,3,1,6,2,39,7,1796,1,3,2,1,2
2.02E+12,1,11,0,17,0,1,0,0,0,0,0,1,1,1,58,9,4500,2,2,3,1,3
2.02E+12,1,8,0,18,0,1,0,0,0,0,0,1,1,1,56,9,2143,2,6,7,1,7
2.02E+12,2,5,0,14,0,2,5,0,0,0,1,1,6,1,41,7,649,1,9,4,1,4
2.02E+12,1,19,0,1,0,8,0,0,0,0,2,1,1,1,29,6,2198,2,1,2,1,2
2.02E+12,1,9,0,18,0,1,0,0,0,0,4,1,6,1,55,8,1248,1,1,8,1,8
2.02E+12,1,8,0,18,0,2,0,0,0,0,1,1,2,1,54,8,1797,8,4,2,1,2
2.02E+12,1,9,0,16,0,3,0,11,1,2,1,1,6,1,24,5,1368,1,7,3,1,3
2.02E+12,1,9,0,18,0,2,1,0,0,0,1,1,6,1,38,7,1998,2,10,2,1,2
2.02E+12,2,9,0,18,0,1,5,0,0,0,4,2,6,1,78,11,1995,2,2,3,1,3
2.02E+12,1,9,0,7,0,5,0,0,0,0,0,1,6,2,52,8,1799,1,12,2,1,2
2.02E+12,1,9,0,18,0,8,0,0,1,0,1,1,6,1,20,4,1248,2,4,9,1,9
2.02E+12,1,9,0,18,0,1,0,0,0,0,4,1,6,2,24,5,998,1,17,4,1,4
2.02E+12,1,3,0,18,0,2,0,0,0,0,1,1,6,1,27,6,125,1,5,6,1,6
2.02E+12,2,9,0,3,0,1,0,0,0,0,2,1,6,2,25,5,1198,1,4,7,1,7
2.02E+12,3,9,0,3,0,1,0,0,0,0,2,1,6,2,44,7,1598,1,16,3,1,3
2.02E+12,5,9,0,3,0,1,0,0,0,0,1,1,6,2,29,6,2143,2,1,5,1,5
2.02E+12,1,9,0,18,0,1,0,0,0,0,1,1,3,2,22,5,1461,2,1,2,1,2
2.02E+12,1,9,0,9,0,8,0,0,0,0,1,1,6,1,19,4,1685,2,1,4,1,4
2.02E+12,1,9,0,16,9,2,0,0,1,5,1,1,6,1,28,6,1995,1,13,3,1,3
2.02E+12,1,9,0,17,0,1,0,0,8,4,1,1,6,2,38,7,1895,1,18,7,1,7
2.02E+12,1,9,0,18,0,1,0,0,0,0,4,1,6,2,64,9,999,1,7,6,1,6
2.02E+12,2,3,0,18,0,8,1,0,0,0,1,1,6,1,40,7,125,1,2,6,1,6
2.02E+12,1,9,0,5,0,4,0,0,0,0,1,1,6,1,44,7,2962,1,27,2,1,2
2.02E+12,2,9,0,5,0,4,0,0,0,0,2,1,6,1,35,6,2143,2,3,2,1,2
2.02E+12,1,19,0,16,0,4,1,0,0,0,1,1,2,1,38,7,2402,2,14,4,1,4
2.02E+12,2,9,0,8,0,4,0,0,0,0,2,1,6,2,54,8,1997,2,2,3,1,3
2.02E+12,1,4,0,18,2,1,0,0,0,0,1,1,1,1,22,5,125,1,3,1,1,1
2.02E+12,2,9,0,18,2,1,0,0,0,0,2,1,6,1,26,6,1896,2,15,4,1,4
2.02E+12,1,9,0,18,0,1,5,7,0,0,3,1,6,2,19,4,1364,1,10,5,1,5
2.02E+12,1,9,0,4,0,1,0,0,0,0,2,1,6,2,30,6,1995,2,4,9,1,9
2.02E+12,2,9,0,18,0,1,0,0,0,0,1,1,6,2,37,7,1995,2,16,2,1,2
2.02E+12,1,9,0,4,0,1,0,0,0,0,1,1,6,2,25,5,1198,1,4,5,1,5
2.02E+12,2,9,0,5,0,1,0,0,0,0,1,1,6,1,18,4,1149,1,10,5,1,5
2.02E+12,1,9,0,4,0,1,0,0,0,0,2,1,6,2,39,7,1461,2,4,2,1,2
2.02E+12,2,9,0,18,0,1,0,0,0,0,2,1,6,2,34,6,1999,2,1,7,1,7
2.02E+12,3,19,0,18,0,1,0,0,0,0,2,1,6,1,49,8,2198,2,3,10,1,10
2.02E+12,4,19,0,18,0,1,0,0,0,0,2,1,6,1,39,7,2198,2,1,2,1,2
2.02E+12,5,19,0,18,0,1,0,0,0,0,2,1,6,1,46,8,2198,2,7,8,1,8
2.02E+12,6,21,0,18,0,1,0,0,0,0,1,1,1,1,52,8,10837,2,1,2,1,2
2.02E+12,1,9,0,6,0,1,0,0,0,0,3,1,2,1,66,10,1242,1,1,8,1,8
2.02E+12,1,8,0,5,0,1,0,0,0,0,1,1,1,1,41,7,1956,2,1,3,1,3
2.02E+12,2,4,0,18,0,1,0,0,0,0,2,1,1,1,27,6,125,1,3,6,1,6
2.02E+12,1,9,0,18,0,3,0,0,0,0,4,1,6,1,50,8,2993,2,11,10,1,10
2.02E+12,2,9,0,18,0,3,0,0,0,0,4,1,6,2,29,6,1390,1,4,5,1,5
2.02E+12,1,9,0,18,0,6,0,0,0,0,1,1,3,2,45,7,1398,1,1,1,1,1
2.02E+12,1,9,0,3,0,1,0,0,0,0,4,1,3,2,42,7,1984,1,3,6,1,6
2.02E+12,1,9,0,9,0,2,0,0,0,0,1,1,6,1,61,9,1995,2,6,2,1,2
2.02E+12,1,9,0,7,0,2,0,0,0,0,1,2,1,1,63,9,2893,1,5,8,1,8
2.02E+12,2,2,0,5,0,1,5,0,0,0,3,1,6,2,44,7,49,1,17,1,1,1
2.02E+12,1,9,0,4,0,1,0,0,0,0,2,1,3,2,40,7,1596,1,11,3,1,3
2.02E+12,1,21,0,11,0,1,0,0,0,0,4,1,1,1,35,6,12777,2,4,1,1,1
2.02E+12,1,9,0,9,0,6,0,0,0,0,1,1,2,1,29,6,1595,1,11,2,1,2
2.02E+12,2,3,0,18,0,8,0,0,0,0,4,1,2,1,32,6,125,1,1,4,1,4
2.02E+12,1,19,0,3,0,1,0,0,0,0,2,1,1,1,60,9,2299,2,4,6,1,6
2.02E+12,1,11,0,4,2,1,0,0,0,0,0,1,1,1,52,8,4500,2,2,4,1,4
2.02E+12,1,19,0,9,0,1,0,0,0,0,4,1,1,1,24,5,2143,2,1,6,1,6
2.02E+12,1,9,0,9,0,6,0,0,0,0,1,1,2,1,26,6,1995,1,13,6,1,6
2.02E+12,2,4,0,14,0,1,0,0,0,0,1,1,6,1,40,7,599,1,14,6,1,6
2.02E+12,1,9,0,18,0,3,0,0,0,0,2,1,6,2,38,7,2000,1,11,3,1,3
2.02E+12,2,9,0,18,0,3,0,0,0,0,1,1,6,1,40,7,998,1,14,7,1,7
2.02E+12,1,11,0,4,2,1,0,0,0,0,0,1,1,1,36,7,5132,2,1,4,1,4
2.02E+12,1,9,0,18,0,8,0,0,0,0,1,1,6,2,24,5,1870,2,12,4,1,4
2.02E+12,1,9,0,18,0,8,0,0,0,0,2,1,6,1,38,7,1968,2,5,1,1,1
2.02E+12,2,9,0,18,0,8,0,0,0,0,1,1,6,1,76,11,1461,2,1,9,1,9
2.02E+12,3,9,0,18,0,8,0,0,0,0,1,1,6,1,39,7,1108,1,12,5,1,5
2.02E+12,1,9,0,15,0,6,0,0,0,0,3,1,2,1,38,7,1998,1,2,2,1,2
2.02E+12,1,9,0,18,0,8,0,0,1,10,1,1,3,1,33,6,2979,1,13,6,1,6
2.02E+12,2,9,0,9,0,8,0,0,0,0,3,1,6,1,64,9,1596,1,14,9,1,9
2.02E+12,1,8,0,17,0,8,0,0,0,0,4,1,1,1,61,9,2148,2,7,9,2,9
2.02E+12,1,9,0,4,0,1,0,0,0,0,0,1,6,1,28,6,1997,2,5,5,1,5
2.02E+12,2,4,0,18,0,1,0,0,0,0,0,1,6,2,37,7,124,1,8,2,1,2
2.02E+12,1,3,0,18,0,5,1,0,0,0,1,1,6,1,39,7,124,1,3,3,1,3
2.02E+12,2,9,0,6,0,8,0,0,0,0,1,1,6,2,66,10,1399,2,12,2,1,2
2.02E+12,1,9,0,18,0,1,0,0,0,0,1,1,1,1,47,8,2143,2,4,1,1,1
2.02E+12,1,11,0,4,0,1,0,0,0,0,0,1,1,1,40,7,4500,2,2,5,1,5
2.02E+12,1,9,0,9,2,8,0,0,0,0,2,1,6,1,53,8,1796,1,16,3,1,3
2.02E+12,2,3,0,18,2,8,0,0,7,0,1,1,2,1,32,6,125,1,3,7,1,7
2.02E+12,1,3,0,15,0,8,0,0,0,0,1,1,6,1,38,7,125,1,8,3,1,3
2.02E+12,2,8,0,5,0,8,0,0,0,0,4,1,1,1,56,9,2143,2,5,8,1,8
2.02E+12,1,9,0,18,0,1,2,0,7,3,1,1,6,2,31,6,1686,2,12,3,1,3
2.02E+12,2,9,0,9,0,8,0,0,0,0,1,1,6,1,70,10,2000,1,13,9,1,9
2.02E+12,1,9,0,10,0,8,0,0,0,0,3,1,6,2,26,6,1242,1,14,3,1,3
2.02E+12,2,9,0,18,0,4,0,0,0,0,1,1,1,1,26,6,998,1,1,3,1,3
2.02E+12,1,3,0,13,0,8,0,0,0,0,1,1,1,1,19,4,125,1,1,6,1,6
2.02E+12,2,9,0,9,0,5,0,0,0,0,3,1,2,1,37,7,1560,2,9,2,1,2
2.02E+12,1,3,0,5,0,1,0,0,0,0,1,1,1,1,32,6,125,1,3,3,1,3
2.02E+12,1,5,0,18,0,8,0,0,0,0,1,1,2,1,39,7,656,1,12,7,1,7
2.02E+12,2,9,0,18,0,8,0,0,0,0,3,1,6,1,32,6,2967,2,3,10,1,10
2.02E+12,1,9,0,9,0,5,0,0,0,0,0,1,6,2,38,7,1591,1,2,10,1,10
2.02E+12,2,3,0,13,0,5,1,0,0,0,0,1,6,1,25,5,124,1,8,5,1,5
2.02E+12,1,9,0,18,0,1,0,0,0,0,2,1,6,2,35,6,1399,1,1,2,1,2