Accident_Index,Vehicle_Reference,Vehicle_Type,Towing_and_Articulation,Vehicle_Manoeuvre,Vehicle_Location-Restricted_Lane,Junction_Location,Skidding_and_Overturning,Hit_Object_in_Carriageway,Vehicle_Leaving_Carriageway,Hit_Object_off_Carriageway,1st_Point_of_Impact,Was_Vehicle_Left_Hand_Drive?,Journey_Purpose_of_Driver,Sex_of_Driver,Age_of_Driver,Age_Band_of_Driver,Engine_Capacity_(CC),Propulsion_Code,Age_of_Vehicle,Driver_IMD_Decile,Driver_Home_Area_Type,Vehicle_IMD_Decile
2.02E+12,1,9,0,18,0,7,1,0,0,0,1,1,6,1,47,8,1995,1,14,3,1,3
2.02E+12,2,9,0,4,0,7,0,0,0,0,2,1,6,2,47,8,1600,2,7,4,1,4
2.02E+12,1,5,0,18,0,8,2,0,0,0,3,1,2,1,54,8,599,1,8,5,1,5
2.02E+12,2,9,0,18,0,8,0,0,0,0,1,1,6,1,33,6,1596,1,13,3,1,3
2.02E+12,1,8,0,5,0,8,0,0,0,0,3,1,2,1,44,7,1339,8,8,3,1,3
2.02E+12,1,9,0,3,0,2,0,0,0,0,1,1,6,1,31,6,1229,1,11,2,1,2
2.02E+12,2,8,0,15,0,2,0,0,0,0,1,1,1,1,41,7,1798,8,2,6,1,6
2.02E+12,1,9,0,5,0,1,0,0,0,0,1,1,6,1,35,6,2171,1,16,7,1,7
2.02E+12,2,9,0,5,0,1,0,0,0,0,1,1,6,1,63,9,1896,2,12,9,1,9
2.02E+12,3,9,0,5,0,1,0,0,0,0,1,1,6,1,32,6,2987,2,8,4,1,4
2.02E+12,1,11,0,5,0,1,0,0,0,0,0,1,1,1,48,8,9000,2,8,9,1,9
2.02E+12,1,9,0,4,0,1,0,0,0,0,1,1,1,1,45,7,1997,2,3,2,1,2
2.02E+12,1,9,0,9,0,3,2,0,0,0,1,1,6,1,25,5,1596,1,11,6,1,6
2.02E+12,1,9,0,9,0,4,0,0,0,0,1,1,6,1,29,6,1796,1,12,6,1,6
2.02E+12,2,9,0,18,0,8,1,0,0,0,0,1,6,1,46,8,1598,2,3,9,1,9
2.02E+12,1,2,0,5,0,1,0,0,0,0,0,1,6,1,31,6,49,1,1,2,1,2
2.02E+12,2,9,0,5,0,1,0,0,0,0,3,1,6,1,18,4,1395,1,2,9,1,9
2.02E+12,1,9,0,5,0,8,0,7,0,0,1,1,1,1,37,7,1968,2,5,4,1,4
2.02E+12,2,8,0,18,0,2,0,0,0,0,1,1,1,1,43,7,2499,2,10,2,1,2
2.02E+12,1,9,0,9,0,2,0,0,0,0,1,1,6,1,30,6,1995,2,13,2,1,2
2.02E+12,2,9,0,18,0,1,0,0,0,0,4,1,2,1,51,8,1995,2,9,4,1,4
2.02E+12,1,11,0,5,2,1,0,11,0,0,1,1,1,1,53,8,7300,2,13,2,1,2
2.02E+12,1,9,0,18,0,8,0,0,0,0,1,1,6,1,32,6,1995,2,11,2,1,2
2.02E+12,2,3,0,18,0,8,1,0,0,0,1,1,2,1,46,8,102,1,1,2,1,2
2.02E+12,1,9,0,9,0,6,0,0,0,0,3,1,6,2,33,6,1997,2,10,9,1,9
2.02E+12,3,9,0,9,0,1,0,0,0,0,1,1,6,1,67,10,1242,1,11,5,1,5
2.02E+12,1,9,0,7,0,6,0,0,0,0,1,1,6,1,44,7,2171,1,16,5,1,5
2.02E+12,1,9,0,18,0,1,0,0,0,0,1,1,6,1,56,9,1998,1,10,6,1,6
2.02E+12,1,8,0,9,0,2,0,0,0,0,1,1,1,1,33,6,2499,2,8,2,1,2
2.02E+12,1,9,0,7,0,2,0,0,0,0,3,1,6,2,38,7,1999,1,11,4,1,4
2.02E+12,1,9,0,18,0,1,0,0,0,0,1,1,6,1,26,6,2179,2,6,3,1,3
2.02E+12,2,9,0,4,0,1,0,0,0,0,2,1,6,2,45,7,1596,1,11,4,1,4
2.02E+12,3,9,0,18,0,1,0,0,0,0,0,1,1,1,31,6,1560,2,2,2,1,2
2.02E+12,1,11,0,4,0,1,0,0,0,0,0,1,1,1,58,9,4500,2,8,6,1,6
2.02E+12,1,9,0,9,0,2,0,10,0,0,1,1,6,1,27,6,998,1,14,3,1,3
2.02E+12,2,9,0,18,0,8,0,10,8,10,1,1,6,2,18,4,1995,2,1,3,1,3
2.02E+12,1,9,0,18,0,1,0,0,0,0,1,1,6,2,33,6,1896,2,15,6,1,6
2.02E+12,2,9,0,18,0,1,0,0,0,0,2,1,6,2,30,6,1242,1,14,5,1,5
2.02E+12,1,9,0,4,0,1,0,0,0,0,2,1,6,1,44,7,1560,2,9,1,1,1
2.02E+12,2,9,0,16,0,1,0,0,0,0,1,1,6,1,24,5,1197,1,2,6,1,6
2.02E+12,1,9,0,3,0,1,0,0,0,0,0,1,6,2,46,8,1796,1,9,4,1,4
2.02E+12,2,9,0,18,0,1,0,0,0,0,1,1,6,1,30,6,1999,1,14,4,1,4
2.02E+12,1,2,0,18,0,1,0,0,0,0,0,1,6,1,37,7,48,1,11,1,1,1
2.02E+12,2,9,0,9,0,6,0,0,0,0,0,1,6,2,36,7,1968,2,12,5,1,5
2.02E+12,2,9,0,9,0,5,0,0,0,0,3,1,6,2,28,6,2143,2,1,1,1,1
2.02E+12,1,9,0,10,0,1,0,0,0,0,1,1,6,2,54,8,698,1,13,4,1,4
2.02E+12,2,3,0,18,0,1,0,0,0,0,4,1,6,1,30,6,124,1,9,6,1,6
2.02E+12,2,11,0,18,0,2,0,0,0,0,1,2,1,1,47,8,3900,2,14,6,1,6
2.02E+12,1,9,0,18,0,1,0,0,0,0,4,1,6,1,21,5,1796,2,3,4,1,4
2.02E+12,2,9,0,5,0,8,0,0,0,0,1,1,6,1,36,7,1796,2,4,4,1,4
2.02E+12,3,9,0,5,0,8,0,0,0,0,3,1,6,2,35,6,1339,1,8,5,1,5
2.02E+12,1,9,0,18,0,1,0,0,0,0,1,1,6,1,20,4,1600,2,7,3,1,3
2.02E+12,1,9,0,4,0,1,0,4,0,0,2,1,6,1,36,7,1587,1,10,5,1,5
2.02E+12,1,9,0,18,0,8,0,0,1,2,4,1,6,1,43,7,1598,1,12,5,1,5
2.02E+12,1,9,0,6,0,2,0,0,0,0,3,1,6,1,50,8,1998,1,10,2,1,2
2.02E+12,2,2,0,13,0,2,0,0,0,0,1,1,6,1,23,5,124,1,5,2,1,2
2.02E+12,1,9,0,4,0,1,0,0,0,0,1,1,6,2,22,5,1296,1,9,3,1,3
2.02E+12,2,9,0,18,0,2,1,0,7,1,1,1,6,1,24,5,2993,2,4,2,1,2
2.02E+12,3,8,0,18,0,2,0,0,0,0,3,1,1,1,37,7,1796,1,7,5,1,5
2.02E+12,5,9,0,4,0,2,0,0,0,0,1,1,6,1,25,5,1995,2,4,2,1,2
2.02E+12,1,19,0,18,0,2,0,4,0,0,1,1,6,1,48,8,2198,2,10,2,1,2
2.02E+12,1,19,0,9,0,5,0,0,0,0,3,1,1,1,63,9,2402,2,11,5,1,5
2.02E+12,1,9,0,5,0,1,0,0,0,0,1,1,1,1,69,10,1995,2,10,7,1,7
2.02E+12,1,9,0,3,0,1,0,0,0,0,4,1,6,2,26,6,1364,1,9,3,1,3
2.02E+12,1,9,0,9,0,8,0,0,0,0,1,1,6,1,53,8,973,1,19,5,1,5
2.02E+12,1,9,0,9,0,5,0,0,0,0,1,1,2,2,24,5,1198,1,12,7,1,7
2.02E+12,1,9,0,18,0,8,0,0,0,0,1,1,2,1,49,8,1796,1,11,2,1,2
2.02E+12,1,11,0,18,0,1,0,0,0,0,1,1,1,1,37,7,4760,2,5,5,1,5
2.02E+12,2,9,0,7,0,1,0,0,0,0,1,1,6,2,80,11,1598,1,20,4,1,4
2.02E+12,1,19,0,8,9,6,0,0,0,0,1,1,1,2,33,6,1968,2,1,2,1,2
2.02E+12,1,9,0,6,0,6,0,0,0,0,3,1,4,1,18,4,1390,1,15,4,1,4
2.02E+12,3,9,0,17,0,2,0,0,0,0,3,1,6,2,62,9,1498,1,11,2,1,2
2.02E+12,1,9,0,9,0,1,0,0,0,0,4,2,2,2,55,8,1968,2,10,6,1,6
2.02E+12,2,4,0,18,0,1,0,0,0,0,3,1,6,1,47,8,885,1,23,4,1,4
2.02E+12,1,19,0,18,0,8,0,0,0,0,1,1,1,1,45,7,1998,2,11,5,1,5
2.02E+12,2,8,0,4,0,8,0,0,0,0,2,1,6,1,26,6,1797,8,6,6,1,6
2.02E+12,2,9,0,18,0,1,0,0,0,0,1,1,2,2,55,8,1197,1,2,3,1,3
2.02E+12,1,21,0,4,0,1,0,0,0,0,1,1,1,1,41,7,9200,2,7,4,1,4
2.02E+12,1,8,0,18,0,1,0,0,0,0,3,1,1,1,50,8,1797,8,6,2,1,2
2.02E+12,2,2,0,18,0,1,0,0,0,0,1,1,2,1,46,8,49,1,11,2,1,2
2.02E+12,1,3,0,3,2,1,0,0,0,0,4,1,1,1,49,8,125,1,2,1,1,1
2.02E+12,2,20,0,1,2,1,0,4,0,0,2,1,1,1,34,6,9200,2,5,4,1,4
2.02E+12,1,9,0,10,0,1,0,0,0,0,2,1,6,2,31,6,1497,8,3,1,1,1
2.02E+12,1,4,0,9,0,2,0,0,0,0,4,1,6,1,29,6,125,1,5,4,1,4
2.02E+12,2,4,0,18,0,1,0,0,0,0,4,1,6,2,34,6,124,1,1,4,1,4
2.02E+12,2,21,1,5,0,1,0,0,0,0,1,1,6,1,37,7,10837,2,5,8,1,8
2.02E+12,1,9,0,3,0,1,0,0,0,0,2,1,6,1,29,6,1242,1,8,2,1,2
2.02E+12,2,4,0,5,0,1,0,0,0,0,1,1,1,1,22,5,125,1,1,2,1,2
2.02E+12,1,9,0,17,6,1,1,0,2,10,1,1,6,1,25,5,2987,2,7,2,1,2
2.02E+12,1,3,0,18,0,1,0,0,0,0,4,1,2,1,28,6,125,1,1,7,1,7
2.02E+12,2,19,0,9,0,5,0,0,0,0,3,1,1,1,34,6,2143,2,2,6,1,6
2.02E+12,1,5,0,18,0,8,5,0,1,0,3,1,1,1,47,8,649,1,2,9,1,9
2.02E+12,1,2,0,13,0,8,5,0,0,0,4,1,1,1,20,4,49,1,4,3,1,3
2.02E+12,2,9,0,9,0,8,0,0,0,0,3,1,6,1,53,8,2148,2,15,8,1,8
2.02E+12,1,9,0,18,0,1,0,0,0,0,2,1,6,2,69,10,1586,1,3,3,1,3
2.02E+12,2,3,0,18,0,1,0,0,0,0,1,1,6,1,19,4,125,1,11,5,1,5
2.02E+12,1,21,0,5,0,2,0,0,0,0,1,1,1,1,65,9,12900,2,10,3,3,3
2.02E+12,1,11,0,4,0,1,0,0,3,0,0,1,1,1,28,6,6700,2,5,4,1,4
2.02E+12,1,9,0,9,0,6,0,0,0,0,4,1,3,2,31,6,1461,2,10,3,1,3
2.02E+12,2,9,0,5,0,8,0,0,0,0,3,1,6,2,25,5,1997,2,12,3,1,3
2.02E+12,1,3,0,15,0,1,0,0,0,0,1,1,1,1,30,6,125,1,4,1,1,1
2.02E+12,1,4,0,4,0,1,0,0,0,0,1,1,2,1,37,7,373,1,2,2,1,2
2.02E+12,2,9,0,17,0,1,0,0,0,0,4,1,6,1,21,5,1995,1,9,6,1,6
2.02E+12,1,9,0,7,0,5,0,0,0,0,4,1,2,1,32,6,1596,1,12,2,1,2
2.02E+12,1,9,0,18,0,8,0,0,0,0,3,1,2,2,41,7,1950,2,1,4,1,4
2.02E+12,1,9,0,18,0,1,0,0,0,0,1,1,4,1,42,7,1596,1,9,1,1,1
2.02E+12,1,9,0,9,0,1,0,0,0,0,4,1,6,2,30,6,1388,1,9,2,1,2
2.02E+12,2,9,0,10,0,1,0,0,0,0,4,1,6,2,73,10,1896,2,12,2,1,2
2.02E+12,3,9,0,13,0,1,0,0,0,0,3,1,6,1,20,4,1560,2,4,4,1,4
2.02E+12,1,9,0,18,0,2,0,0,0,0,1,1,6,2,27,6,1995,2,5,4,1,4
2.02E+12,1,19,0,9,0,1,0,0,0,0,1,1,1,1,54,8,1598,2,2,2,1,2
2.02E+12,2,3,0,18,0,1,0,0,0,0,1,1,1,1,28,6,124,1,5,7,1,7
2.02E+12,1,5,0,18,0,1,0,0,0,0,1,1,2,1,48,8,747,1,21,6,1,6
2.02E+12,2,9,0,11,0,1,0,0,0,0,4,1,6,1,32,6,1796,1,8,4,1,4
2.02E+12,1,9,0,18,0,1,0,0,0,0,0,1,1,1,34,6,1995,2,1,3,1,3
2.02E+12,3,9,0,18,0,8,0,0,0,0,1,1,6,2,37,7,1991,2,8,3,1,3
2.02E+12,1,9,0,17,0,1,0,0,0,0,3,1,6,1,69,10,1598,1,6,4,1,4
2.02E+12,1,4,0,18,0,2,0,0,0,0,1,1,2,1,31,6,125,1,4,4,1,4
2.02E+12,1,9,0,3,0,1,0,0,0,0,2,1,1,1,31,6,999,1,3,3,1,3
2.02E+12,2,9,0,18,0,1,0,0,0,0,1,1,2,1,22,5,1242,1,12,6,1,6
2.02E+12,1,9,0,18,0,2,0,0,0,0,1,1,6,2,23,5,1364,1,10,2,1,2
2.02E+12,2,19,0,3,0,2,0,0,0,0,2,1,1,1,28,6,1560,2,3,6,2,6
2.02E+12,3,9,0,3,0,2,0,4,0,0,2,1,6,1,47,8,3311,8,11,7,1,7
2.02E+12,1,19,0,3,0,1,0,0,0,0,0,1,1,1,39,7,2198,2,1,7,1,7
2.02E+12,1,9,0,18,0,1,0,0,0,0,1,1,6,2,45,7,2143,2,2,2,1,2
2.02E+12,2,9,0,18,0,2,0,0,0,0,1,1,6,2,68,10,1242,1,5,8,1,8
2.02E+12,1,5,0,14,0,1,2,0,0,0,1,1,2,1,42,7,998,1,1,9,1,9
2.02E+12,2,9,0,9,0,6,0,0,0,0,1,1,6,1,36,7,2198,2,11,6,1,6
2.02E+12,1,9,0,18,0,1,0,7,0,0,1,1,1,1,51,8,1997,2,5,5,1,5
2.02E+12,1,9,0,18,0,2,0,0,0,0,3,1,6,1,28,6,1995,2,3,4,1,4
2.02E+12,1,9,0,18,0,6,0,0,0,0,1,1,6,1,66,10,1686,2,5,2,1,2
2.02E+12,2,9,0,18,0,6,0,0,0,0,2,1,6,2,54,8,1797,8,3,3,1,3
2.02E+12,1,11,0,7,0,1,0,0,0,0,4,1,6,2,46,8,8268,2,13,2,1,2
2.02E+12,1,3,0,3,0,1,0,0,0,0,2,1,2,1,29,6,689,1,2,5,1,5
2.02E+12,2,9,0,18,0,1,0,0,0,0,1,1,6,1,72,10,1797,1,17,6,1,6
2.02E+12,1,11,0,4,2,1,0,0,0,0,0,1,6,1,30,6,4500,2,2,6,1,6
2.02E+12,1,11,0,5,0,1,0,0,0,0,0,1,1,1,56,9,4500,2,7,5,1,5
2.02E+12,1,9,0,9,0,2,0,0,0,0,3,2,1,2,36,7,1390,1,4,6,1,6
2.02E+12,1,3,0,9,0,5,0,0,0,0,1,1,6,1,16,4,244,1,14,2,1,2
2.02E+12,2,9,0,13,0,1,1,0,0,0,1,1,1,1,34,6,1997,2,3,4,1,4
2.02E+12,1,9,0,12,0,8,0,0,0,0,3,1,6,2,66,10,1390,1,13,6,1,6
2.02E+12,2,21,1,17,0,8,0,0,0,0,4,1,1,1,35,6,12777,2,7,1,1,1
2.02E+12,1,9,0,18,0,4,0,0,0,0,1,1,6,1,46,8,1995,2,5,10,1,10
2.02E+12,2,9,0,9,0,3,0,0,0,0,1,1,6,2,21,5,1199,1,14,5,1,5
2.02E+12,1,9,0,8,0,8,0,0,0,0,2,1,6,2,26,6,999,1,2,3,1,3
2.02E+12,2,9,0,18,0,8,0,0,0,0,1,1,6,2,72,10,1339,1,6,10,1,10
2.02E+12,3,9,0,18,0,2,0,0,0,0,4,1,6,1,25,5,1984,1,9,4,1,4
2.02E+12,1,11,0,7,0,2,0,0,0,0,1,1,1,1,34,6,3900,2,11,5,1,5
2.02E+12,2,19,0,3,0,2,0,0,0,0,2,1,1,1,58,9,2402,2,6,8,1,8
2.02E+12,1,9,0,18,0,1,0,0,0,0,1,1,6,2,25,5,1329,1,8,6,1,6
2.02E+12,2,19,0,3,0,1,0,0,0,0,2,1,1,1,29,6,1686,2,13,4,1,4
2.02E+12,1,3,0,18,0,1,1,0,0,0,1,1,6,1,34,6,108,1,5,4,1,4
2.02E+12,2,19,0,10,0,1,0,0,0,0,3,1,1,1,29,6,2287,2,2,2,1,2
2.02E+12,1,3,0,18,0,1,0,0,0,0,1,1,6,1,18,4,124,1,3,2,1,2
2.02E+12,2,9,0,9,0,2,0,0,0,0,3,2,6,1,58,9,1999,1,6,5,1,5
2.02E+12,1,9,0,5,0,1,0,0,0,0,1,1,1,1,34,6,1991,1,1,2,1,2
2.02E+12,2,9,0,9,0,1,0,0,0,0,4,1,6,2,37,7,1984,1,9,1,1,1
2.02E+12,1,9,0,18,0,8,0,0,0,0,3,1,6,1,22,5,1968,2,1,1,1,1
2.02E+12,2,9,0,9,0,6,0,0,0,0,1,1,6,2,61,9,1796,1,10,6,1,6
2.02E+12,1,11,0,5,0,8,0,0,0,0,4,1,1,1,49,8,6696,2,4,3,1,3
2.02E+12,2,3,0,5,0,8,5,0,0,0,1,1,6,1,19,4,125,1,2,3,1,3
2.02E+12,1,9,0,3,0,1,0,0,0,0,1,1,6,2,76,11,1149,1,9,9,1,9
2.02E+12,2,9,0,3,0,1,1,0,3,0,3,1,6,1,23,5,1242,1,6,10,1,10
2.02E+12,1,19,0,15,0,2,0,0,0,0,1,1,1,1,26,6,1560,2,3,4,1,4
2.02E+12,2,9,0,9,0,5,0,0,0,0,1,1,1,1,47,8,1968,2,4,2,1,2
2.02E+12,1,9,0,1,0,1,0,0,0,0,1,1,1,1,31,6,2967,2,2,2,1,2
2.02E+12,2,5,0,16,0,1,0,0,0,0,1,1,1,1,43,7,1050,1,1,5,1,5
2.02E+12,2,9,0,9,0,1,0,0,0,0,1,1,6,1,30,6,3239,1,18,2,1,2
2.02E+12,1,9,0,9,0,6,0,0,0,0,0,1,6,2,43,7,1360,1,15,1,1,1
2.02E+12,2,3,0,18,0,1,1,0,0,0,1,1,1,1,27,6,108,1,6,2,1,2
2.02E+12,1,9,0,4,0,1,0,0,1,10,1,1,2,2,52,8,1596,1,14,1,1,1
2.02E+12,1,5,0,4,0,8,0,0,0,0,1,1,2,1,33,6,600,1,15,6,1,6
2.02E+12,1,9,0,14,0,2,0,0,0,0,1,1,6,1,48,8,2987,2,10,5,1,5
2.02E+12,1,19,0,9,0,6,0,0,0,0,0,1,1,1,21,5,2143,2,3,9,1,9
2.02E+12,2,2,0,18,0,1,1,0,0,0,1,1,1,1,45,7,49,1,8,4,1,4
2.02E+12,1,9,0,18,0,3,0,0,0,0,1,1,2,1,57,9,1248,2,8,9,1,9
2.02E+12,3,9,0,4,0,3,0,0,0,0,2,1,6,2,58,9,2987,2,9,10,1,10
2.02E+12,4,9,0,4,0,3,0,0,0,0,2,1,6,2,27,6,1995,1,7,9,1,9
2.02E+12,1,11,0,18,0,8,0,0,0,0,1,1,1,1,47,8,4461,2,4,5,1,5
2.02E+12,2,9,0,3,0,1,0,0,0,0,1,1,6,1,35,6,1995,2,9,3,1,3
2.02E+12,1,9,0,9,0,2,1,0,1,7,1,1,6,2,24,5,2993,2,13,4,1,4
2.02E+12,1,9,0,5,0,8,0,0,0,0,1,1,6,1,54,8,1794,1,9,7,1,7
2.02E+12,2,3,0,18,0,2,0,0,0,0,3,1,6,2,19,4,125,1,2,7,1,7
2.02E+12,1,9,0,5,0,2,0,0,0,0,3,1,6,1,23,5,999,1,9,4,1,4
2.02E+12,2,3,0,18,0,2,2,0,0,0,1,1,2,1,20,4,124,1,2,4,1,4
2.02E+12,1,3,0,18,0,1,0,0,0,0,1,1,6,1,35,6,125,1,4,2,1,2
2.02E+12,1,9,0,18,0,8,0,0,0,0,1,1,6,1,19,4,1461,2,1,5,1,5
2.02E+12,2,9,0,5,0,8,0,0,0,0,1,1,6,1,58,9,1560,2,6,9,1,9
2.02E+12,1,3,0,5,0,1,0,0,0,0,0,1,2,1,21,5,125,1,9,4,1,4
2.02E+12,1,9,0,18,0,1,0,0,0,0,3,1,6,1,42,7,1364,2,8,2,1,2
2.02E+12,1,19,0,18,0,1,0,0,0,0,2,1,1,1,30,6,1968,2,2,3,1,3
2.02E+12,1,9,0,7,0,6,0,0,0,0,1,1,6,1,38,7,1598,1,6,6,1,6
2.02E+12,2,9,0,7,0,6,0,0,0,0,2,1,2,1,31,6,1598,1,15,9,1,9
2.02E+12,1,9,0,18,0,4,0,0,0,0,1,1,6,1,30,6,2993,2,2,4,1,4
2.02E+12,2,9,0,9,0,4,0,0,0,0,1,1,6,1,19,4,1248,2,7,5,1,5
2.02E+12,1,19,0,18,0,4,0,0,0,0,1,1,1,1,31,6,1995,2,4,3,1,3
2.02E+12,1,9,0,4,0,8,0,0,0,0,2,1,2,2,44,7,1598,1,12,2,1,2
2.02E+12,1,3,0,13,0,2,0,0,0,0,1,1,1,1,21,5,125,1,1,5,1,5
2.02E+12,2,9,0,4,0,2,0,0,0,0,3,1,1,2,29,6,1242,1,3,9,1,9
2.02E+12,1,3,0,14,0,1,0,0,0,0,1,1,6,1,26,6,125,1,10,2,1,2
2.02E+12,1,8,0,5,0,8,0,0,0,0,3,1,1,1,39,7,2143,2,5,8,1,8
2.02E+12,1,9,0,9,0,8,0,0,0,0,1,1,6,2,61,9,1968,2,13,5,1,5
2.02E+12,1,9,0,17,0,8,0,0,0,0,3,1,1,1,34,6,1956,2,2,8,1,8
2.02E+12,2,5,0,18,0,8,0,0,0,0,1,1,1,1,41,7,918,1,20,3,1,3
2.02E+12,1,19,0,5,0,8,0,0,0,0,2,1,1,2,26,6,1499,2,1,4,1,4
2.02E+12,3,9,0,18,0,8,0,0,0,0,1,1,6,1,73,10,1242,1,8,3,1,3
2.02E+12,4,9,0,3,0,8,0,0,0,0,1,1,6,1,21,5,1299,1,14,6,1,6
2.02E+12,1,9,0,7,0,4,0,0,0,0,1,1,6,1,57,9,4969,8,9,8,1,8
2.02E+12,2,5,0,11,0,8,0,0,0,0,2,1,2,1,34,6,745,1,2,2,1,2
2.02E+12,1,9,0,18,0,1,0,0,0,0,1,1,6,2,34,6,1398,1,6,3,1,3
2.02E+12,2,9,0,9,0,5,0,0,0,0,1,1,6,1,29,6,998,1,17,7,1,7
2.02E+12,1,9,0,18,0,1,0,0,0,0,1,1,2,1,34,6,1598,1,12,4,1,4
2.02E+12,2,9,0,3,0,1,0,0,0,0,2,1,6,1,50,8,1686,2,5,5,1,5
2.02E+12,1,9,0,16,0,2,0,0,1,10,1,1,6,1,56,9,2148,2,14,2,1,2
2.02E+12,1,4,0,18,2,8,2,10,1,2,3,1,6,1,20,4,125,1,10,2,1,2
2.02E+12,1,8,0,9,0,5,0,0,0,0,1,1,1,1,53,8,2143,2,2,4,1,4
2.02E+12,1,3,0,4,0,1,0,0,0,0,1,1,2,1,20,4,125,1,7,2,1,2
2.02E+12,1,8,0,1,0,1,0,0,0,0,2,1,1,1,67,10,1997,2,5,6,1,6
2.02E+12,1,9,0,18,0,1,0,0,0,0,4,1,6,1,69,10,1968,2,8,7,1,7
2.02E+12,2,9,0,18,0,1,0,0,0,0,1,1,6,2,23,5,998,1,3,6,1,6
2.02E+12,1,11,0,16,0,8,1,0,0,0,0,1,1,1,51,8,4500,2,1,2,1,2
2.02E+12,1,9,0,4,0,1,0,0,0,0,1,1,6,1,40,7,1798,1,14,4,3,4
2.02E+12,1,3,0,9,0,1,0,0,0,0,1,1,6,1,19,4,108,1,3,2,1,2
2.02E+12,2,9,0,9,0,1,0,0,0,0,3,1,6,1,34,6,1596,1,11,4,1,4
2.02E+12,1,8,0,9,0,5,0,0,0,0,1,1,6,1,46,8,1997,2,6,2,1,2
2.02E+12,2,5,0,18,2,1,0,0,0,0,1,1,6,1,50,8,1170,1,1,8,3,8
2.02E+12,1,8,0,9,0,1,0,0,0,0,2,1,6,1,28,6,2143,2,4,3,1,3
2.02E+12,2,9,0,18,0,1,0,0,0,0,1,1,1,1,27,6,1995,2,4,3,1,3
2.02E+12,1,9,0,8,0,1,0,0,0,0,1,1,4,2,55,8,1598,1,4,1,1,1
2.02E+12,1,9,0,18,0,6,0,0,0,0,3,1,6,2,45,7,2000,2,11,10,1,10
2.02E+12,2,19,0,9,0,2,0,0,0,0,1,1,1,1,24,5,2148,2,11,3,1,3
2.02E+12,1,5,0,18,0,1,0,0,0,0,1,1,6,1,23,5,660,1,7,3,1,3
2.02E+12,1,11,0,7,0,2,0,0,0,0,0,1,6,1,39,7,4760,2,6,3,1,3
2.02E+12,1,9,0,9,0,6,0,0,0,0,3,1,6,1,29,6,1995,2,9,8,1,8
2.02E+12,2,2,0,18,0,1,0,0,0,0,1,1,6,1,17,4,124,1,2,5,1,5
2.02E+12,1,9,0,9,0,6,0,0,0,0,3,1,6,1,37,7,3222,2,14,4,1,4
2.02E+12,2,4,0,18,0,5,0,0,0,0,1,1,6,1,23,5,471,1,3,3,1,3
2.02E+12,2,9,0,9,0,7,0,0,0,0,1,1,6,1,29,6,1461,2,3,4,1,4
2.02E+12,1,9,0,18,0,1,0,4,0,0,1,1,6,1,26,6,1998,1,13,2,1,2
2.02E+12,2,9,0,18,0,2,0,0,0,0,2,1,1,1,51,8,1896,2,8,3,1,3
2.02E+12,3,11,0,18,0,2,0,0,0,0,1,1,1,2,56,9,4500,2,5,3,1,3
2.02E+12,1,8,0,15,0,1,0,0,0,0,3,1,1,1,67,10,1997,2,6,1,1,1
2.02E+12,1,9,0,18,0,1,0,0,0,0,3,1,2,1,36,7,1997,2,4,2,1,2
2.02E+12,1,3,0,18,0,6,1,0,7,0,1,1,1,1,52,8,125,1,4,4,1,4
2.02E+12,2,9,0,18,0,5,0,0,0,0,3,1,2,1,33,6,1595,1,17,7,1,7
2.02E+12,1,5,0,13,0,1,0,0,0,0,4,1,2,1,31,6,599,1,19,9,1,9
2.02E+12,2,9,0,6,0,1,0,0,0,0,3,1,6,2,43,7,1598,1,5,3,1,3
2.02E+12,1,3,0,18,0,2,0,0,0,0,3,1,4,1,17,4,124,1,2,2,1,2
2.02E+12,2,9,0,18,0,2,0,0,0,0,4,1,6,1,29,6,2143,2,4,8,1,8
2.02E+12,1,9,0,10,0,1,0,0,0,0,1,1,2,1,47,8,1968,2,12,3,1,3
2.02E+12,1,90,0,16,0,2,0,0,0,0,2,1,1,1,27,6,1560,2,2,3,1,3
2.02E+12,3,9,0,8,0,1,0,0,0,0,2,1,2,2,37,7,2736,1,14,2,1,2
2.02E+12,1,19,0,9,0,1,0,0,0,0,1,1,1,1,42,7,1598,2,3,3,1,3
2.02E+12,2,9,0,18,0,1,0,0,0,0,1,1,1,1,43,7,2324,1,17,2,1,2
2.02E+12,1,9,0,9,0,5,0,0,0,0,3,1,3,1,76,11,1781,1,15,7,1,7
2.02E+12,1,8,0,18,0,8,0,0,0,0,3,1,1,1,68,10,2499,2,3,7,1,7
2.02E+12,2,8,0,18,0,8,0,0,0,0,1,1,1,1,38,7,1968,2,5,6,1,6
2.02E+12,1,9,0,18,0,8,0,0,0,0,1,1,6,2,48,8,1968,2,10,5,1,5
2.02E+12,1,9,0,6,0,1,0,0,0,0,1,1,2,1,54,8,1598,2,4,8,1,8
2.02E+12,2,5,0,13,0,1,0,0,7,9,1,1,2,1,23,5,599,1,15,8,3,8
2.02E+12,1,9,0,18,0,1,1,0,0,0,1,1,2,1,26,6,599,1,15,8,1,8
2.02E+12,2,9,0,13,0,1,1,10,0,0,4,1,6,1,75,10,1796,1,13,8,1,8
2.02E+12,3,11,0,4,0,2,0,0,0,0,3,1,1,1,56,9,4250,2,18,6,1,6
2.02E+12,1,9,0,18,0,3,0,0,1,0,1,1,1,1,62,9,1339,1,9,4,1,4
2.02E+12,2,9,0,18,0,3,0,0,1,0,3,1,6,1,57,9,1997,2,13,1,1,1