Accident_Index,Vehicle_Reference,Vehicle_Type,Towing_and_Articulation,Vehicle_Manoeuvre,Vehicle_Location-Restricted_Lane,Junction_Location,Skidding_and_Overturning,Hit_Object_in_Carriageway,Vehicle_Leaving_Carriageway,Hit_Object_off_Carriageway,1st_Point_of_Impact,Was_Vehicle_Left_Hand_Drive?,Journey_Purpose_of_Driver,Sex_of_Driver,Age_of_Driver,Age_Band_of_Driver,Engine_Capacity_(CC),Propulsion_Code,Age_of_Vehicle,Driver_IMD_Decile,Driver_Home_Area_Type,Vehicle_IMD_Decile
2.02E+12,1,4,0,9,0,6,0,0,0,0,1,1,6,1,67,10,500,1,62,8,1,8
2.02E+12,2,9,0,9,0,8,0,0,0,0,3,1,6,1,24,5,1600,1,10,2,1,2
2.02E+12,1,9,0,10,0,8,0,0,0,0,1,1,4,2,25,5,1229,1,4,8,1,8
2.02E+12,1,8,0,6,0,1,0,11,0,0,1,1,1,2,51,8,2402,2,15,6,1,6
2.02E+12,2,4,0,18,0,1,2,11,0,0,1,1,1,1,42,7,125,1,3,3,1,3
2.02E+12,1,21,1,5,0,1,0,0,0,0,1,1,1,1,32,6,12419,2,4,2,1,2
2.02E+12,1,9,0,5,0,1,0,0,0,0,4,1,6,2,32,6,1968,2,7,4,1,4
2.02E+12,1,9,0,9,0,5,0,0,0,0,1,1,6,1,32,6,1998,1,12,8,1,8
2.02E+12,1,9,0,10,0,5,0,0,0,0,2,1,2,2,34,6,1968,2,3,10,1,10
2.02E+12,1,3,0,18,0,2,0,0,0,0,1,1,2,1,29,6,125,1,6,2,1,2
2.02E+12,2,19,0,4,0,2,0,0,0,0,2,1,2,1,33,6,1598,2,1,4,2,4
2.02E+12,1,11,0,5,0,1,0,0,0,0,0,1,1,1,56,9,4760,2,4,1,1,1
2.02E+12,2,9,0,14,2,2,0,0,0,0,4,1,6,2,22,5,1598,2,6,2,1,2
2.02E+12,1,9,0,3,0,1,0,0,0,0,1,1,6,1,22,5,1149,1,12,2,1,2
2.02E+12,1,21,0,7,0,1,0,0,0,0,2,1,1,1,39,7,5880,2,9,3,1,3
2.02E+12,1,4,0,18,0,1,0,0,0,0,1,1,6,1,23,5,108,1,6,2,1,2
2.02E+12,1,9,0,9,0,8,0,0,0,0,3,1,6,2,38,7,1461,2,2,4,1,4
2.02E+12,1,9,0,5,0,1,0,0,0,0,2,1,2,1,25,5,1398,1,1,4,1,4
2.02E+12,2,9,0,5,0,1,0,0,0,0,1,1,6,2,45,7,2179,2,4,10,1,10
2.02E+12,1,9,0,9,0,6,0,0,0,0,1,1,6,1,21,5,1995,2,10,6,1,6
2.02E+12,2,5,0,14,0,1,0,0,0,0,4,1,6,1,58,9,1170,1,10,7,1,7
2.02E+12,1,4,0,14,0,1,0,0,0,0,1,1,2,1,55,8,471,1,4,4,1,4
2.02E+12,1,5,0,7,0,5,1,0,3,1,1,1,6,1,25,5,998,1,12,3,1,3
2.02E+12,2,9,0,5,0,6,0,0,0,0,3,1,6,1,30,6,1242,1,16,1,1,1
2.02E+12,1,9,0,18,0,1,0,0,0,0,1,1,6,1,78,11,1348,1,17,2,1,2
2.02E+12,2,9,0,7,0,1,0,0,0,0,1,2,6,2,53,8,1086,1,11,8,1,8
2.02E+12,1,3,0,14,0,8,0,0,0,0,1,1,6,1,28,6,124,1,4,3,1,3
2.02E+12,2,9,0,9,0,5,0,0,0,0,3,1,6,1,22,5,1198,1,10,2,1,2
2.02E+12,1,9,0,18,0,8,5,0,1,10,4,1,6,2,53,8,1341,1,20,8,1,8
2.02E+12,2,90,0,7,0,8,0,0,0,0,2,1,6,1,22,5,660,1,12,4,1,4
2.02E+12,1,8,0,3,0,1,0,0,0,0,2,1,6,1,56,9,2499,2,8,3,1,3
2.02E+12,2,9,0,4,0,1,0,0,0,0,1,1,6,1,48,8,1598,1,12,5,1,5
2.02E+12,1,8,0,18,0,1,0,0,0,0,3,1,6,1,34,6,1797,8,5,6,1,6
2.02E+12,2,9,0,15,0,6,0,0,0,0,1,1,6,1,25,5,1339,8,7,8,1,8
2.02E+12,1,3,0,18,0,2,2,4,0,0,1,1,6,1,44,7,124,1,2,9,1,9
2.02E+12,1,9,0,18,0,8,0,10,3,10,1,1,6,1,19,4,1995,2,4,2,1,2
2.02E+12,1,9,0,5,0,1,0,0,0,0,4,1,1,1,34,6,1956,2,6,10,1,10
2.02E+12,1,3,0,5,0,3,0,0,0,0,4,1,6,1,43,7,124,1,1,4,1,4
2.02E+12,1,9,0,14,0,8,0,0,0,0,4,1,6,2,31,6,1598,2,2,4,1,4
2.02E+12,1,9,0,18,0,2,0,0,0,0,1,2,3,2,36,7,647,8,3,9,1,9
2.02E+12,1,19,0,17,0,1,0,0,0,0,3,1,1,1,24,5,2198,2,2,2,1,2
2.02E+12,2,9,0,16,5,1,0,0,1,10,1,1,6,1,42,7,1499,2,1,7,1,7
2.02E+12,1,9,0,9,0,8,0,0,0,0,4,2,6,1,55,8,2143,2,4,6,1,6
2.02E+12,1,11,0,7,0,2,0,0,1,0,1,1,1,2,39,7,3900,2,14,2,1,2
2.02E+12,1,11,0,5,0,1,0,0,0,0,0,1,1,1,31,6,4500,2,2,3,1,3
2.02E+12,1,9,0,5,0,6,0,0,0,0,3,1,6,1,70,10,1997,2,2,1,1,1
2.02E+12,2,3,0,15,0,6,0,0,7,0,1,1,2,1,23,5,108,1,1,4,1,4
2.02E+12,1,11,0,5,0,5,0,0,0,0,0,1,1,1,31,6,4760,2,4,1,1,1
2.02E+12,1,9,0,18,0,4,0,0,0,0,3,1,6,2,25,5,1229,1,7,3,1,3
2.02E+12,1,9,0,17,9,8,0,11,0,0,1,1,6,1,64,9,1390,1,15,2,1,2
2.02E+12,1,9,0,18,0,1,0,0,0,0,1,1,6,2,23,5,1995,2,12,6,1,6
2.02E+12,1,11,0,8,0,1,0,0,0,0,2,1,1,1,47,8,3900,2,12,1,1,1
2.02E+12,1,9,0,9,0,8,0,0,0,0,3,1,6,1,55,8,2993,2,5,10,1,10
2.02E+12,2,2,0,13,0,8,0,0,7,0,1,1,1,1,18,4,108,1,4,5,1,5
2.02E+12,1,3,0,18,0,1,0,4,0,0,1,1,6,1,33,6,124,1,4,5,1,5
2.02E+12,2,9,0,3,0,1,0,0,0,0,2,1,1,1,49,8,1496,2,1,5,1,5
2.02E+12,1,9,0,18,0,2,0,0,0,0,1,1,6,2,36,7,1910,2,11,3,1,3
2.02E+12,1,9,0,1,0,8,0,0,0,0,2,1,6,1,21,5,995,1,5,3,1,3
2.02E+12,1,9,0,9,0,1,0,0,0,0,3,1,1,1,46,8,2143,2,1,3,1,3
2.02E+12,1,9,0,14,0,2,0,0,0,0,1,1,6,1,22,5,1598,1,3,5,1,5
2.02E+12,1,11,0,5,0,1,0,0,0,0,3,1,1,1,35,6,7300,2,15,3,1,3
2.02E+12,1,9,0,18,0,1,0,0,0,0,0,1,6,1,21,5,1598,1,4,8,1,8
2.02E+12,2,2,0,9,0,1,1,0,0,0,3,1,1,1,32,6,108,1,3,2,1,2
2.02E+12,1,9,0,18,0,1,0,0,0,0,4,1,6,1,23,5,1198,1,10,4,1,4
2.02E+12,1,9,0,3,0,4,0,0,0,0,2,2,6,1,28,6,1388,1,7,2,1,2
2.02E+12,1,9,0,9,0,2,0,0,0,0,1,1,6,1,21,5,1997,2,4,2,1,2
2.02E+12,1,9,0,10,0,1,0,0,3,0,1,1,6,2,33,6,1685,2,6,2,1,2
2.02E+12,2,9,0,11,0,8,0,0,0,0,4,1,6,1,38,7,5461,1,3,5,1,5
2.02E+12,1,9,0,6,0,1,0,0,0,0,1,1,6,2,23,5,1364,1,10,4,1,4
2.02E+12,2,9,0,18,0,1,0,0,0,0,1,1,6,2,24,5,1200,1,1,3,1,3
2.02E+12,1,9,0,18,0,1,0,0,0,0,1,1,6,1,32,6,1781,1,18,5,1,5
2.02E+12,2,9,0,9,0,8,0,0,0,0,4,1,6,1,22,5,1798,8,1,7,1,7
2.02E+12,1,9,0,9,0,5,0,0,0,0,1,1,2,1,30,6,1798,8,1,6,1,6
2.02E+12,2,9,0,13,0,1,0,0,7,10,1,1,6,1,40,7,1762,1,18,3,1,3
2.02E+12,1,9,0,4,0,1,0,0,0,0,2,1,6,1,47,8,1596,1,7,7,1,7
2.02E+12,1,2,0,18,0,1,1,0,0,0,0,1,6,1,33,6,125,1,11,1,1,1
2.02E+12,1,9,0,4,0,1,0,0,0,0,2,1,2,2,39,7,1386,1,11,4,1,4
2.02E+12,1,9,0,18,0,1,0,11,0,0,1,1,6,1,25,5,1598,1,11,1,1,1
2.02E+12,1,9,0,9,0,6,0,0,0,0,2,1,6,2,39,7,1968,2,8,10,1,10
2.02E+12,1,8,0,3,0,1,0,0,0,0,2,1,2,1,49,8,1598,2,4,2,1,2
2.02E+12,1,9,0,7,0,3,0,0,0,0,4,2,6,2,74,10,1368,1,6,7,1,7
2.02E+12,2,3,0,18,0,1,0,0,1,10,3,1,6,1,21,5,689,1,1,2,1,2
2.02E+12,1,3,0,18,0,8,0,4,0,0,1,1,6,1,17,4,125,1,4,5,1,5
2.02E+12,2,9,0,10,0,8,0,0,0,0,1,1,1,1,45,7,1798,8,3,2,1,2
2.02E+12,1,9,0,9,0,8,0,0,0,0,3,1,6,2,44,7,2720,2,9,4,1,4
2.02E+12,2,3,0,18,0,8,1,0,0,0,1,1,2,1,21,5,108,1,2,1,1,1
2.02E+12,1,9,0,4,0,1,0,0,0,0,3,1,6,2,39,7,1299,1,16,3,1,3
2.02E+12,2,9,0,15,0,8,0,0,0,0,4,1,6,1,31,6,1968,2,5,4,1,4
2.02E+12,2,9,0,3,0,8,0,0,0,0,2,1,6,1,38,7,1995,2,7,2,1,2
2.02E+12,3,9,0,18,0,8,0,0,0,0,1,1,6,1,30,6,1598,1,6,4,1,4
2.02E+12,2,9,0,3,0,1,0,0,0,0,2,1,6,1,22,5,1400,2,10,6,1,6
2.02E+12,1,9,0,9,0,1,0,0,0,0,1,1,1,1,42,7,1686,2,3,3,1,3
2.02E+12,1,9,0,7,0,2,5,4,0,0,4,1,6,2,40,7,1595,1,7,4,1,4
2.02E+12,2,11,0,15,0,1,0,0,0,0,4,1,1,1,55,8,4461,2,4,7,1,7
2.02E+12,3,19,0,13,0,1,0,0,0,0,0,1,1,2,44,7,2198,2,1,6,1,6
2.02E+12,1,8,0,4,0,1,0,0,0,0,3,1,1,1,28,6,1798,8,5,2,1,2
2.02E+12,1,4,0,9,0,2,0,0,0,0,4,1,6,1,37,7,125,1,2,3,1,3
2.02E+12,2,3,0,18,0,1,0,0,0,0,1,1,6,1,21,5,124,1,7,2,1,2
2.02E+12,1,9,0,3,0,2,0,0,0,0,2,1,6,1,32,6,1197,1,1,8,1,8
2.02E+12,1,9,0,18,0,1,0,0,0,0,1,1,6,1,41,7,1596,1,10,3,1,3
2.02E+12,2,3,0,18,0,1,0,0,0,0,3,1,1,1,29,6,125,1,2,3,1,3
2.02E+12,1,9,0,18,0,1,0,0,0,0,4,1,6,1,59,9,1298,1,43,4,1,4
2.02E+12,1,9,0,4,0,1,0,0,0,0,1,1,1,1,28,6,2993,2,2,4,1,4
2.02E+12,1,8,0,18,0,1,0,0,0,0,1,1,6,1,43,7,1560,2,2,2,1,2
2.02E+12,2,9,0,9,0,1,0,0,0,0,1,1,6,2,30,6,2400,2,8,3,1,3
2.02E+12,1,9,0,7,0,2,0,0,0,0,3,1,6,1,66,10,1956,2,8,5,1,5
2.02E+12,1,3,0,3,0,1,0,4,0,0,1,1,6,1,21,5,108,1,3,3,1,3
2.02E+12,2,9,0,1,0,1,0,0,0,0,2,1,6,1,49,8,3799,1,4,1,1,1
2.02E+12,1,9,0,5,0,2,0,0,0,0,1,1,6,1,27,6,1951,2,16,8,1,8
2.02E+12,1,9,0,5,0,1,0,0,0,0,1,1,2,1,52,8,1973,1,16,8,1,8
2.02E+12,1,9,0,18,0,1,0,0,0,0,1,1,1,1,32,6,1388,1,18,2,1,2
2.02E+12,1,11,0,5,2,1,0,0,0,0,0,1,1,1,45,7,6692,2,6,1,1,1
2.02E+12,1,4,0,18,0,8,2,0,0,0,4,1,6,1,32,6,124,1,14,1,1,1
2.02E+12,2,9,0,8,0,1,0,0,0,0,1,2,6,2,41,7,1769,1,15,2,1,2
2.02E+12,3,9,0,18,0,1,0,0,0,0,1,2,6,1,30,6,2204,2,11,6,1,6
2.02E+12,1,3,0,18,0,1,1,0,0,0,3,1,1,1,29,6,125,1,1,7,1,7
2.02E+12,2,9,0,7,0,1,0,0,0,0,3,1,6,1,30,6,999,1,2,5,1,5
2.02E+12,2,9,0,18,0,8,0,0,0,0,3,1,6,1,28,6,1798,1,8,9,1,9
2.02E+12,1,4,0,13,0,8,0,10,0,0,1,1,6,1,22,5,125,1,9,2,1,2
2.02E+12,1,9,0,9,0,2,0,0,0,0,3,1,6,1,19,4,1598,2,4,1,1,1
2.02E+12,1,9,0,9,0,8,0,0,0,0,1,1,6,1,20,4,1956,2,1,3,1,3
2.02E+12,1,9,0,18,0,1,0,4,0,0,1,1,6,1,18,4,1199,1,14,5,1,5
2.02E+12,2,9,0,3,0,1,0,0,0,0,2,1,6,1,32,6,1968,2,7,8,1,8
2.02E+12,1,11,0,4,0,1,0,0,0,0,0,1,1,1,59,9,5132,2,2,2,1,2
2.02E+12,1,8,0,9,0,5,0,0,0,0,1,1,1,1,21,5,1790,8,5,3,1,3
2.02E+12,2,9,0,18,0,4,0,0,0,0,3,1,6,2,31,6,1997,2,12,1,3,1
2.02E+12,1,90,0,18,0,2,0,0,0,0,1,1,1,1,54,8,2198,2,2,2,1,2
2.02E+12,1,9,0,5,0,1,0,0,0,0,4,1,2,1,32,6,2143,2,2,4,1,4
2.02E+12,1,4,0,15,0,1,0,0,0,0,3,1,2,1,62,9,279,1,4,4,1,4
2.02E+12,1,5,0,7,0,5,0,0,1,0,1,1,2,1,41,7,680,1,9,2,1,2
2.02E+12,1,4,0,9,0,8,0,4,0,0,1,1,2,1,26,6,400,1,26,2,1,2
2.02E+12,2,9,0,18,0,8,0,0,0,0,4,1,2,1,22,5,1995,2,11,4,1,4
2.02E+12,1,9,0,9,0,1,0,0,0,0,1,1,6,2,17,4,1242,1,5,5,1,5
2.02E+12,2,9,0,3,0,1,0,0,0,0,1,1,6,1,43,7,1198,1,8,4,1,4
2.02E+12,1,9,0,18,0,1,0,0,0,0,1,1,6,2,51,8,1497,8,10,4,1,4
2.02E+12,1,8,0,18,0,2,0,0,0,0,1,1,6,1,59,9,2499,2,2,9,1,9
2.02E+12,1,19,0,7,0,6,0,0,0,0,3,1,1,1,47,8,2143,2,5,3,1,3
2.02E+12,1,9,0,7,0,6,0,0,0,0,3,1,6,1,45,7,2231,2,10,1,1,1
2.02E+12,2,3,0,15,0,2,0,0,0,0,1,1,1,1,27,6,124,1,1,5,1,5
2.02E+12,1,9,0,1,0,1,0,0,0,0,2,1,6,2,54,8,1242,1,8,5,1,5
2.02E+12,1,9,0,3,0,1,0,0,0,0,3,1,6,2,33,6,1596,1,17,3,1,3
2.02E+12,1,9,0,10,0,4,0,0,0,0,2,1,6,1,37,7,1796,1,15,9,1,9
2.02E+12,2,9,0,18,0,4,0,0,0,0,1,1,1,1,25,5,1560,2,7,7,1,7
2.02E+12,1,8,0,7,0,5,0,0,0,0,1,1,1,1,42,7,1997,2,6,3,1,3
2.02E+12,1,11,0,4,0,8,0,0,0,0,0,1,6,1,43,7,9200,2,12,8,3,8
2.02E+12,2,9,0,3,0,1,0,0,0,0,3,1,1,1,42,7,1997,2,3,2,1,2
2.02E+12,1,19,0,6,0,1,0,0,0,0,3,2,1,1,44,7,1560,2,2,2,1,2
2.02E+12,1,9,0,1,0,1,0,0,0,0,2,1,6,1,17,4,1968,2,12,2,1,2
2.02E+12,1,8,0,7,0,8,0,0,0,0,1,1,1,1,24,5,1497,8,9,3,1,3
2.02E+12,1,9,0,9,0,2,0,10,0,0,1,1,1,2,59,9,1598,2,3,9,1,9
2.02E+12,2,2,0,18,0,1,2,0,0,0,1,1,6,1,18,4,125,1,17,2,1,2
2.02E+12,1,9,0,16,0,6,1,10,0,0,1,1,6,2,48,8,2429,1,12,2,1,2
2.02E+12,2,9,0,4,0,1,0,0,0,0,3,1,6,1,57,9,2993,2,2,10,1,10
2.02E+12,1,9,0,18,0,8,0,0,0,0,1,1,6,2,45,7,1988,1,13,6,2,6
2.02E+12,1,9,0,9,0,8,1,0,0,0,3,1,6,2,20,4,1149,1,4,9,1,9
2.02E+12,2,9,0,13,0,3,1,0,1,1,1,1,6,1,32,6,2993,2,2,6,1,6
2.02E+12,1,9,0,3,0,1,0,4,0,0,2,1,6,2,26,6,1595,1,5,2,1,2
2.02E+12,1,9,0,7,0,1,0,0,0,0,3,1,3,1,48,8,2143,2,1,5,1,5
2.02E+12,2,5,0,15,0,1,0,0,0,0,1,1,2,1,43,7,750,1,6,1,1,1
2.02E+12,1,9,0,4,0,1,0,0,0,0,2,1,3,2,36,7,1995,2,8,5,1,5
2.02E+12,2,9,0,4,0,1,0,0,0,0,1,1,6,1,18,4,1422,2,13,4,1,4
2.02E+12,1,9,0,7,0,2,0,0,0,0,0,1,6,2,45,7,999,1,1,5,1,5
2.02E+12,2,9,0,9,0,6,0,0,0,0,1,1,6,1,24,5,1797,8,3,6,1,6
2.02E+12,1,9,0,18,0,6,0,0,0,0,1,1,6,1,20,4,1796,1,12,3,1,3
2.02E+12,2,9,0,9,0,1,0,0,0,0,1,1,6,2,35,6,1360,1,12,2,1,2
2.02E+12,1,3,0,4,0,1,1,0,0,0,4,1,2,1,28,6,125,1,10,2,1,2
2.02E+12,1,3,0,5,0,1,0,0,0,0,2,1,6,1,25,5,125,1,10,3,1,3
2.02E+12,1,9,0,16,0,6,0,0,0,0,4,1,2,1,36,7,1686,2,6,2,1,2
2.02E+12,1,9,0,18,0,1,0,0,0,0,1,1,6,1,26,6,2993,2,1,2,1,2
2.02E+12,1,9,0,18,0,1,0,0,0,0,4,1,6,1,23,5,1995,1,8,4,1,4
2.02E+12,2,19,0,10,0,8,0,0,0,0,1,1,6,1,41,7,2198,2,6,5,1,5
2.02E+12,2,9,0,7,0,8,0,0,0,0,0,1,6,1,32,6,1499,2,1,4,1,4
2.02E+12,1,9,0,9,0,6,0,0,0,0,1,1,3,2,40,7,1390,1,15,6,1,6
2.02E+12,2,9,0,18,0,1,0,0,7,0,1,1,6,2,48,8,1197,1,1,10,1,10
2.02E+12,1,9,0,18,0,2,0,0,0,0,3,1,2,2,48,8,1600,1,24,4,1,4
2.02E+12,1,9,0,18,0,1,0,0,0,0,1,1,6,2,40,7,1240,1,13,6,1,6
2.02E+12,2,9,0,18,0,8,0,0,1,2,4,1,6,1,39,7,1995,2,8,3,1,3
2.02E+12,1,9,0,5,0,2,0,0,0,0,1,1,2,2,35,6,2000,2,12,9,1,9
2.02E+12,1,11,0,5,0,1,0,0,0,0,0,2,1,1,45,7,4500,2,6,3,1,3
2.02E+12,1,8,0,6,0,1,0,0,0,0,1,1,1,1,41,7,1797,8,6,3,1,3
2.02E+12,2,2,0,18,0,2,0,0,0,0,4,1,2,1,43,7,599,1,9,2,1,2
2.02E+12,1,11,0,5,0,6,0,0,0,0,0,1,2,1,56,9,4461,2,3,3,1,3
2.02E+12,2,19,0,3,0,1,0,0,0,0,4,1,1,1,28,6,1560,2,1,10,1,10
2.02E+12,3,9,0,3,0,1,0,0,0,0,2,1,2,2,42,7,1998,1,9,2,1,2
2.02E+12,4,11,0,3,2,1,0,0,0,0,3,1,1,1,40,7,4500,2,8,6,1,6
2.02E+12,1,8,0,5,2,1,0,0,0,0,1,1,6,1,29,6,1997,2,5,9,1,9
2.02E+12,2,9,0,18,0,8,0,0,0,0,1,1,6,1,23,5,1800,8,4,3,1,3
2.02E+12,1,11,0,4,0,2,0,0,0,0,0,1,6,1,30,6,6700,2,7,2,1,2
2.02E+12,1,9,0,7,0,6,5,10,0,0,1,1,6,2,62,9,2179,2,10,7,3,7
2.02E+12,1,9,0,18,0,1,0,0,0,0,1,1,6,1,22,5,1798,8,1,6,1,6
2.02E+12,1,4,0,5,0,1,0,0,0,0,1,1,6,1,29,6,645,1,14,3,1,3
2.02E+12,1,9,0,18,0,1,0,0,3,0,1,1,6,1,51,8,998,1,20,5,1,5
2.02E+12,2,21,0,18,0,1,0,0,0,0,3,1,1,1,45,7,6692,2,6,4,1,4
2.02E+12,3,9,0,4,0,1,0,0,0,0,3,1,6,2,40,7,1997,2,12,6,2,6
2.02E+12,1,11,0,18,0,8,0,0,0,0,0,1,1,1,44,7,4500,2,2,2,1,2
2.02E+12,1,9,0,18,0,8,0,0,0,0,1,1,6,1,20,4,1796,1,11,5,1,5
2.02E+12,1,9,0,18,0,8,0,4,1,1,1,1,6,1,28,6,1995,2,1,1,1,1
2.02E+12,2,19,0,18,0,8,0,0,0,0,2,1,6,1,57,9,1686,2,13,3,1,3
2.02E+12,3,9,0,18,0,8,0,0,0,0,2,1,6,2,35,6,1197,1,2,7,1,7
2.02E+12,1,11,0,18,0,3,0,0,0,0,1,1,1,1,60,9,10837,2,2,4,1,4
2.02E+12,1,9,0,4,0,1,0,0,0,0,2,1,1,1,36,7,1339,1,13,3,1,3
2.02E+12,1,9,0,10,0,2,0,0,0,0,1,1,2,1,24,5,1598,2,2,3,1,3
2.02E+12,2,5,0,13,0,2,1,0,0,0,4,1,6,2,28,6,296,1,3,8,1,8
2.02E+12,4,9,0,18,0,1,5,4,7,2,1,1,6,1,35,6,1896,2,16,3,1,3
2.02E+12,1,9,0,5,0,3,0,0,0,0,1,1,2,1,42,7,1798,1,13,10,1,10
2.02E+12,1,9,0,18,0,8,0,0,0,0,1,1,6,2,46,8,1200,1,1,6,3,6
2.02E+12,2,9,0,18,0,8,0,0,7,0,1,1,6,2,46,8,1398,2,10,7,3,7
2.02E+12,1,9,0,4,0,1,0,0,0,0,1,1,6,1,41,7,1598,1,2,2,1,2
2.02E+12,1,9,0,3,5,1,0,0,0,0,1,1,6,1,35,6,1968,2,5,2,1,2
2.02E+12,1,11,0,3,0,1,0,0,0,0,0,1,1,1,52,8,4461,2,4,3,1,3
2.02E+12,1,9,0,3,0,1,0,4,0,0,2,1,6,1,33,6,2993,2,4,3,1,3
2.02E+12,2,9,0,18,0,1,0,4,0,0,1,1,6,1,21,5,1995,2,2,1,1,1
2.02E+12,3,9,0,10,0,1,0,0,0,0,2,1,6,1,37,7,2204,2,9,3,1,3
2.02E+12,1,5,0,18,0,8,1,4,0,0,1,1,6,1,30,6,998,1,8,3,1,3
2.02E+12,1,9,0,9,0,6,0,0,0,0,1,1,3,2,55,8,1795,1,12,2,1,2
2.02E+12,2,2,0,4,0,8,0,0,0,0,1,1,2,2,35,6,50,1,1,2,1,2
2.02E+12,1,9,0,18,0,8,0,0,0,0,1,1,6,1,35,6,2996,1,10,10,1,10
2.02E+12,2,9,0,18,0,1,0,0,0,0,1,1,6,2,39,7,1248,2,9,5,1,5
2.02E+12,1,9,0,18,0,2,0,0,0,0,1,1,6,2,74,10,2401,2,13,6,1,6
2.02E+12,1,9,0,5,0,1,0,0,1,10,1,1,3,2,45,7,1598,1,9,4,1,4
2.02E+12,1,8,0,9,4,5,0,0,0,0,4,1,1,1,43,7,1797,8,7,1,1,1
2.02E+12,1,90,0,14,0,8,0,0,0,0,1,1,6,1,25,5,2987,2,2,7,1,7
2.02E+12,1,11,0,5,0,5,0,0,0,0,0,1,1,1,40,7,4760,2,3,1,1,1
2.02E+12,1,8,0,6,0,2,0,0,0,0,3,1,1,1,39,7,2402,2,12,2,1,2
2.02E+12,2,9,0,18,0,2,0,0,0,0,1,1,2,2,27,6,1598,1,11,6,1,6
2.02E+12,1,10,0,18,0,1,0,0,0,0,1,1,1,1,50,8,2998,2,10,2,1,2
2.02E+12,1,9,0,18,0,8,0,0,0,0,1,1,6,1,34,6,1995,2,7,5,1,5
2.02E+12,1,9,0,5,0,1,1,0,0,0,3,1,6,2,68,10,1998,1,12,5,1,5
2.02E+12,2,9,0,18,0,1,0,0,0,0,3,1,3,2,32,6,1896,2,13,4,1,4
2.02E+12,3,9,0,18,0,1,0,0,0,0,3,1,2,2,35,6,1995,2,13,9,1,9
2.02E+12,1,9,0,6,0,1,0,0,0,0,3,1,6,1,43,7,1995,2,2,9,1,9
2.02E+12,2,4,0,15,0,1,0,0,0,0,1,1,6,1,18,4,124,1,9,7,1,7
2.02E+12,1,9,0,9,0,5,0,0,0,0,3,1,6,1,27,6,1998,1,14,6,1,6
2.02E+12,1,9,0,18,0,1,0,0,0,0,4,1,2,1,56,9,2993,2,6,7,1,7
2.02E+12,1,9,0,9,0,1,0,0,0,0,4,1,6,1,33,6,1796,1,11,4,1,4
2.02E+12,1,9,0,9,4,1,0,0,0,0,1,1,3,2,33,6,2979,1,13,3,1,3
2.02E+12,1,9,0,5,0,8,0,0,0,0,1,1,6,2,44,7,647,8,2,8,1,8
2.02E+12,1,9,0,9,0,1,0,0,0,0,1,1,1,2,43,7,1995,2,3,4,1,4
2.02E+12,1,9,0,16,0,2,5,10,1,1,1,1,2,1,43,7,1598,2,3,2,1,2
2.02E+12,1,9,0,18,0,1,0,10,0,0,4,1,6,1,27,6,1995,2,7,9,1,9
2.02E+12,1,9,0,9,0,2,0,0,0,0,1,1,6,1,23,5,1596,1,17,5,1,5
2.02E+12,1,8,0,6,0,2,0,0,0,0,1,1,1,1,46,8,2499,2,9,2,1,2
2.02E+12,1,9,0,18,0,1,0,0,0,0,1,1,2,2,25,5,1397,1,8,2,1,2
2.02E+12,1,9,0,16,0,1,0,0,0,0,1,1,2,1,54,8,1796,1,12,6,1,6
2.02E+12,1,9,0,18,0,2,0,4,0,0,1,1,2,2,81,11,1390,1,9,6,1,6
2.02E+12,1,9,0,18,0,1,0,0,0,0,1,1,6,1,23,5,1598,2,2,1,1,1
2.02E+12,2,9,0,11,0,1,0,0,1,1,1,1,6,1,28,6,1598,2,4,1,1,1
2.02E+12,1,9,0,9,0,1,0,0,0,0,2,1,6,1,61,9,1985,1,15,5,1,5
2.02E+12,2,9,0,18,0,1,0,0,0,0,2,1,6,2,39,7,998,1,3,2,1,2
2.02E+12,3,9,0,18,0,1,0,0,0,0,1,1,6,1,24,5,1461,2,2,7,1,7
2.02E+12,1,9,0,16,0,3,0,0,0,0,1,1,6,1,19,4,1364,1,8,2,1,2
2.02E+12,2,9,0,18,0,1,0,0,0,0,1,1,3,2,40,7,1490,1,9,2,1,2
2.02E+12,1,5,0,18,0,1,0,0,0,0,0,1,6,1,52,8,865,1,12,9,1,9
2.02E+12,1,11,0,18,0,8,0,0,0,0,0,1,1,1,34,6,4461,2,3,1,1,1
2.02E+12,1,9,0,9,0,8,0,0,0,0,4,1,6,2,24,5,1229,1,12,2,1,2
2.02E+12,1,9,0,3,0,1,0,0,0,0,2,1,6,1,40,7,1598,1,15,4,1,4
2.02E+12,1,4,3,18,0,2,0,0,0,0,3,1,6,1,43,7,249,1,4,7,1,7
2.02E+12,2,9,0,10,0,5,0,0,0,0,1,1,6,1,50,8,1799,1,18,7,1,7
2.02E+12,1,9,0,18,0,1,5,7,0,0,1,1,2,2,21,5,1229,1,10,5,1,5
2.02E+12,1,8,0,3,0,2,0,0,0,0,2,1,1,1,39,7,1997,2,5,3,1,3
2.02E+12,1,9,0,4,0,4,0,7,0,0,1,1,6,2,19,4,999,1,1,2,1,2
2.02E+12,2,9,0,6,0,8,0,0,0,0,4,1,6,1,50,8,1397,1,13,4,1,4
2.02E+12,1,9,0,10,0,1,1,0,0,0,1,1,6,1,63,9,1198,1,4,2,1,2
2.02E+12,1,5,0,13,0,2,0,0,0,0,1,1,6,1,43,7,998,1,10,4,1,4
2.02E+12,2,9,0,3,0,2,0,0,0,0,2,1,6,2,40,7,1390,1,13,6,1,6