Accident_Index,Vehicle_Reference,Vehicle_Type,Towing_and_Articulation,Vehicle_Manoeuvre,Vehicle_Location-Restricted_Lane,Junction_Location,Skidding_and_Overturning,Hit_Object_in_Carriageway,Vehicle_Leaving_Carriageway,Hit_Object_off_Carriageway,1st_Point_of_Impact,Was_Vehicle_Left_Hand_Drive?,Journey_Purpose_of_Driver,Sex_of_Driver,Age_of_Driver,Age_Band_of_Driver,Engine_Capacity_(CC),Propulsion_Code,Age_of_Vehicle,Driver_IMD_Decile,Driver_Home_Area_Type,Vehicle_IMD_Decile
2.02E+12,1,9,0,9,0,8,0,0,1,1,4,1,6,1,24,5,1968,2,3,8,1,8
2.02E+12,1,9,0,18,0,8,0,0,0,0,1,1,1,1,38,7,1339,8,5,1,1,1
2.02E+12,2,19,0,9,0,1,0,0,0,0,1,1,1,1,48,8,1598,2,5,9,1,9
2.02E+12,1,11,0,5,0,1,0,0,0,0,0,1,1,1,33,6,9000,2,8,7,1,7
2.02E+12,1,9,0,14,0,1,1,4,0,0,1,1,6,2,35,6,998,1,11,4,1,4
2.02E+12,2,9,0,4,0,1,1,0,0,0,2,1,6,1,31,6,1797,8,2,3,1,3
2.02E+12,3,9,0,4,0,1,0,0,0,0,2,1,6,1,25,5,1497,8,9,2,1,2
2.02E+12,1,9,0,5,0,8,0,0,0,0,1,1,6,1,30,6,1998,1,1,4,1,4
2.02E+12,1,19,0,7,0,5,0,0,0,0,2,1,1,1,27,6,1968,2,4,6,1,6
2.02E+12,1,9,0,3,0,1,0,0,0,0,2,1,6,1,25,5,1798,8,1,2,1,2
2.02E+12,1,5,0,18,2,8,0,0,0,0,1,1,2,2,42,7,649,1,2,8,1,8
2.02E+12,2,9,0,9,0,8,0,0,0,0,2,1,6,1,44,7,3456,8,6,2,1,2
2.02E+12,1,8,0,3,0,1,0,0,0,0,3,1,1,1,47,8,1798,8,4,4,1,4
2.02E+12,1,9,0,14,0,8,0,0,0,0,1,1,6,2,29,6,1796,1,9,3,1,3
2.02E+12,1,9,0,9,0,8,0,0,0,0,1,1,2,2,45,7,1395,1,1,5,1,5
2.02E+12,2,5,0,9,0,6,0,0,0,0,2,1,2,1,31,6,599,1,2,7,1,7
2.02E+12,1,9,0,7,0,1,0,0,0,0,1,1,6,2,47,8,998,1,3,6,1,6
2.02E+12,1,19,0,3,0,1,0,0,0,0,2,1,1,1,54,8,1753,2,9,10,3,10
2.02E+12,2,9,0,3,0,1,0,4,0,0,2,1,1,1,42,7,1995,2,3,10,1,10
2.02E+12,3,9,0,4,0,1,0,4,0,0,1,1,6,2,45,7,1896,2,11,5,1,5
2.02E+12,1,9,0,9,0,8,0,0,0,0,1,1,6,1,29,6,1493,2,10,3,1,3
2.02E+12,2,9,0,18,0,1,0,0,0,0,1,1,6,2,57,9,1197,1,3,5,1,5
2.02E+12,2,9,0,6,0,1,0,0,0,0,1,1,2,1,31,6,1598,1,7,1,1,1
2.02E+12,1,9,0,7,0,1,0,0,0,0,4,1,1,1,47,8,1870,2,13,3,1,3
2.02E+12,1,9,0,18,0,1,0,0,0,0,1,1,6,1,51,8,1995,1,14,3,1,3
2.02E+12,2,8,0,9,0,5,0,0,0,0,1,1,1,1,32,6,1968,2,4,2,1,2
2.02E+12,1,8,0,3,0,1,0,0,0,0,3,1,1,1,54,8,2499,2,7,5,1,5
2.02E+12,2,8,0,11,0,1,0,0,0,0,4,1,1,1,44,7,1560,2,5,5,1,5
2.02E+12,3,9,0,3,0,1,0,0,0,0,0,1,1,1,47,8,1560,2,3,5,1,5
2.02E+12,1,9,0,18,0,1,0,0,0,0,3,1,6,2,33,6,1596,1,9,4,1,4
2.02E+12,1,9,0,5,0,4,0,11,0,0,1,1,1,1,52,8,1796,1,11,2,1,2
2.02E+12,1,11,0,7,2,8,0,0,0,0,0,1,1,1,50,8,6700,2,5,3,1,3
2.02E+12,1,9,0,18,0,2,0,0,0,0,1,1,6,1,48,8,1796,1,11,5,1,5
2.02E+12,1,9,0,18,0,4,0,0,0,0,3,1,6,2,34,6,1198,1,14,5,1,5
2.02E+12,2,8,0,18,0,4,0,0,0,0,1,1,1,1,80,11,2499,2,10,5,1,5
2.02E+12,1,5,0,16,0,1,0,10,0,0,3,1,2,1,49,8,400,1,1,2,1,2
2.02E+12,2,8,0,18,0,1,0,0,0,0,2,1,6,1,49,8,2148,2,8,8,1,8
2.02E+12,1,19,0,7,0,5,0,0,0,0,4,1,1,1,20,4,1598,2,1,8,2,8
2.02E+12,1,5,0,18,0,2,1,0,0,0,1,1,6,1,33,6,1312,1,14,4,1,4
2.02E+12,2,8,0,3,0,2,0,0,0,0,2,1,6,1,39,7,1598,1,8,3,1,3
2.02E+12,1,8,0,9,0,8,0,0,0,0,1,1,1,1,49,8,1796,1,4,5,1,5
2.02E+12,2,8,0,18,0,1,0,0,0,0,4,1,1,1,48,8,2987,2,3,2,1,2
2.02E+12,1,9,0,9,0,2,0,0,0,0,4,1,6,2,43,7,1984,1,16,2,1,2
2.02E+12,1,19,0,3,0,1,0,0,0,0,2,1,1,1,52,8,1995,2,1,10,1,10
2.02E+12,2,8,0,3,0,1,0,0,0,0,2,1,1,1,53,8,1790,8,5,2,1,2
2.02E+12,4,19,0,18,0,1,0,0,0,0,1,1,1,1,24,5,2198,2,3,2,1,2
2.02E+12,1,9,0,5,0,1,0,0,3,0,1,1,6,1,67,10,1997,2,3,1,1,1
2.02E+12,1,11,0,5,2,6,0,0,0,0,0,1,1,1,44,7,8268,2,11,8,1,8
2.02E+12,1,9,0,5,0,2,0,0,0,0,1,1,6,1,55,8,1560,2,3,10,1,10
2.02E+12,2,9,0,3,0,2,1,0,0,0,2,1,6,1,31,6,1396,1,2,10,1,10
2.02E+12,1,19,0,9,0,6,0,0,0,0,4,2,2,1,36,7,2198,2,1,4,1,4
2.02E+12,2,5,0,18,0,8,0,0,0,0,1,1,6,1,52,8,883,1,11,3,1,3
2.02E+12,1,9,0,7,0,2,0,0,0,0,3,1,6,1,58,9,1242,1,16,2,1,2
2.02E+12,1,9,0,5,0,2,0,0,0,0,1,1,6,2,21,5,1339,1,9,5,1,5
2.02E+12,1,8,0,9,0,1,0,0,0,0,2,1,1,1,31,6,1797,8,6,1,1,1
2.02E+12,1,2,0,18,0,8,0,0,0,0,3,1,2,1,45,7,125,1,6,5,1,5
2.02E+12,2,9,0,9,0,8,0,0,0,0,1,1,3,1,48,8,1997,2,6,9,1,9
2.02E+12,1,9,0,4,0,1,0,0,0,0,2,2,2,1,26,6,1995,1,12,3,1,3
2.02E+12,3,9,0,16,0,1,0,0,0,0,1,2,6,1,23,5,1995,2,4,2,1,2
2.02E+12,1,9,0,6,0,8,0,0,0,0,1,1,6,1,26,6,1596,1,4,4,1,4
2.02E+12,1,9,0,7,0,2,0,0,0,0,1,1,6,1,48,8,1339,1,13,1,1,1
2.02E+12,1,21,1,18,0,8,0,0,0,0,4,1,1,1,37,7,7201,2,6,7,1,7
2.02E+12,1,9,0,7,0,4,0,0,0,0,1,1,6,1,52,8,2231,2,10,9,1,9
2.02E+12,1,9,0,11,0,1,0,7,1,10,2,1,6,1,26,6,1995,2,5,7,1,7
2.02E+12,2,9,0,18,0,1,0,0,0,0,3,1,6,1,23,5,1796,1,16,1,1,1
2.02E+12,1,9,0,16,5,3,0,9,0,0,1,1,6,1,50,8,1599,1,13,1,1,1
2.02E+12,1,9,0,4,0,1,0,0,0,0,0,1,1,1,41,7,1798,8,2,2,1,2
2.02E+12,1,9,0,18,9,8,0,0,1,0,1,1,6,2,66,10,1198,1,11,10,1,10
2.02E+12,2,9,0,9,0,8,0,0,0,0,1,1,6,1,18,4,1242,1,7,2,1,2
2.02E+12,2,9,0,9,0,8,0,0,0,0,1,1,6,1,40,7,2143,12,1,3,1,3
2.02E+12,1,3,0,4,0,1,0,0,0,0,2,1,2,1,37,7,125,1,1,3,1,3
2.02E+12,2,9,0,18,0,1,0,0,0,0,1,1,6,1,38,7,1798,8,3,2,1,2
2.02E+12,1,9,0,18,0,8,0,4,0,0,1,1,6,1,22,5,1197,1,4,10,1,10
2.02E+12,1,9,0,8,0,1,0,0,0,0,3,1,2,1,43,7,1796,1,7,1,1,1
2.02E+12,1,9,0,5,0,7,0,0,0,0,1,1,6,1,63,9,1797,8,8,9,1,9
2.02E+12,2,9,0,8,0,7,0,0,0,0,2,1,6,2,26,6,998,1,18,6,1,6
2.02E+12,1,3,0,18,0,8,0,0,0,0,1,1,2,1,46,8,124,1,8,5,1,5
2.02E+12,2,9,0,5,8,8,0,0,0,0,2,1,6,1,50,8,1587,1,17,8,1,8
2.02E+12,1,9,0,9,0,8,0,11,0,0,1,1,1,1,30,6,2143,2,1,7,1,7
2.02E+12,1,9,0,5,0,3,0,0,0,0,2,1,2,2,44,7,2143,2,5,8,1,8
2.02E+12,2,9,0,18,0,3,0,0,0,0,2,1,2,2,52,8,1248,1,2,6,1,6
2.02E+12,3,9,0,18,0,3,0,0,0,0,2,1,2,1,27,6,1199,1,15,3,1,3
2.02E+12,4,9,0,18,0,3,0,0,0,0,1,1,2,1,42,7,1699,1,12,4,2,4
2.02E+12,2,5,0,3,0,1,0,0,0,0,1,1,2,1,42,7,599,1,7,4,1,4
2.02E+12,1,8,0,18,0,8,1,0,3,0,2,1,1,1,55,8,1956,2,6,3,1,3
2.02E+12,2,19,0,18,0,8,0,0,0,0,1,1,1,1,22,5,1997,2,3,2,1,2
2.02E+12,2,9,0,9,0,8,0,0,0,0,4,1,2,1,44,7,1995,2,4,6,1,6
2.02E+12,1,9,0,7,0,1,0,0,0,0,2,1,6,2,34,6,1596,1,13,7,1,7
2.02E+12,1,9,0,9,0,3,0,0,0,0,1,1,3,2,38,7,1998,1,15,4,1,4
2.02E+12,2,9,0,18,0,3,0,0,0,0,1,1,1,1,43,7,1984,2,8,2,1,2
2.02E+12,3,9,0,8,0,4,0,0,0,0,3,1,6,2,59,9,998,1,4,7,1,7
2.02E+12,1,8,0,5,0,2,0,0,0,0,1,1,1,1,57,9,1598,1,5,3,1,3
2.02E+12,2,9,0,18,0,2,0,0,0,0,3,1,6,2,20,4,998,1,5,6,1,6
2.02E+12,1,8,0,9,0,1,0,0,0,0,4,2,1,1,49,8,2499,2,6,2,1,2
2.02E+12,1,3,0,18,0,2,1,0,0,0,4,1,1,1,19,4,108,1,3,2,1,2
2.02E+12,1,9,0,5,0,8,0,0,0,0,4,1,6,1,35,6,1390,1,10,9,1,9
2.02E+12,2,3,0,5,0,8,0,0,0,0,3,1,1,1,31,6,125,1,3,2,1,2
2.02E+12,1,9,0,17,0,8,0,0,0,0,3,1,6,2,37,7,1998,1,11,6,1,6
2.02E+12,2,9,0,7,0,8,0,0,0,0,4,1,2,2,44,7,1984,1,2,5,1,5
2.02E+12,1,9,0,10,0,1,0,0,0,0,3,1,6,1,37,7,1596,1,16,8,1,8
2.02E+12,2,4,0,7,0,1,2,0,0,0,1,1,6,1,49,8,125,1,5,2,1,2
2.02E+12,1,3,0,5,0,1,0,0,0,0,2,1,1,1,20,4,102,1,13,8,1,8
2.02E+12,2,11,0,5,0,1,0,0,0,0,1,1,1,1,58,9,4500,2,2,5,1,5
2.02E+12,1,3,0,18,0,2,0,0,0,0,0,1,6,1,39,7,124,1,1,3,1,3
2.02E+12,2,9,0,18,0,2,0,0,0,0,4,1,6,1,25,5,5935,1,5,6,1,6
2.02E+12,1,3,0,18,0,1,0,0,0,0,1,1,6,1,18,4,124,1,12,6,1,6
2.02E+12,1,9,0,10,0,1,0,0,0,0,4,1,6,2,40,7,1995,2,10,9,1,9
2.02E+12,1,9,0,18,0,2,0,0,0,0,1,1,6,1,20,4,2000,1,11,8,1,8
2.02E+12,1,3,0,9,0,1,0,0,0,0,2,1,6,1,19,4,124,1,14,4,1,4
2.02E+12,2,9,0,9,0,1,0,0,0,0,1,1,3,2,30,6,2987,2,3,5,1,5
2.02E+12,1,19,0,15,0,8,0,0,0,0,4,1,1,1,31,6,1995,2,4,2,1,2
2.02E+12,2,3,0,18,0,8,1,0,0,0,1,1,2,1,28,6,124,1,5,4,1,4
2.02E+12,1,9,0,9,0,1,0,0,0,0,1,1,1,2,54,8,1596,1,8,7,1,7
2.02E+12,2,3,0,14,0,1,0,0,0,0,4,1,6,1,42,7,125,1,13,4,1,4
2.02E+12,1,2,0,18,0,8,0,0,0,0,1,1,6,1,37,7,49,1,8,6,1,6
2.02E+12,1,11,0,4,0,2,0,0,0,0,0,1,1,1,38,7,6692,2,4,2,1,2
2.02E+12,1,9,0,18,0,1,0,0,7,10,1,1,6,1,27,6,1242,1,10,3,1,3
2.02E+12,1,11,0,4,0,4,0,0,0,0,0,1,1,1,25,5,4760,2,5,3,1,3
2.02E+12,1,9,0,3,0,1,0,0,0,0,2,1,6,1,43,7,2993,2,4,10,1,10
2.02E+12,2,9,0,3,0,1,0,0,0,0,2,1,6,1,28,6,996,1,3,2,1,2
2.02E+12,3,9,0,3,0,1,0,0,0,0,1,1,6,1,25,5,1229,1,9,4,1,4
2.02E+12,1,9,0,18,0,1,0,0,0,0,1,1,6,1,26,6,2993,2,13,2,1,2
2.02E+12,1,9,0,9,0,2,0,0,0,0,4,2,2,1,17,4,1229,1,6,4,1,4
2.02E+12,1,9,0,10,0,5,0,0,0,0,1,1,1,1,47,8,998,1,5,5,1,5
2.02E+12,2,2,0,13,0,3,0,0,0,0,1,1,2,1,25,5,125,1,5,3,1,3
2.02E+12,2,9,0,14,0,2,0,0,0,0,1,1,6,2,75,10,1498,1,10,9,1,9
2.02E+12,1,9,0,9,0,8,0,0,0,0,3,1,6,2,45,7,1896,2,10,1,1,1
2.02E+12,2,4,0,13,0,8,5,10,7,1,1,1,6,1,26,6,999,1,3,1,1,1
2.02E+12,1,19,0,9,0,8,0,0,0,0,3,1,2,1,28,6,2198,2,3,1,1,1
2.02E+12,2,4,0,18,0,1,5,0,0,0,1,1,1,1,40,7,124,1,7,2,1,2
2.02E+12,2,9,0,9,0,2,0,0,0,0,1,1,6,1,35,6,1896,2,14,5,1,5
2.02E+12,1,9,0,18,0,8,0,0,0,0,1,1,6,1,50,8,1968,2,3,3,1,3
2.02E+12,2,5,0,9,0,8,0,0,0,0,1,1,6,1,32,6,748,1,8,5,1,5
2.02E+12,1,9,0,9,0,5,0,0,7,0,3,1,6,1,64,9,1762,1,19,1,1,1
2.02E+12,2,3,0,13,0,1,0,0,0,0,1,1,6,1,26,6,124,1,8,3,1,3
2.02E+12,1,9,0,18,0,1,0,0,0,0,1,1,2,2,29,6,998,1,2,1,1,1
2.02E+12,2,9,0,9,0,1,0,0,0,0,4,1,2,1,32,6,1497,8,10,3,1,3
2.02E+12,1,19,0,18,0,6,1,0,1,10,1,1,1,1,43,7,2198,2,1,4,1,4
2.02E+12,2,9,0,18,0,1,1,0,0,0,1,1,1,1,56,9,1968,2,8,10,3,10
2.02E+12,1,9,0,5,0,2,0,0,0,0,0,1,6,1,29,6,1797,8,7,2,1,2
2.02E+12,2,3,0,5,0,2,0,0,0,0,0,1,6,1,22,5,125,1,4,1,1,1
2.02E+12,1,3,0,5,0,2,0,0,0,0,1,1,6,1,18,4,124,1,7,5,1,5
2.02E+12,1,9,0,5,0,2,0,0,0,0,0,1,6,1,39,7,1598,2,1,4,1,4
2.02E+12,2,3,0,18,0,2,2,0,0,0,1,1,6,2,47,8,108,1,3,2,1,2
2.02E+12,1,9,0,18,0,1,0,0,0,0,3,1,2,1,52,8,1995,1,6,8,1,8
2.02E+12,2,9,0,18,0,2,1,0,0,0,1,1,2,1,35,6,1781,1,18,2,1,2
2.02E+12,1,9,0,17,9,1,0,0,1,1,1,1,6,2,69,10,1318,1,1,4,1,4
2.02E+12,2,90,0,7,0,6,0,0,0,0,2,1,1,1,54,8,2987,2,2,2,1,2
2.02E+12,1,2,0,18,0,8,5,0,0,0,2,1,2,1,38,7,124,1,1,3,1,3
2.02E+12,1,9,0,9,0,2,0,0,0,0,1,1,1,1,44,7,1997,2,3,1,1,1
2.02E+12,1,8,0,4,0,1,0,0,0,0,2,1,1,1,47,8,1995,2,4,3,1,3
2.02E+12,2,9,0,18,0,1,0,0,0,0,1,1,1,1,37,7,1798,1,9,6,1,6
2.02E+12,1,8,0,9,0,1,0,0,0,0,1,1,1,1,62,9,1950,2,1,4,1,4
2.02E+12,2,5,0,10,0,1,0,0,0,0,2,1,2,1,44,7,798,1,5,8,1,8
2.02E+12,1,9,0,18,0,8,0,11,0,0,1,1,6,1,24,5,1198,1,7,3,1,3
2.02E+12,1,9,0,4,0,8,0,0,0,0,2,1,6,1,54,8,1995,2,10,6,1,6
2.02E+12,2,8,0,4,0,8,0,0,0,0,1,1,1,1,66,10,2446,2,15,7,1,7
2.02E+12,1,19,0,4,0,1,0,0,0,0,1,1,1,1,29,6,1995,2,10,10,3,10
2.02E+12,1,9,0,4,0,1,0,11,0,0,2,1,6,1,49,8,1398,1,11,10,3,10
2.02E+12,1,4,0,18,2,1,1,0,0,0,0,1,2,1,25,5,124,1,21,8,1,8
2.02E+12,2,9,0,11,2,1,0,0,0,0,0,1,2,2,58,9,1587,1,10,7,1,7
2.02E+12,1,9,0,18,0,6,0,0,0,0,1,1,6,2,80,11,1769,1,12,6,1,6
2.02E+12,2,9,0,5,0,6,0,0,0,0,4,1,2,1,20,4,1198,1,13,5,1,5
2.02E+12,1,9,0,9,0,5,0,0,0,0,1,1,6,2,18,4,998,1,5,9,1,9
2.02E+12,2,9,0,18,0,8,0,0,0,0,1,1,6,1,83,11,1998,1,16,5,1,5
2.02E+12,1,3,0,7,0,3,0,0,1,0,4,1,6,1,24,5,599,1,9,7,1,7
2.02E+12,2,9,0,7,0,3,0,0,1,0,4,1,6,2,19,4,1149,1,9,9,2,9
2.02E+12,1,2,0,18,0,8,0,0,0,0,1,1,1,1,19,4,49,1,7,5,1,5
2.02E+12,1,9,0,8,0,6,0,0,0,0,2,1,6,1,53,8,1124,1,16,10,1,10
2.02E+12,2,9,0,18,0,1,0,0,0,0,1,1,6,1,57,9,1597,1,20,9,1,9
2.02E+12,1,9,0,8,0,1,0,0,0,0,1,1,6,2,40,7,1198,1,6,2,1,2
2.02E+12,2,9,0,18,0,8,1,0,7,10,3,1,6,2,53,8,2295,1,13,2,1,2
2.02E+12,1,9,0,18,0,1,0,0,0,0,1,1,6,2,42,7,1200,1,4,3,1,3
2.02E+12,2,19,0,9,0,2,0,0,0,0,3,1,1,1,49,8,2287,2,2,5,1,5
2.02E+12,1,19,0,18,0,1,0,0,0,0,3,1,1,1,26,6,2198,2,1,1,1,1
2.02E+12,1,9,0,7,0,2,0,0,0,0,2,1,6,1,25,5,1995,2,9,2,1,2
2.02E+12,2,9,0,18,0,2,0,0,0,0,1,1,6,1,86,11,1198,1,1,8,1,8
2.02E+12,1,8,0,18,0,1,0,11,0,0,3,1,2,1,59,9,1587,1,8,2,1,2
2.02E+12,1,8,0,18,0,1,0,0,0,0,1,1,1,1,59,9,1797,8,5,3,1,3
2.02E+12,1,9,0,5,0,2,0,0,0,0,4,1,6,2,40,7,1124,1,11,3,1,3
2.02E+12,1,9,0,4,9,1,0,0,1,0,4,1,6,2,63,9,1596,1,16,1,1,1
2.02E+12,1,11,0,18,0,3,0,0,0,0,0,1,1,1,58,9,9000,2,8,4,1,4
2.02E+12,1,3,0,3,0,1,0,0,0,0,2,1,1,1,31,6,125,1,2,2,1,2
2.02E+12,2,8,0,18,0,1,0,0,0,0,1,1,1,1,47,8,1598,2,4,4,1,4
2.02E+12,3,8,0,3,0,1,0,0,0,0,3,1,1,1,40,7,1998,2,6,2,1,2
2.02E+12,1,11,0,7,0,1,0,0,0,0,0,1,1,1,40,7,4500,2,1,6,1,6
2.02E+12,1,9,0,9,9,6,0,0,0,0,4,1,6,1,37,7,1398,2,3,2,1,2
2.02E+12,2,9,0,18,0,1,0,0,0,0,1,1,6,2,26,6,1587,1,12,4,1,4
2.02E+12,1,9,0,18,0,1,0,0,0,0,3,1,6,1,67,10,1364,1,1,1,1,1
2.02E+12,1,9,0,3,0,2,0,0,0,0,2,1,6,2,30,6,1598,1,7,5,1,5
2.02E+12,2,19,0,18,0,2,0,0,0,0,1,1,6,1,40,7,2402,2,8,3,1,3
2.02E+12,2,9,0,13,0,1,0,0,0,0,1,1,6,1,42,7,1598,1,12,3,1,3
2.02E+12,3,9,0,10,0,1,0,0,0,0,2,1,6,2,51,8,1984,1,3,8,1,8
2.02E+12,1,9,0,4,0,2,0,0,0,0,2,1,1,1,54,8,2967,2,5,5,1,5
2.02E+12,1,9,0,8,0,1,0,0,0,0,3,1,6,1,20,4,998,1,17,6,1,6
2.02E+12,1,9,0,9,0,8,0,0,0,0,1,1,6,1,40,7,1598,1,3,2,1,2
2.02E+12,2,5,0,18,0,8,5,0,0,0,1,1,6,1,54,8,955,1,16,7,1,7
2.02E+12,1,9,0,7,0,5,0,10,7,10,1,1,6,1,22,5,1390,1,13,3,1,3
2.02E+12,1,3,0,18,0,2,0,0,0,0,4,1,2,1,32,6,124,1,1,2,1,2
2.02E+12,2,9,0,18,0,2,0,0,0,0,3,1,6,1,43,7,1910,2,9,3,1,3
2.02E+12,1,9,0,18,0,1,5,4,0,0,3,1,6,1,47,8,2494,1,17,4,1,4
2.02E+12,2,3,0,3,0,1,0,0,0,0,3,1,1,1,18,4,125,1,4,2,1,2
2.02E+12,3,9,0,3,0,1,0,0,0,0,3,1,6,1,38,7,1198,1,3,2,1,2
2.02E+12,1,9,0,18,0,1,0,0,0,0,1,1,6,1,48,8,698,1,13,10,1,10
2.02E+12,2,9,0,9,0,8,0,0,0,0,3,1,6,1,20,4,1596,1,15,2,1,2
2.02E+12,2,9,0,9,0,8,0,0,0,0,4,1,6,2,26,6,1242,1,19,8,2,8
2.02E+12,1,9,0,3,0,1,0,0,0,0,1,1,6,2,23,5,2926,2,15,9,1,9
2.02E+12,2,9,0,9,0,7,0,0,0,0,1,1,6,2,23,5,1598,2,1,2,1,2
2.02E+12,1,8,0,18,0,8,0,0,0,0,1,1,1,1,44,7,2664,2,16,4,1,4
2.02E+12,1,9,0,3,0,1,0,0,0,0,0,1,6,2,26,6,1596,1,11,5,1,5
2.02E+12,2,9,0,18,0,1,0,0,0,0,2,1,6,2,30,6,1596,1,12,2,1,2
2.02E+12,1,19,0,7,0,1,0,0,0,0,1,1,1,1,34,6,2143,2,4,5,1,5
2.02E+12,2,3,0,15,0,1,1,0,0,0,3,1,6,1,35,6,125,1,4,3,1,3
2.02E+12,1,9,0,18,0,1,0,0,0,0,1,1,6,1,61,9,1390,1,16,3,1,3
2.02E+12,1,9,0,18,0,8,0,0,7,2,1,1,6,1,37,7,1598,1,9,2,1,2
2.02E+12,1,9,0,4,8,6,0,0,0,0,2,1,6,1,21,5,1995,2,4,4,1,4
2.02E+12,2,9,0,4,8,7,0,0,0,0,1,1,6,1,38,7,2777,2,9,4,1,4
2.02E+12,1,9,0,18,0,2,0,0,0,0,1,1,6,1,41,7,1968,2,2,2,1,2
2.02E+12,1,8,0,1,0,2,0,0,0,0,3,1,1,1,57,9,1968,2,3,3,1,3
2.02E+12,1,9,0,9,0,8,0,0,0,0,1,1,6,1,20,4,1149,1,13,7,1,7
2.02E+12,2,9,0,18,0,8,0,0,0,0,3,1,6,2,61,9,1396,1,7,10,1,10
2.02E+12,1,11,0,5,0,1,0,0,0,0,0,1,1,1,34,6,9000,2,8,2,1,2
2.02E+12,1,9,0,4,0,1,0,0,0,0,1,1,6,1,58,9,1781,1,14,9,1,9
2.02E+12,2,3,0,4,0,1,0,0,0,0,2,1,2,1,38,7,124,1,1,7,1,7
2.02E+12,1,11,0,5,0,8,0,0,0,0,4,1,1,1,29,6,4500,2,7,3,2,3
2.02E+12,1,9,0,3,0,1,0,0,0,0,2,1,1,1,35,6,1339,1,12,1,1,1
2.02E+12,2,9,0,18,0,1,0,0,0,0,1,1,6,1,46,8,2378,1,11,2,1,2
2.02E+12,1,9,0,4,0,2,0,0,0,0,4,1,6,1,52,8,2497,2,10,2,1,2
2.02E+12,1,3,0,14,0,1,0,0,0,0,1,1,2,1,22,5,125,1,1,4,1,4
2.02E+12,1,3,0,18,0,4,1,0,0,0,3,1,1,1,42,7,108,1,3,5,1,5
2.02E+12,2,3,0,18,0,2,0,0,0,0,1,1,6,1,21,5,125,1,2,4,1,4
2.02E+12,1,9,0,18,0,1,0,0,0,0,4,1,6,1,23,5,1124,1,13,3,1,3
2.02E+12,1,9,0,3,0,1,0,0,0,0,1,1,6,1,64,9,1992,2,12,3,1,3
2.02E+12,2,3,0,7,0,1,0,0,0,0,1,1,6,1,42,7,125,1,6,6,1,6
2.02E+12,1,9,0,9,0,6,0,0,0,0,2,1,6,2,48,8,1596,1,12,2,1,2
2.02E+12,1,9,0,18,0,1,0,0,0,0,1,1,6,1,30,6,1995,2,8,5,1,5
2.02E+12,2,9,0,9,0,6,0,0,0,0,3,1,6,2,22,5,1582,2,6,6,1,6
2.02E+12,1,8,0,18,0,8,0,0,0,0,1,1,1,1,52,8,2143,2,7,1,1,1
2.02E+12,2,19,0,18,0,8,0,0,0,0,1,1,6,1,56,9,2198,2,7,2,1,2
2.02E+12,1,9,0,18,0,3,0,0,0,0,1,1,6,1,26,6,1995,2,6,8,1,8
2.02E+12,2,9,0,10,0,3,0,0,0,0,2,1,6,1,24,5,1995,2,10,9,1,9
2.02E+12,2,9,0,3,0,1,0,0,0,0,2,1,6,1,56,9,1598,1,12,3,1,3
2.02E+12,3,9,0,3,0,1,0,0,0,0,2,1,6,2,56,9,1390,1,14,4,1,4
2.02E+12,4,9,0,3,0,1,0,0,0,0,2,1,6,2,66,10,1753,2,15,6,2,6
2.02E+12,1,9,0,7,0,6,0,0,0,0,3,1,1,1,32,6,1997,2,1,2,1,2
2.02E+12,2,9,0,18,0,8,0,0,0,0,1,1,6,1,56,9,1086,1,13,1,1,1
2.02E+12,1,9,0,3,0,1,0,0,0,0,2,1,6,1,53,8,1995,1,10,1,1,1
2.02E+12,2,8,0,4,0,1,1,0,0,0,1,1,6,1,50,8,1968,2,5,4,1,4
2.02E+12,1,2,0,9,0,4,1,0,0,0,0,1,2,1,26,6,108,1,3,3,1,3
2.02E+12,1,9,0,18,0,1,0,0,0,0,1,1,6,1,24,5,1364,1,1,7,1,7
2.02E+12,2,5,0,18,0,1,1,0,0,0,2,1,6,1,28,6,749,1,10,1,1,1
2.02E+12,1,9,0,3,0,1,0,0,0,0,2,1,6,1,34,6,1995,2,8,3,1,3
2.02E+12,2,9,0,4,0,1,0,0,0,0,1,1,6,2,36,7,2967,2,10,1,1,1
2.02E+12,1,9,0,18,0,8,0,0,3,10,1,1,6,1,19,4,1796,1,12,7,1,7
2.02E+12,2,9,0,4,0,4,0,0,0,0,1,1,6,1,23,5,1968,2,3,1,1,1
2.02E+12,1,9,0,3,0,1,0,0,0,0,2,1,6,2,32,6,1968,2,1,2,1,2
2.02E+12,1,9,0,18,9,1,0,11,7,10,1,1,6,1,25,5,2979,1,2,3,1,3
2.02E+12,1,9,0,13,0,1,0,0,0,0,1,1,2,2,46,8,1968,2,5,2,1,2
2.02E+12,2,9,0,10,0,1,0,0,0,0,2,1,6,2,48,8,1596,1,11,8,1,8
2.02E+12,2,9,0,3,0,8,1,0,0,0,2,1,6,2,32,6,1997,1,7,8,1,8
2.02E+12,3,8,0,3,0,8,0,0,0,0,2,1,1,1,28,6,1798,8,1,4,1,4
2.02E+12,1,8,0,18,0,2,0,10,0,0,1,1,2,1,33,6,2499,2,5,3,1,3
2.02E+12,1,9,0,18,0,8,0,0,0,0,1,1,6,1,59,9,1598,1,12,2,1,2
2.02E+12,2,9,0,13,0,8,0,4,0,0,1,1,6,1,37,7,1686,2,4,2,1,2
2.02E+12,1,9,0,18,0,5,0,0,0,0,1,1,1,1,27,6,998,1,12,7,1,7