Accident_Index,Vehicle_Reference,Vehicle_Type,Towing_and_Articulation,Vehicle_Manoeuvre,Vehicle_Location-Restricted_Lane,Junction_Location,Skidding_and_Overturning,Hit_Object_in_Carriageway,Vehicle_Leaving_Carriageway,Hit_Object_off_Carriageway,1st_Point_of_Impact,Was_Vehicle_Left_Hand_Drive?,Journey_Purpose_of_Driver,Sex_of_Driver,Age_of_Driver,Age_Band_of_Driver,Engine_Capacity_(CC),Propulsion_Code,Age_of_Vehicle,Driver_IMD_Decile,Driver_Home_Area_Type,Vehicle_IMD_Decile
2.02E+12,1,2,0,18,0,8,0,10,1,10,0,1,6,1,20,4,124,1,15,3,1,3
2.02E+12,2,9,0,18,0,1,0,0,0,0,0,1,1,1,35,6,1995,2,1,2,1,2
2.02E+12,2,9,0,9,0,1,0,0,0,0,0,2,6,1,24,5,1968,2,13,3,1,3
2.02E+12,1,9,0,18,0,8,0,0,0,0,3,1,6,1,51,8,2231,2,11,3,1,3
2.02E+12,1,9,0,18,0,1,0,0,0,0,3,1,6,2,38,7,1598,1,16,2,1,2
2.02E+12,1,9,0,6,0,8,0,0,0,0,3,1,6,1,20,4,1395,1,3,10,1,10
2.02E+12,2,3,0,18,0,8,0,0,0,0,4,1,6,1,20,4,125,1,1,5,1,5
2.02E+12,1,9,0,9,0,2,0,0,0,0,1,1,6,1,73,10,1275,1,21,2,1,2
2.02E+12,1,9,0,5,0,2,0,0,0,0,1,1,6,1,44,7,2143,2,3,4,1,4
2.02E+12,1,9,0,18,0,1,1,0,0,0,1,1,6,1,18,4,1248,2,7,2,1,2
2.02E+12,2,8,0,9,0,8,0,0,0,0,4,1,1,1,50,8,2143,2,3,3,1,3
2.02E+12,1,9,0,18,0,2,0,0,7,4,3,1,6,1,32,6,1598,1,2,4,1,4
2.02E+12,1,9,0,18,0,8,1,4,1,2,1,1,6,1,19,4,1968,2,14,2,1,2
2.02E+12,2,9,0,18,0,8,0,0,0,0,0,1,1,1,39,7,1995,2,2,3,1,3
2.02E+12,1,9,0,3,0,1,0,0,0,0,2,1,6,1,37,7,1595,1,5,3,1,3
2.02E+12,2,9,0,4,0,1,0,4,0,0,1,1,1,1,37,7,1798,8,3,5,1,5
2.02E+12,3,3,0,15,0,1,1,4,4,6,1,1,6,1,24,5,249,1,12,2,1,2
2.02E+12,1,9,0,5,0,7,0,0,0,0,1,1,2,2,45,7,1598,1,7,2,1,2
2.02E+12,2,9,0,18,0,1,0,0,0,0,3,1,2,1,29,6,1398,2,12,3,1,3
2.02E+12,1,9,0,12,0,1,0,0,0,0,3,1,3,2,48,8,1896,2,12,3,1,3
2.02E+12,1,9,0,3,0,1,0,0,0,0,2,1,6,1,44,7,999,1,2,2,1,2
2.02E+12,1,9,0,3,0,4,0,0,0,0,2,1,2,1,70,10,4164,2,15,4,1,4
2.02E+12,2,9,0,4,0,1,0,0,0,0,1,1,1,2,38,7,2143,12,2,7,1,7
2.02E+12,2,9,0,5,0,6,0,0,0,0,1,1,6,1,70,10,999,1,1,7,1,7
2.02E+12,1,9,0,8,0,1,0,0,0,0,1,1,6,1,54,8,1995,2,8,6,1,6
2.02E+12,2,21,0,3,0,4,0,0,0,0,4,1,1,1,47,8,10677,2,2,9,1,9
2.02E+12,1,9,0,18,0,2,0,0,0,0,1,1,6,2,64,9,1596,1,5,1,1,1
2.02E+12,1,9,0,18,0,1,0,0,0,0,2,1,6,1,39,7,2148,2,10,3,1,3
2.02E+12,2,19,0,18,0,1,0,0,0,0,1,1,6,1,38,7,2148,2,8,1,1,1
2.02E+12,1,9,0,7,4,6,0,0,0,0,1,1,2,1,54,8,1197,1,1,2,1,2
2.02E+12,1,19,0,7,0,2,0,0,0,0,1,1,1,1,37,7,2198,2,2,6,1,6
2.02E+12,1,5,0,18,0,1,2,10,0,0,1,1,6,1,66,10,625,1,12,4,1,4
2.02E+12,1,19,5,18,0,4,0,0,0,0,3,1,1,1,23,5,2198,2,2,6,1,6
2.02E+12,3,3,0,18,0,2,2,0,0,0,1,1,6,1,17,4,125,1,1,5,1,5
2.02E+12,1,9,0,9,0,1,0,0,0,0,1,1,2,1,47,8,999,1,1,8,1,8
2.02E+12,2,19,0,3,0,1,0,0,0,0,3,1,1,1,30,6,2402,2,8,2,1,2
2.02E+12,1,9,0,9,0,1,0,0,0,0,1,1,1,1,19,4,1598,1,10,6,1,6
2.02E+12,2,9,0,3,0,1,0,0,0,0,2,1,2,1,36,7,1796,1,7,2,1,2
2.02E+12,3,9,0,16,0,1,0,0,0,0,1,1,1,1,29,6,2231,2,8,4,1,4
2.02E+12,1,3,0,18,0,2,0,0,0,0,4,1,1,1,23,5,108,1,1,3,1,3
2.02E+12,1,9,0,9,0,1,0,0,0,0,1,1,6,2,27,6,1400,1,11,9,1,9
2.02E+12,1,19,0,18,0,2,0,0,0,0,3,1,1,1,56,9,1753,2,13,10,1,10
2.02E+12,1,9,0,8,0,1,0,0,0,0,2,1,2,2,29,6,2993,2,5,4,1,4
2.02E+12,2,2,0,15,2,1,2,0,0,0,1,1,2,1,40,7,49,1,3,3,1,3
2.02E+12,1,9,0,4,0,1,0,0,0,0,1,1,2,1,45,7,1598,1,12,3,1,3
2.02E+12,1,9,0,17,0,8,0,0,1,1,1,1,6,1,66,10,1598,1,13,6,1,6
2.02E+12,1,11,0,18,2,1,0,0,0,0,4,1,1,1,65,9,6700,2,5,3,1,3
2.02E+12,1,9,0,18,0,6,0,0,0,0,3,1,6,2,24,5,1349,1,2,6,3,6
2.02E+12,1,5,0,18,0,5,0,10,2,10,3,1,2,1,48,8,1050,1,9,3,1,3
2.02E+12,1,9,0,18,0,1,0,7,2,10,1,1,6,1,17,4,1598,1,13,10,1,10
2.02E+12,1,8,0,18,0,8,0,0,0,0,1,1,1,1,45,7,1798,8,5,3,1,3
2.02E+12,2,19,4,18,0,8,5,0,0,0,4,1,1,1,35,6,2143,2,1,2,1,2
2.02E+12,1,19,0,18,0,1,0,0,0,0,1,1,6,1,66,10,1753,2,7,4,1,4
2.02E+12,1,9,0,1,0,2,0,4,0,0,2,1,6,2,44,7,998,1,15,3,1,3
2.02E+12,1,3,0,7,0,5,0,0,0,0,0,1,6,1,69,10,125,1,5,5,1,5
2.02E+12,2,19,0,4,0,1,0,0,0,0,1,1,6,1,54,8,1995,2,8,4,1,4
2.02E+12,1,9,0,15,0,1,0,0,0,0,1,1,6,1,27,6,1995,2,6,4,1,4
2.02E+12,1,9,0,9,0,7,1,4,1,10,0,1,6,1,17,4,1995,1,4,3,1,3
2.02E+12,1,9,0,9,0,5,0,0,0,0,2,1,6,1,45,7,1900,2,11,3,1,3
2.02E+12,1,9,0,18,0,1,0,0,0,0,2,1,6,2,39,7,1461,2,1,10,1,10
2.02E+12,1,9,0,3,0,2,0,0,0,0,2,1,6,2,37,7,1242,1,3,2,1,2
2.02E+12,2,9,0,4,0,1,1,0,0,0,1,1,6,1,29,6,1910,2,11,3,1,3
2.02E+12,1,9,0,5,0,6,0,0,0,0,1,1,6,1,49,8,1996,1,23,2,1,2
2.02E+12,2,9,0,18,0,6,0,0,0,0,4,1,6,1,36,7,1998,1,8,5,1,5
2.02E+12,2,9,0,18,0,1,0,0,0,0,0,1,6,1,46,8,2499,2,13,2,1,2
2.02E+12,2,9,0,18,0,1,0,0,0,0,1,1,6,1,35,6,1984,1,8,1,1,1
2.02E+12,1,9,0,18,0,1,0,0,0,0,3,1,6,2,26,6,796,1,9,2,1,2
2.02E+12,1,9,0,3,0,1,0,0,0,0,2,1,6,2,34,6,1339,8,5,9,1,9
2.02E+12,1,9,0,18,0,2,0,0,0,0,1,1,6,2,83,11,1298,1,15,7,1,7
2.02E+12,2,9,0,9,0,6,0,0,0,0,1,1,6,1,81,11,1599,1,13,6,1,6
2.02E+12,1,19,0,18,0,8,0,0,0,0,4,1,1,1,38,7,1995,2,9,3,1,3
2.02E+12,1,8,0,18,0,6,0,11,0,0,4,1,1,1,58,9,1797,8,6,2,1,2
2.02E+12,1,11,0,12,0,1,0,0,0,0,0,1,1,1,42,7,7300,2,12,2,1,2
2.02E+12,1,9,0,3,0,1,0,0,0,0,2,1,6,2,32,6,1388,1,8,4,1,4
2.02E+12,2,11,0,15,0,1,0,0,0,0,1,1,1,1,38,7,4500,2,6,4,1,4
2.02E+12,1,9,0,1,9,1,0,0,0,0,2,1,6,1,60,9,1560,2,9,7,2,7
2.02E+12,1,9,0,5,0,8,0,0,0,0,3,1,2,2,53,8,1596,1,10,4,1,4
2.02E+12,2,9,0,18,0,6,0,0,0,0,1,1,6,1,20,4,1242,1,10,4,1,4
2.02E+12,1,19,0,4,0,2,0,0,0,0,1,1,1,1,63,9,2488,2,8,10,1,10
2.02E+12,2,9,0,3,0,2,0,0,0,0,2,1,6,1,62,9,2979,1,15,3,1,3
2.02E+12,1,9,0,18,0,8,0,0,0,0,1,1,6,1,70,10,998,1,4,1,1,1
2.02E+12,2,8,0,9,0,8,0,0,0,0,1,1,1,1,60,9,1968,2,4,4,1,4
2.02E+12,1,9,0,6,0,1,0,0,0,0,3,1,6,1,35,6,1598,1,11,3,1,3
2.02E+12,1,9,0,10,0,6,0,0,0,0,4,1,6,1,38,7,1997,2,5,3,1,3
2.02E+12,1,9,0,7,0,5,0,0,0,0,1,1,6,2,21,5,1242,1,7,7,1,7
2.02E+12,2,9,0,3,0,1,0,0,0,0,1,1,6,2,50,8,1242,1,5,3,1,3
2.02E+12,3,9,0,3,0,1,0,0,0,0,1,1,6,1,34,6,2148,2,11,3,1,3
2.02E+12,1,21,1,18,0,1,0,0,0,0,4,1,1,1,49,8,6700,2,2,1,1,1
2.02E+12,1,9,0,7,5,6,0,0,0,0,4,1,6,1,28,6,1246,1,11,7,1,7
2.02E+12,1,9,0,10,0,6,0,0,0,0,3,1,6,1,50,8,1896,2,8,2,1,2
2.02E+12,1,3,0,4,0,2,0,0,0,0,1,1,6,1,27,6,125,1,1,2,1,2
2.02E+12,1,8,0,7,0,8,0,0,0,0,4,1,1,1,50,8,1798,8,4,2,1,2
2.02E+12,2,3,0,18,0,8,0,0,0,0,1,1,1,1,26,6,125,1,9,5,1,5
2.02E+12,1,9,0,18,0,8,0,0,0,0,4,1,2,2,27,6,998,1,1,5,1,5
2.02E+12,2,9,0,6,0,1,0,0,0,0,3,1,1,1,43,7,1797,8,6,1,1,1
2.02E+12,1,9,0,4,0,2,0,0,0,0,3,1,6,1,57,9,1988,1,16,5,1,5
2.02E+12,1,9,0,5,0,3,0,0,0,0,4,1,6,1,33,6,998,1,5,4,1,4
2.02E+12,2,9,0,18,0,4,0,0,0,0,1,1,6,1,46,8,1995,2,1,2,1,2
2.02E+12,1,9,0,3,0,1,0,0,0,0,1,1,6,1,25,5,1598,2,2,4,1,4
2.02E+12,2,8,0,4,0,1,0,0,0,0,2,1,1,1,33,6,1339,8,7,4,1,4
2.02E+12,1,9,0,3,0,4,0,0,0,0,4,1,6,2,60,9,1598,1,10,6,1,6
2.02E+12,2,9,0,3,0,4,0,0,0,0,1,1,6,1,73,10,1590,1,15,8,1,8
2.02E+12,1,9,0,9,0,8,5,4,0,0,1,1,6,1,60,9,1910,2,9,1,1,1
2.02E+12,1,9,0,18,0,1,0,0,8,10,1,1,6,1,19,4,1248,1,1,6,1,6
2.02E+12,2,19,0,7,0,6,0,7,8,10,3,1,6,1,78,11,1248,2,8,9,1,9
2.02E+12,1,11,0,7,0,5,0,0,0,0,0,1,1,1,38,7,4461,2,3,4,1,4
2.02E+12,1,9,0,18,0,8,0,0,0,0,1,1,6,2,43,7,1997,2,13,6,1,6
2.02E+12,2,9,0,18,0,8,0,0,0,0,3,1,1,1,51,8,2143,2,3,8,1,8
2.02E+12,1,11,0,5,0,1,0,0,0,0,1,1,1,1,27,6,4500,2,7,2,1,2
2.02E+12,2,9,0,3,0,1,0,0,0,0,2,1,1,2,46,8,1339,1,12,8,2,8
2.02E+12,1,9,0,9,0,3,0,0,0,0,1,1,6,1,46,8,1498,1,6,7,1,7
2.02E+12,1,21,0,18,0,1,0,0,0,0,1,1,1,1,51,8,4250,2,5,3,1,3
2.02E+12,2,9,0,18,0,1,0,0,0,0,2,1,1,1,36,7,2148,2,9,7,1,7
2.02E+12,2,8,0,18,0,8,0,0,0,0,4,1,1,1,58,9,1798,1,4,3,1,3
2.02E+12,2,9,0,10,0,2,0,0,0,0,3,1,6,1,27,6,1998,1,9,5,1,5
2.02E+12,1,9,0,18,0,1,0,4,0,0,3,1,6,1,30,6,2982,2,3,8,1,8
2.02E+12,2,19,0,3,0,7,0,0,0,0,4,1,1,1,43,7,2402,2,7,4,1,4
2.02E+12,3,19,0,3,0,7,0,0,0,0,4,1,1,1,57,9,2287,2,1,9,1,9
2.02E+12,4,19,0,3,0,7,0,0,0,0,2,1,6,1,41,7,2198,2,2,6,1,6
2.02E+12,5,9,0,3,0,7,0,0,0,0,2,1,6,1,40,7,1999,1,12,1,1,1
2.02E+12,6,9,0,3,0,7,0,0,0,0,2,1,6,2,66,10,2494,8,2,9,1,9
2.02E+12,1,9,0,18,0,8,0,0,0,0,1,1,6,1,30,6,1686,2,5,4,1,4
2.02E+12,2,9,0,9,0,8,0,0,0,0,1,1,6,1,36,7,1598,1,12,6,1,6
2.02E+12,1,9,0,7,0,3,0,0,0,0,3,2,6,2,69,10,1799,1,6,1,1,1
2.02E+12,2,9,0,7,0,3,0,0,0,0,4,1,6,2,53,8,1986,2,10,3,1,3
2.02E+12,1,9,0,14,0,1,0,0,0,0,4,1,6,1,22,5,1388,1,13,4,1,4
2.02E+12,2,9,0,18,0,1,0,10,0,0,2,1,6,2,30,6,1991,1,1,7,1,7
2.02E+12,1,9,0,9,0,1,0,0,0,0,2,1,2,1,42,7,2143,2,1,4,1,4
2.02E+12,1,4,0,14,0,1,2,0,0,0,0,1,2,1,25,5,125,1,5,5,1,5
2.02E+12,2,19,0,9,0,2,0,0,0,0,0,1,1,1,44,7,2198,2,5,2,1,2
2.02E+12,1,9,0,5,0,4,0,0,0,0,1,1,6,1,72,10,1398,2,16,4,1,4
2.02E+12,2,19,0,18,0,3,0,0,0,0,4,1,2,2,46,8,2402,2,7,10,1,10
2.02E+12,2,9,0,18,0,1,0,0,0,0,1,1,6,2,39,7,4806,1,4,9,1,9
2.02E+12,1,9,0,18,0,2,0,0,0,0,4,1,6,1,27,6,1248,2,8,2,1,2
2.02E+12,1,5,0,18,0,8,0,0,0,0,1,1,2,1,48,8,599,1,9,9,1,9
2.02E+12,2,9,0,5,0,8,0,0,0,0,4,1,2,2,40,7,1998,1,13,5,1,5
2.02E+12,1,9,0,9,0,5,0,0,0,0,4,1,6,2,22,5,1398,1,1,2,1,2
2.02E+12,2,9,0,7,2,5,0,0,0,0,1,1,6,1,24,5,1984,1,4,4,1,4
2.02E+12,1,11,0,5,0,5,0,0,0,0,0,1,1,1,36,7,6700,2,7,2,1,2
2.02E+12,1,11,0,4,0,1,0,0,0,0,0,1,1,1,48,8,4500,2,2,7,1,7
2.02E+12,1,9,0,9,0,6,0,0,0,0,1,1,6,1,19,4,1956,2,5,4,1,4
2.02E+12,2,8,0,18,0,1,0,0,0,0,4,1,1,1,37,7,1798,8,5,5,1,5
2.02E+12,1,9,0,1,0,2,0,0,0,0,2,1,6,1,40,7,1587,1,12,6,1,6
2.02E+12,1,9,0,18,0,1,0,0,0,0,1,1,6,2,87,11,1390,1,19,5,1,5
2.02E+12,2,9,0,18,0,8,0,0,0,0,1,1,6,2,46,8,1328,1,9,8,1,8
2.02E+12,1,9,0,4,0,1,0,0,0,0,2,1,2,1,56,9,2148,2,12,2,1,2
2.02E+12,1,9,0,4,0,2,0,0,0,0,2,1,6,1,45,7,1968,2,7,4,1,4
2.02E+12,1,11,0,9,0,6,0,0,0,0,0,1,1,1,45,7,6692,2,6,3,1,3
2.02E+12,1,21,1,18,0,1,0,0,0,0,4,1,1,1,54,8,7146,2,4,9,1,9
2.02E+12,2,9,0,18,0,1,0,0,0,0,3,1,6,2,25,5,1339,8,7,6,1,6
2.02E+12,1,9,0,9,0,8,0,0,0,0,3,1,1,1,54,8,1598,2,1,4,1,4
2.02E+12,2,5,0,13,0,8,1,0,7,10,1,1,6,1,39,7,998,1,13,1,1,1
2.02E+12,2,8,0,18,0,2,0,4,0,0,3,1,2,1,60,9,1791,8,5,4,1,4
2.02E+12,1,9,0,18,0,8,0,0,0,0,1,1,6,1,24,5,1229,1,2,5,1,5
2.02E+12,1,8,0,9,0,5,0,0,0,0,1,1,2,1,32,6,1995,2,5,5,1,5
2.02E+12,2,4,0,18,0,8,0,0,0,0,1,1,6,1,22,5,124,1,3,7,1,7
2.02E+12,1,9,0,9,0,1,0,0,0,0,1,1,6,2,31,6,1198,1,1,4,1,4
2.02E+12,2,9,0,18,0,1,0,0,0,0,4,1,6,2,31,6,1598,1,15,2,1,2
2.02E+12,1,3,0,18,0,8,0,0,0,0,1,1,6,1,21,5,125,1,11,6,1,6
2.02E+12,1,11,0,18,0,8,0,0,0,0,0,1,1,1,26,6,9000,2,11,2,1,2
2.02E+12,1,9,0,4,0,1,0,0,0,0,0,1,2,1,25,5,647,8,2,2,1,2
2.02E+12,1,11,0,7,0,8,0,0,0,0,1,1,1,1,28,6,5132,2,1,1,1,1
2.02E+12,1,9,0,18,0,1,0,0,0,0,2,1,6,2,67,10,998,1,3,9,1,9
2.02E+12,1,11,0,9,0,8,0,0,0,0,3,1,1,1,54,8,4500,2,3,2,1,2
2.02E+12,1,9,0,9,0,1,0,0,0,0,1,1,6,2,59,9,1395,1,2,9,1,9
2.02E+12,2,9,0,9,0,1,0,0,0,0,1,1,1,1,29,6,1995,2,10,6,1,6
2.02E+12,1,9,0,9,0,5,0,0,0,0,4,1,6,1,52,8,1995,1,12,8,1,8
2.02E+12,2,5,0,18,0,1,0,0,0,0,1,1,6,1,20,4,689,1,3,9,1,9
2.02E+12,1,4,0,18,0,8,0,0,0,0,4,1,6,1,33,6,897,1,12,7,1,7
2.02E+12,1,9,0,5,0,4,0,0,0,0,1,1,2,1,24,5,1595,1,13,3,1,3
2.02E+12,1,19,0,4,0,1,0,0,0,0,2,1,1,1,41,7,1753,2,12,1,1,1
2.02E+12,1,9,0,18,0,2,5,4,0,0,1,1,6,2,52,8,2231,2,11,9,1,9
2.02E+12,1,11,0,4,0,8,0,0,0,0,0,1,1,1,41,7,4500,2,1,4,1,4
2.02E+12,1,19,0,18,0,1,0,0,0,0,1,1,1,1,47,8,2402,2,12,1,1,1
2.02E+12,1,4,0,18,0,1,0,0,0,0,3,1,1,1,38,7,279,1,4,7,1,7
2.02E+12,2,8,0,3,0,1,0,0,0,0,1,1,1,1,30,6,1997,2,4,3,1,3
2.02E+12,1,9,0,7,0,2,0,0,0,0,1,1,1,1,24,5,1796,1,10,2,1,2
2.02E+12,2,3,0,18,0,1,0,0,0,0,4,1,2,1,19,4,125,1,4,2,1,2
2.02E+12,1,9,0,18,0,1,0,0,0,0,1,1,6,1,30,6,2000,2,6,3,1,3
2.02E+12,1,11,0,18,0,8,0,0,0,0,0,1,1,2,28,6,8268,2,13,2,1,2
2.02E+12,1,9,0,3,0,2,0,0,0,0,1,1,1,2,51,8,1242,1,6,4,1,4
2.02E+12,1,9,0,18,0,1,0,0,0,0,1,1,6,2,67,10,1598,1,3,7,1,7
2.02E+12,1,9,0,18,0,1,0,4,1,1,1,1,2,1,69,10,1498,1,8,8,1,8
2.02E+12,1,9,0,18,0,1,0,0,0,0,4,1,6,1,60,9,2494,1,14,3,1,3
2.02E+12,2,9,0,18,0,1,0,0,0,0,1,1,6,2,30,6,1769,1,15,3,1,3
2.02E+12,1,9,0,3,0,1,0,0,0,0,1,1,6,1,52,8,1582,2,2,10,1,10
2.02E+12,2,9,0,16,0,1,0,0,0,0,1,1,6,1,34,6,1149,1,13,4,1,4
2.02E+12,1,11,0,18,0,2,0,0,0,0,0,1,6,2,51,8,6700,2,5,3,1,3
2.02E+12,1,8,0,4,0,3,0,0,0,0,2,1,1,1,26,6,1968,2,5,6,1,6
2.02E+12,2,8,0,18,0,8,0,0,0,0,1,1,1,1,45,7,1950,2,1,4,1,4
2.02E+12,1,19,0,9,0,8,0,0,0,0,3,1,1,1,35,6,1598,2,1,6,1,6
2.02E+12,1,9,0,9,0,2,0,10,4,10,1,1,6,1,19,4,1229,1,2,10,1,10
2.02E+12,1,9,0,18,0,1,0,0,0,0,1,1,6,2,25,5,1198,1,13,6,1,6
2.02E+12,1,9,0,5,0,3,0,0,0,0,1,1,6,1,59,9,1797,8,7,8,1,8
2.02E+12,2,9,0,3,0,3,0,0,0,0,2,1,6,1,30,6,1995,2,12,4,1,4
2.02E+12,1,11,0,5,2,1,0,0,0,0,0,1,1,1,27,6,9360,2,7,1,1,1
2.02E+12,1,3,0,18,0,2,2,0,0,0,3,1,6,1,21,5,125,1,11,4,1,4
2.02E+12,1,9,0,9,0,6,0,0,0,0,1,1,6,2,60,9,1242,1,4,6,1,6
2.02E+12,1,21,0,5,0,1,0,0,0,0,0,1,1,1,54,8,12809,2,4,7,1,7
2.02E+12,1,4,0,18,0,8,1,0,0,0,4,1,6,1,22,5,125,1,1,4,1,4
2.02E+12,2,9,0,6,0,8,0,0,0,0,4,1,6,2,31,6,1598,2,7,9,1,9
2.02E+12,2,9,0,5,0,1,0,0,0,0,1,1,6,1,50,8,698,1,12,5,1,5
2.02E+12,1,9,0,7,0,1,0,0,0,0,4,1,6,1,46,8,2987,2,9,3,1,3
2.02E+12,1,9,0,18,0,8,0,0,0,0,3,1,2,1,37,7,1984,1,8,5,1,5
2.02E+12,2,3,0,10,0,6,0,0,0,0,4,1,2,1,19,4,125,1,9,8,1,8
2.02E+12,1,9,0,10,0,1,0,0,0,0,4,1,6,1,37,7,1968,2,10,3,1,3
2.02E+12,2,9,0,18,0,1,0,4,0,0,1,1,6,1,33,6,2987,2,5,8,1,8
2.02E+12,2,9,0,18,0,2,0,4,0,0,1,1,6,1,23,5,1398,1,13,2,1,2
2.02E+12,1,8,0,6,0,1,0,0,0,0,4,1,1,1,37,7,1956,2,5,3,1,3
2.02E+12,2,3,0,18,0,2,0,0,0,0,1,1,6,1,18,4,108,1,3,7,1,7
2.02E+12,1,9,0,18,0,8,0,0,0,0,1,1,6,2,47,8,1769,1,13,3,1,3
2.02E+12,2,9,0,9,0,8,0,0,0,0,4,1,6,1,30,6,2987,2,3,3,1,3
2.02E+12,2,5,0,18,0,1,0,0,0,0,1,1,6,1,25,5,600,1,4,7,1,7
2.02E+12,1,9,0,18,0,6,0,0,0,0,4,1,6,1,41,7,1997,2,8,6,1,6
2.02E+12,2,8,0,7,0,6,0,0,0,0,1,1,1,1,43,7,1968,2,3,6,1,6
2.02E+12,1,9,0,18,0,1,2,10,0,0,1,2,6,1,30,6,2500,1,9,6,2,6
2.02E+12,1,3,0,18,2,1,0,0,0,0,1,1,6,1,21,5,125,1,11,3,1,3
2.02E+12,1,11,0,9,0,8,0,0,0,0,0,1,1,2,25,5,4461,2,4,5,3,5
2.02E+12,1,9,0,18,0,1,0,0,0,0,1,1,6,1,26,6,1596,1,13,5,1,5
2.02E+12,2,9,0,18,0,6,0,0,0,0,3,1,6,1,45,7,6592,1,2,5,1,5
2.02E+12,1,9,0,5,0,8,0,0,0,0,1,1,2,1,45,7,1968,2,3,3,1,3
2.02E+12,2,9,0,18,0,8,0,0,0,0,3,1,1,2,35,6,1968,2,2,7,1,7
2.02E+12,1,19,0,17,0,8,0,0,0,0,1,1,2,1,38,7,1560,2,6,5,1,5
2.02E+12,2,9,0,4,0,8,0,0,0,0,2,1,2,2,42,7,1242,1,5,2,1,2
2.02E+12,1,9,0,9,0,2,0,0,0,0,3,1,6,1,83,11,3311,8,10,6,1,6
2.02E+12,2,3,0,18,0,2,0,0,0,0,1,1,6,1,33,6,124,1,3,6,1,6
2.02E+12,1,9,0,8,0,5,0,0,0,0,2,1,6,2,34,6,1799,1,6,4,1,4
2.02E+12,2,3,0,18,0,1,0,0,0,0,1,1,1,1,25,5,108,1,1,3,1,3
2.02E+12,1,90,0,9,0,8,0,0,0,0,4,1,6,2,29,6,2143,2,7,5,1,5
2.02E+12,1,9,0,7,0,5,0,0,0,0,4,1,2,1,24,5,1399,1,2,8,1,8
2.02E+12,1,11,0,18,0,1,0,0,0,0,0,1,1,2,33,6,4500,2,2,4,1,4
2.02E+12,1,9,0,3,0,1,0,0,0,0,2,1,6,1,29,6,1997,2,10,2,1,2
2.02E+12,2,9,0,3,0,1,0,0,0,0,2,1,6,1,27,6,1368,1,8,5,1,5
2.02E+12,3,9,0,18,0,1,0,0,0,0,1,1,6,1,80,11,1298,1,16,2,1,2
2.02E+12,1,8,0,18,0,8,0,0,0,0,1,1,1,1,41,7,1598,1,4,2,1,2
2.02E+12,1,4,0,15,0,8,5,0,0,0,0,1,6,1,31,6,124,1,1,5,1,5
2.02E+12,2,9,0,12,0,5,0,0,0,0,0,1,6,1,28,6,2993,2,1,10,1,10
2.02E+12,1,8,0,9,0,1,0,0,0,0,4,1,1,1,41,7,2143,2,4,2,1,2
2.02E+12,1,9,0,18,0,4,0,0,0,0,1,1,6,1,22,5,1956,2,5,6,1,6
2.02E+12,2,5,0,3,0,4,0,0,0,0,2,1,6,1,49,8,649,1,15,10,1,10
2.02E+12,1,9,0,18,0,6,0,7,0,0,1,1,6,1,27,6,1598,1,11,4,1,4
2.02E+12,1,9,0,9,0,1,0,0,0,0,3,1,6,1,50,8,3199,1,16,2,1,2
2.02E+12,2,3,0,13,0,1,0,0,0,0,4,1,6,1,24,5,124,1,3,2,1,2
2.02E+12,1,9,0,9,0,6,0,0,0,0,1,1,2,2,44,7,2688,2,16,2,1,2
2.02E+12,1,9,0,5,0,4,0,0,0,0,2,1,6,1,55,8,4691,1,4,7,1,7
2.02E+12,2,9,0,5,0,4,0,0,0,0,1,1,6,1,19,4,1995,2,9,10,1,10
2.02E+12,1,4,0,9,0,4,1,0,0,0,0,1,1,1,26,6,108,1,4,7,1,7
2.02E+12,2,9,0,5,0,4,0,0,0,0,2,1,6,1,31,6,1968,2,6,9,1,9
2.02E+12,1,11,0,4,0,8,0,0,0,0,1,1,1,1,26,6,8268,2,13,3,1,3
2.02E+12,1,9,0,18,0,8,2,0,0,0,1,1,6,1,25,5,6749,1,8,4,1,4
2.02E+12,2,8,0,5,0,8,0,10,0,0,1,1,1,1,42,7,1798,8,1,4,1,4
2.02E+12,1,9,0,9,9,2,0,7,0,0,1,1,6,1,44,7,1360,1,17,5,1,5
2.02E+12,1,9,0,1,0,1,0,0,0,0,1,1,1,1,38,7,1598,1,9,3,1,3
2.02E+12,1,9,0,3,0,1,0,0,0,0,2,1,6,2,53,8,1850,1,17,4,1,4
2.02E+12,1,9,0,18,0,8,0,0,0,0,1,1,6,1,41,7,2698,2,9,8,1,8
2.02E+12,2,9,0,18,0,8,0,0,0,0,4,1,6,1,38,7,1560,2,6,5,1,5
2.02E+12,1,3,0,14,0,1,0,0,0,0,1,1,6,1,26,6,125,1,1,3,1,3
2.02E+12,1,9,0,18,0,6,0,0,0,0,1,1,6,1,30,6,1395,1,3,2,1,2
2.02E+12,1,9,0,18,0,6,0,0,0,0,4,1,6,2,26,6,1198,1,5,4,1,4
2.02E+12,1,8,0,11,0,2,0,0,0,0,4,1,1,1,36,7,1560,2,6,3,1,3
2.02E+12,2,9,0,13,2,2,0,0,1,0,1,1,1,1,41,7,2993,2,2,4,1,4
2.02E+12,1,9,0,7,0,8,1,0,1,0,4,1,2,1,61,9,2143,2,8,7,1,7
2.02E+12,2,19,0,18,0,8,0,0,1,2,1,1,2,1,32,6,1560,2,4,4,1,4
2.02E+12,1,9,0,16,0,1,2,7,0,0,1,1,6,1,21,5,1242,1,7,10,1,10