Accident_Index,Vehicle_Reference,Vehicle_Type,Towing_and_Articulation,Vehicle_Manoeuvre,Vehicle_Location-Restricted_Lane,Junction_Location,Skidding_and_Overturning,Hit_Object_in_Carriageway,Vehicle_Leaving_Carriageway,Hit_Object_off_Carriageway,1st_Point_of_Impact,Was_Vehicle_Left_Hand_Drive?,Journey_Purpose_of_Driver,Sex_of_Driver,Age_of_Driver,Age_Band_of_Driver,Engine_Capacity_(CC),Propulsion_Code,Age_of_Vehicle,Driver_IMD_Decile,Driver_Home_Area_Type,Vehicle_IMD_Decile
2.02E+12,1,8,0,5,0,1,0,0,0,0,4,1,1,1,62,9,1598,1,7,1,1,1
2.02E+12,1,9,0,5,0,6,0,0,0,0,3,1,2,1,54,8,1995,2,7,7,1,7
2.02E+12,1,9,0,9,0,1,0,0,0,0,3,1,6,1,66,10,1560,2,5,4,1,4
2.02E+12,2,5,0,14,0,1,0,0,0,0,4,1,6,1,39,7,1000,1,9,7,1,7
2.02E+12,1,9,0,9,0,8,0,0,0,0,1,1,6,1,33,6,1896,2,14,1,1,1
2.02E+12,1,4,0,9,0,8,0,0,0,0,2,1,6,1,27,6,125,1,6,1,1,1
2.02E+12,2,11,0,18,0,1,0,0,0,0,1,1,1,1,36,7,4500,2,3,1,1,1
2.02E+12,2,4,0,18,0,1,0,0,0,0,1,1,2,1,20,4,124,1,2,2,1,2
2.02E+12,1,9,0,9,0,1,0,0,0,0,2,1,6,1,30,6,1968,2,4,3,1,3
2.02E+12,2,9,0,18,0,1,0,0,1,0,1,1,6,1,21,5,2993,2,10,3,1,3
2.02E+12,1,9,0,10,0,1,0,0,0,0,3,1,6,2,52,8,2993,2,3,5,1,5
2.02E+12,1,21,1,4,0,8,1,0,0,0,2,1,1,1,39,7,10677,2,2,8,1,8
2.02E+12,2,9,0,4,0,8,1,0,0,0,1,1,6,1,27,6,1968,2,8,7,1,7
2.02E+12,3,9,0,18,0,8,0,0,0,0,0,1,6,1,35,6,1796,1,10,6,1,6
2.02E+12,1,8,0,4,2,1,0,0,0,0,3,1,1,1,72,10,2148,2,8,5,1,5
2.02E+12,1,9,0,17,0,1,0,0,0,0,4,1,6,2,32,6,1799,1,8,8,1,8
2.02E+12,1,3,0,9,0,8,0,0,0,0,3,1,6,1,35,6,125,1,4,3,1,3
2.02E+12,2,3,0,9,0,8,0,0,0,0,1,1,6,1,19,4,124,1,13,1,1,1
2.02E+12,1,9,0,7,0,6,0,0,0,0,3,1,6,1,33,6,2143,2,1,6,1,6
2.02E+12,2,5,0,18,0,8,1,0,0,0,1,1,6,1,26,6,999,1,8,6,1,6
2.02E+12,3,5,0,18,0,1,5,0,5,4,1,1,6,1,30,6,999,1,7,3,1,3
2.02E+12,4,5,0,18,0,8,0,0,0,0,0,1,6,1,39,7,750,1,5,3,1,3
2.02E+12,1,9,0,18,0,8,0,0,0,0,4,1,2,1,28,6,1598,1,8,4,1,4
2.02E+12,1,9,0,12,0,1,0,0,0,0,1,1,1,1,33,6,1240,1,13,2,1,2
2.02E+12,1,9,0,5,0,1,0,0,0,0,4,1,6,2,24,5,875,1,1,9,1,9
2.02E+12,1,9,0,5,0,8,0,0,0,0,1,1,6,1,29,6,1242,1,11,1,1,1
2.02E+12,1,19,0,6,0,2,0,0,0,0,3,1,2,1,31,6,1998,2,12,4,1,4
2.02E+12,2,5,0,18,0,2,0,0,0,0,1,1,1,1,30,6,599,1,14,3,1,3
2.02E+12,1,9,0,10,0,8,0,0,0,0,1,1,1,2,46,8,1497,1,13,1,1,1
2.02E+12,1,9,0,4,0,1,0,0,0,0,1,1,2,2,38,7,1968,2,4,4,1,4
2.02E+12,2,9,0,4,0,1,0,0,0,0,2,1,2,2,30,6,1796,1,5,3,1,3
2.02E+12,3,9,0,4,0,1,0,0,0,0,2,1,2,2,54,8,1995,1,11,9,1,9
2.02E+12,1,9,0,18,0,4,0,0,0,0,2,1,6,2,59,9,1598,2,3,5,1,5
2.02E+12,2,9,0,4,0,1,0,0,0,0,1,1,2,1,30,6,1999,2,2,2,1,2
2.02E+12,2,9,0,3,0,1,0,0,0,0,2,1,3,1,53,8,1998,1,11,7,1,7
2.02E+12,3,9,0,18,0,1,0,0,0,0,1,1,6,2,43,7,1968,2,3,2,1,2
2.02E+12,1,10,0,18,0,2,0,0,0,0,1,1,1,1,51,8,2143,2,7,1,1,1
2.02E+12,1,9,0,10,0,8,0,0,0,0,4,1,6,2,18,4,1242,1,5,7,1,7
2.02E+12,1,9,0,4,0,1,0,0,0,0,2,1,6,1,45,7,2979,1,13,8,1,8
2.02E+12,2,3,0,18,0,1,0,0,0,0,1,1,6,1,22,5,124,1,2,6,1,6
2.02E+12,1,8,0,18,2,1,0,0,0,0,4,1,1,1,48,8,2499,2,10,3,1,3
2.02E+12,1,9,0,10,0,8,0,0,0,0,1,1,6,1,65,9,1997,2,2,3,1,3
2.02E+12,2,5,0,18,0,8,0,0,0,0,1,1,6,1,49,8,998,1,7,2,1,2
2.02E+12,1,9,0,16,0,1,0,0,0,0,1,1,6,1,41,7,1240,1,13,2,1,2
2.02E+12,2,21,1,16,0,1,0,0,0,0,4,1,1,1,56,9,4580,2,9,3,1,3
2.02E+12,1,9,0,5,0,2,0,0,0,0,1,1,1,1,34,6,1596,1,8,2,1,2
2.02E+12,1,11,0,18,0,1,0,0,0,0,2,1,1,1,47,8,9000,2,8,2,1,2
2.02E+12,2,11,0,4,0,1,0,0,0,0,1,1,1,2,56,9,6696,2,4,1,1,1
2.02E+12,1,11,0,5,8,6,0,0,0,0,0,1,1,1,36,7,4500,2,6,2,1,2
2.02E+12,1,9,0,18,0,1,0,0,0,0,3,1,2,1,46,8,1596,1,13,5,1,5
2.02E+12,2,5,0,4,0,1,0,0,0,0,2,1,2,1,21,5,656,1,10,4,1,4
2.02E+12,1,9,0,13,0,1,0,0,7,0,1,1,6,2,32,6,1149,1,3,3,1,3
2.02E+12,2,9,0,3,0,1,0,0,0,0,2,1,6,2,37,7,1598,1,11,2,1,2
2.02E+12,1,9,0,9,0,5,0,0,0,0,1,1,6,2,45,7,1363,2,15,5,1,5
2.02E+12,1,3,0,18,0,2,1,0,0,0,4,1,6,1,17,4,124,1,5,6,1,6
2.02E+12,2,11,0,18,0,2,0,0,0,0,3,1,1,1,34,6,9360,2,8,4,1,4
2.02E+12,1,9,0,5,0,1,0,0,0,0,1,1,6,1,65,9,1240,1,12,1,1,1
2.02E+12,1,4,0,3,0,1,0,0,0,0,2,1,6,1,22,5,278,1,4,3,1,3
2.02E+12,1,9,0,3,0,1,0,4,0,0,1,1,6,1,35,6,1598,2,5,5,1,5
2.02E+12,2,9,0,1,0,1,0,4,1,0,2,1,6,1,32,6,1388,1,16,2,1,2
2.02E+12,1,3,0,13,0,8,0,0,0,0,1,1,6,2,37,7,125,1,4,3,1,3
2.02E+12,2,9,0,9,0,8,0,0,0,0,3,1,6,2,29,6,1364,1,2,4,1,4
2.02E+12,1,11,0,4,2,2,0,0,0,0,0,1,1,1,50,8,4500,2,2,3,1,3
2.02E+12,1,19,0,18,0,2,0,0,0,0,1,1,1,1,55,8,2198,2,1,5,1,5
2.02E+12,1,9,0,18,0,2,0,0,0,0,1,1,6,1,72,10,1298,1,21,5,1,5
2.02E+12,1,9,0,6,0,1,0,0,0,0,4,1,1,1,48,8,1560,2,5,2,1,2
2.02E+12,2,9,0,7,0,5,0,0,0,0,2,1,6,2,67,10,1396,1,3,7,1,7
2.02E+12,3,11,0,18,0,1,0,0,0,0,1,1,1,1,58,9,5132,2,2,10,1,10
2.02E+12,1,9,0,6,0,8,0,0,0,0,2,1,3,2,33,6,1461,2,2,8,1,8
2.02E+12,2,19,0,10,0,6,0,0,0,0,4,1,1,1,42,7,2500,2,11,1,1,1
2.02E+12,1,9,0,9,0,1,0,0,0,0,4,2,2,2,30,6,999,1,4,4,1,4
2.02E+12,1,3,0,18,0,1,0,0,0,0,1,1,6,1,17,4,125,1,1,2,1,2
2.02E+12,1,9,0,9,0,6,0,0,0,0,1,1,6,1,58,9,1598,1,15,3,1,3
2.02E+12,1,9,0,18,0,8,0,0,0,0,2,1,6,2,46,8,1598,2,7,2,1,2
2.02E+12,2,9,0,18,0,8,0,0,0,0,2,1,6,1,30,6,1399,2,5,3,1,3
2.02E+12,3,9,0,18,0,8,0,0,1,0,4,1,6,1,59,9,2967,2,3,4,1,4
2.02E+12,1,9,0,18,0,2,0,0,0,0,1,1,6,2,31,6,1596,1,14,3,1,3
2.02E+12,1,11,0,5,2,1,0,0,0,0,0,1,1,1,47,8,6692,2,7,3,1,3
2.02E+12,1,9,0,4,0,1,0,0,0,0,3,1,6,2,86,11,1339,1,14,10,1,10
2.02E+12,2,9,0,9,0,2,0,0,0,0,1,1,6,1,27,6,1600,1,13,5,1,5
2.02E+12,1,9,0,18,0,1,0,0,0,0,1,1,6,1,24,5,2000,1,16,9,1,9
2.02E+12,2,3,0,18,0,1,0,0,0,0,2,1,6,1,20,4,124,1,2,3,1,3
2.02E+12,2,4,0,18,0,1,0,0,0,0,1,1,2,1,22,5,124,1,2,4,1,4
2.02E+12,1,9,0,9,0,4,0,0,0,0,1,1,2,1,64,9,1329,1,6,6,2,6
2.02E+12,2,9,0,17,0,4,0,0,0,0,1,1,2,2,37,7,998,1,5,7,1,7
2.02E+12,1,8,0,18,0,1,0,0,0,0,1,1,1,1,51,8,1339,8,6,2,1,2
2.02E+12,1,9,0,18,0,1,0,0,0,0,2,1,6,2,45,7,2987,2,11,4,1,4
2.02E+12,2,3,0,18,0,1,0,0,1,0,1,1,6,1,24,5,124,1,16,3,1,3
2.02E+12,1,9,0,18,0,1,0,0,0,0,1,1,6,2,43,7,998,1,15,2,1,2
2.02E+12,2,9,0,9,0,6,0,0,0,0,1,1,6,1,20,4,1229,1,10,1,1,1
2.02E+12,2,2,0,13,0,1,5,0,0,0,1,1,2,1,28,6,108,1,1,2,1,2
2.02E+12,1,9,0,9,0,5,0,0,0,0,1,1,6,1,22,5,1390,1,13,4,1,4
2.02E+12,2,19,0,14,0,8,1,0,1,0,4,1,1,1,30,6,2198,2,1,2,1,2
2.02E+12,1,4,0,18,0,1,0,0,0,0,1,1,6,1,25,5,124,1,2,1,1,1
2.02E+12,2,8,0,7,0,2,0,0,0,0,3,1,1,1,29,6,1798,8,2,2,1,2
2.02E+12,1,9,0,18,9,1,0,0,7,2,1,1,2,1,32,6,1582,2,2,9,1,9
2.02E+12,1,11,0,5,0,1,0,0,0,0,0,1,6,1,52,8,9360,2,4,8,1,8
2.02E+12,1,8,0,4,0,6,0,0,0,0,3,1,1,1,54,8,1797,8,7,3,1,3
2.02E+12,1,9,0,4,0,1,0,0,0,0,2,1,6,1,26,6,1995,2,8,3,1,3
2.02E+12,1,9,0,17,0,8,0,0,0,0,3,1,6,2,39,7,1968,2,12,6,1,6
2.02E+12,1,9,0,5,0,8,0,0,0,0,1,1,6,1,50,8,1997,2,1,2,1,2
2.02E+12,1,9,0,18,0,1,0,0,0,0,1,1,6,1,42,7,1497,8,10,7,3,7
2.02E+12,2,9,0,9,0,8,0,0,0,0,1,1,3,2,36,7,1560,2,4,3,1,3
2.02E+12,1,9,0,7,0,1,0,0,0,0,4,1,6,1,36,7,1461,2,3,6,1,6
2.02E+12,1,9,0,18,0,8,1,0,0,0,3,1,6,2,33,6,2179,2,4,2,1,2
2.02E+12,2,9,0,9,0,8,0,0,0,0,1,1,6,2,33,6,1397,1,14,2,1,2
2.02E+12,1,3,0,3,0,1,0,0,0,0,3,1,1,1,27,6,124,1,2,3,1,3
2.02E+12,2,20,0,18,0,1,0,0,0,0,4,1,1,1,36,7,4500,2,2,2,1,2
2.02E+12,1,9,0,7,0,8,0,0,0,0,2,1,6,1,40,7,1598,1,8,2,1,2
2.02E+12,1,5,0,13,0,1,0,10,0,0,1,1,2,1,44,7,999,1,10,7,1,7
2.02E+12,1,11,0,5,0,1,0,0,0,0,3,1,1,1,36,7,4500,2,1,2,1,2
2.02E+12,2,21,0,3,0,1,0,0,0,0,4,1,1,1,26,6,5900,2,10,5,1,5
2.02E+12,1,9,0,7,0,6,0,0,0,0,1,2,6,1,53,8,1596,1,8,4,1,4
2.02E+12,1,9,0,7,0,1,0,0,0,0,4,1,6,1,66,10,2902,2,13,7,1,7
2.02E+12,1,11,0,18,0,8,0,0,0,0,1,1,1,1,58,9,3900,2,14,3,1,3
2.02E+12,2,9,0,18,0,8,0,0,0,0,3,1,6,1,32,6,1956,2,6,4,1,4
2.02E+12,1,8,0,9,0,1,0,0,0,0,1,1,6,1,38,7,998,1,3,6,1,6
2.02E+12,2,9,0,7,0,5,0,0,0,0,2,1,1,1,35,6,1560,2,3,3,1,3
2.02E+12,1,9,0,9,0,1,0,0,1,0,3,1,6,2,18,4,1596,1,12,6,3,6
2.02E+12,1,9,0,5,0,1,0,0,0,0,3,1,6,2,24,5,1595,1,2,1,1,1
2.02E+12,1,5,0,11,0,2,5,0,0,0,2,1,2,1,58,9,998,1,13,4,1,4
2.02E+12,2,9,0,18,0,2,0,0,0,0,1,1,2,1,52,8,1299,1,16,7,1,7
2.02E+12,3,9,0,18,0,2,0,0,0,0,1,1,2,2,39,7,999,1,9,7,1,7
2.02E+12,1,11,0,18,0,2,0,0,0,0,0,1,1,1,52,8,7300,2,11,9,1,9
2.02E+12,1,9,0,9,0,1,0,0,0,0,4,1,6,1,32,6,2979,1,2,1,1,1
2.02E+12,1,19,0,7,0,1,0,0,0,0,2,1,1,1,39,7,2198,2,9,3,1,3
2.02E+12,1,3,0,14,0,1,1,0,0,0,1,1,1,1,19,4,124,1,7,5,1,5
2.02E+12,1,9,0,17,0,8,0,0,0,0,1,1,2,2,23,5,1229,1,4,4,1,4
2.02E+12,1,2,0,13,0,2,1,0,0,0,3,1,6,1,44,7,125,1,6,2,1,2
2.02E+12,1,9,0,18,0,1,0,7,1,10,1,1,6,2,79,11,1560,2,3,4,1,4
2.02E+12,1,9,0,9,0,1,0,0,0,0,1,1,6,2,48,8,1198,1,14,3,1,3
2.02E+12,2,9,0,18,0,3,0,0,0,0,4,1,6,1,45,7,1242,1,3,8,1,8
2.02E+12,1,19,0,15,0,2,0,0,0,0,4,1,1,1,65,9,2198,2,3,2,1,2
2.02E+12,1,21,0,18,0,3,0,0,0,0,2,1,1,1,63,9,4461,2,9,2,1,2
2.02E+12,2,9,0,18,0,3,0,0,0,0,4,1,6,1,21,5,1560,2,6,3,1,3
2.02E+12,1,9,0,16,0,8,0,0,0,0,4,1,6,1,77,11,2435,1,19,1,1,1
2.02E+12,1,8,0,4,0,1,0,0,0,0,1,1,6,1,35,6,1598,2,5,3,1,3
2.02E+12,1,9,0,18,0,1,0,0,0,0,4,1,6,2,56,9,1794,1,12,2,1,2
2.02E+12,1,3,0,18,0,2,5,0,0,0,3,1,6,1,21,5,124,1,11,6,1,6
2.02E+12,1,9,0,9,0,8,0,0,0,0,1,1,6,1,36,7,1968,2,2,5,1,5
2.02E+12,1,5,0,18,0,1,0,0,0,0,1,1,6,1,45,7,599,1,16,3,1,3
2.02E+12,2,9,0,9,0,6,0,0,0,0,3,1,6,2,67,10,1339,1,9,9,1,9
2.02E+12,1,9,0,1,0,1,0,0,3,0,2,1,6,1,29,6,1560,2,1,5,1,5
2.02E+12,1,5,0,18,0,1,0,0,0,0,3,1,2,1,41,7,599,1,8,1,1,1
2.02E+12,1,9,0,7,0,1,0,0,0,0,2,1,6,2,45,7,1968,2,7,9,1,9
2.02E+12,1,9,0,9,0,8,0,0,0,0,4,1,6,1,24,5,1200,1,3,9,1,9
2.02E+12,2,5,0,18,0,8,0,0,0,0,1,1,6,1,30,6,645,1,12,3,1,3
2.02E+12,1,9,0,5,0,4,0,0,0,0,1,1,6,1,37,7,1968,2,9,3,1,3
2.02E+12,2,5,0,5,0,4,0,0,0,0,2,1,6,1,32,6,599,1,5,3,1,3
2.02E+12,1,8,0,1,0,1,0,0,0,0,2,1,1,1,33,6,1797,8,7,2,1,2
2.02E+12,1,9,0,18,0,8,0,0,0,0,1,1,6,2,23,5,1149,1,10,2,1,2
2.02E+12,1,11,0,7,0,8,0,0,0,0,4,1,1,1,53,8,4250,2,8,4,1,4
2.02E+12,1,9,0,18,0,1,0,0,0,0,1,1,6,2,37,7,1984,1,7,7,1,7
2.02E+12,2,9,0,18,0,1,0,0,0,0,1,1,6,1,45,7,1398,2,13,3,1,3
2.02E+12,1,9,0,18,9,1,0,0,3,4,1,1,6,1,48,8,1896,2,9,3,1,3
2.02E+12,1,11,0,18,0,1,0,0,0,0,0,1,6,1,48,8,5132,2,2,2,1,2
2.02E+12,2,3,0,18,0,1,1,0,0,0,0,1,6,1,31,6,125,1,11,6,1,6
2.02E+12,1,8,0,18,0,2,0,7,0,0,1,1,1,1,40,7,1956,2,4,2,1,2
2.02E+12,1,9,0,1,0,1,0,0,0,0,2,1,6,2,42,7,1796,1,13,3,1,3
2.02E+12,1,9,0,10,0,6,0,0,0,0,1,1,6,2,65,9,1600,1,13,6,1,6
2.02E+12,1,9,0,18,0,8,1,0,1,10,4,1,6,2,31,6,1598,1,5,2,1,2
2.02E+12,2,9,0,7,0,8,0,0,0,0,1,1,6,1,30,6,1124,1,12,3,1,3
2.02E+12,1,2,0,18,2,8,0,0,0,0,1,1,2,1,43,7,125,1,1,3,1,3
2.02E+12,2,9,0,7,0,8,0,0,0,0,2,1,6,1,30,6,2171,1,16,4,1,4
2.02E+12,1,11,0,9,0,3,0,0,0,0,0,1,1,1,61,9,4500,2,8,2,1,2
2.02E+12,1,9,0,7,0,6,0,0,0,0,1,1,6,1,78,11,1198,1,12,2,1,2
2.02E+12,1,9,0,9,0,1,0,0,0,0,1,1,6,2,57,9,1998,1,11,8,1,8
2.02E+12,2,3,0,18,0,1,0,0,0,0,1,1,2,1,28,6,125,1,1,6,1,6
2.02E+12,1,9,0,18,0,3,0,0,1,0,1,1,6,2,33,6,1398,1,1,3,1,3
2.02E+12,2,9,0,18,0,2,0,0,0,0,1,1,2,2,39,7,998,1,4,6,1,6
2.02E+12,2,9,0,18,0,8,0,0,0,0,1,1,6,2,37,7,1395,1,1,7,1,7
2.02E+12,1,9,0,5,0,1,0,4,0,0,2,1,6,2,58,9,1997,1,14,4,1,4
2.02E+12,2,9,0,3,0,1,0,0,0,0,2,1,6,1,43,7,1197,1,1,4,1,4
2.02E+12,2,9,0,3,0,1,0,0,0,0,2,1,6,1,66,10,3189,1,13,8,1,8
2.02E+12,1,9,0,9,0,5,0,0,0,0,3,1,6,1,42,7,2143,2,2,7,1,7
2.02E+12,1,9,0,3,0,1,0,0,0,0,3,1,6,1,56,9,1598,1,4,4,1,4
2.02E+12,1,9,0,1,0,2,0,4,0,0,2,1,6,1,40,7,2148,2,15,6,1,6
2.02E+12,1,19,0,18,0,8,0,0,0,0,1,1,2,1,46,8,1996,2,6,5,1,5
2.02E+12,1,9,0,7,0,8,0,0,0,0,2,1,6,1,24,5,1598,2,4,7,1,7
2.02E+12,1,3,0,18,0,1,0,0,0,0,1,1,2,1,26,6,124,1,5,3,1,3
2.02E+12,2,9,0,18,0,8,0,0,0,0,2,2,6,1,66,10,1998,1,16,4,1,4
2.02E+12,1,11,0,18,0,1,0,0,0,0,1,1,6,1,51,8,4500,2,2,2,1,2
2.02E+12,1,9,0,7,2,8,0,0,0,0,0,1,6,1,26,6,2143,2,1,4,1,4
2.02E+12,2,11,0,18,2,8,0,0,0,0,0,1,1,1,36,7,4461,2,3,3,1,3
2.02E+12,1,11,0,4,0,1,0,0,0,0,0,1,1,1,47,8,6692,2,8,6,1,6
2.02E+12,1,9,0,1,0,2,0,0,0,0,2,1,6,1,40,7,1984,1,17,3,1,3
2.02E+12,1,9,0,18,0,2,0,0,0,0,3,2,6,1,43,7,1598,1,11,2,1,2
2.02E+12,1,9,0,9,0,5,0,0,0,0,3,1,6,2,31,6,2996,1,1,6,1,6
2.02E+12,2,3,0,14,0,1,5,0,0,0,1,1,6,1,22,5,125,1,1,6,1,6
2.02E+12,1,9,0,4,0,2,0,0,0,0,1,1,6,2,49,8,1596,1,7,4,1,4
2.02E+12,2,9,0,4,0,2,0,0,0,0,2,1,6,1,46,8,1998,1,13,9,1,9
2.02E+12,1,9,0,9,0,6,0,0,0,0,3,1,6,1,29,6,1339,1,10,9,1,9
2.02E+12,2,9,0,18,0,8,0,0,0,0,1,1,6,2,42,7,1395,1,3,10,1,10
2.02E+12,1,9,0,9,0,8,0,0,0,0,1,1,2,1,45,7,1968,2,8,3,1,3
2.02E+12,1,9,0,9,0,6,0,0,0,0,3,1,6,1,21,5,1400,1,11,5,1,5
2.02E+12,2,2,0,18,0,6,0,0,0,0,1,1,2,1,33,6,125,1,4,5,1,5
2.02E+12,1,11,0,5,0,1,0,0,0,0,0,1,1,1,44,7,6700,2,5,5,1,5
2.02E+12,1,9,0,6,0,2,0,0,0,0,2,1,1,1,44,7,1968,2,3,1,1,1
2.02E+12,1,5,0,5,0,4,5,0,0,0,3,1,6,1,29,6,599,1,14,3,1,3
2.02E+12,2,21,1,5,0,4,0,0,0,0,1,1,1,1,34,6,10837,2,2,5,1,5
2.02E+12,1,9,0,3,0,1,0,0,0,0,2,1,6,2,34,6,998,1,6,6,1,6
2.02E+12,2,9,0,5,0,1,0,0,0,0,1,1,6,1,46,8,1390,1,12,6,1,6
2.02E+12,1,9,0,9,0,1,0,0,0,0,3,1,6,2,28,6,1586,1,9,7,1,7
2.02E+12,1,5,0,4,0,1,5,0,0,0,1,1,6,1,57,9,998,1,16,6,1,6
2.02E+12,1,9,0,8,9,6,0,0,0,0,2,1,6,1,23,5,1240,1,14,3,1,3
2.02E+12,2,9,0,8,0,1,0,0,0,0,1,1,6,1,41,7,1560,2,10,5,1,5
2.02E+12,2,9,0,9,0,1,0,0,0,0,4,2,6,1,20,4,1598,1,4,4,1,4
2.02E+12,1,9,0,18,0,2,0,4,0,0,1,1,6,2,20,4,1390,1,6,7,1,7
2.02E+12,1,9,0,9,0,5,0,0,0,0,4,1,6,2,56,9,1386,1,11,3,1,3
2.02E+12,1,9,0,4,0,1,0,0,0,0,2,1,1,1,54,8,1968,2,6,3,1,3
2.02E+12,2,9,0,18,0,1,0,0,0,0,1,1,6,2,28,6,1598,2,4,1,1,1
2.02E+12,1,9,0,9,0,8,0,0,0,0,1,1,6,2,46,8,1364,1,3,2,1,2
2.02E+12,1,11,0,18,2,6,0,0,0,0,0,1,1,1,63,9,4500,2,3,7,1,7
2.02E+12,1,11,0,9,0,1,0,0,0,0,0,1,1,1,32,6,6700,2,8,1,1,1
2.02E+12,1,3,0,18,0,1,0,0,0,0,0,1,1,1,42,7,108,1,1,7,1,7
2.02E+12,2,9,0,18,0,5,0,0,0,0,0,1,6,1,27,6,1910,2,9,6,1,6
2.02E+12,2,9,0,9,0,1,0,0,0,0,1,1,1,1,51,8,1796,1,15,1,1,1
2.02E+12,1,9,0,5,0,2,0,0,0,0,1,1,6,1,23,5,2497,1,11,3,1,3
2.02E+12,1,3,0,13,0,1,0,0,1,0,4,1,1,1,26,6,108,1,5,3,1,3
2.02E+12,1,11,0,18,0,2,0,0,0,0,4,1,1,1,61,9,4500,2,2,4,1,4
2.02E+12,1,9,0,18,0,8,0,10,3,1,1,1,6,1,25,5,995,1,8,3,1,3
2.02E+12,1,9,0,18,0,1,0,0,0,0,3,1,6,1,43,7,1685,2,5,6,1,6
2.02E+12,1,19,0,6,0,5,0,0,0,0,3,1,1,1,26,6,2198,2,1,5,1,5
2.02E+12,2,3,0,13,0,8,5,0,0,0,1,1,1,1,27,6,125,1,3,6,1,6
2.02E+12,1,9,0,18,0,1,5,10,0,0,4,1,6,1,49,8,1596,1,15,3,1,3
2.02E+12,2,9,0,18,0,1,0,10,0,0,3,1,1,1,37,7,1997,2,7,10,1,10
2.02E+12,1,19,0,18,0,1,0,0,0,0,1,1,1,1,27,6,1686,2,7,3,1,3
2.02E+12,1,9,0,10,0,1,0,0,0,0,1,2,6,1,41,7,1598,2,3,3,1,3
2.02E+12,2,3,0,18,0,1,0,0,0,0,1,1,6,1,23,5,108,1,3,5,1,5
2.02E+12,1,8,0,18,0,8,0,0,0,0,3,1,1,1,49,8,1956,2,3,3,1,3
2.02E+12,2,9,0,18,0,8,0,0,0,0,1,1,6,1,30,6,2143,2,5,2,1,2
2.02E+12,1,9,0,9,0,8,0,0,0,0,4,1,6,1,59,9,1587,1,11,7,1,7
2.02E+12,2,3,0,18,0,8,0,0,0,0,1,1,1,1,28,6,108,1,1,5,1,5
2.02E+12,1,9,0,9,0,1,0,0,0,0,1,1,6,1,32,6,2494,8,3,3,1,3
2.02E+12,2,3,0,18,0,1,0,0,0,0,1,1,2,1,29,6,125,1,4,1,1,1
2.02E+12,1,9,0,7,0,1,0,0,0,0,4,1,6,1,51,8,2993,2,3,7,1,7
2.02E+12,2,9,0,5,4,6,0,0,0,0,2,1,6,1,59,9,1796,1,3,5,1,5
2.02E+12,1,3,0,18,0,2,0,0,0,0,1,1,6,1,23,5,125,1,6,6,1,6
2.02E+12,2,9,0,9,0,1,0,0,0,0,1,1,6,1,83,11,1998,2,4,8,1,8
2.02E+12,1,9,0,7,0,1,0,0,0,0,4,1,6,1,28,6,1596,1,15,5,1,5
2.02E+12,1,9,0,18,0,1,0,0,0,0,1,1,6,1,47,8,1796,1,12,2,1,2
2.02E+12,1,9,0,18,0,2,0,0,0,0,1,1,6,2,29,6,1796,1,13,5,1,5
2.02E+12,1,9,0,5,0,1,0,0,0,0,1,1,6,1,60,9,2148,2,12,3,1,3
2.02E+12,2,9,0,18,0,1,0,0,0,0,3,1,6,2,33,6,1598,1,4,3,1,3
2.02E+12,1,9,0,18,0,1,0,0,0,0,1,1,2,1,19,4,1397,1,16,7,1,7
2.02E+12,1,9,0,18,0,1,0,0,0,0,4,1,6,1,65,9,2231,2,10,4,1,4
2.02E+12,1,9,0,3,0,2,0,0,0,0,0,1,6,2,61,9,1984,1,3,4,1,4
2.02E+12,1,9,0,8,0,1,0,0,0,0,1,1,6,1,39,7,1596,1,9,3,1,3
2.02E+12,1,9,0,18,0,1,0,0,0,0,1,1,6,1,34,6,1997,2,11,6,1,6
2.02E+12,2,9,0,3,0,1,0,0,0,0,2,1,6,1,50,8,1998,1,15,3,1,3
2.02E+12,1,9,0,3,0,2,0,0,0,0,1,1,6,1,19,4,999,1,3,8,1,8
2.02E+12,1,9,0,7,0,1,0,0,0,0,3,1,6,1,59,9,2597,1,16,7,1,7
2.02E+12,2,5,0,13,0,1,0,10,0,0,4,1,6,1,30,6,998,1,4,5,1,5
2.02E+12,3,9,0,3,0,1,0,0,0,0,4,1,6,1,45,7,1995,2,10,10,1,10
2.02E+12,1,8,0,18,0,1,0,0,0,0,1,1,1,1,39,7,1997,2,2,2,1,2
2.02E+12,2,3,0,4,0,1,0,0,0,0,2,1,6,1,33,6,125,1,8,4,1,4
2.02E+12,2,9,0,12,0,8,0,0,0,0,2,1,6,1,26,6,1956,2,4,3,1,3
2.02E+12,1,8,0,9,0,8,0,0,0,0,1,1,1,1,25,5,1797,8,5,6,1,6
2.02E+12,2,9,0,9,0,8,0,0,0,0,3,1,6,1,28,6,1299,1,13,1,1,1
2.02E+12,1,9,0,9,0,5,0,0,0,0,1,1,6,1,70,10,2656,1,14,2,1,2
2.02E+12,1,3,0,18,0,8,0,0,0,0,1,1,1,1,29,6,108,1,1,10,1,10
2.02E+12,1,9,0,18,0,1,0,0,0,0,3,1,6,1,48,8,2401,2,12,1,1,1
2.02E+12,1,9,0,3,0,2,0,0,0,0,2,1,2,1,54,8,1596,1,12,6,1,6
2.02E+12,2,5,0,18,0,2,0,0,0,0,1,1,6,1,67,10,1064,1,9,3,1,3
2.02E+12,1,4,0,13,0,1,2,0,7,10,1,1,6,1,26,6,499,1,13,6,1,6