Accident_Index,Vehicle_Reference,Vehicle_Type,Towing_and_Articulation,Vehicle_Manoeuvre,Vehicle_Location-Restricted_Lane,Junction_Location,Skidding_and_Overturning,Hit_Object_in_Carriageway,Vehicle_Leaving_Carriageway,Hit_Object_off_Carriageway,1st_Point_of_Impact,Was_Vehicle_Left_Hand_Drive?,Journey_Purpose_of_Driver,Sex_of_Driver,Age_of_Driver,Age_Band_of_Driver,Engine_Capacity_(CC),Propulsion_Code,Age_of_Vehicle,Driver_IMD_Decile,Driver_Home_Area_Type,Vehicle_IMD_Decile
2.02E+12,2,9,0,9,0,8,0,0,0,0,3,1,6,1,59,9,2926,2,15,8,1,8
2.02E+12,1,9,0,11,0,2,0,0,0,0,4,1,6,2,37,7,1968,2,3,9,1,9
2.02E+12,2,3,0,18,0,2,1,0,0,0,3,1,6,2,37,7,124,1,11,5,1,5
2.02E+12,1,9,0,9,0,6,0,0,0,0,3,1,6,2,29,6,1242,1,4,6,1,6
2.02E+12,1,9,0,18,0,1,0,0,0,0,4,1,6,2,70,10,1796,1,17,2,1,2
2.02E+12,2,9,0,10,0,1,0,0,0,0,2,1,6,2,50,8,1600,1,12,8,1,8
2.02E+12,1,9,0,18,0,1,1,0,0,0,1,1,6,1,32,6,1596,1,11,4,1,4
2.02E+12,2,9,0,9,0,1,1,0,0,0,3,1,6,2,25,5,999,1,9,8,1,8
2.02E+12,1,11,0,4,2,1,0,0,0,0,0,1,1,1,33,6,4500,2,6,2,1,2
2.02E+12,1,9,0,18,0,1,0,0,7,10,2,1,6,1,51,8,1560,2,1,2,1,2
2.02E+12,1,2,0,10,0,1,0,0,0,0,2,1,6,1,22,5,125,1,3,2,1,2
2.02E+12,1,9,0,5,0,1,0,0,0,0,1,1,2,1,45,7,1896,2,8,4,1,4
2.02E+12,1,5,0,8,0,5,5,0,0,0,0,1,6,1,35,6,998,1,9,8,1,8
2.02E+12,1,9,0,16,0,8,0,0,0,0,1,1,6,2,27,6,1995,1,7,3,1,3
2.02E+12,2,9,0,3,0,1,0,0,0,0,1,1,6,1,56,9,1968,2,5,2,1,2
2.02E+12,1,3,0,7,0,8,0,0,0,0,2,1,6,1,35,6,124,1,4,2,1,2
2.02E+12,2,9,0,18,0,1,0,0,0,0,3,1,6,2,29,6,1988,1,14,9,3,9
2.02E+12,1,9,0,1,0,1,0,0,0,0,2,1,1,1,20,4,1349,1,3,3,1,3
2.02E+12,1,8,0,9,0,5,0,0,0,0,4,1,1,1,51,8,1598,1,5,6,1,6
2.02E+12,1,19,0,4,0,1,0,0,0,0,4,1,1,1,49,8,1560,2,10,4,1,4
2.02E+12,1,9,0,18,0,8,0,0,0,0,4,1,6,2,32,6,998,1,4,7,3,7
2.02E+12,1,21,1,18,0,1,0,0,0,0,1,1,1,1,43,7,12809,2,3,4,1,4
2.02E+12,1,9,0,9,0,7,0,0,0,0,1,1,1,1,40,7,1995,2,5,5,1,5
2.02E+12,1,8,0,5,9,6,0,0,0,0,1,1,1,1,54,8,1997,2,7,2,1,2
2.02E+12,1,9,0,9,0,5,0,0,0,0,2,1,6,1,35,6,1364,1,11,3,1,3
2.02E+12,2,9,0,18,0,5,0,0,0,0,1,1,6,1,22,5,1995,2,5,5,1,5
2.02E+12,1,9,0,4,0,1,0,0,0,0,1,1,1,1,67,10,1560,2,9,4,1,4
2.02E+12,1,5,0,18,0,1,0,0,0,0,1,1,2,1,43,7,883,1,2,5,1,5
2.02E+12,1,9,0,18,0,1,0,0,0,0,1,1,6,2,38,7,1497,8,2,2,1,2
2.02E+12,1,9,0,18,0,8,0,0,0,0,3,1,6,1,74,10,1896,2,13,3,1,3
2.02E+12,2,9,0,18,0,8,0,0,0,0,4,1,6,1,32,6,1339,1,14,5,1,5
2.02E+12,1,9,0,4,0,2,0,0,0,0,1,1,6,2,45,7,2231,2,11,3,1,3
2.02E+12,2,9,0,4,0,2,0,0,0,0,2,1,4,2,70,10,1339,1,10,5,1,5
2.02E+12,3,9,0,4,0,2,0,0,0,0,2,1,6,1,44,7,1797,8,8,4,1,4
2.02E+12,1,11,0,3,0,1,0,0,0,0,0,1,1,1,52,8,4500,2,2,7,1,7
2.02E+12,2,5,0,14,0,1,0,0,0,0,1,1,6,1,34,6,599,1,15,4,1,4
2.02E+12,1,4,0,18,0,8,0,0,0,0,0,1,2,1,52,8,278,1,6,3,1,3
2.02E+12,1,9,0,18,9,2,1,10,1,2,1,1,2,1,47,8,2143,2,7,2,1,2
2.02E+12,2,9,0,5,0,1,0,0,0,0,1,1,6,1,47,8,1968,2,6,7,1,7
2.02E+12,1,8,0,16,2,7,0,0,0,0,1,1,1,1,40,7,2499,2,7,7,1,7
2.02E+12,1,9,0,5,0,4,0,0,0,0,2,1,6,2,40,7,2179,2,3,2,1,2
2.02E+12,2,9,0,18,0,4,0,4,0,0,1,1,6,1,32,6,1388,1,10,5,1,5
2.02E+12,1,9,0,18,0,1,0,7,0,0,1,1,2,1,66,10,1598,2,5,4,1,4
2.02E+12,1,11,0,4,0,2,0,0,0,0,0,1,6,1,23,5,6700,2,6,2,1,2
2.02E+12,1,9,0,18,0,1,0,0,0,0,4,1,6,1,26,6,1242,1,9,2,1,2
2.02E+12,1,9,0,5,0,4,0,0,0,0,2,1,6,1,20,4,998,1,2,5,1,5
2.02E+12,1,8,0,4,0,1,0,4,0,0,2,1,1,1,52,8,2499,2,2,2,1,2
2.02E+12,2,5,0,18,0,2,2,0,0,0,3,1,6,2,46,8,680,1,9,6,1,6
2.02E+12,1,3,0,18,0,8,0,0,0,0,1,1,6,1,19,4,124,1,8,1,1,1
2.02E+12,2,9,0,9,0,8,1,0,0,0,1,1,6,2,24,5,1496,2,1,1,1,1
2.02E+12,1,9,0,18,0,1,0,0,0,0,1,1,6,1,18,4,1364,1,10,2,1,2
2.02E+12,2,9,0,9,0,1,0,0,0,0,4,1,6,1,34,6,2000,1,11,4,1,4
2.02E+12,1,9,0,7,0,1,0,0,0,0,4,1,6,1,25,5,1991,2,14,2,1,2
2.02E+12,2,9,0,18,0,1,0,0,0,0,3,1,1,1,26,6,1150,1,13,5,1,5
2.02E+12,1,9,0,4,0,8,0,0,0,0,2,1,6,1,24,5,1242,1,2,2,1,2
2.02E+12,2,9,0,18,0,8,0,0,0,0,1,1,6,1,30,6,2460,2,12,1,1,1
2.02E+12,3,9,0,7,0,8,0,0,0,0,0,1,1,1,25,5,1560,2,3,2,1,2
2.02E+12,1,9,0,4,0,2,1,0,0,0,2,1,6,1,56,9,1995,1,13,5,1,5
2.02E+12,2,9,0,18,0,2,0,0,0,0,1,1,2,1,43,7,1998,2,11,9,1,9
2.02E+12,2,9,0,18,0,1,0,0,0,0,4,1,6,2,50,8,2143,2,2,4,1,4
2.02E+12,1,19,0,7,2,1,0,0,1,0,3,1,1,1,58,9,1560,2,1,10,1,10
2.02E+12,2,9,0,18,2,1,5,0,1,2,1,1,2,1,28,6,278,1,8,7,1,7
2.02E+12,1,9,0,18,0,1,0,0,0,0,2,1,6,1,54,8,1339,1,14,2,1,2
2.02E+12,1,9,0,18,0,2,0,0,0,0,2,1,6,1,47,8,1598,2,3,3,1,3
2.02E+12,1,19,0,9,0,8,0,0,0,0,1,1,1,1,46,8,2261,1,9,4,1,4
2.02E+12,1,9,0,3,0,4,0,0,0,0,2,1,6,1,30,6,1896,2,15,7,1,7
2.02E+12,2,9,0,18,0,4,0,0,0,0,1,1,6,1,23,5,1598,2,4,2,1,2
2.02E+12,1,9,0,9,0,8,0,0,0,0,1,1,6,2,21,5,1339,1,3,1,1,1
2.02E+12,2,5,0,18,0,8,0,0,0,0,1,1,2,1,31,6,599,1,16,4,1,4
2.02E+12,1,11,0,18,2,2,0,11,0,0,4,1,6,1,25,5,9360,2,7,3,1,3
2.02E+12,1,2,0,18,0,1,0,0,0,0,1,1,6,1,37,7,49,1,15,6,1,6
2.02E+12,2,9,0,9,0,5,0,0,0,0,3,1,1,1,44,7,1329,1,4,4,1,4
2.02E+12,1,9,0,3,0,8,0,0,0,0,2,1,6,2,67,10,1497,8,9,1,1,1
2.02E+12,1,9,0,5,0,1,0,0,0,0,1,1,3,2,43,7,1498,1,10,7,1,7
2.02E+12,1,9,0,4,0,1,0,0,0,0,1,1,6,2,37,7,1560,2,4,9,1,9
2.02E+12,1,19,0,18,0,1,0,0,0,0,1,1,6,1,26,6,2198,2,4,3,1,3
2.02E+12,2,9,0,4,0,1,0,0,0,0,2,1,6,2,70,10,1248,2,5,5,1,5
2.02E+12,4,19,0,4,0,1,0,0,0,0,2,1,1,1,30,6,1968,2,2,3,1,3
2.02E+12,1,8,0,18,0,1,0,0,0,0,1,1,1,1,44,7,2499,2,6,2,1,2
2.02E+12,1,9,0,18,0,1,0,0,0,0,4,1,1,2,38,7,1388,1,8,3,1,3
2.02E+12,1,9,0,18,0,2,0,0,0,0,1,1,6,1,19,4,998,1,4,10,1,10
2.02E+12,2,9,0,18,0,1,0,0,0,0,1,1,6,2,69,10,1364,1,11,4,1,4
2.02E+12,1,9,0,9,0,8,0,0,0,0,1,1,2,1,47,8,1587,1,14,5,1,5
2.02E+12,1,8,0,9,0,6,0,0,0,0,1,1,1,1,46,8,1560,2,3,2,1,2
2.02E+12,2,8,0,18,0,1,0,0,0,0,3,1,1,1,37,7,1997,2,4,5,1,5
2.02E+12,1,9,0,18,0,2,0,0,0,0,4,1,6,1,49,8,1560,2,6,2,1,2
2.02E+12,1,9,0,4,0,1,0,0,0,0,2,1,2,2,21,5,1197,1,2,2,1,2
2.02E+12,2,9,0,18,0,1,0,0,0,0,2,1,6,2,65,9,3628,2,9,3,1,3
2.02E+12,3,9,0,7,0,1,0,0,0,0,2,1,6,2,20,4,1364,1,8,4,1,4
2.02E+12,1,9,0,18,0,2,0,0,0,0,2,1,6,2,17,4,1398,1,1,5,1,5
2.02E+12,2,9,0,18,0,2,0,0,0,0,1,1,6,1,35,6,2993,2,3,8,3,8
2.02E+12,1,11,0,5,0,2,0,0,0,0,0,1,1,1,58,9,4760,2,4,2,1,2
2.02E+12,1,9,0,5,0,6,0,0,0,0,1,1,1,1,50,8,1598,2,3,7,1,7
2.02E+12,2,5,0,18,0,1,0,0,0,0,4,1,1,1,33,6,745,1,2,4,1,4
2.02E+12,2,9,0,18,9,1,1,0,0,0,1,1,6,1,21,5,1968,2,5,3,1,3
2.02E+12,1,9,0,3,0,1,0,0,0,0,3,1,6,2,53,8,1997,2,1,2,1,2
2.02E+12,2,21,1,5,0,2,0,0,0,0,4,1,1,1,51,8,10837,2,7,4,1,4
2.02E+12,1,5,0,17,0,1,5,0,0,0,3,1,2,1,46,8,749,1,16,10,1,10
2.02E+12,2,9,0,6,0,1,0,0,0,0,3,1,4,1,38,7,1398,1,5,2,1,2
2.02E+12,2,9,0,18,0,1,0,0,0,0,1,1,6,2,25,5,1198,1,8,4,1,4
2.02E+12,1,9,0,16,0,2,0,0,0,0,1,1,6,1,83,11,2997,1,1,9,1,9
2.02E+12,1,19,0,3,0,1,0,0,0,0,1,1,1,1,41,7,2143,2,2,4,1,4
2.02E+12,1,11,0,3,0,2,0,0,0,0,0,1,1,1,44,7,4461,2,4,3,1,3
2.02E+12,1,19,0,5,0,2,0,10,7,10,1,1,1,1,55,8,1598,2,2,6,1,6
2.02E+12,2,9,0,18,0,2,0,0,0,0,1,1,6,2,57,9,1598,1,14,3,1,3
2.02E+12,1,3,0,18,2,2,0,0,0,0,1,1,6,1,19,4,125,1,6,4,1,4
2.02E+12,1,9,0,9,0,6,0,0,0,0,1,1,2,2,64,9,1998,1,17,6,1,6
2.02E+12,1,9,0,18,0,8,5,7,0,0,1,1,6,1,61,9,1998,1,12,10,1,10
2.02E+12,1,19,0,7,0,8,0,0,0,0,4,1,1,1,52,8,1896,2,10,5,1,5
2.02E+12,1,19,0,3,0,1,0,0,0,0,1,1,6,1,46,8,1996,2,7,3,1,3
2.02E+12,2,8,0,9,0,1,0,0,0,0,1,1,6,1,73,10,1997,2,1,6,1,6
2.02E+12,4,9,0,18,0,2,0,0,0,0,1,1,6,1,59,9,1595,1,5,2,1,2
2.02E+12,1,9,0,10,0,6,0,0,0,0,1,1,6,2,21,5,999,1,3,5,1,5
2.02E+12,2,9,0,18,0,1,0,0,0,0,1,1,1,2,50,8,1598,1,11,5,1,5
2.02E+12,1,9,0,18,4,6,0,0,0,0,2,1,6,2,29,6,1398,1,1,6,1,6
2.02E+12,1,9,0,7,0,6,0,0,0,0,4,1,6,2,31,6,999,1,1,3,1,3
2.02E+12,1,3,0,4,0,1,0,0,0,0,1,1,6,1,23,5,125,1,7,3,1,3
2.02E+12,2,9,0,4,0,1,0,0,0,0,0,1,6,1,47,8,1595,1,12,5,1,5
2.02E+12,2,3,0,15,0,8,0,0,0,0,1,1,1,1,21,5,124,1,6,2,1,2
2.02E+12,1,19,0,5,0,8,0,0,0,0,1,1,1,1,47,8,2148,2,8,8,1,8
2.02E+12,1,8,0,5,0,2,0,0,3,10,1,1,1,1,32,6,1797,8,6,4,1,4
2.02E+12,2,9,0,4,0,1,0,0,0,0,1,1,6,1,27,6,1995,2,12,9,1,9
2.02E+12,1,9,0,18,0,8,0,0,0,0,3,1,6,1,48,8,1798,1,7,5,1,5
2.02E+12,1,9,0,18,0,1,0,0,0,0,2,1,6,2,50,8,1240,1,12,2,1,2
2.02E+12,2,9,0,18,0,1,0,0,0,0,1,1,2,1,26,6,1339,1,9,4,1,4
2.02E+12,1,9,0,18,0,1,0,0,1,0,4,1,6,1,25,5,1229,1,9,5,1,5
2.02E+12,1,9,0,18,0,8,1,0,7,10,3,1,2,1,24,5,1968,2,6,3,1,3
2.02E+12,2,9,0,3,0,8,0,0,0,0,3,1,6,1,46,8,3123,1,11,2,1,2
2.02E+12,1,9,0,18,0,1,0,0,7,10,1,1,6,2,37,7,1390,1,9,4,1,4
2.02E+12,1,19,0,9,0,5,0,0,0,0,1,1,1,1,45,7,2148,2,9,5,1,5
2.02E+12,1,9,0,18,0,8,1,0,0,0,4,1,1,1,48,8,1968,2,2,1,1,1
2.02E+12,1,3,0,11,0,5,0,10,0,0,3,1,2,1,26,6,125,1,11,6,1,6
2.02E+12,1,9,0,5,0,8,0,0,0,0,1,1,1,1,45,7,1997,2,2,2,1,2
2.02E+12,2,19,0,18,0,2,0,0,3,0,4,1,1,1,46,8,2198,2,1,3,1,3
2.02E+12,1,9,0,6,0,8,0,0,3,10,1,1,6,2,52,8,1598,1,4,3,1,3
2.02E+12,1,9,0,9,0,1,0,0,1,0,4,1,6,1,37,7,1896,2,13,7,1,7
2.02E+12,2,4,0,18,0,1,5,0,0,0,1,1,6,1,40,7,125,1,9,3,1,3
2.02E+12,1,9,0,8,0,2,0,0,0,0,4,1,1,1,52,8,1968,2,1,5,1,5
2.02E+12,1,8,0,5,0,1,0,0,7,10,1,1,6,1,61,9,1798,8,4,2,1,2
2.02E+12,1,9,5,9,0,1,0,0,0,0,4,1,6,1,61,9,1587,1,20,2,1,2
2.02E+12,2,9,0,18,0,1,0,0,0,0,1,1,1,2,64,9,1783,1,13,2,1,2
2.02E+12,2,9,0,18,0,8,0,0,0,0,1,1,6,1,19,4,1398,1,1,2,1,2
2.02E+12,1,11,0,4,0,1,0,0,0,0,0,1,1,1,34,6,6700,2,6,8,1,8
2.02E+12,1,9,0,8,0,6,0,0,0,0,1,1,6,1,60,9,1242,1,7,8,1,8
2.02E+12,1,9,0,6,0,2,0,0,0,0,1,1,1,1,45,7,1686,2,3,2,1,2
2.02E+12,2,3,0,15,0,8,0,0,0,0,1,1,2,1,35,6,125,1,4,3,1,3
2.02E+12,2,11,0,7,0,3,0,0,0,0,1,1,1,1,23,5,7300,2,14,3,1,3
2.02E+12,1,9,0,9,0,5,0,0,0,0,4,1,6,1,23,5,1229,1,5,6,1,6
2.02E+12,1,9,0,18,0,4,0,0,7,2,1,1,6,2,20,4,1896,2,11,5,1,5
2.02E+12,1,11,0,16,0,1,0,0,0,0,0,1,6,1,58,9,4500,2,1,9,1,9
2.02E+12,1,9,0,9,0,6,0,0,0,0,4,1,6,2,30,6,2000,2,12,4,1,4
2.02E+12,1,9,0,4,0,4,0,0,0,0,2,1,6,1,52,8,1598,2,1,9,1,9
2.02E+12,2,3,0,18,0,4,0,0,0,0,1,1,2,1,39,7,124,1,3,9,1,9
2.02E+12,1,3,0,18,0,1,0,0,0,0,0,1,2,1,27,6,125,1,2,6,1,6
2.02E+12,1,9,0,15,0,1,0,4,0,0,1,1,6,1,20,4,998,1,2,2,1,2
2.02E+12,1,3,0,14,0,8,0,0,0,0,1,1,2,1,26,6,124,1,1,4,1,4
2.02E+12,1,9,0,18,0,2,0,0,0,0,1,1,2,1,24,5,1598,2,3,2,1,2
2.02E+12,2,5,0,5,0,2,0,0,0,0,2,1,1,1,46,8,999,1,6,5,1,5
2.02E+12,1,9,0,9,0,6,0,0,0,0,1,1,1,2,24,5,1200,1,1,2,1,2
2.02E+12,2,9,0,18,0,1,0,0,0,0,4,1,6,2,29,6,1390,1,12,4,1,4
2.02E+12,2,9,0,5,0,6,0,0,0,0,1,1,1,2,24,5,1229,1,4,2,1,2
2.02E+12,1,11,0,5,0,1,0,0,0,0,0,1,1,1,49,8,6700,2,8,5,1,5
2.02E+12,1,9,0,18,0,8,0,0,0,0,4,1,6,2,42,7,1798,1,3,5,1,5
2.02E+12,2,9,0,18,0,8,0,0,0,0,3,1,6,2,53,8,2494,1,15,6,1,6
2.02E+12,1,9,0,9,0,6,0,0,0,0,1,1,1,1,37,7,1997,2,4,4,1,4
2.02E+12,1,5,0,18,0,1,1,0,0,0,1,1,6,1,29,6,996,1,17,5,1,5
2.02E+12,2,3,0,18,0,1,0,0,0,0,4,1,6,1,21,5,125,1,1,2,1,2
2.02E+12,1,9,0,3,0,1,0,0,0,0,2,1,2,1,30,6,1329,1,4,3,1,3
2.02E+12,2,9,0,3,0,1,0,0,0,0,2,1,2,1,44,7,1896,2,16,10,1,10
2.02E+12,2,4,0,18,0,6,0,0,0,0,3,1,1,1,53,8,499,1,22,6,1,6
2.02E+12,1,9,0,9,0,1,0,0,0,0,3,1,6,1,32,6,2967,2,3,2,1,2
2.02E+12,2,2,0,18,0,1,0,0,0,0,3,1,6,1,28,6,124,1,3,1,1,1
2.02E+12,1,11,0,18,0,8,0,0,0,0,4,2,1,1,54,8,12900,2,3,5,1,5
2.02E+12,1,9,0,18,0,1,0,0,0,0,1,1,3,2,45,7,1798,8,5,7,1,7
2.02E+12,1,9,0,18,0,1,0,0,0,0,4,1,6,2,44,7,1998,2,8,4,1,4
2.02E+12,1,9,0,9,0,5,0,0,0,0,1,1,2,2,34,6,1299,1,17,9,1,9
2.02E+12,1,9,0,9,0,5,0,0,0,0,1,1,6,1,28,6,1995,2,15,2,1,2
2.02E+12,2,9,0,18,0,2,0,0,0,0,1,1,6,1,32,6,1199,1,14,3,1,3
2.02E+12,1,4,0,14,0,2,0,0,0,0,4,1,6,1,51,8,279,1,9,8,1,8
2.02E+12,2,9,0,3,0,2,0,0,0,0,3,1,6,1,27,6,1598,1,10,10,2,10
2.02E+12,1,9,0,3,0,1,0,0,0,0,2,1,2,2,35,6,999,1,18,5,1,5
2.02E+12,1,9,0,18,0,4,0,0,0,0,3,1,6,1,19,4,1968,2,3,5,1,5
2.02E+12,1,11,0,9,0,8,0,0,0,0,4,1,1,1,42,7,4500,2,6,3,1,3
2.02E+12,2,3,0,18,0,1,0,0,0,0,1,1,1,1,21,5,125,1,6,2,1,2
2.02E+12,1,9,0,18,9,6,0,0,0,0,1,1,2,1,82,11,1399,1,9,7,1,7
2.02E+12,1,5,0,10,0,1,0,0,0,0,2,1,2,1,54,8,782,1,7,2,1,2
2.02E+12,2,9,0,5,0,6,0,0,0,0,1,1,6,2,51,8,1364,1,7,2,1,2
2.02E+12,1,9,0,10,0,1,0,0,0,0,1,1,6,1,49,8,1797,8,6,4,1,4
2.02E+12,1,9,0,18,0,1,0,0,0,0,2,1,6,1,22,5,1988,1,15,2,1,2
2.02E+12,2,2,0,18,0,2,1,0,0,0,1,1,1,1,27,6,49,1,7,3,1,3
2.02E+12,2,9,0,4,0,2,0,0,0,0,2,1,6,2,26,6,1248,2,9,3,1,3
2.02E+12,1,9,0,18,0,2,0,0,0,0,1,1,6,1,65,9,2987,2,10,4,1,4
2.02E+12,2,19,0,3,0,2,0,0,0,0,2,1,1,1,26,6,2198,2,3,3,1,3
2.02E+12,4,9,0,3,0,2,0,0,0,0,2,1,6,2,44,7,1197,1,4,5,1,5
2.02E+12,1,9,0,3,0,1,0,0,0,0,2,1,6,1,51,8,1461,2,1,8,1,8
2.02E+12,2,9,0,3,0,1,0,0,0,0,1,1,6,1,41,7,1997,2,14,10,1,10
2.02E+12,2,3,0,18,0,1,0,0,0,0,1,1,6,1,18,4,125,1,1,2,1,2
2.02E+12,1,3,0,18,0,8,0,0,0,0,1,1,6,1,42,7,125,1,5,5,1,5
2.02E+12,2,9,0,10,0,1,0,0,0,0,2,1,6,2,19,4,999,1,2,10,1,10
2.02E+12,1,9,0,10,0,1,0,0,0,0,2,1,6,1,56,9,2393,1,4,5,3,5
2.02E+12,2,9,0,3,0,1,0,4,0,0,2,1,2,2,32,6,1124,1,12,7,1,7
2.02E+12,3,9,0,18,0,1,0,4,0,0,1,1,6,1,38,7,1999,1,10,6,2,6
2.02E+12,1,11,0,5,2,1,0,0,0,0,0,1,1,1,37,7,4500,2,2,6,1,6
2.02E+12,1,9,0,10,0,1,1,0,0,0,2,1,2,2,24,5,1598,1,8,3,1,3
2.02E+12,1,9,0,10,0,1,0,0,0,0,2,1,6,1,36,7,3456,8,8,8,1,8
2.02E+12,2,9,0,10,0,1,0,0,0,0,2,1,6,2,67,10,1798,1,3,10,1,10
2.02E+12,3,9,0,10,0,1,0,0,0,0,2,1,6,1,42,7,1796,1,10,4,1,4
2.02E+12,4,8,0,18,0,1,0,0,0,0,1,1,1,1,48,8,2499,2,10,8,1,8
2.02E+12,1,9,0,8,0,5,0,0,0,0,3,1,6,1,27,6,2996,2,22,2,1,2
2.02E+12,2,9,0,10,0,6,0,0,0,0,3,1,1,1,39,7,2967,2,3,4,1,4
2.02E+12,1,9,0,18,0,1,0,4,0,0,3,1,6,1,25,5,998,1,10,2,1,2
2.02E+12,1,9,0,18,0,8,0,0,0,0,3,1,2,1,35,6,1995,2,5,4,1,4
2.02E+12,2,21,1,10,0,8,0,0,0,0,1,1,1,1,47,8,12900,2,7,7,1,7
2.02E+12,1,9,0,4,0,8,0,0,0,0,1,1,2,2,43,7,996,1,3,2,1,2
2.02E+12,2,9,0,4,0,8,0,0,0,0,2,1,2,2,54,8,1598,1,14,3,1,3
2.02E+12,1,11,0,18,0,1,0,0,1,0,0,1,6,2,51,8,8268,2,14,2,1,2
2.02E+12,1,9,0,5,0,6,0,0,0,0,1,1,2,2,28,6,1299,1,13,2,1,2
2.02E+12,2,5,0,18,0,8,0,0,0,0,1,1,2,1,36,7,1157,1,12,2,1,2
2.02E+12,1,9,0,7,0,3,0,0,7,10,1,1,6,2,35,6,1240,1,11,2,1,2
2.02E+12,1,11,0,7,0,8,0,0,0,0,1,1,1,2,54,8,3900,2,15,2,1,2
2.02E+12,1,9,0,5,0,6,0,0,0,0,1,1,2,2,43,7,1582,2,6,3,1,3
2.02E+12,2,9,0,18,0,1,0,0,0,0,1,1,1,1,34,6,1390,1,13,3,1,3
2.02E+12,1,9,0,9,0,5,1,0,0,0,1,1,1,1,51,8,1796,1,10,6,1,6
2.02E+12,1,11,0,4,0,1,0,0,0,0,0,1,1,1,25,5,4500,2,7,2,1,2
2.02E+12,1,9,0,18,0,1,0,0,0,0,2,1,6,1,33,6,1910,2,8,5,1,5
2.02E+12,1,9,0,18,0,2,0,0,0,0,1,1,6,2,42,7,999,1,1,7,1,7
2.02E+12,1,8,0,9,0,1,0,0,0,0,2,1,1,1,38,7,1790,8,3,2,1,2
2.02E+12,1,9,0,17,0,1,0,0,0,0,1,1,2,1,56,9,1796,1,5,9,1,9
2.02E+12,2,19,0,18,0,1,0,0,0,0,1,1,1,1,44,7,7146,2,5,1,1,1
2.02E+12,1,11,0,3,0,1,0,0,0,0,0,1,1,1,47,8,4500,2,6,3,1,3
2.02E+12,1,9,0,9,0,8,0,0,0,0,2,1,6,1,44,7,1560,2,5,4,1,4
2.02E+12,2,19,0,18,0,8,0,0,0,0,1,1,6,1,40,7,1461,2,1,5,1,5
2.02E+12,1,9,0,3,0,1,0,0,0,0,2,1,6,1,41,7,1988,1,16,4,1,4
2.02E+12,2,9,0,18,0,1,0,0,0,0,1,1,6,1,31,6,2993,2,1,2,1,2
2.02E+12,1,9,0,3,0,1,0,0,0,0,2,1,6,2,37,7,1997,1,13,2,1,2
2.02E+12,1,9,0,9,0,8,0,0,0,0,1,1,2,2,55,8,1197,1,1,9,1,9
2.02E+12,2,9,0,17,0,8,0,0,0,0,1,1,2,2,40,7,1200,1,1,2,1,2
2.02E+12,1,9,0,7,0,1,0,0,0,0,1,1,3,2,39,7,998,1,6,2,1,2
2.02E+12,1,11,0,18,2,8,0,0,0,0,0,1,1,1,45,7,4500,2,1,4,1,4
2.02E+12,1,2,0,18,0,1,2,0,1,10,1,1,6,1,30,6,124,1,20,7,1,7
2.02E+12,1,9,0,9,0,1,0,0,0,0,4,1,2,1,30,6,1461,2,2,4,1,4
2.02E+12,1,9,0,9,0,2,0,0,0,0,3,1,6,2,33,6,1296,1,11,2,1,2
2.02E+12,2,2,0,14,0,2,0,0,0,0,4,1,1,1,38,7,124,1,5,2,1,2
2.02E+12,2,9,0,5,0,2,0,0,0,0,3,1,2,1,53,8,998,1,17,5,1,5
2.02E+12,1,9,0,18,0,1,0,0,0,0,1,1,6,1,24,5,2494,1,16,7,1,7
2.02E+12,2,19,0,18,0,1,0,0,0,0,2,1,6,1,24,5,1598,2,3,2,1,2
2.02E+12,1,90,0,18,0,8,0,0,0,0,1,1,1,1,25,5,2987,2,2,6,1,6
2.02E+12,1,9,0,3,0,2,0,0,0,0,1,1,6,1,26,6,1595,1,5,4,1,4
2.02E+12,2,19,0,3,0,2,0,0,0,0,2,1,2,1,47,8,1995,2,9,2,1,2
2.02E+12,1,8,0,5,0,2,0,0,0,0,1,1,1,1,24,5,1797,8,7,4,1,4
2.02E+12,1,9,0,18,0,1,0,0,0,0,1,1,6,2,21,5,1086,1,11,2,1,2
2.02E+12,2,9,0,4,0,1,0,0,0,0,4,1,6,2,45,7,1197,1,2,6,1,6
2.02E+12,1,9,0,9,0,1,0,0,0,0,1,1,6,2,32,6,1686,2,5,3,1,3
2.02E+12,1,3,0,18,0,8,0,0,0,0,1,1,6,1,18,4,125,1,11,6,1,6
2.02E+12,1,9,0,4,0,1,0,0,0,0,1,1,2,1,51,8,1950,2,1,3,1,3
2.02E+12,1,9,0,18,0,1,0,0,0,0,1,1,6,1,34,6,2143,2,3,3,1,3
2.02E+12,1,9,0,18,9,2,1,10,3,5,1,1,6,2,77,11,1328,1,12,10,1,10
2.02E+12,1,2,0,18,0,1,0,0,0,0,4,1,6,1,28,6,49,1,16,2,1,2
2.02E+12,1,9,0,9,0,1,0,0,0,0,2,1,6,1,20,4,1796,1,12,6,1,6
2.02E+12,2,3,0,18,0,1,0,0,0,0,3,1,2,1,20,4,108,1,4,3,1,3
2.02E+12,1,8,0,3,0,1,0,0,0,0,2,1,1,1,33,6,1595,1,4,3,1,3
2.02E+12,2,5,0,18,0,1,0,0,0,0,1,1,6,1,64,9,865,1,2,2,1,2
2.02E+12,1,9,0,9,0,8,0,0,0,0,4,1,3,2,44,7,1600,1,13,7,1,7
2.02E+12,2,5,0,18,2,1,0,0,0,0,1,1,6,1,54,8,599,1,19,2,1,2
2.02E+12,1,9,0,5,0,1,0,0,1,0,0,1,6,1,35,6,1995,2,4,1,1,1