Accident_Index,Vehicle_Reference,Vehicle_Type,Towing_and_Articulation,Vehicle_Manoeuvre,Vehicle_Location-Restricted_Lane,Junction_Location,Skidding_and_Overturning,Hit_Object_in_Carriageway,Vehicle_Leaving_Carriageway,Hit_Object_off_Carriageway,1st_Point_of_Impact,Was_Vehicle_Left_Hand_Drive?,Journey_Purpose_of_Driver,Sex_of_Driver,Age_of_Driver,Age_Band_of_Driver,Engine_Capacity_(CC),Propulsion_Code,Age_of_Vehicle,Driver_IMD_Decile,Driver_Home_Area_Type,Vehicle_IMD_Decile
2.02E+12,1,9,0,18,0,2,0,0,0,0,4,1,3,2,34,6,1598,1,6,2,1,2
2.02E+12,1,9,0,5,0,8,0,0,0,0,1,1,1,1,26,6,1197,1,2,3,1,3
2.02E+12,2,3,0,7,0,6,0,0,0,0,1,1,6,1,25,5,124,1,11,7,1,7
2.02E+12,1,3,0,18,0,6,0,0,0,0,1,1,1,1,18,4,125,1,1,2,1,2
2.02E+12,1,9,0,18,0,1,0,0,0,0,1,1,2,1,43,7,2776,2,12,4,1,4
2.02E+12,1,9,0,5,0,8,0,0,0,0,1,1,6,1,48,8,1598,1,10,9,1,9
2.02E+12,2,4,0,18,0,8,0,0,0,0,3,1,2,1,69,10,125,1,10,3,1,3
2.02E+12,1,9,0,4,0,1,0,0,0,0,1,1,1,1,40,7,1798,8,2,4,1,4
2.02E+12,1,5,0,13,0,1,0,0,0,0,3,1,6,1,31,6,599,1,12,9,1,9
2.02E+12,1,3,0,10,0,1,0,0,0,0,2,1,6,1,32,6,108,1,1,1,1,1
2.02E+12,2,9,0,3,0,1,0,0,0,0,1,1,6,1,79,11,1598,1,13,9,1,9
2.02E+12,1,9,0,18,0,2,0,0,0,0,4,1,6,2,20,4,1242,1,8,7,1,7
2.02E+12,2,90,0,7,0,6,0,0,0,0,1,1,6,1,38,7,6370,2,14,7,1,7
2.02E+12,1,9,0,18,0,4,0,0,0,0,1,1,6,2,65,9,1910,2,11,3,1,3
2.02E+12,1,9,0,5,0,8,0,0,0,0,1,1,2,2,29,6,1590,1,13,9,1,9
2.02E+12,2,9,0,7,0,6,0,0,1,0,3,1,2,2,45,7,1388,1,5,6,1,6
2.02E+12,3,9,0,18,0,8,0,0,0,0,1,1,4,2,38,7,2987,2,9,7,1,7
2.02E+12,1,9,0,18,0,1,0,0,0,0,3,1,3,2,62,9,1598,1,12,7,1,7
2.02E+12,1,9,0,9,0,8,0,0,0,0,3,1,6,2,23,5,1199,2,6,8,1,8
2.02E+12,1,9,0,9,0,1,0,0,0,0,1,1,6,1,60,9,1798,1,5,9,1,9
2.02E+12,2,4,0,18,0,1,2,0,0,0,1,1,2,1,21,5,530,1,3,3,1,3
2.02E+12,1,9,0,8,0,1,0,0,0,0,2,1,6,2,33,6,1598,1,2,2,1,2
2.02E+12,3,9,0,15,0,1,1,0,0,0,2,1,6,1,26,6,1997,1,2,3,1,3
2.02E+12,1,10,0,1,0,1,0,0,0,0,2,1,1,1,42,7,2143,2,6,2,1,2
2.02E+12,1,9,0,18,0,6,0,0,7,0,1,1,6,1,38,7,1339,8,7,4,1,4
2.02E+12,1,9,0,5,0,8,0,0,0,0,4,1,6,2,53,8,1598,1,14,3,1,3
2.02E+12,2,9,0,18,0,1,0,0,0,0,1,1,6,2,33,6,1339,8,10,6,1,6
2.02E+12,1,5,0,14,0,1,1,0,0,0,1,1,2,1,25,5,599,1,18,10,1,10
2.02E+12,2,9,0,9,0,6,0,0,0,0,3,1,6,1,17,4,1360,1,13,7,1,7
2.02E+12,1,9,0,9,0,5,0,0,0,0,1,1,2,1,35,6,1198,1,12,3,1,3
2.02E+12,1,21,1,4,0,1,0,0,0,0,3,1,1,1,32,6,12900,2,5,2,1,2
2.02E+12,2,3,0,17,0,2,2,0,0,0,3,1,6,1,28,6,125,1,10,4,1,4
2.02E+12,1,9,0,9,0,1,0,0,0,0,1,1,6,1,42,7,2998,1,1,9,1,9
2.02E+12,2,9,0,18,0,1,0,0,0,0,1,1,6,1,59,9,1197,1,1,10,1,10
2.02E+12,1,8,0,4,0,1,0,0,0,0,1,2,6,1,39,7,1910,2,9,3,1,3
2.02E+12,2,9,0,18,0,6,1,0,0,0,2,2,6,1,18,4,1798,1,10,7,1,7
2.02E+12,1,9,0,18,0,1,0,0,0,0,4,1,2,1,44,7,1794,1,14,2,1,2
2.02E+12,1,9,0,9,0,8,0,0,0,0,1,1,6,1,42,7,1595,1,10,2,1,2
2.02E+12,1,3,0,18,0,3,0,10,0,0,0,1,2,1,24,5,124,1,3,2,1,2
2.02E+12,1,90,0,18,0,1,0,0,0,0,4,2,1,1,56,9,2987,2,3,8,3,8
2.02E+12,2,8,0,9,0,6,0,0,0,0,1,2,1,1,26,6,1797,8,6,4,1,4
2.02E+12,1,9,0,4,0,8,0,0,0,0,4,1,1,1,40,7,1498,1,1,4,1,4
2.02E+12,2,4,0,18,0,8,0,0,0,0,1,1,6,1,16,4,278,1,5,2,1,2
2.02E+12,1,9,0,9,0,5,0,0,0,0,1,1,6,2,31,6,1598,1,7,5,1,5
2.02E+12,1,9,0,18,0,2,0,0,0,0,4,1,6,1,25,5,1995,2,5,7,1,7
2.02E+12,1,11,0,18,0,1,0,0,0,0,3,1,1,1,60,9,9360,2,5,3,1,3
2.02E+12,1,9,0,9,0,6,0,0,0,0,0,1,6,1,56,9,1766,1,35,5,1,5
2.02E+12,1,9,0,18,0,1,0,0,0,0,1,1,6,1,36,7,2993,2,7,3,1,3
2.02E+12,1,9,0,10,0,6,1,0,0,0,2,1,3,2,44,7,2179,2,4,6,1,6
2.02E+12,2,9,0,18,0,1,0,0,0,0,1,1,2,1,32,6,1360,1,12,7,1,7
2.02E+12,1,9,0,18,0,8,0,0,0,0,3,1,6,2,46,8,2993,2,5,2,1,2
2.02E+12,1,9,0,18,0,1,0,0,0,0,1,1,2,1,35,6,2987,2,12,8,1,8
2.02E+12,2,5,0,18,0,1,0,0,0,0,2,1,2,2,36,7,649,1,8,6,1,6
2.02E+12,3,9,0,18,0,1,0,0,0,0,2,1,1,1,52,8,1798,8,2,3,1,3
2.02E+12,1,11,0,18,0,1,0,0,0,0,3,1,1,1,26,6,5132,2,1,6,1,6
2.02E+12,1,8,0,7,0,3,0,0,0,0,4,1,1,1,21,5,1800,8,3,8,1,8
2.02E+12,2,11,0,18,0,1,0,0,0,0,1,1,1,1,33,6,9360,2,8,5,1,5
2.02E+12,1,9,0,3,0,2,0,0,0,0,2,1,6,1,57,9,1248,1,4,5,1,5
2.02E+12,2,9,0,3,0,2,0,4,0,0,2,1,2,2,42,7,1598,1,10,4,1,4
2.02E+12,3,19,0,18,0,1,0,4,0,0,1,1,1,1,43,7,2198,2,6,6,1,6
2.02E+12,1,9,0,7,0,2,0,0,0,0,4,1,6,2,82,11,998,1,17,9,1,9
2.02E+12,1,9,0,18,0,8,0,0,0,0,3,1,6,1,44,7,3123,1,12,7,1,7
2.02E+12,2,9,0,9,0,1,0,0,0,0,3,1,2,1,30,6,2967,2,6,2,1,2
2.02E+12,1,5,0,15,0,2,1,0,0,0,3,1,2,1,52,8,599,1,9,3,1,3
2.02E+12,2,9,0,11,0,2,0,0,0,0,4,1,6,1,26,6,1198,1,11,2,1,2
2.02E+12,1,9,0,9,0,8,0,0,0,0,3,1,6,2,20,4,1390,1,5,10,1,10
2.02E+12,2,3,0,14,0,8,0,0,0,0,4,1,6,1,40,7,124,1,1,5,1,5
2.02E+12,1,5,0,18,0,1,5,0,0,0,1,1,6,1,21,5,689,1,1,10,1,10
2.02E+12,2,9,0,5,0,1,0,0,0,0,3,1,6,1,70,10,1796,1,17,6,1,6
2.02E+12,1,19,0,9,0,2,0,0,0,0,1,1,1,1,39,7,1995,2,1,4,1,4
2.02E+12,2,4,0,13,0,8,0,0,0,0,1,1,6,1,36,7,49,1,15,5,1,5
2.02E+12,2,9,0,9,0,7,0,0,0,0,2,1,2,2,46,8,1968,2,2,10,1,10
2.02E+12,1,9,0,18,0,4,0,0,0,0,1,1,3,1,37,7,1329,1,6,2,1,2
2.02E+12,1,9,0,5,0,1,0,0,1,10,1,1,6,1,78,11,1588,1,13,8,1,8
2.02E+12,1,4,0,18,0,8,5,0,0,0,0,1,6,1,30,6,125,1,7,3,1,3
2.02E+12,2,9,0,18,0,8,0,0,0,0,1,1,6,1,64,9,2496,1,13,4,1,4
2.02E+12,1,11,0,4,0,1,0,0,0,0,4,1,1,1,57,9,4500,2,5,4,1,4
2.02E+12,1,11,0,7,0,1,0,0,0,0,0,1,1,1,36,7,6700,2,5,2,1,2
2.02E+12,1,3,0,18,0,2,0,0,1,0,1,1,2,1,17,4,125,1,9,2,1,2
2.02E+12,2,9,0,3,0,2,0,0,1,0,2,1,6,2,46,8,1968,2,9,2,1,2
2.02E+12,1,3,0,18,0,8,0,0,0,0,1,1,1,1,27,6,108,1,3,7,1,7
2.02E+12,2,19,0,9,0,8,0,0,0,0,1,1,1,2,32,6,1870,2,16,5,1,5
2.02E+12,1,9,0,18,0,1,0,0,0,0,1,1,6,1,39,7,1995,2,7,7,1,7
2.02E+12,2,9,0,9,0,8,0,0,0,0,1,1,6,1,59,9,1796,1,21,10,1,10
2.02E+12,1,8,0,18,0,8,0,0,0,0,1,1,1,1,72,10,2402,2,14,7,1,7
2.02E+12,1,9,0,18,2,8,0,0,0,0,3,1,1,1,51,8,1997,2,1,2,1,2
2.02E+12,1,11,0,4,0,1,0,0,0,0,0,1,6,1,41,7,7300,2,15,4,1,4
2.02E+12,1,9,0,5,0,2,0,0,0,0,1,1,6,1,29,6,1798,8,3,6,1,6
2.02E+12,1,9,0,5,0,2,0,0,0,0,1,1,6,1,27,6,2143,2,1,2,1,2
2.02E+12,2,9,0,3,0,1,0,0,0,0,2,1,6,1,31,6,2993,2,2,1,1,1
2.02E+12,3,9,0,9,0,8,0,0,0,0,3,1,2,2,38,7,1598,1,3,2,1,2
2.02E+12,1,9,0,9,0,7,0,0,1,0,4,1,6,2,20,4,1598,1,4,8,1,8
2.02E+12,1,9,0,7,0,5,0,0,0,0,4,1,6,2,24,5,998,1,1,10,1,10
2.02E+12,1,11,0,18,0,2,0,0,0,0,3,1,1,1,44,7,6700,2,10,3,1,3
2.02E+12,1,9,0,9,0,1,0,0,0,0,1,1,6,1,19,4,1248,2,7,2,1,2
2.02E+12,1,9,0,4,9,2,0,0,0,0,1,1,6,2,44,7,1299,1,12,3,1,3
2.02E+12,1,9,0,1,9,2,0,0,0,0,2,1,3,2,32,6,2179,2,4,3,1,3
2.02E+12,1,9,0,4,6,2,0,4,0,0,3,1,6,2,28,6,1598,1,4,1,1,1
2.02E+12,1,8,0,3,0,1,0,0,0,0,4,1,6,2,61,9,2402,2,13,4,1,4
2.02E+12,1,9,0,4,0,1,0,0,0,0,2,1,6,1,31,6,1790,8,4,2,1,2
2.02E+12,2,21,1,18,0,1,0,0,0,0,1,1,1,1,37,7,12419,2,2,2,1,2
2.02E+12,1,8,0,18,0,1,0,0,0,0,1,1,6,1,55,8,1798,1,5,2,1,2
2.02E+12,1,8,0,4,0,1,0,0,0,0,3,1,6,1,50,8,1798,8,4,5,1,5
2.02E+12,2,3,0,5,0,1,0,0,0,0,1,1,1,1,24,5,125,1,2,7,1,7
2.02E+12,1,4,0,18,0,7,0,0,0,0,1,1,6,1,34,6,599,1,9,4,1,4
2.02E+12,2,9,0,18,0,7,0,0,0,0,4,1,6,1,28,6,2993,2,7,7,1,7
2.02E+12,2,9,0,16,0,6,0,0,0,0,4,1,6,2,37,7,1197,1,2,7,1,7
2.02E+12,1,9,0,5,0,2,0,0,0,0,3,1,6,1,47,8,1388,1,3,3,1,3
2.02E+12,2,19,0,9,2,5,0,0,0,0,4,1,2,1,29,6,1248,2,9,2,1,2
2.02E+12,1,9,0,10,0,1,0,0,0,0,1,1,6,2,82,11,2995,1,9,4,1,4
2.02E+12,2,3,0,18,0,2,0,0,0,0,3,1,6,1,29,6,108,1,1,5,1,5
2.02E+12,1,9,0,18,0,1,0,0,0,0,1,1,6,1,57,9,1997,2,1,5,1,5
2.02E+12,1,3,0,7,0,1,0,0,0,0,1,1,1,1,33,6,125,1,2,2,1,2
2.02E+12,1,8,0,9,0,8,0,0,0,0,1,1,1,1,57,9,1797,8,7,4,1,4
2.02E+12,1,9,0,18,0,8,0,0,0,0,4,1,6,1,71,10,1596,1,7,8,1,8
2.02E+12,2,9,0,9,0,2,0,0,0,0,1,1,3,1,35,6,1360,1,11,5,1,5
2.02E+12,1,11,0,4,0,1,0,0,0,0,0,1,1,1,46,8,5132,2,1,7,1,7
2.02E+12,1,8,0,4,0,1,0,0,0,0,2,1,1,1,51,8,1339,8,5,3,1,3
2.02E+12,2,9,0,4,0,1,0,0,0,0,1,1,6,1,23,5,1984,1,10,2,1,2
2.02E+12,1,8,0,18,0,8,0,0,1,10,3,1,1,1,46,8,1797,8,6,2,1,2
2.02E+12,1,9,0,9,0,8,0,0,0,0,1,1,6,1,29,6,1598,1,12,6,1,6
2.02E+12,2,9,0,18,0,8,0,0,0,0,1,1,6,1,26,6,1988,1,12,3,1,3
2.02E+12,1,9,0,5,0,1,0,0,0,0,2,1,6,1,32,6,1499,1,1,4,1,4
2.02E+12,2,9,0,5,0,1,0,0,0,0,1,1,6,2,24,5,1242,1,8,4,1,4
2.02E+12,1,9,0,5,0,1,0,0,0,0,0,1,1,2,40,7,1995,2,2,3,1,3
2.02E+12,1,9,0,17,0,3,0,0,0,0,3,1,6,1,22,5,2179,2,2,4,1,4
2.02E+12,2,19,0,17,0,3,0,0,0,0,4,1,1,1,65,9,2198,2,3,9,1,9
2.02E+12,1,9,0,18,0,8,0,0,0,0,4,1,1,1,26,6,1598,2,2,3,1,3
2.02E+12,2,9,0,9,0,6,0,0,0,0,1,1,6,1,22,5,1598,1,10,2,1,2
2.02E+12,1,9,0,9,0,6,0,0,0,0,4,1,6,1,64,9,2143,2,5,3,1,3
2.02E+12,2,5,0,17,0,8,0,0,0,0,1,1,2,1,39,7,1037,1,2,1,1,1
2.02E+12,2,8,0,18,0,8,0,7,0,0,4,1,1,1,32,6,1956,2,6,5,1,5
2.02E+12,1,9,0,8,0,7,0,0,0,0,1,1,6,1,44,7,3000,2,6,3,1,3
2.02E+12,2,9,0,8,0,7,0,0,0,0,2,1,6,2,33,6,1995,2,2,10,1,10
2.02E+12,1,3,0,13,0,1,0,0,0,0,1,1,6,1,17,4,125,1,11,1,1,1
2.02E+12,2,9,0,9,0,6,0,0,0,0,3,1,1,2,63,9,1198,1,3,2,1,2
2.02E+12,3,9,0,18,0,1,0,0,0,0,0,1,6,1,44,7,1598,1,15,8,1,8
2.02E+12,1,4,0,18,0,1,0,0,0,0,3,1,2,1,42,7,124,1,2,3,1,3
2.02E+12,2,9,0,9,0,1,0,0,0,0,1,1,6,2,42,7,1588,1,14,3,1,3
2.02E+12,1,9,0,5,0,4,0,0,0,0,1,1,6,1,25,5,1598,2,5,3,1,3
2.02E+12,2,8,0,4,0,4,0,0,0,0,2,1,1,1,42,7,1968,2,4,2,1,2
2.02E+12,2,9,0,18,0,4,0,0,0,0,4,1,6,2,41,7,1995,2,11,1,1,1
2.02E+12,1,9,0,18,0,1,0,0,0,0,1,1,6,1,28,6,1596,1,7,3,1,3
2.02E+12,2,9,0,3,0,1,0,0,0,0,2,1,2,1,56,9,2000,2,11,4,1,4
2.02E+12,1,9,0,7,0,5,0,0,0,0,1,1,6,1,38,7,1753,2,14,3,1,3
2.02E+12,2,3,0,18,0,1,0,0,0,0,3,1,2,1,29,6,125,1,2,5,1,5
2.02E+12,1,19,0,18,0,2,1,0,0,0,1,1,1,1,22,5,1997,2,1,6,1,6
2.02E+12,1,9,0,11,0,2,0,0,0,0,1,1,6,1,71,10,1998,2,9,2,1,2
2.02E+12,1,8,0,4,0,2,0,0,0,0,2,1,1,1,31,6,1560,2,3,7,1,7
2.02E+12,2,11,0,13,0,8,0,0,0,0,0,1,1,1,52,8,9000,2,7,5,1,5
2.02E+12,1,9,0,18,0,1,0,0,0,0,4,1,6,2,21,5,1242,1,3,2,1,2
2.02E+12,2,9,0,5,0,6,0,0,0,0,3,1,6,1,36,7,1598,1,11,3,1,3
2.02E+12,1,9,0,7,0,1,0,0,0,0,4,1,6,1,50,8,1595,1,7,3,1,3
2.02E+12,1,9,0,18,0,2,0,11,0,0,1,1,2,1,42,7,1596,1,15,9,1,9
2.02E+12,1,9,0,3,0,1,0,0,0,0,2,1,6,2,22,5,1461,2,3,1,1,1
2.02E+12,3,9,0,3,0,1,0,0,0,0,2,1,6,1,22,5,1796,2,3,2,1,2
2.02E+12,1,5,0,14,0,1,0,0,0,0,1,1,6,1,23,5,647,1,17,2,1,2
2.02E+12,2,9,0,6,0,1,0,0,0,0,3,1,1,1,33,6,1997,2,4,2,1,2
2.02E+12,1,9,0,4,0,4,0,0,0,0,2,1,6,2,45,7,1997,2,1,5,1,5
2.02E+12,1,9,0,3,0,2,0,0,0,0,2,1,6,2,59,9,1988,1,15,6,1,6
2.02E+12,2,9,0,4,0,2,0,0,0,0,1,1,6,2,40,7,1598,1,15,5,1,5
2.02E+12,1,9,0,18,0,8,0,0,0,0,1,1,6,1,22,5,1242,1,9,2,1,2
2.02E+12,1,9,0,15,0,1,0,0,0,0,4,1,6,1,28,6,1995,2,4,5,1,5
2.02E+12,1,9,0,17,0,8,0,0,0,0,4,1,6,1,48,8,2499,1,10,3,1,3
2.02E+12,2,9,0,5,0,8,0,0,0,0,1,1,6,2,37,7,2231,2,6,5,1,5
2.02E+12,1,9,0,1,0,2,0,0,0,0,2,1,6,1,35,6,1587,1,11,2,1,2
2.02E+12,1,9,0,4,0,1,0,0,0,0,1,1,1,1,41,7,998,1,16,1,1,1
2.02E+12,2,19,0,3,0,1,0,0,0,0,2,1,6,1,23,5,2299,2,1,4,1,4
2.02E+12,1,9,0,5,0,1,1,0,1,0,1,1,6,1,70,10,2993,2,3,7,1,7
2.02E+12,1,9,0,18,0,6,0,0,0,0,3,1,6,1,20,4,1595,2,7,1,1,1
2.02E+12,2,9,0,9,0,1,0,0,0,0,4,1,6,1,29,6,2151,2,15,6,1,6
2.02E+12,2,9,0,3,0,1,0,0,0,0,1,2,6,2,21,5,1229,1,11,3,1,3
2.02E+12,1,8,0,3,0,1,0,0,0,0,2,1,1,1,37,7,2143,12,3,1,1,1
2.02E+12,2,8,0,3,0,1,0,0,0,0,2,1,1,1,26,6,1968,2,4,3,1,3
2.02E+12,3,19,0,18,0,1,1,0,0,0,1,1,6,1,27,6,1598,2,2,9,1,9
2.02E+12,1,8,0,7,0,1,0,0,0,0,1,1,2,1,30,6,1798,8,5,1,1,1
2.02E+12,1,9,0,18,0,1,0,11,0,0,4,1,1,1,55,8,1686,2,6,3,1,3
2.02E+12,1,9,0,5,0,3,0,0,0,0,1,1,6,2,67,10,1834,1,15,4,1,4
2.02E+12,1,9,0,9,0,1,0,0,0,0,1,1,6,1,24,5,1400,1,11,7,1,7
2.02E+12,2,3,0,18,0,1,1,0,0,0,1,1,6,1,38,7,125,1,5,2,1,2
2.02E+12,1,9,0,12,0,1,0,0,0,0,1,1,1,1,30,6,1798,8,2,2,1,2
2.02E+12,2,8,0,7,0,1,0,0,0,0,4,1,1,1,45,7,1797,8,6,2,1,2
2.02E+12,3,9,0,4,0,1,0,0,0,0,2,1,6,1,41,7,1598,1,5,1,1,1
2.02E+12,4,9,0,4,0,1,0,0,0,0,2,1,6,1,17,4,1598,2,2,3,1,3
2.02E+12,5,19,0,18,0,1,0,0,0,0,0,1,1,2,27,6,2987,2,9,8,1,8
2.02E+12,1,8,0,9,0,5,0,0,0,0,1,1,1,1,33,6,1598,2,6,6,1,6
2.02E+12,2,3,0,13,0,8,0,0,0,0,4,1,1,1,31,6,125,1,1,2,1,2
2.02E+12,1,5,0,4,0,1,0,4,0,0,1,1,1,1,44,7,800,1,3,5,1,5
2.02E+12,2,9,0,4,0,1,0,0,0,0,2,1,1,1,57,9,2362,1,11,10,1,10
2.02E+12,1,11,0,7,0,2,0,0,0,0,2,1,1,2,53,8,5132,2,2,2,1,2
2.02E+12,1,9,0,18,0,2,0,0,0,0,3,1,6,1,46,8,1229,1,2,2,1,2
2.02E+12,2,9,0,5,0,1,0,0,0,0,2,1,6,2,32,6,1598,2,1,2,1,2
2.02E+12,1,3,0,13,0,1,1,0,7,0,1,1,6,1,25,5,124,1,15,6,1,6
2.02E+12,2,9,0,9,0,5,0,0,0,0,3,1,6,2,27,6,2149,2,10,4,1,4
2.02E+12,1,9,0,5,0,8,0,0,0,0,3,1,6,2,36,7,1598,1,3,3,1,3
2.02E+12,2,2,0,5,0,6,0,0,0,0,1,1,1,1,25,5,125,1,7,5,1,5
2.02E+12,2,9,0,18,0,1,0,0,0,0,1,1,6,1,45,7,2496,1,14,1,1,1
2.02E+12,1,9,0,7,0,1,0,0,0,0,4,1,6,1,51,8,1360,1,12,2,1,2
2.02E+12,2,9,0,9,0,1,0,0,0,0,1,1,6,1,47,8,2494,8,1,5,1,5
2.02E+12,1,19,0,5,0,1,0,0,0,0,3,1,1,1,39,7,1995,2,7,5,1,5
2.02E+12,2,9,0,18,0,1,0,0,0,0,3,1,6,1,26,6,1896,2,8,7,1,7
2.02E+12,1,9,0,3,0,1,0,0,0,0,4,1,6,1,23,5,1242,1,8,9,1,9
2.02E+12,2,9,0,3,0,1,0,0,0,0,4,1,6,1,43,7,1598,1,6,6,1,6
2.02E+12,3,9,0,3,0,1,0,0,0,0,2,1,6,1,43,7,1198,1,3,9,1,9
2.02E+12,4,9,0,18,0,1,0,0,0,0,1,1,6,1,27,6,1796,1,16,4,1,4
2.02E+12,1,9,0,18,0,8,0,0,0,0,1,1,6,1,27,6,1339,1,12,4,1,4
2.02E+12,1,9,0,3,0,5,0,0,0,0,2,1,6,1,24,5,1797,8,2,2,1,2
2.02E+12,2,9,0,18,0,5,0,0,0,0,1,1,6,1,31,6,1998,1,15,4,1,4
2.02E+12,1,3,0,9,0,8,0,0,0,0,3,1,6,1,30,6,125,1,4,2,1,2
2.02E+12,1,3,0,18,0,8,0,0,0,0,4,1,6,1,38,7,124,1,6,3,1,3
2.02E+12,1,19,0,9,0,1,0,0,0,0,3,1,1,1,35,6,1560,2,4,8,1,8
2.02E+12,1,3,0,4,0,1,0,0,0,0,1,1,6,1,29,6,125,1,3,6,1,6
2.02E+12,1,3,0,18,0,8,0,0,0,0,1,1,6,1,28,6,125,1,2,3,1,3
2.02E+12,1,5,0,18,0,8,0,0,0,0,1,1,2,1,34,6,1199,1,3,7,1,7
2.02E+12,2,19,0,10,0,8,0,0,0,0,3,1,2,1,48,8,1995,2,1,4,1,4
2.02E+12,1,9,0,9,0,6,0,0,0,0,3,1,6,1,36,7,1998,1,11,3,1,3
2.02E+12,1,9,0,9,4,8,0,0,0,0,4,1,1,1,35,6,1798,8,3,3,1,3
2.02E+12,1,9,0,9,0,1,0,0,0,0,2,1,6,1,63,9,1596,1,4,3,1,3
2.02E+12,2,9,0,18,0,1,1,0,0,0,1,1,6,1,27,6,3246,1,14,4,1,4
2.02E+12,1,9,0,18,9,1,0,0,0,0,1,1,6,1,43,7,2993,2,2,9,1,9
2.02E+12,2,9,0,18,0,6,0,0,0,0,3,1,2,2,45,7,1598,2,2,4,1,4
2.02E+12,1,3,0,15,0,1,0,0,0,0,1,1,2,1,18,4,124,1,8,4,1,4
2.02E+12,2,11,0,7,0,1,0,0,0,0,4,1,1,1,36,7,4500,2,2,2,1,2
2.02E+12,1,11,0,18,2,1,0,0,0,0,1,1,6,1,61,9,9360,2,7,2,1,2
2.02E+12,1,9,0,9,0,8,0,0,0,0,1,1,2,2,32,6,1994,2,9,6,1,6
2.02E+12,2,9,0,18,0,8,1,0,0,0,4,1,6,1,34,6,2401,2,14,4,1,4
2.02E+12,2,9,0,9,0,6,0,0,0,0,4,1,6,1,29,6,1398,1,13,5,1,5
2.02E+12,1,9,0,3,0,1,0,0,0,0,2,1,6,1,45,7,1998,1,12,5,1,5
2.02E+12,1,9,0,1,8,6,0,0,0,0,2,1,3,2,40,7,2198,1,10,4,1,4
2.02E+12,1,3,0,18,4,2,0,0,0,0,1,1,1,1,27,6,108,1,3,2,1,2
2.02E+12,1,11,0,4,2,1,0,0,0,0,0,1,1,1,28,6,4461,2,3,6,1,6
2.02E+12,1,19,0,18,0,1,0,0,0,0,2,1,1,1,32,6,1560,2,3,4,1,4
2.02E+12,1,9,0,18,0,2,0,0,0,0,1,1,6,2,33,6,1400,1,10,6,1,6
2.02E+12,1,9,0,18,0,8,2,0,0,0,1,1,6,1,36,7,1461,2,2,2,1,2
2.02E+12,2,9,0,18,0,8,0,0,0,0,1,1,6,1,74,10,1998,1,9,4,1,4
2.02E+12,1,3,0,18,0,1,0,0,0,0,1,1,6,1,30,6,125,1,9,6,1,6
2.02E+12,2,19,0,3,0,2,0,0,0,0,4,1,2,1,42,7,1399,2,8,2,1,2
2.02E+12,1,9,0,3,0,1,0,0,0,0,2,1,6,2,23,5,1229,1,8,4,1,4
2.02E+12,2,19,0,18,0,1,0,0,0,0,1,1,2,1,27,6,1598,2,1,3,1,3
2.02E+12,1,11,0,5,2,1,0,0,0,0,0,1,1,1,32,6,4500,2,1,2,1,2
2.02E+12,2,9,0,9,0,8,0,0,0,0,3,1,6,1,56,9,1390,1,15,3,1,3
2.02E+12,1,9,0,18,0,1,0,0,0,0,1,1,6,2,34,6,1388,1,11,3,1,3
2.02E+12,2,9,0,6,0,1,0,0,0,0,3,1,6,2,38,7,1149,1,7,6,1,6
2.02E+12,1,9,0,9,0,5,0,0,0,0,3,2,6,2,22,5,1229,1,2,3,1,3
2.02E+12,1,9,0,16,0,1,0,0,0,0,1,1,6,1,42,7,998,1,13,1,1,1
2.02E+12,1,11,0,18,0,1,0,0,0,0,2,1,1,1,47,8,6700,2,6,3,1,3
2.02E+12,1,9,0,18,9,1,0,0,1,0,1,1,6,1,68,10,1798,1,10,4,1,4
2.02E+12,1,9,0,9,0,1,0,0,0,0,3,1,6,2,23,5,1596,1,15,9,3,9
2.02E+12,2,3,0,18,0,1,0,0,0,0,1,1,2,2,44,7,125,1,3,8,1,8
2.02E+12,2,9,0,18,2,8,0,0,0,0,1,1,6,2,37,7,1968,2,6,3,1,3
2.02E+12,1,9,0,3,0,8,0,0,0,0,2,1,6,1,34,6,1388,1,6,5,1,5
2.02E+12,2,9,0,18,0,8,0,0,0,0,1,1,6,1,37,7,1198,1,12,2,1,2
2.02E+12,1,9,0,18,0,8,0,0,0,0,1,1,6,1,35,6,1396,1,17,4,1,4
2.02E+12,2,4,0,5,0,1,0,0,0,0,4,1,6,1,19,4,125,1,3,2,1,2
2.02E+12,1,9,0,10,0,1,0,0,0,0,4,1,6,1,26,6,1398,1,1,2,1,2
2.02E+12,2,5,0,18,0,1,1,0,0,0,1,1,6,1,23,5,998,1,14,5,1,5
2.02E+12,1,3,0,18,0,1,0,10,7,2,1,1,1,1,20,4,125,1,6,2,1,2
2.02E+12,1,9,0,3,0,1,0,0,0,0,2,2,6,1,21,5,1390,1,6,2,1,2
2.02E+12,2,9,0,3,0,1,0,0,0,0,1,2,2,1,45,7,1339,1,15,4,1,4
2.02E+12,1,3,0,13,0,1,0,0,0,0,1,1,1,1,35,6,125,1,3,2,1,2
2.02E+12,2,9,0,9,0,8,0,0,0,0,3,1,6,1,28,6,1991,2,7,2,1,2
2.02E+12,2,19,0,18,0,8,0,0,0,0,1,1,1,1,51,8,1968,2,2,2,1,2
2.02E+12,1,9,0,18,0,1,0,4,0,0,1,1,6,1,31,6,1995,2,3,8,1,8
2.02E+12,1,9,0,18,0,1,0,0,0,0,4,1,6,2,64,9,1599,1,17,1,1,1
2.02E+12,2,9,0,18,0,2,0,0,0,0,3,1,6,1,38,7,1598,1,11,1,1,1