Accident_Index,Vehicle_Reference,Vehicle_Type,Towing_and_Articulation,Vehicle_Manoeuvre,Vehicle_Location-Restricted_Lane,Junction_Location,Skidding_and_Overturning,Hit_Object_in_Carriageway,Vehicle_Leaving_Carriageway,Hit_Object_off_Carriageway,1st_Point_of_Impact,Was_Vehicle_Left_Hand_Drive?,Journey_Purpose_of_Driver,Sex_of_Driver,Age_of_Driver,Age_Band_of_Driver,Engine_Capacity_(CC),Propulsion_Code,Age_of_Vehicle,Driver_IMD_Decile,Driver_Home_Area_Type,Vehicle_IMD_Decile
2.02E+12,1,3,0,13,0,1,0,0,0,0,1,1,1,1,19,4,125,1,11,3,1,3
2.02E+12,1,9,0,18,0,2,0,0,0,0,1,1,2,1,30,6,1595,1,12,1,1,1
2.02E+12,1,9,0,10,0,2,0,0,0,0,2,1,2,2,30,6,1686,2,8,4,1,4
2.02E+12,1,9,0,18,0,8,0,11,0,0,1,1,3,1,39,7,1794,1,11,3,1,3
2.02E+12,1,19,0,18,0,1,0,0,0,0,1,1,1,1,44,7,1753,2,14,3,1,3
2.02E+12,2,9,0,18,0,8,1,0,0,0,4,1,3,2,33,6,1797,8,4,5,1,5
2.02E+12,1,9,0,1,0,1,0,0,0,0,2,1,6,2,38,7,2268,2,1,8,1,8
2.02E+12,1,9,0,18,0,1,0,0,0,0,3,1,2,2,43,7,1598,1,13,4,1,4
2.02E+12,1,9,0,9,0,5,0,0,0,0,1,1,6,2,28,6,2179,2,4,8,1,8
2.02E+12,2,9,0,18,0,1,0,0,0,0,1,1,6,2,33,6,1598,1,10,4,1,4
2.02E+12,1,19,0,9,0,1,0,0,0,0,4,1,1,1,27,6,2198,2,4,7,1,7
2.02E+12,2,11,0,5,0,1,0,0,0,0,0,1,1,1,59,9,6692,2,6,1,1,1
2.02E+12,1,9,0,18,0,1,0,0,0,0,1,1,6,2,45,7,1587,1,14,3,1,3
2.02E+12,2,9,0,5,0,6,0,0,0,0,1,1,6,1,43,7,1388,1,14,4,1,4
2.02E+12,1,11,0,18,2,1,0,0,0,0,0,1,1,1,50,8,6700,2,5,4,1,4
2.02E+12,2,11,0,18,2,1,0,0,0,0,0,1,1,1,43,7,5132,2,3,7,1,7
2.02E+12,1,9,0,10,0,8,0,0,0,0,3,1,6,1,80,11,1997,2,16,6,1,6
2.02E+12,1,9,0,9,0,6,0,0,0,0,1,1,3,2,40,7,1598,1,13,4,1,4
2.02E+12,1,9,0,3,0,2,0,0,0,0,2,1,6,1,20,4,1596,1,15,8,1,8
2.02E+12,1,9,0,9,0,8,0,0,0,0,1,1,6,1,53,8,1248,2,5,2,1,2
2.02E+12,1,19,0,3,0,1,0,0,0,0,4,1,1,1,36,7,2953,2,13,8,1,8
2.02E+12,1,9,0,4,0,8,0,0,0,0,3,1,6,1,81,11,1587,1,18,7,1,7
2.02E+12,1,5,0,18,0,1,1,0,0,0,0,1,6,1,34,6,600,1,5,3,1,3
2.02E+12,1,8,0,4,0,1,0,0,0,0,1,2,1,1,47,8,1968,2,4,3,1,3
2.02E+12,2,3,0,3,0,2,0,0,0,0,0,1,6,1,40,7,124,1,5,2,1,2
2.02E+12,2,9,0,18,0,1,0,0,0,0,4,1,6,1,38,7,1596,1,8,5,1,5
2.02E+12,1,19,0,18,0,1,0,0,0,0,1,1,6,1,58,9,1753,2,9,1,1,1
2.02E+12,1,9,0,9,0,8,0,0,0,0,3,1,6,2,56,9,1896,2,12,1,1,1
2.02E+12,2,3,0,13,0,1,0,0,0,0,1,1,6,1,44,7,108,1,2,5,1,5
2.02E+12,2,9,0,14,0,2,0,0,0,0,1,1,1,1,24,5,1968,2,2,9,1,9
2.02E+12,1,8,0,7,0,6,0,0,0,0,4,1,1,1,32,6,1950,2,1,7,1,7
2.02E+12,1,9,0,9,0,1,0,0,0,0,1,1,6,2,22,5,998,1,2,5,1,5
2.02E+12,2,5,0,18,0,1,1,0,0,0,1,1,6,1,20,4,649,1,1,4,1,4
2.02E+12,1,21,0,7,0,1,0,0,0,0,4,1,1,1,39,7,10837,2,3,3,1,3
2.02E+12,1,11,0,18,0,1,0,0,0,0,0,1,1,1,60,9,4461,2,4,2,1,2
2.02E+12,1,9,0,9,0,7,0,0,0,0,4,1,1,1,27,6,1499,2,2,3,1,3
2.02E+12,1,9,0,9,0,6,0,0,0,0,1,1,6,1,21,5,1242,1,9,6,1,6
2.02E+12,2,9,0,18,0,6,1,0,0,0,4,1,6,2,28,6,2362,1,15,6,1,6
2.02E+12,1,9,0,3,0,2,0,0,0,0,3,1,6,2,23,5,1149,1,12,2,1,2
2.02E+12,2,3,0,14,0,8,0,0,0,0,1,1,1,1,20,4,124,1,1,6,1,6
2.02E+12,1,9,0,9,0,5,0,0,0,0,1,1,1,2,31,6,1461,2,1,5,1,5
2.02E+12,2,3,0,5,0,1,0,0,0,0,2,1,2,1,41,7,125,1,4,3,1,3
2.02E+12,1,9,0,18,0,2,0,0,0,0,1,1,2,1,31,6,1388,1,12,1,1,1
2.02E+12,1,21,5,10,0,5,0,0,0,0,3,1,1,1,51,8,4580,2,1,4,1,4
2.02E+12,2,3,0,14,0,1,1,0,7,0,1,1,1,1,23,5,125,1,1,2,1,2
2.02E+12,1,9,0,11,0,3,0,0,0,0,4,1,6,1,31,6,1339,1,8,6,1,6
2.02E+12,1,9,0,4,0,8,0,0,0,0,4,1,6,1,79,11,1598,1,15,7,1,7
2.02E+12,1,9,0,18,0,8,0,0,0,0,4,1,6,2,56,9,1364,1,9,5,1,5
2.02E+12,2,9,0,9,0,2,0,0,0,0,1,1,6,2,26,6,1596,1,8,5,1,5
2.02E+12,1,9,0,7,0,1,0,0,0,0,4,1,6,1,18,4,1796,1,17,2,1,2
2.02E+12,2,3,0,18,0,1,0,0,0,0,1,1,6,1,38,7,125,1,2,4,1,4
2.02E+12,1,9,0,9,4,6,0,0,0,0,1,1,6,1,63,9,1598,1,13,9,1,9
2.02E+12,1,5,0,9,0,1,1,7,0,0,3,1,6,1,32,6,656,1,8,5,1,5
2.02E+12,1,4,0,5,0,8,1,0,0,0,1,1,6,1,31,6,124,1,11,5,1,5
2.02E+12,1,9,0,18,0,1,0,0,1,0,3,1,3,2,48,8,1598,2,5,3,1,3
2.02E+12,1,19,0,18,0,1,0,0,0,0,1,1,6,1,19,4,2198,2,7,9,3,9
2.02E+12,2,9,0,18,0,1,0,0,0,0,4,1,6,1,30,6,2000,1,8,3,1,3
2.02E+12,1,9,0,8,0,4,0,0,0,0,1,1,6,2,56,9,1997,1,7,4,1,4
2.02E+12,1,8,0,4,0,4,0,0,0,0,4,1,1,1,24,5,1798,8,1,3,1,3
2.02E+12,1,8,0,18,0,2,0,8,0,0,4,1,1,1,29,6,1598,2,5,2,1,2
2.02E+12,1,9,0,18,0,1,0,0,0,0,1,1,6,2,67,10,999,1,3,7,1,7
2.02E+12,2,19,0,9,0,1,0,0,0,0,1,1,2,1,39,7,2287,2,10,4,1,4
2.02E+12,1,9,0,18,0,4,0,0,0,0,3,1,1,1,40,7,1968,2,7,6,1,6
2.02E+12,2,9,0,9,0,4,0,0,0,0,4,1,6,2,53,8,1995,2,3,9,1,9
2.02E+12,1,19,0,18,0,1,1,0,0,0,1,1,1,1,20,4,2402,2,10,3,1,3
2.02E+12,2,9,0,18,0,1,0,0,0,0,2,1,6,2,29,6,1399,2,8,5,1,5
2.02E+12,1,9,0,9,0,1,0,0,0,0,1,1,6,1,35,6,1339,8,9,4,1,4
2.02E+12,1,9,0,18,0,1,0,0,0,0,3,1,6,1,26,6,1149,1,8,2,1,2
2.02E+12,1,21,0,18,0,3,0,0,0,0,1,1,1,1,44,7,10837,2,3,5,1,5
2.02E+12,2,9,0,5,0,4,0,0,0,0,1,1,6,2,78,11,1998,1,17,9,1,9
2.02E+12,1,9,0,9,4,2,0,0,0,0,1,1,6,1,41,7,998,1,16,6,1,6
2.02E+12,1,90,0,18,0,1,1,0,0,0,1,1,1,1,33,6,10837,2,3,2,1,2
2.02E+12,2,9,0,4,0,1,0,0,0,0,2,1,2,2,20,4,1296,1,9,2,1,2
2.02E+12,1,9,0,5,0,3,0,0,0,0,1,1,6,1,31,6,1995,2,3,3,1,3
2.02E+12,2,9,0,18,0,1,0,0,0,0,1,2,6,1,39,7,1398,1,5,6,1,6
2.02E+12,1,9,0,18,0,1,0,0,0,0,1,1,6,1,33,6,2143,2,5,4,1,4
2.02E+12,2,9,0,18,0,8,0,0,0,0,4,1,6,1,20,4,1995,2,4,9,1,9
2.02E+12,1,9,0,9,0,8,0,0,0,0,2,1,6,2,20,4,1229,1,2,2,1,2
2.02E+12,1,9,0,18,0,8,1,0,1,1,1,1,6,1,65,9,2720,2,9,3,1,3
2.02E+12,1,3,0,18,0,4,1,0,0,0,2,1,6,2,19,4,599,1,5,4,1,4
2.02E+12,2,5,0,4,0,4,0,0,0,0,2,1,6,1,21,5,599,1,6,2,1,2
2.02E+12,3,9,0,5,0,2,0,0,0,0,0,1,1,1,38,7,1995,2,2,7,1,7
2.02E+12,1,9,0,18,0,1,0,0,0,0,1,1,6,1,80,11,1769,1,15,2,1,2
2.02E+12,1,8,0,18,0,2,0,7,0,0,1,1,1,1,60,9,1790,8,3,1,1,1
2.02E+12,1,9,0,18,0,1,1,4,0,0,1,1,6,2,21,5,1360,1,8,6,1,6
2.02E+12,1,9,0,5,0,1,0,0,0,0,1,1,6,1,65,9,2295,1,17,6,1,6
2.02E+12,1,9,0,18,0,8,0,0,0,0,1,1,1,1,49,8,1497,8,9,2,1,2
2.02E+12,1,9,0,18,0,1,0,0,0,0,2,1,6,1,58,9,1686,2,13,3,1,3
2.02E+12,1,9,0,18,0,1,0,0,0,0,1,1,6,2,25,5,1242,1,12,4,1,4
2.02E+12,1,3,0,18,0,2,0,12,0,0,1,1,6,1,22,5,125,1,3,2,1,2
2.02E+12,1,9,0,3,0,1,0,0,0,0,1,1,6,2,37,7,998,1,3,7,1,7
2.02E+12,2,9,0,3,0,1,0,0,0,0,1,1,6,1,37,7,1560,2,12,2,1,2
2.02E+12,3,19,0,3,0,1,0,0,0,0,3,1,6,1,57,9,1399,2,6,4,1,4
2.02E+12,1,19,0,9,0,1,0,0,0,0,4,1,1,1,54,8,1248,2,9,2,1,2
2.02E+12,1,11,0,18,0,2,0,0,0,0,1,1,1,1,42,7,4461,2,3,2,1,2
2.02E+12,1,9,0,4,0,2,0,0,0,0,0,1,6,1,42,7,1598,1,5,1,1,1
2.02E+12,1,9,0,16,0,2,1,0,0,0,1,1,6,1,34,6,998,1,19,4,1,4
2.02E+12,2,9,0,9,0,6,0,0,0,0,4,1,6,2,55,8,1298,1,15,3,1,3
2.02E+12,1,19,0,18,0,2,0,0,0,0,1,1,1,1,34,6,1968,2,4,2,1,2
2.02E+12,2,9,0,4,0,2,0,10,0,0,2,1,6,1,89,11,1390,1,13,2,1,2
2.02E+12,1,9,0,9,0,6,0,0,0,0,1,1,3,2,47,8,1598,1,11,2,1,2
2.02E+12,2,5,0,14,0,1,0,0,0,0,4,1,6,1,23,5,647,1,15,10,1,10
2.02E+12,1,9,0,9,0,8,0,0,0,0,3,1,1,2,56,9,1198,1,6,2,1,2
2.02E+12,2,4,0,18,0,1,0,0,0,0,1,1,6,1,21,5,125,1,1,4,1,4
2.02E+12,1,11,0,9,0,8,0,0,0,0,1,1,1,1,63,9,4500,2,9,1,1,1
2.02E+12,1,11,0,5,2,1,0,0,0,0,0,1,1,1,38,7,6700,2,6,4,1,4
2.02E+12,1,9,0,17,0,2,0,0,0,0,1,1,6,2,33,6,1598,1,10,1,1,1
2.02E+12,1,9,0,18,0,6,0,0,0,0,0,1,6,1,39,7,1598,2,3,1,1,1
2.02E+12,2,4,0,18,0,1,0,0,0,0,0,1,2,2,35,6,125,1,2,4,1,4
2.02E+12,1,9,0,18,0,1,0,0,0,0,1,1,2,2,59,9,1498,1,9,3,1,3
2.02E+12,1,21,0,5,0,1,0,0,0,0,1,1,1,1,31,6,12900,2,7,6,1,6
2.02E+12,1,8,0,1,0,2,0,0,0,0,2,1,1,1,41,7,1798,8,1,2,1,2
2.02E+12,1,9,0,18,0,1,0,0,0,0,1,1,3,2,39,7,1339,1,12,3,1,3
2.02E+12,1,9,0,18,0,1,0,0,0,0,1,1,3,2,20,4,1229,1,5,2,1,2
2.02E+12,1,9,0,18,0,8,0,0,0,0,4,1,6,1,34,6,1560,2,11,8,1,8
2.02E+12,2,9,0,7,0,6,0,0,0,0,3,1,6,1,19,4,1368,1,11,1,1,1
2.02E+12,1,19,0,9,0,5,0,0,7,0,1,1,1,1,23,5,2198,2,2,4,1,4
2.02E+12,2,3,0,18,0,1,0,0,0,0,1,1,1,1,27,6,124,1,4,9,1,9
2.02E+12,1,9,0,7,0,1,0,0,0,0,4,1,6,2,56,9,2300,1,18,8,1,8
2.02E+12,2,4,0,18,0,1,0,0,0,0,1,1,6,1,51,8,125,1,6,6,1,6
2.02E+12,1,5,0,18,0,2,0,0,0,0,1,1,6,1,61,9,750,1,28,5,1,5
2.02E+12,2,19,0,10,0,2,0,0,0,0,1,1,1,1,28,6,1598,2,2,5,1,5
2.02E+12,1,9,0,9,9,5,0,0,0,0,1,1,3,2,41,7,1275,1,17,1,1,1
2.02E+12,2,9,0,7,0,1,0,0,0,0,3,1,6,1,18,4,1461,2,3,2,1,2
2.02E+12,1,19,0,9,0,5,0,0,0,0,1,1,1,1,47,8,2143,2,3,9,1,9
2.02E+12,2,3,0,18,0,8,0,0,3,0,1,1,1,1,35,6,125,1,1,3,1,3
2.02E+12,1,11,0,5,0,8,0,0,0,0,0,1,6,1,39,7,5132,2,1,7,1,7
2.02E+12,1,2,0,3,0,1,0,0,0,0,1,1,2,2,40,7,125,1,9,2,1,2
2.02E+12,2,9,0,3,0,1,0,0,0,0,2,1,6,1,31,6,1956,2,3,2,1,2
2.02E+12,1,9,0,10,0,1,0,0,0,0,4,1,6,2,47,8,1997,1,14,2,1,2
2.02E+12,1,9,0,18,0,1,0,0,0,0,1,1,6,1,26,6,1497,8,9,3,1,3
2.02E+12,1,9,0,10,0,5,0,0,0,0,1,1,6,1,35,6,1998,2,8,2,1,2
2.02E+12,2,3,0,7,0,5,0,0,0,0,1,1,1,1,37,7,108,1,2,3,1,3
2.02E+12,1,9,0,18,0,1,0,0,0,0,3,1,1,1,25,5,1582,2,1,10,1,10
2.02E+12,1,9,0,5,0,7,0,0,0,0,2,1,6,1,63,9,1910,2,17,5,1,5
2.02E+12,2,9,0,6,0,1,0,0,0,0,1,1,6,1,54,8,2987,2,3,8,1,8
2.02E+12,1,19,0,18,0,8,1,0,0,0,1,1,1,1,28,6,2198,2,2,5,1,5
2.02E+12,1,9,0,7,0,5,0,0,0,0,4,1,6,1,41,7,2149,2,10,4,1,4
2.02E+12,1,9,0,18,0,2,5,4,0,0,1,1,6,2,23,5,2148,2,11,7,1,7
2.02E+12,2,9,0,10,0,1,0,0,0,0,3,1,6,2,43,7,1498,1,1,5,1,5
2.02E+12,2,3,0,11,0,1,1,4,0,0,2,1,6,1,17,4,125,1,6,1,1,1
2.02E+12,1,19,0,3,0,1,0,0,0,0,1,1,1,1,34,6,2198,2,2,4,1,4
2.02E+12,2,5,0,3,0,1,0,0,0,0,2,1,2,1,43,7,599,1,7,9,1,9
2.02E+12,1,9,0,1,0,1,0,0,0,0,2,1,6,1,19,4,1248,2,6,2,1,2
2.02E+12,1,9,0,3,0,1,0,0,0,0,2,1,2,1,31,6,1984,1,4,2,1,2
2.02E+12,1,9,0,18,0,6,0,0,0,0,3,1,6,1,29,6,1999,1,6,2,1,2
2.02E+12,1,8,0,18,0,8,0,0,0,0,2,1,6,1,30,6,1797,8,6,3,1,3
2.02E+12,2,9,0,18,0,8,0,0,0,0,4,1,6,1,30,6,1590,1,16,1,1,1
2.02E+12,3,8,0,18,0,8,0,0,0,0,1,1,6,1,53,8,2143,2,2,5,1,5
2.02E+12,4,9,0,18,0,8,0,0,0,0,2,1,6,1,43,7,2499,1,9,5,1,5
2.02E+12,1,9,0,8,0,1,0,0,0,0,3,1,6,1,40,7,1560,2,3,2,1,2
2.02E+12,2,9,0,3,0,1,0,0,0,0,1,1,6,1,66,10,1497,8,5,4,1,4
2.02E+12,3,9,0,3,0,1,0,0,0,0,1,1,6,1,41,7,1796,1,13,5,1,5
2.02E+12,1,5,0,18,0,1,0,0,0,0,3,1,6,1,24,5,649,1,7,4,1,4
2.02E+12,2,9,0,18,0,6,0,0,0,0,1,1,6,2,63,9,1596,1,9,4,1,4
2.02E+12,1,9,0,9,9,2,1,10,1,2,1,1,6,1,23,5,2000,2,6,6,1,6
2.02E+12,1,9,0,9,0,8,0,0,0,0,1,1,6,1,25,5,1364,1,13,2,1,2
2.02E+12,2,5,0,18,0,8,0,0,0,0,1,1,6,1,27,6,749,1,8,3,1,3
2.02E+12,1,9,0,18,0,8,1,7,1,10,3,1,6,2,18,4,1242,1,7,3,1,3
2.02E+12,2,8,0,10,0,8,0,0,0,0,4,1,6,1,45,7,2143,12,2,2,1,2
2.02E+12,1,9,0,18,0,1,1,11,0,0,1,1,6,1,17,4,1390,1,20,2,1,2
2.02E+12,1,9,0,18,0,7,1,0,0,0,3,1,6,1,60,9,2143,2,5,2,1,2
2.02E+12,1,9,0,9,0,1,0,0,0,0,1,1,2,1,69,10,1991,1,18,3,1,3
2.02E+12,1,9,0,3,0,2,0,0,0,0,1,1,6,2,37,7,1796,1,6,2,1,2
2.02E+12,1,9,0,4,0,2,0,0,0,0,1,1,6,1,36,7,1796,1,7,5,1,5
2.02E+12,2,9,0,10,0,2,0,0,0,0,2,1,6,1,26,6,1995,2,3,2,1,2
2.02E+12,1,9,0,9,0,7,0,0,0,0,1,1,3,1,36,7,1560,2,3,3,1,3
2.02E+12,1,11,0,5,0,1,0,0,0,0,0,1,1,1,60,9,5132,2,1,2,1,2
2.02E+12,1,8,0,9,0,8,0,0,0,0,4,1,1,1,25,5,1598,2,5,3,1,3
2.02E+12,2,3,0,18,0,1,2,0,0,0,1,1,1,1,34,6,125,1,1,2,1,2
2.02E+12,2,9,0,9,0,5,0,0,0,0,0,1,6,1,41,7,2400,2,5,4,1,4
2.02E+12,3,9,0,3,0,1,0,0,0,0,3,1,1,1,45,7,1910,2,7,2,1,2
2.02E+12,1,9,0,3,0,8,0,0,0,0,1,1,3,2,44,7,2231,2,8,5,1,5
2.02E+12,2,9,0,3,0,8,0,0,0,0,2,1,2,1,55,8,1995,2,5,3,1,3
2.02E+12,1,3,0,11,0,1,0,0,0,0,4,1,2,1,32,6,124,1,5,3,1,3
2.02E+12,1,8,0,4,0,6,0,0,0,0,4,1,6,1,56,9,1797,8,6,4,1,4
2.02E+12,1,9,0,3,0,1,0,0,0,0,1,1,3,2,31,6,1240,1,12,2,1,2
2.02E+12,1,9,0,18,0,2,0,0,0,0,1,1,6,1,68,10,1598,2,2,3,1,3
2.02E+12,2,9,0,18,0,2,0,0,0,0,2,1,2,1,23,5,1995,2,5,3,1,3
2.02E+12,3,19,0,18,0,1,0,0,0,0,2,1,1,1,31,6,1870,2,13,2,1,2
2.02E+12,5,9,0,7,0,6,0,0,0,0,2,1,2,1,39,7,2993,2,10,7,1,7
2.02E+12,1,9,0,3,0,1,0,0,0,0,3,1,1,1,39,7,1798,8,1,7,1,7
2.02E+12,1,9,0,5,0,1,0,0,0,0,1,1,6,1,46,8,1299,1,12,5,1,5
2.02E+12,1,9,0,9,0,8,0,0,0,0,2,1,6,2,27,6,1229,1,5,2,1,2
2.02E+12,2,3,0,13,0,1,0,0,0,0,1,1,6,1,31,6,125,1,3,7,1,7
2.02E+12,2,9,0,10,0,5,0,0,0,0,3,1,2,2,27,6,999,1,8,2,1,2
2.02E+12,1,9,0,18,0,2,0,0,0,0,1,1,6,1,50,8,2000,2,13,2,1,2
2.02E+12,1,9,0,18,0,8,0,0,0,0,1,1,6,2,36,7,1390,1,20,4,1,4
2.02E+12,2,11,0,10,0,5,0,0,0,0,3,1,1,1,70,10,4500,2,10,7,1,7
2.02E+12,3,9,0,9,0,5,0,0,0,0,1,1,6,2,40,7,1493,2,7,2,1,2
2.02E+12,1,11,0,5,2,1,0,0,0,0,0,1,1,1,30,6,4500,2,1,2,1,2
2.02E+12,1,9,0,5,0,1,0,0,0,0,0,1,6,1,28,6,1900,2,11,1,1,1
2.02E+12,1,21,0,5,0,1,0,0,0,0,3,1,1,1,47,8,11946,2,9,3,1,3
2.02E+12,1,19,0,18,0,2,0,0,0,0,4,1,2,1,54,8,1995,2,10,9,2,9
2.02E+12,1,90,0,5,0,1,0,0,0,0,2,1,1,1,51,8,6370,2,7,3,1,3
2.02E+12,1,11,0,15,0,2,0,0,0,0,4,1,1,1,55,8,9360,2,7,2,1,2
2.02E+12,2,11,0,3,0,2,0,0,0,0,2,1,1,1,44,7,9360,2,5,7,1,7
2.02E+12,2,19,0,18,0,2,0,0,0,0,1,1,2,1,28,6,2298,2,7,6,1,6
2.02E+12,1,9,0,7,0,1,0,0,0,0,1,1,1,1,34,6,1299,1,12,6,1,6
2.02E+12,1,11,0,18,0,2,0,0,0,0,0,1,1,1,54,8,3900,2,14,5,1,5
2.02E+12,1,9,0,18,0,5,0,0,3,2,1,1,6,2,25,5,1390,1,14,7,1,7
2.02E+12,2,11,0,18,0,1,0,0,0,0,0,1,1,1,42,7,9360,2,6,2,1,2
2.02E+12,1,8,0,16,0,8,0,0,0,0,1,1,6,1,38,7,1560,2,5,3,1,3
2.02E+12,2,9,0,5,0,8,0,0,0,0,1,1,6,1,18,4,1124,1,16,4,1,4
2.02E+12,1,9,0,18,0,1,0,0,3,1,3,1,6,1,85,11,1339,1,6,10,1,10
2.02E+12,1,5,0,4,0,1,2,0,0,0,0,1,6,1,53,8,883,1,3,3,1,3
2.02E+12,1,9,0,9,0,6,0,0,0,0,1,1,6,2,21,5,998,1,17,10,1,10
2.02E+12,2,9,0,18,0,1,0,0,0,0,4,1,6,2,77,11,1498,1,5,10,1,10
2.02E+12,1,9,0,13,0,1,1,0,2,4,4,1,6,1,22,5,3246,1,14,2,1,2
2.02E+12,2,9,0,18,0,8,0,0,0,0,3,1,6,2,34,6,998,1,7,3,1,3
2.02E+12,1,9,0,9,0,1,0,0,0,0,2,1,6,1,43,7,2143,2,3,3,1,3
2.02E+12,2,9,0,18,0,1,0,0,0,0,1,1,6,2,20,4,1968,2,2,7,3,7
2.02E+12,1,9,0,3,0,8,0,0,0,0,2,1,6,1,58,9,1798,8,3,4,1,4
2.02E+12,2,2,0,15,0,8,0,0,0,0,1,1,1,1,22,5,108,1,4,2,1,2
2.02E+12,1,3,0,18,0,8,1,0,1,0,3,1,1,1,43,7,108,1,2,3,1,3
2.02E+12,2,9,0,5,0,1,0,0,0,0,3,1,1,1,47,8,1798,8,5,4,1,4
2.02E+12,1,2,0,5,0,1,0,0,0,0,0,1,1,1,55,8,125,1,4,5,1,5
2.02E+12,1,4,0,7,6,3,1,10,0,0,1,1,6,1,21,5,124,1,11,4,1,4
2.02E+12,1,9,0,18,0,1,0,0,0,0,1,1,6,1,40,7,1995,2,11,2,1,2
2.02E+12,2,8,0,18,0,2,0,0,0,0,1,1,6,1,50,8,2402,2,11,10,1,10
2.02E+12,1,9,0,18,0,2,0,0,0,0,1,1,6,1,48,8,1998,1,20,1,1,1
2.02E+12,1,9,0,7,0,1,0,0,0,0,2,1,6,1,23,5,1396,1,15,1,1,1
2.02E+12,1,9,0,9,0,1,1,0,0,0,1,1,6,1,52,8,1390,1,13,8,3,8
2.02E+12,2,9,0,7,0,1,1,0,0,0,1,1,6,2,58,9,1242,1,4,5,1,5
2.02E+12,1,9,0,3,0,1,0,0,0,0,4,1,6,1,24,5,1149,1,10,4,1,4
2.02E+12,1,9,0,9,0,1,0,0,0,0,2,1,2,2,40,7,1598,1,10,3,1,3
2.02E+12,1,9,0,18,0,2,5,10,0,0,1,1,6,1,35,6,1299,1,14,2,1,2
2.02E+12,1,9,0,4,0,1,0,0,0,0,2,1,3,1,27,6,1339,1,8,9,1,9
2.02E+12,1,9,0,9,0,1,0,0,0,0,4,1,6,2,47,8,2143,2,1,1,1,1
2.02E+12,2,9,0,9,0,1,0,0,0,0,2,1,2,2,47,8,1896,2,14,4,1,4
2.02E+12,2,9,0,7,0,2,0,0,0,0,2,1,6,2,56,9,1248,2,10,2,1,2
2.02E+12,1,9,0,16,0,5,0,4,0,0,1,1,6,2,28,6,1197,1,2,1,1,1
2.02E+12,1,9,0,4,0,2,0,0,0,0,1,1,6,1,79,11,1397,1,10,5,1,5
2.02E+12,1,9,0,18,0,8,0,0,0,0,4,1,6,1,20,4,1896,2,11,2,1,2
2.02E+12,2,9,0,18,0,8,0,0,0,0,3,1,6,2,35,6,1686,2,7,6,1,6
2.02E+12,1,9,0,9,0,1,0,0,0,0,1,1,6,1,40,7,2497,2,1,4,1,4
2.02E+12,2,2,0,18,0,1,0,0,0,0,1,1,6,1,23,5,124,1,12,4,1,4
2.02E+12,1,9,0,9,0,8,0,0,7,0,1,1,6,1,23,5,1360,1,15,10,1,10
2.02E+12,2,9,0,17,0,8,0,0,0,0,1,1,6,1,69,10,1796,1,10,7,3,7
2.02E+12,1,9,0,9,0,5,0,0,0,0,4,1,6,1,64,9,1685,2,5,3,1,3
2.02E+12,2,3,0,18,0,5,5,0,0,0,4,1,6,1,38,7,1255,1,8,4,2,4
2.02E+12,1,9,0,18,0,1,0,0,0,0,1,1,3,2,34,6,1596,1,5,6,1,6
2.02E+12,2,9,0,9,0,1,0,0,0,0,1,1,6,1,60,9,1796,7,10,5,1,5
2.02E+12,1,9,0,9,0,8,0,0,0,0,3,1,6,1,49,8,2362,1,17,3,1,3
2.02E+12,1,9,0,9,0,6,0,0,0,0,1,1,6,1,27,6,1598,2,3,5,1,5
2.02E+12,2,9,0,1,9,6,0,0,0,0,2,1,6,1,39,7,1396,1,14,4,1,4
2.02E+12,1,9,0,5,0,7,0,0,0,0,2,1,6,2,39,7,1390,1,9,4,1,4
2.02E+12,1,8,0,5,0,2,0,0,0,0,1,1,1,1,52,8,2499,2,3,9,1,9
2.02E+12,1,3,0,18,0,8,0,0,0,0,4,1,2,1,33,6,102,1,14,3,1,3
2.02E+12,1,11,0,18,0,1,0,0,0,0,0,1,1,1,32,6,4500,2,2,2,1,2
2.02E+12,1,9,0,7,0,3,0,0,0,0,1,1,6,1,63,9,1598,2,3,9,1,9
2.02E+12,2,8,0,3,0,8,0,0,0,0,2,1,1,1,59,9,1794,1,10,3,1,3
2.02E+12,1,9,0,7,0,4,0,0,0,0,1,1,6,2,22,5,2143,2,7,1,1,1
2.02E+12,2,9,0,9,0,3,0,0,0,0,1,1,6,1,27,6,2143,2,3,1,1,1
2.02E+12,1,9,0,10,0,1,0,10,0,0,1,1,6,1,60,9,1560,2,4,4,1,4
2.02E+12,2,9,0,16,0,1,0,7,1,0,1,1,6,2,71,10,1951,2,12,9,1,9
2.02E+12,1,9,0,18,0,8,0,0,0,0,1,1,6,1,27,6,1598,2,7,5,1,5
2.02E+12,2,9,0,10,0,6,0,0,0,0,1,1,6,1,42,7,1390,1,16,2,1,2
2.02E+12,1,9,0,3,0,4,0,0,0,0,2,1,6,2,53,8,796,1,7,4,1,4
2.02E+12,2,9,0,18,0,4,0,0,0,0,1,1,6,1,27,6,1900,2,11,9,1,9
2.02E+12,3,9,0,18,0,4,0,0,0,0,1,1,6,1,40,7,1995,2,3,8,1,8
2.02E+12,1,9,0,18,0,8,0,0,0,0,2,1,2,1,47,8,1200,1,2,2,1,2
2.02E+12,2,9,0,18,0,8,0,0,0,0,1,1,6,1,22,5,1296,1,10,4,1,4
2.02E+12,1,19,0,9,0,1,0,0,0,0,1,1,6,1,35,6,1248,2,5,4,1,4
2.02E+12,2,4,0,18,0,5,1,7,0,0,3,1,6,1,36,7,249,1,6,7,1,7