Accident_Index,Vehicle_Reference,Vehicle_Type,Towing_and_Articulation,Vehicle_Manoeuvre,Vehicle_Location-Restricted_Lane,Junction_Location,Skidding_and_Overturning,Hit_Object_in_Carriageway,Vehicle_Leaving_Carriageway,Hit_Object_off_Carriageway,1st_Point_of_Impact,Was_Vehicle_Left_Hand_Drive?,Journey_Purpose_of_Driver,Sex_of_Driver,Age_of_Driver,Age_Band_of_Driver,Engine_Capacity_(CC),Propulsion_Code,Age_of_Vehicle,Driver_IMD_Decile,Driver_Home_Area_Type,Vehicle_IMD_Decile
2.02E+12,1,9,0,9,0,6,0,0,0,0,1,1,3,2,40,7,2993,2,6,5,1,5
2.02E+12,2,9,0,18,0,1,0,0,0,0,1,1,1,1,63,9,1797,8,6,5,1,5
2.02E+12,1,9,0,5,0,2,0,0,0,0,1,1,6,2,40,7,2401,2,11,9,1,9
2.02E+12,2,9,0,18,0,1,0,0,0,0,1,1,6,2,27,6,1399,2,7,6,1,6
2.02E+12,1,9,0,7,2,8,0,0,0,0,4,1,6,1,51,8,1299,1,17,4,1,4
2.02E+12,1,9,0,18,0,1,0,10,1,10,3,1,2,1,41,7,1798,8,3,4,1,4
2.02E+12,2,9,0,8,0,1,0,0,0,0,3,1,6,2,36,7,1360,1,11,4,1,4
2.02E+12,1,9,0,9,0,5,5,10,0,0,1,1,6,2,51,8,1995,2,11,5,1,5
2.02E+12,1,9,0,18,0,1,0,0,0,0,1,1,6,1,33,6,1910,2,9,6,1,6
2.02E+12,1,9,0,9,0,1,0,0,0,0,4,1,6,1,26,6,1364,1,10,3,1,3
2.02E+12,1,9,0,18,0,1,0,0,0,0,4,1,6,2,50,8,1388,1,10,5,1,5
2.02E+12,2,9,0,5,0,4,0,0,0,0,1,1,6,2,32,6,1364,1,8,3,1,3
2.02E+12,1,9,0,18,0,2,1,0,0,0,0,1,1,1,32,6,1999,2,1,6,1,6
2.02E+12,2,9,5,18,0,2,0,0,0,0,1,1,2,2,60,9,1242,1,7,10,2,10
2.02E+12,1,3,0,18,0,8,0,0,0,0,4,1,6,1,19,4,125,1,12,4,1,4
2.02E+12,2,9,0,7,0,6,0,0,0,0,1,1,6,2,36,7,1229,1,9,8,1,8
2.02E+12,1,9,0,5,0,6,0,0,0,0,1,1,6,2,30,6,1598,1,5,2,1,2
2.02E+12,2,3,0,18,0,1,0,0,0,0,1,1,1,1,35,6,108,1,1,4,1,4
2.02E+12,1,9,0,18,0,1,0,0,0,0,3,1,6,1,21,5,1368,1,10,7,1,7
2.02E+12,1,9,0,18,0,2,0,0,0,0,1,1,6,1,28,6,1587,1,10,2,1,2
2.02E+12,1,3,0,18,0,6,5,0,0,0,2,1,1,1,39,7,125,1,11,2,1,2
2.02E+12,2,9,0,18,0,6,0,0,0,0,1,1,6,1,33,6,998,1,3,2,1,2
2.02E+12,1,9,0,18,0,1,0,0,0,0,4,1,6,1,28,6,1598,2,2,10,1,10
2.02E+12,2,9,0,18,0,1,0,0,7,9,1,1,6,1,40,7,1968,2,6,2,1,2
2.02E+12,1,8,0,9,0,6,0,0,0,0,1,1,1,1,17,4,1999,1,6,4,1,4
2.02E+12,1,8,0,5,0,8,1,7,0,0,4,1,6,1,55,8,2776,2,1,7,3,7
2.02E+12,2,19,0,5,0,8,0,0,0,0,1,1,1,1,39,7,1560,2,2,6,1,6
2.02E+12,2,9,0,7,0,8,0,0,0,0,1,1,6,1,29,6,1798,8,3,3,1,3
2.02E+12,1,9,0,7,0,8,0,0,0,0,1,1,6,1,42,7,1796,1,14,3,1,3
2.02E+12,1,9,0,12,6,6,0,0,0,0,1,1,1,1,37,7,998,1,1,3,1,3
2.02E+12,2,21,4,18,0,1,0,0,0,0,4,1,1,1,39,7,12740,2,1,1,1,1
2.02E+12,1,9,0,9,0,8,0,0,0,0,1,1,6,1,37,7,1360,1,14,3,1,3
2.02E+12,2,9,0,9,0,6,0,0,0,0,1,1,3,2,36,7,1997,1,9,8,1,8
2.02E+12,2,3,0,10,0,8,0,0,0,0,1,1,6,2,34,6,125,1,6,2,1,2
2.02E+12,1,9,0,18,0,3,0,0,0,0,4,1,6,1,32,6,1968,2,8,5,1,5
2.02E+12,2,9,0,18,0,4,0,0,0,0,1,1,6,1,27,6,1968,2,10,3,1,3
2.02E+12,1,9,0,4,0,1,0,0,0,0,2,1,6,1,26,6,1956,2,4,2,1,2
2.02E+12,3,19,0,4,0,1,0,0,0,0,2,1,1,1,24,5,2198,2,2,1,1,1
2.02E+12,4,19,0,4,0,1,0,0,0,0,1,1,2,1,35,6,2198,2,4,1,1,1
2.02E+12,1,9,0,4,0,2,0,0,0,0,0,1,6,1,45,7,1999,1,9,2,1,2
2.02E+12,1,9,0,16,0,1,0,0,1,1,2,2,1,1,44,7,1339,8,6,2,1,2
2.02E+12,2,9,0,17,0,1,0,0,0,0,1,2,6,1,47,8,1560,2,6,4,1,4
2.02E+12,1,9,0,9,0,1,0,0,0,0,1,1,6,1,78,11,1198,1,12,4,1,4
2.02E+12,1,8,0,18,0,8,0,0,0,0,1,1,1,1,42,7,1797,8,7,1,1,1
2.02E+12,1,9,0,7,9,5,0,0,0,0,1,1,6,1,35,6,1995,2,1,5,1,5
2.02E+12,1,11,0,18,0,8,0,0,0,0,0,1,1,1,49,8,6692,2,6,1,1,1
2.02E+12,1,9,0,3,0,1,0,0,0,0,4,1,3,2,41,7,1120,2,5,7,1,7
2.02E+12,1,9,0,4,0,1,0,0,0,0,1,1,6,1,54,8,1124,1,14,9,1,9
2.02E+12,1,9,0,5,0,1,0,0,0,0,4,1,6,1,77,11,1598,1,15,2,1,2
2.02E+12,1,9,0,4,0,1,0,0,0,0,3,1,6,1,25,5,1968,2,3,2,1,2
2.02E+12,1,3,0,4,0,1,0,0,0,0,1,1,2,2,50,8,125,1,2,9,1,9
2.02E+12,1,9,0,1,9,1,0,10,0,0,2,1,3,2,38,7,1240,1,13,9,1,9
2.02E+12,1,8,0,9,0,6,0,0,0,0,1,1,1,1,32,6,1997,2,4,4,1,4
2.02E+12,2,2,0,18,0,1,0,0,0,0,1,1,1,1,19,4,108,1,1,7,1,7
2.02E+12,1,9,0,6,0,1,0,0,0,0,4,1,2,1,46,8,2996,1,8,9,1,9
2.02E+12,1,5,0,18,0,1,0,0,0,0,0,1,6,1,40,7,1200,1,10,1,1,1
2.02E+12,1,11,0,17,2,1,0,0,0,0,0,1,1,1,58,9,4500,2,1,7,1,7
2.02E+12,1,9,0,18,0,1,0,0,0,0,1,1,6,1,37,7,1975,1,14,8,1,8
2.02E+12,1,9,0,18,0,8,0,0,0,0,3,1,6,1,34,6,1390,1,10,2,1,2
2.02E+12,1,9,0,9,0,6,0,0,0,0,1,1,2,1,36,7,1968,2,4,2,1,2
2.02E+12,2,3,0,15,0,1,1,0,0,0,1,1,6,1,42,7,125,1,3,4,1,4
2.02E+12,1,9,0,9,0,2,0,0,0,0,1,1,6,2,49,8,1796,1,15,4,1,4
2.02E+12,1,19,0,18,0,8,0,0,0,0,1,1,1,1,49,8,2143,2,6,2,1,2
2.02E+12,2,9,0,18,0,8,0,0,0,0,1,1,6,2,85,11,1198,1,11,4,1,4
2.02E+12,1,2,0,14,0,1,0,0,0,0,4,1,2,1,33,6,49,1,1,2,1,2
2.02E+12,2,8,0,6,0,2,0,0,0,0,1,1,1,1,46,8,1598,2,7,2,1,2
2.02E+12,1,9,0,9,0,8,0,0,0,0,1,1,6,1,27,6,2993,2,1,8,1,8
2.02E+12,1,19,0,9,0,5,0,0,0,0,1,1,1,1,42,7,1996,2,4,9,1,9
2.02E+12,1,19,0,13,0,8,1,0,0,0,4,2,6,1,37,7,1149,1,14,7,3,7
2.02E+12,2,19,0,6,0,8,0,0,0,0,3,2,6,1,57,9,1248,2,3,4,1,4
2.02E+12,1,3,0,14,0,1,0,0,0,0,2,1,1,1,22,5,108,1,2,3,1,3
2.02E+12,1,9,0,1,0,1,0,0,0,0,1,1,6,2,42,7,1339,1,10,1,1,1
2.02E+12,1,9,0,9,0,6,0,0,0,0,1,1,1,1,42,7,1497,1,14,3,1,3
2.02E+12,2,5,0,18,0,1,1,0,0,0,1,1,1,1,40,7,999,1,1,2,1,2
2.02E+12,1,11,0,18,0,1,0,0,0,0,0,1,1,2,32,6,6696,2,4,4,1,4
2.02E+12,1,9,0,9,0,5,0,0,0,0,1,1,6,2,63,9,1329,1,4,5,1,5
2.02E+12,2,9,0,18,0,8,0,0,1,0,1,1,6,1,31,6,1198,1,11,1,1,1
2.02E+12,2,9,0,9,0,8,0,0,0,0,1,1,1,1,54,8,2457,1,13,2,1,2
2.02E+12,1,9,0,7,0,6,0,0,0,0,1,1,6,2,41,7,1910,2,9,4,1,4
2.02E+12,1,9,0,5,9,6,0,0,0,0,1,1,6,2,44,7,1389,1,12,5,1,5
2.02E+12,1,9,0,18,0,8,0,0,0,0,1,1,6,2,22,5,998,1,1,2,1,2
2.02E+12,2,9,0,18,0,8,0,0,0,0,3,1,2,1,60,9,2261,1,1,8,1,8
2.02E+12,2,5,0,15,0,8,0,10,0,0,3,1,2,1,41,7,929,1,17,5,1,5
2.02E+12,2,9,0,18,0,8,5,9,1,0,4,1,6,1,27,6,1596,1,11,9,1,9
2.02E+12,1,9,0,7,0,1,0,0,0,0,4,1,6,1,67,10,3311,8,12,4,1,4
2.02E+12,1,9,0,9,0,8,0,0,0,0,1,1,6,2,36,7,1390,1,3,2,1,2
2.02E+12,1,9,0,9,0,5,0,0,0,0,1,1,6,1,43,7,1598,1,13,3,1,3
2.02E+12,2,9,0,18,0,8,0,0,0,0,4,1,6,2,30,6,1299,1,16,4,1,4
2.02E+12,1,8,0,12,0,8,0,0,0,0,3,1,1,1,61,9,1798,8,1,3,1,3
2.02E+12,1,9,0,9,0,6,0,0,0,0,3,1,6,1,76,11,1598,1,12,4,1,4
2.02E+12,1,9,0,10,0,8,0,0,0,0,1,1,2,2,47,8,898,1,2,10,1,10
2.02E+12,2,4,0,13,0,8,1,0,0,0,3,1,2,1,25,5,124,1,3,6,1,6
2.02E+12,1,9,0,18,0,8,0,0,0,0,4,1,6,1,48,8,2387,2,8,7,3,7
2.02E+12,1,9,0,18,0,1,0,0,0,0,4,1,6,1,54,8,1560,2,3,2,1,2
2.02E+12,1,3,0,18,0,2,0,0,0,0,1,1,6,1,18,4,124,1,9,4,1,4
2.02E+12,2,9,0,9,0,2,0,0,0,0,3,1,6,2,48,8,1390,1,6,7,1,7
2.02E+12,1,9,0,9,0,5,0,0,0,0,4,1,6,1,22,5,1198,1,4,6,1,6
2.02E+12,2,9,0,18,0,1,0,0,0,0,1,1,6,2,57,9,3311,8,9,9,1,9
2.02E+12,1,5,0,18,0,1,0,0,0,0,0,1,2,1,39,7,998,1,7,2,1,2
2.02E+12,1,9,0,9,0,1,0,0,0,0,1,1,6,1,19,4,998,1,4,3,1,3
2.02E+12,2,3,0,5,0,1,0,0,0,0,3,1,2,1,43,7,125,1,12,2,1,2
2.02E+12,1,8,0,3,0,2,0,0,1,0,2,1,1,1,64,9,1797,8,5,2,1,2
2.02E+12,2,9,0,18,0,2,0,0,0,0,1,1,6,1,35,6,1799,1,10,7,1,7
2.02E+12,1,8,0,5,0,1,0,0,0,0,1,1,1,1,41,7,1797,8,7,4,1,4
2.02E+12,1,9,0,18,9,1,0,10,7,10,1,1,1,1,28,6,1339,8,5,3,1,3
2.02E+12,1,8,0,18,0,2,0,0,0,0,1,1,1,1,44,7,1798,8,5,2,1,2
2.02E+12,2,8,0,11,0,2,0,0,0,0,2,1,1,1,30,6,1798,8,5,3,1,3
2.02E+12,1,9,0,18,0,2,0,0,0,0,1,1,2,1,37,7,3246,1,13,8,1,8
2.02E+12,1,8,0,18,0,2,0,0,0,0,1,1,6,1,57,9,1797,8,6,2,1,2
2.02E+12,1,8,0,5,0,2,0,0,0,0,1,1,1,1,31,6,1798,8,1,2,1,2
2.02E+12,2,11,0,18,0,1,0,0,0,0,3,1,1,1,42,7,9360,2,9,2,1,2
2.02E+12,1,9,0,18,0,8,0,0,0,0,4,1,6,1,17,4,1896,2,14,7,1,7
2.02E+12,1,9,0,4,0,8,0,0,0,0,2,1,6,1,48,8,2995,1,13,5,1,5
2.02E+12,2,5,0,18,0,8,2,10,2,10,1,1,2,1,26,6,599,1,9,6,1,6
2.02E+12,1,9,0,18,0,1,0,0,0,0,1,1,6,1,65,9,1800,1,18,3,1,3
2.02E+12,2,9,0,3,0,1,0,0,0,0,1,1,6,2,36,7,2143,2,1,2,1,2
2.02E+12,1,9,0,18,0,1,0,0,1,1,1,1,2,1,44,7,1685,2,3,3,1,3
2.02E+12,2,9,0,9,0,6,0,10,2,10,3,1,6,2,62,9,1197,1,2,2,1,2
2.02E+12,1,9,0,16,0,1,5,10,1,10,1,1,6,2,30,6,1149,1,12,5,2,5
2.02E+12,1,9,0,18,0,3,0,11,0,0,1,1,6,2,26,6,1598,1,9,2,1,2
2.02E+12,1,9,0,18,0,4,0,0,0,0,1,1,6,1,37,7,1197,1,2,7,1,7
2.02E+12,1,9,0,3,0,1,0,0,0,0,2,1,2,2,48,8,1398,1,6,6,1,6
2.02E+12,2,9,0,3,0,1,0,0,0,0,3,1,2,1,35,6,1995,2,6,5,1,5
2.02E+12,1,3,0,18,0,1,0,0,0,0,0,1,6,1,38,7,125,1,1,2,1,2
2.02E+12,1,9,0,5,0,4,0,0,0,0,1,1,1,2,51,8,1461,2,2,9,1,9
2.02E+12,1,9,0,18,0,1,0,0,0,0,1,1,6,2,41,7,1390,1,14,3,1,3
2.02E+12,1,8,0,9,0,6,0,0,0,0,1,1,1,1,48,8,1998,2,6,2,1,2
2.02E+12,1,21,1,7,0,1,0,0,0,0,3,1,1,1,44,7,10837,2,3,4,1,4
2.02E+12,1,9,0,4,0,1,0,0,0,0,2,1,6,1,41,7,1598,2,1,3,1,3
2.02E+12,2,9,0,4,0,1,0,0,0,0,1,1,6,1,33,6,1598,1,13,2,1,2
2.02E+12,1,19,0,18,0,2,1,0,1,1,1,1,1,1,26,6,1560,2,1,7,1,7
2.02E+12,2,9,0,3,0,6,1,0,0,0,1,1,6,1,29,6,1198,1,12,5,1,5
2.02E+12,1,9,0,18,0,2,0,0,0,0,4,1,6,1,36,7,3902,1,1,8,1,8
2.02E+12,1,9,0,9,0,5,0,0,0,0,1,1,6,1,38,7,1968,2,2,3,1,3
2.02E+12,1,9,0,5,0,4,0,0,0,0,1,1,2,1,44,7,1791,8,5,6,1,6
2.02E+12,1,9,0,9,0,1,0,0,0,0,3,1,6,1,44,7,1968,2,5,2,1,2
2.02E+12,2,4,0,5,0,1,0,0,0,0,1,1,6,1,20,4,124,1,8,2,1,2
2.02E+12,1,9,0,9,0,5,0,0,0,0,1,1,6,1,49,8,1988,1,15,7,1,7
2.02E+12,1,3,0,5,0,4,1,0,0,0,0,1,1,1,24,5,125,1,2,1,1,1
2.02E+12,1,9,0,4,0,1,0,0,0,0,0,1,6,1,57,9,1329,1,4,8,1,8
2.02E+12,1,9,0,9,0,8,0,0,0,0,1,1,6,1,39,7,2179,2,5,5,1,5
2.02E+12,2,5,0,18,0,1,0,0,0,0,1,1,2,1,50,8,800,1,11,5,1,5
2.02E+12,1,9,0,3,0,1,0,0,0,0,2,1,6,1,25,5,2143,2,1,6,1,6
2.02E+12,2,9,0,3,0,1,0,0,0,0,1,1,6,2,29,6,1242,1,3,2,1,2
2.02E+12,1,19,0,9,0,1,0,0,0,0,4,1,6,1,23,5,1968,2,1,8,3,8
2.02E+12,2,2,0,18,0,1,0,0,0,0,1,1,6,1,24,5,125,1,6,2,1,2
2.02E+12,2,9,0,18,0,2,1,0,0,0,1,1,6,2,20,4,875,1,5,7,3,7
2.02E+12,1,11,0,4,2,2,0,0,0,0,0,1,6,1,65,9,4461,2,4,2,1,2
2.02E+12,1,9,0,3,0,1,0,0,0,0,2,1,6,2,32,6,1328,1,14,5,1,5
2.02E+12,1,9,0,18,9,1,0,0,0,0,4,1,6,2,24,5,1229,1,5,2,1,2
2.02E+12,2,9,0,6,6,6,0,0,0,0,0,1,2,1,31,6,1984,2,3,9,1,9
2.02E+12,1,9,0,18,0,8,0,0,0,0,2,1,6,1,37,7,1461,2,4,1,1,1
2.02E+12,2,9,0,18,0,8,0,0,0,0,2,1,6,1,28,6,1995,2,3,3,1,3
2.02E+12,3,9,0,18,0,8,0,0,0,0,1,1,6,1,46,8,3628,2,10,1,1,1
2.02E+12,1,9,0,4,0,1,0,0,0,0,1,1,6,1,23,5,1968,2,8,7,1,7
2.02E+12,2,9,0,3,0,1,0,0,0,0,2,1,6,1,39,7,1998,1,9,1,1,1
2.02E+12,3,8,0,3,0,1,0,0,0,0,1,1,6,1,31,6,1339,8,7,6,1,6
2.02E+12,1,8,0,9,0,3,0,0,0,0,1,1,6,1,44,7,1896,2,13,4,1,4
2.02E+12,1,3,0,18,0,1,0,0,0,0,1,1,6,1,17,4,125,1,1,10,1,10
2.02E+12,3,11,0,18,0,1,0,0,0,0,0,1,1,1,26,6,4500,2,3,2,1,2
2.02E+12,1,11,0,18,0,2,0,0,0,0,0,1,1,1,37,7,4461,2,4,1,1,1
2.02E+12,1,9,0,8,0,1,0,0,0,0,2,2,6,2,51,8,1598,1,15,10,1,10
2.02E+12,1,9,0,9,0,6,0,0,0,0,4,1,2,1,35,6,2495,1,15,6,1,6
2.02E+12,2,2,0,13,0,1,1,0,0,0,1,1,1,1,22,5,109,1,3,6,1,6
2.02E+12,1,3,0,18,2,1,1,0,0,0,1,1,6,1,19,4,125,1,2,2,1,2
2.02E+12,2,9,0,7,0,1,0,0,0,0,0,1,6,2,26,6,1339,1,4,2,1,2
2.02E+12,1,3,0,18,0,2,1,0,0,0,1,1,6,1,23,5,125,1,7,3,1,3
2.02E+12,2,8,0,9,0,1,0,0,0,0,0,1,1,1,38,7,1461,2,6,1,1,1
2.02E+12,1,9,0,9,0,6,0,0,3,10,1,1,6,2,76,11,1248,1,7,7,1,7
2.02E+12,2,9,0,18,0,1,0,0,0,0,3,1,2,1,57,9,1598,1,11,4,1,4
2.02E+12,1,3,0,18,0,1,5,0,0,0,1,1,6,1,38,7,125,1,4,1,1,1
2.02E+12,2,9,0,3,0,1,5,0,0,0,0,1,6,2,31,6,1598,1,14,3,1,3
2.02E+12,1,9,0,9,0,8,0,0,0,0,0,1,6,1,48,8,1910,2,8,4,1,4
2.02E+12,2,4,0,18,0,1,1,0,0,0,0,1,1,1,22,5,125,1,2,6,1,6
2.02E+12,1,3,0,18,0,1,1,0,0,0,3,1,6,1,53,8,124,1,2,7,1,7
2.02E+12,1,3,0,18,0,2,1,0,0,0,1,1,6,1,28,6,124,1,3,4,1,4
2.02E+12,1,9,0,18,0,1,0,0,0,0,2,1,6,1,29,6,1596,1,15,5,1,5
2.02E+12,2,9,0,5,0,5,0,0,0,0,3,1,6,1,29,6,1797,8,8,2,1,2
2.02E+12,1,9,0,5,0,2,0,0,0,0,3,1,6,1,30,6,1399,2,13,2,1,2
2.02E+12,2,9,0,18,0,1,0,0,0,0,1,1,6,2,25,5,1339,1,6,9,1,9
2.02E+12,2,2,0,14,0,1,1,0,0,0,1,1,6,1,16,4,49,1,2,2,1,2
2.02E+12,1,9,0,11,0,1,0,0,0,0,1,1,6,1,65,9,1560,2,5,5,1,5
2.02E+12,2,8,0,3,0,1,0,0,0,0,2,1,1,1,36,7,1797,8,8,4,1,4
2.02E+12,3,8,0,3,0,1,0,0,0,0,2,1,1,1,36,7,1995,2,5,3,1,3
2.02E+12,1,9,0,18,0,1,0,0,0,0,1,1,6,1,26,6,1984,1,2,4,1,4
2.02E+12,1,9,0,3,0,8,0,0,0,0,2,1,6,2,26,6,1242,1,1,7,1,7
2.02E+12,2,9,0,18,0,8,0,0,0,0,1,1,6,1,34,6,1994,1,11,4,1,4
2.02E+12,1,9,0,18,0,8,0,0,0,0,1,1,6,1,33,6,1995,2,6,4,1,4
2.02E+12,1,9,0,9,0,1,0,0,0,0,3,1,6,1,50,8,1896,2,11,2,1,2
2.02E+12,1,9,0,18,0,1,0,0,0,0,2,1,6,1,42,7,2198,2,11,4,3,4
2.02E+12,1,3,0,4,0,1,0,0,0,0,2,1,1,1,42,7,124,1,11,3,1,3
2.02E+12,2,9,0,4,0,1,0,0,0,0,1,1,6,2,37,7,1992,2,12,6,1,6
2.02E+12,1,11,0,4,0,1,0,0,0,0,0,1,6,2,49,8,4500,2,7,4,1,4
2.02E+12,1,2,0,3,0,1,0,0,0,0,2,1,6,1,26,6,124,1,4,4,1,4
2.02E+12,2,9,0,5,0,1,0,0,0,0,1,1,6,1,69,10,1997,1,7,2,1,2
2.02E+12,1,9,0,16,0,6,1,10,0,0,1,2,6,1,22,5,1995,2,10,5,1,5
2.02E+12,1,9,0,5,0,1,0,8,0,0,4,1,6,2,45,7,1296,1,10,2,1,2
2.02E+12,1,9,5,13,0,8,0,0,0,0,2,1,6,2,39,7,2143,2,5,5,1,5
2.02E+12,2,9,0,8,0,6,0,0,0,0,1,1,6,1,18,4,1895,1,16,3,1,3
2.02E+12,1,9,0,18,0,8,0,0,0,0,1,1,6,1,22,5,1242,1,2,8,1,8
2.02E+12,2,9,0,18,0,8,0,0,0,0,2,1,6,1,43,7,1997,2,14,5,1,5
2.02E+12,3,9,0,18,0,8,0,0,0,0,2,1,6,2,24,5,1388,1,6,4,1,4
2.02E+12,1,9,0,4,0,1,0,0,0,0,1,1,6,2,31,6,1499,1,1,5,1,5
2.02E+12,1,9,0,18,0,8,1,0,0,0,1,1,6,1,21,5,1796,1,14,3,1,3
2.02E+12,2,8,0,9,0,6,0,0,0,0,2,1,1,1,46,8,2402,2,13,4,1,4
2.02E+12,1,11,0,18,0,8,0,0,0,0,0,1,6,1,21,5,4500,2,2,5,1,5
2.02E+12,1,9,0,9,0,5,0,0,0,0,4,1,6,1,26,6,1598,1,11,4,1,4
2.02E+12,2,9,0,9,0,8,0,0,0,0,4,1,6,2,33,6,1968,2,4,8,2,8
2.02E+12,1,9,0,5,0,8,0,0,0,0,1,1,6,1,30,6,1582,2,4,3,1,3
2.02E+12,2,9,0,18,0,1,0,0,0,0,4,1,6,1,21,5,1896,2,14,3,1,3
2.02E+12,1,9,0,18,0,1,0,0,0,0,1,1,6,1,22,5,1769,1,26,3,1,3
2.02E+12,2,19,0,9,0,5,0,0,0,0,4,1,1,1,26,6,2198,2,4,6,1,6
2.02E+12,1,9,0,5,0,1,0,11,0,0,1,1,6,1,48,8,1995,2,1,3,1,3
2.02E+12,1,9,0,9,0,8,0,0,0,0,4,1,6,1,44,7,1461,2,2,4,1,4
2.02E+12,1,8,0,4,0,1,0,0,0,0,1,1,1,1,44,7,1997,2,3,3,1,3
2.02E+12,2,9,0,9,0,1,0,0,0,0,4,1,6,1,20,4,1995,1,11,5,1,5
2.02E+12,1,9,0,18,0,1,0,0,0,0,3,1,6,1,29,6,4134,2,6,6,1,6
2.02E+12,2,9,0,9,0,6,0,0,0,0,3,1,6,2,54,8,1200,1,4,5,1,5
2.02E+12,1,11,0,9,0,8,0,0,0,0,0,1,1,1,25,5,4500,2,5,7,1,7
2.02E+12,1,9,0,18,0,1,0,0,0,0,2,1,6,1,33,6,1798,8,2,6,1,6
2.02E+12,1,9,0,18,0,1,0,0,0,0,2,1,2,1,32,6,1968,2,2,9,1,9
2.02E+12,2,3,0,18,0,1,2,0,0,0,3,1,1,1,41,7,124,1,5,9,1,9
2.02E+12,1,5,0,13,0,8,0,0,0,0,4,1,6,1,49,8,998,1,11,4,1,4
2.02E+12,1,9,0,4,0,1,0,0,0,0,2,2,1,1,53,8,1242,1,13,4,1,4
2.02E+12,3,9,0,4,0,1,0,0,0,0,2,2,1,2,40,7,1840,1,19,6,1,6
2.02E+12,1,9,0,4,0,8,0,0,0,0,1,1,6,1,61,9,1596,1,2,3,1,3
2.02E+12,1,9,0,5,0,4,0,0,0,0,1,1,2,1,55,8,1587,1,11,3,1,3
2.02E+12,2,9,0,18,0,2,0,0,0,0,3,1,2,2,45,7,1461,2,1,5,1,5
2.02E+12,1,9,0,18,0,2,0,0,0,0,1,1,1,1,67,10,1794,1,12,4,1,4
2.02E+12,1,9,0,17,0,1,0,0,0,0,1,1,2,2,45,7,1598,1,5,3,1,3
2.02E+12,1,3,0,18,0,8,2,4,7,0,1,1,1,1,32,6,125,1,3,4,1,4
2.02E+12,2,19,0,9,0,8,0,0,0,0,3,1,6,1,33,6,2402,2,17,5,1,5
2.02E+12,1,9,0,1,9,6,0,0,0,0,2,1,6,1,39,7,1895,1,18,5,1,5
2.02E+12,1,9,0,17,0,1,0,0,2,2,1,1,6,1,25,5,1995,2,4,8,1,8
2.02E+12,1,5,0,18,0,1,2,0,0,0,1,1,6,1,69,10,1100,1,20,8,1,8
2.02E+12,1,3,0,14,0,1,0,0,0,0,2,1,6,1,26,6,125,1,4,6,1,6
2.02E+12,1,11,0,7,2,3,0,0,0,0,0,1,1,1,66,10,9360,2,7,4,1,4
2.02E+12,1,8,0,5,0,1,0,0,0,0,1,1,1,1,51,8,2499,2,6,3,1,3
2.02E+12,1,5,0,18,0,2,0,0,0,0,3,1,2,1,33,6,600,1,13,10,1,10
2.02E+12,2,9,0,11,0,2,0,0,0,0,1,1,6,1,30,6,1796,1,11,4,1,4
2.02E+12,2,9,0,4,0,1,0,0,0,0,2,1,6,1,31,6,1298,1,7,3,1,3
2.02E+12,3,9,0,4,0,1,0,0,0,0,2,1,6,1,39,7,1339,8,6,2,1,2
2.02E+12,1,9,0,3,0,1,0,0,0,0,1,1,6,2,21,5,1240,1,11,4,1,4
2.02E+12,2,9,0,10,0,1,0,0,0,0,2,1,2,2,42,7,1386,1,9,3,1,3
2.02E+12,1,9,0,5,0,4,0,0,0,0,3,1,6,1,43,7,2993,2,8,5,1,5
2.02E+12,2,5,0,18,0,8,2,0,0,0,1,1,6,1,51,8,1170,1,3,6,1,6
2.02E+12,1,3,0,18,0,1,0,0,0,0,1,1,6,1,29,6,125,1,1,1,1,1
2.02E+12,2,19,0,9,0,1,0,0,0,0,3,1,1,1,47,8,1998,2,12,3,1,3
2.02E+12,2,9,0,18,0,4,0,0,0,0,2,1,2,2,41,7,1591,1,3,9,1,9
2.02E+12,1,8,0,9,0,1,0,0,0,0,0,1,1,1,67,10,2776,2,1,4,1,4
2.02E+12,1,9,0,3,0,1,0,0,0,0,2,1,6,2,58,9,1798,8,4,3,1,3
2.02E+12,2,9,0,5,0,1,0,0,0,0,1,1,6,1,21,5,1400,1,17,8,3,8
2.02E+12,1,9,4,18,0,8,0,0,0,0,1,2,6,1,26,6,1968,2,5,3,1,3
2.02E+12,2,9,0,9,0,5,5,0,0,0,4,2,6,2,19,4,1968,2,1,2,1,2
2.02E+12,1,2,0,7,8,1,0,0,0,0,4,1,6,1,24,5,125,1,3,1,1,1
2.02E+12,1,8,0,16,0,8,0,0,0,0,1,1,6,1,46,8,1798,8,5,6,1,6
2.02E+12,1,3,0,18,0,1,0,0,0,0,4,1,2,1,47,8,124,1,2,3,1,3
2.02E+12,2,9,0,18,0,1,0,0,0,0,4,1,2,1,46,8,1997,2,12,3,1,3
2.02E+12,1,9,0,5,0,1,0,0,0,0,1,1,6,1,28,6,1796,1,8,2,1,2
2.02E+12,2,9,0,18,0,1,0,0,0,0,1,1,6,1,27,6,1497,1,17,3,1,3
2.02E+12,1,19,0,8,0,2,0,0,0,0,2,1,2,1,60,9,1968,2,1,5,1,5
2.02E+12,2,9,0,9,9,2,1,10,1,3,1,1,6,1,40,7,1388,1,13,3,1,3
2.02E+12,1,9,0,17,9,2,5,10,1,2,1,1,6,1,27,6,1497,1,14,8,1,8
2.02E+12,1,9,0,6,0,1,0,0,0,0,3,1,2,1,38,7,1997,1,13,6,1,6
2.02E+12,2,20,0,18,0,1,0,0,0,0,1,1,1,1,38,7,4461,2,9,10,1,10