Accident_Index,Vehicle_Reference,Vehicle_Type,Towing_and_Articulation,Vehicle_Manoeuvre,Vehicle_Location-Restricted_Lane,Junction_Location,Skidding_and_Overturning,Hit_Object_in_Carriageway,Vehicle_Leaving_Carriageway,Hit_Object_off_Carriageway,1st_Point_of_Impact,Was_Vehicle_Left_Hand_Drive?,Journey_Purpose_of_Driver,Sex_of_Driver,Age_of_Driver,Age_Band_of_Driver,Engine_Capacity_(CC),Propulsion_Code,Age_of_Vehicle,Driver_IMD_Decile,Driver_Home_Area_Type,Vehicle_IMD_Decile
2.02E+12,1,9,0,17,0,8,0,0,0,0,3,1,6,2,37,7,1587,1,13,1,1,1
2.02E+12,1,9,0,4,0,1,0,0,0,0,1,1,6,1,29,6,2496,2,15,2,1,2
2.02E+12,2,9,0,3,0,1,0,0,0,0,2,1,6,1,67,10,998,1,23,6,1,6
2.02E+12,1,4,0,18,0,1,1,0,0,0,1,1,6,1,27,6,125,1,3,2,1,2
2.02E+12,2,9,0,9,0,1,0,0,0,0,3,1,2,1,57,9,998,1,8,2,1,2
2.02E+12,1,9,0,9,0,1,0,0,0,0,4,1,2,1,28,6,2148,2,13,7,1,7
2.02E+12,1,4,0,18,0,1,1,0,0,0,1,1,2,1,30,6,125,1,7,3,1,3
2.02E+12,1,9,0,18,0,1,0,0,0,0,3,1,6,1,89,11,996,1,7,9,1,9
2.02E+12,1,3,0,18,0,1,0,0,0,0,1,1,6,1,49,8,125,1,3,2,1,2
2.02E+12,2,11,0,9,0,5,0,0,0,0,1,1,1,1,48,8,4500,2,3,3,1,3
2.02E+12,1,8,0,7,0,1,0,0,0,0,2,1,1,1,60,9,1997,2,9,3,1,3
2.02E+12,1,9,0,6,2,2,0,0,0,0,4,1,6,1,44,7,1995,2,3,2,1,2
2.02E+12,2,5,0,18,2,2,0,0,0,0,3,1,2,1,45,7,1050,1,12,4,1,4
2.02E+12,1,9,0,18,0,8,0,0,0,0,4,1,6,2,32,6,1339,1,4,4,1,4
2.02E+12,2,19,0,5,0,4,0,0,0,0,1,1,1,1,58,9,1870,2,11,6,2,6
2.02E+12,1,9,0,7,0,8,0,0,0,0,4,1,1,1,37,7,1968,2,2,1,1,1
2.02E+12,1,9,0,18,0,2,0,0,0,0,1,1,6,1,48,8,1796,1,10,1,1,1
2.02E+12,1,3,0,9,0,8,0,0,0,0,0,1,6,1,33,6,125,1,6,4,1,4
2.02E+12,1,8,0,9,0,6,0,0,1,0,1,1,1,1,28,6,1798,8,5,3,1,3
2.02E+12,2,4,0,17,0,6,0,0,0,0,3,1,2,1,45,7,125,1,13,3,1,3
2.02E+12,1,9,0,18,2,8,0,0,0,0,3,1,6,1,37,7,1956,2,4,4,1,4
2.02E+12,1,9,0,9,0,5,0,10,7,0,1,1,6,2,45,7,1149,1,13,3,1,3
2.02E+12,1,11,0,9,0,8,0,0,0,0,3,1,6,1,48,8,4500,2,5,2,1,2
2.02E+12,1,9,0,3,0,1,0,0,0,0,2,1,6,1,23,5,1242,1,4,3,1,3
2.02E+12,1,9,0,8,0,5,0,0,0,0,2,1,2,1,46,8,2143,2,3,7,1,7
2.02E+12,1,9,0,7,0,8,0,0,0,0,4,1,6,1,49,8,1599,1,14,2,1,2
2.02E+12,1,9,0,18,0,8,0,0,0,0,3,1,6,2,18,4,1368,1,9,7,1,7
2.02E+12,2,9,0,17,0,1,0,0,0,0,4,1,6,1,47,8,1598,1,8,9,1,9
2.02E+12,1,9,0,7,0,8,0,0,0,0,4,1,6,2,47,8,2993,2,2,3,1,3
2.02E+12,1,19,0,18,0,8,0,0,0,0,1,1,2,1,21,5,2198,2,4,2,1,2
2.02E+12,2,9,0,9,0,8,0,0,0,0,1,1,6,2,45,7,1598,1,13,5,1,5
2.02E+12,1,9,0,9,0,1,0,0,0,0,1,1,6,2,27,6,1461,2,1,1,1,1
2.02E+12,1,9,0,18,0,8,0,0,0,0,1,1,1,2,47,8,1986,1,2,9,1,9
2.02E+12,1,8,0,18,0,2,0,0,0,0,2,1,1,1,47,8,2499,2,8,4,1,4
2.02E+12,1,9,0,14,0,1,0,0,0,0,1,1,6,2,24,5,1984,1,1,5,1,5
2.02E+12,1,3,0,18,0,2,0,0,0,0,1,1,6,1,18,4,125,1,5,2,1,2
2.02E+12,2,9,0,6,0,1,0,0,0,0,3,1,6,1,17,4,1596,1,11,2,1,2
2.02E+12,1,5,0,18,0,1,0,4,0,0,1,1,6,1,24,5,599,1,14,7,1,7
2.02E+12,2,9,0,10,0,6,0,0,0,0,1,2,6,2,37,7,1248,1,4,10,1,10
2.02E+12,1,9,0,18,0,3,0,0,0,0,1,1,6,1,52,8,1397,1,17,2,1,2
2.02E+12,1,9,0,7,0,1,0,0,1,7,1,1,2,1,36,7,2967,1,12,4,1,4
2.02E+12,1,4,0,15,9,8,1,11,8,10,1,1,2,1,34,6,599,1,8,5,1,5
2.02E+12,2,9,0,9,0,6,0,0,0,0,1,1,6,2,35,6,1997,2,7,3,1,3
2.02E+12,2,9,0,3,0,1,0,0,0,0,4,1,6,1,50,8,1198,1,3,4,1,4
2.02E+12,3,8,0,3,0,1,0,0,0,0,3,1,1,2,44,7,1798,8,2,2,1,2
2.02E+12,1,9,0,4,0,1,0,0,0,0,2,1,6,1,49,8,1197,1,5,9,1,9
2.02E+12,1,9,0,4,0,1,1,0,0,0,2,1,6,2,30,6,1598,1,7,9,1,9
2.02E+12,2,9,0,4,0,1,1,0,0,0,1,1,1,2,39,7,1560,2,1,7,3,7
2.02E+12,1,20,4,1,8,2,0,0,0,0,1,1,1,1,26,6,9200,2,9,4,1,4
2.02E+12,1,9,0,18,0,8,0,0,0,0,1,1,6,1,46,8,1343,1,12,8,1,8
2.02E+12,2,9,0,18,0,8,0,0,0,0,1,1,6,2,30,6,1198,1,2,6,1,6
2.02E+12,1,9,0,17,0,3,0,0,0,0,1,1,6,2,33,6,2204,2,13,3,1,3
2.02E+12,2,9,0,17,0,2,0,0,0,0,2,1,2,1,49,8,2993,2,7,5,1,5
2.02E+12,1,9,0,3,0,4,0,11,3,0,1,1,1,2,43,7,1598,1,8,2,1,2
2.02E+12,1,3,0,18,0,2,0,0,0,0,1,1,2,1,20,4,125,1,1,6,1,6
2.02E+12,1,9,0,18,0,8,0,0,0,0,1,1,6,1,62,9,1798,8,3,8,1,8
2.02E+12,1,3,0,18,0,2,0,0,0,0,1,1,1,1,29,6,124,1,4,1,1,1
2.02E+12,2,8,0,6,0,2,0,0,0,0,3,1,1,1,60,9,2499,2,6,7,1,7
2.02E+12,2,9,0,18,0,2,1,0,0,0,1,1,6,2,63,9,1395,1,1,4,1,4
2.02E+12,3,11,0,18,0,1,0,0,0,0,1,1,1,1,38,7,4500,2,6,5,1,5
2.02E+12,1,9,0,5,0,8,0,0,0,0,1,1,6,1,74,10,2980,2,23,4,1,4
2.02E+12,1,8,0,4,0,1,0,0,0,0,4,1,1,1,53,8,1797,8,7,1,1,1
2.02E+12,2,19,0,5,0,1,0,0,0,0,3,1,1,1,26,6,1598,2,1,5,1,5
2.02E+12,1,9,0,18,0,2,0,0,0,0,0,1,6,1,68,10,1341,1,12,9,1,9
2.02E+12,1,9,0,4,0,1,0,0,0,0,1,1,6,2,66,10,1390,1,7,10,1,10
2.02E+12,2,9,0,4,0,1,0,0,0,0,0,1,6,2,44,7,1799,1,11,6,1,6
2.02E+12,1,9,0,10,0,2,0,0,0,0,1,1,6,1,30,6,1781,1,14,2,1,2
2.02E+12,2,2,0,13,0,1,0,0,0,0,4,1,6,1,27,6,49,1,25,2,1,2
2.02E+12,1,9,0,5,0,1,0,0,0,0,2,1,2,1,37,7,1560,2,5,9,1,9
2.02E+12,2,3,0,12,0,1,0,0,0,0,1,1,6,1,54,8,85,1,19,2,1,2
2.02E+12,2,9,0,4,0,3,0,0,0,0,2,1,6,1,42,7,1299,1,16,3,1,3
2.02E+12,1,3,0,18,0,8,2,0,0,0,1,1,6,1,21,5,124,1,10,4,1,4
2.02E+12,2,9,0,18,0,8,0,0,0,0,2,1,6,1,48,8,1968,2,11,5,1,5
2.02E+12,1,9,0,18,0,8,0,4,0,0,1,1,2,1,55,8,1598,1,13,4,1,4
2.02E+12,1,9,0,1,0,5,0,0,0,0,0,1,2,2,44,7,1968,2,2,5,1,5
2.02E+12,2,5,0,18,0,8,1,4,0,0,1,1,2,1,48,8,625,1,11,4,1,4
2.02E+12,1,9,0,6,0,6,0,0,0,0,1,1,2,1,33,6,1240,1,12,5,1,5
2.02E+12,2,3,0,18,0,2,0,0,0,0,1,1,2,1,37,7,124,1,7,9,1,9
2.02E+12,1,11,0,5,0,2,0,0,0,0,0,1,1,1,46,8,5132,2,1,1,1,1
2.02E+12,1,9,0,9,0,1,0,0,0,0,1,1,6,1,54,8,1968,2,9,7,2,7
2.02E+12,1,9,0,18,0,1,0,0,0,0,3,1,6,2,63,9,1598,1,4,9,1,9
2.02E+12,2,4,0,4,0,2,0,0,0,0,4,1,2,1,21,5,124,1,5,2,1,2
2.02E+12,1,9,0,9,0,5,0,0,0,0,4,1,6,1,25,5,1995,2,5,3,1,3
2.02E+12,2,19,0,18,0,3,0,0,0,0,1,1,1,1,23,5,2198,2,2,1,1,1
2.02E+12,1,9,0,5,9,6,0,0,1,5,1,1,6,2,36,7,5998,1,4,3,1,3
2.02E+12,1,9,0,18,0,1,0,0,0,0,1,1,6,2,41,7,998,1,13,2,1,2
2.02E+12,2,9,0,18,0,8,0,0,0,0,3,1,6,1,31,6,998,1,7,4,1,4
2.02E+12,1,9,0,10,0,6,0,0,0,0,3,1,2,2,24,5,1598,1,14,4,1,4
2.02E+12,2,19,0,4,0,1,0,0,0,0,1,1,1,1,21,5,2198,2,10,8,1,8
2.02E+12,2,3,0,18,0,1,0,0,0,0,3,1,2,1,45,7,286,1,1,9,1,9
2.02E+12,1,19,0,18,0,1,0,0,0,0,1,1,1,1,23,5,2500,2,10,3,1,3
2.02E+12,1,9,0,7,0,5,0,0,0,0,4,1,6,1,55,8,1997,2,2,3,1,3
2.02E+12,1,9,0,9,0,7,0,0,0,0,3,1,1,1,65,9,1242,1,18,5,1,5
2.02E+12,1,9,0,4,9,8,1,0,7,2,1,1,1,1,37,7,1995,2,2,3,1,3
2.02E+12,2,9,0,4,9,6,1,0,7,0,0,1,6,1,18,4,1599,1,13,4,1,4
2.02E+12,1,9,0,18,0,1,0,11,0,0,4,1,1,2,43,7,1422,2,1,5,1,5
2.02E+12,1,9,0,18,0,1,5,10,1,10,1,1,6,1,83,11,1360,1,15,9,1,9
2.02E+12,1,9,0,9,0,8,0,0,0,0,4,1,6,1,64,9,1597,1,23,2,1,2
2.02E+12,2,9,0,18,0,8,0,0,0,0,1,1,2,1,42,7,1968,2,4,2,1,2
2.02E+12,1,9,0,3,0,2,0,0,0,0,2,1,6,1,47,8,2953,7,7,5,1,5
2.02E+12,1,9,0,10,0,1,0,0,0,0,1,1,6,2,41,7,1248,1,7,6,1,6
2.02E+12,2,9,0,18,0,8,0,0,0,0,4,1,2,1,41,7,1995,2,13,5,1,5
2.02E+12,1,11,0,7,0,2,0,0,0,0,4,1,1,1,31,6,4500,2,6,2,1,2
2.02E+12,1,9,0,7,0,8,0,0,0,0,1,1,6,1,51,8,1796,1,17,1,1,1
2.02E+12,1,9,0,9,0,8,0,0,0,0,3,1,6,1,49,8,1560,2,3,6,1,6
2.02E+12,2,3,0,18,0,8,1,0,0,0,1,1,6,1,17,4,125,1,7,6,1,6
2.02E+12,1,8,0,9,0,1,0,0,0,0,1,1,1,1,56,9,1910,2,9,2,1,2
2.02E+12,1,9,0,3,0,4,0,7,0,0,1,1,6,2,42,7,1590,1,16,3,1,3
2.02E+12,1,9,0,4,0,1,0,0,0,0,1,1,2,1,35,6,2494,1,16,8,1,8
2.02E+12,1,9,0,7,0,5,0,0,0,0,2,1,6,1,65,9,2143,2,2,3,1,3
2.02E+12,2,9,0,7,0,5,0,0,0,0,2,1,6,1,51,8,1997,1,6,2,1,2
2.02E+12,3,9,0,7,0,5,0,0,0,0,1,1,6,2,66,10,1598,1,9,9,1,9
2.02E+12,1,9,0,4,0,1,0,0,0,0,0,1,6,1,33,6,1797,8,4,5,1,5
2.02E+12,1,2,0,18,0,1,0,0,0,0,1,1,2,1,43,7,125,1,3,4,1,4
2.02E+12,2,19,0,7,0,1,0,0,0,0,4,1,1,1,50,8,2198,2,1,4,1,4
2.02E+12,1,8,0,3,0,2,0,0,0,0,2,1,1,1,36,7,1560,2,5,7,1,7
2.02E+12,1,9,0,9,0,8,0,0,0,0,1,1,6,1,25,5,1591,1,10,2,1,2
2.02E+12,2,4,0,18,0,1,5,0,0,0,3,1,6,1,21,5,125,1,1,6,1,6
2.02E+12,1,3,0,18,9,1,1,10,1,10,1,1,1,1,27,6,125,1,3,9,1,9
2.02E+12,2,9,0,10,0,1,0,0,0,0,0,1,6,2,29,6,1995,2,1,7,1,7
2.02E+12,1,9,0,1,0,1,0,0,0,0,2,1,6,1,44,7,1896,2,7,3,1,3
2.02E+12,1,9,0,9,0,5,0,0,0,0,1,1,6,1,29,6,2000,1,12,2,1,2
2.02E+12,1,3,0,7,0,3,0,0,0,0,4,1,6,1,20,4,125,1,13,2,1,2
2.02E+12,2,3,0,18,0,8,0,10,1,0,3,1,1,1,18,4,109,1,2,2,1,2
2.02E+12,1,9,0,9,0,1,0,0,0,0,1,1,6,1,38,7,1200,1,2,3,1,3
2.02E+12,1,9,0,18,0,2,0,0,0,0,1,1,6,1,22,5,1995,2,3,8,1,8
2.02E+12,2,9,0,5,0,4,0,0,0,0,4,1,6,2,28,6,1242,1,4,4,1,4
2.02E+12,1,9,0,18,0,1,0,4,1,0,1,1,6,1,26,6,1984,1,10,7,1,7
2.02E+12,1,3,0,4,0,1,2,4,0,0,3,1,6,1,46,8,125,1,2,4,1,4
2.02E+12,2,11,0,3,0,1,0,0,0,0,0,1,6,2,46,8,6700,2,8,5,1,5
2.02E+12,1,9,0,18,0,1,0,0,0,0,1,1,2,1,60,9,1850,1,18,7,1,7
2.02E+12,1,9,0,7,0,3,0,0,0,0,0,1,6,1,61,9,1598,1,10,3,1,3
2.02E+12,1,9,0,18,0,1,1,0,0,0,1,1,6,1,21,5,998,1,2,1,1,1
2.02E+12,2,9,0,18,0,1,0,0,0,0,1,1,6,1,19,4,1598,1,5,3,1,3
2.02E+12,1,9,0,7,0,1,0,0,0,0,1,1,6,1,63,9,1461,2,1,2,1,2
2.02E+12,1,9,0,9,0,5,0,0,0,0,1,1,1,1,44,7,1968,2,2,6,1,6
2.02E+12,2,5,0,13,0,8,2,0,0,0,1,1,2,1,24,5,998,1,11,5,1,5
2.02E+12,1,9,0,5,0,2,0,0,0,0,1,1,6,1,30,6,2143,2,1,2,1,2
2.02E+12,2,3,0,18,0,1,0,0,0,0,1,1,6,1,35,6,123,1,1,4,1,4
2.02E+12,2,9,0,9,0,1,0,0,0,0,1,1,1,2,26,6,1229,1,4,9,1,9
2.02E+12,1,3,0,18,0,8,2,0,0,0,3,1,1,1,41,7,125,1,6,10,1,10
2.02E+12,1,5,0,14,0,1,0,0,0,0,1,1,6,1,29,6,636,1,11,4,1,4
2.02E+12,1,9,0,5,0,2,0,0,0,0,4,1,1,1,20,4,1496,1,2,3,1,3
2.02E+12,1,5,0,18,0,1,1,0,0,0,1,1,2,1,31,6,919,1,10,7,1,7
2.02E+12,1,3,0,5,0,2,0,0,0,0,2,1,1,1,46,8,124,1,5,4,1,4
2.02E+12,2,8,0,5,0,2,0,0,0,0,1,1,1,1,57,9,2499,2,8,2,1,2
2.02E+12,1,3,0,18,0,1,0,0,0,0,4,1,2,1,30,6,124,1,9,1,1,1
2.02E+12,2,9,0,12,0,1,0,0,0,0,3,1,6,1,21,5,1149,1,10,6,1,6
2.02E+12,1,9,0,17,0,8,0,0,0,0,1,1,6,2,46,8,1368,1,1,4,1,4
2.02E+12,1,9,0,9,0,1,0,0,0,0,1,1,6,2,57,9,1997,2,4,7,1,7
2.02E+12,1,9,0,4,0,2,0,0,0,0,2,1,6,1,44,7,875,1,6,4,1,4
2.02E+12,3,9,0,4,0,2,0,0,0,0,1,1,6,1,35,6,1497,1,13,2,1,2
2.02E+12,1,9,0,1,0,1,0,0,0,0,2,1,6,1,27,6,1798,8,4,3,1,3
2.02E+12,1,8,0,18,0,6,0,0,0,0,1,1,1,1,49,8,1997,2,6,2,1,2
2.02E+12,1,5,0,18,0,2,0,0,0,0,1,1,6,1,30,6,599,1,6,6,1,6
2.02E+12,1,9,0,18,0,1,0,0,0,0,4,1,6,1,23,5,2987,2,5,1,1,1
2.02E+12,2,9,0,18,0,1,0,4,0,0,1,1,6,2,56,9,1997,1,8,6,1,6
2.02E+12,1,3,0,4,0,1,0,0,0,0,2,1,6,1,27,6,125,1,8,3,1,3
2.02E+12,2,9,0,4,0,1,0,0,0,0,1,1,6,1,47,8,1461,2,13,2,1,2
2.02E+12,1,9,0,9,0,1,0,0,7,2,3,2,6,2,44,7,1598,1,8,9,1,9
2.02E+12,2,9,0,18,0,1,0,0,0,0,1,1,6,1,23,5,1299,1,11,2,1,2
2.02E+12,1,2,0,3,0,1,5,0,0,0,2,1,1,1,43,7,124,1,11,3,1,3
2.02E+12,2,9,0,16,0,6,0,0,0,0,1,1,6,1,24,5,1984,1,6,4,1,4
2.02E+12,1,9,0,18,0,1,0,0,0,0,1,1,6,1,22,5,1995,2,14,9,1,9
2.02E+12,2,9,0,9,0,5,0,0,0,0,1,1,6,1,47,8,1796,1,16,8,1,8
2.02E+12,1,9,0,5,0,1,0,0,0,0,2,1,6,1,49,8,2143,2,7,2,1,2
2.02E+12,2,9,0,4,0,1,0,0,0,0,1,1,6,1,47,8,1797,8,7,4,1,4
2.02E+12,1,8,0,9,4,5,0,0,0,0,4,1,1,1,52,8,1956,2,5,6,1,6
2.02E+12,1,9,0,18,0,8,0,0,0,0,1,1,6,2,62,9,1598,1,2,10,1,10
2.02E+12,2,9,0,18,0,1,0,0,0,0,1,1,6,2,23,5,1998,1,16,6,1,6
2.02E+12,1,9,0,18,0,1,1,7,1,1,1,1,6,1,25,5,2000,2,8,2,1,2
2.02E+12,1,9,0,16,0,2,0,0,0,0,3,1,2,1,34,6,1796,1,10,1,1,1
2.02E+12,1,19,0,10,0,1,0,0,0,0,1,1,1,1,61,9,1995,2,4,7,2,7
2.02E+12,1,9,0,18,0,2,0,4,0,0,1,1,6,1,25,5,1998,1,10,7,1,7
2.02E+12,1,9,0,18,0,1,0,0,0,0,1,1,2,1,25,5,1995,2,11,2,1,2
2.02E+12,2,19,0,18,0,1,0,0,0,0,4,1,1,1,44,7,2198,2,1,3,1,3
2.02E+12,1,9,0,9,0,5,0,0,0,0,1,1,6,1,46,8,1595,1,3,5,1,5
2.02E+12,2,3,0,14,2,1,5,0,0,0,3,1,2,1,36,7,125,1,4,3,1,3
2.02E+12,2,9,0,9,0,2,0,0,0,0,2,1,1,1,33,6,1598,2,5,7,1,7
2.02E+12,2,4,0,18,0,8,0,0,0,0,2,1,1,1,39,7,471,1,2,7,1,7
2.02E+12,1,9,0,18,0,1,0,0,0,0,4,1,6,1,83,11,1124,1,13,4,1,4
2.02E+12,1,11,0,18,0,4,0,0,0,0,1,1,1,1,58,9,4500,2,2,5,1,5
2.02E+12,1,9,0,4,0,1,0,0,0,0,2,1,6,2,46,8,2359,1,9,2,1,2
2.02E+12,2,9,0,18,0,1,0,0,0,0,1,1,6,1,18,4,1395,1,1,5,1,5
2.02E+12,1,9,0,7,0,5,0,0,0,0,4,1,6,2,42,7,1598,1,11,5,1,5
2.02E+12,1,9,0,9,0,6,0,10,0,0,3,1,6,2,63,9,1390,1,9,5,1,5
2.02E+12,2,9,0,18,0,1,0,4,0,0,4,1,1,1,26,6,1951,2,11,5,1,5
2.02E+12,1,9,0,10,0,1,0,0,0,0,3,1,6,1,36,7,1796,1,14,3,1,3
2.02E+12,2,2,0,14,0,1,0,0,0,0,4,1,6,1,32,6,124,1,1,1,1,1
2.02E+12,1,9,0,4,0,1,0,0,0,0,2,1,6,1,34,6,2000,2,7,6,1,6
2.02E+12,2,9,0,4,0,1,0,0,0,0,1,1,6,1,40,7,1781,1,16,2,1,2
2.02E+12,1,3,0,18,0,1,0,0,0,0,1,1,1,1,29,6,108,1,3,4,1,4
2.02E+12,1,9,0,4,0,1,0,0,0,0,1,1,6,2,51,8,1596,1,8,2,1,2
2.02E+12,1,2,0,7,9,4,0,10,3,1,1,1,6,1,21,5,49,1,13,4,1,4
2.02E+12,1,4,0,14,0,1,0,0,0,0,3,1,1,1,36,7,125,1,6,2,1,2
2.02E+12,2,9,0,5,0,1,0,0,0,0,4,2,6,1,33,6,1296,1,11,2,1,2
2.02E+12,1,8,0,18,0,8,0,0,0,0,1,1,1,1,43,7,1968,2,1,8,1,8
2.02E+12,2,9,3,18,0,8,0,0,0,0,1,1,6,1,36,7,1298,1,10,9,1,9
2.02E+12,1,9,0,4,0,1,0,0,0,0,2,1,6,1,40,7,1390,1,6,4,1,4
2.02E+12,1,9,0,5,0,1,0,0,0,0,4,1,6,1,26,6,1598,2,4,2,1,2
2.02E+12,2,9,0,18,0,1,0,0,0,0,1,1,6,1,30,6,1995,2,3,2,1,2
2.02E+12,1,3,0,18,0,1,2,0,0,0,1,1,6,1,36,7,125,1,6,4,1,4
2.02E+12,2,8,0,10,2,8,0,0,0,0,0,1,6,1,41,7,2143,2,3,4,1,4
2.02E+12,1,11,0,4,0,1,0,0,0,0,0,1,1,1,55,8,4500,2,1,2,1,2
2.02E+12,2,9,0,10,0,6,0,0,0,0,1,1,6,1,31,6,1796,1,14,4,1,4
2.02E+12,1,19,0,8,0,1,0,0,0,0,0,1,6,1,25,5,1560,2,8,2,1,2
2.02E+12,2,3,0,18,2,1,1,0,0,0,4,1,6,1,27,6,108,1,5,3,1,3
2.02E+12,1,8,0,7,0,8,1,0,0,0,1,1,1,1,45,7,1798,8,2,4,1,4
2.02E+12,1,9,0,9,0,6,0,0,0,0,1,1,6,2,60,9,1198,1,3,3,1,3
2.02E+12,1,8,0,15,0,1,0,0,0,0,1,1,1,1,63,9,1598,2,3,3,1,3
2.02E+12,1,11,0,18,0,8,0,0,0,0,0,1,1,1,35,6,4500,2,3,5,1,5
2.02E+12,1,90,5,18,0,1,0,0,0,0,1,2,1,1,24,5,2148,2,8,4,1,4
2.02E+12,2,9,0,18,0,2,0,0,0,0,4,1,6,1,46,8,1591,1,1,3,1,3
2.02E+12,1,9,0,4,0,2,0,0,0,0,2,1,6,1,60,9,1461,2,2,10,2,10
2.02E+12,1,9,0,18,0,8,0,0,1,10,1,1,6,1,25,5,1364,1,10,1,1,1
2.02E+12,2,9,0,18,0,8,0,0,0,0,4,1,6,1,32,6,1590,1,15,7,1,7
2.02E+12,1,9,0,4,0,5,0,0,0,0,3,1,2,2,39,7,1997,1,7,1,1,1
2.02E+12,2,8,0,18,0,5,0,0,0,0,1,1,1,1,47,8,1968,2,3,8,1,8
2.02E+12,1,9,0,9,0,5,0,0,0,0,1,1,6,2,46,8,2143,2,3,6,1,6
2.02E+12,1,2,0,18,0,1,1,0,0,0,0,1,1,1,33,6,49,1,10,4,1,4
2.02E+12,1,9,0,18,0,1,1,7,1,3,1,1,6,1,22,5,1896,2,15,5,1,5
2.02E+12,1,9,0,9,0,6,1,10,3,10,1,1,6,1,22,5,1598,2,1,1,1,1
2.02E+12,1,9,0,15,0,1,0,0,0,0,3,1,6,1,35,6,1968,2,6,4,1,4
2.02E+12,2,9,0,18,0,1,0,0,0,0,4,1,6,1,31,6,2179,2,4,4,1,4
2.02E+12,3,9,0,9,0,1,0,0,0,0,2,1,6,1,25,5,1242,1,1,2,1,2
2.02E+12,1,9,0,18,0,1,0,0,0,0,1,1,6,2,27,6,1364,1,11,2,1,2
2.02E+12,2,9,0,12,0,1,1,0,0,0,1,1,6,1,45,7,2993,2,10,2,1,2
2.02E+12,1,9,0,9,0,5,0,4,0,0,1,1,6,1,62,9,1598,1,16,2,1,2
2.02E+12,1,9,0,18,0,8,0,0,0,0,1,1,6,1,60,9,1796,1,17,2,1,2
2.02E+12,1,9,0,5,0,2,0,0,0,0,1,1,6,1,26,6,2149,2,10,8,1,8
2.02E+12,2,3,0,18,0,2,5,0,0,0,4,1,6,1,26,6,125,1,1,6,1,6
2.02E+12,1,8,0,9,0,2,0,0,0,0,1,1,1,1,48,8,1798,8,2,1,1,1
2.02E+12,1,8,0,9,0,2,0,0,0,0,4,1,1,1,47,8,1598,1,4,3,1,3
2.02E+12,2,9,0,5,0,8,0,0,0,0,1,1,6,1,21,5,2143,2,2,1,1,1
2.02E+12,1,9,0,18,9,8,0,0,2,1,1,1,6,1,27,6,1229,1,4,2,1,2
2.02E+12,1,11,0,5,2,1,0,0,0,0,3,1,6,1,51,8,4500,2,3,2,1,2
2.02E+12,1,9,0,5,0,1,0,0,0,0,1,1,6,2,21,5,998,1,4,5,1,5
2.02E+12,2,19,0,15,0,1,0,0,0,0,3,1,1,1,34,6,1968,2,3,2,1,2
2.02E+12,1,3,0,14,0,8,0,0,0,0,1,1,1,1,25,5,108,1,2,7,1,7
2.02E+12,2,8,0,10,0,1,0,0,0,0,0,1,1,1,40,7,1968,2,4,3,1,3
2.02E+12,1,8,0,9,0,1,0,0,0,0,4,1,1,1,26,6,1395,1,1,10,1,10
2.02E+12,2,3,0,9,0,6,0,0,1,10,1,1,1,1,24,5,108,1,2,5,1,5
2.02E+12,1,9,0,18,0,1,0,0,0,0,0,1,6,2,59,9,1896,2,9,8,3,8
2.02E+12,1,19,0,18,0,1,1,0,0,0,1,1,6,1,43,7,2461,2,9,3,1,3
2.02E+12,2,9,0,3,0,4,0,0,0,0,2,1,6,2,35,6,1800,1,16,3,1,3
2.02E+12,1,5,0,18,0,1,0,0,1,0,1,1,6,1,28,6,749,1,12,3,1,3
2.02E+12,2,9,0,9,0,1,0,0,0,0,4,1,6,2,49,8,1596,1,13,7,1,7
2.02E+12,1,9,0,18,0,1,0,0,0,0,3,1,6,1,24,5,698,1,13,2,1,2
2.02E+12,1,9,0,1,0,8,0,0,0,0,2,1,6,1,31,6,2720,2,9,3,1,3
2.02E+12,2,2,0,18,0,8,0,0,0,0,1,1,1,1,25,5,49,1,5,2,1,2
2.02E+12,1,9,0,10,0,2,0,0,0,0,2,1,6,1,39,7,1560,2,9,6,1,6
2.02E+12,2,9,0,11,0,1,0,0,0,0,1,1,6,1,38,7,1124,1,14,4,1,4
2.02E+12,1,9,0,3,0,2,0,0,0,0,2,1,6,1,32,6,1995,2,4,1,1,1
2.02E+12,3,9,0,4,0,2,0,0,0,0,1,1,6,1,28,6,1198,1,11,4,1,4
2.02E+12,1,9,0,9,0,1,0,0,0,0,1,1,2,1,34,6,1598,2,2,4,1,4
2.02E+12,2,3,0,13,0,1,5,0,0,0,1,1,1,1,23,5,125,1,2,2,1,2
2.02E+12,1,9,0,5,0,1,0,0,0,0,4,2,6,2,26,6,1390,1,6,9,1,9
2.02E+12,2,9,0,5,0,1,0,0,0,0,1,1,6,2,44,7,1560,2,6,5,1,5
2.02E+12,1,5,0,9,0,8,0,0,0,0,2,1,6,1,30,6,999,1,7,7,1,7
2.02E+12,2,9,0,18,0,1,2,0,0,0,1,1,1,1,18,4,998,1,4,1,1,1
2.02E+12,1,9,0,9,0,8,0,0,0,0,3,1,1,1,50,8,1997,2,6,5,1,5
2.02E+12,1,9,0,10,0,1,0,0,0,0,3,2,6,1,30,6,998,1,4,2,1,2
2.02E+12,2,3,0,13,0,1,0,0,0,0,1,1,6,1,37,7,1043,1,6,6,1,6
2.02E+12,2,3,0,18,0,2,0,0,0,0,1,1,1,1,19,4,108,1,2,1,1,1
2.02E+12,1,9,0,3,0,2,0,0,0,0,2,1,6,1,20,4,1388,1,5,4,1,4
2.02E+12,2,3,0,18,0,6,0,0,0,0,1,1,6,1,27,6,125,1,4,6,1,6