Accident_Index,Vehicle_Reference,Vehicle_Type,Towing_and_Articulation,Vehicle_Manoeuvre,Vehicle_Location-Restricted_Lane,Junction_Location,Skidding_and_Overturning,Hit_Object_in_Carriageway,Vehicle_Leaving_Carriageway,Hit_Object_off_Carriageway,1st_Point_of_Impact,Was_Vehicle_Left_Hand_Drive?,Journey_Purpose_of_Driver,Sex_of_Driver,Age_of_Driver,Age_Band_of_Driver,Engine_Capacity_(CC),Propulsion_Code,Age_of_Vehicle,Driver_IMD_Decile,Driver_Home_Area_Type,Vehicle_IMD_Decile
2.02E+12,1,9,0,9,0,6,0,0,0,0,1,1,6,1,26,6,2993,2,6,5,1,5
2.02E+12,2,3,0,7,0,5,0,0,0,0,1,1,6,2,62,9,125,1,3,8,1,8
2.02E+12,1,9,0,18,0,8,0,0,7,0,4,1,6,1,66,10,1870,2,10,7,1,7
2.02E+12,2,11,0,18,0,8,0,0,0,0,1,1,1,1,43,7,9000,2,8,4,1,4
2.02E+12,1,9,0,4,0,1,0,0,0,0,1,1,6,1,32,6,1997,2,9,10,1,10
2.02E+12,1,19,0,9,0,5,0,0,0,0,3,1,1,1,54,8,2198,2,6,9,1,9
2.02E+12,2,5,0,18,0,8,0,0,0,0,1,1,2,1,45,7,998,1,13,7,1,7
2.02E+12,1,9,0,11,0,1,0,0,0,0,4,1,6,2,27,6,1598,1,14,8,1,8
2.02E+12,2,4,0,18,0,1,0,0,0,0,3,1,6,1,22,5,250,1,9,7,1,7
2.02E+12,3,9,0,18,0,1,0,0,0,0,3,1,6,2,39,7,1968,2,7,2,1,2
2.02E+12,1,9,0,5,0,8,0,0,0,0,1,1,6,2,31,6,1968,2,3,4,1,4
2.02E+12,2,9,0,5,0,8,0,0,0,0,4,2,6,1,60,9,1998,8,2,7,1,7
2.02E+12,1,9,0,18,0,1,0,0,0,0,1,1,6,1,36,7,1497,8,1,5,1,5
2.02E+12,1,9,0,18,0,2,0,0,0,0,1,1,6,1,22,5,1364,1,3,2,1,2
2.02E+12,1,3,0,13,0,1,0,0,0,0,1,1,6,1,27,6,125,1,8,3,1,3
2.02E+12,2,9,0,9,0,8,0,0,0,0,3,1,6,2,59,9,1199,1,15,3,1,3
2.02E+12,1,19,0,1,0,5,0,0,0,0,2,1,2,1,40,7,2198,2,8,1,1,1
2.02E+12,1,9,0,18,0,8,0,0,0,0,3,1,6,2,43,7,1396,1,1,3,1,3
2.02E+12,2,3,0,14,0,2,2,4,0,0,1,1,6,1,19,4,124,1,4,3,1,3
2.02E+12,1,3,0,18,0,1,0,0,0,0,0,1,6,1,30,6,108,1,7,2,1,2
2.02E+12,1,9,0,5,0,1,0,0,0,0,1,1,1,1,20,4,998,1,14,3,1,3
2.02E+12,1,9,0,3,0,1,0,0,0,0,2,1,6,1,32,6,1997,2,5,1,1,1
2.02E+12,2,9,0,3,0,1,0,4,0,0,2,1,6,2,37,7,1229,1,3,2,1,2
2.02E+12,3,9,0,4,0,1,0,4,0,0,1,1,6,1,19,4,1339,1,10,3,1,3
2.02E+12,1,9,0,9,0,8,0,0,0,0,4,1,6,2,21,5,1390,1,7,10,1,10
2.02E+12,2,9,0,5,0,8,0,0,0,0,1,1,6,1,22,5,1560,2,2,2,1,2
2.02E+12,3,11,0,18,0,8,0,0,0,0,1,1,1,1,43,7,6700,2,6,7,1,7
2.02E+12,1,9,0,18,0,8,1,0,0,0,1,1,6,1,23,5,998,1,3,3,1,3
2.02E+12,2,19,0,10,0,8,0,0,0,0,1,1,1,1,35,6,6700,2,1,4,1,4
2.02E+12,1,9,0,9,0,1,0,0,0,0,3,1,6,1,26,6,1499,2,2,9,1,9
2.02E+12,1,9,0,4,0,1,1,0,0,0,2,1,6,2,22,5,1242,1,14,3,1,3
2.02E+12,1,9,0,18,0,1,0,0,0,0,1,1,2,1,19,4,1149,1,10,2,1,2
2.02E+12,2,9,0,9,0,2,0,0,0,0,3,1,6,1,26,6,1198,1,4,4,1,4
2.02E+12,1,8,0,18,0,1,0,0,0,0,1,1,6,1,40,7,1798,8,5,3,1,3
2.02E+12,2,9,0,9,0,5,0,0,0,0,4,1,6,1,31,6,2698,2,9,10,1,10
2.02E+12,1,9,0,18,0,1,0,0,0,0,1,1,6,1,36,7,1598,2,2,2,1,2
2.02E+12,1,9,0,9,0,8,0,0,0,0,4,1,6,1,40,7,1997,2,5,2,1,2
2.02E+12,1,19,0,9,0,1,0,0,0,0,4,2,1,1,43,7,2198,2,3,3,1,3
2.02E+12,1,9,0,18,0,1,0,0,0,0,1,1,6,1,49,8,2967,2,3,10,1,10
2.02E+12,1,9,0,9,0,6,0,0,0,0,1,1,6,2,41,7,1582,2,5,3,1,3
2.02E+12,2,9,0,18,0,1,0,0,0,0,4,1,6,1,51,8,1298,1,11,1,1,1
2.02E+12,1,20,0,18,0,2,0,0,0,0,1,1,2,1,53,8,4250,2,6,7,3,7
2.02E+12,2,9,0,18,0,1,0,0,0,0,1,1,6,1,87,11,1796,1,13,4,1,4
2.02E+12,1,4,0,4,0,1,0,0,0,0,2,1,6,1,36,7,471,1,1,1,1,1
2.02E+12,2,19,0,1,0,1,0,0,0,0,2,1,6,1,39,7,1995,2,9,1,1,1
2.02E+12,1,9,0,5,0,6,0,0,0,0,2,1,6,1,31,6,1595,1,10,3,1,3
2.02E+12,2,11,0,5,0,8,0,0,0,0,1,1,1,1,51,8,9200,2,12,3,1,3
2.02E+12,1,9,0,5,0,1,0,0,0,0,3,1,6,1,46,8,1498,1,2,1,1,1
2.02E+12,1,11,0,18,0,1,0,0,0,0,1,1,1,1,21,5,5132,2,2,4,1,4
2.02E+12,2,8,0,18,0,1,0,0,0,0,2,1,1,1,32,6,2148,2,8,4,1,4
2.02E+12,1,11,0,7,2,1,0,0,0,0,1,1,1,1,42,7,9360,2,7,1,1,1
2.02E+12,2,9,0,7,0,1,0,0,1,0,2,1,6,1,21,5,1984,1,8,10,1,10
2.02E+12,1,11,0,9,0,1,0,0,0,0,0,1,1,1,60,9,4760,2,4,3,1,3
2.02E+12,1,9,0,10,0,1,0,0,0,0,1,1,6,1,19,4,1995,2,3,7,1,7
2.02E+12,2,3,0,18,0,1,2,0,0,0,1,1,6,1,20,4,125,1,2,4,1,4
2.02E+12,2,9,0,18,0,1,0,0,0,0,1,1,6,2,35,6,1595,1,1,2,1,2
2.02E+12,1,5,0,18,0,1,0,0,0,0,1,1,6,1,30,6,689,1,2,2,1,2
2.02E+12,1,9,0,4,0,8,0,0,0,0,3,1,6,1,32,6,1339,1,14,2,1,2
2.02E+12,2,3,0,9,0,8,5,0,0,0,2,1,6,1,29,6,108,1,1,2,1,2
2.02E+12,3,19,0,18,0,2,0,0,0,0,1,1,6,1,29,6,2198,2,1,4,1,4
2.02E+12,1,9,0,18,0,1,0,0,0,0,4,1,6,2,65,9,1598,2,6,6,1,6
2.02E+12,1,9,0,18,0,8,0,0,0,0,2,1,6,1,20,4,1598,1,8,6,1,6
2.02E+12,2,5,0,18,0,8,1,10,0,0,1,1,6,1,30,6,998,1,12,3,1,3
2.02E+12,1,9,0,3,0,8,0,0,0,0,2,1,6,1,42,7,2993,2,8,7,2,7
2.02E+12,2,9,0,3,0,8,0,0,0,0,0,1,6,1,63,9,3724,1,13,10,1,10
2.02E+12,3,9,0,3,0,8,0,0,0,0,1,1,6,2,34,6,1496,2,1,6,1,6
2.02E+12,1,9,0,5,0,2,0,0,0,0,1,1,6,1,59,9,2993,2,2,2,1,2
2.02E+12,2,9,0,5,0,2,0,0,0,0,1,1,6,2,49,8,1339,1,13,1,1,1
2.02E+12,1,3,0,14,0,1,0,0,0,0,1,1,2,1,30,6,125,1,1,6,1,6
2.02E+12,1,9,0,4,0,1,0,0,0,0,0,1,6,2,55,8,1598,2,2,2,1,2
2.02E+12,2,11,0,4,0,1,0,0,0,0,1,1,1,1,45,7,4500,2,7,5,1,5
2.02E+12,1,4,0,18,0,1,0,0,0,0,1,1,2,1,41,7,636,1,14,3,1,3
2.02E+12,2,9,0,9,0,1,0,0,0,0,3,1,6,1,29,6,1969,2,2,2,1,2
2.02E+12,1,9,0,5,0,1,0,0,0,0,1,1,6,2,32,6,1598,1,10,5,1,5
2.02E+12,1,9,0,18,0,1,0,0,0,0,1,1,6,1,26,6,1242,1,9,7,1,7
2.02E+12,3,2,0,18,0,1,0,0,0,0,0,1,1,1,20,4,108,1,2,2,1,2
2.02E+12,1,3,0,18,0,8,5,0,0,0,3,1,6,1,24,5,108,1,2,3,1,3
2.02E+12,1,9,0,14,0,1,0,0,0,0,1,1,6,1,23,5,1984,1,2,2,1,2
2.02E+12,2,9,0,4,0,1,0,0,0,0,0,1,6,1,47,8,1995,2,1,10,1,10
2.02E+12,1,9,0,18,0,8,0,0,0,0,1,1,6,1,30,6,1598,1,6,1,1,1
2.02E+12,1,4,0,18,0,2,5,0,0,0,1,1,2,1,44,7,125,1,3,2,1,2
2.02E+12,1,9,0,18,0,1,0,0,0,0,3,1,1,1,34,6,1560,2,4,4,1,4
2.02E+12,2,9,0,3,0,1,0,7,0,0,3,1,6,1,52,8,1995,2,6,4,1,4
2.02E+12,1,9,0,18,0,1,0,7,0,0,3,1,6,2,27,6,1229,1,3,4,1,4
2.02E+12,1,9,0,18,0,1,0,10,0,0,1,1,6,1,26,6,1395,1,3,5,1,5
2.02E+12,1,11,0,18,0,1,0,0,0,0,0,1,1,1,66,10,6700,2,5,4,1,4
2.02E+12,1,9,0,18,0,1,1,10,1,1,1,1,6,1,23,5,1328,1,10,7,1,7
2.02E+12,2,9,0,9,0,1,0,0,0,0,0,1,1,1,22,5,1598,2,5,5,1,5
2.02E+12,1,9,0,18,0,1,0,4,0,0,3,1,6,1,24,5,1248,2,9,1,1,1
2.02E+12,2,9,0,3,6,1,0,0,0,0,4,1,1,1,48,8,2987,2,3,2,1,2
2.02E+12,1,8,0,1,9,5,0,0,0,0,2,1,6,1,29,6,1798,8,3,6,1,6
2.02E+12,1,9,0,9,0,1,0,0,0,0,2,1,6,1,29,6,1598,2,5,5,1,5
2.02E+12,2,4,0,4,0,1,0,0,0,0,1,1,2,1,31,6,125,1,8,6,1,6
2.02E+12,1,9,0,18,0,8,0,0,0,0,1,1,6,2,28,6,1560,2,1,4,1,4
2.02E+12,1,9,5,10,0,1,1,0,0,0,4,1,6,1,85,11,1968,2,5,7,1,7
2.02E+12,2,9,5,18,0,1,1,0,0,0,1,1,1,1,53,8,2792,1,15,3,1,3
2.02E+12,1,9,0,7,0,6,0,0,0,0,1,1,6,2,33,6,1248,2,5,7,1,7
2.02E+12,1,5,0,13,0,1,0,0,0,0,4,1,6,1,45,7,1000,1,1,6,1,6
2.02E+12,2,19,0,18,0,8,0,0,0,0,4,1,6,1,53,8,2148,2,11,4,1,4
2.02E+12,1,9,0,18,0,8,0,0,0,0,1,1,6,2,45,7,2497,2,12,6,1,6
2.02E+12,2,9,0,9,0,6,0,0,0,0,1,1,6,1,57,9,1595,1,11,2,1,2
2.02E+12,1,9,0,18,0,8,0,0,0,0,0,1,1,1,35,6,1956,2,6,2,1,2
2.02E+12,2,8,0,18,0,8,0,0,0,0,3,1,6,1,51,8,1968,2,1,4,1,4
2.02E+12,4,9,0,18,5,8,0,0,1,0,3,1,6,2,37,7,1560,2,6,2,1,2
2.02E+12,5,9,0,18,0,8,0,0,0,0,3,1,6,1,53,8,1896,2,13,3,1,3
2.02E+12,1,9,0,18,0,8,2,0,0,0,4,1,6,1,63,9,1598,1,15,2,1,2
2.02E+12,1,3,0,18,0,1,0,0,0,0,1,1,6,1,24,5,124,1,10,4,1,4
2.02E+12,1,9,0,4,0,2,0,0,0,0,2,1,6,1,23,5,1398,2,7,9,1,9
2.02E+12,1,8,0,5,0,1,0,0,0,0,0,1,6,1,51,8,1998,2,6,6,1,6
2.02E+12,1,9,0,5,0,1,1,0,0,0,3,1,1,1,55,8,1596,1,4,3,1,3
2.02E+12,2,4,0,18,0,1,1,0,0,0,1,1,6,1,56,9,124,1,20,2,1,2
2.02E+12,1,3,0,14,0,1,0,0,0,0,1,1,1,1,22,5,108,1,1,5,1,5
2.02E+12,2,9,0,9,0,1,0,0,0,0,3,1,6,2,22,5,1296,1,11,8,1,8
2.02E+12,2,8,0,11,0,2,0,0,0,0,4,1,6,1,49,8,2143,2,6,1,1,1
2.02E+12,1,19,0,9,0,5,0,0,0,0,1,1,1,1,40,7,2143,2,3,8,1,8
2.02E+12,2,5,0,15,0,1,1,0,0,0,1,1,6,1,26,6,647,1,13,7,1,7
2.02E+12,2,8,0,17,0,1,0,0,0,0,4,1,1,1,61,9,1798,8,2,7,1,7
2.02E+12,1,9,0,3,0,1,0,0,0,0,2,1,6,2,46,8,1598,1,10,8,1,8
2.02E+12,2,9,0,18,0,1,0,0,0,0,1,1,6,1,26,6,1995,2,1,3,1,3
2.02E+12,1,9,0,18,0,1,5,4,0,0,1,1,6,1,34,6,1798,1,7,6,1,6
2.02E+12,1,8,0,9,0,5,0,0,0,0,4,1,1,1,54,8,2148,2,7,5,1,5
2.02E+12,2,5,0,15,0,1,0,0,0,0,1,1,2,1,28,6,781,1,14,7,1,7
2.02E+12,1,9,0,18,0,4,0,11,0,0,1,1,6,1,78,11,1086,1,8,10,1,10
2.02E+12,1,19,0,18,0,8,0,0,0,0,2,1,1,1,31,6,2198,2,1,5,1,5
2.02E+12,2,8,0,4,0,1,0,0,0,0,4,1,2,1,58,9,2499,2,6,3,1,3
2.02E+12,1,11,0,5,0,1,0,0,0,0,0,1,1,1,59,9,5132,2,2,7,1,7
2.02E+12,1,9,0,18,0,1,0,0,0,0,1,1,6,2,80,11,1242,1,6,9,1,9
2.02E+12,1,19,0,5,0,1,0,0,0,0,1,1,1,1,58,9,1968,2,3,5,1,5
2.02E+12,1,3,0,18,0,8,1,0,0,0,0,1,6,1,35,6,125,1,4,3,1,3
2.02E+12,1,9,0,1,0,1,0,0,0,0,0,1,6,2,70,10,1246,1,9,7,1,7
2.02E+12,1,9,0,18,0,1,0,0,0,0,1,1,6,1,27,6,1995,2,5,3,1,3
2.02E+12,1,9,0,4,0,1,0,0,0,0,1,1,6,1,32,6,1997,2,5,1,1,1
2.02E+12,2,9,0,4,0,1,0,0,0,0,2,1,6,1,31,6,1997,2,9,5,1,5
2.02E+12,3,9,0,3,0,1,0,0,0,0,2,1,6,2,52,8,1229,1,5,4,1,4
2.02E+12,4,9,0,3,0,1,0,0,0,0,2,1,6,2,27,6,998,1,13,1,1,1
2.02E+12,1,11,0,18,0,1,0,0,0,0,0,1,1,1,35,6,4760,2,4,6,1,6
2.02E+12,1,19,0,9,0,2,0,0,0,0,1,1,1,1,46,8,2198,2,1,5,1,5
2.02E+12,2,8,0,18,0,8,0,0,0,0,1,1,1,1,64,9,1461,2,5,2,1,2
2.02E+12,3,5,0,18,0,8,5,0,0,0,1,1,2,1,34,6,600,1,9,9,3,9
2.02E+12,1,3,0,18,0,1,1,0,0,0,1,1,6,1,31,6,125,1,5,9,1,9
2.02E+12,2,8,0,7,0,1,0,0,0,0,1,1,1,1,36,7,1798,8,3,3,1,3
2.02E+12,3,8,0,8,0,6,0,0,0,0,3,1,1,1,29,6,1798,8,1,3,1,3
2.02E+12,1,9,0,9,0,2,0,0,0,0,1,1,6,2,27,6,1229,1,9,2,1,2
2.02E+12,1,8,0,18,0,5,0,0,0,0,3,1,6,1,47,8,1997,2,6,5,1,5
2.02E+12,2,5,0,13,0,8,0,0,0,0,1,1,2,1,33,6,599,1,16,5,1,5
2.02E+12,1,9,0,18,0,2,0,0,0,0,1,1,6,2,19,4,1198,1,4,9,1,9
2.02E+12,1,9,0,18,0,1,0,0,0,0,0,1,1,1,37,7,1997,2,3,3,1,3
2.02E+12,1,4,0,3,0,1,0,0,0,0,3,1,2,1,37,7,249,1,8,5,1,5
2.02E+12,2,9,0,6,0,1,0,0,0,0,3,1,6,1,38,7,1956,2,5,6,1,6
2.02E+12,1,9,0,7,0,5,0,0,0,0,2,1,6,1,30,6,1998,1,16,2,1,2
2.02E+12,1,9,0,4,0,8,0,0,0,0,2,1,2,1,51,8,998,1,4,8,1,8
2.02E+12,2,9,0,4,0,8,0,0,0,0,1,1,2,1,26,6,1995,2,6,4,2,4
2.02E+12,1,9,0,18,0,1,0,0,0,0,1,1,6,2,27,6,1598,2,3,5,1,5
2.02E+12,2,9,0,4,0,2,0,0,0,0,3,1,2,2,71,10,1461,2,2,8,1,8
2.02E+12,1,11,0,18,0,2,0,0,0,0,0,1,6,2,30,6,9000,2,8,6,1,6
2.02E+12,1,9,0,9,0,1,0,0,0,0,3,2,6,2,70,10,1731,1,19,4,1,4
2.02E+12,2,5,0,13,0,1,0,0,0,0,4,1,6,1,44,7,600,1,10,8,1,8
2.02E+12,1,9,0,5,6,6,0,0,0,0,1,1,6,1,30,6,1798,8,1,4,1,4
2.02E+12,1,9,0,9,0,1,0,0,0,0,4,1,6,1,54,8,1560,2,13,6,1,6
2.02E+12,2,4,0,4,0,5,0,0,0,0,1,1,1,1,18,4,109,1,4,6,1,6
2.02E+12,2,19,0,10,0,1,0,0,0,0,1,1,1,1,60,9,2143,2,2,3,1,3
2.02E+12,1,9,0,5,0,2,0,0,0,0,1,1,2,1,38,7,1781,1,15,3,1,3
2.02E+12,1,3,0,17,9,2,0,0,1,2,1,1,1,1,24,5,125,1,5,5,1,5
2.02E+12,1,9,0,18,0,1,1,0,0,0,1,2,6,1,39,7,1332,1,20,4,1,4
2.02E+12,2,3,0,13,0,1,2,0,0,0,1,1,2,1,23,5,125,1,5,7,1,7
2.02E+12,1,9,0,9,0,5,0,0,0,0,1,1,6,1,40,7,1995,2,7,4,1,4
2.02E+12,1,9,0,9,0,5,0,0,0,0,3,1,6,1,37,7,1461,2,5,9,1,9
2.02E+12,2,5,0,13,0,1,0,0,0,0,1,1,6,1,24,5,689,1,2,5,1,5
2.02E+12,1,9,0,7,0,5,0,0,0,0,4,1,6,1,46,8,1999,1,5,8,1,8
2.02E+12,1,9,0,9,0,5,0,0,0,0,3,1,6,1,41,7,1998,1,15,3,1,3
2.02E+12,1,19,0,10,0,2,0,0,0,0,2,1,6,1,64,9,1995,2,10,2,1,2
2.02E+12,2,90,0,18,0,1,0,0,0,0,1,1,1,1,34,6,6370,2,5,3,1,3
2.02E+12,1,3,0,18,0,1,0,0,0,0,1,1,6,1,18,4,124,1,4,6,1,6
2.02E+12,1,8,0,18,0,2,0,0,0,0,1,1,1,1,50,8,1995,2,5,6,1,6
2.02E+12,1,19,0,10,0,1,0,0,0,0,1,2,6,1,39,7,1968,2,1,10,1,10
2.02E+12,1,9,0,9,0,8,0,0,0,0,4,1,6,1,73,10,1390,1,7,1,1,1
2.02E+12,2,9,0,18,0,1,0,0,0,0,1,1,6,2,30,6,1198,1,6,5,1,5
2.02E+12,1,9,0,3,0,8,0,0,0,0,2,1,6,1,54,8,1598,1,7,8,1,8
2.02E+12,2,4,0,5,0,8,0,4,0,0,1,1,6,1,27,6,125,1,9,2,1,2
2.02E+12,1,3,0,10,0,8,0,0,0,0,4,1,6,1,21,5,125,1,4,2,1,2
2.02E+12,2,9,0,9,0,8,0,0,0,0,3,1,6,2,36,7,2993,2,5,6,1,6
2.02E+12,1,19,0,9,0,5,0,0,0,0,0,1,1,1,39,7,1560,2,5,4,1,4
2.02E+12,1,3,0,18,0,1,0,0,0,0,4,1,6,1,24,5,124,1,4,4,1,4
2.02E+12,2,9,0,9,0,1,0,0,0,0,3,1,6,1,38,7,1390,1,7,8,1,8
2.02E+12,1,9,0,5,0,1,0,0,0,0,1,1,6,2,41,7,1398,1,1,1,1,1
2.02E+12,1,5,0,9,0,8,5,0,0,0,4,1,1,1,36,7,670,1,5,3,1,3
2.02E+12,2,19,0,18,0,1,0,0,0,0,4,1,1,1,27,6,2198,2,2,7,1,7
2.02E+12,1,11,0,17,0,3,0,0,0,0,0,1,6,1,44,7,4500,2,7,4,1,4
2.02E+12,1,9,0,9,0,2,0,0,0,0,1,1,6,1,59,9,1798,1,4,2,1,2
2.02E+12,1,3,0,14,0,1,1,0,0,0,1,1,6,1,25,5,124,1,3,10,1,10
2.02E+12,2,9,0,6,0,1,0,0,0,0,1,1,6,1,40,7,1984,1,17,8,1,8
2.02E+12,1,11,0,7,0,2,0,0,0,0,4,1,1,1,32,6,6700,2,5,2,1,2
2.02E+12,2,19,0,3,0,2,0,0,0,0,2,1,1,1,36,7,2198,2,1,1,1,1
2.02E+12,1,11,0,7,0,8,0,0,0,0,0,1,1,1,37,7,9360,2,8,4,1,4
2.02E+12,1,9,0,9,0,5,0,0,0,0,2,2,6,1,56,9,1598,1,5,3,1,3
2.02E+12,2,3,0,18,0,8,0,0,0,0,1,1,1,1,37,7,108,1,3,1,1,1
2.02E+12,1,9,0,10,0,6,0,0,0,0,1,1,6,1,60,9,1368,1,1,7,3,7
2.02E+12,1,9,0,7,0,8,0,0,0,0,1,1,6,2,42,7,1197,1,2,6,1,6
2.02E+12,1,4,0,18,0,2,0,0,0,0,3,1,6,1,45,7,250,1,2,7,1,7
2.02E+12,2,9,0,9,0,8,0,0,0,0,4,1,6,2,36,7,1590,1,14,3,1,3
2.02E+12,1,9,0,9,0,1,0,0,0,0,1,1,6,2,35,6,1968,2,1,4,1,4
2.02E+12,2,19,0,7,0,1,0,0,0,0,1,1,6,1,35,6,2198,2,2,2,1,2
2.02E+12,1,8,0,18,0,8,0,0,0,0,3,1,2,1,42,7,1560,2,3,2,1,2
2.02E+12,2,9,0,9,0,8,0,0,0,0,1,1,6,1,36,7,2204,2,9,5,1,5
2.02E+12,1,9,0,6,0,5,0,0,0,0,3,1,6,1,35,6,1956,2,2,4,1,4
2.02E+12,2,3,0,3,0,2,0,0,0,0,1,1,6,1,35,6,108,1,1,2,1,2
2.02E+12,1,9,0,9,0,6,0,0,0,0,1,1,6,1,43,7,1995,2,11,4,1,4
2.02E+12,2,5,0,17,0,1,1,0,0,0,1,1,2,2,56,9,1198,1,20,3,1,3
2.02E+12,1,9,4,18,0,1,4,4,0,0,3,1,6,1,17,4,1364,1,9,2,1,2
2.02E+12,1,5,0,16,0,4,1,9,7,10,1,1,6,1,44,7,998,1,6,4,1,4
2.02E+12,1,9,0,9,0,5,0,0,0,0,3,1,6,1,24,5,1796,2,3,7,1,7
2.02E+12,1,5,0,18,0,5,0,0,0,0,1,1,6,1,42,7,636,1,11,5,1,5
2.02E+12,1,8,0,7,0,1,0,0,0,0,4,1,1,1,60,9,1997,2,3,2,1,2
2.02E+12,1,11,0,4,2,1,0,0,0,0,0,1,1,1,44,7,4500,2,1,2,1,2
2.02E+12,1,9,0,18,0,8,0,0,0,0,1,1,6,1,57,9,1686,2,3,2,1,2
2.02E+12,2,9,0,10,0,8,0,0,0,0,1,1,6,1,20,4,998,1,1,2,1,2
2.02E+12,1,9,0,9,0,6,0,0,0,0,1,1,6,2,46,8,1595,1,15,9,1,9
2.02E+12,2,9,0,18,0,8,0,0,0,0,1,1,6,1,22,5,1598,2,2,8,1,8
2.02E+12,1,3,0,18,0,1,5,0,0,0,1,1,1,1,25,5,125,1,10,5,1,5
2.02E+12,1,9,0,18,0,3,0,0,0,0,1,1,6,1,64,9,1986,1,2,8,1,8
2.02E+12,1,4,0,18,0,2,0,11,0,0,1,1,2,1,55,8,279,1,10,3,1,3
2.02E+12,1,3,0,18,0,1,0,0,0,0,4,1,1,1,29,6,124,1,5,3,1,3
2.02E+12,1,9,0,4,0,1,0,8,0,0,3,1,6,1,39,7,1798,8,5,7,1,7
2.02E+12,1,9,0,5,0,1,0,0,0,0,1,1,6,2,41,7,1999,2,1,4,1,4
2.02E+12,2,11,0,13,0,2,0,0,0,0,4,1,1,1,43,7,4500,2,3,3,1,3
2.02E+12,1,11,0,18,0,1,0,0,0,0,0,1,1,1,57,9,4500,2,8,7,1,7
2.02E+12,1,9,0,18,0,1,0,0,0,0,1,1,6,1,38,7,1598,1,16,3,1,3
2.02E+12,1,3,0,9,0,1,0,0,0,0,0,1,2,1,31,6,125,1,7,2,1,2
2.02E+12,1,9,0,9,0,1,0,4,0,0,1,1,6,1,54,8,1984,2,4,8,2,8
2.02E+12,2,5,0,18,0,1,0,0,0,0,1,1,6,1,27,6,992,1,13,4,1,4
2.02E+12,1,9,0,7,0,8,0,0,0,0,4,1,1,1,64,9,1969,2,2,4,1,4
2.02E+12,2,3,0,18,0,8,0,0,0,0,1,1,6,1,25,5,125,1,10,5,1,5
2.02E+12,2,9,0,9,0,8,0,0,0,0,3,1,6,2,72,10,1598,1,4,6,1,6
2.02E+12,1,19,0,5,0,4,0,0,0,0,1,1,1,1,71,10,1998,2,13,10,1,10
2.02E+12,1,3,0,9,4,8,0,0,0,0,4,1,6,1,28,6,108,1,1,2,1,2
2.02E+12,1,9,0,9,0,2,0,0,0,0,1,1,2,1,29,6,1968,2,3,4,1,4
2.02E+12,1,9,0,9,0,6,0,0,0,0,1,1,6,2,72,10,1600,1,12,7,1,7
2.02E+12,2,9,0,18,0,1,1,4,0,0,1,1,6,2,42,7,1389,1,12,5,1,5
2.02E+12,1,9,0,18,0,8,0,0,0,0,1,1,6,1,45,7,2000,2,7,5,1,5
2.02E+12,2,9,0,9,0,8,0,0,7,0,4,1,6,1,23,5,2148,2,13,1,1,1
2.02E+12,1,9,0,10,0,3,0,0,0,0,0,1,6,1,41,7,1685,2,2,8,1,8
2.02E+12,2,5,0,18,0,1,1,10,0,0,0,1,2,1,28,6,647,1,19,2,1,2
2.02E+12,1,11,0,3,0,2,0,0,0,0,0,1,6,1,61,9,4250,2,5,8,1,8
2.02E+12,1,9,0,17,0,4,0,0,0,0,3,1,6,1,37,7,2926,2,15,2,1,2
2.02E+12,2,5,0,7,0,3,0,0,0,0,4,1,6,1,23,5,600,1,11,2,1,2
2.02E+12,1,9,0,7,0,1,0,0,0,0,1,1,6,1,36,7,1587,1,12,3,1,3
2.02E+12,1,9,0,18,0,1,0,0,0,0,4,1,6,2,29,6,998,1,10,3,1,3
2.02E+12,2,9,0,18,0,1,0,0,0,0,1,1,6,2,36,7,1461,2,8,3,1,3
2.02E+12,1,9,0,18,0,8,0,4,0,0,1,1,6,1,19,4,1422,2,3,2,1,2
2.02E+12,1,9,0,18,0,1,0,0,0,0,1,1,6,1,20,4,1598,2,4,8,1,8
2.02E+12,2,3,0,9,0,2,0,0,0,0,4,1,6,1,51,8,124,1,4,9,1,9
2.02E+12,1,9,0,18,0,8,5,10,1,2,1,1,6,1,23,5,1229,1,5,6,1,6
2.02E+12,1,9,0,18,0,1,0,0,0,0,2,1,2,1,30,6,1995,1,9,1,1,1
2.02E+12,1,9,0,8,0,6,0,0,0,0,0,1,6,1,41,7,2143,2,7,3,1,3
2.02E+12,2,4,0,18,0,1,1,0,0,0,0,1,2,1,47,8,124,1,4,2,1,2
2.02E+12,1,9,0,4,6,1,0,0,0,0,4,1,6,1,57,9,1796,1,11,4,1,4
2.02E+12,1,9,0,18,0,8,0,0,0,0,4,1,6,1,20,4,2000,2,13,2,1,2
2.02E+12,2,9,0,5,0,8,0,0,1,0,1,1,6,1,25,5,2616,1,11,3,1,3
2.02E+12,1,9,0,12,0,1,0,0,0,0,1,1,6,2,36,7,1598,2,3,9,1,9
2.02E+12,1,3,0,18,0,6,1,0,0,0,1,1,6,1,26,6,125,1,1,8,1,8
2.02E+12,1,9,0,11,0,1,0,0,0,0,1,1,2,2,27,6,1598,1,11,6,1,6
2.02E+12,1,19,0,3,5,1,0,0,1,0,1,1,1,1,66,10,1248,2,3,9,1,9
2.02E+12,1,19,0,9,0,1,0,0,0,0,3,1,2,1,47,8,1560,2,1,8,1,8
2.02E+12,2,3,0,13,0,1,1,0,0,0,4,1,6,1,21,5,124,1,9,6,1,6
2.02E+12,1,5,0,18,0,2,0,0,0,0,0,1,2,1,39,7,649,1,2,6,1,6