Accident_Index,Vehicle_Reference,Vehicle_Type,Towing_and_Articulation,Vehicle_Manoeuvre,Vehicle_Location-Restricted_Lane,Junction_Location,Skidding_and_Overturning,Hit_Object_in_Carriageway,Vehicle_Leaving_Carriageway,Hit_Object_off_Carriageway,1st_Point_of_Impact,Was_Vehicle_Left_Hand_Drive?,Journey_Purpose_of_Driver,Sex_of_Driver,Age_of_Driver,Age_Band_of_Driver,Engine_Capacity_(CC),Propulsion_Code,Age_of_Vehicle,Driver_IMD_Decile,Driver_Home_Area_Type,Vehicle_IMD_Decile
2.02E+12,2,19,0,5,0,1,0,0,0,0,0,1,1,1,50,8,1753,2,12,2,1,2
2.02E+12,1,19,0,9,0,1,0,0,0,0,4,1,6,1,40,7,1560,2,2,7,1,7
2.02E+12,3,9,0,18,0,1,0,0,0,0,1,1,6,2,45,7,998,1,16,4,1,4
2.02E+12,4,4,0,18,0,1,1,0,0,0,1,1,6,1,26,6,278,1,5,7,1,7
2.02E+12,1,9,0,5,0,7,0,0,0,0,1,1,6,2,52,8,1968,2,9,10,1,10
2.02E+12,2,4,0,18,0,8,0,0,0,0,3,1,1,1,40,7,125,1,4,2,1,2
2.02E+12,1,11,0,9,0,6,0,0,0,0,3,1,1,1,35,6,6700,2,7,7,1,7
2.02E+12,1,9,0,18,0,1,2,10,0,0,1,1,1,1,41,7,1896,2,14,4,1,4
2.02E+12,1,9,0,9,0,1,0,0,0,0,1,1,6,2,44,7,1798,1,9,8,1,8
2.02E+12,2,9,0,9,0,2,0,0,0,0,3,1,6,2,33,6,2497,2,10,7,1,7
2.02E+12,1,5,0,18,0,1,1,0,0,0,1,1,6,1,33,6,599,1,15,5,1,5
2.02E+12,2,9,0,18,0,1,0,0,0,0,3,1,6,1,26,6,2143,2,1,5,1,5
2.02E+12,2,5,0,18,0,1,0,0,0,0,1,1,6,2,38,7,689,1,2,4,1,4
2.02E+12,1,9,0,5,0,1,0,0,0,0,2,1,1,1,33,6,1400,2,11,7,1,7
2.02E+12,1,8,0,6,0,2,0,0,0,0,3,1,1,1,30,6,2499,2,7,2,1,2
2.02E+12,1,9,0,11,0,5,0,0,0,0,1,1,6,1,29,6,2143,2,4,1,1,1
2.02E+12,2,4,0,18,0,1,0,0,0,0,3,1,6,1,55,8,200,1,2,7,1,7
2.02E+12,1,4,0,18,0,1,0,4,0,0,1,1,1,1,24,5,125,1,1,4,1,4
2.02E+12,2,9,0,10,0,1,0,4,0,0,4,1,1,1,41,7,1968,2,8,2,1,2
2.02E+12,1,11,0,5,0,1,0,0,0,0,0,1,1,1,48,8,4500,2,3,3,1,3
2.02E+12,1,5,0,18,2,1,0,0,0,0,1,1,2,1,45,7,998,1,4,6,1,6
2.02E+12,2,9,0,7,0,5,0,0,0,0,4,1,1,1,64,9,1796,1,15,9,1,9
2.02E+12,1,19,0,3,0,7,0,0,0,0,2,1,1,1,52,8,1499,2,2,3,1,3
2.02E+12,2,19,0,5,0,7,0,0,0,0,1,1,1,1,53,8,7146,2,4,4,1,4
2.02E+12,2,5,0,18,0,1,0,0,0,0,1,1,6,1,56,9,656,1,12,3,1,3
2.02E+12,1,5,0,7,0,5,0,0,0,0,0,1,6,1,52,8,650,1,61,9,1,9
2.02E+12,1,9,0,18,0,1,0,0,0,0,1,1,6,2,27,6,1388,1,5,4,1,4
2.02E+12,2,9,0,4,0,1,0,0,0,0,2,1,6,2,19,4,1997,2,8,3,1,3
2.02E+12,1,11,0,5,0,8,0,0,0,0,0,1,6,1,40,7,9360,2,7,7,1,7
2.02E+12,1,9,0,5,0,1,0,0,0,0,1,1,6,2,28,6,1388,1,12,2,1,2
2.02E+12,2,11,0,18,2,1,0,0,0,0,0,1,1,1,29,6,6700,2,6,4,1,4
2.02E+12,1,8,0,5,0,8,0,0,0,0,4,1,1,1,32,6,1798,8,1,5,1,5
2.02E+12,2,8,0,18,0,8,0,0,0,0,1,1,6,2,39,7,2776,2,1,3,1,3
2.02E+12,1,9,0,4,0,1,0,0,0,0,1,1,6,1,70,10,1587,1,11,4,3,4
2.02E+12,1,11,0,18,0,1,0,0,0,0,0,1,6,1,50,8,4500,2,1,3,1,3
2.02E+12,1,9,0,3,0,4,0,0,0,0,2,1,6,1,43,7,2143,2,3,4,1,4
2.02E+12,2,9,0,18,0,4,0,0,0,0,1,1,6,1,44,7,1995,2,10,4,1,4
2.02E+12,1,9,0,5,0,1,0,0,0,0,3,1,6,1,19,4,1400,1,11,4,1,4
2.02E+12,1,9,0,9,0,6,0,0,0,0,3,1,6,1,33,6,1598,1,10,5,1,5
2.02E+12,2,11,0,18,0,8,0,0,0,0,1,1,1,1,57,9,8268,2,11,4,1,4
2.02E+12,1,9,0,18,0,1,0,0,0,0,4,1,6,2,47,8,3456,8,7,3,1,3
2.02E+12,2,3,0,18,0,1,1,0,0,0,1,1,6,1,26,6,125,1,10,1,1,1
2.02E+12,1,9,0,18,0,1,0,0,0,0,1,1,6,2,38,7,1598,1,2,2,1,2
2.02E+12,1,9,0,9,0,8,0,0,0,0,3,1,6,1,76,11,1399,1,1,8,1,8
2.02E+12,2,9,0,18,0,1,0,0,0,0,1,1,6,2,36,7,1598,1,12,9,1,9
2.02E+12,1,9,0,4,0,2,0,0,0,0,2,1,1,2,18,4,1198,1,1,5,1,5
2.02E+12,1,9,0,1,0,2,0,0,0,0,2,1,6,1,64,9,1229,1,12,2,1,2
2.02E+12,1,11,0,18,0,8,0,0,0,0,4,1,1,1,51,8,4500,2,3,2,1,2
2.02E+12,1,19,0,7,0,2,0,0,0,0,1,1,1,1,35,6,1560,2,2,3,1,3
2.02E+12,1,4,0,4,0,2,0,0,0,0,2,1,2,1,22,5,471,1,1,2,1,2
2.02E+12,2,9,0,18,0,2,0,0,0,0,1,1,1,1,27,6,998,1,4,4,1,4
2.02E+12,1,9,0,18,0,2,0,0,0,0,1,1,6,1,31,6,2926,2,15,4,1,4
2.02E+12,2,9,0,18,0,2,0,0,0,0,4,1,6,1,51,8,1598,1,7,1,1,1
2.02E+12,2,9,0,9,0,1,0,0,0,0,4,1,6,2,36,7,1995,2,6,2,1,2
2.02E+12,1,3,0,14,0,1,0,11,0,0,1,1,2,1,33,6,125,1,3,9,1,9
2.02E+12,1,9,0,18,0,1,0,0,0,0,3,1,6,2,69,10,1389,1,13,7,1,7
2.02E+12,1,9,0,9,0,8,0,0,0,0,1,1,6,1,58,9,1197,1,1,8,1,8
2.02E+12,2,9,0,18,0,2,0,0,0,0,2,1,6,2,48,8,1596,1,12,2,1,2
2.02E+12,1,9,0,5,0,1,0,0,0,0,1,1,6,2,26,6,1229,1,7,2,1,2
2.02E+12,2,9,0,5,0,1,0,0,0,0,2,1,6,2,44,7,989,1,17,5,1,5
2.02E+12,1,9,0,18,0,1,0,0,0,0,2,1,2,1,38,7,1753,2,13,6,1,6
2.02E+12,2,9,0,11,0,1,1,0,1,10,4,1,2,1,31,6,998,1,9,3,1,3
2.02E+12,1,3,0,18,0,8,5,0,0,0,1,1,6,1,27,6,124,1,7,2,1,2
2.02E+12,2,9,0,9,0,8,0,0,0,0,1,1,6,1,77,11,1596,1,13,2,1,2
2.02E+12,1,9,0,10,0,2,0,0,0,0,1,1,6,1,36,7,1597,1,8,1,1,1
2.02E+12,1,4,0,5,0,2,0,0,0,0,1,1,2,2,25,5,645,1,13,5,1,5
2.02E+12,1,9,0,18,0,2,0,0,0,0,3,1,6,1,54,8,898,1,1,4,1,4
2.02E+12,1,9,0,7,0,1,0,0,0,0,0,1,2,2,40,7,1968,2,4,10,1,10
2.02E+12,1,11,0,10,0,1,0,0,0,0,0,1,1,1,43,7,5132,2,1,4,1,4
2.02E+12,1,3,0,18,0,8,0,4,1,0,1,1,6,1,22,5,125,1,3,3,1,3
2.02E+12,2,19,0,4,0,8,0,0,0,0,4,1,1,1,57,9,2402,2,9,9,1,9
2.02E+12,1,9,0,18,0,2,0,0,0,0,1,1,6,1,46,8,1497,8,10,1,1,1
2.02E+12,1,11,0,5,0,1,0,0,0,0,1,1,1,2,52,8,7300,2,12,8,1,8
2.02E+12,2,5,0,4,0,2,0,10,0,0,3,1,2,1,38,7,849,1,9,3,1,3
2.02E+12,1,3,0,14,0,1,0,0,0,0,1,1,6,1,23,5,125,1,1,6,1,6
2.02E+12,1,3,0,18,0,2,0,0,0,0,3,1,2,1,18,4,108,1,1,4,1,4
2.02E+12,1,9,0,9,0,8,0,0,0,0,1,1,6,2,52,8,1598,1,10,4,1,4
2.02E+12,2,3,0,13,0,1,0,0,0,0,1,1,2,1,40,7,124,1,10,4,1,4
2.02E+12,1,8,0,18,0,8,0,0,0,0,3,1,6,1,38,7,1497,8,8,7,1,7
2.02E+12,1,9,0,7,9,2,0,0,0,0,1,1,1,1,29,6,1248,1,2,5,1,5
2.02E+12,1,4,0,14,0,2,1,0,0,0,3,1,2,1,35,6,125,1,1,9,1,9
2.02E+12,1,9,0,4,0,1,0,0,0,0,1,1,6,1,20,4,1388,1,14,3,1,3
2.02E+12,2,9,0,4,0,1,0,0,0,0,2,1,6,1,22,5,1600,2,5,4,1,4
2.02E+12,1,3,0,18,0,1,0,0,0,0,1,1,6,1,22,5,125,1,1,1,1,1
2.02E+12,2,8,0,9,0,5,0,0,0,0,1,1,1,1,34,6,2231,2,10,1,1,1
2.02E+12,1,9,0,4,0,2,0,0,0,0,1,1,2,2,34,6,1997,2,3,3,1,3
2.02E+12,2,9,0,4,0,2,0,0,0,0,2,1,6,2,33,6,1389,1,14,3,1,3
2.02E+12,1,8,0,5,0,1,0,0,0,0,1,1,1,1,47,8,2499,2,5,3,1,3
2.02E+12,1,8,0,17,5,1,0,0,0,0,2,1,1,1,41,7,1497,8,9,2,1,2
2.02E+12,2,9,0,18,0,1,0,0,0,0,1,1,6,1,28,6,1995,2,8,1,1,1
2.02E+12,1,9,0,18,0,1,0,0,0,0,1,1,6,1,22,5,1995,2,11,6,1,6
2.02E+12,2,9,0,9,0,1,0,0,0,0,4,1,6,1,18,4,1398,1,14,8,1,8
2.02E+12,1,9,0,9,0,6,0,0,0,0,1,1,6,1,27,6,1598,1,8,5,1,5
2.02E+12,2,3,0,18,0,1,0,0,0,0,1,1,6,1,46,8,125,1,10,4,1,4
2.02E+12,1,9,0,9,0,3,0,0,1,2,1,1,2,1,29,6,999,1,1,5,1,5
2.02E+12,1,9,0,18,0,2,0,0,0,0,3,1,1,1,41,7,1997,2,2,2,1,2
2.02E+12,1,9,0,18,0,1,0,0,0,0,2,1,6,2,36,7,1598,1,10,5,1,5
2.02E+12,3,19,0,4,0,1,0,0,0,0,1,1,6,1,45,7,2151,2,15,4,1,4
2.02E+12,1,9,0,4,0,2,0,0,0,0,2,1,1,1,40,7,2993,2,9,4,1,4
2.02E+12,2,9,0,4,0,2,0,0,0,0,2,1,6,2,32,6,1390,1,5,3,1,3
2.02E+12,4,19,0,4,0,2,0,0,0,0,1,1,1,1,34,6,2299,2,2,4,1,4
2.02E+12,1,9,0,1,0,2,0,0,0,0,2,1,6,1,52,8,1124,1,13,7,1,7
2.02E+12,1,5,0,17,0,8,1,0,0,0,1,1,6,1,26,6,599,1,6,9,2,9
2.02E+12,2,9,0,10,0,6,0,0,0,0,3,1,6,1,27,6,998,1,11,6,1,6
2.02E+12,1,9,0,18,0,1,0,0,0,0,1,1,6,1,24,5,1956,2,6,3,1,3
2.02E+12,2,9,0,9,0,7,0,0,0,0,3,1,6,1,23,5,1390,1,6,8,1,8
2.02E+12,1,9,0,4,0,1,0,0,0,0,1,1,1,1,47,8,1797,8,6,4,1,4
2.02E+12,1,9,0,6,0,2,0,11,0,0,1,1,6,2,74,10,1995,2,2,10,1,10
2.02E+12,2,8,0,18,0,2,0,0,0,0,1,1,1,1,66,10,2499,2,3,7,1,7
2.02E+12,1,3,0,18,0,8,1,0,0,0,1,1,6,1,19,4,124,1,13,1,1,1
2.02E+12,1,9,0,16,0,1,0,0,0,0,1,1,6,1,36,7,2987,2,10,3,1,3
2.02E+12,2,9,0,4,0,1,0,0,0,0,2,1,6,2,61,9,1198,1,4,9,1,9
2.02E+12,1,11,0,18,0,8,0,0,0,0,1,1,1,1,25,5,4500,2,9,7,1,7
2.02E+12,2,9,0,7,0,6,0,0,0,0,1,1,6,2,46,8,1997,2,7,1,1,1
2.02E+12,1,9,0,1,0,6,0,0,0,0,2,1,6,1,25,5,2993,2,10,3,1,3
2.02E+12,1,11,0,18,2,1,0,0,0,0,0,1,1,1,47,8,5132,2,1,8,2,8
2.02E+12,1,9,0,18,0,1,0,0,0,0,3,1,6,1,19,4,1395,1,1,8,1,8
2.02E+12,1,19,0,18,0,5,0,0,0,0,4,1,1,1,35,6,1598,2,1,4,1,4
2.02E+12,1,9,0,9,0,5,0,0,0,0,3,1,6,1,19,4,1242,1,12,2,1,2
2.02E+12,2,5,0,13,0,8,0,0,0,0,1,1,6,1,48,8,998,1,8,3,1,3
2.02E+12,1,11,0,5,0,8,0,0,0,0,0,1,1,1,58,9,5132,2,2,5,1,5
2.02E+12,1,11,0,18,0,1,0,0,0,0,0,1,1,1,21,5,9000,2,10,1,1,1
2.02E+12,1,9,0,18,0,8,1,0,0,0,1,1,6,2,40,7,998,1,4,7,1,7
2.02E+12,2,90,0,18,0,8,0,0,0,0,3,1,6,1,53,8,2686,2,11,10,1,10
2.02E+12,1,4,0,18,0,1,1,0,1,0,1,1,6,1,19,4,278,1,8,1,1,1
2.02E+12,1,9,0,18,0,1,0,0,0,0,3,2,6,1,47,8,2958,2,14,6,1,6
2.02E+12,1,9,0,18,0,8,0,0,0,0,1,1,6,1,25,5,1360,1,13,2,1,2
2.02E+12,2,9,0,13,0,8,0,0,0,0,1,1,6,1,23,5,1198,1,15,2,1,2
2.02E+12,3,9,0,18,0,8,0,0,0,0,2,1,6,1,75,10,1896,2,15,5,3,5
2.02E+12,1,8,0,18,0,1,0,0,0,0,3,1,1,1,50,8,1956,2,3,1,1,1
2.02E+12,1,3,0,18,0,1,0,4,0,0,1,1,6,1,27,6,124,1,3,3,1,3
2.02E+12,2,9,0,4,0,1,0,0,0,0,2,1,6,1,69,10,1368,1,9,7,1,7
2.02E+12,2,8,0,5,0,8,0,0,0,0,1,1,1,1,48,8,2402,2,15,3,1,3
2.02E+12,1,9,0,3,0,1,0,0,0,0,2,1,1,2,39,7,1596,1,13,7,1,7
2.02E+12,2,9,0,9,0,7,0,0,0,0,1,1,2,1,44,7,1339,1,7,2,1,2
2.02E+12,1,3,0,18,0,1,1,0,0,0,4,1,1,1,30,6,108,1,2,6,1,6
2.02E+12,2,19,0,7,0,5,0,0,0,0,3,1,1,1,31,6,2461,2,10,8,1,8
2.02E+12,2,9,0,18,0,1,0,0,0,0,3,1,1,1,39,7,1968,2,1,6,1,6
2.02E+12,1,8,0,18,0,1,0,0,0,0,1,1,1,1,41,7,2143,2,4,2,1,2
2.02E+12,1,8,0,5,0,8,0,0,0,0,3,1,1,1,40,7,2499,2,9,6,1,6
2.02E+12,1,9,0,4,0,2,0,0,0,0,1,1,6,1,23,5,1397,1,9,7,1,7
2.02E+12,2,8,0,4,0,2,0,0,0,0,2,1,1,1,39,7,1797,8,5,6,1,6
2.02E+12,3,9,0,4,0,2,0,0,0,0,2,1,6,1,30,6,2987,2,9,4,1,4
2.02E+12,1,9,0,3,0,1,0,0,0,0,1,1,1,1,47,8,1798,8,3,2,1,2
2.02E+12,1,9,0,1,0,1,0,0,0,0,2,1,6,1,39,7,1968,2,6,3,1,3
2.02E+12,1,9,0,9,0,1,0,0,0,0,4,1,2,1,20,4,1598,2,3,1,1,1
2.02E+12,1,9,0,4,0,3,0,0,0,0,2,1,6,2,19,4,1360,1,20,4,1,4
2.02E+12,2,9,0,4,0,3,0,0,0,0,2,1,6,1,22,5,1499,1,1,4,1,4
2.02E+12,3,9,0,18,0,3,0,0,0,0,1,1,6,2,26,6,1386,1,10,4,1,4
2.02E+12,1,9,0,9,0,6,0,0,0,0,1,1,6,1,22,5,1896,2,12,4,1,4
2.02E+12,2,9,0,18,0,2,1,7,0,0,3,1,2,1,21,5,1296,1,9,4,1,4
2.02E+12,3,11,0,18,0,1,0,0,0,0,3,1,1,1,40,7,5132,2,1,3,1,3
2.02E+12,1,9,0,9,0,2,0,0,0,0,4,1,6,1,29,6,1596,1,10,5,1,5
2.02E+12,1,9,0,18,0,8,0,0,0,0,1,1,6,1,34,6,1769,1,15,5,1,5
2.02E+12,2,9,0,9,0,8,0,0,0,0,1,1,6,1,24,5,1596,1,10,3,1,3
2.02E+12,1,9,0,7,0,5,0,0,0,0,4,1,6,1,59,9,1998,1,16,9,1,9
2.02E+12,1,9,0,18,0,4,0,0,0,0,2,1,6,1,61,9,1968,2,9,4,1,4
2.02E+12,1,3,0,18,0,8,0,0,0,0,2,1,6,1,35,6,125,1,5,3,1,3
2.02E+12,2,9,0,9,0,8,0,0,0,0,1,1,6,1,20,4,1197,1,2,7,1,7
2.02E+12,1,9,0,5,0,6,0,0,0,0,3,1,6,2,77,11,1299,1,17,8,1,8
2.02E+12,2,5,0,18,0,1,0,0,0,0,1,1,6,1,39,7,999,1,5,4,1,4
2.02E+12,1,9,0,16,0,2,0,0,0,0,2,1,6,2,18,4,1198,1,6,5,1,5
2.02E+12,2,9,0,17,0,1,0,0,0,0,1,1,6,2,54,8,1339,1,6,7,1,7
2.02E+12,2,9,0,9,0,6,0,0,0,0,1,1,6,1,27,6,1197,1,5,7,1,7
2.02E+12,1,9,0,18,0,1,0,0,0,0,1,1,2,1,26,6,998,1,7,4,1,4
2.02E+12,2,8,0,18,0,1,0,0,0,0,1,1,1,1,38,7,1968,2,1,3,1,3
2.02E+12,1,9,0,9,0,8,0,0,0,0,4,1,6,1,48,8,1968,2,6,6,1,6
2.02E+12,2,9,0,5,0,8,0,0,0,0,1,1,6,2,19,4,2231,2,11,4,1,4
2.02E+12,1,9,0,18,0,6,0,0,0,0,1,1,6,2,29,6,1995,2,5,8,1,8
2.02E+12,2,9,0,18,0,1,0,0,0,0,4,1,6,1,23,5,1229,1,13,3,1,3
2.02E+12,3,9,0,18,0,1,0,0,0,0,3,1,6,1,67,10,1198,1,4,5,3,5
2.02E+12,1,9,0,5,0,6,0,0,0,0,4,1,6,2,76,11,1598,1,2,3,1,3
2.02E+12,1,9,0,4,0,1,0,0,0,0,2,1,6,1,24,5,1368,1,10,5,2,5
2.02E+12,2,19,0,3,0,1,0,0,0,0,1,1,6,1,29,6,2402,2,14,2,1,2
2.02E+12,1,3,0,18,0,8,1,10,0,0,1,1,6,1,26,6,125,1,8,5,1,5
2.02E+12,1,11,0,18,0,2,0,0,0,0,1,1,1,1,31,6,4760,2,6,2,1,2
2.02E+12,1,9,0,3,0,1,0,0,0,0,2,1,6,2,30,6,1560,2,7,3,1,3
2.02E+12,2,9,0,3,0,1,0,0,0,0,1,1,6,1,37,7,1242,1,13,1,1,1
2.02E+12,1,9,0,18,0,3,0,0,0,0,3,1,6,1,52,8,1797,8,7,3,1,3
2.02E+12,2,21,0,18,0,3,0,0,0,0,3,1,6,1,24,5,10837,2,1,4,1,4
2.02E+12,1,9,0,9,0,8,0,0,0,0,1,1,6,1,38,7,1598,1,13,5,1,5
2.02E+12,2,11,1,18,0,8,0,0,0,0,1,1,1,1,44,7,4500,2,5,5,1,5
2.02E+12,2,9,0,12,0,1,1,0,1,7,4,1,6,1,22,5,1388,1,10,5,1,5
2.02E+12,3,9,0,18,0,1,0,0,0,0,1,1,6,1,56,9,2987,2,4,9,1,9
2.02E+12,1,21,0,9,0,1,0,0,0,0,1,1,2,1,54,8,11967,2,5,4,1,4
2.02E+12,2,9,0,18,0,1,0,0,0,0,3,1,1,1,44,7,1910,2,7,3,1,3
2.02E+12,1,2,0,18,0,1,0,0,0,0,1,1,6,1,33,6,124,1,13,6,1,6
2.02E+12,1,9,0,4,0,8,1,0,0,0,2,1,2,1,24,5,1560,2,2,2,1,2
2.02E+12,1,9,0,18,0,1,0,0,0,0,1,1,6,1,18,4,1397,1,13,6,1,6
2.02E+12,2,9,0,18,0,1,0,0,0,0,1,1,6,2,51,8,2995,1,20,6,1,6
2.02E+12,1,9,0,4,0,8,0,0,0,0,1,1,6,1,37,7,2993,2,12,4,1,4
2.02E+12,2,8,0,4,0,8,1,0,0,0,1,1,6,1,70,10,2402,2,14,7,1,7
2.02E+12,1,11,0,5,3,1,0,0,0,0,0,1,1,1,51,8,4500,2,1,2,1,2
2.02E+12,1,11,0,4,0,1,0,0,0,0,0,1,1,2,64,9,6700,2,8,2,1,2
2.02E+12,1,5,0,18,0,5,0,0,0,0,1,1,2,1,54,8,599,1,17,2,1,2
2.02E+12,2,4,0,9,0,5,0,0,0,0,1,1,6,1,27,6,124,1,16,1,1,1
2.02E+12,1,9,0,3,8,4,0,0,0,0,2,1,6,1,42,7,1582,2,8,10,1,10
2.02E+12,1,9,0,18,0,1,1,0,0,0,3,1,6,2,60,9,1149,1,9,9,1,9
2.02E+12,2,9,0,18,0,2,0,0,0,0,3,1,6,1,29,6,2987,2,4,3,1,3
2.02E+12,3,9,0,18,0,8,0,0,0,0,1,1,6,2,71,10,1598,2,1,8,1,8
2.02E+12,1,11,0,4,0,2,0,0,0,0,0,1,6,1,57,9,3900,2,12,10,1,10
2.02E+12,1,9,0,3,0,2,0,0,0,0,2,1,6,2,42,7,1598,1,4,9,1,9
2.02E+12,1,3,0,13,0,8,0,0,0,0,4,1,6,1,20,4,125,1,1,6,1,6
2.02E+12,2,9,0,9,0,5,0,0,0,0,3,1,6,1,42,7,1598,2,5,3,1,3
2.02E+12,1,19,0,9,0,5,0,0,0,0,3,1,6,1,28,6,2402,2,10,2,1,2
2.02E+12,2,4,0,18,0,1,1,0,0,0,1,1,2,1,25,5,749,1,19,8,1,8
2.02E+12,1,9,0,18,9,1,0,0,7,10,1,1,6,2,48,8,1598,1,16,3,1,3
2.02E+12,2,9,0,18,0,2,0,0,0,0,1,1,6,1,35,6,2460,2,9,4,1,4
2.02E+12,1,3,0,15,0,1,1,0,0,0,1,1,6,1,49,8,125,1,10,8,1,8
2.02E+12,1,3,0,18,0,1,0,0,0,0,1,1,1,1,26,6,125,1,4,1,1,1
2.02E+12,2,9,0,9,0,1,0,0,0,0,1,1,6,2,86,11,1198,1,3,4,1,4
2.02E+12,1,9,0,9,0,6,0,0,0,0,1,1,6,1,35,6,1896,2,11,6,1,6
2.02E+12,1,3,0,18,0,1,0,0,0,0,1,1,2,1,36,7,125,1,1,7,1,7
2.02E+12,2,8,0,18,0,1,0,0,0,0,1,1,1,1,40,7,1968,2,4,6,1,6
2.02E+12,4,9,0,18,0,1,0,0,0,0,0,1,1,1,45,7,2993,2,1,4,1,4
2.02E+12,1,8,0,18,0,1,0,4,0,0,4,1,1,1,59,9,1797,8,7,2,1,2
2.02E+12,1,8,0,7,0,4,0,0,0,0,3,1,1,1,31,6,1791,8,5,6,1,6
2.02E+12,2,9,0,18,0,4,0,0,0,0,1,1,6,1,31,6,2143,2,2,1,1,1
2.02E+12,1,9,0,4,0,1,0,0,0,0,2,1,6,1,22,5,1197,1,7,5,1,5
2.02E+12,2,19,0,9,0,1,0,0,0,0,1,1,1,1,31,6,1995,2,8,2,1,2
2.02E+12,1,9,0,9,0,1,0,0,0,0,1,1,6,1,46,8,2698,2,10,2,1,2
2.02E+12,2,9,0,5,0,1,0,0,0,0,3,1,6,2,33,6,1364,1,8,5,1,5
2.02E+12,1,11,0,18,0,1,1,0,0,0,1,1,1,1,36,7,7300,2,13,2,1,2
2.02E+12,1,19,0,18,0,8,0,0,0,0,1,1,1,1,39,7,1968,2,7,2,1,2
2.02E+12,1,9,0,3,0,1,0,0,0,0,2,1,6,1,31,6,1397,1,16,3,1,3
2.02E+12,2,9,0,18,0,1,0,0,0,0,1,1,6,1,19,4,1390,1,10,9,1,9
2.02E+12,2,5,0,15,4,8,5,0,1,0,0,1,6,1,43,7,942,1,9,8,1,8
2.02E+12,1,9,0,18,0,2,0,0,0,0,2,1,1,1,32,6,1956,2,4,7,1,7
2.02E+12,1,11,0,16,0,4,0,0,0,0,0,1,1,1,53,8,6692,2,6,1,1,1
2.02E+12,1,3,0,18,0,8,0,0,0,0,2,1,6,2,50,8,124,1,2,10,1,10
2.02E+12,1,9,0,1,0,1,0,0,0,0,2,1,6,2,33,6,1360,1,12,5,1,5
2.02E+12,1,9,0,9,7,5,0,0,0,0,3,1,6,1,40,7,1799,1,8,8,2,8
2.02E+12,2,4,0,13,0,5,0,0,0,0,3,1,6,1,50,8,599,1,18,8,1,8
2.02E+12,1,9,0,9,0,6,0,0,0,0,1,1,6,2,32,6,1348,1,16,8,1,8
2.02E+12,2,9,0,18,0,1,0,0,0,0,1,1,1,2,30,6,1997,2,2,4,1,4
2.02E+12,1,9,0,8,0,6,0,0,0,0,1,1,6,1,56,9,1398,1,13,2,1,2
2.02E+12,1,9,0,18,0,1,0,0,0,0,1,1,2,1,30,6,1798,8,3,1,1,1
2.02E+12,2,9,0,18,0,2,1,0,0,0,1,1,6,1,28,6,1839,1,19,5,1,5
2.02E+12,1,19,0,18,0,1,0,0,0,0,1,1,1,1,32,6,1968,2,2,5,1,5
2.02E+12,2,9,0,7,0,5,0,0,0,0,2,1,6,1,24,5,1997,2,9,3,1,3
2.02E+12,1,9,0,18,0,4,5,0,0,0,1,1,6,1,87,11,1968,2,2,9,1,9
2.02E+12,2,9,0,18,0,4,0,0,0,0,1,2,1,1,57,9,998,1,2,8,1,8
2.02E+12,1,8,0,1,2,2,0,0,0,0,0,1,1,1,26,6,2499,2,9,4,2,4
2.02E+12,1,9,0,9,0,5,0,0,0,0,1,1,6,2,40,7,1299,1,16,2,1,2
2.02E+12,2,9,0,5,0,2,0,0,0,0,4,1,6,2,57,9,1798,8,5,4,1,4
2.02E+12,2,9,0,16,0,2,0,0,0,0,1,1,6,1,23,5,1398,1,6,3,1,3
2.02E+12,1,9,0,5,0,8,0,0,0,0,1,1,2,1,39,7,2996,1,1,8,1,8
2.02E+12,1,3,0,6,0,1,5,0,0,0,3,1,6,1,27,6,125,1,1,2,1,2
2.02E+12,1,3,0,18,0,1,0,10,0,0,2,1,6,1,17,4,125,1,3,3,1,3
2.02E+12,2,9,4,8,0,6,0,0,0,0,3,1,1,1,30,6,2993,2,8,3,1,3
2.02E+12,1,11,0,4,0,1,0,0,0,0,1,1,1,1,44,7,4500,2,3,2,1,2
2.02E+12,1,19,0,5,5,1,0,0,0,0,1,1,1,1,25,5,1598,2,2,8,1,8
2.02E+12,1,9,0,18,0,8,0,0,0,0,1,1,6,2,54,8,1229,1,4,3,1,3
2.02E+12,1,3,0,15,0,1,1,0,0,0,1,1,6,1,21,5,124,1,3,2,1,2
2.02E+12,1,8,0,6,0,1,0,0,0,0,1,1,1,1,43,7,1797,8,7,6,1,6
2.02E+12,1,11,0,5,0,2,0,0,0,0,4,1,1,1,30,6,5132,2,2,6,1,6
2.02E+12,1,3,0,4,0,8,1,0,0,0,0,1,1,1,17,4,108,1,5,3,1,3
2.02E+12,1,8,0,7,0,1,0,0,0,0,2,1,1,1,43,7,1798,8,2,9,1,9
2.02E+12,1,11,0,4,0,1,0,0,0,0,0,1,1,1,50,8,6700,2,6,6,1,6
2.02E+12,1,9,0,14,0,1,1,0,0,0,1,1,6,1,46,8,1596,1,12,3,1,3
2.02E+12,2,9,0,9,0,6,0,0,0,0,4,1,6,1,30,6,1598,1,11,7,1,7
2.02E+12,1,5,0,7,0,8,0,0,0,0,1,1,6,1,29,6,998,1,18,4,1,4
2.02E+12,1,11,0,15,2,2,0,0,0,0,1,1,1,1,42,7,4500,2,3,4,1,4
2.02E+12,2,20,4,18,0,2,0,0,0,0,2,1,1,1,62,9,12902,2,4,3,1,3
2.02E+12,1,9,0,18,0,1,0,0,1,0,4,1,6,1,29,6,1397,1,5,4,1,4