Accident_Index,Vehicle_Reference,Vehicle_Type,Towing_and_Articulation,Vehicle_Manoeuvre,Vehicle_Location-Restricted_Lane,Junction_Location,Skidding_and_Overturning,Hit_Object_in_Carriageway,Vehicle_Leaving_Carriageway,Hit_Object_off_Carriageway,1st_Point_of_Impact,Was_Vehicle_Left_Hand_Drive?,Journey_Purpose_of_Driver,Sex_of_Driver,Age_of_Driver,Age_Band_of_Driver,Engine_Capacity_(CC),Propulsion_Code,Age_of_Vehicle,Driver_IMD_Decile,Driver_Home_Area_Type,Vehicle_IMD_Decile
2.02E+12,1,9,0,18,0,8,0,0,0,0,1,1,6,1,49,8,2000,2,6,3,1,3
2.02E+12,2,9,0,9,0,8,0,0,0,0,4,1,6,1,44,7,1781,1,14,2,1,2
2.02E+12,1,3,0,4,0,1,0,0,0,0,1,1,2,1,50,8,125,1,3,8,1,8
2.02E+12,1,9,0,18,0,1,0,0,0,0,3,1,6,1,45,7,1390,1,11,6,1,6
2.02E+12,2,9,0,9,0,1,0,0,0,0,1,1,6,1,39,7,1997,2,7,1,1,1
2.02E+12,1,9,0,3,0,1,0,0,0,0,2,1,6,2,45,7,1997,2,8,10,1,10
2.02E+12,2,9,0,18,0,1,0,0,0,0,1,1,6,2,55,8,1896,2,9,4,1,4
2.02E+12,1,9,0,4,0,2,0,0,0,0,1,1,3,2,33,6,1339,8,9,8,1,8
2.02E+12,1,5,0,18,0,3,5,10,0,0,3,1,2,1,35,6,1170,1,2,7,2,7
2.02E+12,2,9,0,5,0,8,0,0,0,0,4,1,6,1,24,5,1598,1,10,2,1,2
2.02E+12,1,9,0,3,0,1,0,0,0,0,2,1,3,2,55,8,1596,1,12,1,1,1
2.02E+12,1,9,0,9,0,2,0,0,0,0,4,1,6,1,30,6,1968,2,4,1,1,1
2.02E+12,1,9,0,5,0,8,0,0,0,0,1,1,6,2,81,11,1339,1,9,3,1,3
2.02E+12,2,9,0,18,0,1,0,0,0,0,2,2,6,2,44,7,1360,1,12,6,1,6
2.02E+12,1,9,0,18,0,5,0,0,0,0,2,1,6,2,27,6,1598,1,12,4,1,4
2.02E+12,1,4,0,18,2,1,1,0,0,0,1,1,6,1,32,6,125,1,4,6,1,6
2.02E+12,2,8,0,9,0,1,0,0,0,0,1,1,1,1,54,8,1896,2,9,6,1,6
2.02E+12,1,8,0,18,0,1,0,0,0,0,3,1,1,1,50,8,1339,8,7,2,1,2
2.02E+12,1,9,0,9,0,5,0,0,1,10,4,1,6,1,66,10,1461,2,10,5,1,5
2.02E+12,1,9,0,17,0,1,0,0,0,0,1,1,6,1,62,9,1299,1,14,6,1,6
2.02E+12,1,3,0,5,0,2,0,0,0,0,1,1,2,1,30,6,125,1,2,4,1,4
2.02E+12,1,9,0,9,0,1,0,0,0,0,1,1,2,2,36,7,1242,1,2,5,1,5
2.02E+12,2,3,0,18,0,8,0,0,0,0,1,1,6,1,26,6,125,1,2,5,1,5
2.02E+12,1,8,0,18,0,1,0,0,0,0,1,1,1,1,46,8,2148,2,6,6,1,6
2.02E+12,1,9,0,7,0,6,0,0,0,0,1,1,6,1,39,7,2319,1,16,4,1,4
2.02E+12,2,9,0,18,0,1,0,0,0,0,2,1,6,2,35,6,998,1,7,6,1,6
2.02E+12,1,9,0,18,0,8,1,7,1,2,2,1,2,1,40,7,1968,2,4,2,1,2
2.02E+12,1,9,0,5,0,1,0,0,0,0,4,1,2,1,33,6,3999,1,4,8,1,8
2.02E+12,1,9,0,4,0,1,0,0,0,0,1,1,6,2,18,4,1461,2,3,6,2,6
2.02E+12,2,9,0,15,0,1,0,0,0,0,1,1,6,1,64,9,1689,2,15,9,1,9
2.02E+12,1,9,0,9,0,4,0,0,0,0,4,1,3,2,43,7,1796,1,10,3,1,3
2.02E+12,2,8,0,5,0,4,0,0,0,0,1,1,1,1,54,8,1910,2,7,2,1,2
2.02E+12,1,9,0,5,0,2,0,0,0,0,3,1,2,1,58,9,1560,2,9,4,1,4
2.02E+12,1,9,0,18,0,2,0,0,0,0,3,1,2,2,42,7,1598,1,7,4,1,4
2.02E+12,1,9,0,4,6,1,0,0,0,0,3,1,6,1,35,6,1686,2,6,6,1,6
2.02E+12,1,19,0,9,0,8,0,0,0,0,1,1,1,1,61,9,2148,2,7,2,1,2
2.02E+12,1,9,0,18,0,1,0,0,0,0,3,1,6,2,61,9,1242,1,15,3,1,3
2.02E+12,2,19,0,1,0,8,0,0,0,0,4,1,1,1,62,9,1560,2,6,5,1,5
2.02E+12,1,9,0,18,0,6,0,0,0,0,1,1,6,2,24,5,1984,1,9,3,1,3
2.02E+12,2,9,0,3,0,1,0,0,0,0,2,1,2,2,48,8,1598,1,6,3,1,3
2.02E+12,1,9,0,9,0,1,0,0,0,0,3,1,6,2,48,8,1600,1,18,7,1,7
2.02E+12,2,4,0,18,0,1,0,0,0,0,4,1,1,1,43,7,125,1,2,3,1,3
2.02E+12,1,9,0,5,0,7,0,0,0,0,1,1,6,2,41,7,1598,1,6,6,1,6
2.02E+12,1,9,0,9,0,8,0,0,0,0,4,1,2,1,26,6,2143,2,1,7,3,7
2.02E+12,1,9,0,5,0,1,0,0,0,0,1,1,3,2,39,7,1461,2,3,6,1,6
2.02E+12,2,9,0,7,0,8,0,0,0,0,1,1,6,2,58,9,2143,2,8,7,1,7
2.02E+12,1,8,0,9,0,5,0,0,0,0,1,1,1,1,42,7,1797,8,4,1,1,1
2.02E+12,1,9,0,4,0,1,0,0,0,0,1,1,6,2,75,10,1896,2,15,10,1,10
2.02E+12,2,19,0,4,0,1,0,0,0,0,2,1,1,1,36,7,2488,2,12,5,1,5
2.02E+12,1,9,0,5,0,6,0,0,0,0,2,1,6,1,59,9,1598,1,14,3,1,3
2.02E+12,2,5,0,18,0,2,0,0,0,0,1,1,6,1,39,7,636,1,13,8,1,8
2.02E+12,2,9,0,9,0,1,1,0,0,0,1,1,6,1,42,7,1598,2,3,8,1,8
2.02E+12,1,19,0,3,0,1,0,0,0,0,2,1,2,1,45,7,2402,2,11,10,1,10
2.02E+12,2,4,0,13,0,1,0,0,0,0,1,1,6,1,49,8,1199,1,15,7,1,7
2.02E+12,3,9,0,3,0,1,0,0,0,0,2,1,2,1,33,6,2148,2,10,8,1,8
2.02E+12,1,9,0,18,0,1,0,0,0,0,1,1,1,1,48,8,2143,2,1,3,1,3
2.02E+12,1,5,0,13,0,1,0,0,0,0,4,1,6,1,47,8,599,1,8,2,2,2
2.02E+12,1,11,0,9,0,6,0,0,0,0,0,1,1,1,30,6,4500,2,10,2,1,2
2.02E+12,1,19,0,9,0,1,0,0,0,0,1,1,2,1,35,6,1995,2,8,8,1,8
2.02E+12,1,9,0,15,0,8,1,0,0,0,1,1,6,1,28,6,1229,1,10,9,1,9
2.02E+12,2,9,0,9,0,8,0,0,0,0,2,1,6,2,34,6,1360,1,7,7,1,7
2.02E+12,1,9,0,7,0,1,0,0,0,0,4,1,6,1,46,8,4395,1,1,6,1,6
2.02E+12,1,9,0,18,0,2,0,0,0,0,3,1,6,2,63,9,1995,2,8,8,1,8
2.02E+12,1,9,0,18,0,1,0,0,0,0,4,1,6,1,25,5,1997,2,7,2,1,2
2.02E+12,1,9,0,9,0,5,0,0,0,0,1,1,6,2,55,8,1461,2,13,4,1,4
2.02E+12,2,3,0,16,0,8,1,0,0,0,1,1,1,1,20,4,108,1,5,6,1,6
2.02E+12,1,9,0,18,0,1,1,0,0,0,1,1,6,1,35,6,1800,1,17,4,1,4
2.02E+12,1,4,0,18,0,2,0,0,0,0,1,1,6,1,41,7,471,1,2,3,1,3
2.02E+12,1,9,0,5,0,8,0,0,0,0,1,1,6,1,42,7,1560,2,9,3,1,3
2.02E+12,2,9,0,4,0,8,0,0,0,0,2,1,1,2,24,5,998,1,1,2,1,2
2.02E+12,2,9,0,3,0,1,0,0,0,0,2,2,6,2,31,6,1900,2,12,8,1,8
2.02E+12,1,8,0,9,0,5,0,0,0,0,2,1,1,1,49,8,1598,1,8,4,1,4
2.02E+12,1,5,0,17,0,6,0,0,0,0,3,1,6,1,50,8,998,1,8,4,1,4
2.02E+12,2,9,0,9,0,6,0,0,0,0,0,1,3,2,41,7,1560,2,4,9,1,9
2.02E+12,1,9,0,9,0,1,0,0,0,0,4,1,6,1,19,4,1395,1,3,3,1,3
2.02E+12,1,9,0,18,0,1,0,0,0,0,1,1,1,2,28,6,1598,1,12,3,1,3
2.02E+12,1,9,0,18,0,1,5,0,2,4,1,1,3,2,28,6,1299,1,14,5,1,5
2.02E+12,2,9,0,5,0,6,0,0,0,0,1,1,3,2,35,6,1794,1,11,5,1,5
2.02E+12,1,19,0,18,0,2,0,0,0,0,4,1,1,1,43,7,1598,2,6,2,1,2
2.02E+12,2,4,0,18,0,2,0,0,0,0,3,1,2,1,22,5,124,1,1,4,1,4
2.02E+12,1,9,0,9,0,1,0,0,0,0,1,1,6,2,26,6,1995,2,12,2,1,2
2.02E+12,2,2,0,18,0,1,0,0,0,0,4,1,2,1,25,5,125,1,4,2,1,2
2.02E+12,1,19,0,1,0,8,0,0,0,0,2,1,1,1,29,6,2143,2,3,2,1,2
2.02E+12,1,9,0,9,0,5,0,0,0,0,3,1,6,1,29,6,1686,2,10,9,1,9
2.02E+12,2,3,0,13,0,1,0,0,0,0,1,1,6,1,18,4,125,1,10,5,1,5
2.02E+12,1,9,0,5,0,6,0,0,0,0,3,1,6,1,22,5,1600,2,7,5,1,5
2.02E+12,1,11,0,5,8,1,0,0,0,0,0,1,6,1,54,8,9000,2,8,2,1,2
2.02E+12,2,9,0,10,0,6,0,10,0,0,3,1,1,1,56,9,1598,1,13,4,1,4
2.02E+12,1,19,0,9,0,1,0,0,7,0,1,1,6,1,37,7,1968,2,2,6,1,6
2.02E+12,1,8,0,5,5,1,0,0,0,0,2,1,1,1,42,7,1997,2,7,4,1,4
2.02E+12,1,9,0,8,0,6,0,0,0,0,2,1,6,1,83,11,1595,1,17,3,1,3
2.02E+12,1,9,0,9,0,5,0,0,0,0,4,1,2,1,52,8,2496,1,12,6,1,6
2.02E+12,1,11,0,11,2,1,0,0,0,0,0,1,1,1,35,6,4500,2,2,1,1,1
2.02E+12,1,11,0,5,2,1,0,0,0,0,0,1,1,1,59,9,4500,2,2,3,1,3
2.02E+12,2,9,0,4,0,8,0,0,0,0,1,1,6,2,49,8,996,1,8,4,2,4
2.02E+12,1,9,0,18,0,1,0,0,0,0,1,1,2,1,47,8,1298,1,14,6,1,6
2.02E+12,1,9,0,9,0,8,0,0,0,0,3,1,6,2,39,7,1590,1,12,2,1,2
2.02E+12,2,9,0,5,0,8,0,0,0,0,1,1,6,1,44,7,3999,1,4,4,1,4
2.02E+12,1,9,0,9,0,5,0,0,0,0,1,1,2,1,58,9,1995,2,4,7,1,7
2.02E+12,2,4,0,18,0,2,0,0,0,0,3,1,6,1,62,9,385,1,18,4,1,4
2.02E+12,1,9,0,18,0,4,0,0,0,0,1,1,3,2,48,8,1995,2,5,6,1,6
2.02E+12,1,9,0,18,0,2,0,0,0,0,1,1,6,2,35,6,1499,1,1,6,1,6
2.02E+12,2,9,0,18,0,2,0,0,0,0,2,1,6,1,29,6,2143,2,1,2,1,2
2.02E+12,1,9,0,8,0,4,0,0,0,0,3,1,6,1,53,8,1686,2,4,2,1,2
2.02E+12,2,9,0,18,0,6,0,0,0,0,4,1,6,2,39,7,1198,1,4,8,1,8
2.02E+12,1,3,0,18,0,1,0,0,0,0,1,1,2,1,29,6,125,1,8,4,1,4
2.02E+12,2,9,0,9,0,1,0,0,0,0,1,1,6,1,71,10,1242,1,3,4,1,4
2.02E+12,1,8,0,5,0,4,0,0,0,0,1,1,1,1,28,6,2143,2,4,9,1,9
2.02E+12,2,9,0,9,0,6,0,0,0,0,1,1,6,1,50,8,1339,8,5,1,1,1
2.02E+12,1,19,0,3,0,1,0,0,0,0,4,1,2,1,57,9,1868,2,12,1,1,1
2.02E+12,2,8,0,7,0,8,0,0,0,0,4,1,1,1,38,7,2143,2,2,3,1,3
2.02E+12,1,11,0,5,0,1,0,0,0,0,0,1,1,1,56,9,5132,2,1,6,1,6
2.02E+12,1,9,0,7,0,1,0,0,0,0,3,1,6,2,60,9,2597,1,15,1,1,1
2.02E+12,2,2,0,13,0,1,5,0,0,0,4,1,1,1,22,5,49,1,7,3,1,3
2.02E+12,1,9,0,18,0,4,0,0,0,0,1,1,6,1,62,9,1598,1,9,4,1,4
2.02E+12,1,9,0,18,0,1,0,0,0,0,1,1,6,1,20,4,1229,1,4,10,1,10
2.02E+12,1,9,0,4,0,6,0,0,0,0,2,1,6,1,22,5,1229,1,10,2,1,2
2.02E+12,2,9,0,4,0,6,0,0,0,0,1,1,6,1,24,5,1598,1,10,4,1,4
2.02E+12,1,9,0,18,0,4,5,10,1,10,0,1,6,1,54,8,1896,2,11,5,1,5
2.02E+12,1,2,0,5,0,1,0,0,0,0,1,1,6,1,18,4,49,1,13,2,1,2
2.02E+12,2,9,0,9,0,5,0,0,0,0,3,1,3,2,48,8,1598,1,9,6,1,6
2.02E+12,1,9,0,9,0,5,0,0,0,0,1,1,6,1,74,10,2179,2,4,5,1,5
2.02E+12,2,9,0,18,0,8,0,0,0,0,4,1,6,2,25,5,1242,1,3,3,1,3
2.02E+12,1,9,0,8,0,1,0,0,1,0,0,1,6,1,30,6,1968,2,6,3,1,3
2.02E+12,2,9,0,3,9,1,0,0,0,0,1,2,6,1,21,5,1686,2,4,10,3,10
2.02E+12,3,8,0,18,0,4,0,0,0,0,2,2,1,1,47,8,2499,2,9,10,1,10
2.02E+12,1,9,0,5,0,8,0,0,0,0,1,1,6,1,36,7,3197,1,9,2,1,2
2.02E+12,1,9,0,5,0,8,0,0,0,0,1,1,6,2,26,6,1598,1,12,2,1,2
2.02E+12,1,3,0,18,0,1,0,0,1,0,0,1,6,1,35,6,124,1,4,2,1,2
2.02E+12,1,9,0,4,0,1,0,0,0,0,1,1,6,1,61,9,1896,2,12,5,1,5
2.02E+12,1,9,0,17,0,8,1,4,0,0,1,1,6,1,23,5,998,1,10,3,1,3
2.02E+12,2,19,0,7,0,1,0,0,0,0,2,1,1,1,29,6,2198,2,10,5,2,5
2.02E+12,1,2,0,15,0,1,1,0,0,0,1,1,6,1,19,4,49,1,10,5,1,5
2.02E+12,2,11,0,9,0,1,0,0,0,0,1,1,1,1,40,7,4500,2,8,5,1,5
2.02E+12,1,3,0,18,0,8,1,0,0,0,0,1,1,1,28,6,108,1,1,6,1,6
2.02E+12,1,9,0,18,0,8,0,0,0,0,1,1,6,1,28,6,799,2,7,5,1,5
2.02E+12,2,9,0,9,0,1,0,0,0,0,1,1,6,2,28,6,1242,1,2,7,1,7
2.02E+12,1,9,0,18,0,1,0,0,0,0,1,1,1,2,56,9,1598,2,1,4,1,4
2.02E+12,1,9,0,18,0,1,0,0,0,0,1,1,2,2,40,7,1461,2,3,1,1,1
2.02E+12,2,3,5,18,0,6,0,0,0,0,1,1,2,1,23,5,125,1,4,2,1,2
2.02E+12,2,9,0,9,0,6,0,0,0,0,1,1,6,2,34,6,2993,2,4,6,1,6
2.02E+12,1,9,0,1,0,2,0,0,0,0,3,1,6,1,38,7,2987,2,3,7,1,7
2.02E+12,1,2,0,18,0,1,1,0,0,0,1,1,6,1,22,5,125,1,4,3,1,3
2.02E+12,2,9,0,9,0,1,0,0,0,0,1,1,2,1,47,8,3248,1,16,7,1,7
2.02E+12,1,5,0,18,0,1,5,0,0,0,1,1,2,1,44,7,670,1,5,2,1,2
2.02E+12,1,9,0,9,0,3,0,0,2,10,1,1,6,2,26,6,1248,2,10,3,1,3
2.02E+12,1,9,0,9,0,1,0,0,0,0,1,1,6,2,58,9,1198,1,2,2,1,2
2.02E+12,1,3,0,18,0,1,0,0,0,0,3,1,6,1,17,4,100,1,12,2,1,2
2.02E+12,2,9,0,18,0,1,0,0,0,0,4,1,6,1,42,7,1984,1,7,8,1,8
2.02E+12,1,9,0,14,0,8,0,0,0,0,1,1,6,1,52,8,1998,1,17,3,1,3
2.02E+12,2,3,0,18,0,8,2,0,0,0,4,1,6,1,31,6,125,1,1,1,1,1
2.02E+12,1,19,0,18,0,1,0,0,0,0,1,1,1,1,23,5,2143,2,2,7,1,7
2.02E+12,2,9,0,18,0,8,1,7,2,7,2,1,6,1,62,9,1587,1,12,2,1,2
2.02E+12,2,9,0,10,0,1,0,0,0,0,1,1,6,2,40,7,1995,2,4,10,1,10
2.02E+12,1,9,0,9,0,6,1,0,0,0,3,1,2,2,25,5,1360,1,12,4,1,4
2.02E+12,2,5,0,18,0,1,2,0,0,0,1,1,2,1,48,8,1293,1,6,10,1,10
2.02E+12,1,19,0,18,0,1,0,0,0,0,4,1,1,1,35,6,2143,2,2,3,1,3
2.02E+12,1,9,0,5,0,1,0,0,0,0,1,1,6,2,39,7,998,1,1,7,1,7
2.02E+12,1,9,0,1,0,2,0,0,0,0,2,1,6,1,48,8,2179,2,11,7,1,7
2.02E+12,1,5,0,18,0,8,2,0,0,0,3,1,6,1,28,6,599,1,6,4,1,4
2.02E+12,2,9,0,18,0,8,0,0,0,0,3,1,6,2,33,6,1242,1,7,3,1,3
2.02E+12,1,9,0,18,0,1,0,0,0,0,1,1,6,1,93,11,1198,1,3,8,1,8
2.02E+12,2,2,0,4,0,1,0,0,0,0,1,1,1,1,30,6,108,1,2,8,1,8
2.02E+12,1,9,0,9,0,8,0,0,0,0,1,1,6,2,30,6,1598,2,4,8,1,8
2.02E+12,2,9,0,18,0,8,0,0,0,0,3,1,6,1,28,6,1229,1,4,6,1,6
2.02E+12,1,9,0,4,0,1,0,0,0,0,2,1,1,1,30,6,1998,1,11,2,1,2
2.02E+12,2,19,0,5,0,1,0,0,0,0,1,1,1,1,23,5,1461,2,2,2,1,2
2.02E+12,1,5,0,18,0,1,0,0,0,0,1,1,6,1,56,9,748,1,17,7,1,7
2.02E+12,2,9,0,18,0,1,0,0,0,0,2,1,6,1,31,6,1498,1,10,2,1,2
2.02E+12,1,9,0,7,0,5,0,0,0,0,4,1,6,2,19,4,1229,1,5,5,1,5
2.02E+12,1,9,0,9,0,8,0,0,0,0,3,1,6,2,27,6,1598,2,4,4,1,4
2.02E+12,1,4,0,4,0,2,0,0,0,0,1,1,6,1,27,6,745,1,10,4,1,4
2.02E+12,2,9,0,5,0,1,0,0,0,0,1,1,6,1,25,5,1794,1,10,2,1,2
2.02E+12,1,9,0,18,0,8,0,0,0,0,4,1,6,1,22,5,1198,1,10,9,1,9
2.02E+12,1,9,0,5,0,6,0,0,0,0,4,1,6,1,24,5,1598,1,5,5,1,5
2.02E+12,1,9,0,18,0,8,0,0,0,0,1,1,6,2,25,5,1598,1,4,1,1,1
2.02E+12,1,9,0,5,0,4,0,0,0,0,1,1,6,1,39,7,1968,2,6,7,1,7
2.02E+12,2,9,0,18,0,3,0,0,0,0,1,1,6,1,25,5,1598,1,11,9,1,9
2.02E+12,1,9,0,18,0,1,0,0,0,0,2,1,6,1,51,8,1796,1,14,1,1,1
2.02E+12,2,9,0,3,0,1,0,0,0,0,2,1,6,1,28,6,1229,1,11,1,1,1
2.02E+12,3,9,0,18,0,1,0,0,0,0,1,1,6,1,35,6,1995,2,10,7,1,7
2.02E+12,1,9,0,18,6,8,0,0,4,1,1,1,6,2,18,4,1198,1,12,9,1,9
2.02E+12,2,9,0,18,6,8,0,0,4,1,1,1,6,2,22,5,1490,1,10,7,1,7
2.02E+12,1,9,0,18,0,8,0,0,0,0,4,1,6,2,48,8,1796,1,9,9,1,9
2.02E+12,2,9,0,18,0,8,0,0,0,0,3,1,6,1,33,6,1596,1,12,3,1,3
2.02E+12,1,9,0,4,0,1,0,0,0,0,1,1,6,1,54,8,1998,1,15,3,1,3
2.02E+12,2,9,0,18,0,1,5,0,0,0,4,1,6,1,25,5,1499,1,2,6,1,6
2.02E+12,1,3,0,5,5,2,0,7,0,0,1,1,1,1,44,7,125,1,1,1,1,1
2.02E+12,1,9,0,18,0,8,0,0,0,0,1,1,6,1,70,10,1242,1,19,5,1,5
2.02E+12,2,9,0,9,0,8,0,0,0,0,1,1,6,1,37,7,2979,1,1,1,1,1
2.02E+12,1,9,0,5,0,1,0,0,0,0,4,1,6,1,43,7,1896,2,12,6,1,6
2.02E+12,2,11,0,5,0,1,0,0,0,0,0,1,1,1,59,9,9360,2,8,3,1,3
2.02E+12,3,3,0,13,0,1,1,0,0,0,1,1,6,1,17,4,125,1,2,5,1,5
2.02E+12,1,19,0,18,0,4,0,0,0,0,1,2,1,1,30,6,1995,2,7,4,1,4
2.02E+12,2,9,0,7,0,4,0,0,0,0,3,1,6,2,27,6,1596,1,9,2,1,2
2.02E+12,1,9,0,9,0,8,0,0,0,0,4,1,6,2,34,6,1794,1,11,3,1,3
2.02E+12,3,9,0,18,9,1,0,1,1,1,1,1,6,1,30,6,1360,1,16,3,1,3
2.02E+12,1,9,0,18,0,1,0,0,0,0,1,1,6,2,68,10,1686,2,13,4,1,4
2.02E+12,1,9,0,5,0,7,0,0,0,0,2,1,6,1,45,7,1390,1,6,3,1,3
2.02E+12,2,9,0,3,0,7,0,0,0,0,1,1,6,1,35,6,1397,1,9,5,1,5
2.02E+12,1,9,0,3,0,1,0,0,0,0,2,1,2,1,56,9,1461,2,1,8,1,8
2.02E+12,2,9,0,3,0,8,0,4,0,0,2,1,2,1,36,7,1896,2,14,2,1,2
2.02E+12,1,9,0,9,0,1,0,0,0,0,0,1,6,1,34,6,1797,8,6,3,1,3
2.02E+12,1,11,0,18,0,2,0,0,0,0,4,1,1,1,40,7,9360,2,6,10,1,10
2.02E+12,1,9,0,9,0,5,0,0,0,0,3,1,6,1,42,7,1390,1,16,2,1,2
2.02E+12,2,3,0,13,0,1,0,0,0,0,3,1,1,1,21,5,108,1,4,2,1,2
2.02E+12,1,3,0,3,0,2,0,0,0,0,4,1,1,1,28,6,124,1,5,4,1,4
2.02E+12,2,9,0,6,0,2,0,0,1,10,3,1,6,1,42,7,3724,1,14,4,1,4
2.02E+12,1,9,0,18,0,2,0,10,1,2,1,1,6,2,68,10,1998,1,16,9,1,9
2.02E+12,1,11,0,4,0,1,0,0,0,0,0,1,6,1,51,8,6700,2,7,3,1,3
2.02E+12,1,9,0,18,0,8,0,0,0,0,3,1,6,1,36,7,2143,2,6,3,1,3
2.02E+12,2,9,0,18,0,8,0,0,0,0,4,1,6,1,55,8,2362,1,13,3,1,3
2.02E+12,1,9,0,5,0,1,0,0,0,0,1,1,6,2,23,5,1596,1,13,8,1,8
2.02E+12,1,9,0,3,0,1,0,0,0,0,1,1,6,1,34,6,1364,2,8,2,1,2
2.02E+12,2,9,0,1,0,1,0,0,0,0,1,1,6,1,37,7,1995,2,1,10,2,10
2.02E+12,1,9,0,18,0,1,0,0,0,0,1,1,6,2,26,6,1587,1,12,2,1,2
2.02E+12,2,9,0,18,0,8,0,0,0,0,3,1,6,2,36,7,1598,1,11,3,1,3
2.02E+12,1,9,0,9,0,8,0,0,0,0,1,1,6,2,18,4,999,1,2,6,1,6
2.02E+12,2,3,0,18,0,8,0,0,0,0,3,1,1,1,20,4,125,1,1,3,1,3
2.02E+12,1,9,0,18,0,8,0,0,0,0,1,1,1,1,44,7,5998,1,5,6,1,6
2.02E+12,2,9,0,4,0,8,0,0,0,0,2,1,1,1,38,7,1798,8,4,5,1,5
2.02E+12,3,9,0,4,0,8,0,0,0,0,2,1,6,2,26,6,1968,2,12,2,1,2
2.02E+12,1,9,0,18,0,2,0,0,0,0,0,1,6,1,45,7,1998,2,10,5,1,5
2.02E+12,1,5,0,18,0,1,5,0,0,0,1,1,6,1,31,6,599,1,16,3,1,3
2.02E+12,2,9,0,4,0,1,0,0,0,0,2,1,6,1,54,8,1998,1,13,3,1,3
2.02E+12,1,9,0,18,0,8,0,0,0,0,1,1,6,2,37,7,1242,1,6,7,1,7
2.02E+12,2,9,0,6,0,8,0,0,0,0,1,1,6,1,22,5,2967,2,5,5,1,5
2.02E+12,1,9,0,9,0,8,0,0,0,0,1,1,6,1,28,6,1769,1,11,10,1,10
2.02E+12,2,3,0,13,0,8,0,0,0,0,1,1,6,1,39,7,125,1,3,1,1,1
2.02E+12,1,9,0,18,0,1,0,0,0,0,1,1,1,1,60,9,1995,2,1,2,1,2
2.02E+12,1,9,0,17,0,4,0,7,0,0,1,1,2,1,25,5,2979,1,4,8,1,8
2.02E+12,1,9,0,18,0,1,2,4,0,0,1,1,6,1,28,6,2996,1,7,5,1,5
2.02E+12,1,9,0,18,0,1,0,0,0,0,1,1,6,1,36,7,1493,2,15,5,1,5
2.02E+12,1,9,0,18,0,1,2,7,0,0,4,1,6,1,31,6,1240,1,9,5,1,5
2.02E+12,1,2,0,18,0,1,2,0,0,0,0,1,2,2,39,7,49,1,2,3,1,3
2.02E+12,1,9,0,18,0,1,0,0,0,0,3,1,6,1,52,8,1198,1,1,7,1,7
2.02E+12,2,9,0,9,0,8,0,0,0,0,3,1,6,1,52,8,1956,2,4,3,1,3
2.02E+12,1,9,0,3,0,1,0,0,0,0,2,1,6,1,27,6,1229,1,10,4,1,4
2.02E+12,2,9,0,5,0,1,0,0,0,0,1,1,6,2,42,7,1461,2,3,3,1,3
2.02E+12,3,9,0,3,0,4,0,0,0,0,2,1,6,2,33,6,1229,1,4,10,1,10
2.02E+12,1,19,0,15,0,5,0,0,0,0,3,1,1,1,53,8,2298,2,5,8,2,8
2.02E+12,2,5,0,18,0,5,0,0,0,0,1,1,2,1,42,7,659,1,13,3,1,3
2.02E+12,1,9,0,18,0,1,0,0,0,0,1,1,2,2,52,8,1870,2,7,9,1,9
2.02E+12,2,9,0,9,0,6,0,0,0,0,3,1,1,2,44,7,1368,1,4,10,1,10
2.02E+12,1,9,0,18,0,1,0,0,0,0,3,1,6,1,72,10,1997,2,13,8,1,8
2.02E+12,2,9,0,18,0,1,0,0,0,0,1,1,1,1,55,8,1968,2,1,6,1,6
2.02E+12,3,9,0,6,8,1,0,0,0,0,2,1,6,1,69,10,1968,2,11,4,1,4
2.02E+12,1,9,0,4,0,1,0,7,0,0,1,1,6,1,24,5,1984,1,6,4,1,4
2.02E+12,1,90,0,18,0,1,0,0,0,0,1,1,1,1,63,9,6370,2,5,5,1,5
2.02E+12,2,9,0,10,0,6,0,0,0,0,1,1,1,2,50,8,1197,1,1,2,1,2
2.02E+12,1,3,0,18,0,1,0,0,0,0,1,1,6,1,18,4,125,1,8,1,1,1
2.02E+12,2,9,0,10,0,5,0,0,0,0,2,1,6,1,58,9,2438,1,17,3,1,3
2.02E+12,1,11,0,4,2,2,0,0,0,0,0,1,1,1,56,9,4500,2,2,5,1,5
2.02E+12,1,9,0,18,0,2,0,0,0,0,3,1,6,1,32,6,1995,2,7,9,1,9
2.02E+12,1,5,0,18,0,1,0,0,0,0,1,1,2,1,30,6,599,1,11,3,1,3
2.02E+12,1,9,0,1,0,1,0,0,0,0,2,1,6,2,43,7,1796,1,9,3,1,3
2.02E+12,2,19,0,18,0,6,0,0,0,0,1,1,6,1,26,6,1560,2,5,2,1,2
2.02E+12,1,11,0,5,0,1,0,10,0,0,1,1,1,1,38,7,4461,2,4,8,1,8
2.02E+12,1,9,0,4,0,2,0,0,0,0,2,1,2,1,25,5,1198,1,7,1,1,1
2.02E+12,2,9,0,18,0,2,0,0,0,0,1,1,1,1,41,7,1968,2,3,8,1,8
2.02E+12,1,20,4,18,0,8,0,0,0,0,4,1,1,1,49,8,9200,2,9,4,1,4
2.02E+12,1,9,0,9,0,5,0,0,0,0,3,1,6,2,63,9,1242,1,7,5,3,5
2.02E+12,2,3,0,4,0,1,0,0,0,0,1,1,6,2,80,11,108,1,1,2,1,2
2.02E+12,1,9,0,3,0,8,0,0,0,0,2,1,6,1,32,6,1198,1,9,4,1,4
2.02E+12,1,11,0,5,2,1,0,0,0,0,0,1,1,1,67,10,6700,2,7,5,1,5