Accident_Index,Vehicle_Reference,Vehicle_Type,Towing_and_Articulation,Vehicle_Manoeuvre,Vehicle_Location-Restricted_Lane,Junction_Location,Skidding_and_Overturning,Hit_Object_in_Carriageway,Vehicle_Leaving_Carriageway,Hit_Object_off_Carriageway,1st_Point_of_Impact,Was_Vehicle_Left_Hand_Drive?,Journey_Purpose_of_Driver,Sex_of_Driver,Age_of_Driver,Age_Band_of_Driver,Engine_Capacity_(CC),Propulsion_Code,Age_of_Vehicle,Driver_IMD_Decile,Driver_Home_Area_Type,Vehicle_IMD_Decile
2.02E+12,1,11,0,7,0,3,0,0,0,0,4,1,1,1,56,9,4249,2,10,4,1,4
2.02E+12,1,8,0,5,0,1,0,0,0,0,3,1,6,1,52,8,1598,1,1,3,1,3
2.02E+12,2,9,0,4,0,1,0,0,0,0,2,1,1,1,53,8,1896,2,8,6,1,6
2.02E+12,1,3,0,18,0,2,1,0,0,0,1,1,2,1,55,8,125,1,2,8,1,8
2.02E+12,2,9,0,12,0,2,0,0,0,0,2,2,2,1,37,7,1796,1,13,6,1,6
2.02E+12,1,9,0,9,0,5,0,0,0,0,1,1,6,1,53,8,1968,2,5,3,1,3
2.02E+12,1,9,0,4,0,1,0,0,0,0,2,1,2,2,49,8,1560,2,7,9,3,9
2.02E+12,2,9,0,18,0,1,0,0,0,0,1,1,2,1,21,5,1560,2,3,2,1,2
2.02E+12,1,11,0,5,2,1,0,0,0,0,0,1,1,1,52,8,9000,2,9,3,1,3
2.02E+12,1,9,0,5,0,2,0,0,0,0,3,1,6,1,51,8,1598,1,13,3,1,3
2.02E+12,1,9,0,9,0,1,0,0,0,0,4,1,6,1,79,11,1390,1,8,3,1,3
2.02E+12,1,9,0,5,0,2,0,0,0,0,4,1,2,2,33,6,1499,1,2,6,1,6
2.02E+12,2,3,0,16,0,1,0,0,0,0,1,1,6,1,47,8,278,1,6,7,1,7
2.02E+12,1,9,0,18,0,5,0,0,0,0,3,1,6,1,50,8,1388,1,15,3,1,3
2.02E+12,2,9,0,7,0,5,0,0,0,0,4,1,6,2,52,8,1951,2,12,2,1,2
2.02E+12,1,9,0,18,9,1,0,0,7,4,1,1,6,1,57,9,1896,2,12,8,1,8
2.02E+12,1,9,0,9,0,1,0,0,0,0,4,1,1,2,50,8,1781,1,15,5,1,5
2.02E+12,1,8,0,9,0,8,0,0,0,0,1,1,1,1,40,7,1798,8,2,3,1,3
2.02E+12,2,9,0,9,0,8,0,0,0,0,3,1,3,1,45,7,2143,2,3,7,1,7
2.02E+12,1,9,0,9,0,5,0,0,0,0,4,1,6,2,35,6,1199,1,14,4,1,4
2.02E+12,2,9,0,18,0,1,0,0,0,0,1,1,6,1,43,7,2184,2,1,9,1,9
2.02E+12,1,8,0,18,0,8,0,0,0,0,1,1,1,1,73,10,2499,2,8,6,1,6
2.02E+12,1,9,0,5,0,1,0,0,0,0,1,1,1,1,22,5,1995,2,6,7,1,7
2.02E+12,2,9,0,3,0,1,0,0,0,0,2,1,6,2,62,9,1995,2,1,10,1,10
2.02E+12,1,9,0,3,0,6,0,0,0,0,2,1,6,1,26,6,1796,1,27,4,1,4
2.02E+12,2,19,0,7,0,6,0,0,0,0,1,1,1,1,22,5,2148,2,11,4,1,4
2.02E+12,1,9,0,18,0,1,0,0,0,0,1,1,1,1,46,8,1560,2,6,4,1,4
2.02E+12,1,9,0,17,0,2,0,4,6,0,1,1,6,2,32,6,1799,1,10,3,1,3
2.02E+12,2,9,0,3,0,1,0,0,0,0,1,1,2,2,56,9,1086,1,8,9,1,9
2.02E+12,1,11,0,18,2,1,0,0,0,0,0,1,1,1,35,6,9360,2,8,4,1,4
2.02E+12,1,9,0,18,0,1,0,0,0,0,3,1,6,2,53,8,1598,1,12,5,1,5
2.02E+12,1,9,0,18,0,2,0,0,0,0,1,1,6,2,46,8,1997,1,5,7,1,7
2.02E+12,1,9,0,14,0,2,0,4,0,0,4,1,6,1,64,9,1910,2,11,6,1,6
2.02E+12,1,9,0,18,0,6,0,0,2,1,2,1,6,1,21,5,1796,1,10,4,1,4
2.02E+12,1,9,0,9,0,2,0,0,0,0,4,2,2,1,31,6,2184,2,3,7,1,7
2.02E+12,1,11,0,4,2,1,0,0,0,0,0,1,1,1,28,6,4500,2,2,4,1,4
2.02E+12,1,11,0,18,0,8,0,0,0,0,1,1,2,1,26,6,4500,2,5,1,1,1
2.02E+12,1,9,0,9,0,6,0,0,0,0,3,1,6,2,46,8,2360,1,8,7,1,7
2.02E+12,2,5,0,14,0,8,0,0,0,0,1,1,6,1,26,6,689,1,2,2,1,2
2.02E+12,1,9,0,18,0,1,0,0,0,0,1,1,6,1,35,6,2148,2,13,2,1,2
2.02E+12,1,9,0,18,0,8,0,0,0,0,1,1,6,1,61,9,1796,1,13,4,1,4
2.02E+12,1,11,0,4,0,1,0,0,0,0,0,1,1,1,56,9,4500,2,2,3,1,3
2.02E+12,1,9,0,18,0,6,0,0,0,0,2,1,6,1,38,7,1997,2,8,2,1,2
2.02E+12,1,11,0,5,0,2,0,0,0,0,2,1,1,1,31,6,4760,2,4,1,1,1
2.02E+12,2,5,0,18,0,2,0,0,0,0,1,1,6,1,24,5,599,1,9,6,1,6
2.02E+12,3,9,0,9,0,2,0,0,0,0,4,2,6,2,51,8,1598,1,6,7,1,7
2.02E+12,1,3,0,7,0,5,2,0,0,0,0,1,2,1,19,4,108,1,1,7,1,7
2.02E+12,1,11,0,5,0,1,0,0,0,0,1,1,1,1,58,9,5132,2,1,5,1,5
2.02E+12,1,9,0,9,0,1,0,11,0,0,1,1,6,2,48,8,1796,1,11,3,1,3
2.02E+12,1,8,0,18,0,1,0,0,0,0,1,1,1,1,63,9,2987,2,2,5,1,5
2.02E+12,1,9,0,18,0,1,0,0,0,0,1,1,6,1,39,7,998,1,4,1,1,1
2.02E+12,1,3,0,15,0,8,0,0,0,0,4,1,6,1,19,4,125,1,4,5,1,5
2.02E+12,2,9,0,8,0,1,0,0,0,0,1,1,2,1,57,9,1798,8,2,6,1,6
2.02E+12,3,9,0,8,0,1,0,0,1,0,4,1,2,1,31,6,1798,8,3,2,1,2
2.02E+12,2,9,0,18,0,1,0,0,0,0,2,2,2,1,21,5,1229,1,13,10,1,10
2.02E+12,1,9,0,9,0,6,0,0,0,0,4,1,6,1,35,6,1781,1,14,7,1,7
2.02E+12,2,3,0,18,0,2,2,0,0,0,4,1,6,1,25,5,124,1,8,3,1,3
2.02E+12,1,9,0,18,0,4,0,0,7,1,4,1,6,1,32,6,1999,2,11,3,1,3
2.02E+12,1,8,0,18,0,2,0,0,0,0,4,1,1,1,47,8,2776,2,1,2,1,2
2.02E+12,1,9,0,18,0,6,0,0,0,0,2,1,6,2,32,6,2179,2,4,2,1,2
2.02E+12,2,9,0,18,0,6,0,0,0,0,1,1,2,1,22,5,1395,1,2,6,1,6
2.02E+12,1,9,0,18,0,8,0,0,0,0,4,1,2,1,55,8,1997,2,2,6,1,6
2.02E+12,2,9,0,7,0,8,0,0,0,0,1,1,2,2,47,8,1998,1,13,5,1,5
2.02E+12,1,9,0,3,0,2,0,0,0,0,2,1,6,2,20,4,1240,1,13,2,1,2
2.02E+12,1,9,0,5,0,4,0,0,0,0,1,1,2,2,31,6,2993,2,12,4,1,4
2.02E+12,1,9,0,4,0,1,0,0,0,0,2,1,6,2,41,7,1797,8,5,5,1,5
2.02E+12,2,5,0,4,0,1,1,0,0,0,1,1,2,1,32,6,1130,1,17,10,1,10
2.02E+12,1,9,0,9,0,5,0,0,0,0,1,1,6,2,45,7,1395,1,1,5,1,5
2.02E+12,2,3,0,18,0,8,0,0,0,0,3,1,6,2,25,5,124,1,2,6,1,6
2.02E+12,1,8,0,18,0,2,0,0,0,0,1,1,1,1,57,9,1797,8,7,2,1,2
2.02E+12,1,5,0,18,0,2,5,0,0,0,1,1,2,1,29,6,636,1,14,2,1,2
2.02E+12,1,5,0,18,0,8,0,0,0,0,1,1,2,1,58,9,885,1,18,6,1,6
2.02E+12,2,9,0,9,0,6,0,0,0,0,1,1,2,1,24,5,1598,2,7,4,1,4
2.02E+12,1,9,0,18,0,6,0,0,0,0,1,1,6,2,28,6,1995,2,12,6,1,6
2.02E+12,2,9,0,9,0,2,0,0,0,0,1,1,1,1,29,6,1299,1,19,6,1,6
2.02E+12,2,3,0,18,0,8,0,0,0,0,1,1,2,1,43,7,670,1,5,7,1,7
2.02E+12,1,9,0,18,0,8,0,0,0,0,1,1,6,2,32,6,1398,2,12,2,1,2
2.02E+12,2,9,0,6,0,6,0,0,0,0,3,1,6,1,56,9,1461,2,4,3,1,3
2.02E+12,1,9,0,18,0,4,0,0,0,0,1,1,6,2,42,7,1198,1,2,6,1,6
2.02E+12,1,9,0,4,0,1,0,0,0,0,2,1,1,1,26,6,999,1,1,6,1,6
2.02E+12,2,8,0,4,0,1,0,0,0,0,1,1,1,1,44,7,1896,2,9,4,1,4
2.02E+12,1,9,0,4,0,2,0,0,0,0,2,1,2,2,59,9,1296,1,9,3,1,3
2.02E+12,2,9,0,18,0,8,0,0,0,0,1,1,6,1,32,6,1995,2,7,3,1,3
2.02E+12,1,9,0,9,0,5,0,0,0,0,4,1,6,1,27,6,1398,1,10,1,1,1
2.02E+12,2,5,0,14,0,8,0,0,0,0,1,1,1,1,43,7,798,1,3,3,1,3
2.02E+12,3,8,0,18,0,1,0,0,0,0,1,1,1,1,51,8,1797,8,7,6,1,6
2.02E+12,1,9,0,12,0,1,0,0,0,0,2,1,6,1,20,4,1686,2,11,8,1,8
2.02E+12,2,9,0,3,0,1,0,0,0,0,2,1,6,1,51,8,1248,2,12,8,1,8
2.02E+12,3,9,0,3,0,1,0,0,0,0,2,1,6,2,20,4,1229,1,7,7,1,7
2.02E+12,4,19,0,3,0,1,0,0,0,0,2,1,2,1,49,8,2198,2,3,4,1,4
2.02E+12,1,9,0,5,0,2,0,0,0,0,1,1,6,1,59,9,1560,2,1,2,1,2
2.02E+12,1,9,0,18,0,8,0,0,0,0,1,1,6,1,17,4,1149,1,16,2,1,2
2.02E+12,1,9,0,5,0,3,0,0,0,0,1,1,6,2,44,7,1596,1,10,7,1,7
2.02E+12,2,3,0,5,0,4,0,0,0,0,1,1,6,1,39,7,125,1,4,7,1,7
2.02E+12,1,9,0,10,0,8,0,0,3,4,1,1,6,1,39,7,2993,2,4,2,1,2
2.02E+12,2,9,0,14,0,1,0,0,0,0,1,1,6,1,49,8,1753,2,13,7,1,7
2.02E+12,1,9,0,18,0,1,0,0,0,0,1,1,6,1,36,7,1796,1,15,10,1,10
2.02E+12,2,9,0,5,0,6,0,0,0,0,1,1,1,2,26,6,1388,1,12,3,1,3
2.02E+12,1,4,0,18,0,8,0,0,0,0,1,1,6,1,32,6,279,1,9,3,1,3
2.02E+12,1,19,0,18,0,1,0,7,0,0,4,1,1,1,37,7,2198,2,1,3,1,3
2.02E+12,2,9,0,7,0,6,0,7,1,10,1,1,6,2,66,10,2987,2,10,6,1,6
2.02E+12,1,9,0,8,0,1,0,0,0,0,1,1,1,1,35,6,2993,2,3,7,1,7
2.02E+12,1,19,0,18,0,2,0,0,0,0,1,1,2,1,27,6,2198,2,2,2,1,2
2.02E+12,1,11,0,18,2,1,0,0,0,0,3,1,1,1,37,7,9360,2,7,6,1,6
2.02E+12,2,9,0,9,0,1,0,0,0,0,1,1,6,2,18,4,1598,1,10,1,1,1
2.02E+12,1,9,0,10,0,1,0,0,0,0,3,1,2,1,40,7,1364,1,9,7,3,7
2.02E+12,2,9,0,15,0,1,0,0,0,0,1,1,6,2,58,9,1229,1,3,6,1,6
2.02E+12,1,11,0,18,0,4,0,0,0,0,0,1,1,2,48,8,9000,2,9,5,3,5
2.02E+12,1,9,0,18,0,2,0,0,0,0,1,1,6,2,25,5,1364,1,8,2,1,2
2.02E+12,1,9,0,18,9,2,0,0,7,0,4,1,1,1,18,4,1368,1,10,9,1,9
2.02E+12,1,9,0,9,0,1,0,10,7,0,2,1,6,1,28,6,2497,1,12,4,1,4
2.02E+12,1,9,0,18,0,1,0,0,0,0,1,2,6,2,20,4,998,1,2,5,3,5
2.02E+12,1,2,0,4,0,1,1,0,0,0,1,1,1,1,20,4,108,1,1,2,1,2
2.02E+12,2,9,0,4,0,1,0,0,0,0,2,1,6,1,37,7,1229,1,10,1,1,1
2.02E+12,1,9,0,18,0,4,0,0,0,0,1,1,6,1,44,7,1398,1,3,8,1,8
2.02E+12,1,9,0,18,0,8,0,0,0,0,1,1,2,1,63,9,1968,2,2,5,1,5
2.02E+12,1,9,0,15,0,8,0,0,0,0,1,1,6,1,75,10,1560,2,7,10,1,10
2.02E+12,2,3,0,18,0,6,0,0,0,0,3,1,6,1,21,5,124,1,7,1,1,1
2.02E+12,1,9,0,7,0,7,0,0,0,0,1,1,6,2,35,6,1242,1,11,5,1,5
2.02E+12,1,3,0,18,0,1,0,0,0,0,3,1,2,1,23,5,125,1,1,3,1,3
2.02E+12,2,9,0,7,0,1,0,0,0,0,4,1,6,1,51,8,1242,1,18,8,1,8
2.02E+12,1,9,0,9,0,5,0,0,0,0,1,1,2,1,28,6,1686,2,13,2,1,2
2.02E+12,2,3,0,18,0,6,0,0,0,0,3,1,6,1,28,6,125,1,5,1,1,1
2.02E+12,2,9,0,9,0,1,0,0,0,0,2,1,6,1,35,6,1968,2,8,2,1,2
2.02E+12,1,8,0,9,0,1,0,0,0,0,1,1,1,1,46,8,1798,8,4,3,1,3
2.02E+12,1,3,0,18,0,1,0,0,0,0,4,1,1,1,28,6,125,1,8,5,1,5
2.02E+12,1,9,0,18,0,2,1,0,0,0,1,1,2,1,58,9,1390,1,15,4,1,4
2.02E+12,1,3,0,18,0,8,0,0,0,0,1,1,6,1,29,6,1000,1,3,2,1,2
2.02E+12,2,9,0,9,0,8,0,0,0,0,1,1,6,1,34,6,1796,1,10,2,1,2
2.02E+12,1,9,0,18,0,1,0,11,0,0,1,1,1,1,31,6,1896,2,15,4,1,4
2.02E+12,1,9,0,18,0,2,0,0,0,0,1,1,2,1,23,5,1968,2,2,3,1,3
2.02E+12,1,9,0,4,0,1,0,0,0,0,1,1,6,1,48,8,1391,1,21,4,1,4
2.02E+12,2,9,0,4,0,1,0,0,0,0,2,1,6,1,59,9,1995,2,14,2,1,2
2.02E+12,1,8,0,3,0,2,0,0,0,0,2,1,1,1,49,8,1997,2,5,3,1,3
2.02E+12,2,9,0,18,0,2,0,0,0,0,2,1,6,2,29,6,2497,2,11,10,1,10
2.02E+12,3,9,0,18,0,2,0,0,0,0,1,1,6,1,36,7,1242,1,13,4,1,4
2.02E+12,4,9,0,18,0,2,0,0,0,0,1,1,6,1,46,8,1998,2,5,4,1,4
2.02E+12,1,11,0,5,0,1,0,0,0,0,0,1,1,1,58,9,4500,2,2,3,1,3
2.02E+12,1,9,0,5,0,2,0,0,0,0,1,1,6,1,42,7,2099,1,14,5,1,5
2.02E+12,2,4,0,7,0,2,0,0,0,0,4,1,6,1,50,8,125,1,9,2,1,2
2.02E+12,1,19,0,3,0,1,0,0,0,0,2,1,6,1,52,8,1998,2,13,6,1,6
2.02E+12,1,9,0,7,0,2,0,0,0,0,1,1,6,1,22,5,1395,1,2,3,1,3
2.02E+12,1,3,0,18,0,2,0,0,0,0,1,1,1,1,20,4,125,1,3,1,1,1
2.02E+12,1,3,0,18,0,1,1,0,0,0,0,1,1,1,40,7,125,1,6,4,1,4
2.02E+12,2,9,0,9,0,8,0,0,0,0,0,1,6,1,58,9,1689,2,13,2,1,2
2.02E+12,1,9,0,9,0,5,0,0,0,0,1,1,6,2,31,6,1586,1,1,6,1,6
2.02E+12,2,5,0,9,0,5,0,0,0,0,3,1,6,1,26,6,599,1,11,4,1,4
2.02E+12,1,9,0,10,0,1,0,0,0,0,2,1,6,2,52,8,1896,2,15,8,1,8
2.02E+12,2,9,0,18,0,1,0,0,0,0,1,1,6,1,43,7,1686,2,14,3,1,3
2.02E+12,1,8,0,18,0,1,0,0,0,0,1,1,1,1,42,7,1968,2,4,2,1,2
2.02E+12,1,9,0,7,0,1,0,0,0,0,4,1,2,2,24,5,1598,1,3,3,1,3
2.02E+12,2,5,0,18,0,1,0,0,0,0,1,1,1,1,18,4,998,1,18,1,1,1
2.02E+12,1,9,0,3,0,1,0,0,0,0,1,1,6,2,59,9,1364,1,10,3,1,3
2.02E+12,1,9,0,5,0,1,0,0,0,0,1,1,6,2,35,6,1229,1,7,3,1,3
2.02E+12,1,9,0,5,0,3,0,0,0,0,3,1,6,2,39,7,1399,2,5,4,1,4
2.02E+12,1,9,0,18,0,1,0,0,0,0,1,1,6,1,53,8,1390,1,16,2,1,2
2.02E+12,2,9,0,12,0,8,0,0,0,0,1,1,6,1,38,7,1400,1,3,6,1,6
2.02E+12,1,9,0,8,0,5,0,0,0,0,2,1,6,2,34,6,1398,1,5,4,1,4
2.02E+12,2,11,0,18,0,1,1,0,0,0,1,1,1,1,42,7,4500,2,1,3,1,3
2.02E+12,1,9,0,3,0,1,0,0,0,0,2,1,6,1,29,6,1995,1,13,4,1,4
2.02E+12,1,2,0,6,0,8,0,0,0,0,3,1,1,1,20,4,49,1,15,5,1,5
2.02E+12,1,9,0,9,0,8,0,0,0,0,1,1,6,1,37,7,1995,2,13,2,1,2
2.02E+12,2,2,0,18,0,1,0,0,0,0,1,1,6,1,26,6,599,1,12,2,1,2
2.02E+12,1,9,0,18,0,1,0,0,0,0,2,1,2,1,37,7,998,1,17,3,1,3
2.02E+12,2,19,0,18,0,1,0,0,0,0,1,1,1,1,24,5,2148,2,12,1,1,1
2.02E+12,1,8,0,18,0,1,0,0,0,0,1,1,1,1,48,8,2499,2,11,2,1,2
2.02E+12,2,9,0,14,0,2,5,4,0,0,1,1,6,1,38,7,1968,2,2,2,1,2
2.02E+12,1,9,0,18,0,1,0,0,0,0,1,1,3,1,20,4,2987,2,1,3,1,3
2.02E+12,1,9,0,16,0,3,0,0,0,0,4,1,6,2,29,6,1329,1,8,5,1,5
2.02E+12,2,9,0,18,0,3,0,0,0,0,3,1,6,2,35,6,1999,2,1,9,1,9
2.02E+12,1,8,0,5,0,5,0,0,0,0,0,1,2,1,31,6,1798,8,1,3,1,3
2.02E+12,2,3,0,18,0,1,0,0,0,0,1,1,1,1,18,4,125,1,6,2,1,2
2.02E+12,1,9,0,18,0,8,0,0,0,0,1,1,6,2,23,5,1248,2,10,4,1,4
2.02E+12,1,9,0,16,0,3,0,0,0,0,1,1,6,1,19,4,1598,1,16,2,1,2
2.02E+12,2,9,0,18,0,4,0,0,0,0,1,1,6,1,47,8,1794,1,12,3,1,3
2.02E+12,1,3,0,3,0,8,0,0,0,0,1,1,6,1,32,6,125,1,2,2,1,2
2.02E+12,1,9,0,9,0,6,0,0,0,0,4,1,6,1,60,9,1796,1,12,3,1,3
2.02E+12,1,11,0,18,0,1,0,0,0,0,2,1,2,1,55,8,4760,2,6,2,1,2
2.02E+12,1,9,0,3,0,1,0,0,0,0,2,1,6,2,29,6,973,1,15,2,1,2
2.02E+12,2,9,0,4,0,1,0,0,0,0,2,1,1,1,48,8,1598,1,13,3,1,3
2.02E+12,3,8,0,4,0,1,0,0,0,0,1,1,2,1,43,7,1798,8,3,3,1,3
2.02E+12,1,11,0,17,0,6,0,0,0,0,0,1,6,1,39,7,5132,2,2,5,1,5
2.02E+12,1,9,0,18,0,2,5,10,2,1,4,1,6,1,27,6,1398,1,5,2,1,2
2.02E+12,1,9,0,16,0,6,1,7,4,10,1,1,6,2,59,9,1998,1,14,3,1,3
2.02E+12,2,8,0,16,0,8,1,0,1,1,4,1,1,1,67,10,1968,2,2,4,1,4
2.02E+12,2,9,0,3,0,1,0,0,0,0,1,1,6,2,35,6,1796,1,15,3,1,3
2.02E+12,1,9,0,6,0,2,0,0,0,0,3,1,2,1,33,6,1956,2,4,3,1,3
2.02E+12,2,9,0,13,0,2,0,0,0,0,4,1,6,1,23,5,2148,2,10,4,1,4
2.02E+12,3,3,0,18,0,1,0,0,0,0,3,1,2,1,35,6,108,1,4,2,1,2
2.02E+12,1,5,0,18,0,8,0,0,1,0,1,1,6,1,21,5,600,1,17,1,1,1
2.02E+12,2,9,0,7,0,6,0,0,0,0,3,1,6,2,43,7,1198,1,7,4,1,4
2.02E+12,1,11,0,18,0,1,0,0,0,0,0,1,6,1,20,4,6700,2,5,3,1,3
2.02E+12,1,3,0,18,0,8,1,0,0,0,1,1,6,1,23,5,124,1,8,3,1,3
2.02E+12,1,9,0,18,0,1,0,0,0,0,4,2,6,1,34,6,1797,8,5,3,1,3
2.02E+12,1,9,0,18,0,1,0,0,0,0,1,1,6,1,56,9,1590,1,17,5,1,5
2.02E+12,2,9,0,9,0,5,0,0,0,0,1,1,6,1,32,6,1339,1,14,7,1,7
2.02E+12,1,11,0,18,2,8,0,0,0,0,0,1,6,1,39,7,4500,2,1,2,1,2
2.02E+12,1,8,0,18,0,8,0,0,0,0,1,1,1,1,24,5,1798,8,3,2,1,2
2.02E+12,2,9,0,9,0,1,0,0,0,0,4,1,6,1,42,7,2200,1,17,3,1,3
2.02E+12,2,9,0,4,0,2,0,0,0,0,0,1,6,2,33,6,1124,1,12,3,1,3
2.02E+12,1,9,0,18,0,1,1,4,0,0,4,1,6,1,27,6,1995,2,4,3,1,3
2.02E+12,2,9,0,7,0,1,0,0,0,0,4,1,6,1,52,8,1596,1,5,7,1,7
2.02E+12,3,9,0,8,0,1,0,0,0,0,1,1,6,2,55,8,1229,1,9,6,1,6
2.02E+12,1,9,0,5,0,1,0,0,0,0,4,1,6,1,26,6,1595,1,4,5,1,5
2.02E+12,1,8,0,18,0,1,0,0,0,0,3,1,1,1,49,8,1798,8,1,3,1,3
2.02E+12,2,9,0,18,0,8,0,0,0,0,1,1,6,1,43,7,2488,2,10,2,1,2
2.02E+12,2,9,0,18,0,1,0,4,0,0,1,1,6,1,38,7,1560,2,3,7,1,7
2.02E+12,1,8,0,3,0,1,0,0,0,0,2,1,2,1,38,7,1997,2,7,7,1,7
2.02E+12,1,19,0,18,0,1,0,11,0,0,1,1,6,1,56,9,2151,2,13,4,1,4
2.02E+12,1,8,0,18,0,1,0,0,0,0,1,1,6,1,37,7,1997,2,6,5,1,5
2.02E+12,2,3,0,18,0,8,2,0,0,0,1,1,6,1,16,4,125,1,3,2,1,2
2.02E+12,1,9,0,5,0,1,0,0,0,0,1,1,3,2,49,8,1796,1,6,2,1,2
2.02E+12,1,5,0,16,2,1,0,0,0,0,1,1,6,1,40,7,636,1,3,9,1,9
2.02E+12,2,9,0,10,2,1,0,0,0,0,4,1,3,1,33,6,1596,1,10,2,1,2
2.02E+12,1,9,0,9,0,4,0,0,0,0,1,1,6,2,19,4,1796,2,5,3,1,3
2.02E+12,1,19,0,7,0,5,0,0,1,0,4,1,1,1,21,5,1560,2,3,3,1,3
2.02E+12,1,9,0,7,0,1,0,0,0,0,1,1,6,1,55,8,1399,2,11,3,1,3
2.02E+12,1,9,0,7,0,1,0,0,0,0,1,1,6,2,45,7,1598,1,7,4,1,4
2.02E+12,1,8,0,9,0,1,0,0,0,0,3,1,1,1,49,8,1997,2,8,4,1,4
2.02E+12,1,19,0,9,0,1,0,0,0,0,1,1,1,1,39,7,1560,2,5,4,1,4
2.02E+12,2,4,0,18,0,2,5,0,0,0,1,1,2,1,46,8,1050,1,9,5,1,5
2.02E+12,1,9,0,9,0,1,0,0,0,0,3,1,1,1,32,6,1995,2,3,10,2,10
2.02E+12,2,4,0,18,0,1,0,0,0,0,0,1,6,1,36,7,471,1,1,1,1,1
2.02E+12,2,11,0,18,0,8,0,0,0,0,3,1,1,2,40,7,4500,2,3,2,1,2
2.02E+12,1,21,0,18,0,8,0,0,0,0,3,1,1,1,31,6,10837,2,2,5,1,5
2.02E+12,1,9,0,18,0,8,1,0,0,0,3,1,6,1,38,7,1598,1,9,1,1,1
2.02E+12,2,9,0,7,0,6,0,0,0,0,1,1,6,1,39,7,1796,1,13,3,1,3
2.02E+12,1,11,0,4,0,2,0,0,0,0,0,1,1,1,46,8,6700,2,8,3,1,3
2.02E+12,1,9,0,18,0,8,5,0,0,0,1,1,6,1,31,6,1390,1,12,2,1,2
2.02E+12,2,9,0,18,0,8,0,0,0,0,1,1,6,2,48,8,1781,1,15,4,1,4
2.02E+12,1,9,0,18,0,1,0,0,0,0,4,1,6,2,48,8,1796,1,10,4,1,4
2.02E+12,1,9,0,4,0,8,0,0,0,0,0,1,6,1,34,6,1783,1,14,8,1,8
2.02E+12,1,20,0,18,0,1,0,0,0,0,1,1,1,1,30,6,11946,2,6,4,1,4
2.02E+12,2,4,0,18,0,2,0,0,0,0,3,1,1,1,29,6,124,1,8,3,1,3
2.02E+12,1,11,0,4,0,1,0,0,0,0,0,1,1,1,49,8,6700,2,10,3,1,3
2.02E+12,1,3,0,3,0,1,0,0,0,0,3,1,1,1,33,6,125,1,1,3,1,3
2.02E+12,2,9,0,13,0,1,0,0,0,0,4,1,6,2,63,9,2987,2,3,3,1,3
2.02E+12,1,9,0,18,0,1,0,0,0,0,1,1,2,1,29,6,1968,2,9,1,1,1
2.02E+12,2,9,0,9,0,1,0,0,0,0,4,1,3,1,22,5,1968,2,10,3,1,3
2.02E+12,1,8,0,6,0,1,0,0,0,0,0,1,1,1,69,10,2402,2,11,4,1,4
2.02E+12,1,9,0,9,0,5,0,0,0,0,1,1,6,1,39,7,2720,2,8,3,1,3
2.02E+12,1,9,0,3,0,2,0,0,0,0,1,2,6,2,23,5,1339,1,9,4,1,4
2.02E+12,1,5,0,15,0,1,5,0,0,0,1,1,2,1,38,7,883,1,4,2,1,2
2.02E+12,2,9,0,9,0,5,0,0,0,0,1,1,6,1,54,8,1149,1,12,2,1,2
2.02E+12,1,9,0,18,0,1,0,0,0,0,1,1,6,2,28,6,1364,1,2,2,1,2
2.02E+12,2,9,0,18,0,1,0,0,0,0,4,1,3,2,53,8,1984,1,10,8,1,8
2.02E+12,1,4,0,18,0,8,1,0,0,0,1,1,6,1,31,6,125,1,2,4,1,4
2.02E+12,2,2,0,18,0,1,0,0,0,0,1,1,2,1,47,8,108,1,9,4,1,4
2.02E+12,1,9,0,18,0,1,0,0,0,0,1,1,2,1,50,8,1968,2,2,5,1,5
2.02E+12,2,19,0,3,0,1,0,0,0,0,2,1,2,1,48,8,1248,2,10,4,1,4
2.02E+12,1,9,0,18,0,1,0,0,0,0,1,1,6,1,46,8,2143,2,1,5,1,5
2.02E+12,2,9,0,18,0,2,0,0,0,0,1,1,6,2,35,6,1390,1,13,5,1,5
2.02E+12,1,11,0,4,0,8,0,0,0,0,1,1,1,1,42,7,9360,2,5,3,1,3
2.02E+12,1,9,0,5,0,8,0,0,0,0,1,1,6,1,36,7,1995,2,5,3,1,3
2.02E+12,2,3,0,14,0,8,0,0,0,0,4,1,6,1,27,6,125,1,2,2,1,2
2.02E+12,1,3,0,3,0,8,1,0,0,0,0,1,1,1,18,4,108,1,1,4,1,4
2.02E+12,1,9,0,16,0,2,0,0,0,0,1,1,6,1,29,6,5461,1,3,6,1,6
2.02E+12,1,4,0,18,0,1,1,0,0,0,1,1,1,1,23,5,125,1,8,3,1,3
2.02E+12,1,9,0,18,0,1,0,7,0,0,1,1,6,1,34,6,1598,1,1,9,1,9
2.02E+12,2,3,0,7,2,2,0,4,0,0,1,1,6,1,24,5,124,1,5,4,1,4
2.02E+12,1,9,0,18,0,8,0,0,4,6,1,1,6,1,30,6,5998,1,6,4,1,4
2.02E+12,2,9,0,7,0,8,5,0,0,0,1,1,6,1,42,7,1398,1,1,3,1,3
2.02E+12,2,9,0,18,0,1,0,0,0,0,1,1,6,1,27,6,2685,2,13,4,1,4
2.02E+12,1,3,0,18,0,1,0,0,0,0,4,1,6,1,22,5,124,1,10,7,1,7
2.02E+12,2,8,0,9,0,1,0,0,0,0,3,1,2,1,45,7,1997,2,6,3,1,3