Accident_Index,Vehicle_Reference,Vehicle_Type,Towing_and_Articulation,Vehicle_Manoeuvre,Vehicle_Location-Restricted_Lane,Junction_Location,Skidding_and_Overturning,Hit_Object_in_Carriageway,Vehicle_Leaving_Carriageway,Hit_Object_off_Carriageway,1st_Point_of_Impact,Was_Vehicle_Left_Hand_Drive?,Journey_Purpose_of_Driver,Sex_of_Driver,Age_of_Driver,Age_Band_of_Driver,Engine_Capacity_(CC),Propulsion_Code,Age_of_Vehicle,Driver_IMD_Decile,Driver_Home_Area_Type,Vehicle_IMD_Decile
2.02E+12,1,9,0,9,0,2,0,0,0,0,3,1,6,1,21,5,1796,1,15,2,1,2
2.02E+12,2,8,0,3,0,6,0,0,0,0,1,1,2,1,51,8,1798,8,5,4,1,4
2.02E+12,1,9,0,18,0,1,0,0,0,0,4,1,6,2,47,8,1998,1,12,10,1,10
2.02E+12,1,9,0,9,0,1,0,0,0,0,1,1,2,1,51,8,1997,2,2,3,2,3
2.02E+12,2,9,0,18,0,1,0,0,0,0,1,1,6,2,36,7,1685,2,5,4,1,4
2.02E+12,1,9,0,18,0,1,0,0,0,0,1,1,6,1,55,8,1998,1,23,6,1,6
2.02E+12,1,8,0,4,0,1,0,0,0,0,4,1,1,1,60,9,1997,2,3,3,1,3
2.02E+12,1,9,0,18,0,1,0,0,0,0,1,1,6,1,26,6,1498,1,10,3,1,3
2.02E+12,1,9,0,18,0,6,0,0,0,0,3,1,6,1,53,8,2231,2,10,8,1,8
2.02E+12,1,8,0,9,0,1,0,0,0,0,1,1,1,1,47,8,1956,2,5,6,1,6
2.02E+12,1,9,0,6,0,1,0,0,0,0,1,1,6,1,28,6,1240,1,14,4,2,4
2.02E+12,1,4,0,18,0,1,0,0,0,0,1,1,1,1,26,6,124,1,4,3,1,3
2.02E+12,1,2,0,4,0,1,0,0,0,0,0,1,1,1,35,6,125,1,1,5,1,5
2.02E+12,2,3,0,18,0,8,5,0,0,0,1,1,1,1,27,6,125,1,11,1,1,1
2.02E+12,1,8,0,18,0,6,0,0,0,0,1,1,1,1,29,6,1798,8,4,9,1,9
2.02E+12,1,11,0,9,0,1,0,0,0,0,0,1,6,1,44,7,4500,2,5,2,1,2
2.02E+12,1,9,0,18,0,6,0,0,0,0,1,1,6,2,49,8,1596,1,13,4,1,4
2.02E+12,2,9,0,17,0,2,0,0,0,0,4,1,6,2,39,7,1968,2,9,9,1,9
2.02E+12,1,9,0,18,0,1,0,0,0,0,1,1,6,1,44,7,1968,2,2,3,1,3
2.02E+12,2,3,0,9,0,1,0,0,0,0,1,1,6,1,19,4,125,1,10,2,1,2
2.02E+12,1,9,0,18,0,2,0,0,0,0,4,1,6,1,37,7,1968,2,1,4,1,4
2.02E+12,1,9,0,18,0,1,0,0,0,0,0,1,1,1,32,6,2993,2,1,2,1,2
2.02E+12,3,9,0,18,0,8,0,0,0,0,1,1,6,1,51,8,1997,2,2,2,1,2
2.02E+12,1,19,0,4,0,1,0,0,0,0,3,1,1,1,81,11,2494,2,10,10,1,10
2.02E+12,1,11,0,18,0,1,0,0,0,0,0,1,1,1,56,9,6700,2,5,4,1,4
2.02E+12,2,9,0,9,0,2,0,0,0,0,3,1,6,2,60,9,1798,1,5,10,1,10
2.02E+12,1,5,0,17,0,8,0,0,0,0,1,1,1,1,44,7,636,1,12,1,1,1
2.02E+12,1,9,0,5,0,1,0,0,0,0,1,1,6,2,22,5,1296,1,11,1,1,1
2.02E+12,1,19,0,5,0,1,0,0,0,0,1,2,1,1,61,9,1399,2,7,3,1,3
2.02E+12,1,9,0,7,0,1,0,0,0,0,4,1,6,2,19,4,1197,1,5,4,1,4
2.02E+12,1,11,0,4,0,1,0,0,0,0,1,1,1,1,58,9,8300,2,11,5,1,5
2.02E+12,1,3,0,18,0,1,0,0,0,0,1,1,6,1,70,10,680,1,9,8,3,8
2.02E+12,1,9,0,5,0,8,0,0,0,0,0,1,6,1,71,10,1490,1,12,1,1,1
2.02E+12,1,5,0,17,0,8,0,0,0,0,1,1,6,1,28,6,998,1,14,5,1,5
2.02E+12,1,9,0,4,0,3,0,0,0,0,2,1,6,1,46,8,2148,2,7,2,1,2
2.02E+12,1,11,0,4,0,8,0,0,0,0,0,1,1,1,39,7,9360,2,7,7,1,7
2.02E+12,1,9,0,9,0,8,0,0,0,0,4,1,6,1,59,9,3222,2,12,6,1,6
2.02E+12,2,2,0,18,0,8,0,0,0,0,1,1,1,1,26,6,108,1,3,6,1,6
2.02E+12,1,19,0,14,0,1,0,0,0,0,1,1,1,1,29,6,2998,2,5,10,1,10
2.02E+12,2,9,0,18,0,1,1,0,0,0,1,1,6,1,26,6,1598,1,12,9,1,9
2.02E+12,1,9,0,3,0,1,1,0,0,0,2,1,6,1,65,9,1991,2,9,3,1,3
2.02E+12,3,9,0,3,0,2,1,0,0,0,2,1,6,1,58,9,1968,2,2,2,1,2
2.02E+12,1,3,0,18,0,2,0,0,0,0,1,1,6,1,44,7,125,1,10,2,1,2
2.02E+12,1,3,0,13,0,1,5,0,0,0,1,1,6,1,17,4,125,1,1,4,1,4
2.02E+12,2,9,0,9,0,8,0,0,0,0,1,1,1,1,52,8,2143,2,3,9,1,9
2.02E+12,1,9,0,17,0,5,0,0,0,0,1,1,6,2,39,7,1497,8,10,2,1,2
2.02E+12,1,3,0,13,0,1,1,0,0,0,1,1,2,2,32,6,124,1,3,2,1,2
2.02E+12,2,3,0,15,2,1,0,0,0,0,1,1,6,1,22,5,124,1,9,2,1,2
2.02E+12,1,9,0,14,0,1,0,0,0,0,4,1,3,2,36,7,1997,2,2,4,1,4
2.02E+12,1,9,0,9,0,1,0,0,0,0,4,1,2,2,58,9,1229,1,4,4,1,4
2.02E+12,2,9,0,18,0,1,0,0,0,0,1,1,6,2,60,9,2997,1,7,3,1,3
2.02E+12,1,9,0,6,0,1,0,0,0,0,1,1,6,2,53,8,1998,1,13,6,1,6
2.02E+12,2,3,0,14,0,1,0,0,0,0,1,1,1,1,19,4,108,1,3,6,1,6
2.02E+12,1,9,0,14,0,2,0,0,0,0,3,1,2,1,35,6,2204,2,11,6,1,6
2.02E+12,2,9,0,3,0,1,0,0,0,0,2,2,4,1,58,9,1596,1,14,2,1,2
2.02E+12,1,19,0,9,0,2,0,0,0,0,1,1,2,1,32,6,1461,2,1,9,1,9
2.02E+12,1,9,0,3,0,1,0,0,0,0,2,1,2,1,32,6,1198,1,13,4,1,4
2.02E+12,1,9,0,6,0,1,0,0,0,0,3,1,1,1,54,8,2143,2,3,7,1,7
2.02E+12,2,5,0,14,0,1,2,0,0,0,1,1,1,1,35,6,998,1,10,2,1,2
2.02E+12,1,9,0,9,0,1,0,0,0,0,4,1,2,1,33,6,2993,2,10,1,1,1
2.02E+12,2,9,0,9,0,2,0,0,0,0,1,1,2,2,37,7,1197,1,2,5,1,5
2.02E+12,1,9,0,5,0,2,0,0,0,0,1,1,6,1,30,6,1560,2,7,2,1,2
2.02E+12,1,9,0,9,0,8,0,0,0,0,1,1,6,1,32,6,1769,1,14,7,1,7
2.02E+12,1,9,0,4,0,2,0,0,0,0,1,1,2,1,50,8,1398,2,14,2,1,2
2.02E+12,2,9,0,1,0,1,0,0,0,0,2,1,6,1,37,7,1968,2,5,2,1,2
2.02E+12,1,9,0,9,0,8,0,0,0,0,1,1,6,1,63,9,1368,1,2,8,1,8
2.02E+12,2,9,0,9,0,8,0,0,0,0,2,1,6,2,41,7,998,1,5,6,1,6
2.02E+12,1,9,0,5,8,6,0,0,0,0,3,1,6,2,58,9,1242,1,3,3,1,3
2.02E+12,1,9,0,18,0,1,0,0,0,0,1,1,6,1,20,4,1995,2,9,9,1,9
2.02E+12,2,9,0,9,0,8,0,0,0,0,1,1,6,1,43,7,2191,2,3,10,1,10
2.02E+12,1,9,0,7,0,1,0,0,0,0,2,1,1,1,40,7,1797,8,6,5,1,5
2.02E+12,2,11,0,18,0,1,0,0,0,0,1,1,1,1,38,7,5132,2,1,5,1,5
2.02E+12,1,9,0,9,0,1,0,0,0,0,1,1,2,1,26,6,1395,1,3,1,1,1
2.02E+12,1,9,0,18,0,8,0,0,0,0,1,1,2,1,56,9,1386,1,10,1,1,1
2.02E+12,1,9,0,18,0,2,0,4,0,0,1,1,6,2,22,5,1242,1,11,7,1,7
2.02E+12,1,4,0,13,0,8,5,11,0,0,1,1,6,1,18,4,124,1,9,3,1,3
2.02E+12,2,9,0,18,0,8,0,11,0,0,3,1,6,1,53,8,2261,1,12,4,1,4
2.02E+12,1,9,0,9,0,8,0,0,0,0,1,1,1,1,30,6,1598,1,12,6,1,6
2.02E+12,1,9,0,9,0,1,0,0,0,0,4,1,2,2,43,7,1368,1,3,5,1,5
2.02E+12,2,9,0,18,0,1,1,0,0,0,3,1,6,1,32,6,4999,1,12,6,1,6
2.02E+12,1,21,0,3,0,2,0,0,0,0,0,1,1,1,55,8,6700,2,1,6,1,6
2.02E+12,2,9,0,3,0,2,0,0,0,0,2,1,6,1,36,7,2143,2,6,5,1,5
2.02E+12,3,2,0,14,0,2,1,4,0,0,1,1,2,1,38,7,124,1,8,4,1,4
2.02E+12,1,9,0,4,0,1,0,0,0,0,3,1,2,2,30,6,1596,1,8,1,1,1
2.02E+12,1,3,0,18,0,2,0,0,0,0,3,1,2,1,26,6,125,1,4,3,1,3
2.02E+12,1,9,0,5,0,4,0,11,0,0,3,1,6,1,69,10,1991,1,25,7,1,7
2.02E+12,1,9,0,7,0,6,0,0,0,0,3,2,6,2,43,7,1998,2,10,3,1,3
2.02E+12,1,9,0,9,0,6,0,0,0,0,1,1,2,2,33,6,1461,2,1,4,1,4
2.02E+12,2,5,0,18,0,2,0,0,0,0,3,1,1,1,40,7,1050,1,10,7,1,7
2.02E+12,3,21,0,18,0,2,0,0,0,0,4,1,1,1,39,7,12580,2,11,4,1,4
2.02E+12,1,9,0,5,0,3,0,0,0,0,2,1,6,1,45,7,1329,1,2,1,1,1
2.02E+12,1,9,0,18,0,2,0,0,0,0,1,1,6,1,19,4,1986,1,6,4,1,4
2.02E+12,2,9,0,4,0,2,0,0,0,0,2,1,6,1,41,7,1199,1,14,6,1,6
2.02E+12,1,9,0,3,0,8,0,0,0,0,2,2,6,2,60,9,1399,2,11,4,1,4
2.02E+12,2,9,0,5,0,1,0,0,0,0,1,1,6,1,78,11,1596,1,13,10,2,10
2.02E+12,2,3,0,13,0,1,0,0,0,0,1,1,2,1,20,4,125,1,1,8,1,8
2.02E+12,2,21,0,18,0,1,0,0,0,0,1,1,1,1,21,5,2998,2,4,5,2,5
2.02E+12,1,9,0,16,0,1,0,0,0,0,1,1,6,2,44,7,1360,1,9,5,1,5
2.02E+12,2,9,0,17,0,2,0,0,0,0,1,1,6,1,38,7,1999,1,10,5,1,5
2.02E+12,1,9,0,9,0,4,0,0,0,0,1,1,6,1,56,9,1796,1,13,1,1,1
2.02E+12,1,9,0,10,0,1,0,0,0,0,3,1,6,2,47,8,1999,2,2,6,1,6
2.02E+12,1,9,0,9,0,2,0,0,0,0,1,1,6,1,19,4,1590,1,13,2,1,2
2.02E+12,2,9,0,7,0,1,0,0,0,0,1,1,6,2,30,6,1499,2,1,2,1,2
2.02E+12,1,9,0,5,0,2,0,0,0,0,2,1,6,1,40,7,1968,2,11,3,1,3
2.02E+12,2,9,0,5,0,1,0,0,0,0,2,1,6,1,36,7,5935,1,11,9,1,9
2.02E+12,1,11,0,18,0,1,0,0,0,0,0,1,1,1,44,7,6692,2,4,2,1,2
2.02E+12,1,9,0,9,0,1,0,0,0,0,1,1,6,1,20,4,998,1,2,4,1,4
2.02E+12,2,9,0,18,0,2,0,0,0,0,3,1,6,1,60,9,1587,1,16,3,1,3
2.02E+12,3,9,0,18,0,2,0,0,0,0,0,1,6,2,39,7,1796,1,13,3,1,3
2.02E+12,1,3,0,18,0,8,2,0,0,0,1,1,6,1,47,8,124,1,5,5,1,5
2.02E+12,2,9,0,5,0,6,0,0,0,0,1,1,2,1,40,7,1984,2,4,7,1,7
2.02E+12,1,11,0,18,0,1,0,0,0,0,0,1,1,1,42,7,6700,2,5,2,1,2
2.02E+12,1,9,0,18,0,1,0,0,0,0,1,1,2,1,55,8,2290,1,19,1,1,1
2.02E+12,2,4,0,18,0,1,0,0,0,0,2,1,2,1,36,7,125,1,2,2,1,2
2.02E+12,1,4,0,15,0,1,0,0,0,0,1,1,6,1,17,4,125,1,3,3,1,3
2.02E+12,1,9,0,9,0,5,0,0,0,0,1,1,6,1,29,6,1198,1,6,5,1,5
2.02E+12,1,9,0,5,0,6,0,0,0,0,4,1,6,2,27,6,1390,1,7,2,1,2
2.02E+12,2,9,0,18,0,8,0,0,0,0,1,1,6,1,26,6,1200,1,2,2,1,2
2.02E+12,1,9,0,5,0,4,0,0,0,0,1,1,2,1,27,6,1598,1,11,4,1,4
2.02E+12,2,9,0,18,0,4,1,0,0,0,1,1,2,2,43,7,1910,2,10,5,1,5
2.02E+12,2,9,0,18,0,1,0,0,0,0,1,1,6,2,52,8,1461,2,3,9,1,9
2.02E+12,1,9,0,7,0,6,0,0,7,10,4,2,6,1,35,6,1600,1,17,4,1,4
2.02E+12,2,9,0,18,0,2,0,0,0,0,1,1,6,1,22,5,1461,2,3,5,1,5
2.02E+12,1,2,0,18,0,1,2,0,0,0,0,1,1,1,23,5,125,1,9,3,1,3
2.02E+12,1,19,0,7,0,3,0,0,0,0,4,1,1,1,32,6,1598,2,1,5,1,5
2.02E+12,2,9,0,9,0,3,0,0,0,0,4,1,6,1,68,10,1390,1,4,6,1,6
2.02E+12,2,9,0,18,0,6,0,0,0,0,1,1,6,1,45,7,1769,1,16,2,1,2
2.02E+12,3,9,0,18,0,6,0,0,0,0,1,1,6,2,49,8,1598,1,14,5,1,5
2.02E+12,4,9,0,18,0,6,0,0,0,0,1,1,6,1,20,4,1246,1,12,5,1,5
2.02E+12,2,9,0,18,0,8,0,0,0,0,1,1,6,1,40,7,998,1,4,4,1,4
2.02E+12,1,8,0,9,0,2,0,0,0,0,1,1,1,1,42,7,1798,8,1,3,1,3
2.02E+12,1,9,0,5,0,6,0,0,0,0,3,1,2,1,53,8,998,1,3,4,1,4
2.02E+12,2,3,0,18,0,1,2,0,0,0,1,1,2,1,23,5,124,1,2,4,1,4
2.02E+12,1,8,0,18,0,2,1,0,0,0,1,1,1,1,52,8,2402,2,12,3,1,3
2.02E+12,1,19,0,5,0,1,0,0,0,0,1,1,1,1,31,6,2198,2,1,3,1,3
2.02E+12,1,9,0,7,0,8,0,0,0,0,4,1,6,1,33,6,1461,2,7,3,1,3
2.02E+12,1,8,0,3,0,1,0,0,0,0,2,1,1,1,61,9,1997,2,2,2,1,2
2.02E+12,1,9,0,9,0,6,0,0,0,0,3,1,6,1,41,7,1332,1,5,5,1,5
2.02E+12,2,9,0,18,0,2,0,0,0,0,1,1,2,1,50,8,1988,1,14,3,1,3
2.02E+12,1,9,0,9,0,2,0,0,0,0,4,1,2,1,44,7,1598,1,13,2,1,2
2.02E+12,1,4,5,13,0,1,2,0,0,0,4,1,6,1,45,7,125,1,9,8,1,8
2.02E+12,2,9,0,9,0,5,0,0,0,0,3,1,6,2,35,6,1598,1,16,7,1,7
2.02E+12,1,9,0,5,0,6,0,0,0,0,1,1,1,2,45,7,1796,1,13,3,1,3
2.02E+12,1,5,0,18,0,2,0,0,0,0,1,1,2,1,48,8,649,1,3,6,1,6
2.02E+12,2,8,0,6,0,1,0,0,0,0,3,1,1,1,48,8,2143,2,5,9,1,9
2.02E+12,1,9,0,7,0,8,0,0,0,0,1,1,1,1,19,4,1198,1,6,3,1,3
2.02E+12,2,3,0,3,0,5,0,0,0,0,2,1,6,1,45,7,125,1,3,1,1,1
2.02E+12,1,9,0,9,0,6,0,0,0,0,1,1,6,1,84,11,1598,1,6,5,1,5
2.02E+12,1,9,0,11,0,3,1,2,8,7,3,1,3,1,43,7,2457,1,10,5,3,5
2.02E+12,1,9,0,4,0,1,0,4,0,0,2,1,1,1,36,7,1560,2,3,9,1,9
2.02E+12,2,9,0,4,0,1,0,4,0,0,1,1,6,1,29,6,2967,2,1,6,2,6
2.02E+12,3,9,0,4,0,1,0,0,0,0,2,1,6,2,58,9,998,1,2,5,1,5
2.02E+12,1,9,0,18,0,1,0,0,0,0,1,1,6,2,73,10,2497,2,22,4,1,4
2.02E+12,1,19,0,6,0,1,0,0,0,0,3,1,1,1,57,9,2402,2,7,7,1,7
2.02E+12,2,4,0,6,0,1,0,0,0,0,4,1,1,1,36,7,249,1,8,8,1,8
2.02E+12,1,19,0,18,0,1,0,0,0,0,4,1,2,1,29,6,2148,2,9,7,1,7
2.02E+12,2,19,0,18,0,7,0,8,0,0,3,1,1,1,25,5,1598,2,3,2,1,2
2.02E+12,1,9,0,9,0,1,0,0,0,0,1,1,6,2,29,6,1398,1,1,5,1,5
2.02E+12,1,19,0,18,0,1,0,0,0,0,1,1,1,1,21,5,2461,2,10,4,1,4
2.02E+12,2,9,0,18,0,1,0,0,0,0,2,1,6,2,22,5,1968,2,3,2,1,2
2.02E+12,3,9,0,18,0,1,0,0,0,0,2,1,6,1,39,7,2143,2,4,5,1,5
2.02E+12,1,9,0,18,0,8,1,7,0,0,3,1,6,1,23,5,1590,1,13,8,1,8
2.02E+12,2,19,0,9,0,8,0,0,0,0,1,1,6,1,21,5,1870,2,13,7,1,7
2.02E+12,1,3,0,5,0,7,0,0,0,0,1,1,6,1,23,5,125,1,9,3,1,3
2.02E+12,2,9,0,18,0,1,0,0,0,0,1,1,6,2,20,4,1395,1,1,1,1,1
2.02E+12,1,11,0,18,0,8,0,0,0,0,3,1,1,1,47,8,4500,2,6,3,1,3
2.02E+12,2,9,5,9,0,8,0,0,0,0,3,1,6,2,72,10,1598,2,7,8,1,8
2.02E+12,1,9,0,10,0,8,0,0,0,0,1,1,1,2,39,7,1988,1,15,3,1,3
2.02E+12,2,9,0,18,0,8,0,0,0,0,1,1,3,1,42,7,1968,2,1,5,1,5
2.02E+12,1,9,0,4,0,3,0,0,0,0,2,1,1,1,31,6,1995,2,9,6,1,6
2.02E+12,2,8,0,3,0,3,0,0,0,0,1,1,1,1,24,5,1598,2,4,5,1,5
2.02E+12,1,9,0,6,0,1,0,0,0,0,3,1,2,1,46,8,1968,2,2,6,1,6
2.02E+12,1,9,0,18,0,8,0,0,0,0,1,1,6,2,60,9,1364,1,13,3,1,3
2.02E+12,2,9,0,18,0,8,0,0,0,0,1,1,6,1,22,5,1796,2,3,2,1,2
2.02E+12,1,9,0,18,0,8,0,0,1,10,4,1,6,1,31,6,1995,1,13,3,1,3
2.02E+12,2,9,0,10,0,8,0,0,0,0,0,1,6,1,46,8,2497,1,1,2,1,2
2.02E+12,1,9,0,3,0,1,0,0,0,0,2,1,2,1,42,7,2143,2,4,2,1,2
2.02E+12,1,3,0,9,0,8,0,0,0,0,4,1,1,1,28,6,49,1,8,3,1,3
2.02E+12,1,11,0,18,0,1,0,0,0,0,0,1,1,1,45,7,4500,2,11,2,1,2
2.02E+12,2,9,0,18,0,1,0,0,0,0,1,1,6,1,55,8,1995,1,15,6,1,6
2.02E+12,1,9,0,9,0,8,0,0,0,0,2,1,6,2,53,8,1198,1,2,2,1,2
2.02E+12,2,19,0,18,0,8,0,0,0,0,1,1,2,1,45,7,2198,2,7,4,1,4
2.02E+12,1,9,0,4,0,1,1,0,0,0,2,1,6,2,41,7,999,1,8,9,1,9
2.02E+12,2,9,0,4,0,1,1,0,0,0,1,1,2,1,21,5,1198,1,5,9,1,9
2.02E+12,3,9,0,4,0,1,0,0,0,0,4,1,2,2,39,7,1360,1,8,5,1,5
2.02E+12,1,9,0,11,0,1,0,0,1,0,1,1,6,1,28,6,998,1,2,3,1,3
2.02E+12,1,9,0,5,0,2,0,0,0,0,1,2,2,1,38,7,1798,8,3,1,1,1
2.02E+12,1,8,0,4,0,1,0,0,0,0,4,1,1,1,50,8,1797,8,5,4,1,4
2.02E+12,1,9,0,1,9,6,0,0,0,0,4,1,6,1,39,7,998,1,13,2,1,2
2.02E+12,1,9,0,18,9,2,0,10,7,10,1,1,6,1,44,7,2987,2,2,2,1,2
2.02E+12,2,9,0,18,0,2,0,0,0,0,2,1,6,1,34,6,1386,1,5,4,1,4
2.02E+12,1,9,0,3,2,1,0,0,0,0,2,2,6,1,35,6,1560,2,3,9,1,9
2.02E+12,2,3,0,4,2,1,0,0,0,0,1,1,2,1,41,7,124,1,3,4,1,4
2.02E+12,1,8,0,10,0,1,0,0,0,0,2,1,1,1,44,7,1968,2,4,2,1,2
2.02E+12,2,9,0,5,0,2,0,0,0,0,4,1,6,1,56,9,2401,2,11,8,1,8
2.02E+12,1,9,0,9,0,1,0,0,0,0,2,1,6,1,29,6,1595,1,13,3,1,3
2.02E+12,2,9,0,4,0,1,0,0,0,0,2,1,6,1,24,5,1995,2,6,2,1,2
2.02E+12,3,9,0,18,0,1,0,0,0,0,2,1,6,2,61,9,1685,2,7,9,1,9
2.02E+12,1,9,0,10,0,3,0,0,0,0,4,1,6,1,20,4,1995,1,6,2,1,2
2.02E+12,2,9,0,18,0,4,0,0,0,0,1,1,6,1,22,5,1968,2,6,3,1,3
2.02E+12,1,9,0,18,0,2,0,0,0,0,1,1,2,1,40,7,2979,1,14,4,1,4
2.02E+12,1,11,0,4,0,1,0,0,0,0,1,1,1,1,62,9,5132,2,2,1,1,1
2.02E+12,1,9,0,18,0,1,0,4,0,0,1,1,6,1,30,6,1598,1,11,4,1,4
2.02E+12,1,19,0,3,0,2,0,0,0,0,2,1,6,1,32,6,2143,2,3,1,1,1
2.02E+12,1,9,0,9,0,5,0,0,0,0,1,1,2,2,18,4,1398,1,6,4,1,4
2.02E+12,2,8,0,18,0,8,0,0,1,7,1,1,1,1,45,7,2000,2,6,4,1,4
2.02E+12,1,9,0,8,0,5,0,0,0,0,1,1,6,1,26,6,1242,1,13,7,1,7
2.02E+12,1,8,0,9,0,4,1,0,0,0,3,1,1,1,43,7,1798,8,1,8,1,8
2.02E+12,2,19,0,18,0,4,0,0,0,0,1,1,1,1,27,6,1995,2,8,8,1,8
2.02E+12,1,11,0,4,0,1,0,0,0,0,0,1,1,1,54,8,4500,2,1,6,1,6
2.02E+12,1,9,0,4,0,1,0,0,0,0,1,1,6,1,43,7,2401,2,12,3,1,3
2.02E+12,2,9,0,8,0,8,0,0,0,0,2,1,6,2,21,5,1398,1,4,2,1,2
2.02E+12,1,9,0,9,0,8,0,0,0,0,1,1,6,2,62,9,1598,1,7,5,1,5
2.02E+12,2,9,0,18,0,8,0,0,0,0,1,1,6,1,29,6,1368,1,14,5,1,5
2.02E+12,1,3,0,18,2,8,1,0,0,0,1,1,2,1,17,4,124,1,9,6,1,6
2.02E+12,2,9,0,11,2,8,0,0,0,0,2,1,6,2,45,7,1390,1,15,5,1,5
2.02E+12,1,9,0,17,0,1,0,0,0,0,1,1,2,1,49,8,1598,1,13,3,1,3
2.02E+12,2,9,0,4,0,1,0,0,0,0,2,1,6,2,48,8,1396,1,7,2,1,2
2.02E+12,1,4,0,13,0,1,0,0,0,0,1,1,6,1,21,5,125,1,2,5,1,5
2.02E+12,1,9,0,18,0,2,0,0,0,0,4,1,1,1,53,8,1968,2,5,1,1,1
2.02E+12,2,9,0,18,0,1,0,0,0,0,1,1,3,2,49,8,2793,1,19,8,1,8
2.02E+12,1,9,0,4,0,1,0,0,0,0,2,1,6,1,41,7,1798,1,4,2,1,2
2.02E+12,2,9,0,10,0,1,0,0,0,0,2,1,6,2,69,10,1796,1,10,2,1,2
2.02E+12,3,9,0,4,0,1,0,0,0,0,1,1,6,2,23,5,1390,1,11,1,1,1
2.02E+12,1,9,0,5,0,2,0,11,0,0,1,1,6,2,23,5,1198,1,7,9,1,9
2.02E+12,1,9,0,9,0,6,0,0,0,0,3,1,6,1,61,9,1618,1,2,9,2,9
2.02E+12,2,3,0,18,0,1,0,0,0,0,1,1,1,1,37,7,124,1,5,5,1,5
2.02E+12,2,2,0,18,0,1,0,0,0,0,1,1,1,1,20,4,125,1,6,6,1,6
2.02E+12,2,3,0,17,0,8,0,0,0,0,1,1,6,1,44,7,108,1,8,3,1,3
2.02E+12,1,9,0,10,0,1,0,0,0,0,3,1,6,2,26,6,1956,2,6,4,1,4
2.02E+12,3,9,0,9,0,6,0,0,0,0,1,1,6,1,17,4,1598,2,6,7,1,7
2.02E+12,1,9,0,10,0,8,0,0,0,0,1,1,6,2,40,7,1299,1,12,2,1,2
2.02E+12,1,9,0,10,0,1,0,0,0,0,1,1,1,1,28,6,1998,1,13,2,1,2
2.02E+12,1,9,0,18,0,1,0,0,0,0,1,1,6,2,31,6,1240,1,14,2,1,2
2.02E+12,1,9,0,18,0,1,0,0,0,0,1,1,6,2,31,6,1498,1,9,5,1,5
2.02E+12,2,9,0,9,0,8,0,0,0,0,1,1,6,2,41,7,1997,2,3,7,1,7
2.02E+12,1,9,0,3,0,1,0,0,0,0,2,1,6,2,23,5,1086,1,13,3,1,3
2.02E+12,1,9,0,9,0,6,0,0,0,0,1,2,6,1,49,8,1390,1,15,1,1,1
2.02E+12,2,11,0,18,0,1,0,0,0,0,1,1,1,1,44,7,6700,2,5,1,1,1
2.02E+12,1,9,0,18,0,2,0,0,0,0,1,1,6,2,81,11,875,1,6,9,1,9
2.02E+12,1,9,0,18,0,2,0,0,0,0,4,1,6,1,63,9,1560,2,1,3,1,3
2.02E+12,2,4,0,18,0,2,0,0,0,0,1,1,6,1,23,5,125,1,5,1,1,1
2.02E+12,1,2,0,8,0,1,0,0,0,0,1,1,1,1,30,6,108,1,8,6,1,6
2.02E+12,2,9,0,9,0,1,0,0,0,0,1,1,1,1,25,5,1995,1,7,2,1,2
2.02E+12,1,11,0,4,0,1,0,0,0,0,0,1,1,1,31,6,4461,2,3,5,1,5
2.02E+12,2,8,0,4,0,1,0,0,0,0,0,1,1,1,51,8,2402,2,15,9,1,9
2.02E+12,1,8,0,10,0,1,0,0,0,0,1,1,6,1,24,5,1598,2,4,3,1,3
2.02E+12,2,8,0,10,0,1,0,0,0,0,2,1,6,1,29,6,1798,8,4,2,1,2
2.02E+12,3,8,0,8,0,1,0,0,0,0,2,1,6,1,39,7,1797,8,7,3,1,3
2.02E+12,4,8,0,10,0,1,0,0,0,0,1,1,6,1,51,8,1956,2,3,6,1,6
2.02E+12,1,9,0,18,0,5,0,0,0,0,1,1,6,1,42,7,2179,2,4,6,1,6
2.02E+12,1,9,0,16,0,3,0,0,1,10,4,1,2,1,73,10,1968,2,1,5,1,5
2.02E+12,1,9,0,18,0,2,0,0,0,0,1,1,6,1,60,9,2143,2,3,3,1,3
2.02E+12,1,9,0,9,0,8,0,0,0,0,1,1,6,1,25,5,2143,2,2,3,1,3
2.02E+12,2,9,0,18,0,1,0,0,0,0,1,1,6,1,32,6,1995,2,5,3,1,3
2.02E+12,1,3,0,13,0,1,0,0,0,0,1,1,6,1,41,7,125,1,1,1,1,1
2.02E+12,2,8,0,18,0,2,0,0,0,0,3,2,2,1,46,8,2143,2,3,2,1,2
2.02E+12,2,9,0,4,0,4,0,0,0,0,1,1,2,2,42,7,1984,1,15,3,1,3
2.02E+12,1,9,0,18,0,1,0,0,0,0,1,1,6,1,27,6,1560,2,2,3,1,3
2.02E+12,2,9,0,4,0,1,0,0,0,0,1,1,6,1,25,5,1124,1,15,2,1,2
2.02E+12,1,3,0,18,0,1,1,7,1,2,1,1,2,1,18,4,125,1,6,4,1,4
2.02E+12,1,9,0,18,0,1,0,0,0,0,3,1,6,1,45,7,1995,2,7,4,1,4
2.02E+12,2,5,0,18,0,8,2,0,0,0,1,1,6,1,22,5,645,1,13,2,1,2
2.02E+12,1,9,0,18,0,1,1,0,0,0,1,1,6,1,48,8,1968,2,10,3,1,3
2.02E+12,2,9,0,9,0,1,0,0,0,0,4,1,6,1,48,8,1598,1,11,3,1,3