Accident_Index,Vehicle_Reference,Vehicle_Type,Towing_and_Articulation,Vehicle_Manoeuvre,Vehicle_Location-Restricted_Lane,Junction_Location,Skidding_and_Overturning,Hit_Object_in_Carriageway,Vehicle_Leaving_Carriageway,Hit_Object_off_Carriageway,1st_Point_of_Impact,Was_Vehicle_Left_Hand_Drive?,Journey_Purpose_of_Driver,Sex_of_Driver,Age_of_Driver,Age_Band_of_Driver,Engine_Capacity_(CC),Propulsion_Code,Age_of_Vehicle,Driver_IMD_Decile,Driver_Home_Area_Type,Vehicle_IMD_Decile
2.02E+12,1,9,0,3,0,1,0,0,0,0,2,1,6,1,44,7,1497,8,10,2,1,2
2.02E+12,2,9,0,18,0,1,0,0,0,0,1,1,6,2,31,6,1395,1,1,10,1,10
2.02E+12,2,9,0,9,0,5,0,0,0,0,4,1,6,1,34,6,1999,1,10,1,1,1
2.02E+12,1,8,0,5,0,4,0,10,0,0,1,1,1,1,26,6,1798,8,2,6,1,6
2.02E+12,1,20,0,18,0,1,0,9,2,1,1,1,1,1,64,9,4500,2,1,5,1,5
2.02E+12,2,9,0,3,0,8,0,0,3,0,2,1,6,2,49,8,1995,2,4,2,1,2
2.02E+12,3,8,0,18,0,8,0,0,0,0,1,1,6,1,42,7,1997,2,3,2,1,2
2.02E+12,6,9,0,16,0,8,0,0,0,0,3,1,6,1,30,6,2771,1,16,2,1,2
2.02E+12,7,9,0,5,0,8,0,0,0,0,4,1,6,1,27,6,1364,1,12,1,1,1
2.02E+12,1,9,0,5,0,1,0,0,0,0,1,1,6,2,45,7,2171,1,14,2,1,2
2.02E+12,1,3,0,18,0,1,1,0,0,0,1,1,1,1,25,5,108,1,1,7,1,7
2.02E+12,2,9,0,5,0,1,0,0,0,0,1,1,6,1,30,6,1796,1,13,4,1,4
2.02E+12,1,11,0,18,2,2,0,0,0,0,4,1,1,1,51,8,5132,2,1,7,1,7
2.02E+12,1,9,0,5,0,1,0,0,0,0,4,1,6,2,43,7,1390,1,12,2,1,2
2.02E+12,1,9,0,18,0,1,0,0,0,0,1,2,6,1,25,5,1598,2,3,4,1,4
2.02E+12,2,9,0,4,0,1,0,0,0,0,2,1,6,1,47,8,2148,2,9,3,1,3
2.02E+12,1,3,0,18,0,2,0,0,0,0,1,1,1,1,24,5,124,1,4,2,1,2
2.02E+12,3,3,0,15,0,1,0,0,0,0,1,1,6,1,19,4,125,1,1,4,1,4
2.02E+12,1,9,0,5,0,3,0,0,0,0,2,1,6,2,27,6,998,1,3,3,1,3
2.02E+12,1,9,0,18,0,8,0,4,0,0,3,1,6,1,20,4,899,1,4,2,1,2
2.02E+12,2,9,0,1,0,8,0,0,0,0,2,1,6,1,21,5,1995,2,5,2,1,2
2.02E+12,1,9,0,5,0,4,0,0,0,0,1,1,6,1,35,6,1339,1,10,1,1,1
2.02E+12,1,9,0,9,0,5,0,0,0,0,1,1,6,2,25,5,1995,2,8,2,1,2
2.02E+12,1,9,0,18,0,1,0,0,0,0,1,1,6,1,23,5,1229,1,5,1,1,1
2.02E+12,2,9,0,9,0,1,0,0,0,0,1,1,6,2,90,11,996,1,19,4,1,4
2.02E+12,1,8,0,18,0,1,0,0,0,0,3,1,1,1,36,7,1956,2,4,3,1,3
2.02E+12,1,9,0,9,0,1,0,0,0,0,3,1,6,1,46,8,1598,1,9,6,1,6
2.02E+12,2,3,0,18,0,8,0,0,0,0,4,1,6,1,20,4,125,1,4,3,1,3
2.02E+12,1,9,0,3,0,1,0,0,0,0,1,1,6,2,43,7,1299,1,17,3,1,3
2.02E+12,2,9,0,5,0,8,0,0,0,0,1,1,6,1,26,6,1598,1,12,3,1,3
2.02E+12,3,9,0,18,0,8,0,0,7,10,1,1,6,1,38,7,1595,1,13,4,1,4
2.02E+12,1,9,0,7,0,1,0,0,0,0,2,1,6,1,33,6,2993,2,2,2,1,2
2.02E+12,1,11,0,18,2,6,0,0,1,0,4,1,1,1,51,8,6700,2,1,1,1,1
2.02E+12,1,9,0,17,0,8,0,0,0,0,1,1,6,1,40,7,2143,2,1,3,1,3
2.02E+12,2,5,0,7,0,4,5,0,0,0,1,1,6,1,36,7,1084,1,17,9,1,9
2.02E+12,1,9,0,9,0,5,0,0,0,0,1,1,6,1,58,9,1997,1,4,9,1,9
2.02E+12,2,3,0,18,0,8,0,0,0,0,1,1,6,1,28,6,125,1,1,4,1,4
2.02E+12,1,9,0,18,0,8,0,0,0,0,1,1,6,2,56,9,1400,1,10,6,1,6
2.02E+12,2,9,0,9,0,8,0,0,0,0,4,1,6,2,43,7,1360,1,15,4,1,4
2.02E+12,1,5,0,18,0,1,0,0,0,0,1,1,1,1,41,7,675,1,2,9,1,9
2.02E+12,2,5,0,18,0,1,0,11,0,0,1,1,2,1,39,7,999,1,5,2,1,2
2.02E+12,1,9,0,4,0,1,0,0,0,0,1,1,2,2,42,7,1390,1,8,3,1,3
2.02E+12,2,9,0,18,0,1,0,10,1,0,3,1,6,1,22,5,1598,2,6,5,1,5
2.02E+12,1,9,0,7,0,1,0,0,0,0,1,1,1,1,32,6,2143,2,2,7,1,7
2.02E+12,2,3,0,5,0,1,0,0,0,0,1,1,6,1,31,6,124,1,10,2,1,2
2.02E+12,2,9,0,3,0,1,0,0,0,0,3,1,6,1,52,8,1998,1,13,3,1,3
2.02E+12,4,9,0,3,0,1,0,0,0,0,3,1,6,1,32,6,1797,8,5,2,1,2
2.02E+12,1,19,0,9,0,6,0,0,0,0,1,2,1,2,36,7,2143,2,1,1,1,1
2.02E+12,1,19,0,9,0,5,0,0,0,0,3,1,1,1,50,8,2999,2,11,1,1,1
2.02E+12,2,5,0,18,0,8,0,0,0,0,1,1,6,1,66,10,900,1,21,5,1,5
2.02E+12,1,3,0,18,0,1,0,0,0,0,1,1,1,1,30,6,124,1,4,1,1,1
2.02E+12,2,19,0,4,0,1,0,0,0,0,0,1,6,1,39,7,2402,2,7,5,1,5
2.02E+12,1,9,0,9,0,2,0,0,0,0,1,1,6,1,41,7,2993,2,2,3,1,3
2.02E+12,1,9,0,4,0,5,0,0,0,0,4,1,6,1,62,9,4663,1,4,8,1,8
2.02E+12,2,3,0,18,0,5,0,0,0,0,3,1,6,1,33,6,124,1,5,1,1,1
2.02E+12,1,5,0,18,0,1,0,0,0,0,1,1,2,1,61,9,1450,1,17,6,1,6
2.02E+12,2,8,0,7,0,1,0,0,0,0,4,1,1,1,58,9,1997,2,3,4,1,4
2.02E+12,3,8,0,18,0,2,0,0,0,0,2,1,1,1,45,7,2664,2,15,2,1,2
2.02E+12,1,9,0,18,0,2,0,0,0,0,2,1,6,1,26,6,1794,1,13,10,1,10
2.02E+12,2,9,0,18,0,2,0,0,0,0,1,1,2,2,36,7,1968,2,4,10,1,10
2.02E+12,3,9,0,18,0,2,0,0,0,0,1,1,6,1,40,7,1968,2,4,4,1,4
2.02E+12,1,90,0,5,0,1,0,0,0,0,1,1,1,1,50,8,5880,2,11,10,1,10
2.02E+12,1,3,0,18,0,2,2,4,0,0,1,1,6,2,31,6,125,1,13,7,1,7
2.02E+12,2,9,0,3,0,1,0,0,0,0,1,2,6,2,35,6,1590,1,16,6,1,6
2.02E+12,1,9,0,9,0,1,0,0,0,0,4,1,1,1,56,9,1896,2,20,3,2,3
2.02E+12,1,11,0,7,2,1,0,0,0,0,0,1,1,1,30,6,5132,2,1,6,1,6
2.02E+12,1,3,0,18,0,2,0,0,0,0,1,1,2,1,33,6,108,1,1,3,1,3
2.02E+12,1,4,0,18,0,8,0,0,0,0,1,1,2,1,26,6,125,1,4,2,1,2
2.02E+12,2,9,0,9,0,8,0,0,0,0,4,1,6,2,36,7,1388,1,6,3,1,3
2.02E+12,1,9,0,18,0,8,0,0,0,0,2,1,1,1,35,6,1968,2,4,9,1,9
2.02E+12,2,9,0,18,0,1,0,0,0,0,1,1,6,1,39,7,1796,1,14,9,1,9
2.02E+12,1,9,0,18,0,8,0,0,0,0,4,1,6,1,26,6,1560,2,9,6,1,6
2.02E+12,2,8,0,5,0,4,0,0,0,0,1,1,1,1,46,8,1497,8,8,4,1,4
2.02E+12,1,9,0,18,0,1,0,0,0,0,1,1,6,2,28,6,2231,2,10,4,1,4
2.02E+12,1,9,0,9,0,5,0,0,0,0,2,2,6,1,49,8,1390,1,9,5,1,5
2.02E+12,2,5,0,18,0,1,0,0,0,0,1,1,6,1,26,6,599,1,16,9,1,9
2.02E+12,1,3,0,18,0,2,0,0,1,0,1,1,2,1,24,5,125,1,1,9,1,9
2.02E+12,1,3,0,18,0,3,0,10,0,0,3,1,6,1,17,4,125,1,8,8,1,8
2.02E+12,1,5,0,18,0,8,0,0,0,0,1,1,6,1,27,6,750,1,5,4,1,4
2.02E+12,1,9,0,18,0,1,0,10,0,0,3,1,2,1,41,7,1388,1,12,5,1,5
2.02E+12,2,9,0,18,0,2,0,10,0,0,3,1,6,1,46,8,1995,2,7,2,1,2
2.02E+12,1,9,0,18,9,1,0,10,7,2,1,1,6,1,25,5,1991,2,8,6,1,6
2.02E+12,1,19,0,7,0,6,0,0,0,0,1,1,2,1,50,8,1995,2,3,4,1,4
2.02E+12,1,11,0,5,0,1,0,0,0,0,1,1,6,1,41,7,4500,2,5,2,1,2
2.02E+12,1,9,0,18,0,8,1,0,0,0,1,1,6,2,23,5,1598,1,11,5,1,5
2.02E+12,2,9,0,8,0,8,0,0,0,0,1,1,6,2,28,6,1995,1,9,5,1,5
2.02E+12,1,5,0,4,0,8,0,0,0,0,4,1,6,1,53,8,1402,1,11,3,1,3
2.02E+12,2,9,0,9,0,6,0,0,1,0,1,1,1,2,45,7,999,1,5,1,1,1
2.02E+12,1,9,0,14,0,1,0,0,0,0,4,1,6,2,38,7,1364,1,1,1,1,1
2.02E+12,2,9,0,9,0,1,0,0,0,0,1,1,6,1,63,9,1596,1,3,7,3,7
2.02E+12,1,9,0,18,0,1,0,0,0,0,1,1,6,1,65,9,1598,1,11,3,1,3
2.02E+12,2,9,0,18,0,1,0,0,0,0,4,1,6,1,58,9,2993,2,13,4,1,4
2.02E+12,3,9,0,18,0,1,0,0,0,0,4,1,6,2,33,6,1598,1,8,2,1,2
2.02E+12,4,19,0,11,0,1,0,0,0,0,1,1,1,1,21,5,2198,2,2,2,1,2
2.02E+12,1,9,0,7,0,5,1,4,0,0,1,1,6,2,65,9,2393,1,14,10,1,10
2.02E+12,1,8,0,18,0,1,0,0,0,0,1,1,6,1,49,8,1798,8,4,1,1,1
2.02E+12,2,9,0,18,0,1,0,0,0,0,3,1,6,1,36,7,2698,2,10,4,1,4
2.02E+12,1,9,0,9,2,5,0,0,0,0,4,1,2,2,25,5,1242,1,6,2,1,2
2.02E+12,1,9,0,18,0,1,0,0,0,0,3,1,2,2,55,8,1497,8,9,7,1,7
2.02E+12,1,19,0,18,0,8,0,0,0,0,1,1,6,1,44,7,1399,2,7,2,1,2
2.02E+12,1,11,0,18,0,3,0,0,0,0,0,1,1,1,49,8,9360,2,6,1,1,1
2.02E+12,1,9,0,4,9,1,0,0,0,0,4,1,1,2,35,6,1560,2,2,6,1,6
2.02E+12,2,9,0,18,0,1,0,0,0,0,4,1,1,1,50,8,1560,2,3,2,1,2
2.02E+12,1,9,0,18,0,2,0,0,0,0,2,1,6,1,51,8,1598,1,10,7,1,7
2.02E+12,2,9,0,18,0,1,0,4,0,0,1,1,6,1,58,9,1390,1,8,1,1,1
2.02E+12,1,9,0,9,0,8,0,0,0,0,1,1,6,1,24,5,1560,2,10,1,1,1
2.02E+12,1,9,0,7,0,1,0,0,0,0,1,1,6,1,24,5,1242,1,13,1,1,1
2.02E+12,1,2,0,14,0,1,0,0,0,0,1,1,6,1,33,6,125,1,2,5,1,5
2.02E+12,2,9,0,9,0,6,0,0,0,0,1,1,6,1,52,8,2902,2,11,8,1,8
2.02E+12,1,9,0,3,0,1,0,0,0,0,1,1,2,1,39,7,1360,1,7,7,1,7
2.02E+12,1,19,0,7,0,5,0,11,0,0,4,1,1,1,37,7,2402,2,13,5,1,5
2.02E+12,1,9,0,4,0,4,0,0,0,0,0,1,6,2,73,10,1299,1,14,2,1,2
2.02E+12,2,3,0,18,0,1,0,0,0,0,1,1,6,1,44,7,125,1,2,2,1,2
2.02E+12,2,9,0,9,0,1,0,0,0,0,1,1,2,2,28,6,1910,2,10,3,1,3
2.02E+12,1,9,0,9,0,5,0,10,0,0,1,1,2,2,42,7,1329,1,7,9,1,9
2.02E+12,2,19,0,18,0,8,0,0,0,0,1,1,2,1,58,9,2500,2,11,9,1,9
2.02E+12,1,9,0,9,0,7,0,0,0,0,3,1,6,2,51,8,1587,1,11,2,1,2
2.02E+12,1,9,0,18,0,1,0,0,1,10,3,1,2,1,31,6,2967,2,1,8,1,8
2.02E+12,2,9,0,18,0,1,0,0,7,0,1,1,6,1,30,6,2967,2,9,4,1,4
2.02E+12,1,3,0,13,0,2,0,0,0,0,4,1,6,1,30,6,125,1,1,2,1,2
2.02E+12,2,8,0,6,0,2,0,0,0,0,4,1,1,1,53,8,2499,2,6,9,1,9
2.02E+12,1,9,0,18,0,1,1,10,1,0,1,1,2,1,33,6,2993,2,11,4,1,4
2.02E+12,2,9,0,9,0,1,0,10,1,0,1,1,6,1,25,5,999,1,2,10,1,10
2.02E+12,1,3,0,18,0,1,0,0,0,0,1,1,6,1,22,5,124,1,5,2,1,2
2.02E+12,1,3,0,17,0,8,0,0,0,0,0,1,1,1,35,6,125,1,2,6,1,6
2.02E+12,1,11,0,18,0,2,0,0,0,0,1,1,1,1,44,7,4461,2,3,2,1,2
2.02E+12,1,9,0,18,0,8,0,0,0,0,1,1,6,1,49,8,1956,2,2,9,1,9
2.02E+12,1,9,0,9,0,1,0,0,0,0,1,1,1,2,54,8,1747,1,14,6,1,6
2.02E+12,2,5,0,18,0,1,1,0,0,0,1,1,1,1,46,8,636,1,12,5,1,5
2.02E+12,1,19,0,18,0,2,0,0,0,0,1,1,2,1,45,7,4462,2,4,7,1,7
2.02E+12,1,9,0,18,0,3,1,0,0,0,4,1,2,2,22,5,1242,1,7,5,1,5
2.02E+12,1,9,0,9,0,1,0,0,0,0,1,1,2,2,26,6,1598,1,7,8,1,8
2.02E+12,1,5,0,17,0,8,5,0,0,0,1,1,2,1,41,7,1000,1,3,2,1,2
2.02E+12,2,21,0,5,0,4,0,0,0,0,3,1,1,1,50,8,10837,2,4,7,2,7
2.02E+12,1,9,0,4,0,1,0,0,0,0,2,1,2,1,37,7,1896,2,10,1,1,1
2.02E+12,2,9,0,5,0,1,0,0,0,0,1,1,6,1,58,9,2143,2,3,4,1,4
2.02E+12,1,9,0,9,0,8,0,0,0,0,4,1,2,2,28,6,1397,1,15,6,1,6
2.02E+12,1,8,0,9,0,5,0,0,1,0,4,1,6,1,45,7,2499,2,6,10,1,10
2.02E+12,1,9,0,9,0,1,0,0,0,0,4,1,6,2,59,9,1900,2,10,7,1,7
2.02E+12,2,5,0,18,0,8,0,0,0,0,1,1,6,1,38,7,800,1,1,10,1,10
2.02E+12,1,4,0,14,0,8,0,0,0,0,1,1,6,1,34,6,124,1,12,4,1,4
2.02E+12,2,9,0,9,0,8,0,0,0,0,1,1,2,1,32,6,1396,1,5,8,1,8
2.02E+12,1,3,0,16,0,4,0,0,0,0,1,1,2,1,21,5,125,1,3,2,1,2
2.02E+12,1,11,0,4,0,1,0,0,0,0,0,1,1,2,49,8,4500,2,3,1,1,1
2.02E+12,1,5,0,15,0,1,0,0,0,0,4,1,2,1,32,6,998,1,14,3,1,3
2.02E+12,2,9,0,3,0,1,0,0,0,0,1,1,2,2,27,6,2497,1,6,7,1,7
2.02E+12,1,11,0,5,0,2,0,0,0,0,0,1,6,1,37,7,5132,2,2,1,1,1
2.02E+12,1,9,0,18,0,1,0,0,0,0,0,1,1,1,46,8,2993,2,2,6,1,6
2.02E+12,2,9,0,18,0,8,0,0,0,0,1,1,6,1,30,6,1598,1,12,2,1,2
2.02E+12,3,9,0,18,0,8,5,0,7,10,4,1,6,2,52,8,1995,2,3,2,1,2
2.02E+12,1,9,0,13,0,4,0,0,1,1,1,1,6,1,22,5,3227,2,17,2,1,2
2.02E+12,1,9,0,18,0,1,0,0,0,0,1,1,6,2,39,7,1598,1,5,5,1,5
2.02E+12,1,11,0,5,0,2,0,0,0,0,0,1,1,1,45,7,6700,2,8,7,1,7
2.02E+12,1,90,0,6,0,8,0,0,0,0,1,1,1,1,22,5,2987,2,2,4,1,4
2.02E+12,2,3,0,13,0,8,0,0,0,0,2,1,1,1,47,8,125,1,5,6,1,6
2.02E+12,1,8,0,3,0,1,0,0,0,0,4,1,1,1,48,8,1950,2,1,4,1,4
2.02E+12,1,8,0,18,0,2,0,0,0,0,1,1,1,1,62,9,2143,2,3,6,1,6
2.02E+12,2,3,0,18,0,2,0,0,0,0,2,1,1,1,20,4,108,1,1,1,1,1
2.02E+12,1,8,0,9,0,8,0,0,0,0,1,1,1,1,52,8,1339,8,6,2,1,2
2.02E+12,2,8,0,18,0,8,0,0,0,0,3,1,6,1,52,8,1997,2,3,5,1,5
2.02E+12,1,3,0,18,0,1,0,0,0,0,1,1,1,1,21,5,124,1,6,8,1,8
2.02E+12,2,19,0,9,0,2,0,0,0,0,3,1,1,1,55,8,2402,2,12,2,1,2
2.02E+12,1,11,0,4,2,1,0,0,0,0,2,1,6,1,39,7,4500,2,2,2,1,2
2.02E+12,1,9,0,4,0,1,0,0,0,0,1,1,6,1,33,6,1497,1,12,3,1,3
2.02E+12,2,19,0,3,0,1,0,0,0,0,2,1,6,1,57,9,2402,2,8,7,1,7
2.02E+12,1,9,0,18,0,1,0,0,0,0,1,1,6,1,47,8,1995,2,12,2,1,2
2.02E+12,2,9,0,4,0,6,0,0,0,0,2,1,2,2,48,8,1591,1,1,3,1,3
2.02E+12,1,9,0,18,0,2,0,0,1,0,4,1,6,2,45,7,2993,2,7,3,1,3
2.02E+12,1,9,0,18,0,1,0,0,0,0,4,1,6,1,62,9,1590,1,13,8,1,8
2.02E+12,1,9,0,18,0,8,0,0,0,0,1,1,2,1,41,7,1797,8,7,2,1,2
2.02E+12,2,19,0,3,0,8,0,0,0,0,2,1,2,1,43,7,2198,2,2,7,1,7
2.02E+12,3,9,0,3,0,8,0,0,0,0,2,1,6,1,47,8,1598,2,3,2,1,2
2.02E+12,1,11,0,18,0,1,0,0,0,0,0,1,1,1,30,6,9000,2,8,2,1,2
2.02E+12,1,9,0,9,0,2,0,0,0,0,1,1,6,2,36,7,998,1,12,2,1,2
2.02E+12,1,9,0,18,0,2,0,0,0,0,4,1,2,1,61,9,999,1,8,2,1,2
2.02E+12,1,19,0,4,0,1,0,0,0,0,1,1,1,1,58,9,2198,2,2,3,1,3
2.02E+12,2,9,0,4,0,1,0,0,0,0,0,1,1,1,66,10,1598,2,2,4,1,4
2.02E+12,1,8,0,9,0,6,0,0,0,0,1,1,1,1,38,7,1798,8,4,6,1,6
2.02E+12,1,5,0,18,0,8,0,11,0,0,1,1,1,1,38,7,599,1,18,9,1,9
2.02E+12,2,11,0,3,0,8,0,0,0,0,0,1,6,1,53,8,4500,2,1,5,1,5
2.02E+12,1,9,0,18,0,1,0,0,0,0,3,1,6,1,46,8,1497,8,10,2,1,2
2.02E+12,2,9,0,9,0,6,0,0,0,0,1,1,6,1,55,8,3199,1,17,3,1,3
2.02E+12,1,9,0,9,0,2,0,0,0,0,1,1,6,2,52,8,1797,8,8,2,1,2
2.02E+12,2,9,0,18,0,3,0,0,0,0,4,1,6,1,55,8,1798,1,7,8,1,8
2.02E+12,2,8,0,18,0,1,0,0,0,0,0,1,1,1,48,8,2499,2,2,6,1,6
2.02E+12,2,3,0,18,0,1,2,0,0,0,2,1,1,1,27,6,745,1,2,1,1,1
2.02E+12,1,9,0,7,0,3,0,0,0,0,1,1,2,1,60,9,2993,2,7,7,3,7
2.02E+12,1,9,0,7,0,7,0,0,0,0,2,1,6,2,60,9,1598,1,7,2,1,2
2.02E+12,2,19,5,10,0,7,0,0,0,0,1,1,1,1,22,5,2977,2,10,7,1,7
2.02E+12,1,9,0,18,9,1,0,0,1,3,1,1,6,2,47,8,1796,1,13,6,1,6
2.02E+12,1,11,0,4,2,1,0,0,0,0,0,1,1,1,50,8,6692,2,7,5,1,5
2.02E+12,1,11,0,7,0,8,0,0,0,0,1,1,1,1,63,9,2143,2,3,2,1,2
2.02E+12,2,9,0,18,0,2,0,0,0,0,4,1,6,1,24,5,1596,1,12,3,1,3
2.02E+12,1,5,0,14,0,1,1,0,0,0,0,1,2,1,40,7,599,1,9,3,1,3
2.02E+12,2,19,0,9,0,1,0,0,0,0,0,1,2,1,40,7,2143,2,4,2,1,2
2.02E+12,2,9,0,18,0,1,1,0,0,0,1,1,6,2,80,11,1229,1,10,4,1,4
2.02E+12,1,5,0,18,0,1,0,0,0,0,1,1,6,1,27,6,782,1,12,8,1,8
2.02E+12,2,19,0,3,0,8,0,0,0,0,1,1,6,1,31,6,1968,2,7,7,1,7
2.02E+12,1,8,0,18,0,1,0,0,0,0,1,1,1,1,45,7,2499,2,6,4,1,4
2.02E+12,1,5,0,5,0,8,0,0,0,0,3,1,6,1,36,7,1198,1,3,8,1,8
2.02E+12,1,9,0,18,0,1,1,7,2,6,2,1,6,1,60,9,2494,8,1,9,1,9
2.02E+12,2,9,0,18,0,1,1,0,0,0,2,1,6,2,22,5,1956,2,8,3,1,3
2.02E+12,3,9,0,18,0,1,0,0,0,0,0,1,2,2,32,6,1598,2,3,9,1,9
2.02E+12,1,9,0,18,0,1,0,0,0,0,1,1,6,2,41,7,1668,1,13,5,1,5
2.02E+12,2,9,0,9,0,1,0,0,0,0,4,1,6,2,25,5,1242,1,1,10,1,10
2.02E+12,1,3,0,9,0,5,0,0,0,0,3,1,1,2,39,7,125,1,3,2,1,2
2.02E+12,1,9,0,9,0,5,0,0,0,0,3,1,6,2,51,8,2378,7,13,2,1,2
2.02E+12,1,9,0,3,0,1,0,0,0,0,2,1,6,2,34,6,1390,1,11,5,1,5
2.02E+12,2,9,0,3,0,1,0,0,0,0,1,1,6,1,20,4,1149,1,14,2,1,2
2.02E+12,1,3,0,7,0,5,1,0,0,0,0,1,6,1,46,8,125,1,11,2,1,2
2.02E+12,2,9,0,18,0,8,0,0,0,0,4,1,6,2,29,6,1242,1,12,2,1,2
2.02E+12,1,3,0,17,0,1,1,0,0,0,0,1,6,1,49,8,124,1,22,8,1,8
2.02E+12,2,9,0,9,0,1,0,0,0,0,0,1,6,1,26,6,1798,1,36,6,1,6
2.02E+12,1,9,0,4,0,1,0,0,0,0,0,1,1,1,37,7,1997,2,4,8,1,8
2.02E+12,1,9,0,1,0,6,0,0,0,0,3,1,6,1,25,5,1598,1,4,4,1,4
2.02E+12,1,9,0,17,0,8,0,0,0,0,1,1,6,1,53,8,1198,1,6,7,1,7
2.02E+12,1,9,0,9,0,1,0,0,3,0,2,1,1,1,21,5,1362,1,4,3,1,3
2.02E+12,1,3,0,18,0,1,0,0,0,0,1,1,6,1,28,6,125,1,3,4,1,4
2.02E+12,1,3,0,18,2,1,2,0,0,0,3,1,2,1,30,6,125,1,12,5,1,5
2.02E+12,2,8,0,11,2,1,0,0,0,0,4,1,1,1,73,10,2499,2,10,10,1,10
2.02E+12,2,8,0,18,0,8,0,0,0,0,4,1,2,1,38,7,1339,8,5,1,1,1
2.02E+12,2,9,0,9,0,1,0,0,0,0,1,1,6,1,47,8,999,1,1,9,1,9
2.02E+12,1,4,0,18,6,1,1,0,0,0,1,1,6,1,22,5,124,1,5,5,1,5
2.02E+12,2,9,0,9,6,5,0,0,0,0,1,1,6,2,46,8,1399,2,5,2,1,2
2.02E+12,1,8,0,4,0,1,0,0,0,0,2,1,1,1,42,7,2499,2,2,2,1,2
2.02E+12,2,8,0,4,0,1,0,0,0,0,1,1,1,1,35,6,1798,8,2,2,1,2
2.02E+12,1,19,0,9,0,1,0,0,0,0,4,1,2,1,21,5,1995,2,9,5,1,5
2.02E+12,2,19,0,3,0,1,0,0,0,0,0,1,6,1,24,5,2402,2,7,5,1,5
2.02E+12,3,5,0,14,2,1,0,0,0,0,1,1,6,1,38,7,599,1,13,3,1,3
2.02E+12,1,19,0,7,0,5,0,0,0,0,4,1,1,1,54,8,2143,2,1,3,1,3
2.02E+12,1,9,0,18,0,1,0,0,0,0,2,1,2,1,25,5,998,1,12,4,1,4
2.02E+12,2,9,0,9,0,1,0,0,0,0,1,1,6,1,26,6,1560,2,4,3,1,3
2.02E+12,2,19,0,18,0,2,0,0,0,0,1,1,1,1,44,7,1598,2,2,7,2,7
2.02E+12,2,9,0,1,0,2,0,0,0,0,0,1,6,1,60,9,1798,1,18,5,1,5
2.02E+12,1,3,0,13,0,1,0,0,0,0,4,1,2,1,23,5,125,1,2,2,1,2
2.02E+12,2,9,0,13,0,1,0,0,0,0,3,1,6,1,39,7,1968,2,5,2,1,2
2.02E+12,1,9,0,1,0,1,0,0,0,0,0,1,6,1,75,10,1598,1,11,3,1,3
2.02E+12,2,8,0,10,0,1,0,0,0,0,3,2,6,1,50,8,1998,2,6,2,1,2
2.02E+12,1,9,0,9,0,1,0,0,0,0,1,1,6,2,43,7,1595,1,4,2,1,2
2.02E+12,2,4,0,18,0,1,0,0,0,0,1,1,6,1,28,6,125,1,9,5,1,5
2.02E+12,1,9,0,5,0,4,0,0,0,0,1,1,6,1,46,8,2995,1,13,7,1,7
2.02E+12,1,19,0,9,0,6,0,0,0,0,1,1,1,1,28,6,2198,2,6,7,1,7
2.02E+12,1,9,0,18,0,1,0,0,0,0,3,1,6,2,35,6,1197,1,1,3,1,3
2.02E+12,1,9,0,6,0,1,0,0,0,0,3,1,6,2,26,6,1197,1,5,3,1,3
2.02E+12,2,3,0,18,0,1,0,0,0,0,1,1,1,1,23,5,125,1,6,2,1,2
2.02E+12,1,19,0,4,0,1,0,0,0,0,1,1,1,1,19,4,1560,2,3,3,1,3
2.02E+12,1,9,0,18,0,8,0,0,0,0,1,1,6,2,55,8,1598,1,12,6,1,6
2.02E+12,1,9,0,7,0,1,0,0,0,0,4,1,6,1,37,7,999,1,1,10,1,10
2.02E+12,2,5,0,18,0,1,0,0,0,0,3,1,1,1,62,9,1255,1,6,1,1,1
2.02E+12,1,3,0,18,0,8,0,0,0,0,1,1,1,1,30,6,125,1,1,2,1,2
2.02E+12,2,3,0,18,0,8,0,0,0,0,1,1,1,1,33,6,108,1,3,2,1,2
2.02E+12,3,9,0,4,0,1,0,0,0,0,3,1,6,1,44,7,1896,2,8,10,3,10
2.02E+12,1,3,0,14,0,1,0,0,0,0,1,1,6,1,38,7,124,1,2,4,1,4
2.02E+12,1,11,0,18,0,2,0,0,0,0,0,1,6,1,43,7,4500,2,5,3,1,3
2.02E+12,1,19,0,7,0,6,0,0,0,0,1,1,1,1,26,6,1968,2,3,6,1,6
2.02E+12,1,11,0,18,0,1,0,0,0,0,1,1,6,1,51,8,4500,2,2,1,1,1
2.02E+12,2,9,0,11,0,1,0,0,0,0,1,1,6,1,35,6,1598,1,8,3,1,3
2.02E+12,1,11,0,5,0,2,0,0,0,0,0,1,1,1,53,8,6700,2,5,4,1,4
2.02E+12,1,4,0,18,0,1,5,0,0,0,1,1,6,1,25,5,124,1,11,6,1,6
2.02E+12,1,9,0,3,0,1,0,0,0,0,2,1,6,2,30,6,1240,1,9,1,1,1
2.02E+12,2,4,0,10,0,1,0,0,0,0,1,1,6,1,47,8,321,1,1,3,1,3
2.02E+12,1,9,0,18,0,1,0,0,3,0,1,1,6,1,18,4,1197,1,2,9,1,9
2.02E+12,2,9,0,18,0,1,0,0,0,0,3,1,6,2,63,9,1598,1,14,4,1,4
2.02E+12,1,9,0,5,0,8,0,0,0,0,1,1,6,2,58,9,2967,2,1,10,1,10
2.02E+12,2,2,0,3,0,8,0,0,0,0,2,1,6,1,38,7,108,1,8,9,1,9