Accident_Index,Vehicle_Reference,Vehicle_Type,Towing_and_Articulation,Vehicle_Manoeuvre,Vehicle_Location-Restricted_Lane,Junction_Location,Skidding_and_Overturning,Hit_Object_in_Carriageway,Vehicle_Leaving_Carriageway,Hit_Object_off_Carriageway,1st_Point_of_Impact,Was_Vehicle_Left_Hand_Drive?,Journey_Purpose_of_Driver,Sex_of_Driver,Age_of_Driver,Age_Band_of_Driver,Engine_Capacity_(CC),Propulsion_Code,Age_of_Vehicle,Driver_IMD_Decile,Driver_Home_Area_Type,Vehicle_IMD_Decile
2.02E+12,1,11,0,11,0,2,0,0,0,0,4,1,1,1,54,8,6700,2,8,4,1,4
2.02E+12,1,11,0,5,0,8,0,0,0,0,0,1,1,1,57,9,5132,2,2,10,1,10
2.02E+12,1,9,0,18,0,1,0,0,0,0,1,1,6,2,20,4,999,1,1,10,1,10
2.02E+12,2,9,0,3,0,2,0,0,0,0,4,1,6,2,52,8,1197,1,2,7,1,7
2.02E+12,3,9,0,3,0,2,0,0,0,0,2,1,6,1,58,9,1360,1,16,7,1,7
2.02E+12,1,9,0,1,0,8,0,0,1,1,2,1,6,2,49,8,1497,8,1,2,1,2
2.02E+12,2,9,0,3,0,1,0,10,0,0,3,1,6,2,45,7,1598,1,17,1,1,1
2.02E+12,1,9,0,18,0,8,0,0,0,0,4,1,6,1,29,6,1199,1,14,9,1,9
2.02E+12,1,5,0,5,0,1,5,0,0,0,4,1,6,1,39,7,599,1,8,5,1,5
2.02E+12,2,9,0,9,0,5,0,0,0,0,0,1,6,1,28,6,998,1,13,2,1,2
2.02E+12,1,19,0,5,0,8,0,0,0,0,1,1,2,1,32,6,1968,2,1,9,1,9
2.02E+12,1,9,0,18,9,1,1,0,1,4,1,1,6,1,26,6,6752,1,2,1,1,1
2.02E+12,2,8,0,6,0,1,0,0,0,0,4,1,1,1,37,7,1598,2,1,1,1,1
2.02E+12,1,9,0,18,0,1,0,4,0,0,1,1,1,1,46,8,1797,8,3,6,1,6
2.02E+12,1,9,0,5,0,1,0,4,0,0,4,1,1,1,41,7,2967,2,5,5,1,5
2.02E+12,2,5,0,5,0,1,0,0,0,0,4,1,1,1,50,8,999,1,6,8,1,8
2.02E+12,1,9,0,9,0,4,0,7,1,10,1,1,6,1,80,11,1242,1,7,9,1,9
2.02E+12,1,9,0,18,0,1,0,0,0,0,3,1,2,1,52,8,1998,1,18,6,1,6
2.02E+12,1,9,0,7,0,1,0,0,0,0,1,1,6,2,66,10,1997,2,2,9,1,9
2.02E+12,1,5,0,13,0,1,0,0,4,7,1,1,6,1,46,8,1078,1,8,4,1,4
2.02E+12,1,8,0,5,0,6,0,0,0,0,1,1,6,1,46,8,1798,8,3,6,1,6
2.02E+12,1,2,0,18,0,1,0,0,0,0,3,1,1,1,41,7,125,1,17,2,1,2
2.02E+12,2,4,0,18,0,1,0,0,0,0,4,1,1,1,34,6,865,1,10,9,1,9
2.02E+12,1,11,0,18,0,4,0,0,0,0,0,1,6,1,54,8,6700,2,7,3,1,3
2.02E+12,1,11,0,5,0,1,0,0,0,0,0,1,1,1,46,8,4461,2,4,8,2,8
2.02E+12,2,9,0,12,0,7,0,0,0,0,1,1,6,1,27,6,1229,1,6,6,1,6
2.02E+12,1,3,0,18,0,1,0,0,0,0,1,1,6,2,21,5,108,1,4,3,1,3
2.02E+12,1,3,0,5,0,8,0,0,0,0,1,1,1,1,16,4,108,1,1,3,1,3
2.02E+12,2,9,0,9,0,8,0,0,0,0,3,1,1,1,59,9,1791,8,6,3,1,3
2.02E+12,1,9,0,4,0,1,0,0,0,0,1,1,6,1,28,6,1999,1,7,9,1,9
2.02E+12,3,9,0,3,0,2,0,0,0,0,2,1,6,1,63,9,3798,1,5,6,1,6
2.02E+12,1,9,0,3,0,1,0,0,0,0,2,1,6,2,59,9,1598,1,8,2,1,2
2.02E+12,2,9,0,4,0,1,0,0,0,0,1,1,6,1,47,8,1598,2,6,1,1,1
2.02E+12,1,9,0,9,0,8,0,0,0,0,4,1,6,1,72,10,1198,1,8,9,3,9
2.02E+12,2,4,0,9,0,1,5,0,0,0,4,1,1,1,25,5,125,1,2,1,1,1
2.02E+12,1,9,0,18,0,1,0,4,0,0,1,1,6,2,25,5,999,1,3,6,1,6
2.02E+12,2,9,0,3,0,1,0,4,0,0,1,1,6,1,24,5,998,1,4,3,1,3
2.02E+12,3,9,0,3,0,1,0,0,0,0,0,1,6,2,48,8,1796,1,3,5,3,5
2.02E+12,1,9,0,9,0,1,0,0,0,0,3,1,6,2,61,9,1242,1,2,2,1,2
2.02E+12,1,9,0,4,0,2,0,0,0,0,1,1,3,1,43,7,1598,2,1,3,1,3
2.02E+12,2,9,0,4,0,2,0,0,0,0,2,1,6,1,61,9,2494,8,3,4,1,4
2.02E+12,1,9,0,12,0,2,0,0,0,0,3,1,6,1,34,6,1398,1,16,4,1,4
2.02E+12,2,8,0,18,0,2,0,10,0,0,4,1,6,1,36,7,1797,8,8,9,1,9
2.02E+12,3,9,0,7,0,6,0,0,0,0,0,1,6,1,46,8,1798,8,3,4,1,4
2.02E+12,2,9,0,5,0,4,0,0,0,0,1,1,6,2,34,6,1995,2,5,3,1,3
2.02E+12,1,9,0,7,0,5,0,0,0,0,3,1,6,1,33,6,1797,8,6,1,1,1
2.02E+12,2,2,0,10,0,8,0,0,0,0,4,1,6,1,28,6,108,1,4,4,1,4
2.02E+12,1,8,0,18,0,4,0,0,0,0,1,1,1,1,55,8,1796,1,6,1,1,1
2.02E+12,2,9,0,9,0,3,0,0,0,0,4,1,6,1,70,10,1149,1,16,2,1,2
2.02E+12,1,9,0,9,0,7,0,0,0,0,4,1,6,1,20,4,1248,2,9,1,1,1
2.02E+12,2,11,0,4,0,8,0,0,0,0,3,1,1,1,38,7,7300,2,13,2,1,2
2.02E+12,2,9,0,4,0,1,0,0,0,0,2,1,6,1,19,4,1395,1,2,3,1,3
2.02E+12,3,9,0,4,0,1,0,0,0,0,2,1,6,1,18,4,1595,1,4,3,1,3
2.02E+12,1,9,0,5,0,1,0,0,0,0,4,1,6,2,38,7,1984,1,4,6,1,6
2.02E+12,1,9,0,5,0,2,0,0,0,0,1,1,6,1,49,8,1368,1,1,2,1,2
2.02E+12,2,9,0,9,0,2,0,0,0,0,1,1,6,1,68,10,1798,8,4,4,1,4
2.02E+12,1,3,0,18,0,5,1,0,0,0,0,1,6,1,19,4,124,1,17,3,1,3
2.02E+12,2,9,0,4,0,1,0,0,0,0,0,1,6,1,63,9,4511,1,12,8,1,8
2.02E+12,1,9,0,1,0,1,0,0,0,0,2,1,6,1,47,8,1968,2,6,6,3,6
2.02E+12,1,9,0,18,0,2,0,0,0,0,1,1,6,2,56,9,999,1,2,7,3,7
2.02E+12,1,8,0,18,0,1,0,0,0,0,3,1,1,1,48,8,1997,2,3,2,1,2
2.02E+12,1,5,0,18,0,1,0,0,0,0,4,1,6,1,52,8,1293,1,8,10,1,10
2.02E+12,1,9,0,18,0,8,5,7,0,0,3,1,6,1,33,6,2143,2,3,2,1,2
2.02E+12,1,8,0,4,0,8,0,0,0,0,2,1,1,1,41,7,1797,8,7,1,1,1
2.02E+12,2,9,0,18,0,8,0,0,0,0,1,1,6,1,37,7,999,1,1,5,1,5
2.02E+12,1,8,0,18,0,1,0,0,0,0,1,1,1,2,69,10,1896,2,7,2,1,2
2.02E+12,1,4,0,3,0,1,0,0,0,0,4,1,6,1,38,7,487,1,13,3,1,3
2.02E+12,2,19,0,9,0,1,0,0,0,0,1,1,1,1,37,7,1598,2,4,5,1,5
2.02E+12,1,8,0,18,0,1,0,4,0,0,4,2,1,1,27,6,1956,2,6,2,1,2
2.02E+12,1,9,0,9,0,6,0,0,7,0,1,1,1,1,41,7,1598,2,5,2,1,2
2.02E+12,1,9,0,4,0,1,0,0,0,0,2,1,1,2,38,7,1461,2,3,8,1,8
2.02E+12,2,19,0,4,0,1,0,0,0,0,1,1,6,1,43,7,2300,2,13,7,1,7
2.02E+12,1,9,0,15,0,8,0,0,0,0,4,1,6,1,54,8,2231,2,5,7,1,7
2.02E+12,2,3,0,18,0,8,0,0,0,0,1,1,6,1,24,5,125,1,3,7,1,7
2.02E+12,1,9,0,18,0,2,1,7,0,0,4,1,6,1,25,5,1499,1,1,1,1,1
2.02E+12,2,9,0,18,0,1,0,0,0,0,1,1,6,1,53,8,1997,2,3,1,1,1
2.02E+12,1,2,0,14,0,1,0,0,0,0,1,1,6,1,23,5,125,1,1,3,1,3
2.02E+12,1,11,0,18,2,1,0,0,0,0,0,1,1,1,56,9,4500,2,7,6,1,6
2.02E+12,1,9,0,9,0,6,0,0,0,0,4,1,6,2,39,7,1598,1,8,7,3,7
2.02E+12,2,11,0,18,0,1,0,0,0,0,1,1,1,1,40,7,6700,2,6,4,1,4
2.02E+12,1,9,0,18,0,1,0,0,0,0,1,1,2,1,60,9,1598,1,16,7,1,7
2.02E+12,2,8,0,18,0,1,0,0,0,0,0,1,1,2,32,6,2143,2,3,6,1,6
2.02E+12,1,9,0,7,0,8,0,0,0,0,4,1,6,2,19,4,1598,1,14,2,1,2
2.02E+12,2,9,0,9,0,8,0,0,0,0,1,1,6,1,26,6,2967,2,6,2,1,2
2.02E+12,2,3,0,18,0,8,0,0,0,0,1,1,6,1,27,6,278,1,4,4,1,4
2.02E+12,2,9,0,5,0,1,0,0,0,0,4,1,6,1,33,6,1461,2,7,3,1,3
2.02E+12,1,8,0,9,0,6,0,0,0,0,1,1,1,1,49,8,1797,8,3,3,1,3
2.02E+12,2,9,0,18,0,1,0,0,0,0,1,1,6,2,34,6,1598,1,10,5,1,5
2.02E+12,1,8,0,9,0,8,0,0,0,0,3,1,6,1,51,8,1968,2,3,5,1,5
2.02E+12,1,9,0,18,0,1,1,0,0,0,3,1,6,1,45,7,698,1,12,8,1,8
2.02E+12,2,9,0,9,0,1,0,0,0,0,1,1,6,1,38,7,1956,2,6,6,1,6
2.02E+12,3,9,0,8,0,1,0,0,0,0,3,1,6,1,51,8,2993,2,7,9,1,9
2.02E+12,1,5,0,18,0,4,2,9,7,0,1,1,6,1,29,6,636,1,14,4,1,4
2.02E+12,1,9,0,14,0,8,0,0,0,0,1,1,6,1,40,7,1995,2,4,2,1,2
2.02E+12,1,9,0,18,0,6,0,0,7,10,4,1,2,1,41,7,1598,1,7,3,1,3
2.02E+12,2,19,0,18,0,8,0,0,0,0,1,1,1,1,38,7,1998,2,12,2,1,2
2.02E+12,1,11,0,10,0,5,0,0,0,0,1,1,6,1,33,6,10667,2,2,5,1,5
2.02E+12,2,3,0,18,0,8,1,0,0,0,1,1,6,1,40,7,125,1,3,6,1,6
2.02E+12,1,9,0,10,0,8,0,0,0,0,1,1,6,2,42,7,1390,1,14,3,1,3
2.02E+12,2,9,0,5,0,8,0,0,0,0,1,1,6,1,28,6,1397,1,16,7,1,7
2.02E+12,1,8,0,9,0,1,0,0,0,0,1,1,1,1,61,9,1998,2,5,4,1,4
2.02E+12,1,5,0,18,0,3,1,0,0,0,1,1,2,1,29,6,998,1,12,4,1,4
2.02E+12,2,9,0,18,0,3,0,0,0,0,2,1,1,1,56,9,6752,1,1,9,1,9
2.02E+12,1,9,0,4,0,1,0,0,0,0,2,1,6,2,53,8,1995,1,10,3,1,3
2.02E+12,2,19,0,4,0,1,0,0,0,0,1,1,6,1,47,8,2148,2,8,3,1,3
2.02E+12,1,8,0,18,0,8,0,0,0,0,1,1,6,1,51,8,1686,2,6,2,1,2
2.02E+12,2,3,0,3,0,8,0,0,0,0,2,1,6,1,39,7,125,1,6,4,1,4
2.02E+12,1,9,0,4,0,1,0,0,0,0,0,1,6,1,54,8,1368,1,2,6,1,6
2.02E+12,1,9,0,9,0,8,0,0,0,0,1,1,2,1,39,7,1910,2,9,1,1,1
2.02E+12,1,4,0,18,0,1,1,0,0,0,1,1,2,1,23,5,398,1,27,5,1,5
2.02E+12,1,9,0,18,9,2,1,7,1,7,4,1,6,1,25,5,1560,2,4,2,1,2
2.02E+12,1,9,0,18,0,1,0,0,0,0,4,1,2,2,31,6,1339,8,11,3,1,3
2.02E+12,1,9,0,5,0,5,0,0,0,0,1,1,2,1,36,7,2204,2,11,6,1,6
2.02E+12,2,9,0,5,0,6,0,0,0,0,1,1,2,2,57,9,1596,1,9,7,1,7
2.02E+12,1,9,0,18,0,8,0,0,0,0,1,1,6,1,31,6,1995,2,6,5,1,5
2.02E+12,2,19,0,9,0,5,0,0,0,0,1,1,1,1,39,7,1461,2,14,1,1,1
2.02E+12,1,11,0,4,0,1,0,0,0,0,0,1,1,1,48,8,6370,2,6,3,1,3
2.02E+12,1,9,0,18,0,8,0,0,0,0,1,1,1,1,56,9,1149,1,6,2,1,2
2.02E+12,1,9,0,18,0,8,0,0,0,0,3,1,6,1,37,7,1956,2,4,7,1,7
2.02E+12,1,2,0,18,0,1,0,0,0,0,0,1,6,1,46,8,249,1,11,8,1,8
2.02E+12,2,9,0,9,0,5,0,0,0,0,2,1,6,1,32,6,2987,2,11,1,1,1
2.02E+12,1,11,0,7,2,5,0,0,0,0,1,1,1,1,57,9,9000,2,8,2,1,2
2.02E+12,2,9,0,18,0,1,0,0,0,0,3,1,6,1,54,8,1299,1,12,5,3,5
2.02E+12,1,3,0,18,0,8,1,0,0,0,0,1,2,1,47,8,125,1,11,9,1,9
2.02E+12,2,8,0,12,0,1,0,0,0,0,0,1,6,1,65,9,1910,2,7,1,1,1
2.02E+12,1,9,0,3,0,4,0,0,0,0,1,1,6,2,32,6,3628,2,10,4,1,4
2.02E+12,2,9,0,3,0,1,0,0,0,0,2,1,6,1,37,7,1910,2,7,1,1,1
2.02E+12,1,9,0,4,0,1,0,0,0,0,4,1,6,2,25,5,1242,1,7,1,1,1
2.02E+12,2,9,0,4,0,1,0,0,0,0,1,1,6,1,23,5,2143,2,3,3,1,3
2.02E+12,1,9,0,18,0,3,0,0,0,0,0,1,6,2,44,7,1597,1,7,3,1,3
2.02E+12,1,21,0,18,0,8,0,0,0,0,0,1,1,1,33,6,12800,2,10,3,1,3
2.02E+12,2,19,0,18,0,1,0,0,0,0,0,1,1,1,53,8,2402,2,14,2,1,2
2.02E+12,1,9,0,9,0,1,0,0,0,0,4,1,1,1,62,9,998,1,18,5,1,5
2.02E+12,2,3,0,18,0,1,0,0,0,0,3,1,1,1,41,7,125,1,18,1,1,1
2.02E+12,1,11,0,7,0,8,0,0,0,0,0,1,1,1,48,8,6696,2,4,4,1,4
2.02E+12,2,9,0,18,0,2,0,0,0,0,1,1,6,1,69,10,2143,2,5,4,1,4
2.02E+12,1,9,0,7,0,2,0,0,0,0,3,1,6,1,44,7,999,1,1,5,1,5
2.02E+12,1,9,0,5,0,1,0,0,0,0,2,1,3,2,35,6,1389,1,12,5,1,5
2.02E+12,2,5,0,18,0,8,5,0,0,0,1,1,6,1,47,8,1050,1,6,3,1,3
2.02E+12,1,11,0,18,0,8,0,0,0,0,0,1,1,1,51,8,6700,2,8,4,1,4
2.02E+12,1,11,0,5,2,2,0,0,0,0,0,1,1,1,50,8,6692,2,8,4,1,4
2.02E+12,2,2,0,18,0,8,0,0,0,0,4,1,2,1,50,8,49,1,9,1,1,1
2.02E+12,1,11,0,4,0,1,0,0,0,0,0,1,1,1,50,8,4500,2,6,2,1,2
2.02E+12,1,5,0,18,0,8,0,0,0,0,1,1,2,1,24,5,645,1,9,4,1,4
2.02E+12,1,9,0,7,4,3,0,0,0,0,4,1,1,1,49,8,1999,1,12,9,1,9
2.02E+12,1,9,0,18,0,1,0,0,0,0,4,1,6,1,73,10,1896,2,8,2,1,2
2.02E+12,1,8,0,4,0,8,0,0,0,0,4,1,1,1,51,8,1497,8,9,2,1,2
2.02E+12,1,9,0,18,0,8,0,0,0,0,1,1,2,1,27,6,1461,2,1,7,1,7
2.02E+12,1,9,0,9,0,1,0,0,0,0,1,1,6,1,84,11,1596,1,16,4,1,4
2.02E+12,1,9,0,18,0,4,0,0,0,0,3,1,1,2,31,6,1242,1,1,10,2,10
2.02E+12,1,9,0,4,0,1,0,0,0,0,3,2,1,1,28,6,1560,2,3,7,1,7
2.02E+12,2,3,0,18,0,2,2,8,0,0,1,1,6,1,17,4,108,1,5,3,1,3
2.02E+12,2,9,0,17,0,1,0,0,0,0,1,1,6,1,38,7,2149,2,10,2,1,2
2.02E+12,1,9,0,9,0,2,0,0,0,0,1,1,2,1,42,7,1339,1,8,3,1,3
2.02E+12,1,9,0,4,0,8,0,0,0,0,3,1,2,2,46,8,1199,1,13,4,1,4
2.02E+12,1,11,0,18,0,1,0,0,0,0,1,1,1,1,55,8,4500,2,3,3,1,3
2.02E+12,2,9,0,7,0,1,0,0,0,0,4,1,6,1,27,6,1995,2,4,5,1,5
2.02E+12,1,3,0,10,0,6,0,0,0,0,3,1,1,2,32,6,124,1,1,2,1,2
2.02E+12,2,9,0,18,0,2,0,0,0,0,1,1,1,1,29,6,998,1,5,1,1,1
2.02E+12,1,9,0,4,0,4,0,0,0,0,3,1,6,1,24,5,1995,2,3,3,1,3
2.02E+12,1,8,0,18,0,8,0,0,0,0,1,1,3,1,41,7,1998,2,5,2,1,2
2.02E+12,1,4,0,18,0,1,0,0,0,0,1,1,2,1,29,6,499,1,6,1,1,1
2.02E+12,1,8,0,18,0,2,0,7,4,10,3,2,1,1,51,8,2776,2,1,10,1,10
2.02E+12,2,9,0,18,0,2,1,0,0,0,1,1,6,1,37,7,3222,2,13,10,1,10
2.02E+12,2,9,0,18,0,3,0,0,0,0,1,1,6,1,56,9,1149,1,16,2,1,2
2.02E+12,1,4,0,13,0,8,2,11,0,0,3,1,2,1,54,8,125,1,9,3,1,3
2.02E+12,2,19,0,1,0,1,0,0,0,0,0,1,1,1,34,6,1995,2,3,4,1,4
2.02E+12,1,11,0,18,0,1,0,0,0,0,1,1,1,1,27,6,9000,2,9,7,1,7
2.02E+12,2,9,0,17,0,1,0,0,0,0,4,1,2,1,40,7,1997,2,14,4,1,4
2.02E+12,1,4,0,4,0,8,1,0,0,0,1,1,6,1,22,5,599,1,18,6,3,6
2.02E+12,2,9,0,9,0,8,0,0,0,0,1,1,6,1,60,9,2993,2,10,6,1,6
2.02E+12,1,21,0,5,0,2,0,0,0,0,3,1,1,1,41,7,10677,2,1,9,1,9
2.02E+12,1,3,0,18,0,1,0,0,0,0,1,1,6,1,25,5,124,1,2,6,1,6
2.02E+12,2,9,0,9,0,8,0,0,1,10,1,1,6,1,56,9,1598,1,9,4,1,4
2.02E+12,1,19,0,18,0,2,0,0,0,0,1,1,2,1,56,9,2198,2,6,2,1,2
2.02E+12,2,9,0,9,0,6,0,0,0,0,4,1,6,2,23,5,1388,1,14,2,1,2
2.02E+12,3,9,0,5,0,2,0,0,0,0,4,1,2,1,23,5,1240,1,10,5,1,5
2.02E+12,1,19,0,18,0,8,0,0,0,0,3,1,1,1,62,9,1998,2,13,5,1,5
2.02E+12,1,8,0,9,0,8,0,0,0,0,3,1,1,1,45,7,1797,8,6,2,1,2
2.02E+12,2,3,0,18,0,8,1,0,0,0,4,1,6,1,24,5,125,1,2,4,1,4
2.02E+12,1,19,0,7,0,1,0,0,0,0,4,1,2,1,30,6,2198,2,1,4,1,4
2.02E+12,1,9,0,18,8,3,0,0,0,0,2,1,6,1,58,9,1598,1,21,6,1,6
2.02E+12,1,9,0,4,0,2,0,0,0,0,1,1,6,2,62,9,1896,2,8,2,1,2
2.02E+12,2,9,0,18,0,2,0,0,0,0,1,1,6,1,67,10,1998,1,17,5,1,5
2.02E+12,2,9,0,18,0,1,1,0,0,0,3,1,6,1,40,7,2993,2,11,5,1,5
2.02E+12,1,11,0,1,0,1,0,0,0,0,2,1,1,1,60,9,9000,2,7,3,1,3
2.02E+12,1,3,0,18,0,6,0,0,0,0,1,1,1,1,21,5,124,1,9,6,1,6
2.02E+12,2,9,0,5,0,6,0,0,0,0,3,1,2,1,25,5,1968,2,3,3,1,3
2.02E+12,1,9,0,5,0,6,0,0,0,0,1,1,6,2,45,7,1796,1,18,4,1,4
2.02E+12,2,8,0,18,0,2,0,0,0,0,3,1,1,1,45,7,1997,2,5,1,1,1
2.02E+12,1,2,0,18,0,8,0,0,0,0,1,1,2,1,22,5,49,1,1,2,1,2
2.02E+12,2,9,0,10,0,8,0,0,0,0,3,1,2,2,34,6,1995,2,4,1,1,1
2.02E+12,1,9,0,3,0,1,0,0,3,10,3,1,6,2,26,6,1388,1,8,3,1,3
2.02E+12,1,9,0,9,0,8,0,0,0,0,3,1,1,1,38,7,1395,1,1,2,1,2
2.02E+12,2,3,0,13,0,8,0,0,0,0,1,1,1,1,27,6,125,1,1,8,1,8
2.02E+12,1,9,0,3,0,4,0,0,0,0,2,1,6,1,36,7,1299,1,15,9,1,9
2.02E+12,1,9,0,16,0,3,0,7,0,0,1,1,6,1,40,7,1560,2,3,6,1,6
2.02E+12,1,9,0,1,9,8,0,0,0,0,2,1,6,1,50,8,2148,2,12,5,1,5
2.02E+12,1,9,0,18,0,1,0,0,0,0,1,1,6,1,68,10,1298,1,15,2,1,2
2.02E+12,1,4,0,11,2,1,0,0,0,0,2,1,6,1,44,7,125,1,8,2,1,2
2.02E+12,2,11,0,11,2,1,0,0,0,0,1,1,6,1,41,7,4500,2,1,3,1,3
2.02E+12,1,9,0,18,0,2,0,0,0,0,2,1,6,1,31,6,2979,1,14,4,1,4
2.02E+12,2,9,0,18,0,1,0,0,0,0,2,1,6,1,19,4,1896,2,14,7,1,7
2.02E+12,3,9,0,18,0,1,0,0,0,0,1,1,6,1,27,6,1595,1,4,3,1,3
2.02E+12,1,9,0,5,0,7,0,0,0,0,3,1,6,2,23,5,1198,1,14,6,1,6
2.02E+12,1,9,0,10,0,8,0,0,0,0,1,1,6,1,49,8,1968,2,10,1,1,1
2.02E+12,1,9,0,9,0,6,0,0,0,0,1,1,6,2,28,6,1591,1,5,3,1,3
2.02E+12,1,5,0,18,0,2,0,0,0,0,1,1,6,1,23,5,803,1,4,5,1,5
2.02E+12,2,9,0,12,0,2,0,0,0,0,3,2,6,1,26,6,2143,2,3,3,1,3
2.02E+12,1,9,0,5,0,6,0,0,0,0,1,1,6,1,53,8,1389,1,19,1,1,1
2.02E+12,2,3,0,4,0,1,0,0,0,0,4,1,2,1,22,5,125,1,2,1,1,1
2.02E+12,1,19,0,9,0,6,0,0,0,0,1,1,1,1,28,6,2143,2,2,4,1,4
2.02E+12,2,5,0,14,0,1,0,10,0,0,1,1,6,1,32,6,471,1,2,9,1,9
2.02E+12,1,11,0,5,0,1,0,0,0,0,3,1,1,1,50,8,4461,2,4,2,1,2
2.02E+12,1,9,0,18,0,2,0,0,0,0,1,1,2,2,29,6,1198,1,8,3,1,3
2.02E+12,2,19,0,18,0,1,0,0,0,0,3,1,1,1,45,7,1968,2,13,3,1,3
2.02E+12,1,9,0,5,0,8,0,0,0,0,1,1,3,2,25,5,2993,2,7,8,1,8
2.02E+12,2,9,0,18,0,2,2,0,1,10,1,1,6,1,26,6,1956,2,2,10,1,10
2.02E+12,3,9,0,4,0,2,0,0,0,0,1,1,2,1,55,8,1598,1,8,10,1,10
2.02E+12,1,9,5,18,0,8,0,7,1,7,3,1,6,2,28,6,1968,2,4,5,2,5
2.02E+12,2,9,0,7,0,8,0,0,1,2,4,1,6,2,36,7,2497,2,5,2,1,2
2.02E+12,1,11,0,18,0,1,0,0,0,0,0,1,1,2,63,9,6692,2,7,3,1,3
2.02E+12,1,9,0,9,0,8,0,0,0,0,3,1,1,2,44,7,1997,1,13,5,1,5
2.02E+12,1,9,0,9,0,5,0,0,2,5,1,1,6,2,45,7,2143,2,5,2,1,2
2.02E+12,1,9,0,7,0,8,1,0,0,0,3,1,6,2,22,5,1199,2,4,2,1,2
2.02E+12,1,11,0,18,2,1,0,0,0,0,0,1,1,1,59,9,5132,2,3,2,1,2
2.02E+12,1,9,0,18,0,1,0,0,0,0,4,1,6,1,28,6,1299,1,9,3,1,3
2.02E+12,1,9,0,9,0,8,0,0,0,0,1,1,2,1,37,7,1995,2,6,3,1,3
2.02E+12,1,9,0,5,0,6,0,0,0,0,4,1,6,1,53,8,1386,1,13,3,1,3
2.02E+12,2,3,0,17,0,1,0,0,0,0,4,1,6,1,64,9,124,1,6,3,1,3
2.02E+12,1,2,0,7,0,3,1,0,0,0,4,1,6,1,24,5,49,1,16,9,3,9
2.02E+12,1,8,0,8,0,5,0,0,0,0,4,1,3,1,62,9,1896,2,10,2,1,2
2.02E+12,1,9,0,3,0,2,0,0,0,0,2,1,6,2,40,7,1896,2,10,4,1,4
2.02E+12,2,9,0,3,0,2,0,0,0,0,2,1,6,1,52,8,1997,2,2,2,1,2
2.02E+12,3,9,0,18,0,8,0,0,0,0,1,1,6,2,38,7,2179,2,2,2,1,2
2.02E+12,2,9,0,18,0,8,0,4,1,10,1,1,6,1,23,5,1364,1,8,4,1,4
2.02E+12,1,19,0,9,0,8,0,0,0,0,1,1,1,2,43,7,2198,2,2,1,1,1
2.02E+12,1,11,0,5,2,1,0,4,0,0,4,1,1,1,35,6,9360,2,6,4,1,4
2.02E+12,1,5,0,4,0,1,0,0,0,0,1,1,2,1,49,8,1050,1,7,5,1,5
2.02E+12,1,19,0,5,0,1,0,0,0,0,1,1,2,1,55,8,2148,2,12,7,1,7
2.02E+12,2,3,0,13,0,1,1,0,0,0,1,1,6,1,57,9,249,1,5,8,1,8
2.02E+12,1,19,0,9,0,1,0,0,0,0,1,1,1,1,25,5,2287,2,2,3,1,3
2.02E+12,2,3,0,18,9,8,0,0,1,10,1,1,6,1,30,6,124,1,9,6,1,6
2.02E+12,1,8,0,5,9,1,0,11,1,2,1,1,1,1,51,8,2499,2,9,2,1,2
2.02E+12,1,4,0,13,0,3,0,0,0,0,1,1,2,1,51,8,125,1,3,8,1,8
2.02E+12,1,11,0,18,0,8,0,0,0,0,0,1,1,2,65,9,9000,2,8,2,1,2
2.02E+12,1,9,0,18,0,8,0,0,0,0,1,1,6,1,23,5,1984,2,1,10,1,10
2.02E+12,2,8,0,4,0,8,0,0,0,0,2,1,1,1,55,8,2402,2,14,2,1,2
2.02E+12,3,9,0,3,0,8,0,0,0,0,2,1,6,2,26,6,1242,1,5,7,1,7
2.02E+12,1,8,0,12,0,8,0,0,0,0,3,1,1,1,29,6,2143,2,2,6,1,6
2.02E+12,2,3,0,18,0,8,0,0,0,0,4,1,1,1,43,7,125,1,1,1,1,1
2.02E+12,1,9,0,3,0,5,0,0,0,0,1,1,1,1,34,6,1598,2,2,4,1,4
2.02E+12,2,9,0,3,0,1,0,0,0,0,2,1,1,1,41,7,1296,1,10,5,1,5
2.02E+12,1,9,0,5,0,8,0,0,0,0,1,1,6,1,80,11,1997,1,16,5,1,5
2.02E+12,1,3,0,18,0,1,0,0,0,0,1,1,6,1,26,6,125,1,1,2,1,2
2.02E+12,2,9,0,3,0,1,0,0,0,0,2,1,6,1,51,8,1896,2,7,3,1,3
2.02E+12,1,19,0,9,0,8,0,0,0,0,1,1,1,1,40,7,2143,2,4,2,1,2
2.02E+12,1,9,0,18,0,1,0,0,0,0,2,1,6,2,43,7,1995,1,9,1,1,1
2.02E+12,2,9,0,18,0,1,0,0,0,0,2,1,2,1,42,7,1968,2,10,3,1,3
2.02E+12,3,9,0,18,0,1,0,0,0,0,1,1,2,2,27,6,1998,8,1,6,1,6
2.02E+12,1,9,0,9,8,1,0,0,0,0,1,1,6,2,25,5,1395,1,2,3,1,3
2.02E+12,2,3,0,5,0,1,0,0,0,0,1,1,6,1,31,6,125,1,7,7,1,7
2.02E+12,1,9,0,9,0,5,0,0,0,0,3,1,6,1,25,5,1598,1,10,1,1,1
2.02E+12,2,5,0,18,0,8,0,0,0,0,1,1,2,2,36,7,599,1,18,3,1,3
2.02E+12,1,9,0,5,0,1,0,0,0,0,1,1,6,1,38,7,1299,1,12,3,1,3