Accident_Index,Vehicle_Reference,Vehicle_Type,Towing_and_Articulation,Vehicle_Manoeuvre,Vehicle_Location-Restricted_Lane,Junction_Location,Skidding_and_Overturning,Hit_Object_in_Carriageway,Vehicle_Leaving_Carriageway,Hit_Object_off_Carriageway,1st_Point_of_Impact,Was_Vehicle_Left_Hand_Drive?,Journey_Purpose_of_Driver,Sex_of_Driver,Age_of_Driver,Age_Band_of_Driver,Engine_Capacity_(CC),Propulsion_Code,Age_of_Vehicle,Driver_IMD_Decile,Driver_Home_Area_Type,Vehicle_IMD_Decile
2.02E+12,2,3,0,18,0,8,5,0,0,0,1,1,2,1,31,6,124,1,8,6,1,6
2.02E+12,1,21,1,4,0,1,0,0,0,0,1,1,1,1,38,7,12809,2,1,7,1,7
2.02E+12,2,2,0,14,0,6,0,0,0,0,4,1,6,1,56,9,108,1,5,2,1,2
2.02E+12,1,9,0,9,0,5,0,0,0,0,4,1,6,1,37,7,1968,2,10,4,1,4
2.02E+12,1,9,0,9,0,2,0,0,0,0,3,1,6,1,66,10,2143,2,7,7,1,7
2.02E+12,2,9,0,9,0,6,0,0,0,0,3,1,6,1,32,6,1198,1,6,2,1,2
2.02E+12,1,11,0,5,2,1,0,0,0,0,1,1,1,2,52,8,6700,2,5,5,1,5
2.02E+12,1,9,0,1,0,2,0,0,0,0,2,1,6,1,20,4,1598,2,6,3,1,3
2.02E+12,1,11,0,18,0,1,0,0,0,0,1,1,1,1,52,8,6696,2,4,4,1,4
2.02E+12,1,9,0,10,0,6,0,0,0,0,1,1,2,1,23,5,1997,2,6,2,1,2
2.02E+12,2,3,0,18,0,1,0,0,0,0,1,1,2,1,24,5,125,1,8,4,1,4
2.02E+12,1,9,0,9,0,5,0,0,0,0,1,1,2,2,53,8,1805,1,17,6,1,6
2.02E+12,1,9,0,9,0,6,0,0,0,0,3,1,6,2,40,7,1397,1,13,4,1,4
2.02E+12,2,3,0,18,0,1,0,0,0,0,1,1,6,1,18,4,125,1,5,5,1,5
2.02E+12,2,9,0,3,0,1,0,0,0,0,2,1,6,1,39,7,1968,2,8,4,1,4
2.02E+12,1,9,0,10,0,1,0,0,0,0,2,1,1,1,38,7,1560,2,3,3,1,3
2.02E+12,1,19,0,9,0,8,0,0,0,0,1,1,2,1,49,8,2198,2,2,3,1,3
2.02E+12,1,8,0,18,0,8,0,0,0,0,1,1,1,1,65,9,1798,8,2,9,1,9
2.02E+12,1,19,0,18,0,1,0,0,0,0,3,1,6,1,43,7,2198,2,2,3,1,3
2.02E+12,2,3,0,7,0,8,2,0,0,0,1,1,1,2,32,6,125,1,2,3,1,3
2.02E+12,1,9,0,18,0,1,0,0,0,0,4,1,1,1,43,7,1329,1,4,4,1,4
2.02E+12,1,9,0,9,0,6,0,0,0,0,1,1,6,2,27,6,1360,1,13,9,1,9
2.02E+12,2,3,0,18,0,1,0,0,0,0,4,1,2,1,38,7,125,1,1,5,1,5
2.02E+12,1,9,0,7,0,2,0,0,0,0,1,1,6,1,57,9,1560,2,11,3,1,3
2.02E+12,2,9,3,4,0,2,0,0,0,0,2,1,6,1,20,4,1798,1,1,6,1,6
2.02E+12,1,19,0,9,0,5,0,0,0,0,1,1,1,1,26,6,1598,2,1,4,1,4
2.02E+12,1,11,0,3,2,2,0,0,0,0,0,1,1,1,63,9,5132,2,1,3,1,3
2.02E+12,1,3,0,5,0,1,1,0,0,0,0,1,2,1,25,5,125,1,2,2,1,2
2.02E+12,1,9,0,17,0,8,0,0,0,0,1,1,6,1,42,7,1149,1,11,8,1,8
2.02E+12,2,9,0,10,0,8,0,0,0,0,2,1,6,1,51,8,1390,1,17,10,1,10
2.02E+12,3,3,0,3,0,8,0,0,0,0,2,1,6,1,24,5,125,1,2,10,1,10
2.02E+12,1,9,0,4,0,4,0,0,0,0,1,1,6,2,32,6,1598,1,5,1,1,1
2.02E+12,2,9,0,3,0,1,0,0,0,0,2,1,1,1,21,5,1248,2,4,7,1,7
2.02E+12,1,19,0,6,0,6,0,0,0,0,2,1,1,1,26,6,1598,2,1,1,1,1
2.02E+12,1,9,0,17,0,8,0,0,0,0,4,1,6,2,41,7,2199,2,6,7,1,7
2.02E+12,2,9,0,5,0,8,0,0,0,0,3,1,6,2,17,4,998,1,4,2,1,2
2.02E+12,1,9,0,4,0,8,0,0,0,0,0,1,6,2,27,6,1560,2,9,3,1,3
2.02E+12,1,9,0,9,0,8,0,0,0,0,1,1,6,1,25,5,1796,1,12,9,1,9
2.02E+12,2,9,0,18,0,8,0,0,0,0,1,1,6,2,54,8,1339,8,6,5,1,5
2.02E+12,1,9,0,18,0,8,0,0,0,0,3,1,6,1,39,7,1598,1,14,5,1,5
2.02E+12,2,9,0,9,0,1,0,0,0,0,4,1,6,2,50,8,1339,1,11,7,1,7
2.02E+12,1,9,0,10,0,8,0,0,0,0,1,1,1,1,53,8,1598,1,5,7,1,7
2.02E+12,1,9,0,4,0,1,0,0,0,0,3,1,6,1,32,6,1229,1,4,1,1,1
2.02E+12,2,19,0,18,0,2,0,0,0,0,1,1,1,1,43,7,2143,2,4,6,1,6
2.02E+12,1,9,0,5,0,8,0,0,0,0,4,2,6,2,36,7,1998,1,14,4,1,4
2.02E+12,1,3,0,18,0,2,0,0,0,0,2,1,6,1,21,5,124,1,13,1,1,1
2.02E+12,2,9,0,18,0,2,0,0,0,0,1,1,6,1,68,10,2685,2,14,2,1,2
2.02E+12,1,11,0,18,0,8,0,0,0,0,3,1,1,1,39,7,7300,2,14,1,1,1
2.02E+12,2,9,0,7,0,8,0,10,3,0,4,1,6,2,54,8,1299,1,9,7,1,7
2.02E+12,1,9,0,10,0,5,0,0,0,0,1,1,2,2,24,5,1999,2,1,5,1,5
2.02E+12,1,19,0,18,0,8,0,0,1,10,1,1,1,1,26,6,2287,2,4,2,1,2
2.02E+12,2,9,0,18,0,8,0,0,7,10,1,1,6,1,19,4,1398,1,2,1,1,1
2.02E+12,1,9,0,9,0,2,0,0,0,0,1,1,2,1,32,6,1956,2,4,8,1,8
2.02E+12,1,19,0,18,0,8,0,0,0,0,1,1,1,1,42,7,2287,2,2,1,1,1
2.02E+12,1,19,0,18,0,5,0,0,0,0,1,1,2,1,38,7,2298,2,2,4,1,4
2.02E+12,1,9,0,9,0,8,0,4,0,0,1,1,6,1,19,4,1229,1,5,3,1,3
2.02E+12,1,4,0,18,0,1,1,0,0,0,4,1,1,1,39,7,125,1,1,2,1,2
2.02E+12,1,19,0,9,0,6,0,0,0,0,1,1,2,1,33,6,2143,2,7,9,1,9
2.02E+12,1,9,0,3,0,1,0,0,0,0,4,1,6,2,57,9,2993,2,7,3,1,3
2.02E+12,1,9,0,9,0,5,0,0,0,0,1,1,6,2,34,6,1798,1,8,3,1,3
2.02E+12,1,11,0,5,2,1,0,0,0,0,0,1,6,1,52,8,4500,2,2,5,1,5
2.02E+12,1,9,0,18,0,1,0,0,0,0,1,1,6,1,36,7,1390,1,8,8,1,8
2.02E+12,2,9,0,3,0,1,0,0,0,0,2,1,6,2,27,6,1598,2,3,8,1,8
2.02E+12,1,9,0,10,0,1,0,0,0,0,4,1,6,2,44,7,1242,1,5,2,1,2
2.02E+12,2,8,0,3,0,1,0,0,0,0,1,1,1,1,61,9,1968,2,7,8,1,8
2.02E+12,1,9,0,8,0,1,0,0,0,0,2,1,2,1,39,7,1991,1,2,1,1,1
2.02E+12,1,11,0,13,0,1,0,0,0,0,4,1,1,1,39,7,4461,2,4,3,1,3
2.02E+12,1,9,0,9,0,3,0,0,0,0,1,1,2,1,45,7,1248,2,11,2,1,2
2.02E+12,2,3,0,18,0,4,0,0,0,0,1,1,2,1,18,4,125,1,9,1,1,1
2.02E+12,1,9,0,3,0,4,0,0,0,0,2,1,6,1,34,6,1461,2,6,8,1,8
2.02E+12,1,8,0,18,0,2,0,0,0,0,1,1,1,1,57,9,1797,8,5,9,1,9
2.02E+12,1,11,0,4,0,1,0,0,0,0,2,1,1,1,72,10,4500,2,1,8,1,8
2.02E+12,1,9,0,5,0,4,0,0,0,0,1,1,3,2,38,7,1242,1,14,3,1,3
2.02E+12,1,9,0,18,0,2,0,0,0,0,1,1,6,1,67,10,1796,1,8,6,1,6
2.02E+12,2,9,0,18,0,8,0,0,0,0,4,1,3,2,45,7,1498,1,10,6,1,6
2.02E+12,1,9,0,9,0,6,0,0,0,0,3,1,6,2,42,7,1951,2,13,1,1,1
2.02E+12,2,9,0,18,0,1,0,0,1,4,3,1,2,1,32,6,998,1,7,3,1,3
2.02E+12,1,9,0,3,0,1,0,0,0,0,2,1,2,2,35,6,2688,2,13,8,1,8
2.02E+12,2,9,0,3,0,1,1,0,0,0,1,1,2,2,40,7,2995,1,9,4,1,4
2.02E+12,1,9,0,7,0,6,0,0,0,0,3,1,3,1,47,8,1339,8,7,6,1,6
2.02E+12,1,9,0,5,0,8,0,0,0,0,1,1,6,1,27,6,1596,1,9,4,1,4
2.02E+12,1,9,0,9,0,6,0,0,0,0,1,1,2,1,28,6,1910,2,10,2,1,2
2.02E+12,1,9,0,18,0,2,0,0,0,0,1,1,6,1,24,5,599,1,14,7,1,7
2.02E+12,1,5,0,18,0,1,0,0,0,0,1,1,6,1,34,6,998,1,12,3,1,3
2.02E+12,1,5,0,13,0,1,0,0,0,0,1,1,6,1,53,8,1050,1,11,4,1,4
2.02E+12,1,9,0,4,0,2,0,0,0,0,4,1,6,2,44,7,1299,1,9,6,1,6
2.02E+12,1,8,0,5,0,8,0,0,0,0,1,1,2,1,46,8,1997,2,3,8,1,8
2.02E+12,1,3,0,18,0,1,0,0,0,0,1,1,6,1,17,4,124,1,17,1,1,1
2.02E+12,1,9,0,15,0,8,0,4,0,0,1,1,1,1,38,7,5981,1,10,4,1,4
2.02E+12,2,9,0,3,0,2,0,0,0,0,2,1,6,2,69,10,2967,1,14,7,1,7
2.02E+12,2,9,0,5,9,2,1,0,1,0,4,1,6,2,26,6,1598,1,10,2,1,2
2.02E+12,1,19,0,9,0,1,0,0,0,0,1,1,1,1,39,7,2143,2,5,3,1,3
2.02E+12,1,11,0,5,0,2,0,0,0,0,0,1,1,1,37,7,9360,2,8,4,1,4
2.02E+12,1,9,0,9,0,2,0,0,0,0,1,1,2,1,30,6,1995,2,1,5,1,5
2.02E+12,1,19,0,9,0,1,0,0,0,0,1,1,6,1,46,8,1598,2,5,7,3,7
2.02E+12,1,9,0,18,0,1,0,0,0,0,1,1,6,1,32,6,1590,1,13,5,1,5
2.02E+12,1,9,0,3,0,1,1,0,0,0,2,1,6,2,49,8,1398,1,15,3,1,3
2.02E+12,1,21,0,5,0,1,0,0,0,0,1,1,1,1,52,8,6692,2,6,5,1,5
2.02E+12,1,9,0,9,0,5,0,0,0,0,1,1,6,1,31,6,1956,2,4,3,1,3
2.02E+12,1,9,0,9,0,1,0,0,0,0,3,1,1,1,64,9,2148,2,8,5,1,5
2.02E+12,2,3,0,7,0,2,0,0,0,0,3,1,1,1,35,6,125,1,9,3,1,3
2.02E+12,1,9,0,3,0,1,0,0,0,0,4,1,6,1,57,9,1560,2,6,8,1,8
2.02E+12,1,9,0,9,0,8,0,0,0,0,1,1,6,1,73,10,1395,1,4,2,1,2
2.02E+12,2,3,0,18,0,8,5,0,0,0,3,1,1,1,35,6,125,1,12,5,1,5
2.02E+12,1,9,0,18,0,8,0,0,0,0,0,1,6,2,46,8,1591,1,8,7,1,7
2.02E+12,2,9,0,18,0,2,0,0,0,0,1,1,6,1,46,8,2993,2,3,8,1,8
2.02E+12,1,9,0,9,0,5,0,0,0,0,1,1,6,1,64,9,1995,2,14,5,1,5
2.02E+12,1,8,0,18,0,1,0,0,0,0,0,1,1,1,58,9,2499,2,7,6,1,6
2.02E+12,2,8,0,7,0,2,0,0,0,0,0,1,1,1,56,9,1997,2,5,1,1,1
2.02E+12,1,9,4,18,0,6,0,0,0,0,1,1,6,1,27,6,1248,2,1,9,1,9
2.02E+12,2,9,4,17,0,6,5,0,0,0,4,1,6,2,33,6,1398,1,1,1,1,1
2.02E+12,3,9,0,18,0,1,0,0,0,0,2,1,6,1,25,5,1390,1,15,9,1,9
2.02E+12,1,9,0,17,0,2,0,0,0,0,4,1,1,1,58,9,796,1,8,7,1,7
2.02E+12,1,9,0,18,0,1,0,4,0,0,1,1,6,1,32,6,1998,1,14,2,1,2
2.02E+12,2,21,0,4,0,1,0,0,0,0,2,1,1,1,39,7,6700,2,1,2,1,2
2.02E+12,3,11,0,4,0,1,0,0,0,0,3,1,1,1,59,9,4500,2,3,3,1,3
2.02E+12,1,19,0,8,0,1,0,0,0,0,3,1,1,1,48,8,2461,2,11,9,1,9
2.02E+12,2,3,0,3,0,1,0,0,0,0,0,1,2,1,46,8,125,1,6,3,1,3
2.02E+12,1,11,0,18,0,2,0,0,0,0,0,1,1,1,49,8,9000,2,8,8,1,8
2.02E+12,1,9,0,18,0,1,1,0,1,0,3,1,2,1,60,9,1388,1,10,4,1,4
2.02E+12,1,3,0,18,0,1,2,0,0,0,0,1,2,2,38,7,124,1,4,7,1,7
2.02E+12,1,19,0,7,0,5,0,0,0,0,4,1,1,1,39,7,1499,2,1,7,3,7
2.02E+12,2,5,0,18,2,1,2,10,0,0,1,1,1,1,37,7,745,1,2,3,1,3
2.02E+12,1,9,0,7,0,1,0,0,0,0,4,1,6,1,63,9,1956,2,6,4,1,4
2.02E+12,2,3,0,15,0,8,0,0,0,0,3,1,6,1,37,7,125,1,4,5,1,5
2.02E+12,1,9,0,5,0,1,0,0,0,0,1,1,6,1,41,7,1390,1,4,4,1,4
2.02E+12,2,9,0,18,0,8,0,0,0,0,4,1,6,2,42,7,1197,1,3,4,1,4
2.02E+12,1,9,0,18,0,2,0,0,0,0,4,1,6,1,71,10,1597,1,8,6,1,6
2.02E+12,1,9,0,18,0,1,0,0,0,0,1,1,2,2,66,10,1197,1,1,4,1,4
2.02E+12,1,8,0,18,0,1,0,0,0,0,4,1,6,1,37,7,1998,2,7,3,1,3
2.02E+12,2,9,0,9,6,6,0,0,0,0,1,1,6,1,35,6,1596,1,6,3,1,3
2.02E+12,1,9,0,18,0,8,0,0,0,0,1,1,3,1,34,6,1597,1,10,4,1,4
2.02E+12,2,9,0,9,0,6,0,0,0,0,1,1,3,1,48,8,1596,1,13,6,1,6
2.02E+12,1,9,0,5,0,5,0,0,0,0,4,1,6,1,72,10,1497,8,1,8,1,8
2.02E+12,1,19,0,3,0,2,0,0,0,0,2,1,3,1,55,8,1870,2,14,3,1,3
2.02E+12,1,8,0,3,0,2,0,0,0,0,2,1,1,1,39,7,1686,2,4,2,1,2
2.02E+12,2,11,0,18,0,2,0,0,0,0,1,1,1,1,29,6,4461,2,3,2,1,2
2.02E+12,1,9,0,5,0,8,0,0,0,0,1,1,6,1,65,9,1984,1,16,7,1,7
2.02E+12,1,9,0,7,0,5,0,0,0,0,1,1,6,1,25,5,1388,1,8,2,1,2
2.02E+12,1,9,0,9,0,8,0,0,0,0,1,1,1,2,21,5,1364,1,3,5,3,5
2.02E+12,2,9,0,9,0,1,0,0,0,0,3,1,2,1,31,6,1389,1,19,3,1,3
2.02E+12,1,9,0,18,0,2,0,0,0,0,1,1,6,1,49,8,2143,2,2,6,1,6
2.02E+12,1,19,0,18,0,1,0,0,0,0,1,1,2,1,29,6,2198,2,11,3,1,3
2.02E+12,2,9,0,18,0,8,0,0,0,0,4,1,6,1,34,6,2171,1,14,2,1,2
2.02E+12,1,9,0,18,0,1,0,0,0,0,4,1,6,2,76,11,1798,8,3,5,1,5
2.02E+12,1,11,0,10,0,1,0,0,0,0,3,1,1,1,62,9,4461,2,3,4,1,4
2.02E+12,2,9,0,3,0,1,0,0,0,0,2,1,2,1,41,7,1968,2,4,2,1,2
2.02E+12,3,9,0,3,0,1,0,0,0,0,2,1,2,1,57,9,1999,1,16,3,1,3
2.02E+12,4,9,0,3,0,1,0,0,0,0,2,1,2,2,36,7,2995,1,14,1,1,1
2.02E+12,5,9,0,3,0,1,0,0,0,0,2,2,6,2,29,6,1995,2,8,1,1,1
2.02E+12,6,9,0,3,0,1,0,0,0,0,2,1,2,1,63,9,2148,2,15,3,1,3
2.02E+12,7,9,0,3,0,1,0,0,0,0,2,2,2,1,47,8,1968,2,1,2,1,2
2.02E+12,1,9,0,9,0,5,0,0,0,0,0,1,6,1,22,5,1598,1,9,6,1,6
2.02E+12,2,3,0,18,0,8,1,0,0,0,1,1,6,1,21,5,125,1,2,4,1,4
2.02E+12,1,9,0,4,0,1,0,0,0,0,1,2,2,1,19,4,1124,1,13,2,1,2
2.02E+12,2,9,0,9,0,1,0,0,0,0,0,1,6,1,67,10,1998,1,18,1,1,1
2.02E+12,3,5,0,18,0,1,0,4,0,0,1,1,6,1,48,8,599,1,16,5,1,5
2.02E+12,1,9,0,9,0,2,0,0,0,0,1,1,2,1,54,8,2987,2,7,7,1,7
2.02E+12,2,3,0,18,0,2,2,0,0,0,1,1,2,1,25,5,124,1,10,5,1,5
2.02E+12,1,9,0,9,0,5,0,0,0,0,4,1,1,1,36,7,1995,2,4,7,1,7
2.02E+12,1,9,0,3,0,7,0,0,0,0,1,1,2,1,46,8,1968,2,10,2,1,2
2.02E+12,2,5,0,3,0,7,0,0,0,0,2,1,2,1,40,7,599,1,11,1,1,1
2.02E+12,1,9,0,9,0,6,0,0,0,0,1,1,6,2,39,7,1197,1,1,6,1,6
2.02E+12,1,19,0,18,0,1,0,0,0,0,1,1,1,1,42,7,1968,2,6,3,1,3
2.02E+12,1,10,0,18,0,8,0,0,0,0,3,1,6,2,52,8,2287,2,6,2,1,2
2.02E+12,2,9,0,16,0,3,0,0,0,0,2,1,6,2,62,9,998,1,6,10,1,10
2.02E+12,3,9,0,18,0,3,0,0,0,0,1,1,6,2,46,8,2143,2,2,10,1,10
2.02E+12,3,9,0,18,0,1,0,0,0,0,1,1,6,1,29,6,1339,1,11,7,1,7
2.02E+12,1,9,0,7,0,6,0,0,0,0,3,1,6,2,47,8,1598,1,7,6,1,6
2.02E+12,1,9,0,18,0,2,0,0,0,0,1,1,6,1,24,5,998,1,11,2,1,2
2.02E+12,1,19,0,9,0,5,0,0,0,0,3,1,2,1,71,10,1968,2,8,4,1,4
2.02E+12,2,3,0,13,0,1,0,0,3,0,1,1,6,1,25,5,125,1,1,3,1,3
2.02E+12,1,9,0,5,0,8,0,0,0,0,3,1,2,1,27,6,1496,2,3,6,1,6
2.02E+12,2,5,0,5,0,8,0,0,0,0,1,1,6,1,38,7,599,1,5,2,1,2
2.02E+12,1,9,0,10,0,1,0,0,0,0,1,1,6,1,29,6,1598,1,10,2,1,2
2.02E+12,1,21,1,3,0,1,0,0,0,0,1,1,1,1,43,7,11967,2,4,4,1,4
2.02E+12,1,9,0,9,0,1,0,0,0,0,1,1,2,1,34,6,1587,1,16,4,1,4
2.02E+12,1,5,0,15,0,4,0,0,0,0,2,1,2,1,63,9,1300,1,2,10,1,10
2.02E+12,2,9,0,10,0,1,0,0,0,0,3,1,6,1,59,9,2494,1,15,1,1,1
2.02E+12,1,9,0,18,0,1,0,4,0,0,1,1,6,2,72,10,1498,1,12,8,1,8
2.02E+12,1,9,0,18,0,2,0,0,0,0,1,1,6,1,30,6,1686,2,9,4,1,4
2.02E+12,1,19,0,5,0,8,0,0,0,0,3,1,2,1,39,7,2148,2,12,8,1,8
2.02E+12,1,9,0,18,0,1,0,0,0,0,1,1,1,1,24,5,1560,2,4,2,1,2
2.02E+12,2,9,0,18,9,1,0,0,0,0,1,1,6,1,85,11,2499,1,8,10,1,10
2.02E+12,1,9,0,9,0,5,0,0,7,0,3,1,6,1,25,5,1984,1,11,3,1,3
2.02E+12,1,9,0,6,0,1,0,0,0,0,3,1,6,2,42,7,1997,1,12,4,1,4
2.02E+12,1,8,0,9,0,1,0,0,0,0,1,1,1,1,45,7,1798,8,5,9,1,9
2.02E+12,2,3,0,18,0,1,0,0,0,0,4,1,1,1,34,6,108,1,2,5,1,5
2.02E+12,1,9,0,9,0,8,0,0,0,0,1,1,6,1,88,11,2179,2,8,6,1,6
2.02E+12,2,9,0,16,0,8,0,10,1,2,3,1,6,1,25,5,6208,1,6,8,1,8
2.02E+12,1,3,0,18,0,1,1,0,0,0,0,1,2,1,22,5,124,1,10,7,1,7
2.02E+12,1,9,0,10,0,5,0,0,0,0,3,1,3,2,46,8,2995,1,12,10,1,10
2.02E+12,1,9,0,11,0,3,0,0,0,0,3,1,6,2,58,9,1968,2,4,5,1,5
2.02E+12,3,9,0,3,0,8,0,0,0,0,2,1,6,2,47,8,2996,1,10,6,1,6
2.02E+12,2,5,0,4,0,1,1,0,0,0,4,1,2,1,46,8,998,1,2,5,1,5
2.02E+12,1,9,0,3,0,1,0,0,0,0,3,1,6,2,65,9,898,1,3,6,1,6
2.02E+12,1,9,0,4,0,2,0,0,0,0,1,1,6,1,27,6,4999,1,1,4,1,4
2.02E+12,1,9,0,18,0,3,0,0,0,0,1,1,1,2,27,6,1248,2,4,7,1,7
2.02E+12,2,3,0,18,0,4,0,0,0,0,1,1,6,1,25,5,124,1,2,7,1,7
2.02E+12,1,11,0,5,0,1,0,0,0,0,1,1,1,2,50,8,4500,2,7,2,1,2
2.02E+12,1,9,0,9,0,5,0,0,0,0,4,1,6,1,34,6,1598,1,13,3,1,3
2.02E+12,2,4,0,18,0,1,0,0,0,0,4,1,2,1,23,5,125,1,6,4,1,4
2.02E+12,1,11,0,7,0,2,0,0,0,0,4,1,1,1,62,9,9360,2,6,3,1,3
2.02E+12,1,8,0,9,0,2,0,0,0,0,1,1,1,1,45,7,2143,2,3,3,1,3
2.02E+12,2,3,0,18,0,1,1,0,0,0,4,1,6,1,33,6,124,1,10,7,1,7
2.02E+12,1,9,0,9,0,1,0,0,0,0,1,1,6,2,51,8,1686,2,7,3,1,3
2.02E+12,1,5,0,14,0,1,0,0,0,0,4,1,2,1,55,8,1649,1,2,9,1,9
2.02E+12,2,3,0,9,0,1,0,0,0,0,1,1,6,2,22,5,124,1,4,7,1,7
2.02E+12,1,9,0,5,0,1,1,0,0,0,1,1,2,1,28,6,2967,2,2,9,1,9
2.02E+12,2,9,0,3,0,1,0,0,0,0,2,1,2,1,53,8,1995,2,2,10,1,10
2.02E+12,1,9,0,5,0,1,0,0,0,0,1,1,1,1,29,6,1991,1,1,8,1,8
2.02E+12,2,3,0,18,0,1,0,0,0,0,4,1,2,1,32,6,125,1,1,4,1,4
2.02E+12,1,9,0,16,0,3,0,0,0,0,2,1,6,1,48,8,1598,1,11,4,1,4
2.02E+12,1,3,0,18,0,3,0,0,0,0,0,1,1,1,40,7,124,1,1,5,1,5
2.02E+12,1,4,0,5,0,2,5,0,0,0,1,1,2,1,40,7,471,1,2,3,1,3
2.02E+12,2,11,0,5,2,1,0,0,0,0,1,1,1,1,47,8,6696,2,4,4,1,4
2.02E+12,1,9,0,9,0,5,0,0,0,0,4,1,2,1,33,6,1598,2,2,8,1,8
2.02E+12,2,3,0,18,0,1,0,0,0,0,1,1,6,1,21,5,125,1,2,2,1,2
2.02E+12,1,9,0,9,0,5,0,0,0,0,1,1,1,1,66,10,1998,1,15,4,1,4
2.02E+12,2,3,0,4,0,1,0,0,0,0,1,1,2,2,21,5,124,1,4,8,1,8
2.02E+12,2,9,0,18,0,8,0,0,0,0,1,1,6,2,22,5,998,1,13,7,1,7
2.02E+12,2,3,0,18,0,1,0,0,0,0,4,1,6,1,19,4,125,1,4,3,1,3
2.02E+12,1,9,0,9,0,6,0,0,0,0,3,1,6,2,34,6,1596,1,2,6,1,6
2.02E+12,2,9,0,10,0,1,0,0,0,0,1,1,6,2,56,9,1242,1,3,9,1,9
2.02E+12,3,5,0,18,0,8,1,10,0,0,1,1,6,1,30,6,599,1,17,7,1,7
2.02E+12,1,11,0,5,0,8,0,0,0,0,3,1,1,2,60,9,4500,2,1,7,1,7
2.02E+12,2,9,0,18,0,1,1,0,0,0,1,1,6,1,41,7,2148,2,9,6,1,6
2.02E+12,1,4,0,14,0,1,0,0,0,0,1,1,2,1,18,4,124,1,5,4,1,4
2.02E+12,1,4,0,17,0,8,0,0,0,0,4,1,2,1,26,6,125,1,1,3,1,3
2.02E+12,2,8,0,18,0,1,0,0,0,0,4,1,1,1,28,6,1560,2,5,10,1,10
2.02E+12,1,3,0,18,0,1,1,0,0,0,1,1,1,1,19,4,125,1,2,2,1,2
2.02E+12,2,9,0,6,0,1,0,0,0,0,3,1,6,2,35,6,1296,1,11,2,1,2
2.02E+12,1,4,0,13,0,1,0,0,0,0,4,1,1,1,50,8,1000,1,6,9,1,9
2.02E+12,1,9,0,7,0,6,0,0,0,0,3,1,6,1,43,7,1497,8,8,1,1,1
2.02E+12,2,3,0,18,0,1,0,0,0,0,1,1,6,1,37,7,125,1,1,2,1,2
2.02E+12,2,9,0,3,0,1,0,0,0,0,1,1,6,1,44,7,1598,2,1,2,1,2
2.02E+12,2,8,0,18,0,8,0,0,0,0,1,1,6,1,43,7,1797,8,4,2,1,2
2.02E+12,1,9,0,9,0,2,1,0,4,6,1,1,1,1,33,6,1968,2,3,3,1,3
2.02E+12,1,8,0,3,0,8,0,0,0,0,3,1,1,1,55,8,1798,8,4,3,1,3
2.02E+12,1,9,0,18,0,8,0,0,0,0,1,1,6,1,27,6,2993,2,4,3,1,3
2.02E+12,2,9,0,13,0,8,0,0,0,0,1,1,6,2,30,6,1598,1,8,4,1,4
2.02E+12,1,9,0,4,0,1,0,0,0,0,1,1,6,2,24,5,1242,1,6,6,1,6
2.02E+12,2,9,0,4,0,1,0,0,0,0,0,1,6,2,23,5,1229,1,5,2,1,2
2.02E+12,1,9,0,18,0,8,0,0,0,0,1,1,6,2,28,6,1595,1,8,4,1,4
2.02E+12,1,8,0,18,0,2,0,0,0,0,1,1,1,1,62,9,2143,2,5,1,1,1
2.02E+12,2,9,0,18,0,8,1,0,1,10,1,1,6,2,23,5,1598,1,12,3,1,3
2.02E+12,1,8,0,3,0,8,0,0,0,0,3,1,6,1,40,7,1797,8,5,3,1,3
2.02E+12,1,2,0,18,0,8,0,0,0,0,1,1,6,1,29,6,125,1,14,4,1,4
2.02E+12,2,9,0,7,0,1,0,0,0,0,1,1,6,1,32,6,2995,1,7,3,1,3
2.02E+12,1,9,0,18,0,8,0,0,0,0,3,1,6,1,47,8,1797,8,6,4,1,4
2.02E+12,1,9,0,3,0,1,0,0,0,0,2,1,6,1,40,7,1596,1,11,3,1,3
2.02E+12,2,19,0,4,0,1,0,0,0,0,1,1,6,1,57,9,2402,2,6,4,2,4
2.02E+12,1,9,0,5,0,8,0,0,0,0,4,1,1,2,28,6,2179,2,4,3,1,3
2.02E+12,2,9,0,18,0,8,0,0,0,0,1,1,1,2,48,8,1850,1,17,8,1,8
2.02E+12,1,11,0,18,0,6,0,0,0,0,4,1,1,2,38,7,6700,2,6,3,1,3
2.02E+12,2,8,0,3,0,1,0,0,0,0,2,1,1,1,33,6,1956,2,3,5,1,5
2.02E+12,3,8,0,3,0,1,0,0,0,0,2,1,1,1,42,7,1997,2,1,1,1,1
2.02E+12,5,9,0,18,0,1,0,0,0,0,1,1,6,1,42,7,1995,1,10,2,1,2
2.02E+12,2,9,0,10,0,5,0,0,0,0,2,1,6,1,43,7,1598,1,14,8,1,8
2.02E+12,3,9,0,18,0,1,0,0,0,0,1,1,6,1,39,7,1388,1,13,9,1,9
2.02E+12,2,9,0,7,0,6,0,0,0,0,1,1,6,1,28,6,1995,1,10,9,1,9
2.02E+12,1,9,0,18,0,1,0,0,0,0,1,1,6,1,39,7,3311,8,10,7,1,7
2.02E+12,2,3,0,12,0,1,0,0,0,0,3,1,1,1,33,6,108,1,1,4,1,4
2.02E+12,3,8,0,18,0,1,0,0,0,0,2,1,1,1,55,8,1461,2,5,3,1,3
2.02E+12,1,9,0,10,0,1,0,0,0,0,1,1,6,1,72,10,1686,2,14,5,1,5