Accident_Index,Vehicle_Reference,Vehicle_Type,Towing_and_Articulation,Vehicle_Manoeuvre,Vehicle_Location-Restricted_Lane,Junction_Location,Skidding_and_Overturning,Hit_Object_in_Carriageway,Vehicle_Leaving_Carriageway,Hit_Object_off_Carriageway,1st_Point_of_Impact,Was_Vehicle_Left_Hand_Drive?,Journey_Purpose_of_Driver,Sex_of_Driver,Age_of_Driver,Age_Band_of_Driver,Engine_Capacity_(CC),Propulsion_Code,Age_of_Vehicle,Driver_IMD_Decile,Driver_Home_Area_Type,Vehicle_IMD_Decile
2.02E+12,1,19,0,9,0,8,0,0,0,0,3,1,1,1,25,5,1560,2,4,3,1,3
2.02E+12,1,19,0,3,0,4,0,0,0,0,1,1,1,1,49,8,1598,2,1,10,2,10
2.02E+12,2,3,0,3,0,4,0,0,0,0,2,1,6,1,48,8,124,1,4,4,1,4
2.02E+12,1,9,0,9,0,8,0,0,0,0,1,1,6,1,36,7,3628,2,10,10,1,10
2.02E+12,2,9,0,18,0,8,0,0,0,0,1,1,6,2,26,6,1598,1,10,6,1,6
2.02E+12,1,9,0,9,0,8,0,0,0,0,1,1,6,2,56,9,2295,1,14,6,1,6
2.02E+12,1,9,0,7,0,1,0,0,0,0,4,2,6,1,30,6,1499,8,3,5,1,5
2.02E+12,2,2,0,15,0,1,0,0,0,0,3,1,6,1,53,8,125,1,8,2,1,2
2.02E+12,1,9,0,18,0,1,0,4,0,0,4,1,6,2,74,10,1598,1,9,8,1,8
2.02E+12,1,3,0,18,0,2,0,0,0,0,4,1,6,1,23,5,108,1,4,6,1,6
2.02E+12,2,9,0,12,0,2,0,0,0,0,3,2,6,1,21,5,1956,2,4,3,1,3
2.02E+12,1,5,0,18,0,8,2,0,0,0,3,1,2,1,34,6,773,1,3,3,1,3
2.02E+12,2,19,0,11,0,8,0,0,0,0,4,1,1,1,32,6,2198,2,5,5,1,5
2.02E+12,1,19,0,9,0,1,0,0,0,0,3,1,6,1,34,6,1997,2,1,6,1,6
2.02E+12,1,19,0,18,0,8,0,0,0,0,1,1,1,1,24,5,1598,2,1,1,1,1
2.02E+12,2,9,0,18,0,6,0,0,0,0,1,1,6,1,25,5,698,1,12,2,1,2
2.02E+12,1,8,0,18,0,8,0,0,0,0,0,1,6,1,37,7,1968,2,6,2,1,2
2.02E+12,1,9,0,9,0,8,0,0,0,0,1,1,1,1,19,4,1198,1,15,6,1,6
2.02E+12,1,19,0,18,0,1,0,0,0,0,3,1,2,1,37,7,1598,1,1,7,1,7
2.02E+12,1,9,0,9,4,5,0,0,0,0,4,1,3,2,39,7,2979,1,13,9,1,9
2.02E+12,1,9,0,18,0,8,0,0,0,0,1,1,6,2,37,7,1797,8,4,9,1,9
2.02E+12,1,9,0,16,0,1,0,0,0,0,1,1,2,1,24,5,1598,2,4,3,1,3
2.02E+12,2,3,0,4,0,1,0,0,0,0,2,1,2,1,20,4,124,1,2,4,1,4
2.02E+12,1,9,0,18,0,3,0,0,0,0,3,1,3,1,34,6,1798,1,14,6,1,6
2.02E+12,1,8,0,17,0,2,0,0,0,0,3,1,1,1,45,7,1968,2,2,8,1,8
2.02E+12,2,9,0,5,0,2,0,0,0,0,1,1,6,2,53,8,1794,1,9,10,1,10
2.02E+12,1,9,0,9,0,8,0,0,0,0,3,1,6,2,32,6,1796,1,13,7,1,7
2.02E+12,2,9,0,18,0,8,0,0,0,0,1,1,6,1,48,8,1998,1,17,8,1,8
2.02E+12,1,4,0,4,9,1,0,0,0,0,0,1,2,1,27,6,599,1,14,1,1,1
2.02E+12,2,19,0,4,2,8,0,0,0,0,3,1,1,1,26,6,1598,2,1,2,1,2
2.02E+12,2,9,0,7,0,3,0,0,1,10,4,1,6,1,55,8,1998,1,15,6,1,6
2.02E+12,1,9,0,4,0,8,0,0,0,0,1,1,6,1,47,8,2982,2,15,8,1,8
2.02E+12,1,3,0,18,0,1,1,0,0,0,4,1,6,1,30,6,125,1,6,2,1,2
2.02E+12,1,9,0,3,0,1,0,0,0,0,4,1,1,1,32,6,1399,1,1,3,1,3
2.02E+12,1,9,0,9,0,6,0,0,0,0,4,1,3,2,30,6,2685,2,13,2,1,2
2.02E+12,1,9,0,5,0,6,0,0,0,0,1,1,6,1,38,7,1796,1,10,5,1,5
2.02E+12,1,9,0,13,0,1,0,4,0,0,1,1,6,1,59,9,1896,2,9,2,1,2
2.02E+12,2,9,0,18,0,1,0,0,0,0,4,1,6,2,30,6,1968,2,9,2,1,2
2.02E+12,1,9,0,6,0,8,0,0,0,0,3,1,1,1,26,6,1560,2,2,3,1,3
2.02E+12,1,9,0,9,0,6,0,0,0,0,1,1,6,2,57,9,1360,1,11,5,1,5
2.02E+12,2,9,0,9,0,8,0,0,0,0,0,1,6,1,25,5,1587,1,12,3,1,3
2.02E+12,1,9,0,3,0,4,0,0,0,0,2,1,6,2,37,7,1299,1,17,4,1,4
2.02E+12,2,9,0,5,0,1,0,0,0,0,1,1,6,1,54,8,1896,2,11,4,1,4
2.02E+12,2,3,0,18,0,1,0,0,0,0,1,1,6,1,30,6,125,1,1,1,1,1
2.02E+12,1,9,0,9,0,1,0,0,0,0,1,1,6,1,60,9,1497,8,4,5,1,5
2.02E+12,2,3,0,18,0,1,0,0,0,0,3,1,6,1,28,6,125,1,1,3,1,3
2.02E+12,1,5,0,14,0,8,0,0,0,0,1,1,2,1,25,5,649,1,1,7,1,7
2.02E+12,2,9,0,9,0,8,0,0,0,0,1,1,6,2,41,7,1364,1,2,3,1,3
2.02E+12,1,9,0,18,0,6,0,0,0,0,3,1,6,2,60,9,1995,2,8,3,1,3
2.02E+12,1,3,0,18,0,8,0,0,1,9,1,1,2,1,22,5,125,1,16,2,1,2
2.02E+12,1,9,0,18,0,2,0,0,0,0,4,1,2,1,32,6,1598,1,12,5,1,5
2.02E+12,2,9,0,18,0,2,0,0,0,0,1,1,6,2,51,8,1398,1,6,2,1,2
2.02E+12,1,11,0,5,0,1,0,0,0,0,3,1,1,1,30,6,4461,2,3,3,1,3
2.02E+12,2,19,0,8,0,1,0,0,0,0,4,1,1,1,58,9,2143,2,2,9,1,9
2.02E+12,1,9,0,5,0,6,0,0,0,0,4,1,6,1,42,7,1598,1,10,3,1,3
2.02E+12,2,4,0,18,0,8,0,0,0,0,1,1,1,1,27,6,125,1,2,4,1,4
2.02E+12,1,9,0,9,0,1,0,0,0,0,4,1,6,1,42,7,2143,2,5,2,1,2
2.02E+12,2,4,0,15,0,1,5,0,0,0,1,1,6,1,28,6,883,1,3,6,1,6
2.02E+12,1,9,0,18,0,8,0,0,0,0,2,1,6,1,35,6,1242,1,1,10,1,10
2.02E+12,2,2,0,18,0,8,5,0,0,0,1,1,1,1,19,4,49,1,6,5,1,5
2.02E+12,1,9,0,18,0,6,0,0,0,0,3,1,6,1,73,10,1973,1,18,2,1,2
2.02E+12,1,9,0,16,0,1,0,0,0,0,1,1,6,1,63,9,2967,1,11,5,1,5
2.02E+12,1,11,0,4,2,1,0,0,0,0,0,1,1,1,57,9,9360,2,8,9,1,9
2.02E+12,1,9,0,9,0,5,0,0,0,0,1,1,6,2,55,8,1798,1,13,2,1,2
2.02E+12,2,9,0,4,0,2,0,0,0,0,2,1,6,2,28,6,1149,1,10,6,1,6
2.02E+12,1,9,0,18,0,2,0,0,0,0,1,1,3,1,38,7,2400,2,2,8,1,8
2.02E+12,2,9,0,18,0,2,0,0,0,0,1,1,6,1,56,9,1798,1,42,4,1,4
2.02E+12,1,8,0,18,0,1,0,0,7,1,3,1,2,1,29,6,1798,8,1,6,1,6
2.02E+12,2,9,0,9,0,1,0,0,0,0,1,1,6,2,23,5,2000,1,17,3,1,3
2.02E+12,1,9,0,9,0,5,0,0,0,0,4,1,6,1,28,6,1598,2,2,8,1,8
2.02E+12,2,3,0,18,0,1,5,0,0,0,1,1,1,1,25,5,124,1,8,1,1,1
2.02E+12,1,9,0,18,0,3,1,0,0,0,1,1,6,1,25,5,1596,1,2,4,3,4
2.02E+12,1,9,0,14,0,1,0,4,0,0,1,1,6,1,29,6,2204,2,10,5,1,5
2.02E+12,2,5,0,10,0,1,2,0,7,0,2,1,6,1,41,7,656,1,11,4,1,4
2.02E+12,1,9,0,18,0,1,0,0,0,0,1,1,6,1,24,5,1781,1,13,3,1,3
2.02E+12,1,9,0,10,0,1,0,0,0,0,2,1,6,1,48,8,1796,1,10,3,1,3
2.02E+12,1,8,0,18,0,1,0,0,0,0,1,1,1,1,58,9,1797,8,7,5,1,5
2.02E+12,1,3,0,18,0,1,0,0,0,0,1,1,1,1,18,4,108,1,1,2,1,2
2.02E+12,2,9,0,3,0,1,0,0,0,0,0,1,1,2,28,6,1596,1,16,6,1,6
2.02E+12,1,8,0,18,0,3,0,0,0,0,2,1,1,1,26,6,1797,8,7,2,1,2
2.02E+12,1,9,0,18,0,1,0,0,0,0,1,1,6,2,30,6,1242,1,9,2,1,2
2.02E+12,1,9,0,5,9,2,0,4,1,0,1,1,6,1,74,10,1798,8,1,8,1,8
2.02E+12,1,9,0,10,0,1,0,0,0,0,0,1,1,1,24,5,1560,2,2,3,1,3
2.02E+12,2,2,0,18,0,1,1,0,0,0,0,1,1,1,25,5,108,1,3,1,1,1
2.02E+12,1,9,0,18,0,5,0,0,3,0,1,1,6,1,65,9,1596,1,14,7,1,7
2.02E+12,2,19,0,3,0,1,0,0,0,0,1,1,2,1,30,6,2200,2,6,3,1,3
2.02E+12,1,11,0,18,0,2,0,0,0,0,1,1,1,1,51,8,4461,2,4,2,1,2
2.02E+12,1,11,0,5,0,1,0,0,0,0,0,1,1,1,38,7,9360,2,6,3,1,3
2.02E+12,1,8,0,18,0,1,0,0,0,0,1,1,1,1,56,9,1798,8,1,3,1,3
2.02E+12,2,3,0,18,0,2,0,0,7,0,4,1,2,1,28,6,124,1,5,3,1,3
2.02E+12,2,9,0,7,0,5,0,0,0,0,3,1,6,2,21,5,1461,2,1,3,1,3
2.02E+12,2,4,0,18,0,8,5,0,0,0,1,1,6,1,19,4,125,1,5,4,1,4
2.02E+12,1,9,0,3,0,1,0,11,0,0,1,1,6,1,19,4,1598,1,13,7,1,7
2.02E+12,1,9,0,9,0,6,0,0,0,0,1,1,3,2,39,7,2199,2,7,3,1,3
2.02E+12,2,4,0,18,0,1,2,0,0,0,3,1,6,1,64,9,647,1,15,9,2,9
2.02E+12,1,9,0,9,0,2,0,0,0,0,3,1,6,1,22,5,1598,2,5,2,1,2
2.02E+12,1,9,0,5,0,1,0,0,0,0,1,1,6,2,51,8,1299,1,16,1,1,1
2.02E+12,1,9,5,9,0,1,0,0,0,0,3,1,6,1,47,8,1995,2,2,4,1,4
2.02E+12,1,9,0,18,0,1,0,0,0,0,0,1,6,2,29,6,1197,1,3,3,1,3
2.02E+12,1,9,0,1,0,8,0,0,0,0,4,1,6,2,56,9,1598,1,11,4,1,4
2.02E+12,1,9,0,5,0,8,0,0,0,0,4,2,6,1,29,6,2993,2,7,2,1,2
2.02E+12,2,9,0,9,0,8,0,0,0,0,3,2,6,2,38,7,1360,1,13,3,1,3
2.02E+12,1,9,0,5,0,6,0,0,7,10,2,1,6,1,26,6,1395,1,1,1,1,1
2.02E+12,1,11,0,5,0,8,0,0,0,0,0,1,1,2,49,8,6700,2,8,5,1,5
2.02E+12,1,8,0,5,0,5,0,0,0,0,1,1,6,1,50,8,1968,2,1,2,1,2
2.02E+12,1,9,0,18,0,2,0,0,0,0,1,1,6,2,74,10,1996,1,23,9,1,9
2.02E+12,1,9,0,9,0,1,0,0,0,0,1,1,6,2,44,7,2993,2,13,7,1,7
2.02E+12,2,9,0,9,8,6,0,0,0,0,1,1,6,1,37,7,1368,1,13,5,1,5
2.02E+12,1,8,0,18,2,8,0,0,0,0,1,1,1,1,69,10,2499,2,4,6,3,6
2.02E+12,2,9,0,7,0,8,0,0,0,0,2,1,6,2,31,6,1598,1,7,8,1,8
2.02E+12,1,9,0,9,0,5,0,0,0,0,2,1,6,1,67,10,1248,1,8,5,1,5
2.02E+12,1,3,0,4,0,1,0,0,0,0,0,1,6,1,30,6,124,1,2,4,1,4
2.02E+12,2,9,0,17,0,2,0,0,0,0,0,1,6,2,42,7,1968,2,8,4,1,4
2.02E+12,1,8,0,6,0,2,0,0,0,0,3,1,6,1,42,7,2993,2,2,1,1,1
2.02E+12,1,9,0,18,0,8,1,0,0,0,1,1,6,1,47,8,2987,2,6,3,1,3
2.02E+12,1,9,0,5,0,1,0,0,0,0,1,1,6,1,27,6,2143,2,5,3,1,3
2.02E+12,1,9,0,18,0,1,0,0,0,0,0,1,6,2,37,7,1598,2,6,3,1,3
2.02E+12,1,9,0,18,0,8,0,0,0,0,1,1,6,1,82,11,1332,1,20,3,1,3
2.02E+12,1,9,0,9,0,1,0,0,0,0,1,1,6,2,62,9,1390,1,14,2,1,2
2.02E+12,2,3,0,18,0,1,2,0,0,0,1,1,1,1,22,5,125,1,9,7,1,7
2.02E+12,1,3,0,13,0,1,1,0,0,0,0,1,1,1,20,4,125,1,12,8,1,8
2.02E+12,1,9,0,8,0,1,0,0,0,0,1,1,6,2,38,7,1242,1,2,3,1,3
2.02E+12,1,21,0,17,0,4,2,0,0,0,4,1,1,1,47,8,12777,2,3,4,1,4
2.02E+12,1,11,0,3,0,1,0,0,0,0,1,1,1,1,38,7,6700,2,7,5,1,5
2.02E+12,2,9,0,9,0,6,0,0,7,10,4,1,6,2,69,10,1242,1,19,6,1,6
2.02E+12,1,9,0,18,0,1,0,0,0,0,3,1,6,1,47,8,2143,2,4,5,1,5
2.02E+12,1,9,0,18,0,8,0,0,1,2,2,1,6,1,75,10,3471,1,9,10,1,10
2.02E+12,2,11,0,18,0,8,0,0,0,0,0,1,1,2,44,7,6692,2,7,1,1,1
2.02E+12,1,9,0,9,0,6,1,0,0,0,3,1,6,2,32,6,1896,2,15,2,1,2
2.02E+12,2,3,0,15,0,1,2,4,0,0,1,1,1,1,26,6,108,1,5,2,1,2
2.02E+12,2,9,0,10,0,1,0,0,0,0,3,1,6,1,40,7,1968,2,1,1,1,1
2.02E+12,1,9,0,18,0,1,0,0,3,0,1,1,6,1,24,5,1798,1,16,4,1,4
2.02E+12,2,9,0,18,0,1,0,0,0,0,1,1,6,1,37,7,1598,1,12,3,1,3
2.02E+12,2,9,0,18,0,8,0,0,0,0,3,1,6,2,27,6,1364,1,11,10,1,10
2.02E+12,1,11,0,5,2,2,0,0,0,0,0,1,1,1,30,6,6700,2,6,3,1,3
2.02E+12,1,9,0,18,0,8,0,4,0,0,1,1,6,1,17,4,2967,2,6,5,1,5
2.02E+12,2,8,0,18,0,8,0,0,0,0,1,1,2,1,43,7,1798,8,3,5,1,5
2.02E+12,1,9,0,5,0,2,0,0,0,0,1,1,6,2,55,8,1796,1,13,5,1,5
2.02E+12,2,19,0,18,0,2,0,0,0,0,1,1,1,1,48,8,2460,2,10,9,1,9
2.02E+12,1,9,0,18,0,6,0,0,0,0,2,1,6,1,31,6,1796,1,8,2,1,2
2.02E+12,2,9,0,18,0,6,0,0,0,0,1,1,6,1,38,7,1686,2,9,2,1,2
2.02E+12,1,9,0,18,0,2,0,0,0,0,4,1,6,1,51,8,2993,2,8,1,1,1
2.02E+12,2,9,0,18,0,1,0,0,0,0,1,1,6,3,24,5,1796,1,9,2,1,2
2.02E+12,1,9,0,9,0,5,0,0,0,0,1,1,1,1,23,5,998,1,14,2,1,2
2.02E+12,2,3,0,18,0,1,1,0,0,0,0,1,6,1,27,6,125,1,1,3,1,3
2.02E+12,1,9,0,18,0,1,0,0,0,0,4,1,2,1,42,7,2000,1,8,3,1,3
2.02E+12,1,9,0,7,0,5,0,0,0,0,2,1,6,1,26,6,1796,1,13,5,1,5
2.02E+12,1,9,0,9,0,6,0,0,0,0,1,1,6,1,37,7,1399,1,1,5,1,5
2.02E+12,2,19,0,18,0,1,0,0,0,0,1,1,1,1,49,8,2198,2,5,9,1,9
2.02E+12,2,9,0,9,0,1,0,0,0,0,4,1,6,2,18,4,1229,1,10,6,1,6
2.02E+12,1,8,0,4,0,8,0,0,0,0,1,2,6,1,26,6,1797,8,7,3,1,3
2.02E+12,1,9,0,10,0,1,0,0,0,0,1,1,6,2,39,7,1997,1,10,2,1,2
2.02E+12,1,9,0,18,0,3,0,0,0,0,1,1,6,1,39,7,1995,2,14,7,1,7
2.02E+12,2,9,0,3,0,4,0,0,0,0,1,1,6,1,68,10,1498,1,7,5,1,5
2.02E+12,1,9,0,18,0,8,0,0,0,0,1,1,6,2,45,7,1896,2,14,4,1,4
2.02E+12,2,9,0,18,0,8,0,0,0,0,1,1,6,2,49,8,1299,1,12,2,1,2
2.02E+12,1,9,0,5,0,8,0,0,0,0,1,1,6,1,22,5,1995,2,3,1,1,1
2.02E+12,1,9,0,18,0,4,0,0,0,0,1,1,6,1,64,9,1799,1,10,2,1,2
2.02E+12,2,9,0,9,0,4,0,0,0,0,4,1,6,1,35,6,1968,2,5,4,1,4
2.02E+12,1,11,0,5,2,1,0,0,0,0,0,1,6,1,53,8,4500,2,2,3,1,3
2.02E+12,1,3,0,13,0,1,0,0,0,0,1,1,6,1,53,8,124,1,3,3,1,3
2.02E+12,1,11,0,5,0,1,0,0,0,0,0,1,6,2,39,7,9360,2,7,5,1,5
2.02E+12,1,9,0,9,0,1,0,0,0,0,4,1,6,2,53,8,1198,1,11,5,1,5
2.02E+12,2,3,0,18,0,8,5,0,0,0,1,1,6,1,34,6,124,1,7,7,1,7
2.02E+12,1,11,0,18,0,1,0,0,0,0,0,1,1,1,22,5,9360,2,6,1,1,1
2.02E+12,1,9,0,9,0,6,0,11,0,0,3,1,6,2,38,7,1598,2,2,6,1,6
2.02E+12,1,9,0,9,0,1,0,0,0,0,3,1,6,1,23,5,1995,2,3,2,1,2
2.02E+12,2,9,0,18,0,1,0,0,0,0,4,1,1,1,51,8,1969,2,1,9,3,9
2.02E+12,1,19,0,5,0,6,0,0,0,0,1,1,1,1,54,8,2287,2,5,8,1,8
2.02E+12,2,9,0,18,0,1,0,0,7,10,4,1,1,1,27,6,1598,2,2,6,1,6
2.02E+12,1,9,0,18,0,8,0,0,0,0,3,1,6,2,22,5,1587,1,10,9,1,9
2.02E+12,2,9,0,7,0,8,0,0,0,0,1,1,6,1,22,5,1896,2,10,6,1,6
2.02E+12,1,21,1,18,0,1,0,0,0,0,1,1,1,1,37,7,12882,2,10,5,3,5
2.02E+12,1,9,0,18,0,6,0,0,0,0,1,1,1,1,44,7,1798,8,5,1,1,1
2.02E+12,2,9,0,3,0,7,0,0,0,0,1,1,1,1,26,6,1198,1,2,4,1,4
2.02E+12,1,9,0,9,0,1,0,0,0,0,1,1,6,1,33,6,1753,2,10,7,1,7
2.02E+12,2,9,0,18,0,1,0,0,0,0,1,1,6,2,24,5,1242,1,6,5,1,5
2.02E+12,1,8,0,7,0,6,0,0,0,0,1,1,1,1,41,7,1968,2,2,2,1,2
2.02E+12,1,4,0,18,0,1,0,0,0,0,1,1,3,1,44,7,782,1,8,4,1,4
2.02E+12,1,9,0,9,0,8,0,0,0,0,1,1,2,1,34,6,1968,2,6,3,1,3
2.02E+12,2,3,0,18,0,1,0,0,0,0,1,1,6,1,32,6,124,1,5,2,1,2
2.02E+12,1,9,0,18,0,1,0,0,0,0,3,1,3,1,33,6,1598,1,5,2,1,2
2.02E+12,1,19,0,9,0,4,0,0,0,0,3,2,6,1,47,8,1997,2,11,7,1,7
2.02E+12,1,3,0,15,2,2,0,0,0,0,1,1,2,1,27,6,125,1,2,7,1,7
2.02E+12,1,9,0,7,0,3,0,0,0,0,2,1,6,2,33,6,1248,1,3,5,1,5
2.02E+12,2,9,0,18,0,8,0,0,0,0,1,1,6,1,49,8,1497,8,10,3,1,3
2.02E+12,1,9,0,8,0,1,0,0,1,0,3,1,6,2,56,9,1199,1,13,2,1,2
2.02E+12,1,9,0,9,0,1,0,0,0,0,1,1,2,1,41,7,1582,2,5,4,1,4
2.02E+12,1,9,0,5,0,1,0,0,0,0,3,1,2,2,24,5,1329,1,5,8,1,8
2.02E+12,1,9,0,18,0,1,0,0,0,0,1,1,6,1,24,5,1596,1,13,5,1,5
2.02E+12,2,9,0,8,0,1,0,0,0,0,2,1,6,2,37,7,3311,8,9,8,1,8
2.02E+12,1,4,0,18,0,2,1,0,0,0,1,1,1,1,19,4,125,1,7,2,1,2
2.02E+12,1,9,0,18,0,4,0,0,0,0,3,1,6,1,60,9,4966,1,16,9,1,9
2.02E+12,1,9,0,18,0,1,0,0,0,0,1,1,6,2,37,7,1598,2,2,10,1,10
2.02E+12,2,9,0,18,0,3,0,0,0,0,1,1,6,1,26,6,1598,1,13,9,1,9
2.02E+12,1,9,0,16,0,2,0,0,0,0,4,1,2,2,23,5,998,1,6,9,1,9
2.02E+12,1,2,0,18,0,8,0,0,0,0,1,1,6,1,56,9,108,1,1,5,1,5
2.02E+12,2,19,0,18,0,8,0,0,0,0,4,1,1,1,50,8,2143,2,1,5,1,5
2.02E+12,1,9,0,9,0,1,0,0,0,0,1,1,6,1,45,7,1796,1,10,3,1,3
2.02E+12,1,9,0,9,0,1,0,0,0,0,3,1,6,1,47,8,1242,1,15,7,1,7
2.02E+12,1,9,0,3,0,2,0,0,0,0,1,1,6,1,24,5,998,1,14,4,1,4
2.02E+12,1,9,0,3,0,1,0,0,0,0,2,1,6,2,32,6,1598,1,7,2,1,2
2.02E+12,1,9,0,18,0,8,0,0,0,0,1,1,3,2,31,6,1598,1,12,4,1,4
2.02E+12,1,9,0,13,0,8,0,0,0,0,1,1,6,1,33,6,2993,2,7,5,1,5
2.02E+12,2,8,0,4,0,6,0,0,0,0,0,1,1,1,58,9,1598,1,3,2,1,2
2.02E+12,1,4,0,18,0,8,0,0,0,0,1,1,2,1,38,7,124,1,10,5,1,5
2.02E+12,2,19,0,9,0,8,0,0,0,0,3,1,1,1,51,8,1995,2,5,6,1,6
2.02E+12,1,9,0,18,0,8,0,0,3,10,4,1,6,1,66,10,1996,1,21,3,1,3
2.02E+12,2,9,0,18,0,8,0,0,3,10,1,1,6,1,25,5,1997,2,12,4,1,4
2.02E+12,1,9,0,18,0,2,0,0,0,0,1,1,6,2,31,6,1242,1,2,4,1,4
2.02E+12,1,9,0,15,0,8,0,4,0,0,1,1,6,1,54,8,1388,1,11,2,1,2
2.02E+12,2,9,0,5,0,4,0,0,0,0,2,1,6,1,27,6,1968,2,1,1,1,1
2.02E+12,2,11,0,3,2,5,0,0,0,0,3,1,1,1,47,8,9000,2,7,8,1,8
2.02E+12,1,9,0,17,0,8,0,0,0,0,4,1,2,1,28,6,1390,1,10,6,1,6
2.02E+12,2,8,0,18,0,4,0,0,0,0,3,1,1,1,41,7,1798,8,1,1,1,1
2.02E+12,1,9,0,5,0,1,0,0,0,0,1,1,6,2,23,5,998,1,6,2,1,2
2.02E+12,1,9,0,18,0,1,1,2,4,2,1,1,1,1,35,6,1299,1,12,3,1,3
2.02E+12,2,9,0,18,0,2,0,0,0,0,3,1,6,1,19,4,1796,1,8,2,1,2
2.02E+12,1,19,0,9,0,1,0,0,0,0,1,1,1,1,37,7,2494,2,8,6,1,6
2.02E+12,1,20,1,7,9,1,0,0,0,0,1,1,1,1,22,5,6692,2,5,9,1,9
2.02E+12,1,9,0,5,0,2,0,0,0,0,4,1,2,2,46,8,1769,2,22,7,1,7
2.02E+12,1,19,0,18,0,1,0,0,0,0,3,1,2,1,64,9,2402,2,14,2,1,2
2.02E+12,1,8,0,18,0,2,0,11,0,0,1,1,6,1,42,7,1950,2,1,6,1,6
2.02E+12,2,20,0,4,0,8,0,11,0,0,0,1,6,1,50,8,10518,2,2,1,1,1
2.02E+12,1,19,0,18,0,2,1,0,0,0,1,1,1,1,48,8,1870,2,11,5,1,5
2.02E+12,1,9,0,18,0,2,0,0,0,0,3,1,6,1,32,6,998,1,6,2,1,2
2.02E+12,1,9,0,10,0,2,0,0,0,0,1,1,6,2,41,7,1198,1,4,8,1,8
2.02E+12,1,11,0,18,0,2,0,0,0,0,4,1,1,1,53,8,9000,2,9,8,1,8
2.02E+12,2,3,0,7,0,8,5,0,0,0,3,1,2,2,18,4,124,1,5,2,1,2
2.02E+12,1,5,0,18,0,4,0,0,0,0,1,1,2,1,23,5,670,1,4,2,1,2
2.02E+12,1,9,0,15,0,1,0,0,0,0,1,1,6,1,52,8,1686,2,15,4,1,4
2.02E+12,2,9,0,9,0,1,0,0,0,0,1,1,6,1,37,7,1995,2,5,4,1,4
2.02E+12,1,21,4,4,0,2,0,0,0,0,4,1,1,1,55,8,7146,2,4,6,1,6
2.02E+12,2,9,0,16,0,2,0,4,0,0,1,1,6,1,23,5,1998,2,10,5,1,5
2.02E+12,1,8,0,9,0,8,0,0,0,0,4,1,1,1,42,7,2499,2,3,3,1,3
2.02E+12,1,3,0,15,0,1,0,0,0,0,1,1,6,1,48,8,125,1,11,4,1,4
2.02E+12,1,9,0,9,0,1,0,0,0,0,1,1,1,2,38,7,1496,2,2,4,1,4
2.02E+12,2,9,0,18,0,8,0,0,0,0,3,1,6,1,52,8,1796,1,14,5,1,5
2.02E+12,2,3,0,18,0,7,1,0,0,0,1,1,2,1,29,6,649,1,2,10,1,10
2.02E+12,1,9,0,18,0,8,0,0,0,0,4,1,6,2,24,5,1596,1,10,5,1,5
2.02E+12,2,9,0,7,0,2,0,0,0,0,1,1,6,1,21,5,1560,2,6,4,1,4
2.02E+12,1,8,0,9,0,1,0,0,0,0,1,1,1,1,47,8,1797,8,5,4,1,4
2.02E+12,2,9,0,18,0,1,0,0,1,7,1,1,6,1,51,8,2143,2,5,9,1,9
2.02E+12,1,9,0,18,0,8,0,0,0,0,4,1,6,1,23,5,1796,1,5,4,1,4
2.02E+12,2,9,0,9,0,6,0,0,0,0,1,1,6,1,27,6,2143,2,2,5,1,5
2.02E+12,1,11,0,5,0,1,0,0,0,0,3,1,3,1,60,9,2148,2,10,2,1,2
2.02E+12,1,5,0,15,3,5,0,0,0,0,1,1,6,1,43,7,999,1,7,5,1,5
2.02E+12,1,9,0,3,0,1,0,0,0,0,2,1,2,1,30,6,1968,2,9,4,1,4
2.02E+12,2,9,0,3,0,1,0,0,0,0,1,1,6,2,29,6,1596,1,15,6,1,6
2.02E+12,2,19,0,10,0,1,0,0,0,0,1,1,1,1,54,8,1560,2,2,7,1,7
2.02E+12,1,9,0,9,0,5,0,0,0,0,4,1,2,2,53,8,1390,1,3,7,1,7
2.02E+12,1,9,0,9,0,5,0,0,0,0,4,1,2,2,56,9,1390,1,7,10,1,10
2.02E+12,1,9,0,4,0,1,0,0,0,0,1,1,1,1,52,8,1997,2,9,3,1,3
2.02E+12,2,4,0,4,0,1,0,0,0,0,2,1,1,1,26,6,125,1,6,7,1,7
2.02E+12,1,9,0,18,0,2,0,0,0,0,3,1,6,2,44,7,1461,2,6,3,1,3
2.02E+12,2,9,0,14,0,2,0,0,0,0,3,1,3,1,30,6,1587,1,11,2,1,2
2.02E+12,1,5,0,18,0,8,0,0,0,0,1,1,6,1,28,6,599,1,10,3,1,3
2.02E+12,1,9,0,3,0,1,0,0,0,0,2,1,6,1,37,7,1086,1,11,8,1,8
2.02E+12,1,19,0,18,0,4,0,0,0,0,1,1,1,1,33,6,1995,2,10,2,1,2
2.02E+12,1,9,0,5,0,1,0,0,0,0,1,1,6,2,87,11,1360,1,18,10,1,10
2.02E+12,1,5,0,18,0,1,1,0,0,0,0,1,2,1,34,6,806,1,2,4,1,4
2.02E+12,2,9,0,10,0,5,0,0,0,0,0,1,6,2,43,7,1997,2,1,6,1,6
2.02E+12,1,11,0,18,0,1,0,0,0,0,0,1,1,1,59,9,9000,2,8,7,1,7
2.02E+12,1,11,0,4,2,1,0,0,0,0,0,1,1,1,41,7,4760,2,3,7,1,7