Accident_Index,Vehicle_Reference,Vehicle_Type,Towing_and_Articulation,Vehicle_Manoeuvre,Vehicle_Location-Restricted_Lane,Junction_Location,Skidding_and_Overturning,Hit_Object_in_Carriageway,Vehicle_Leaving_Carriageway,Hit_Object_off_Carriageway,1st_Point_of_Impact,Was_Vehicle_Left_Hand_Drive?,Journey_Purpose_of_Driver,Sex_of_Driver,Age_of_Driver,Age_Band_of_Driver,Engine_Capacity_(CC),Propulsion_Code,Age_of_Vehicle,Driver_IMD_Decile,Driver_Home_Area_Type,Vehicle_IMD_Decile
2.02E+12,4,9,0,3,0,1,0,0,0,0,1,1,6,1,39,7,2967,2,10,4,1,4
2.02E+12,1,8,0,9,0,5,0,0,0,0,3,1,1,1,53,8,2499,2,8,5,1,5
2.02E+12,1,9,0,4,0,1,0,0,0,0,2,1,6,1,59,9,998,1,1,8,1,8
2.02E+12,1,4,0,5,2,1,0,10,0,0,4,1,2,1,36,7,125,1,4,3,1,3
2.02E+12,2,8,0,5,0,6,0,0,0,0,4,1,6,1,45,7,1997,2,6,3,1,3
2.02E+12,2,9,0,9,0,6,0,0,0,0,0,1,2,2,23,5,1149,1,13,10,1,10
2.02E+12,1,9,0,9,0,6,0,0,0,0,4,1,6,1,37,7,1797,8,7,1,1,1
2.02E+12,1,9,0,9,0,6,0,10,0,0,4,1,6,1,24,5,998,1,13,4,1,4
2.02E+12,1,9,0,18,6,7,0,0,0,0,1,1,6,1,41,7,1240,1,11,3,1,3
2.02E+12,2,9,0,5,0,1,0,0,0,0,1,1,6,1,33,6,1229,1,10,2,1,2
2.02E+12,1,3,0,4,0,1,1,0,0,0,0,1,2,1,43,7,155,1,6,5,1,5
2.02E+12,1,8,0,5,0,8,0,0,0,0,1,1,1,1,57,9,1797,8,6,7,1,7
2.02E+12,1,9,0,9,0,8,0,0,0,0,3,1,6,2,34,6,1798,8,2,2,1,2
2.02E+12,2,3,0,18,0,1,2,0,0,0,1,1,6,1,33,6,124,1,6,7,1,7
2.02E+12,1,9,0,4,0,1,0,0,0,0,3,1,6,1,38,7,1995,2,13,6,1,6
2.02E+12,1,9,0,4,0,1,0,0,0,0,1,1,6,1,52,8,1797,8,7,4,1,4
2.02E+12,1,19,0,18,0,5,0,0,0,0,1,1,2,1,24,5,1560,2,1,9,1,9
2.02E+12,2,3,0,15,0,8,0,0,0,0,1,1,2,1,24,5,125,1,1,2,1,2
2.02E+12,1,9,0,1,9,6,0,0,1,0,2,1,6,1,17,4,1388,1,12,8,1,8
2.02E+12,2,9,0,18,0,2,0,0,0,0,1,1,6,2,62,9,1995,2,6,8,1,8
2.02E+12,1,9,0,9,0,4,0,0,0,0,1,1,6,2,45,7,1499,1,13,2,1,2
2.02E+12,2,9,0,18,0,4,0,0,0,0,1,1,6,2,48,8,1368,1,9,8,1,8
2.02E+12,1,9,0,9,0,5,0,0,0,0,1,1,6,2,44,7,2199,2,6,6,1,6
2.02E+12,2,9,0,18,0,1,0,0,0,0,1,1,6,2,36,7,1388,1,14,2,1,2
2.02E+12,1,3,0,13,0,1,0,0,0,0,3,1,1,1,22,5,125,1,2,3,1,3
2.02E+12,2,9,0,9,0,8,0,0,0,0,1,1,6,1,20,4,1248,2,9,2,1,2
2.02E+12,1,9,0,7,0,5,0,0,0,0,1,1,6,1,23,5,1198,1,7,1,1,1
2.02E+12,2,4,0,18,0,8,0,0,0,0,3,1,6,1,24,5,599,1,9,2,1,2
2.02E+12,1,9,0,18,0,2,0,0,0,0,1,1,2,1,32,6,1197,1,4,1,1,1
2.02E+12,1,9,0,4,0,1,0,0,0,0,1,1,6,1,18,4,1400,1,17,3,1,3
2.02E+12,1,3,0,4,0,2,2,10,0,0,1,1,2,1,29,6,125,1,1,3,1,3
2.02E+12,2,9,0,4,0,2,0,0,0,0,2,1,6,1,52,8,2143,2,3,6,1,6
2.02E+12,1,5,0,18,0,2,0,0,0,0,1,1,2,1,44,7,1285,1,1,4,1,4
2.02E+12,2,9,0,9,0,8,0,0,0,0,1,1,6,1,30,6,2494,1,11,1,1,1
2.02E+12,1,3,0,17,0,8,0,0,0,0,2,1,6,1,30,6,124,1,9,2,1,2
2.02E+12,2,9,0,17,0,8,0,0,0,0,1,1,6,2,58,9,1598,1,14,5,1,5
2.02E+12,1,9,0,7,0,1,0,0,0,0,1,1,6,2,36,7,1560,2,10,7,1,7
2.02E+12,2,9,0,9,0,1,0,0,0,0,1,1,3,2,33,6,2198,1,12,3,1,3
2.02E+12,1,19,0,10,0,6,0,0,0,0,1,1,2,1,65,9,2400,2,15,8,1,8
2.02E+12,1,11,0,18,0,1,0,4,0,0,4,1,1,1,60,9,4500,2,8,2,1,2
2.02E+12,2,5,0,13,0,1,1,0,0,0,1,1,2,1,33,6,645,1,12,9,1,9
2.02E+12,1,9,0,18,0,2,0,10,3,10,1,1,6,2,42,7,1240,1,12,3,1,3
2.02E+12,1,19,0,4,0,1,0,0,0,0,2,1,1,1,52,8,1560,2,2,9,1,9
2.02E+12,1,9,0,16,0,1,0,0,0,0,2,1,6,2,25,5,998,1,4,4,1,4
2.02E+12,2,2,0,18,2,1,0,0,0,0,1,1,2,2,37,7,125,1,3,4,1,4
2.02E+12,1,9,0,5,0,6,0,0,0,0,1,1,6,1,49,8,2204,2,7,6,1,6
2.02E+12,1,9,0,18,0,1,0,0,0,0,1,1,6,2,54,8,1329,1,5,10,1,10
2.02E+12,2,9,0,6,0,8,0,0,0,0,3,1,6,2,45,7,796,1,10,2,1,2
2.02E+12,1,3,0,18,0,1,0,0,0,0,1,1,1,1,35,6,125,1,12,5,1,5
2.02E+12,1,5,0,18,0,8,0,0,0,0,3,1,1,1,64,9,1170,1,7,3,1,3
2.02E+12,1,9,0,18,0,2,0,0,0,0,1,1,1,1,39,7,1997,2,5,3,1,3
2.02E+12,1,19,0,6,0,5,0,0,0,0,3,1,1,1,28,6,2287,2,2,2,1,2
2.02E+12,2,3,0,13,0,5,0,0,0,0,1,1,6,1,33,6,125,1,7,1,1,1
2.02E+12,1,11,0,18,0,1,0,0,0,0,0,1,1,1,29,6,4500,2,1,2,1,2
2.02E+12,1,11,0,7,0,3,0,0,0,0,1,1,1,1,52,8,4760,2,4,2,1,2
2.02E+12,1,3,0,18,0,1,0,0,0,0,4,1,6,1,24,5,124,1,4,4,1,4
2.02E+12,2,19,0,9,0,1,0,0,0,0,3,1,1,1,60,9,2198,2,1,8,1,8
2.02E+12,1,9,0,18,0,8,0,0,0,0,1,1,6,1,71,10,1200,1,2,2,1,2
2.02E+12,2,9,0,7,0,8,0,0,0,0,1,1,3,2,39,7,1998,1,2,2,1,2
2.02E+12,1,8,0,5,0,1,0,0,0,0,2,1,6,1,32,6,1798,8,1,3,1,3
2.02E+12,2,5,0,15,0,1,0,0,0,0,1,1,2,1,34,6,675,1,2,8,1,8
2.02E+12,1,9,0,18,0,1,0,0,0,0,1,1,1,1,69,10,1596,1,10,4,1,4
2.02E+12,1,9,0,6,0,2,0,0,0,0,3,1,6,2,33,6,1388,1,8,3,1,3
2.02E+12,2,4,0,18,0,1,0,0,0,0,1,1,6,1,59,9,244,1,8,6,1,6
2.02E+12,1,3,0,8,0,6,0,0,0,0,4,1,1,1,47,8,108,1,1,2,1,2
2.02E+12,1,9,0,7,0,6,0,0,0,0,1,1,6,2,54,8,1990,1,15,4,1,4
2.02E+12,2,3,0,18,0,8,0,0,0,0,1,1,1,1,24,5,125,1,8,5,1,5
2.02E+12,1,9,0,18,0,1,0,0,0,0,1,1,6,1,84,11,1598,1,16,8,1,8
2.02E+12,1,9,0,9,0,8,0,0,0,0,3,2,6,2,20,4,1388,1,6,2,1,2
2.02E+12,2,9,0,17,0,8,0,0,0,0,3,2,6,2,36,7,1997,1,5,2,1,2
2.02E+12,1,9,4,18,0,8,0,0,0,0,1,1,1,1,67,10,2972,1,22,6,1,6
2.02E+12,1,11,0,7,0,5,0,0,0,0,4,1,1,1,60,9,6700,2,5,5,1,5
2.02E+12,1,2,0,18,0,8,0,0,0,0,4,1,6,1,21,5,125,1,11,2,1,2
2.02E+12,1,11,0,4,0,1,0,0,0,0,0,1,1,1,39,7,6700,2,7,4,1,4
2.02E+12,1,9,0,4,0,4,0,0,0,0,1,1,6,1,30,6,2993,2,8,2,1,2
2.02E+12,2,9,0,18,0,3,0,0,0,0,1,1,2,1,41,7,2099,1,13,4,1,4
2.02E+12,1,3,0,15,0,8,0,0,0,0,1,1,6,1,18,4,125,1,1,1,1,1
2.02E+12,2,9,0,7,0,8,0,0,0,0,4,1,1,1,44,7,1968,2,2,3,1,3
2.02E+12,1,2,0,3,0,1,0,0,0,0,1,1,1,1,33,6,108,1,4,7,1,7
2.02E+12,1,3,0,18,0,1,0,0,0,0,1,1,1,1,31,6,108,1,5,3,1,3
2.02E+12,2,19,0,1,0,1,0,0,0,0,2,1,6,1,42,7,2402,2,7,4,1,4
2.02E+12,2,3,0,15,0,2,0,0,0,0,1,1,6,1,29,6,125,1,8,3,1,3
2.02E+12,1,21,1,11,0,1,0,0,0,0,4,1,1,1,40,7,12740,2,6,4,1,4
2.02E+12,2,9,0,15,0,1,2,10,1,10,3,1,2,1,50,8,998,1,16,2,1,2
2.02E+12,1,11,0,9,0,1,0,0,0,0,0,1,6,2,26,6,6692,2,7,1,1,1
2.02E+12,1,8,0,18,0,8,1,4,0,0,1,1,1,2,51,8,1598,1,6,3,1,3
2.02E+12,2,19,0,3,0,1,0,0,0,0,2,1,1,1,55,8,2198,2,2,2,1,2
2.02E+12,2,3,0,18,0,2,2,0,0,0,1,1,6,1,23,5,124,1,11,3,1,3
2.02E+12,1,9,0,9,0,1,0,0,0,0,3,1,6,2,59,9,1591,1,3,3,1,3
2.02E+12,1,8,0,12,0,2,0,0,0,0,3,1,1,1,48,8,2143,12,3,2,1,2
2.02E+12,2,3,0,18,0,2,0,0,0,0,4,1,6,1,37,7,124,1,8,2,1,2
2.02E+12,1,9,3,5,0,1,0,0,0,0,1,1,1,1,74,10,1388,1,11,4,1,4
2.02E+12,2,9,0,18,0,2,0,0,0,0,4,1,2,1,31,6,2171,1,14,4,1,4
2.02E+12,1,9,0,16,0,3,0,0,0,0,1,1,6,2,28,6,2401,2,11,9,1,9
2.02E+12,1,5,0,14,0,1,0,0,0,0,4,1,1,1,39,7,1170,1,3,6,1,6
2.02E+12,2,9,0,3,0,1,0,0,0,0,3,1,3,1,37,7,1339,8,9,3,1,3
2.02E+12,2,9,0,4,0,1,0,0,0,0,0,1,3,2,36,7,1242,1,3,2,1,2
2.02E+12,1,9,0,13,0,6,0,0,0,0,2,1,2,2,40,7,1086,1,13,4,1,4
2.02E+12,1,9,0,18,0,6,0,0,0,0,1,1,6,1,55,8,1299,1,13,1,1,1
2.02E+12,1,21,1,7,0,1,0,0,0,0,4,1,1,1,64,9,12740,2,6,4,1,4
2.02E+12,1,11,0,10,0,4,0,0,0,0,1,1,1,1,38,7,4461,2,4,3,1,3
2.02E+12,1,9,0,18,0,2,0,0,0,0,1,1,6,1,45,7,1124,1,12,10,1,10
2.02E+12,1,9,0,9,0,1,0,0,0,0,3,1,6,1,37,7,1798,8,3,2,1,2
2.02E+12,1,11,0,4,0,1,0,0,0,0,0,1,1,1,56,9,9000,2,8,3,1,3
2.02E+12,1,9,0,9,0,1,0,0,0,0,3,1,2,1,59,9,1868,2,16,6,1,6
2.02E+12,1,5,0,14,0,1,0,0,0,0,4,1,1,1,45,7,798,1,1,6,1,6
2.02E+12,2,8,0,8,0,1,0,0,0,0,3,1,1,1,60,9,2148,2,9,4,1,4
2.02E+12,1,5,0,18,0,8,0,0,0,0,1,1,6,1,22,5,600,1,15,6,1,6
2.02E+12,2,9,0,9,0,8,0,0,0,0,4,1,1,1,60,9,2143,2,3,3,1,3
2.02E+12,1,11,0,18,0,2,0,0,0,0,4,1,1,1,38,7,6696,2,4,5,1,5
2.02E+12,1,3,0,16,0,3,1,0,0,0,1,1,6,1,18,4,124,1,12,4,1,4
2.02E+12,2,9,0,3,0,1,0,0,0,0,1,1,6,1,68,10,1490,1,8,7,1,7
2.02E+12,1,5,0,18,0,1,0,0,0,0,4,1,2,1,54,8,998,1,12,5,1,5
2.02E+12,1,9,0,5,0,1,0,0,0,0,1,1,6,1,51,8,2967,2,4,3,1,3
2.02E+12,2,4,0,3,0,8,2,0,0,0,1,1,1,1,29,6,125,1,1,3,1,3
2.02E+12,1,3,0,13,0,1,1,0,0,0,1,1,6,1,29,6,124,1,5,2,1,2
2.02E+12,2,9,0,9,0,1,0,0,0,0,3,1,6,1,29,6,998,1,14,4,1,4
2.02E+12,1,9,0,9,0,1,0,0,0,0,1,1,2,2,62,9,1197,1,1,4,1,4
2.02E+12,2,4,0,18,0,1,0,0,0,0,1,1,6,1,58,9,1170,1,5,3,3,3
2.02E+12,1,9,0,18,0,1,0,0,0,0,1,1,6,1,49,8,1998,2,13,2,1,2
2.02E+12,2,9,0,18,0,1,0,0,0,0,2,1,6,2,29,6,2993,2,9,6,1,6
2.02E+12,2,9,0,9,0,2,0,0,0,0,4,1,6,1,44,7,2993,2,4,10,1,10
2.02E+12,2,9,0,9,0,6,0,0,0,0,1,1,3,2,27,6,2143,2,1,4,1,4
2.02E+12,1,9,0,9,0,6,0,0,0,0,1,1,6,2,17,4,1198,1,8,3,1,3
2.02E+12,2,3,0,18,0,1,0,0,0,0,1,1,1,1,57,9,108,1,2,2,1,2
2.02E+12,2,9,0,18,0,8,0,0,0,0,1,1,6,1,18,4,2000,1,8,4,1,4
2.02E+12,1,3,0,13,0,2,0,0,0,0,1,1,6,1,31,6,125,1,1,8,1,8
2.02E+12,2,9,0,18,0,1,0,0,0,0,1,1,6,1,77,11,999,1,17,8,1,8
2.02E+12,2,9,0,18,0,8,0,0,0,0,3,1,6,1,36,7,2521,1,11,3,1,3
2.02E+12,1,8,0,5,0,2,0,0,0,0,1,1,1,1,40,7,1997,2,5,5,1,5
2.02E+12,2,9,0,9,0,2,0,0,0,0,4,1,6,1,43,7,1560,2,10,3,1,3
2.02E+12,1,9,0,5,0,8,0,7,0,0,1,1,6,1,82,11,1998,1,11,8,1,8
2.02E+12,1,9,0,18,0,8,0,0,0,0,1,1,6,1,67,10,1997,2,5,1,1,1
2.02E+12,1,9,0,18,0,1,0,0,0,0,1,1,6,1,63,9,1796,2,5,9,1,9
2.02E+12,1,11,1,3,2,2,0,0,0,0,2,1,1,1,55,8,4500,2,6,3,1,3
2.02E+12,2,11,1,3,2,2,0,0,0,0,0,1,1,1,42,7,9000,2,11,7,1,7
2.02E+12,1,9,0,18,0,1,5,10,0,0,1,1,6,1,40,7,1339,1,11,2,1,2
2.02E+12,1,11,0,16,0,1,0,0,0,0,0,1,1,1,61,9,4500,2,2,8,1,8
2.02E+12,1,9,0,18,0,1,5,0,0,0,1,1,2,1,51,8,1196,1,20,5,1,5
2.02E+12,2,9,0,7,0,7,0,0,0,0,3,1,6,1,77,11,1798,8,5,8,1,8
2.02E+12,1,9,0,9,0,4,0,0,0,0,3,1,6,1,40,7,1796,1,9,5,1,5
2.02E+12,1,9,0,18,0,1,0,0,0,0,4,1,3,2,51,8,2987,2,11,5,1,5
2.02E+12,1,9,0,3,0,1,0,0,0,0,2,1,6,2,52,8,1199,1,13,2,1,2
2.02E+12,2,19,0,9,0,6,0,0,0,0,1,1,6,1,44,7,1598,2,4,2,1,2
2.02E+12,1,3,0,7,0,1,0,0,0,0,1,1,2,1,33,6,124,1,5,5,1,5
2.02E+12,2,9,0,4,0,1,0,0,0,0,1,1,6,2,34,6,1797,8,6,2,1,2
2.02E+12,1,19,0,6,0,1,0,0,0,0,3,1,1,1,31,6,1598,2,1,1,1,1
2.02E+12,1,9,0,9,0,1,0,0,0,0,3,1,6,1,26,6,1791,8,6,1,1,1
2.02E+12,2,21,1,3,0,1,0,0,0,0,4,1,1,1,53,8,12900,2,3,9,1,9
2.02E+12,2,19,0,14,0,1,0,0,7,10,3,1,6,1,48,8,2198,2,1,8,1,8
2.02E+12,1,9,0,9,0,1,0,0,0,0,4,1,6,2,43,7,998,1,8,3,1,3
2.02E+12,1,19,0,4,0,2,0,0,0,0,2,1,1,1,48,8,1598,2,1,6,1,6
2.02E+12,2,9,0,4,0,2,1,4,0,0,3,1,2,1,21,5,1242,1,5,4,1,4
2.02E+12,1,19,0,9,0,1,0,0,7,0,0,1,1,1,47,8,2143,2,6,5,1,5
2.02E+12,1,11,0,18,0,2,0,0,0,0,1,1,1,1,60,9,6700,2,7,4,1,4
2.02E+12,1,3,0,18,0,2,5,0,0,0,3,1,6,1,17,4,125,1,1,3,1,3
2.02E+12,1,9,0,3,0,1,0,0,0,0,1,1,6,2,25,5,1968,2,4,1,1,1
2.02E+12,2,8,0,9,0,6,0,0,0,0,1,1,1,2,47,8,1798,8,2,4,1,4
2.02E+12,1,9,0,18,0,2,0,0,0,0,1,1,6,2,45,7,1400,1,11,2,1,2
2.02E+12,1,9,0,3,0,2,0,0,0,0,4,1,2,2,59,9,1995,2,11,4,1,4
2.02E+12,2,9,0,18,0,1,0,0,0,0,1,1,1,1,22,5,1794,1,14,7,1,7
2.02E+12,1,19,0,18,0,1,0,0,0,0,1,1,1,1,27,6,2402,2,17,6,1,6
2.02E+12,2,9,0,5,0,6,0,0,0,0,4,1,6,2,70,10,1598,2,2,10,1,10
2.02E+12,1,9,0,9,0,8,0,0,0,0,1,1,6,2,61,9,1300,1,12,5,1,5
2.02E+12,2,2,0,18,0,8,0,0,0,0,1,1,6,2,18,4,49,1,14,3,1,3
2.02E+12,1,9,0,5,0,8,0,10,0,0,1,1,2,2,43,7,1388,1,6,4,1,4
2.02E+12,1,11,0,5,0,1,0,0,0,0,0,1,1,1,33,6,6700,2,10,5,1,5
2.02E+12,1,3,0,9,0,8,1,0,0,0,2,1,6,1,29,6,125,1,4,2,1,2
2.02E+12,2,19,0,18,0,8,0,0,0,0,1,1,6,1,43,7,1968,2,4,8,1,8
2.02E+12,1,9,0,18,0,1,0,0,0,0,1,1,6,1,71,10,1998,1,16,4,1,4
2.02E+12,1,9,0,3,0,1,0,0,0,0,2,2,6,2,47,8,2967,2,6,8,1,8
2.02E+12,2,3,0,18,0,1,0,0,0,0,1,1,6,1,40,7,125,1,9,3,1,3
2.02E+12,1,9,0,17,0,1,0,0,0,0,4,1,6,1,74,10,1229,1,12,5,1,5
2.02E+12,1,3,0,4,0,8,2,0,0,0,1,1,6,1,17,4,108,1,5,6,1,6
2.02E+12,1,9,0,5,0,1,0,4,0,0,1,1,6,1,43,7,1685,2,1,5,1,5
2.02E+12,2,9,0,10,0,1,0,0,0,0,2,1,2,1,37,7,999,1,1,8,1,8
2.02E+12,1,9,0,9,0,8,0,0,0,0,1,1,6,1,28,6,1796,1,14,2,1,2
2.02E+12,2,9,0,4,0,2,0,0,0,0,0,1,6,1,22,5,1997,1,13,7,1,7
2.02E+12,1,9,0,18,0,2,0,4,0,0,1,1,6,1,39,7,1910,2,9,3,1,3
2.02E+12,1,3,0,5,0,6,0,0,0,0,3,1,1,1,24,5,125,1,3,1,1,1
2.02E+12,1,11,0,18,2,8,0,0,0,0,0,1,1,1,32,6,8268,2,14,2,1,2
2.02E+12,1,9,0,5,0,1,0,0,0,0,3,1,6,2,32,6,1229,1,5,4,1,4
2.02E+12,1,9,0,18,0,4,0,0,0,0,1,1,6,2,47,8,1984,2,4,4,1,4
2.02E+12,2,9,0,9,0,3,0,0,0,0,1,1,6,2,18,4,1968,2,3,4,1,4
2.02E+12,2,9,0,9,0,1,0,0,0,0,3,1,6,1,25,5,2143,2,3,10,2,10
2.02E+12,1,4,0,7,0,3,0,7,0,0,0,1,6,1,30,6,249,1,5,3,1,3
2.02E+12,1,8,0,14,9,2,0,0,7,10,1,1,1,1,27,6,1798,8,1,2,1,2
2.02E+12,1,9,0,3,0,8,0,0,0,0,3,1,6,2,28,6,1390,1,14,1,1,1
2.02E+12,2,21,1,7,0,8,0,0,0,0,3,1,1,1,36,7,12882,2,2,8,3,8
2.02E+12,1,3,0,18,0,1,0,0,0,0,1,1,1,1,51,8,124,1,10,2,1,2
2.02E+12,2,9,0,5,0,1,0,0,0,0,1,1,6,1,34,6,1395,1,2,5,1,5
2.02E+12,2,9,0,3,0,1,0,0,0,0,2,2,6,1,26,6,2494,1,18,9,1,9
2.02E+12,1,9,0,18,0,1,0,4,0,0,4,1,6,1,15,3,1998,1,10,7,1,7
2.02E+12,1,9,0,18,0,1,0,0,0,0,0,1,2,1,68,10,1600,1,13,8,1,8
2.02E+12,1,9,0,9,0,6,0,0,0,0,1,1,6,1,37,7,1910,2,10,1,1,1
2.02E+12,1,8,0,18,0,2,0,0,0,0,0,1,1,1,52,8,1968,2,3,5,1,5
2.02E+12,2,9,0,18,0,1,0,0,0,0,0,1,3,2,18,4,1498,1,1,4,1,4
2.02E+12,1,8,0,18,0,1,0,0,0,0,2,1,1,1,55,8,2499,2,4,9,1,9
2.02E+12,1,9,0,9,0,8,0,0,0,0,4,1,1,1,33,6,1956,2,6,4,1,4
2.02E+12,2,5,0,5,0,8,0,0,0,0,1,1,2,1,37,7,750,1,5,5,1,5
2.02E+12,1,21,0,18,0,2,0,0,0,0,4,1,1,1,30,6,7146,2,8,3,1,3
2.02E+12,1,9,0,1,0,1,0,0,0,0,2,1,1,1,35,6,998,1,1,4,1,4
2.02E+12,1,9,0,18,0,1,0,0,0,0,1,1,6,1,31,6,2198,1,15,6,1,6
2.02E+12,1,9,0,9,0,6,0,0,0,0,1,1,2,1,27,6,1995,1,11,3,1,3
2.02E+12,1,5,0,9,0,8,0,0,0,0,1,1,2,1,32,6,645,1,17,2,1,2
2.02E+12,1,9,0,9,0,5,0,0,0,0,1,1,6,1,56,9,1956,2,1,4,1,4
2.02E+12,1,5,0,18,0,1,2,0,0,0,3,1,6,1,35,6,1200,1,16,2,1,2
2.02E+12,1,19,0,7,0,8,0,0,0,0,3,1,1,1,32,6,2198,2,3,4,1,4
2.02E+12,1,8,0,18,0,8,0,0,0,0,4,1,1,1,49,8,1896,2,8,3,1,3
2.02E+12,1,11,0,5,0,1,0,0,0,0,1,1,1,1,50,8,4500,2,10,10,1,10
2.02E+12,1,11,0,4,0,1,0,0,0,0,0,1,1,1,32,6,4461,2,4,8,1,8
2.02E+12,1,5,0,18,0,1,0,0,0,0,3,1,2,1,43,7,955,1,17,9,1,9
2.02E+12,2,9,0,18,0,1,0,0,0,0,1,1,1,1,55,8,1896,2,9,3,1,3
2.02E+12,1,9,0,11,0,2,1,0,0,0,2,1,6,1,47,8,1598,1,11,2,1,2
2.02E+12,2,21,0,18,0,2,0,0,0,0,1,1,1,1,58,9,6700,2,1,8,1,8
2.02E+12,1,9,0,10,0,1,0,0,0,0,2,1,6,2,37,7,1386,1,11,2,1,2
2.02E+12,2,9,0,18,0,1,0,0,0,0,2,1,2,2,24,5,1198,1,11,7,1,7
2.02E+12,3,9,0,18,0,1,0,0,0,0,1,1,2,1,25,5,1968,2,10,4,1,4
2.02E+12,1,8,0,9,0,8,0,0,0,0,1,1,1,1,49,8,1998,2,8,5,1,5
2.02E+12,1,5,0,18,0,1,0,0,0,0,1,1,1,1,49,8,781,1,15,7,3,7
2.02E+12,1,9,0,18,0,1,0,0,0,0,1,1,6,2,41,7,1968,2,6,2,1,2
2.02E+12,2,9,0,9,0,8,0,0,0,0,4,1,6,1,21,5,1596,1,9,7,1,7
2.02E+12,1,9,0,10,0,1,0,0,0,0,1,1,2,1,26,6,1798,1,6,6,1,6
2.02E+12,2,3,0,18,0,1,0,0,0,0,1,1,6,1,21,5,124,1,1,6,1,6
2.02E+12,1,11,0,3,3,1,0,0,0,0,0,1,6,1,53,8,8268,2,14,4,1,4
2.02E+12,2,3,0,15,2,8,5,8,0,0,4,1,2,1,23,5,108,1,2,4,1,4
2.02E+12,3,8,0,3,0,8,0,0,0,0,4,1,1,1,28,6,1968,2,2,8,1,8
2.02E+12,1,11,0,5,0,2,0,0,0,0,0,1,1,1,33,6,4461,2,4,2,1,2
2.02E+12,1,9,0,9,0,8,0,0,0,0,4,1,6,1,83,11,1590,1,17,8,1,8
2.02E+12,2,9,0,18,0,8,0,0,0,0,1,1,6,1,37,7,2987,2,4,4,1,4
2.02E+12,3,9,0,3,0,1,0,0,0,0,3,1,6,1,48,8,1598,1,4,2,1,2
2.02E+12,1,9,0,10,0,5,0,0,0,0,1,1,2,1,54,8,1591,1,4,4,1,4
2.02E+12,1,9,0,18,0,2,0,0,0,0,3,1,6,1,59,9,2979,1,12,3,1,3
2.02E+12,1,21,0,7,0,2,0,0,0,0,4,1,1,1,35,6,10837,2,1,3,1,3
2.02E+12,1,9,0,9,0,2,0,0,0,0,1,1,6,2,24,5,1242,1,4,3,1,3
2.02E+12,1,9,0,18,0,8,0,0,0,0,1,1,2,1,26,6,1598,1,11,3,1,3
2.02E+12,2,19,0,18,0,1,0,0,0,0,1,1,2,1,57,9,1753,2,16,7,1,7
2.02E+12,1,3,0,18,0,1,0,0,0,0,1,1,1,1,25,5,108,1,9,3,1,3
2.02E+12,2,9,0,9,0,6,0,0,0,0,3,1,1,2,49,8,1998,1,9,2,1,2
2.02E+12,1,9,0,6,0,2,0,0,0,0,2,1,6,1,38,7,1560,2,7,10,1,10
2.02E+12,2,9,0,18,0,2,0,0,0,0,1,1,2,1,52,8,1597,1,20,7,1,7
2.02E+12,2,9,0,5,0,8,0,0,0,0,1,1,1,2,36,7,1596,1,13,3,1,3
2.02E+12,1,9,0,3,0,8,0,0,0,0,1,1,1,1,35,6,1956,2,8,7,1,7
2.02E+12,2,9,0,3,0,1,0,0,0,0,3,1,1,1,47,8,2993,2,2,3,1,3
2.02E+12,1,11,0,17,7,1,0,0,0,0,1,1,6,1,29,6,6700,2,5,4,1,4
2.02E+12,2,9,0,18,0,2,0,0,0,0,1,1,6,1,43,7,1794,1,9,2,1,2
2.02E+12,1,9,0,3,0,1,0,0,0,0,0,1,3,2,48,8,1685,2,5,4,1,4
2.02E+12,2,3,0,18,0,1,0,0,0,0,1,1,6,1,22,5,108,1,5,1,1,1
2.02E+12,1,9,0,10,0,5,0,0,0,0,1,1,6,2,27,6,1229,1,7,5,1,5
2.02E+12,2,9,0,18,0,1,0,0,0,0,1,1,1,1,40,7,998,1,3,2,1,2
2.02E+12,1,9,0,9,0,8,0,0,0,0,3,1,6,1,39,7,1998,2,2,4,1,4
2.02E+12,1,3,0,18,0,2,2,10,2,1,1,1,6,1,29,6,125,1,17,2,1,2
2.02E+12,1,8,0,4,0,3,0,0,0,0,3,1,1,1,31,6,1997,2,7,4,1,4
2.02E+12,1,9,0,1,0,1,0,0,0,0,2,1,1,2,28,6,1560,2,7,7,1,7
2.02E+12,1,9,0,18,0,8,0,7,0,0,3,1,6,1,35,6,1910,2,12,6,1,6
2.02E+12,1,9,0,16,0,3,1,10,1,10,1,1,6,2,23,5,1390,1,16,3,1,3
2.02E+12,1,9,0,18,0,3,1,0,1,4,1,1,6,1,24,5,2793,1,20,3,1,3
2.02E+12,1,11,0,18,0,1,0,0,0,0,0,1,1,1,42,7,5132,2,1,3,1,3
2.02E+12,1,9,0,9,0,1,0,0,0,0,1,1,2,2,63,9,1598,1,8,4,1,4
2.02E+12,1,9,0,18,9,5,0,0,1,4,3,1,6,1,27,6,1596,1,9,1,1,1
2.02E+12,1,9,0,5,0,1,0,0,0,0,4,1,6,1,25,5,2261,1,1,7,1,7
2.02E+12,1,19,0,4,0,1,0,0,0,0,2,1,6,1,55,8,1896,2,9,8,1,8
2.02E+12,2,9,0,18,0,1,0,0,0,0,1,1,6,2,34,6,1595,1,12,6,1,6
2.02E+12,1,9,0,18,0,2,0,0,0,0,2,1,6,1,59,9,1970,1,9,8,1,8
2.02E+12,2,9,0,18,0,2,0,0,0,0,2,1,6,1,32,6,2979,1,13,4,1,4