Accident_Index,Vehicle_Reference,Vehicle_Type,Towing_and_Articulation,Vehicle_Manoeuvre,Vehicle_Location-Restricted_Lane,Junction_Location,Skidding_and_Overturning,Hit_Object_in_Carriageway,Vehicle_Leaving_Carriageway,Hit_Object_off_Carriageway,1st_Point_of_Impact,Was_Vehicle_Left_Hand_Drive?,Journey_Purpose_of_Driver,Sex_of_Driver,Age_of_Driver,Age_Band_of_Driver,Engine_Capacity_(CC),Propulsion_Code,Age_of_Vehicle,Driver_IMD_Decile,Driver_Home_Area_Type,Vehicle_IMD_Decile
2.02E+12,1,8,0,7,0,1,0,0,0,0,0,1,1,1,62,9,2499,2,4,3,1,3
2.02E+12,2,3,0,18,0,1,0,0,0,0,0,1,2,1,22,5,125,1,3,4,1,4
2.02E+12,1,9,0,18,0,1,0,0,0,0,1,1,6,1,24,5,2148,2,7,6,1,6
2.02E+12,2,9,0,9,0,2,0,0,0,0,4,1,6,2,44,7,1985,1,16,7,1,7
2.02E+12,1,21,0,7,4,6,0,0,0,0,1,1,2,1,56,9,10518,2,4,2,3,2
2.02E+12,1,11,0,5,0,7,0,0,0,0,0,1,6,1,63,9,5132,2,2,8,1,8
2.02E+12,1,9,0,18,0,2,0,0,0,0,1,1,6,2,22,5,998,1,8,10,1,10
2.02E+12,1,9,0,9,0,6,0,0,0,0,4,1,6,1,53,8,1399,2,8,5,1,5
2.02E+12,2,3,0,18,0,1,0,0,0,0,1,1,1,1,19,4,108,1,2,7,1,7
2.02E+12,1,9,0,4,0,8,0,0,0,0,2,2,1,1,49,8,1956,2,4,4,1,4
2.02E+12,2,9,0,3,0,1,0,0,0,0,1,2,6,2,48,8,2231,2,11,4,1,4
2.02E+12,1,9,0,10,0,2,0,0,0,0,0,1,6,1,28,6,1968,2,4,6,1,6
2.02E+12,2,4,0,18,0,1,1,0,0,0,0,1,1,1,39,7,125,1,2,3,1,3
2.02E+12,1,19,0,9,0,5,1,0,0,0,1,1,2,1,55,8,2461,2,11,5,1,5
2.02E+12,1,9,0,5,0,6,0,0,0,0,0,1,6,2,75,10,599,1,15,9,1,9
2.02E+12,2,3,0,18,0,2,5,0,0,0,0,1,6,1,42,7,125,1,10,5,1,5
2.02E+12,1,19,0,9,0,1,0,0,0,0,1,1,1,1,52,8,2198,2,2,3,1,3
2.02E+12,2,4,0,18,0,1,5,0,0,0,1,1,6,1,58,9,124,1,7,8,1,8
2.02E+12,3,5,0,18,0,1,0,0,0,0,1,1,1,1,44,7,599,1,8,4,1,4
2.02E+12,1,19,0,5,0,2,0,0,0,0,4,1,1,1,46,8,2198,2,5,9,1,9
2.02E+12,2,3,0,14,0,1,2,0,0,0,1,1,6,1,33,6,124,1,9,5,1,5
2.02E+12,1,9,0,9,0,1,0,0,0,0,1,1,6,1,26,6,1296,1,9,3,1,3
2.02E+12,2,3,0,5,0,1,0,0,0,0,3,1,6,1,33,6,125,1,9,3,1,3
2.02E+12,1,9,0,18,0,8,0,0,0,0,1,1,6,1,54,8,1998,1,17,3,1,3
2.02E+12,1,9,0,18,0,1,0,0,0,0,1,1,1,1,39,7,2993,2,2,9,1,9
2.02E+12,2,9,0,18,0,1,0,0,0,0,2,1,1,1,34,6,2993,2,1,9,1,9
2.02E+12,3,9,0,13,0,1,0,0,0,0,1,1,1,1,39,7,2993,2,2,9,1,9
2.02E+12,4,9,0,18,0,1,0,0,7,10,1,1,6,2,35,6,1400,1,10,8,1,8
2.02E+12,1,9,0,17,0,8,0,10,1,4,1,1,6,1,29,6,1242,1,18,3,1,3
2.02E+12,1,9,0,18,0,8,5,0,2,2,3,1,1,1,32,6,1797,8,3,2,1,2
2.02E+12,1,9,0,18,0,1,0,0,0,0,1,1,2,1,31,6,1799,1,11,2,1,2
2.02E+12,2,9,0,9,0,8,0,0,0,0,1,1,2,1,59,9,1198,1,13,4,1,4
2.02E+12,1,5,0,18,0,1,0,12,0,0,3,1,6,2,69,10,798,1,6,4,1,4
2.02E+12,1,9,0,18,0,1,0,0,0,0,3,2,6,2,26,6,1229,1,9,5,1,5
2.02E+12,1,9,0,7,0,1,0,0,0,0,4,1,6,1,65,9,1598,1,10,1,1,1
2.02E+12,2,3,0,5,0,1,0,0,0,0,0,1,2,1,20,4,124,1,9,5,1,5
2.02E+12,1,11,0,4,0,1,0,0,0,0,1,1,1,2,41,7,4500,2,1,2,1,2
2.02E+12,2,8,0,4,0,1,0,0,0,0,4,1,1,1,68,10,2402,2,14,5,1,5
2.02E+12,3,19,0,4,0,1,0,0,0,0,2,1,1,1,48,8,1560,2,6,2,1,2
2.02E+12,4,9,0,3,0,1,0,0,0,0,2,1,1,1,33,6,1997,2,7,5,1,5
2.02E+12,5,19,0,4,0,1,0,0,0,0,2,1,1,1,51,8,2299,2,4,1,1,1
2.02E+12,6,19,0,3,0,1,0,0,0,0,2,1,1,1,57,9,2198,2,2,2,1,2
2.02E+12,1,9,0,9,0,2,0,0,0,0,4,1,6,1,41,7,1368,1,3,4,1,4
2.02E+12,2,2,0,15,0,2,0,0,0,0,1,1,1,1,19,4,49,1,1,4,1,4
2.02E+12,1,9,0,3,0,1,0,0,0,0,2,1,6,1,39,7,1198,1,6,9,1,9
2.02E+12,2,9,0,3,0,1,0,0,0,0,1,1,6,2,41,7,2993,2,5,3,1,3
2.02E+12,2,3,0,18,0,4,0,0,0,0,2,1,2,1,74,10,125,1,7,5,1,5
2.02E+12,2,9,0,9,0,8,0,0,0,0,3,2,6,2,35,6,1386,1,8,2,1,2
2.02E+12,1,9,0,4,0,1,0,0,0,0,1,1,1,1,27,6,1390,1,6,8,1,8
2.02E+12,2,9,0,18,0,2,0,0,0,0,2,1,6,2,49,8,1198,1,7,10,1,10
2.02E+12,1,19,0,3,0,3,0,0,0,0,2,2,1,1,56,9,2198,2,3,2,1,2
2.02E+12,2,9,0,6,0,6,0,0,0,0,4,1,6,1,36,7,998,1,3,2,1,2
2.02E+12,1,9,0,18,0,2,0,0,0,0,4,1,6,1,25,5,1398,2,2,4,1,4
2.02E+12,1,9,0,18,0,8,0,0,0,0,4,1,6,1,35,6,1395,1,3,3,1,3
2.02E+12,1,19,0,4,0,2,0,0,0,0,2,1,1,1,45,7,1560,2,1,2,1,2
2.02E+12,2,8,0,4,0,1,0,0,0,0,2,1,1,1,41,7,1797,8,6,3,1,3
2.02E+12,3,9,0,12,0,1,0,0,0,0,1,1,6,1,19,4,999,1,1,2,1,2
2.02E+12,1,19,0,7,0,2,0,0,0,0,1,1,1,1,61,9,2287,2,1,6,1,6
2.02E+12,1,9,0,8,0,1,0,0,0,0,2,1,2,1,44,7,1386,1,10,2,1,2
2.02E+12,2,9,0,18,0,1,0,0,0,0,2,1,6,1,49,8,1797,8,7,2,1,2
2.02E+12,1,9,0,7,0,6,0,0,0,0,0,1,6,2,37,7,1242,1,9,5,1,5
2.02E+12,1,9,0,18,0,1,0,0,0,0,1,1,2,1,69,10,1398,1,5,4,1,4
2.02E+12,1,3,0,15,0,1,0,0,0,0,1,1,1,1,25,5,124,1,8,3,1,3
2.02E+12,2,8,0,9,0,1,0,0,0,0,4,1,1,1,36,7,1800,8,7,3,1,3
2.02E+12,1,9,0,18,0,2,0,0,0,0,1,1,6,1,52,8,2179,2,6,6,1,6
2.02E+12,2,9,0,9,0,1,0,0,0,0,1,1,6,2,26,6,1999,1,10,5,1,5
2.02E+12,1,9,0,9,0,6,0,0,0,0,1,1,6,2,51,8,1781,1,13,2,1,2
2.02E+12,1,9,0,6,0,8,0,0,0,0,1,1,6,1,22,5,1198,1,13,5,1,5
2.02E+12,2,9,0,18,0,1,0,0,0,0,1,1,6,1,20,4,1390,1,8,2,1,2
2.02E+12,2,9,0,5,0,2,0,0,0,0,3,1,6,1,51,8,1591,1,4,2,1,2
2.02E+12,1,9,0,5,0,8,0,0,0,0,0,1,6,2,56,9,1461,2,2,9,1,9
2.02E+12,2,2,0,18,0,1,5,0,0,0,1,1,6,1,32,6,49,1,9,2,1,2
2.02E+12,1,19,0,17,0,2,1,0,1,10,2,1,6,1,69,10,2198,2,9,2,1,2
2.02E+12,2,9,0,18,0,8,0,0,0,0,1,1,6,1,70,10,1584,1,11,9,1,9
2.02E+12,1,8,0,3,0,8,0,8,0,0,4,1,1,1,47,8,2143,2,3,2,1,2
2.02E+12,2,3,0,18,0,8,0,0,0,0,3,1,2,1,30,6,108,1,3,1,1,1
2.02E+12,2,3,0,11,0,1,0,0,0,0,3,1,6,1,26,6,108,1,7,2,1,2
2.02E+12,1,9,0,18,0,8,0,0,0,0,1,1,6,1,29,6,2979,1,15,4,1,4
2.02E+12,2,9,0,9,0,8,0,0,0,0,4,1,6,1,20,4,1596,1,3,1,1,1
2.02E+12,1,9,0,18,0,1,1,4,0,0,3,1,6,1,20,4,1368,1,11,4,1,4
2.02E+12,1,9,0,18,0,3,0,0,0,0,3,1,3,2,35,6,1329,1,5,3,1,3
2.02E+12,1,8,0,5,0,2,0,4,0,0,1,1,6,1,36,7,1797,8,6,4,1,4
2.02E+12,1,8,0,5,0,1,0,4,0,0,1,1,1,1,45,7,1686,2,6,4,1,4
2.02E+12,1,19,0,18,0,8,0,0,0,0,3,1,1,1,46,8,1560,2,4,4,1,4
2.02E+12,1,9,0,18,0,1,0,0,0,0,1,1,6,1,36,7,1598,1,10,2,1,2
2.02E+12,2,9,0,12,0,1,0,0,0,0,1,1,6,2,35,6,1596,1,10,6,1,6
2.02E+12,3,9,0,3,0,1,0,0,0,0,2,1,2,1,25,5,1600,1,6,9,1,9
2.02E+12,2,21,0,18,0,1,0,0,0,0,1,1,6,1,25,5,12740,2,3,4,1,4
2.02E+12,1,9,0,18,0,8,5,0,3,10,1,1,6,1,38,7,2993,2,1,8,1,8
2.02E+12,2,9,0,18,0,1,0,0,0,0,1,1,6,2,78,11,1497,8,10,6,1,6
2.02E+12,3,8,0,10,0,8,0,0,0,0,3,1,6,1,31,6,2499,2,4,7,1,7
2.02E+12,1,9,0,18,0,8,0,0,0,0,1,1,6,2,73,10,1388,1,6,3,1,3
2.02E+12,2,9,0,18,0,8,0,0,0,0,1,1,6,1,33,6,1686,2,3,2,1,2
2.02E+12,3,21,1,18,0,2,0,0,0,0,4,1,1,1,35,6,12740,2,3,3,1,3
2.02E+12,1,5,0,18,0,8,1,0,0,0,0,1,2,1,37,7,805,1,11,7,1,7
2.02E+12,1,2,0,18,0,1,2,0,0,0,1,1,6,1,23,5,124,1,12,4,1,4
2.02E+12,2,19,0,9,0,1,0,0,0,0,1,1,6,1,24,5,1560,2,6,9,1,9
2.02E+12,1,9,0,3,9,2,0,0,0,0,2,1,1,2,48,8,998,1,7,3,1,3
2.02E+12,2,19,0,18,0,2,0,4,0,0,1,1,1,1,32,6,2402,2,6,3,1,3
2.02E+12,1,3,0,18,0,1,0,0,0,0,1,1,1,1,25,5,125,1,6,2,1,2
2.02E+12,1,11,0,7,0,4,0,0,0,0,4,1,1,1,60,9,7300,2,14,4,1,4
2.02E+12,2,11,0,18,0,4,0,0,0,0,1,1,1,1,27,6,6700,2,5,5,1,5
2.02E+12,1,9,0,4,0,1,0,0,0,0,1,1,6,2,21,5,1461,2,3,1,1,1
2.02E+12,1,9,0,7,0,6,0,0,0,0,2,1,6,1,26,6,1995,2,6,3,1,3
2.02E+12,2,9,0,18,0,7,0,0,0,0,1,1,6,1,29,6,1995,2,1,3,3,3
2.02E+12,1,9,0,18,0,2,0,0,1,2,3,1,6,1,55,8,995,1,7,4,1,4
2.02E+12,2,9,0,18,0,1,0,0,7,0,3,1,6,1,33,6,1197,1,2,7,1,7
2.02E+12,1,9,0,9,0,6,0,0,0,0,1,1,6,2,34,6,1951,2,11,5,1,5
2.02E+12,1,9,0,18,0,4,0,0,0,0,4,1,6,1,29,6,1968,2,4,7,1,7
2.02E+12,1,8,0,18,0,2,0,0,0,0,1,1,1,1,56,9,1997,2,2,5,1,5
2.02E+12,1,8,0,18,0,2,0,0,0,0,2,1,1,1,31,6,1950,2,1,4,1,4
2.02E+12,2,9,0,18,0,2,0,0,0,0,1,1,6,1,23,5,2993,2,1,2,1,2
2.02E+12,1,3,0,18,0,1,0,10,0,0,4,1,2,1,37,7,124,1,7,9,1,9
2.02E+12,1,9,0,4,0,1,0,0,0,0,2,1,2,1,34,6,1995,2,6,3,1,3
2.02E+12,2,9,0,18,0,1,0,0,0,0,1,1,6,1,50,8,1296,1,11,2,1,2
2.02E+12,1,4,0,18,0,2,0,0,0,0,1,1,2,1,31,6,847,1,3,7,1,7
2.02E+12,2,11,0,9,0,4,0,0,0,0,3,1,1,1,40,7,6700,2,9,1,1,1
2.02E+12,2,9,0,9,0,2,0,0,7,0,1,1,1,1,62,9,1598,1,4,9,1,9
2.02E+12,1,2,0,18,2,1,5,0,0,0,4,1,1,1,32,6,125,1,2,4,1,4
2.02E+12,2,9,0,9,0,6,0,0,0,0,1,1,1,1,55,8,3200,2,1,3,1,3
2.02E+12,3,8,0,3,0,1,0,0,0,0,1,1,1,1,58,9,1798,8,1,3,1,3
2.02E+12,2,2,0,18,0,1,1,0,0,0,0,1,6,1,38,7,124,1,6,6,1,6
2.02E+12,1,9,0,7,0,2,0,0,0,0,1,1,6,1,54,8,647,8,1,9,1,9
2.02E+12,1,9,5,4,0,1,0,0,0,0,2,1,6,1,51,8,1956,2,5,2,1,2
2.02E+12,1,9,0,18,0,2,0,0,0,0,3,1,3,1,48,8,1364,1,8,2,1,2
2.02E+12,1,9,0,18,0,8,0,0,0,0,1,1,6,1,63,9,1598,1,7,6,1,6
2.02E+12,1,9,0,18,0,1,0,0,0,0,1,1,6,1,81,11,1796,1,18,4,1,4
2.02E+12,2,9,0,18,0,1,0,0,0,0,1,1,6,2,80,11,1339,1,7,5,1,5
2.02E+12,1,9,0,9,0,8,0,0,0,0,4,1,6,2,60,9,1560,2,4,3,1,3
2.02E+12,1,4,0,18,0,1,0,0,0,0,1,1,6,1,34,6,125,1,6,2,1,2
2.02E+12,3,9,0,18,0,1,0,0,0,0,1,1,6,2,57,9,1248,1,8,2,1,2
2.02E+12,1,9,0,5,0,6,0,0,2,4,2,1,6,2,69,10,1499,1,2,2,1,2
2.02E+12,1,9,0,13,0,1,5,7,0,0,3,1,2,1,23,5,999,1,9,6,3,6
2.02E+12,2,8,0,18,0,1,0,0,0,0,3,1,2,1,41,7,1497,8,8,4,1,4
2.02E+12,3,9,0,18,0,1,0,0,0,0,3,1,6,2,54,8,1968,2,3,9,1,9
2.02E+12,1,11,0,5,2,8,0,0,0,0,4,1,1,1,53,8,4500,2,2,2,1,2
2.02E+12,1,3,0,18,0,1,2,0,8,4,1,1,6,1,26,6,176,1,15,5,1,5
2.02E+12,2,9,0,18,0,8,0,0,0,0,3,1,6,1,45,7,1397,1,4,7,1,7
2.02E+12,1,11,0,5,2,1,0,0,0,0,0,1,1,1,54,8,4500,2,3,4,1,4
2.02E+12,1,9,0,18,0,8,0,11,0,0,1,1,6,1,34,6,1299,1,15,2,1,2
2.02E+12,1,9,0,7,0,5,0,0,0,0,1,1,6,2,41,7,1497,8,11,2,1,2
2.02E+12,1,4,0,18,0,8,0,0,0,0,1,1,6,1,29,6,125,1,11,2,1,2
2.02E+12,2,9,0,5,2,2,0,0,0,0,1,2,2,2,55,8,999,1,8,4,1,4
2.02E+12,1,9,0,9,0,5,0,0,0,0,3,1,6,2,19,4,1242,1,8,3,3,3
2.02E+12,2,9,0,18,0,8,0,0,0,0,1,1,6,1,28,6,1242,1,1,2,1,2
2.02E+12,1,3,0,18,0,8,1,0,0,0,0,1,6,1,29,6,108,1,2,1,1,1
2.02E+12,2,8,0,10,0,8,0,0,0,0,0,1,1,1,27,6,1797,8,4,3,1,3
2.02E+12,1,4,0,18,0,8,0,0,0,0,1,1,1,1,46,8,471,1,1,3,1,3
2.02E+12,2,9,0,9,0,8,0,0,0,0,4,1,6,1,21,5,1995,2,5,3,1,3
2.02E+12,1,4,0,18,0,1,2,0,0,0,1,1,6,1,19,4,125,1,5,7,1,7
2.02E+12,2,9,0,9,0,1,0,0,0,0,1,1,6,2,23,5,1461,2,3,2,1,2
2.02E+12,1,9,0,18,0,1,0,0,0,0,1,1,6,1,24,5,1364,1,9,4,1,4
2.02E+12,2,9,0,9,0,1,0,0,0,0,1,1,6,1,30,6,1596,1,8,5,1,5
2.02E+12,1,9,0,1,0,1,0,0,0,0,2,1,6,1,24,5,1968,2,9,2,1,2
2.02E+12,1,9,0,18,0,1,0,0,0,0,1,1,6,1,27,6,2987,2,6,2,1,2
2.02E+12,1,19,0,4,0,4,0,0,0,0,1,1,1,1,28,6,2198,2,4,5,1,5
2.02E+12,2,9,0,3,0,4,0,0,0,0,2,1,6,1,34,6,1598,2,2,2,1,2
2.02E+12,3,9,0,3,0,4,0,0,0,0,2,1,6,1,28,6,2967,2,5,10,1,10
2.02E+12,1,19,0,18,0,1,0,0,0,0,1,1,6,1,49,8,2402,2,8,2,1,2
2.02E+12,2,9,0,18,0,1,0,0,0,0,3,1,6,2,20,4,998,1,11,9,1,9
2.02E+12,1,9,0,18,0,1,0,0,0,0,1,1,6,1,22,5,1796,1,14,3,1,3
2.02E+12,2,9,0,9,0,5,0,0,0,0,1,1,6,2,22,5,1197,1,3,9,1,9
2.02E+12,1,3,0,18,0,1,0,0,0,0,3,1,6,1,40,7,125,1,8,2,1,2
2.02E+12,1,9,0,18,0,8,0,0,0,0,1,1,2,1,52,8,1798,8,4,4,1,4
2.02E+12,2,9,0,9,0,8,0,0,0,0,1,1,2,1,27,6,2987,2,9,1,1,1
2.02E+12,3,9,0,18,0,8,0,0,0,0,2,1,6,1,37,7,1998,1,14,3,1,3
2.02E+12,1,9,0,7,0,2,0,11,0,0,1,1,6,1,58,9,1396,1,4,3,1,3
2.02E+12,1,9,0,18,0,8,0,0,0,0,3,1,6,1,21,5,1200,1,1,1,1,1
2.02E+12,1,9,0,9,0,1,0,0,0,0,1,1,6,1,31,6,1968,2,13,8,1,8
2.02E+12,1,9,0,18,0,1,0,0,0,0,1,1,6,1,40,7,1198,1,12,3,1,3
2.02E+12,2,9,0,9,0,6,0,0,0,0,1,1,6,1,29,6,1999,1,12,6,1,6
2.02E+12,1,8,0,10,0,2,0,0,0,0,3,1,1,1,70,10,2402,2,15,7,1,7
2.02E+12,2,9,0,13,0,1,1,0,0,0,4,1,6,1,19,4,1199,1,14,8,1,8
2.02E+12,2,9,0,9,6,1,0,0,0,0,2,1,6,2,40,7,1240,1,11,3,1,3
2.02E+12,1,9,0,5,0,1,0,0,0,0,1,1,6,1,34,6,1339,8,5,2,1,2
2.02E+12,1,3,0,13,0,8,0,0,0,0,4,1,6,1,41,7,124,1,4,5,1,5
2.02E+12,2,9,0,9,0,5,0,0,0,0,3,1,6,1,64,9,1591,1,8,6,1,6
2.02E+12,1,9,0,18,0,1,0,0,0,0,1,1,6,2,53,8,1598,2,1,3,1,3
2.02E+12,2,20,0,3,0,1,0,0,0,0,1,1,1,1,62,9,5132,2,3,5,1,5
2.02E+12,1,11,0,18,0,3,0,0,0,0,0,1,1,1,44,7,6700,2,8,4,1,4
2.02E+12,1,9,0,18,0,1,0,0,0,0,1,1,6,2,19,4,998,1,13,4,1,4
2.02E+12,1,9,0,18,0,6,0,0,0,0,4,1,6,1,64,9,1998,1,13,10,1,10
2.02E+12,2,3,0,13,0,2,0,0,0,0,3,1,6,1,23,5,125,1,1,4,1,4
2.02E+12,2,9,0,4,0,1,0,0,0,0,2,1,6,2,23,5,1399,2,5,6,1,6
2.02E+12,3,9,0,18,0,1,0,0,0,0,1,1,2,1,57,9,1598,1,16,2,1,2
2.02E+12,1,19,0,1,0,2,0,0,0,0,2,1,1,1,28,6,2148,2,9,6,1,6
2.02E+12,1,9,0,18,0,1,0,4,0,0,4,1,6,2,49,8,1995,2,9,4,1,4
2.02E+12,1,9,0,5,0,1,0,0,0,0,1,1,6,1,42,7,1685,2,2,1,1,1
2.02E+12,2,3,0,18,0,1,0,0,0,0,1,1,6,1,22,5,125,1,3,4,1,4
2.02E+12,1,9,0,9,0,7,0,0,1,0,4,1,6,1,55,8,1997,2,9,9,1,9
2.02E+12,2,9,0,18,0,7,0,0,3,0,1,1,6,2,40,7,1598,1,5,3,1,3
2.02E+12,1,9,0,17,0,8,0,0,0,0,1,1,1,1,51,8,1339,1,11,2,1,2
2.02E+12,2,3,0,17,0,8,0,0,0,0,2,1,1,1,39,7,125,1,11,2,1,2
2.02E+12,1,9,0,9,0,8,0,0,0,0,1,1,6,1,25,5,1995,2,3,4,1,4
2.02E+12,2,4,0,18,0,8,0,0,0,0,1,1,6,1,30,6,124,1,9,3,1,3
2.02E+12,1,8,0,4,0,1,0,0,0,0,2,1,6,1,30,6,1798,8,2,6,1,6
2.02E+12,2,19,0,4,0,1,0,0,0,0,1,1,6,1,37,7,2686,2,13,1,1,1
2.02E+12,1,9,0,3,0,2,0,0,0,0,2,1,6,1,39,7,1995,2,6,3,1,3
2.02E+12,2,9,0,3,0,2,0,0,0,0,1,1,6,1,43,7,1299,1,16,3,1,3
2.02E+12,1,3,0,18,0,1,1,0,0,0,1,1,1,1,30,6,124,1,12,4,1,4
2.02E+12,2,9,0,8,0,6,0,0,0,0,1,1,6,2,63,9,1586,1,3,5,1,5
2.02E+12,1,9,0,18,0,8,0,0,0,0,1,1,6,2,69,10,1329,1,3,5,1,5
2.02E+12,2,19,0,18,0,8,0,0,3,0,1,1,6,2,30,6,2151,2,16,3,1,3
2.02E+12,1,8,0,16,0,6,0,0,0,0,1,1,1,1,57,9,1991,1,2,3,1,3
2.02E+12,2,3,0,3,0,2,0,0,0,0,2,1,2,1,31,6,125,1,2,4,1,4
2.02E+12,1,5,0,5,0,2,0,0,0,0,0,1,6,1,44,7,998,1,3,9,1,9
2.02E+12,2,9,0,5,0,1,0,0,0,0,0,1,6,1,54,8,2993,2,4,10,1,10
2.02E+12,1,8,0,9,0,1,0,0,0,0,4,1,1,1,27,6,1497,8,9,3,1,3
2.02E+12,2,9,0,18,0,1,0,0,0,0,1,1,6,1,19,4,1149,1,11,3,1,3
2.02E+12,1,9,0,5,0,1,0,10,0,0,4,1,6,2,35,6,1560,2,6,4,1,4
2.02E+12,1,9,0,18,0,8,0,0,0,0,3,1,6,1,37,7,2720,2,9,4,1,4
2.02E+12,2,9,0,9,0,8,0,0,0,0,1,1,6,1,47,8,1598,1,12,3,1,3
2.02E+12,1,9,0,18,9,6,1,7,1,10,4,1,6,1,29,6,1999,2,2,5,1,5
2.02E+12,1,9,0,10,0,1,0,0,0,0,2,1,1,1,55,8,1997,2,6,5,1,5
2.02E+12,1,9,0,13,0,1,0,0,0,0,1,1,2,1,38,7,1799,1,11,4,1,4
2.02E+12,1,9,0,18,0,2,0,0,0,0,1,1,6,1,42,7,996,1,2,3,1,3
2.02E+12,2,9,0,18,0,1,0,0,0,0,1,1,6,1,59,9,2993,2,12,9,1,9
2.02E+12,3,9,0,18,0,1,0,0,0,0,2,1,6,2,50,8,1587,1,10,9,1,9
2.02E+12,2,9,0,18,0,2,0,0,0,0,1,1,6,2,36,7,1364,1,11,3,1,3
2.02E+12,1,9,0,9,0,8,0,0,0,0,1,2,1,1,45,7,1998,1,13,1,1,1
2.02E+12,2,9,0,18,0,8,0,0,0,0,1,1,6,1,68,10,1560,2,6,3,1,3
2.02E+12,1,9,0,5,0,3,0,0,0,0,1,1,6,1,48,8,1388,1,6,3,1,3
2.02E+12,2,9,0,18,9,3,0,10,6,10,1,1,6,1,24,5,998,1,5,5,1,5
2.02E+12,1,9,0,18,0,2,0,0,0,0,1,1,6,1,34,6,1781,1,14,3,1,3
2.02E+12,1,9,0,18,0,1,0,0,0,0,1,1,6,1,80,11,1339,1,11,2,1,2
2.02E+12,1,9,0,1,0,2,0,0,0,0,4,1,6,1,40,7,3993,1,4,6,1,6
2.02E+12,1,4,0,18,0,1,0,0,0,0,4,1,2,1,37,7,169,1,1,3,1,3
2.02E+12,2,9,0,9,0,1,0,0,0,0,3,1,6,1,42,7,1596,1,12,2,1,2
2.02E+12,1,9,0,13,0,1,0,0,7,10,1,1,6,1,25,5,1781,1,12,2,1,2
2.02E+12,1,9,0,7,2,1,0,0,0,0,4,1,6,1,25,5,1398,1,2,5,1,5
2.02E+12,2,5,0,15,2,1,0,0,0,0,3,1,6,1,30,6,745,1,3,6,1,6
2.02E+12,1,3,0,18,0,8,0,0,0,0,1,1,6,1,25,5,124,1,6,8,1,8
2.02E+12,2,9,0,9,0,8,0,0,0,0,4,1,6,1,50,8,1995,1,13,4,1,4
2.02E+12,1,9,0,4,0,1,0,0,0,0,2,1,6,1,26,6,1598,1,12,5,1,5
2.02E+12,1,9,0,9,0,1,0,0,0,0,0,1,1,1,23,5,1299,1,14,6,1,6
2.02E+12,1,9,0,4,0,8,0,0,0,0,1,1,2,1,42,7,2993,2,6,2,1,2
2.02E+12,2,9,0,3,0,8,0,0,0,0,2,1,2,2,28,6,999,1,2,1,1,1
2.02E+12,3,9,0,4,0,8,0,0,0,0,2,1,6,1,23,5,1386,1,10,3,1,3
2.02E+12,2,9,0,18,9,5,5,10,1,1,3,1,6,1,23,5,1242,1,11,3,1,3
2.02E+12,3,9,0,9,0,8,0,0,0,0,3,1,6,1,29,6,1995,2,6,4,1,4
2.02E+12,1,9,0,18,0,2,0,0,0,0,1,1,6,1,40,7,1587,1,13,4,1,4
2.02E+12,2,9,0,18,0,2,0,0,0,0,2,1,6,1,47,8,998,1,14,3,1,3
2.02E+12,1,9,0,18,0,4,0,0,0,0,4,1,6,2,61,9,1395,1,2,3,1,3
2.02E+12,2,9,0,18,0,2,2,6,0,0,2,1,6,1,25,5,1388,1,9,1,1,1
2.02E+12,1,9,0,8,0,3,1,0,0,0,1,1,6,2,19,4,1398,1,1,6,1,6
2.02E+12,2,9,0,9,0,4,0,0,0,0,1,1,6,1,48,8,1896,2,13,2,1,2
2.02E+12,1,8,0,9,0,2,0,0,0,0,1,1,1,1,43,7,1997,2,4,3,1,3
2.02E+12,1,9,0,14,0,5,0,0,0,0,4,1,6,2,27,6,1968,2,10,5,1,5
2.02E+12,2,9,0,3,0,8,0,0,0,0,0,1,6,2,57,9,1397,1,10,5,1,5
2.02E+12,1,19,0,18,0,2,0,0,0,0,2,1,1,1,24,5,1995,2,6,3,1,3
2.02E+12,1,9,0,4,0,8,0,0,0,0,2,1,6,2,25,5,1461,2,5,4,3,4
2.02E+12,2,9,0,4,0,8,0,0,0,0,2,1,6,2,36,7,1396,1,16,2,1,2
2.02E+12,3,19,0,4,0,8,0,0,0,0,1,1,6,1,31,6,2287,2,1,4,1,4
2.02E+12,1,8,0,7,0,2,0,0,0,0,3,2,1,1,50,8,1956,2,3,8,1,8
2.02E+12,1,9,0,5,0,8,0,0,0,0,1,1,6,1,25,5,1968,2,2,3,1,3
2.02E+12,1,9,0,3,0,1,0,0,0,0,2,1,6,1,35,6,1995,2,3,3,1,3
2.02E+12,1,9,0,9,0,6,0,10,7,10,4,1,6,2,23,5,1461,2,2,2,1,2
2.02E+12,1,8,0,11,0,1,0,0,0,0,1,1,1,1,45,7,1797,8,8,3,1,3
2.02E+12,1,9,0,5,0,1,0,0,0,0,1,1,1,1,32,6,1339,1,14,8,1,8
2.02E+12,2,9,0,18,0,1,0,0,0,0,3,1,1,1,40,7,1461,2,7,4,1,4
2.02E+12,1,9,0,18,0,2,1,7,0,0,2,1,6,1,20,4,1995,2,12,6,1,6
2.02E+12,2,9,0,18,0,2,0,11,0,0,3,1,6,1,41,7,2429,1,13,4,1,4
2.02E+12,1,9,0,18,0,1,0,0,0,0,3,1,6,1,49,8,1149,1,6,9,1,9
2.02E+12,2,9,0,4,0,1,0,0,0,0,2,1,6,2,22,5,1229,1,4,4,1,4
2.02E+12,3,9,0,4,0,1,0,0,0,0,1,1,6,1,32,6,1968,2,1,3,1,3