Accident_Index,Vehicle_Reference,Vehicle_Type,Towing_and_Articulation,Vehicle_Manoeuvre,Vehicle_Location-Restricted_Lane,Junction_Location,Skidding_and_Overturning,Hit_Object_in_Carriageway,Vehicle_Leaving_Carriageway,Hit_Object_off_Carriageway,1st_Point_of_Impact,Was_Vehicle_Left_Hand_Drive?,Journey_Purpose_of_Driver,Sex_of_Driver,Age_of_Driver,Age_Band_of_Driver,Engine_Capacity_(CC),Propulsion_Code,Age_of_Vehicle,Driver_IMD_Decile,Driver_Home_Area_Type,Vehicle_IMD_Decile
2.02E+12,2,9,0,18,0,1,0,0,0,0,3,1,6,1,44,7,998,1,3,3,1,3
2.02E+12,1,3,0,14,0,1,0,0,0,0,1,1,6,1,53,8,125,1,2,7,1,7
2.02E+12,1,3,0,4,0,1,0,4,0,0,1,1,6,2,24,5,124,1,13,1,1,1
2.02E+12,1,3,0,9,0,4,1,0,0,0,0,1,6,2,17,4,124,1,13,2,1,2
2.02E+12,1,3,0,18,0,1,0,0,0,0,1,1,6,1,55,8,124,1,1,1,1,1
2.02E+12,2,9,0,3,0,1,0,0,0,0,2,1,6,2,26,6,1240,1,11,2,1,2
2.02E+12,1,9,0,9,0,8,0,0,0,0,1,1,6,2,40,7,1360,1,9,1,1,1
2.02E+12,1,9,0,9,0,8,0,0,0,0,4,1,6,1,24,5,1198,1,1,9,1,9
2.02E+12,1,9,0,6,0,1,0,0,7,11,3,1,6,1,24,5,1596,1,15,3,1,3
2.02E+12,1,9,0,9,0,8,0,0,0,0,1,1,6,2,82,11,1461,2,2,2,1,2
2.02E+12,1,19,0,16,0,1,0,0,0,0,1,1,2,1,60,9,2402,2,14,5,1,5
2.02E+12,2,9,0,3,0,1,0,0,0,0,2,1,6,2,59,9,1596,1,15,4,1,4
2.02E+12,1,19,0,18,0,4,0,0,0,0,1,1,1,1,27,6,1998,2,11,1,1,1
2.02E+12,2,9,0,18,0,4,0,0,1,0,2,1,6,2,70,10,1395,1,4,9,1,9
2.02E+12,1,9,0,18,0,8,0,0,0,0,4,1,2,1,27,6,1781,1,15,1,1,1
2.02E+12,2,9,0,18,0,8,0,0,0,0,1,1,2,2,20,4,1242,1,7,1,1,1
2.02E+12,1,9,0,18,0,8,0,0,0,0,3,1,6,1,81,11,1560,2,2,1,1,1
2.02E+12,2,5,0,18,0,8,0,0,0,0,1,1,6,1,29,6,847,1,3,2,1,2
2.02E+12,1,19,0,18,0,1,0,0,0,0,1,1,1,1,22,5,1560,2,4,2,1,2
2.02E+12,2,9,0,18,0,1,0,0,7,11,4,1,6,1,52,8,998,1,17,1,1,1
2.02E+12,1,5,0,18,0,8,0,0,0,0,4,1,2,1,34,6,883,1,6,2,1,2
2.02E+12,1,9,0,5,0,8,0,0,0,0,1,1,6,1,20,4,1248,2,4,5,2,5
2.02E+12,2,9,0,18,0,8,0,0,1,0,3,1,6,1,64,9,1596,1,7,6,1,6
2.02E+12,1,9,0,7,0,8,0,0,0,0,3,1,6,1,39,7,1598,1,10,1,1,1
2.02E+12,1,9,0,18,0,8,0,0,0,0,1,1,6,1,35,6,1560,2,2,2,1,2
2.02E+12,2,9,0,18,0,8,5,0,0,0,4,1,1,2,21,5,1229,1,8,2,1,2
2.02E+12,1,9,0,9,0,5,0,0,0,0,1,1,1,1,57,9,1560,2,11,1,1,1
2.02E+12,2,9,0,18,0,1,0,0,0,0,1,1,1,1,66,10,1560,2,3,5,1,5
2.02E+12,1,9,0,7,0,3,0,0,0,0,1,1,6,1,71,10,1794,1,11,8,1,8
2.02E+12,1,8,0,9,0,8,0,0,0,0,1,1,1,1,61,9,2499,2,9,4,1,4
2.02E+12,1,9,0,18,0,1,0,0,0,0,1,1,6,1,67,10,1998,1,14,1,1,1
2.02E+12,2,9,0,18,0,1,0,0,0,0,0,1,6,2,54,8,999,1,2,1,1,1
2.02E+12,1,9,0,4,0,8,0,0,0,0,4,1,6,1,40,7,2993,2,4,2,1,2
2.02E+12,3,9,0,3,0,1,0,0,0,0,1,1,1,2,54,8,1560,2,3,1,1,1
2.02E+12,4,9,0,3,0,1,0,0,0,0,1,1,6,1,64,9,1685,2,3,8,1,8
2.02E+12,5,9,0,3,0,1,0,0,0,0,1,1,6,2,39,7,1598,1,15,1,1,1
2.02E+12,1,9,0,5,0,4,0,0,0,0,1,1,6,1,21,5,1598,1,10,6,1,6
2.02E+12,1,9,0,9,0,8,0,0,0,0,3,1,1,1,43,7,1242,1,3,1,1,1
2.02E+12,2,9,0,18,0,8,1,0,0,0,1,1,6,1,33,6,1896,2,10,3,1,3
2.02E+12,1,9,0,18,0,7,0,0,1,0,3,1,2,2,51,8,1995,2,9,8,1,8
2.02E+12,2,11,0,18,0,8,0,0,0,0,1,1,1,1,31,6,6696,2,4,3,1,3
2.02E+12,1,19,0,3,0,1,0,0,0,0,1,1,2,1,57,9,2198,2,10,4,1,4
2.02E+12,1,5,0,4,0,1,0,0,0,0,1,1,2,1,33,6,599,1,16,3,1,3
2.02E+12,2,9,0,4,0,1,1,0,0,0,2,1,6,1,63,9,998,1,5,7,1,7
2.02E+12,2,9,0,18,0,1,0,0,0,0,1,1,6,1,33,6,973,1,17,4,1,4
2.02E+12,1,9,0,18,0,1,0,0,0,0,1,1,1,1,53,8,998,1,1,7,1,7
2.02E+12,2,9,0,18,0,1,0,0,0,0,2,1,1,1,34,6,2143,2,4,1,1,1
2.02E+12,1,9,0,18,0,8,0,0,0,0,3,1,6,2,29,6,1598,1,5,4,1,4
2.02E+12,1,9,0,18,0,8,0,0,1,0,1,1,6,1,60,9,1596,1,14,3,1,3
2.02E+12,2,9,0,18,0,8,0,0,2,11,3,1,6,2,30,6,1242,1,5,1,1,1
2.02E+12,1,9,0,9,0,1,0,0,0,0,0,1,1,1,53,8,1800,2,8,2,1,2
2.02E+12,2,9,0,9,0,1,0,0,0,0,1,1,6,2,30,6,1686,2,4,1,1,1
2.02E+12,1,11,0,4,0,1,0,0,0,0,1,1,1,1,60,9,6700,2,8,1,1,1
2.02E+12,2,5,0,18,0,1,0,0,0,0,4,1,6,1,35,6,998,1,1,8,1,8
2.02E+12,1,9,0,4,0,1,0,0,0,0,1,1,6,2,23,5,1199,1,15,10,1,10
2.02E+12,2,4,0,3,0,1,0,0,0,0,2,1,6,1,49,8,1261,1,15,10,1,10
2.02E+12,2,9,0,9,0,1,0,0,0,0,3,1,6,1,56,9,1598,2,1,2,1,2
2.02E+12,1,5,0,18,0,8,0,0,0,0,1,1,6,2,45,7,599,1,18,1,1,1
2.02E+12,1,9,0,17,0,8,0,0,1,2,1,1,6,1,72,10,1200,1,12,1,1,1
2.02E+12,1,9,0,9,0,5,0,0,0,0,1,1,6,2,36,7,1390,1,10,3,1,3
2.02E+12,2,9,0,18,0,1,0,0,1,2,3,1,6,2,58,9,1229,1,10,5,1,5
2.02E+12,2,3,0,18,0,8,1,0,0,0,1,1,6,1,25,5,124,1,3,2,1,2
2.02E+12,1,9,0,9,0,8,0,0,0,0,1,1,2,2,34,6,1299,1,11,1,1,1
2.02E+12,2,5,0,18,0,8,0,0,0,0,3,1,2,1,55,8,600,1,16,4,1,4
2.02E+12,1,9,0,18,0,1,0,0,0,0,1,1,6,2,72,10,1229,1,9,7,1,7
2.02E+12,1,9,0,18,0,8,0,0,0,0,1,1,2,1,56,9,1995,2,13,1,1,1
2.02E+12,1,9,0,6,0,2,0,0,0,0,3,1,6,2,47,8,1299,1,11,1,1,1
2.02E+12,2,9,0,18,0,2,0,0,0,0,1,1,6,2,47,8,1587,1,11,6,1,6
2.02E+12,1,9,0,9,0,1,0,0,0,0,1,1,6,1,48,8,1398,1,2,1,1,1
2.02E+12,2,9,0,9,0,1,0,0,0,0,3,1,6,2,45,7,1794,1,10,7,1,7
2.02E+12,1,9,0,7,0,6,0,0,0,0,0,1,6,2,35,6,1598,1,12,2,1,2
2.02E+12,2,5,0,18,0,1,0,0,0,0,0,1,6,2,56,9,535,1,21,2,1,2
2.02E+12,1,19,0,9,0,5,0,0,0,0,4,1,1,1,41,7,1968,2,5,2,2,2
2.02E+12,2,11,0,18,0,1,0,0,0,0,1,1,1,1,47,8,4461,2,5,1,1,1
2.02E+12,1,9,0,3,0,4,0,0,0,0,2,2,6,2,24,5,1398,1,6,6,1,6
2.02E+12,1,9,0,7,0,2,0,0,0,0,1,1,2,2,54,8,1598,1,11,2,1,2
2.02E+12,2,9,0,5,0,2,0,0,0,0,2,1,6,2,38,7,796,1,11,2,1,2
2.02E+12,1,9,0,5,0,7,0,0,0,0,1,1,6,2,58,9,998,1,3,10,1,10
2.02E+12,1,19,0,18,0,1,0,0,0,0,1,1,6,1,22,5,1560,2,3,3,1,3
2.02E+12,2,9,0,18,0,1,0,0,0,0,3,1,6,2,31,6,1242,1,9,1,1,1
2.02E+12,1,9,0,7,0,2,0,0,0,0,1,1,6,1,77,11,996,1,3,5,1,5
2.02E+12,2,9,0,18,0,8,0,0,7,2,2,1,6,1,32,6,1999,1,9,1,1,1
2.02E+12,3,8,0,18,0,8,0,0,1,11,1,1,1,1,47,8,1995,2,1,1,1,1
2.02E+12,1,19,0,5,0,1,0,0,0,0,1,1,6,1,38,7,2198,2,2,1,1,1
2.02E+12,2,9,0,18,0,1,0,0,1,11,3,1,2,1,21,5,1364,1,12,5,1,5
2.02E+12,3,9,0,18,0,1,0,0,0,0,1,1,6,2,20,4,1242,1,8,8,1,8
2.02E+12,1,9,0,9,0,5,0,0,0,0,4,1,6,1,23,5,1198,1,12,2,1,2
2.02E+12,2,9,0,18,0,8,0,0,0,0,1,1,6,1,62,9,1956,2,5,8,1,8
2.02E+12,2,9,0,17,0,8,0,0,0,0,3,1,2,2,51,8,1364,1,7,2,1,2
2.02E+12,1,9,0,18,0,1,0,0,0,0,1,1,6,2,87,11,1124,1,13,5,1,5
2.02E+12,2,9,0,18,0,1,0,0,0,0,4,1,6,2,56,9,1598,2,1,6,1,6
2.02E+12,1,9,0,9,0,6,0,0,0,0,3,1,6,1,83,11,1753,2,16,4,3,4
2.02E+12,1,9,0,9,0,6,0,0,0,0,1,1,6,2,39,7,1461,2,3,5,1,5
2.02E+12,2,9,0,18,0,1,0,0,0,0,1,1,6,2,49,8,1598,1,8,1,1,1
2.02E+12,3,9,0,4,0,1,0,0,0,0,1,1,6,1,37,7,1299,1,9,1,1,1
2.02E+12,1,8,0,9,0,8,0,0,8,10,1,1,1,1,70,10,1686,2,5,2,1,2
2.02E+12,1,9,0,9,0,8,0,0,0,0,1,1,2,2,46,8,998,1,1,10,1,10
2.02E+12,2,9,0,9,0,8,0,0,0,0,2,1,6,2,55,8,1498,1,1,1,1,1
2.02E+12,3,9,0,9,0,8,0,0,0,0,2,1,6,2,49,8,1461,2,8,8,1,8
2.02E+12,1,9,0,9,0,1,0,0,0,0,1,1,2,1,46,8,1998,1,11,5,1,5
2.02E+12,2,19,0,16,0,8,0,0,0,0,1,1,2,1,55,8,2198,2,2,5,1,5
2.02E+12,1,9,0,9,0,8,0,0,0,0,4,1,6,1,19,4,1242,1,10,1,1,1
2.02E+12,2,19,0,18,0,8,0,0,0,0,1,1,6,1,28,6,1560,2,8,1,1,1
2.02E+12,1,9,0,18,0,6,0,0,0,0,1,1,3,1,44,7,1388,1,12,9,1,9
2.02E+12,1,9,0,5,0,4,0,0,0,0,1,1,6,1,47,8,1596,1,9,1,1,1
2.02E+12,2,9,0,9,0,8,0,10,1,1,1,1,6,2,60,9,1396,1,6,1,1,1
2.02E+12,2,9,0,18,0,1,2,0,1,5,4,1,6,2,26,6,1149,1,6,2,1,2
2.02E+12,1,9,0,18,0,8,0,0,0,0,1,1,6,1,54,8,2148,2,12,8,1,8
2.02E+12,1,9,0,9,0,6,0,0,0,0,3,1,2,1,38,7,1995,2,3,3,1,3
2.02E+12,2,9,0,18,0,8,0,0,0,0,1,1,6,1,49,8,1598,1,6,8,1,8
2.02E+12,2,3,0,18,0,8,0,0,0,0,1,1,6,1,51,8,125,1,1,1,1,1
2.02E+12,2,11,0,5,0,1,0,0,0,0,0,1,1,1,45,7,6692,2,6,1,1,1
2.02E+12,2,9,0,4,0,8,0,0,0,0,2,1,6,2,36,7,1390,1,6,1,1,1
2.02E+12,1,19,0,18,0,8,0,0,0,0,4,1,1,1,35,6,2499,2,2,6,1,6
2.02E+12,1,9,0,9,0,8,0,0,0,0,1,1,6,2,60,9,1242,1,8,4,1,4
2.02E+12,2,9,0,17,0,8,0,0,0,0,4,1,2,1,30,6,1108,1,7,2,1,2
2.02E+12,1,9,0,1,0,8,0,0,0,0,2,1,1,2,51,8,1339,1,7,3,1,3
2.02E+12,1,9,0,8,0,2,0,0,0,0,4,1,2,1,35,6,1242,1,9,5,1,5
2.02E+12,1,9,0,18,0,5,0,0,0,0,1,1,6,1,93,11,1896,2,13,2,1,2
2.02E+12,2,9,0,3,0,5,0,0,0,0,2,1,6,2,47,8,1598,2,6,9,1,9
2.02E+12,3,9,0,3,0,5,0,0,0,0,2,1,6,2,34,6,1461,2,6,7,1,7
2.02E+12,2,8,0,15,0,1,0,0,0,0,1,1,2,1,24,5,2143,2,3,3,1,3
2.02E+12,1,9,0,5,0,6,0,0,0,0,0,1,6,2,33,6,1596,1,12,1,1,1
2.02E+12,1,9,0,9,0,8,0,0,0,0,1,1,6,1,30,6,998,1,1,1,1,1
2.02E+12,2,9,0,18,0,8,0,0,0,0,1,1,6,1,22,5,998,1,4,6,1,6
2.02E+12,1,9,0,18,0,8,0,0,0,0,1,1,6,2,25,5,999,1,3,2,1,2
2.02E+12,2,9,0,18,0,8,0,10,4,1,4,1,2,1,52,8,1956,2,4,6,1,6
2.02E+12,3,9,0,18,0,8,0,0,0,0,1,1,6,2,19,4,1397,1,15,5,1,5
2.02E+12,1,9,0,7,0,1,0,0,0,0,1,1,6,2,68,10,1200,1,1,1,1,1
2.02E+12,2,4,0,18,0,1,0,0,0,0,4,1,6,1,34,6,675,1,2,5,1,5
2.02E+12,2,9,0,18,0,8,0,0,0,0,4,1,6,1,28,6,1984,1,6,3,1,3
2.02E+12,1,9,0,9,0,1,0,0,0,0,1,1,6,1,74,10,1396,1,16,8,1,8
2.02E+12,2,9,0,18,0,8,0,0,0,0,3,1,6,1,39,7,1968,2,1,1,1,1
2.02E+12,3,9,0,18,0,8,0,0,0,0,1,1,6,1,47,8,1796,1,7,1,1,1
2.02E+12,1,9,0,9,0,6,0,0,0,0,3,1,6,1,21,5,1248,2,8,2,1,2
2.02E+12,1,9,0,18,0,8,5,0,0,0,4,1,6,1,33,6,1796,1,7,5,1,5
2.02E+12,1,9,0,5,0,6,0,0,0,0,0,1,6,1,64,9,2231,2,4,3,1,3
2.02E+12,2,3,0,18,0,8,0,0,0,0,0,1,6,1,23,5,125,1,1,1,1,1
2.02E+12,1,9,0,18,0,8,0,0,0,0,1,1,6,2,51,8,2149,2,10,7,1,7
2.02E+12,2,9,0,18,0,8,0,0,0,0,4,1,2,2,75,10,796,1,8,2,1,2
2.02E+12,1,9,0,9,0,8,0,0,0,0,4,1,6,2,57,9,1560,2,8,1,1,1
2.02E+12,2,9,0,18,0,8,5,0,0,0,4,1,6,1,47,8,1598,2,1,1,1,1
2.02E+12,1,9,0,18,0,8,0,0,0,0,3,1,6,2,42,7,1685,2,1,2,1,2
2.02E+12,2,9,0,9,0,8,0,0,0,0,1,1,6,2,35,6,1596,1,13,1,1,1
2.02E+12,2,3,0,14,0,1,1,0,0,0,4,1,2,1,17,4,124,1,8,3,1,3
2.02E+12,1,9,0,18,0,1,0,0,0,0,1,1,1,1,29,6,1598,2,2,1,1,1
2.02E+12,2,3,0,18,0,1,0,0,7,4,1,1,2,1,29,6,125,1,7,2,1,2
2.02E+12,2,2,0,9,0,1,0,0,0,0,1,1,6,1,16,4,50,1,2,3,1,3
2.02E+12,2,9,0,8,0,1,0,0,0,0,2,1,6,2,23,5,1398,2,9,9,1,9
2.02E+12,1,9,0,18,0,6,1,0,1,11,1,1,6,2,26,6,1388,1,13,1,1,1
2.02E+12,2,8,0,18,0,8,0,0,0,0,3,1,1,1,63,9,1753,2,8,4,1,4
2.02E+12,1,9,0,5,0,4,0,0,0,0,3,1,6,1,53,8,1197,1,3,3,1,3
2.02E+12,2,9,0,18,0,3,0,0,0,0,1,1,1,2,29,6,1968,2,12,1,1,1
2.02E+12,1,19,0,5,0,8,0,0,1,7,4,1,1,1,65,9,1461,2,2,5,1,5
2.02E+12,2,9,0,18,0,1,0,0,1,7,1,1,6,2,26,6,1388,1,14,1,1,1
2.02E+12,1,9,0,10,0,1,0,0,0,0,1,1,6,1,54,8,2198,2,9,1,1,1
2.02E+12,2,9,0,10,0,1,0,0,0,0,2,1,6,2,34,6,1560,2,1,7,1,7
2.02E+12,1,9,0,7,0,2,0,0,0,0,3,1,2,1,55,8,1242,1,10,1,1,1
2.02E+12,1,11,0,18,0,8,0,0,0,0,1,1,1,1,63,9,6692,2,6,3,1,3
2.02E+12,1,9,0,9,0,5,0,0,0,0,4,1,6,1,58,9,1390,1,15,1,1,1
2.02E+12,1,9,0,9,0,1,0,0,0,0,3,2,1,1,37,7,998,1,3,1,1,1
2.02E+12,2,19,0,7,0,2,0,0,0,0,1,2,6,1,53,8,2187,2,14,1,1,1
2.02E+12,1,9,0,18,0,8,0,0,0,0,1,1,6,1,29,6,1984,1,3,1,1,1
2.02E+12,2,9,0,18,0,8,5,0,0,0,4,1,6,1,52,8,1390,1,12,3,1,3
2.02E+12,1,9,0,8,0,1,0,0,0,0,0,1,1,1,34,6,2993,2,6,2,1,2
2.02E+12,3,9,0,10,0,1,0,0,1,11,3,1,6,1,65,9,1956,2,4,9,1,9
2.02E+12,4,9,0,3,0,1,0,0,0,0,3,1,2,2,26,6,1461,2,6,5,1,5
2.02E+12,5,9,0,3,0,1,0,0,0,0,3,1,2,2,26,6,1000,1,1,10,1,10
2.02E+12,1,9,0,18,0,6,0,0,0,0,1,1,6,2,28,6,1997,2,2,1,1,1
2.02E+12,2,9,0,18,0,8,0,0,0,0,1,1,6,1,39,7,1995,2,2,2,1,2
2.02E+12,2,9,0,18,0,8,0,0,0,0,1,1,6,1,58,9,1596,1,3,4,1,4
2.02E+12,1,5,0,13,0,8,0,0,0,0,1,1,6,1,76,11,1284,1,8,8,1,8
2.02E+12,2,9,0,9,0,8,0,0,0,0,3,1,6,2,50,8,1086,1,9,4,1,4
2.02E+12,1,9,0,5,0,4,0,0,0,0,3,1,6,1,74,10,1318,1,1,5,1,5
2.02E+12,2,3,0,18,0,8,0,0,0,0,4,1,6,1,80,11,125,1,3,6,1,6
2.02E+12,1,9,0,18,0,1,0,0,0,0,4,1,6,2,49,8,2993,2,8,10,1,10
2.02E+12,2,9,0,18,0,1,0,0,0,0,3,1,6,1,26,6,898,1,2,6,1,6
2.02E+12,3,8,0,18,0,8,0,0,0,0,3,1,1,1,58,9,2499,2,10,6,1,6
2.02E+12,1,9,0,18,0,8,0,0,0,0,0,1,2,1,61,9,1769,1,14,5,1,5
2.02E+12,1,9,0,18,0,1,0,0,0,0,1,1,6,2,25,5,1242,1,6,1,1,1
2.02E+12,2,9,0,3,0,1,0,0,0,0,2,1,2,2,43,7,1796,2,5,3,1,3
2.02E+12,2,9,0,18,0,6,0,0,0,0,1,1,6,1,67,10,1596,1,9,6,1,6
2.02E+12,1,9,0,18,0,3,0,0,0,0,1,1,6,2,60,9,1997,2,15,5,1,5
2.02E+12,1,19,0,18,0,1,0,0,0,0,1,1,6,1,35,6,1870,2,12,1,1,1
2.02E+12,2,9,0,18,0,1,0,0,0,0,2,1,6,1,44,7,1956,2,2,9,1,9
2.02E+12,3,9,0,18,0,1,0,0,0,0,2,1,6,1,34,6,1364,1,12,1,1,1
2.02E+12,1,9,0,18,0,1,0,0,0,0,4,1,2,1,49,8,1956,2,6,3,1,3
2.02E+12,2,9,0,3,0,8,0,0,0,0,2,1,6,2,31,6,1596,1,10,1,1,1
2.02E+12,2,9,0,5,0,6,0,0,0,0,1,2,6,2,28,6,1242,1,11,1,1,1
2.02E+12,2,9,0,18,0,2,0,0,0,0,1,1,6,2,27,6,998,1,6,2,1,2
2.02E+12,1,8,0,18,0,1,0,0,0,0,1,1,6,1,41,7,1956,2,4,6,1,6
2.02E+12,2,9,0,3,0,1,0,0,0,0,2,1,6,1,46,8,1896,2,10,5,1,5
2.02E+12,3,9,0,3,0,1,0,0,0,0,1,1,6,1,41,7,1896,2,8,1,1,1
2.02E+12,2,9,0,9,0,1,0,0,1,1,0,1,6,2,18,4,998,1,9,6,1,6
2.02E+12,3,9,0,1,0,1,0,4,0,0,2,1,1,1,18,4,1395,1,1,4,1,4
2.02E+12,1,19,0,17,0,1,1,0,4,1,1,1,1,1,52,8,2198,2,7,1,1,1
2.02E+12,1,9,0,4,0,1,1,0,0,0,1,1,6,2,54,8,998,1,4,1,1,1
2.02E+12,2,9,0,3,0,1,0,0,0,0,2,1,6,2,45,7,1596,1,2,7,1,7
2.02E+12,1,9,0,9,0,6,0,0,0,0,3,1,6,1,56,9,1968,2,6,1,1,1
2.02E+12,2,3,0,18,0,8,0,0,0,0,1,1,6,1,44,7,125,1,3,2,1,2
2.02E+12,1,9,0,9,0,8,0,0,5,6,1,1,6,1,24,5,1685,2,2,1,1,1
2.02E+12,2,9,0,18,0,8,0,0,1,7,3,1,6,1,30,6,2521,1,11,2,1,2
2.02E+12,2,9,0,5,0,2,0,0,0,0,3,1,6,1,29,6,1390,1,3,1,1,1
2.02E+12,3,9,0,18,0,8,0,0,0,0,3,1,6,1,27,6,3980,1,21,1,1,1
2.02E+12,1,9,0,13,0,1,0,0,1,0,1,1,6,1,26,6,2998,1,1,1,1,1
2.02E+12,2,9,0,6,0,1,0,0,0,0,3,1,6,1,37,7,2143,2,4,1,1,1
2.02E+12,1,9,0,9,0,8,0,0,0,0,4,1,6,1,24,5,1998,1,9,9,1,9
2.02E+12,2,9,0,18,0,8,0,0,0,0,1,1,6,2,52,8,1246,1,10,4,1,4
2.02E+12,1,9,0,5,0,1,0,0,0,0,1,1,6,1,23,5,999,1,2,2,1,2
2.02E+12,3,9,0,3,0,8,0,0,0,0,3,1,6,2,37,7,1596,1,13,1,1,1
2.02E+12,1,9,0,3,0,1,0,0,0,0,1,1,3,2,55,8,1998,1,13,1,1,1
2.02E+12,1,8,0,18,0,2,0,0,0,0,1,1,1,1,62,9,1997,2,2,1,1,1
2.02E+12,1,9,0,18,0,8,0,0,0,0,1,1,6,1,32,6,998,1,5,9,1,9
2.02E+12,2,9,0,3,0,1,0,0,0,0,4,1,6,1,73,10,1360,1,6,2,1,2
2.02E+12,1,3,0,18,0,1,0,0,0,0,1,1,4,1,21,5,125,1,1,1,1,1
2.02E+12,2,9,0,2,0,8,0,0,0,0,2,1,6,1,49,8,1299,1,16,6,1,6
2.02E+12,1,9,0,9,0,8,0,0,0,0,1,1,6,1,54,8,1390,1,11,2,1,2
2.02E+12,2,3,0,18,0,8,0,0,1,0,1,1,6,2,22,5,124,1,8,7,1,7
2.02E+12,1,9,0,9,0,1,0,10,0,0,4,1,6,1,84,11,1242,1,9,1,1,1
2.02E+12,2,9,0,18,0,1,0,4,0,0,1,1,6,2,73,10,1229,1,10,1,1,1
2.02E+12,1,9,0,16,0,8,0,0,0,0,4,1,2,2,43,7,1398,2,6,7,1,7
2.02E+12,1,9,0,9,0,8,0,0,0,0,1,1,6,1,21,5,998,1,4,1,1,1
2.02E+12,2,9,0,18,0,8,0,0,1,7,1,1,6,1,24,5,1598,1,11,2,1,2
2.02E+12,1,9,0,9,0,1,0,0,0,0,3,1,6,1,85,11,1198,1,5,5,1,5
2.02E+12,2,3,0,18,0,1,0,0,0,0,1,1,6,1,24,5,124,1,1,2,1,2
2.02E+12,1,9,0,18,0,1,0,0,0,0,1,1,6,1,49,8,1796,1,14,5,1,5
2.02E+12,2,9,0,18,0,8,0,0,0,0,3,1,6,2,22,5,1206,1,7,6,1,6
2.02E+12,1,8,0,18,0,1,0,0,0,0,3,1,1,1,29,6,2664,2,16,4,1,4
2.02E+12,2,8,0,9,0,1,0,0,0,0,1,1,1,1,25,5,1995,2,3,1,1,1
2.02E+12,1,9,0,9,0,6,0,0,0,0,3,1,6,1,68,10,1686,2,6,5,1,5
2.02E+12,1,19,0,5,0,6,0,0,0,0,1,2,1,1,52,8,2143,2,4,1,1,1
2.02E+12,1,9,0,9,0,1,0,0,0,0,1,1,2,2,29,6,1910,2,11,2,1,2
2.02E+12,2,9,0,16,0,8,0,0,0,0,4,1,2,2,51,8,1299,1,16,7,1,7
2.02E+12,3,9,0,18,0,8,0,0,0,0,1,1,2,1,37,7,1796,1,11,10,1,10
2.02E+12,1,9,0,7,0,8,0,0,0,0,1,1,1,1,34,6,1956,2,6,2,1,2
2.02E+12,2,9,0,9,0,8,0,0,0,0,3,1,2,2,51,8,1499,2,4,4,1,4
2.02E+12,1,9,0,18,0,8,0,0,0,0,1,1,6,2,28,6,1461,2,2,1,1,1
2.02E+12,2,9,0,18,0,8,0,0,0,0,1,1,6,1,70,10,1968,2,4,6,1,6
2.02E+12,1,19,0,4,0,1,0,0,0,0,1,1,6,1,31,6,2477,2,11,9,1,9
2.02E+12,2,9,0,4,0,1,0,0,0,0,2,1,2,1,25,5,1995,2,3,5,1,5
2.02E+12,1,9,0,9,0,1,0,0,0,0,1,1,1,2,49,8,1398,1,7,1,1,1
2.02E+12,2,9,0,18,0,1,0,0,0,0,1,1,1,1,58,9,1896,2,14,8,1,8
2.02E+12,1,9,0,9,0,2,0,0,0,0,1,1,6,2,24,5,1398,1,6,3,1,3
2.02E+12,1,9,0,16,0,3,0,0,0,0,4,1,2,2,31,6,999,1,2,9,1,9
2.02E+12,1,9,0,18,0,8,0,0,0,0,1,1,6,1,22,5,1197,1,2,8,1,8
2.02E+12,2,9,0,18,0,8,0,0,0,0,3,1,2,2,25,5,1242,1,3,4,1,4
2.02E+12,1,9,0,9,0,6,0,0,0,0,2,1,6,2,66,10,1398,1,3,9,1,9
2.02E+12,2,9,0,18,0,1,0,0,0,0,1,1,6,1,24,5,1984,1,3,2,1,2
2.02E+12,2,9,0,18,0,1,0,0,0,0,1,1,6,1,49,8,2143,2,6,2,1,2
2.02E+12,1,9,0,3,0,1,0,0,0,0,2,1,6,1,41,7,1968,2,6,1,1,1
2.02E+12,2,9,0,3,0,1,0,0,0,0,2,1,6,1,21,5,1598,2,1,1,1,1
2.02E+12,3,9,0,18,0,8,0,0,0,0,0,1,1,1,25,5,1598,2,1,1,1,1
2.02E+12,1,9,0,13,0,8,1,0,7,11,1,1,6,1,22,5,1229,1,10,1,1,1
2.02E+12,2,9,0,7,0,8,1,0,0,0,3,1,6,1,46,8,1598,2,2,1,1,1
2.02E+12,1,20,0,12,0,8,0,0,0,0,3,1,1,1,50,8,8970,2,14,1,1,1
2.02E+12,1,9,0,18,0,8,0,0,1,2,4,1,6,1,64,9,1461,2,2,1,1,1
2.02E+12,2,9,0,18,0,8,0,0,0,0,1,1,6,2,24,5,1248,2,4,2,1,2
2.02E+12,1,9,0,5,0,6,0,0,0,0,3,1,6,2,67,10,998,1,10,3,1,3
2.02E+12,2,9,0,18,0,8,0,0,0,0,1,1,6,1,57,9,1149,1,15,1,1,1
2.02E+12,1,9,0,9,0,8,0,0,0,0,1,1,6,1,55,8,1398,1,7,5,1,5
2.02E+12,2,9,0,7,0,8,0,0,0,0,3,1,1,2,51,8,998,1,10,1,1,1
2.02E+12,1,9,0,7,0,1,0,0,0,0,4,1,2,1,22,5,1199,1,15,5,1,5
2.02E+12,1,9,0,18,0,8,0,0,0,0,4,1,6,2,33,6,1560,2,4,5,1,5
2.02E+12,2,9,0,18,0,1,0,0,0,0,4,1,6,2,55,8,2993,2,2,9,1,9
2.02E+12,1,5,0,7,0,1,1,0,0,0,2,1,6,1,25,5,998,1,14,7,1,7