Accident_Index,Vehicle_Reference,Vehicle_Type,Towing_and_Articulation,Vehicle_Manoeuvre,Vehicle_Location-Restricted_Lane,Junction_Location,Skidding_and_Overturning,Hit_Object_in_Carriageway,Vehicle_Leaving_Carriageway,Hit_Object_off_Carriageway,1st_Point_of_Impact,Was_Vehicle_Left_Hand_Drive?,Journey_Purpose_of_Driver,Sex_of_Driver,Age_of_Driver,Age_Band_of_Driver,Engine_Capacity_(CC),Propulsion_Code,Age_of_Vehicle,Driver_IMD_Decile,Driver_Home_Area_Type,Vehicle_IMD_Decile
2.02E+12,1,9,0,18,0,4,0,0,0,0,1,1,1,1,46,8,1560,2,9,7,1,7
2.02E+12,1,9,0,9,0,5,0,0,0,0,1,1,6,2,44,7,998,1,10,1,1,1
2.02E+12,2,9,0,18,0,8,0,0,0,0,1,1,6,2,29,6,1388,1,14,1,1,1
2.02E+12,1,8,0,3,0,8,0,0,0,0,1,1,1,1,25,5,1753,2,8,1,1,1
2.02E+12,2,9,0,18,0,8,0,0,0,0,1,1,6,2,43,7,1997,2,7,1,1,1
2.02E+12,1,9,0,8,0,6,0,0,0,0,1,1,6,1,39,7,1896,2,12,1,1,1
2.02E+12,1,9,0,18,0,1,0,0,0,0,0,1,1,1,38,7,2993,2,4,2,1,2
2.02E+12,3,9,0,18,0,1,0,0,0,0,1,1,6,1,48,8,1200,1,1,4,1,4
2.02E+12,1,9,0,7,0,2,0,0,0,0,4,1,6,1,25,5,1997,2,5,2,1,2
2.02E+12,2,9,0,2,0,2,0,0,0,0,3,1,6,1,31,6,1582,2,7,1,1,1
2.02E+12,1,9,0,9,0,8,0,0,0,0,4,1,6,1,19,4,1497,8,6,9,2,9
2.02E+12,2,9,0,18,0,1,0,0,1,0,1,1,6,2,37,7,1388,1,14,6,1,6
2.02E+12,1,19,0,9,0,6,0,0,0,0,3,1,1,1,63,9,2198,2,2,1,1,1
2.02E+12,2,9,0,18,0,8,0,0,0,0,1,1,6,1,27,6,1968,2,7,6,1,6
2.02E+12,3,11,0,4,0,1,0,0,0,0,3,1,1,1,58,9,6700,2,8,1,1,1
2.02E+12,2,9,0,18,0,8,0,0,0,0,1,1,6,1,32,6,1560,2,8,1,1,1
2.02E+12,1,19,0,5,0,4,0,0,0,0,1,1,1,1,36,7,2143,2,1,4,1,4
2.02E+12,1,9,0,9,0,2,0,0,0,0,1,1,6,2,39,7,1461,2,10,7,1,7
2.02E+12,1,9,0,9,0,1,0,0,0,0,3,1,6,1,39,7,1968,2,2,1,1,1
2.02E+12,2,19,0,18,0,8,0,0,7,0,1,1,6,1,54,8,1995,2,4,8,1,8
2.02E+12,2,9,0,9,0,5,0,0,0,0,3,1,2,1,29,6,1968,2,4,3,1,3
2.02E+12,1,9,0,18,0,6,0,0,0,0,1,1,6,2,75,10,1364,1,11,6,1,6
2.02E+12,1,9,0,9,0,2,0,0,0,0,3,1,6,2,82,11,1598,1,13,5,1,5
2.02E+12,2,4,0,16,0,1,1,0,0,0,1,1,1,1,51,8,200,1,42,9,1,9
2.02E+12,1,9,0,9,0,6,0,0,0,0,1,1,6,2,81,11,1388,1,7,9,1,9
2.02E+12,1,3,0,4,0,1,0,0,0,0,4,1,2,2,20,4,124,1,3,1,1,1
2.02E+12,1,9,0,18,0,1,0,0,0,0,1,1,1,1,28,6,999,1,1,1,1,1
2.02E+12,2,9,0,3,0,1,0,0,0,0,2,1,6,1,75,10,998,1,1,1,1,1
2.02E+12,3,9,0,3,0,1,0,0,0,0,2,1,6,2,37,7,1339,1,11,1,1,1
2.02E+12,4,9,0,3,0,1,0,0,0,0,2,1,6,1,50,8,1242,1,1,1,1,1
2.02E+12,5,9,0,3,0,1,0,0,0,0,2,1,6,1,66,10,1896,2,12,1,1,1
2.02E+12,1,9,0,7,0,6,0,0,0,0,1,1,1,1,25,5,1300,2,9,1,1,1
2.02E+12,2,9,0,18,0,1,0,0,0,0,1,1,6,1,35,6,1896,2,13,1,1,1
2.02E+12,2,9,0,18,0,1,0,0,0,0,4,1,6,1,72,10,1598,2,1,1,1,1
2.02E+12,1,9,0,5,0,1,0,0,0,0,1,1,6,2,81,11,1242,1,15,5,1,5
2.02E+12,2,3,0,18,0,1,0,0,0,0,1,1,6,1,28,6,124,1,14,1,1,1
2.02E+12,1,9,0,18,0,8,0,0,0,0,4,1,6,1,49,8,1910,2,11,1,1,1
2.02E+12,2,9,0,18,0,1,0,0,0,0,1,1,6,1,53,8,1984,2,4,1,1,1
2.02E+12,1,9,0,9,0,6,0,0,0,0,3,1,6,1,68,10,1598,1,8,2,1,2
2.02E+12,2,11,0,18,0,1,0,0,0,0,1,1,1,1,38,7,6700,2,6,1,1,1
2.02E+12,1,9,0,4,0,1,0,0,0,0,1,1,1,1,54,8,1560,2,8,1,1,1
2.02E+12,2,9,0,8,0,1,0,0,0,0,2,1,6,2,65,9,1242,1,10,2,1,2
2.02E+12,1,9,0,10,0,1,0,0,0,0,1,1,6,1,19,4,1999,1,6,5,1,5
2.02E+12,1,9,0,11,0,1,0,0,0,0,1,1,6,2,79,11,1596,1,4,7,1,7
2.02E+12,2,9,0,3,0,1,0,0,0,0,2,1,6,1,58,9,2143,2,2,8,1,8
2.02E+12,1,9,0,4,0,1,0,0,0,0,4,1,6,1,79,11,1198,1,3,3,1,3
2.02E+12,1,3,0,18,0,8,0,0,0,0,1,1,6,1,16,4,109,1,1,2,1,2
2.02E+12,1,9,0,7,0,5,0,0,0,0,1,1,6,1,85,11,1598,1,14,1,1,1
2.02E+12,2,9,0,18,0,8,0,0,0,0,1,1,6,2,80,11,1242,1,10,3,1,3
2.02E+12,1,9,0,9,0,6,0,0,0,0,1,1,6,1,35,6,1398,1,3,3,1,3
2.02E+12,2,9,0,18,0,1,0,0,0,0,1,1,6,2,71,10,1995,2,6,8,1,8
2.02E+12,1,9,0,18,0,8,0,0,0,0,3,1,6,1,53,8,1796,1,7,9,1,9
2.02E+12,2,9,0,18,0,3,0,0,0,0,3,1,6,2,45,7,1796,1,10,3,1,3
2.02E+12,1,9,0,18,0,8,0,0,0,0,1,1,6,1,25,5,1991,1,3,3,1,3
2.02E+12,1,9,0,18,0,2,0,0,0,0,1,1,6,2,35,6,1598,1,1,4,1,4
2.02E+12,2,9,0,18,0,2,0,0,0,0,3,1,2,2,50,8,998,1,3,1,1,1
2.02E+12,3,9,0,18,0,1,0,0,0,0,1,1,6,1,65,9,1242,1,9,10,1,10
2.02E+12,2,9,0,18,0,2,0,0,0,0,1,1,6,1,65,9,1995,2,1,5,2,5
2.02E+12,1,9,0,9,0,8,0,0,0,0,1,1,6,1,17,4,1360,1,11,5,1,5
2.02E+12,2,9,0,18,0,8,0,0,0,0,1,1,6,1,29,6,1798,1,10,2,1,2
2.02E+12,1,9,0,4,0,1,0,0,0,0,1,1,6,1,33,6,973,1,16,9,1,9
2.02E+12,2,11,0,18,0,1,0,0,0,0,1,1,1,1,52,8,6696,2,2,4,1,4
2.02E+12,1,9,0,8,0,1,0,0,0,0,3,1,2,1,20,4,1329,1,3,9,2,9
2.02E+12,2,9,0,18,0,2,0,0,0,0,1,1,6,1,31,6,1360,1,13,7,1,7
2.02E+12,2,9,0,18,0,8,0,0,0,0,3,1,6,1,30,6,1560,2,6,2,1,2
2.02E+12,1,9,0,9,0,5,0,0,0,0,1,1,6,2,59,9,1995,2,3,8,1,8
2.02E+12,1,11,0,5,0,2,0,0,0,0,0,1,1,1,55,8,6700,2,7,3,1,3
2.02E+12,1,9,0,9,0,2,0,0,0,0,1,1,2,1,48,8,1461,2,3,1,1,1
2.02E+12,1,11,0,18,0,8,0,0,0,0,1,1,1,1,57,9,5900,2,11,5,1,5
2.02E+12,2,9,0,5,0,1,0,0,0,0,4,1,6,1,25,5,1600,1,18,3,1,3
2.02E+12,1,9,0,18,0,8,0,0,0,0,1,1,6,1,59,9,1951,2,14,8,1,8
2.02E+12,2,9,0,18,0,8,0,2,0,0,3,1,6,2,21,5,998,1,3,1,1,1
2.02E+12,1,19,0,18,0,1,0,0,1,1,1,1,1,1,28,6,1248,2,1,4,1,4
2.02E+12,2,9,0,18,0,1,0,0,0,0,4,1,6,1,53,8,1364,1,2,5,1,5
2.02E+12,3,9,0,18,0,1,0,0,0,0,4,1,6,1,66,10,1997,2,2,2,1,2
2.02E+12,1,9,0,4,0,1,0,0,0,0,1,1,6,2,55,8,1997,2,1,3,1,3
2.02E+12,2,9,0,4,0,1,0,0,0,0,2,1,6,2,46,8,1796,1,8,6,1,6
2.02E+12,1,9,0,9,0,1,0,0,0,0,1,1,6,1,57,9,1796,1,15,1,1,1
2.02E+12,2,9,0,18,0,1,0,0,0,0,1,1,6,1,43,7,1995,2,3,4,1,4
2.02E+12,1,9,0,18,0,8,0,0,3,11,3,1,6,1,45,7,1582,2,8,1,1,1
2.02E+12,2,9,0,18,0,8,0,0,0,0,1,1,6,1,23,5,1991,2,9,1,1,1
2.02E+12,1,4,0,18,0,1,0,0,0,0,1,1,6,1,31,6,125,1,14,1,1,1
2.02E+12,2,9,0,9,0,8,0,0,0,0,1,1,6,2,59,9,1399,1,1,3,1,3
2.02E+12,1,9,0,5,0,6,0,0,0,0,1,1,2,1,30,6,2143,2,2,10,1,10
2.02E+12,2,9,0,5,0,6,0,0,0,0,4,1,6,1,64,9,1596,1,13,5,1,5
2.02E+12,1,8,0,10,0,8,0,0,0,0,1,1,1,1,30,6,1686,2,7,1,1,1
2.02E+12,2,9,0,18,0,1,0,0,0,0,1,1,6,1,56,9,1390,1,20,3,1,3
2.02E+12,1,9,0,9,0,8,0,0,0,0,1,1,1,2,28,6,1398,2,4,1,1,1
2.02E+12,1,19,0,5,0,8,0,0,0,0,1,1,1,1,40,7,2402,2,10,1,1,1
2.02E+12,2,8,0,18,0,8,1,0,7,11,4,1,6,1,38,7,2143,2,3,1,1,1
2.02E+12,3,9,0,18,0,8,1,0,0,0,1,1,2,2,53,8,1991,2,11,1,1,1
2.02E+12,1,9,0,9,0,6,0,0,0,0,1,1,2,2,34,6,998,1,14,2,1,2
2.02E+12,2,3,0,18,0,8,0,0,0,0,1,1,6,1,33,6,124,1,3,1,1,1
2.02E+12,1,19,0,9,0,5,0,0,0,0,2,1,1,1,21,5,2488,2,7,4,1,4
2.02E+12,1,8,0,9,0,5,0,0,0,0,1,1,1,1,28,6,1560,2,9,6,1,6
2.02E+12,1,9,0,9,0,5,0,0,0,0,3,1,6,1,55,8,1598,1,4,7,1,7
2.02E+12,2,9,0,18,0,8,0,0,0,0,1,1,2,2,59,9,1388,1,10,8,1,8
2.02E+12,1,3,0,7,0,3,0,0,0,0,0,1,1,1,29,6,124,1,3,2,1,2
2.02E+12,1,8,0,18,0,8,0,0,0,0,1,1,1,1,62,9,2402,2,15,2,1,2
2.02E+12,2,9,0,7,0,8,0,7,0,0,4,1,2,1,33,6,1598,1,4,1,1,1
2.02E+12,2,9,0,18,0,8,0,0,0,0,1,1,2,2,22,5,1199,1,16,1,1,1
2.02E+12,1,9,0,7,0,8,0,0,1,7,1,1,6,1,77,11,1198,1,1,2,1,2
2.02E+12,1,9,0,18,0,1,0,0,0,0,4,1,6,1,45,7,1956,2,5,4,1,4
2.02E+12,1,8,0,12,0,1,0,0,0,0,1,1,1,1,48,8,2499,2,6,2,1,2
2.02E+12,1,9,0,5,0,8,1,0,0,0,4,1,6,1,48,8,1968,2,1,6,1,6
2.02E+12,2,8,0,18,0,8,0,0,0,0,1,1,1,1,54,8,2664,2,15,5,1,5
2.02E+12,1,9,0,18,0,2,0,0,0,0,3,1,6,1,36,7,1968,2,1,3,1,3
2.02E+12,2,9,0,18,0,1,0,0,7,0,3,1,6,1,22,5,1968,2,2,9,1,9
2.02E+12,1,9,0,9,0,8,0,0,0,0,1,1,6,1,59,9,2148,2,11,3,1,3
2.02E+12,2,9,0,18,0,8,0,0,0,0,1,1,6,1,69,10,1598,1,10,2,1,2
2.02E+12,1,9,0,18,0,2,0,0,0,0,1,1,6,1,48,8,1560,2,10,3,1,3
2.02E+12,1,9,0,5,0,6,0,0,0,0,1,1,6,1,25,5,1910,2,12,1,1,1
2.02E+12,2,9,0,5,0,1,0,0,0,0,1,1,2,2,42,7,1997,2,5,3,1,3
2.02E+12,1,17,4,9,0,6,0,0,0,0,3,1,1,1,64,9,6728,2,2,4,1,4
2.02E+12,1,19,0,4,0,1,0,0,0,0,1,1,1,1,40,7,2143,2,4,8,1,8
2.02E+12,2,9,0,4,0,1,0,0,0,0,2,1,2,1,35,6,1399,2,15,1,1,1
2.02E+12,1,9,0,7,0,2,0,0,0,0,1,1,6,2,65,9,1461,2,6,1,1,1
2.02E+12,1,4,0,18,0,8,0,0,0,0,1,1,2,1,17,4,124,1,16,4,1,4
2.02E+12,2,8,0,18,0,8,0,0,0,0,2,1,1,1,69,10,2664,2,19,6,1,6
2.02E+12,1,9,0,18,0,8,0,0,0,0,3,1,6,1,18,4,1560,2,9,1,1,1
2.02E+12,2,9,0,18,0,8,0,0,0,0,1,1,6,2,48,8,1198,1,3,1,1,1
2.02E+12,1,9,0,9,0,8,0,0,0,0,1,1,6,2,23,5,1390,1,13,1,1,1
2.02E+12,1,9,0,18,0,8,0,0,1,11,1,1,6,1,27,6,1968,2,1,1,1,1
2.02E+12,2,8,0,9,0,8,0,0,0,0,1,1,1,1,63,9,1560,2,5,1,1,1
2.02E+12,1,9,0,18,0,1,0,11,0,0,1,1,2,2,57,9,1198,1,3,8,1,8
2.02E+12,2,3,0,18,0,8,0,0,0,0,1,1,6,1,18,4,125,1,6,2,1,2
2.02E+12,1,9,0,5,0,6,0,0,0,0,1,1,6,2,39,7,1685,2,6,5,1,5
2.02E+12,1,8,0,18,0,8,0,0,0,0,1,1,1,1,31,6,1753,2,10,4,1,4
2.02E+12,2,8,0,18,0,8,0,11,4,6,4,1,1,1,56,9,1910,2,9,2,1,2
2.02E+12,2,9,0,8,0,1,0,0,0,0,2,1,2,2,55,8,1197,1,1,4,3,4
2.02E+12,1,9,0,9,0,8,0,0,0,0,4,1,6,1,29,6,1596,1,11,2,1,2
2.02E+12,2,9,0,18,0,8,0,0,0,0,1,1,6,2,67,10,1368,1,5,4,1,4
2.02E+12,1,9,0,18,0,1,0,0,0,0,1,1,6,2,36,7,1364,1,12,4,1,4
2.02E+12,2,9,0,4,0,1,0,0,0,0,2,1,6,1,70,10,1596,1,11,6,1,6
2.02E+12,1,8,0,18,0,8,0,0,0,0,1,1,1,1,53,8,1686,2,7,1,1,1
2.02E+12,1,8,0,18,0,8,0,0,0,0,1,1,1,1,55,8,1997,2,6,1,1,1
2.02E+12,1,9,4,18,0,8,0,0,0,0,0,1,6,1,40,7,2720,2,10,9,1,9
2.02E+12,2,9,0,3,0,1,0,0,0,0,2,1,6,2,21,5,1598,1,4,9,2,9
2.02E+12,1,9,0,9,0,6,0,0,0,0,3,1,6,1,29,6,1956,2,6,2,1,2
2.02E+12,1,9,0,18,0,8,1,0,3,6,3,1,6,1,40,7,1242,1,8,5,1,5
2.02E+12,2,9,0,18,0,8,0,0,0,0,1,1,6,2,76,11,1388,1,9,1,1,1
2.02E+12,2,9,0,18,0,1,0,0,0,0,4,1,2,1,68,10,1596,1,4,1,1,1
2.02E+12,1,19,0,18,0,2,0,0,0,0,3,1,1,1,55,8,1598,2,2,4,1,4
2.02E+12,1,21,1,7,0,1,0,0,0,0,4,1,1,1,58,9,12777,2,4,4,1,4
2.02E+12,2,9,0,8,0,1,0,0,0,0,3,1,6,1,40,7,1497,1,13,8,1,8
2.02E+12,1,9,0,18,0,8,0,0,1,0,4,1,1,2,24,5,1598,1,9,5,1,5
2.02E+12,2,19,0,18,0,8,0,0,1,11,1,1,1,1,32,6,1870,2,12,10,1,10
2.02E+12,2,11,0,12,0,2,0,0,0,0,3,1,1,1,40,7,6696,2,2,3,1,3
2.02E+12,1,9,0,9,0,8,0,0,4,0,3,1,6,2,54,8,1598,1,8,1,1,1
2.02E+12,2,19,0,18,0,8,0,0,4,0,1,1,1,1,31,6,2198,2,1,2,1,2
2.02E+12,1,9,0,4,0,1,0,0,0,0,1,1,2,2,27,6,998,1,11,3,1,3
2.02E+12,1,11,0,18,0,1,0,0,0,0,0,1,1,1,62,9,6692,2,6,1,1,1
2.02E+12,2,9,0,18,0,1,0,0,0,0,1,1,6,1,20,4,1598,1,12,8,1,8
2.02E+12,1,9,0,9,0,8,0,0,0,0,1,1,6,1,43,7,1587,1,13,2,1,2
2.02E+12,2,9,0,18,0,8,0,0,0,0,1,1,6,2,69,10,1461,2,4,8,1,8
2.02E+12,2,9,0,5,0,1,0,0,0,0,1,1,6,2,57,9,1795,1,14,1,1,1
2.02E+12,1,9,0,5,0,1,0,0,0,0,3,1,6,2,40,7,1397,1,8,2,1,2
2.02E+12,1,9,0,18,0,6,0,0,0,0,1,1,6,1,24,5,1596,1,11,3,1,3
2.02E+12,2,9,0,18,0,1,0,0,0,0,1,1,6,1,35,6,1598,2,5,7,1,7
2.02E+12,1,19,0,18,0,8,1,0,0,0,1,1,1,1,53,8,2991,2,3,9,1,9
2.02E+12,2,9,0,18,0,8,0,0,0,0,2,1,2,1,23,5,1368,1,7,2,1,2
2.02E+12,3,9,0,18,0,8,0,0,0,0,2,1,6,2,35,6,1598,1,3,4,1,4
2.02E+12,1,9,0,18,0,1,0,0,0,0,1,1,2,1,35,6,1910,2,8,4,1,4
2.02E+12,2,9,0,10,0,1,0,0,0,0,2,1,6,1,47,8,1998,1,11,7,1,7
2.02E+12,1,9,0,9,0,8,0,0,0,0,1,1,6,1,19,4,1398,1,1,3,1,3
2.02E+12,2,9,0,18,0,8,0,0,0,0,1,1,6,2,72,10,1591,1,4,3,1,3
2.02E+12,2,9,0,18,0,1,0,0,0,0,1,1,6,2,52,8,1199,1,15,10,1,10
2.02E+12,1,3,0,9,0,8,0,0,0,0,4,1,6,1,43,7,1200,1,12,1,1,1
2.02E+12,2,9,0,9,0,8,0,0,0,0,3,1,6,1,20,4,1199,1,14,2,1,2
2.02E+12,1,9,0,18,0,1,0,0,0,0,0,1,1,1,38,7,2993,2,4,2,1,2
2.02E+12,2,19,0,18,0,2,0,0,0,0,4,1,1,1,70,10,2198,2,2,7,1,7
2.02E+12,2,9,0,18,0,6,0,0,0,0,4,1,2,1,65,9,1910,2,8,1,1,1
2.02E+12,1,9,0,7,0,6,0,0,0,0,4,1,6,1,22,5,1560,2,3,4,1,4
2.02E+12,1,9,0,9,0,6,0,0,0,0,1,1,6,2,55,8,1596,1,4,5,1,5
2.02E+12,2,9,0,7,0,1,0,0,0,0,1,1,2,2,42,7,1870,2,6,2,1,2
2.02E+12,2,8,0,8,0,1,0,0,0,0,2,1,1,1,33,6,1598,2,2,1,1,1
2.02E+12,1,9,0,9,0,6,0,0,0,0,1,1,6,2,64,9,1242,1,6,1,1,1
2.02E+12,2,8,0,18,0,8,0,0,1,10,3,1,1,1,38,7,1753,2,9,1,1,1
2.02E+12,1,9,0,18,0,1,0,0,0,0,1,1,6,1,22,5,1991,1,2,6,1,6
2.02E+12,2,9,0,18,0,1,0,0,0,0,1,1,6,2,55,8,1999,1,10,8,1,8
2.02E+12,1,9,0,14,0,1,0,0,0,0,3,1,6,1,53,8,2993,2,9,8,3,8
2.02E+12,1,9,0,9,0,2,0,0,1,1,1,2,6,2,70,10,1395,1,1,4,1,4
2.02E+12,1,9,0,9,0,8,0,0,0,0,4,1,6,2,59,9,1299,1,18,1,1,1
2.02E+12,1,9,0,9,0,2,0,0,0,0,1,1,2,1,27,6,1364,1,11,2,1,2
2.02E+12,2,9,0,18,0,1,0,0,0,0,1,1,6,1,27,6,1598,2,5,6,2,6
2.02E+12,1,9,0,18,0,8,0,0,0,0,3,1,6,1,42,7,1339,1,5,6,1,6
2.02E+12,1,9,0,7,0,4,0,0,0,0,1,1,6,1,25,5,999,1,3,6,1,6
2.02E+12,2,9,0,9,0,8,0,0,0,0,4,1,6,2,30,6,1598,2,6,4,1,4
2.02E+12,1,9,0,18,0,8,0,0,0,0,1,1,1,2,29,6,1560,2,2,1,1,1
2.02E+12,2,9,0,18,0,8,0,0,1,10,1,1,6,1,40,7,1598,1,11,1,1,1
2.02E+12,1,9,0,9,0,8,0,0,1,1,1,1,6,1,25,5,1461,2,2,8,1,8
2.02E+12,2,10,0,9,0,8,0,0,0,0,4,1,1,1,29,6,2198,2,4,1,1,1
2.02E+12,1,9,0,18,0,8,0,0,0,0,1,1,6,2,28,6,1398,1,1,3,1,3
2.02E+12,2,9,0,18,0,8,0,0,0,0,4,1,6,2,20,4,1242,1,10,2,1,2
2.02E+12,1,9,0,16,0,8,1,0,0,0,1,1,6,1,30,6,1910,2,9,2,1,2
2.02E+12,2,11,0,18,0,8,0,0,1,11,3,1,1,1,54,8,9600,2,16,3,1,3
2.02E+12,1,9,0,9,0,8,0,0,0,0,1,1,6,2,50,8,898,1,2,1,1,1
2.02E+12,2,9,0,18,0,8,0,0,1,0,1,1,6,1,27,6,1390,1,11,1,1,1
2.02E+12,2,9,0,4,0,1,0,0,0,0,1,1,6,1,25,5,1598,1,10,1,1,1
2.02E+12,1,9,0,18,0,8,0,0,0,0,1,1,2,2,35,6,1461,2,1,1,1,1
2.02E+12,2,9,0,18,0,8,0,0,0,0,1,1,2,2,23,5,998,1,1,8,1,8
2.02E+12,1,19,0,4,0,1,0,0,0,0,0,1,6,1,45,7,2800,2,19,1,1,1
2.02E+12,2,9,0,18,0,1,1,0,0,0,3,1,6,2,76,11,1398,1,1,10,1,10
2.02E+12,2,9,0,18,0,1,0,0,0,0,2,1,6,2,38,7,1796,1,13,7,1,7
2.02E+12,1,9,0,18,0,5,0,0,0,0,1,1,6,1,29,6,1390,1,10,7,2,7
2.02E+12,2,9,0,18,0,8,0,0,0,0,1,1,6,1,37,7,2495,2,16,1,1,1
2.02E+12,1,9,0,3,0,1,0,0,0,0,1,1,2,2,22,5,1598,2,5,1,1,1
2.02E+12,2,9,0,3,0,1,1,0,0,0,2,1,6,2,41,7,1968,2,8,10,1,10
2.02E+12,1,9,0,18,0,1,0,0,0,0,4,1,6,1,23,5,1229,1,11,1,1,1
2.02E+12,2,11,0,18,0,1,0,0,0,0,1,1,1,1,52,8,6696,2,2,1,1,1
2.02E+12,1,9,0,18,0,8,0,0,0,0,4,1,6,2,31,6,1997,2,8,1,1,1
2.02E+12,2,9,0,18,0,8,0,0,0,0,1,1,6,2,26,6,1248,1,2,5,1,5
2.02E+12,1,19,0,7,0,6,0,0,0,0,1,1,6,1,49,8,2148,2,10,1,1,1
2.02E+12,1,19,0,9,0,1,0,0,0,0,1,1,1,1,46,8,2143,2,7,2,1,2
2.02E+12,2,9,0,7,0,1,0,0,0,0,4,1,6,2,36,7,998,1,4,1,1,1
2.02E+12,1,11,0,18,0,2,0,0,1,2,1,1,1,1,53,8,4250,2,4,1,1,1
2.02E+12,2,9,0,4,0,6,0,0,0,0,1,1,6,2,22,5,1399,2,12,8,1,8
2.02E+12,1,9,0,5,0,6,0,0,0,0,1,1,6,2,45,7,1560,2,4,6,1,6
2.02E+12,1,9,0,9,0,2,0,0,0,0,1,1,6,2,21,5,1242,1,2,8,1,8
2.02E+12,2,9,0,18,0,8,0,0,0,0,1,1,6,1,29,6,1248,2,9,5,1,5
2.02E+12,1,9,0,18,0,1,0,0,0,0,1,1,2,1,36,7,1598,1,8,1,1,1
2.02E+12,2,5,0,5,0,4,0,0,0,0,4,1,6,1,48,8,1043,1,3,1,1,1
2.02E+12,1,3,0,9,0,8,0,0,0,0,4,1,6,1,29,6,124,1,6,2,1,2
2.02E+12,1,9,0,18,0,8,0,0,1,2,1,1,6,1,33,6,1910,2,9,2,1,2
2.02E+12,1,3,0,13,0,8,1,0,0,0,1,1,6,1,20,4,125,1,17,1,1,1
2.02E+12,1,9,0,4,0,7,0,4,0,0,1,1,6,1,41,7,1396,1,19,1,1,1
2.02E+12,2,4,0,4,0,1,0,0,0,0,2,1,2,1,32,6,125,1,1,1,1,1
2.02E+12,1,9,0,17,0,8,0,0,0,0,3,1,6,2,32,6,1796,1,14,3,1,3
2.02E+12,2,9,0,18,0,8,0,0,4,6,1,1,2,2,32,6,1686,2,5,5,1,5
2.02E+12,3,9,0,18,0,1,0,0,0,0,1,1,2,1,49,8,1984,2,6,2,1,2
2.02E+12,1,5,0,18,0,1,0,0,0,0,3,1,6,1,43,7,937,1,1,2,1,2
2.02E+12,2,9,0,10,0,1,0,0,0,0,2,1,2,1,68,10,1560,2,7,7,1,7
2.02E+12,1,3,0,14,0,1,0,0,0,0,1,1,1,1,35,6,124,1,4,4,1,4
2.02E+12,2,9,0,9,0,6,0,0,0,0,1,1,6,1,28,6,1368,1,11,3,1,3
2.02E+12,2,9,0,5,0,5,0,0,0,0,4,1,2,1,19,4,998,1,3,1,1,1
2.02E+12,2,5,0,3,0,1,0,0,0,0,3,1,6,1,53,8,1000,1,12,1,1,1
2.02E+12,1,4,0,18,0,1,0,0,0,0,1,1,6,1,14,3,125,1,10,1,1,1
2.02E+12,2,9,0,9,0,5,0,0,0,0,3,1,6,2,33,6,1499,2,2,1,1,1
2.02E+12,1,9,0,9,0,6,0,0,0,0,2,1,6,2,30,6,1461,2,1,5,1,5
2.02E+12,2,9,0,18,0,8,0,0,0,0,1,1,6,2,37,7,1490,1,9,2,1,2
2.02E+12,1,9,0,9,0,8,0,0,0,0,1,1,6,2,55,8,1461,2,2,9,1,9
2.02E+12,1,9,0,18,0,8,0,0,0,0,3,1,6,1,30,6,2191,2,2,7,1,7
2.02E+12,2,9,0,18,0,8,0,0,0,0,1,1,6,1,58,9,999,1,2,1,1,1
2.02E+12,2,9,0,2,0,8,0,0,0,0,1,1,6,1,30,6,1598,1,13,1,1,1
2.02E+12,2,9,0,13,0,4,0,0,0,0,1,1,6,1,63,9,1560,2,3,10,1,10
2.02E+12,1,9,0,10,0,8,0,0,0,0,1,1,6,2,26,6,1598,1,5,3,1,3
2.02E+12,1,9,0,18,0,8,0,0,0,0,4,1,6,1,28,6,1984,1,3,3,1,3
2.02E+12,2,9,0,12,0,8,0,0,0,0,1,1,6,2,44,7,1995,2,3,4,1,4
2.02E+12,2,9,0,3,0,1,0,0,0,0,2,1,6,1,27,6,999,1,15,1,1,1
2.02E+12,1,21,0,18,0,1,0,0,0,0,1,1,1,1,44,7,4764,2,4,2,3,2
2.02E+12,2,9,0,18,0,1,0,0,0,0,2,1,2,2,55,8,1910,2,8,9,2,9
2.02E+12,1,9,0,17,0,7,1,0,2,7,4,1,6,2,26,6,1242,1,16,7,1,7
2.02E+12,1,3,0,18,0,8,0,0,0,0,1,1,6,1,18,4,125,1,1,1,1,1
2.02E+12,2,9,0,9,0,8,0,0,0,0,1,1,6,1,39,7,1229,1,11,3,1,3
2.02E+12,2,20,0,9,0,5,0,0,0,0,2,1,1,1,56,9,2198,2,1,1,1,1
2.02E+12,2,9,0,11,0,1,0,0,0,0,1,1,6,1,31,6,1999,1,11,2,1,2
2.02E+12,1,9,0,18,0,1,5,10,2,1,1,1,6,1,44,7,1973,1,16,2,1,2
2.02E+12,1,9,0,9,0,6,0,0,0,0,1,1,6,1,30,6,1590,1,3,1,1,1
2.02E+12,2,9,0,4,0,1,0,0,0,0,4,1,6,1,22,5,998,1,12,1,1,1
2.02E+12,1,9,0,7,0,8,0,0,0,0,4,1,2,2,26,6,1598,2,1,1,1,1
2.02E+12,1,9,0,5,0,1,0,0,0,0,3,1,6,1,61,9,1968,2,8,10,1,10
2.02E+12,1,19,0,18,0,8,0,0,0,0,1,1,6,1,29,6,2148,2,11,3,1,3
2.02E+12,2,9,0,18,0,8,0,0,0,0,2,1,6,1,62,9,1995,2,1,4,1,4
2.02E+12,1,9,0,17,0,1,0,4,0,0,1,1,6,1,34,6,1956,2,3,1,1,1