Accident_Index,Vehicle_Reference,Vehicle_Type,Towing_and_Articulation,Vehicle_Manoeuvre,Vehicle_Location-Restricted_Lane,Junction_Location,Skidding_and_Overturning,Hit_Object_in_Carriageway,Vehicle_Leaving_Carriageway,Hit_Object_off_Carriageway,1st_Point_of_Impact,Was_Vehicle_Left_Hand_Drive?,Journey_Purpose_of_Driver,Sex_of_Driver,Age_of_Driver,Age_Band_of_Driver,Engine_Capacity_(CC),Propulsion_Code,Age_of_Vehicle,Driver_IMD_Decile,Driver_Home_Area_Type,Vehicle_IMD_Decile
2.02E+12,2,9,0,18,0,8,0,0,0,0,1,1,6,2,65,9,1497,1,12,4,1,4
2.02E+12,1,9,0,9,0,6,0,0,0,0,0,1,6,1,47,8,1685,2,4,8,1,8
2.02E+12,1,9,0,9,0,5,0,0,0,0,1,1,6,1,18,4,1086,1,12,1,1,1
2.02E+12,1,9,0,18,0,1,0,0,0,0,4,1,1,1,34,6,1753,2,9,1,1,1
2.02E+12,1,8,0,9,0,8,0,0,0,0,1,1,1,1,50,8,1560,2,5,1,1,1
2.02E+12,1,9,0,9,0,6,0,0,0,0,3,1,6,1,40,7,1995,2,5,2,1,2
2.02E+12,1,9,0,18,0,8,0,0,1,11,1,1,2,1,46,8,1560,2,1,5,1,5
2.02E+12,2,9,0,18,0,8,0,0,1,4,4,1,6,1,32,6,1968,2,6,4,1,4
2.02E+12,2,3,0,18,0,8,0,0,0,0,1,1,6,1,19,4,125,1,1,2,1,2
2.02E+12,1,9,0,9,0,1,0,0,0,0,3,1,6,2,22,5,1560,2,2,7,1,7
2.02E+12,2,9,0,9,0,1,0,0,0,0,1,1,6,1,36,7,2191,2,3,1,1,1
2.02E+12,1,9,0,18,0,1,0,0,0,0,1,1,6,1,37,7,1598,2,2,1,1,1
2.02E+12,2,9,0,18,0,1,0,0,0,0,3,1,6,2,34,6,1598,2,2,2,1,2
2.02E+12,1,19,0,9,0,1,0,0,0,0,1,1,6,1,42,7,1248,2,6,1,1,1
2.02E+12,2,9,0,18,0,1,0,0,0,0,1,1,6,1,25,5,1998,2,15,4,1,4
2.02E+12,1,9,0,9,0,8,0,0,0,0,1,1,6,2,45,7,1968,2,1,1,1,1
2.02E+12,1,9,0,18,0,4,0,0,0,0,3,1,6,1,51,8,1587,1,14,5,1,5
2.02E+12,1,9,0,18,0,8,0,0,0,0,1,1,6,1,78,11,1991,2,12,1,1,1
2.02E+12,2,9,0,8,0,1,0,0,0,0,2,1,6,2,71,10,1000,1,4,3,1,3
2.02E+12,1,9,0,9,0,8,0,0,0,0,4,1,6,2,48,8,2179,2,3,8,1,8
2.02E+12,2,5,0,18,0,8,0,0,0,0,1,1,6,1,51,8,660,1,11,4,1,4
2.02E+12,2,9,0,10,0,1,0,0,0,0,2,1,6,1,48,8,1461,2,10,1,1,1
2.02E+12,3,9,0,10,0,1,0,0,0,0,2,1,6,2,65,9,1598,1,3,2,1,2
2.02E+12,1,9,0,9,0,2,0,0,0,0,1,1,1,1,25,5,1364,2,4,1,1,1
2.02E+12,1,9,0,7,0,3,0,0,0,0,1,1,6,2,19,4,998,1,11,1,1,1
2.02E+12,2,9,0,4,0,1,0,0,0,0,2,1,6,2,29,6,1995,1,8,2,1,2
2.02E+12,1,9,0,18,0,2,0,0,0,0,1,1,6,2,34,6,1496,2,1,9,1,9
2.02E+12,1,9,0,5,0,8,0,0,0,0,1,1,6,2,20,4,1997,2,6,1,1,1
2.02E+12,2,9,0,4,0,8,0,0,0,0,2,1,6,2,35,6,599,1,19,1,1,1
2.02E+12,1,9,0,1,0,6,0,0,0,0,2,1,6,2,59,9,1461,2,10,1,1,1
2.02E+12,1,8,0,9,0,6,0,0,0,0,3,1,1,1,31,6,1997,2,6,1,1,1
2.02E+12,2,9,0,18,0,8,1,0,0,0,1,1,6,1,50,8,1388,1,14,1,1,1
2.02E+12,1,9,0,18,0,1,0,0,0,0,1,1,6,1,19,4,1360,1,11,4,1,4
2.02E+12,1,9,0,9,0,8,0,0,0,0,1,1,6,2,71,10,1398,1,4,9,1,9
2.02E+12,2,9,0,18,0,8,0,0,0,0,3,1,6,2,27,6,1242,1,9,8,1,8
2.02E+12,1,19,0,18,0,6,0,0,0,0,1,1,1,1,49,8,1560,2,6,10,1,10
2.02E+12,2,9,0,18,0,1,0,0,0,0,4,1,2,1,33,6,1560,2,3,1,1,1
2.02E+12,1,9,0,9,0,6,0,0,1,0,1,1,6,2,80,11,1242,1,11,1,1,1
2.02E+12,2,9,0,18,0,1,0,0,0,0,4,1,6,2,31,6,1598,1,2,1,1,1
2.02E+12,2,9,0,18,0,4,0,0,0,0,2,1,6,2,31,6,2000,2,6,1,1,1
2.02E+12,3,8,0,18,0,4,0,0,0,0,1,1,1,1,39,7,1991,2,8,1,1,1
2.02E+12,1,19,0,9,0,6,0,0,0,0,3,2,6,1,66,10,1868,2,11,6,1,6
2.02E+12,2,3,0,18,0,1,0,0,1,0,1,1,1,1,31,6,125,1,1,2,1,2
2.02E+12,1,19,0,18,0,7,0,0,0,0,1,1,2,1,63,9,1753,2,11,9,1,9
2.02E+12,2,9,0,3,0,7,0,0,0,0,2,1,2,1,44,7,1598,2,3,9,1,9
2.02E+12,1,9,0,9,0,5,0,0,0,0,1,1,6,1,63,9,1598,1,14,3,1,3
2.02E+12,1,9,0,9,0,1,0,0,0,0,4,1,6,1,21,5,1360,1,8,8,1,8
2.02E+12,2,9,0,18,0,1,0,0,0,0,1,1,6,2,22,5,999,1,2,1,1,1
2.02E+12,1,9,0,18,0,1,0,4,0,0,1,1,3,1,30,6,5000,1,7,4,1,4
2.02E+12,2,9,0,18,0,8,0,0,0,0,1,1,2,2,54,8,1124,1,14,1,1,1
2.02E+12,1,3,0,18,0,1,0,0,0,0,1,1,2,1,20,4,124,1,6,3,1,3
2.02E+12,2,9,0,9,0,5,0,0,0,0,4,1,6,1,23,5,1560,2,5,7,1,7
2.02E+12,1,9,0,9,0,6,0,0,0,0,3,1,6,1,18,4,1910,2,9,1,1,1
2.02E+12,2,9,0,18,0,8,0,0,7,4,1,1,2,1,21,5,1399,2,8,2,1,2
2.02E+12,1,9,0,18,0,2,5,0,0,0,3,1,6,2,90,11,1199,1,17,7,1,7
2.02E+12,1,9,0,8,0,6,0,0,0,0,1,1,6,2,68,10,1388,1,12,4,1,4
2.02E+12,1,9,0,18,0,1,0,0,0,0,1,1,6,1,79,11,1598,1,15,7,1,7
2.02E+12,2,8,0,10,0,1,0,0,0,0,2,1,1,1,55,8,1997,2,8,1,1,1
2.02E+12,1,8,0,4,0,1,0,0,0,0,1,1,1,1,48,8,1598,2,3,3,1,3
2.02E+12,2,9,0,3,0,1,0,0,0,0,2,1,6,2,44,7,1386,1,13,2,1,2
2.02E+12,1,9,0,9,0,8,0,0,0,0,1,1,3,2,47,8,1395,1,4,10,1,10
2.02E+12,2,9,0,18,0,8,0,0,0,0,3,1,3,2,41,7,1598,1,4,2,1,2
2.02E+12,1,9,0,9,0,8,0,0,0,0,1,1,6,1,84,11,1560,2,1,1,1,1
2.02E+12,2,9,0,18,0,8,0,0,1,0,1,1,6,2,71,10,1753,2,10,5,1,5
2.02E+12,2,9,0,3,0,1,0,0,0,0,1,1,2,2,32,6,1328,1,9,3,1,3
2.02E+12,2,9,0,18,0,4,1,0,1,11,3,1,1,1,35,6,1560,2,4,1,1,1
2.02E+12,1,8,0,9,0,6,0,0,0,0,1,1,1,1,53,8,1997,2,3,1,1,1
2.02E+12,1,8,0,7,0,8,0,0,0,0,4,1,1,1,67,10,1753,2,9,1,1,1
2.02E+12,1,9,0,18,0,8,0,0,7,11,1,1,6,1,76,11,1997,2,2,1,1,1
2.02E+12,2,9,0,18,0,8,0,0,0,0,3,1,6,2,65,9,1242,1,2,1,1,1
2.02E+12,2,21,0,18,0,8,0,0,1,7,1,1,1,1,54,8,6693,2,3,8,1,8
2.02E+12,1,9,0,9,0,8,0,0,0,0,1,1,1,1,31,6,1995,2,7,1,1,1
2.02E+12,2,9,0,7,0,8,5,0,0,0,1,1,2,1,55,8,2494,8,1,1,1,1
2.02E+12,3,9,0,2,0,1,0,0,1,0,1,1,6,2,52,8,1560,2,4,9,2,9
2.02E+12,1,9,0,9,0,6,0,0,0,0,1,1,2,2,49,8,898,1,1,3,1,3
2.02E+12,2,9,0,18,0,8,0,0,0,0,3,1,6,1,25,5,1149,1,16,1,1,1
2.02E+12,1,19,0,18,0,8,0,0,0,0,3,1,2,1,42,7,1997,2,13,3,1,3
2.02E+12,2,9,0,18,0,8,2,0,1,0,4,1,2,1,49,8,1896,2,19,3,3,3
2.02E+12,1,11,0,18,0,8,0,0,0,0,1,1,1,1,53,8,6696,2,2,1,1,1
2.02E+12,1,9,0,18,0,6,0,0,0,0,1,1,6,2,24,5,1499,1,12,1,1,1
2.02E+12,2,9,0,18,0,8,0,0,0,0,4,1,6,2,49,8,1242,1,8,5,1,5
2.02E+12,1,9,0,18,0,1,0,0,0,0,1,1,6,2,77,11,998,1,3,9,1,9
2.02E+12,1,9,0,9,0,3,0,0,0,0,4,1,2,2,46,8,1496,2,2,7,1,7
2.02E+12,2,9,0,18,0,1,0,0,0,0,1,1,6,1,39,7,1998,2,4,1,1,1
2.02E+12,1,9,0,18,0,1,0,0,0,0,1,1,6,1,22,5,998,1,10,6,1,6
2.02E+12,2,9,0,3,0,1,1,0,0,0,2,1,6,2,60,9,996,1,4,1,1,1
2.02E+12,3,9,0,3,0,1,1,0,0,0,2,1,6,1,36,7,1461,2,3,1,1,1
2.02E+12,4,19,0,3,0,1,0,0,0,0,2,1,6,1,36,7,1461,2,14,9,3,9
2.02E+12,2,9,0,3,0,8,0,0,0,0,2,1,6,1,48,8,1995,2,4,6,1,6
2.02E+12,2,9,0,9,0,8,0,0,0,0,1,1,3,2,39,7,1896,2,10,5,1,5
2.02E+12,2,9,0,2,0,1,0,0,0,0,1,2,6,2,38,7,1248,2,9,2,1,2
2.02E+12,1,9,0,9,0,1,0,0,0,0,1,1,6,2,42,7,1388,1,10,1,1,1
2.02E+12,2,9,0,18,0,1,0,0,0,0,1,1,6,2,78,11,998,1,7,3,1,3
2.02E+12,1,9,0,5,0,2,0,0,1,2,1,2,6,1,36,7,1956,2,5,5,1,5
2.02E+12,2,11,0,18,0,1,0,0,0,0,4,2,1,1,49,8,6696,2,3,3,1,3
2.02E+12,1,9,0,9,0,8,0,0,0,0,1,1,6,1,36,7,1242,1,4,1,1,1
2.02E+12,2,3,0,18,0,1,0,0,0,0,1,1,6,1,26,6,124,1,12,1,1,1
2.02E+12,2,8,0,18,0,8,0,0,0,0,3,1,1,1,52,8,2664,2,11,5,1,5
2.02E+12,1,9,0,18,0,8,0,0,0,0,1,1,6,2,40,7,1206,1,8,7,1,7
2.02E+12,2,9,0,18,0,8,0,0,0,0,3,1,6,1,84,11,1299,1,13,7,1,7
2.02E+12,1,9,0,9,0,8,0,0,0,0,1,1,6,1,76,11,1997,2,10,8,1,8
2.02E+12,2,19,0,18,0,8,0,0,0,0,4,1,2,1,28,6,1995,2,6,2,1,2
2.02E+12,2,9,0,5,0,2,1,4,0,0,3,1,6,2,42,7,1398,1,6,3,1,3
2.02E+12,3,9,0,2,0,2,0,0,0,0,2,1,6,2,43,7,1997,2,5,7,1,7
2.02E+12,1,9,0,3,0,8,0,0,0,0,4,1,3,2,44,7,1395,1,1,3,1,3
2.02E+12,2,11,0,3,0,8,0,0,0,0,3,1,1,1,26,6,6692,2,6,7,1,7
2.02E+12,2,9,0,9,0,4,0,0,0,0,4,1,6,2,34,6,1499,2,1,7,1,7
2.02E+12,1,9,0,9,0,8,0,0,0,0,1,1,6,2,60,9,998,1,10,7,3,7
2.02E+12,2,9,0,18,0,8,0,0,0,0,3,1,6,2,58,9,1200,1,1,4,1,4
2.02E+12,1,9,0,9,0,5,0,0,0,0,4,1,6,2,55,8,1400,1,12,3,3,3
2.02E+12,2,9,0,18,0,8,0,0,0,0,1,1,6,1,62,9,1595,1,16,5,1,5
2.02E+12,1,19,0,9,0,1,0,0,0,0,1,1,1,1,53,8,1968,2,3,7,1,7
2.02E+12,1,9,0,18,0,3,0,0,0,0,4,1,6,1,67,10,2148,2,9,5,1,5
2.02E+12,2,9,0,18,0,3,0,0,0,0,3,1,6,1,31,6,1796,1,13,1,1,1
2.02E+12,1,19,0,17,0,1,0,0,0,0,1,1,1,1,54,8,1560,2,4,1,1,1
2.02E+12,1,9,0,17,0,8,0,0,1,2,1,1,1,1,33,6,1968,2,9,1,1,1
2.02E+12,1,9,0,18,0,1,0,0,0,0,1,1,6,1,47,8,1598,1,9,3,1,3
2.02E+12,1,9,0,9,0,2,0,0,0,0,1,1,6,2,30,6,1598,1,3,8,1,8
2.02E+12,1,9,0,9,0,1,0,0,0,0,1,1,6,2,64,9,998,1,13,6,1,6
2.02E+12,1,8,0,18,0,8,0,0,0,0,4,1,1,1,39,7,1686,2,3,1,1,1
2.02E+12,1,9,0,9,0,6,0,0,0,0,3,1,2,1,33,6,1995,2,1,7,1,7
2.02E+12,2,3,0,13,0,1,0,0,0,0,1,1,6,1,21,5,124,1,12,9,1,9
2.02E+12,1,9,0,9,0,8,0,0,0,0,1,1,6,1,22,5,1560,2,9,3,2,3
2.02E+12,2,9,0,18,0,8,0,0,0,0,1,1,6,2,53,8,1149,1,9,7,1,7
2.02E+12,1,9,0,7,0,8,0,0,0,0,1,1,2,1,20,4,1149,1,10,8,1,8
2.02E+12,2,9,0,18,0,8,0,0,0,0,1,1,2,1,32,6,1997,2,9,3,1,3
2.02E+12,1,9,0,16,0,1,1,0,3,11,1,1,6,1,31,6,2000,1,12,1,1,1
2.02E+12,1,19,0,18,0,3,0,0,0,0,1,1,1,1,33,6,2143,2,2,2,1,2
2.02E+12,1,9,0,9,0,8,0,0,0,0,1,1,2,1,58,9,2143,2,2,5,1,5
2.02E+12,2,9,0,18,0,8,0,0,1,7,1,1,6,1,25,5,1598,1,4,2,1,2
2.02E+12,2,9,0,7,0,6,0,0,0,0,3,1,6,2,37,7,1461,2,1,1,1,1
2.02E+12,1,11,0,11,0,8,0,0,0,0,4,1,1,1,54,8,6696,2,3,2,1,2
2.02E+12,2,9,0,18,0,8,0,0,0,0,3,1,2,1,28,6,999,1,1,1,1,1
2.02E+12,1,9,0,18,0,1,0,0,0,0,1,1,6,2,62,9,998,1,18,1,1,1
2.02E+12,2,9,0,10,0,1,0,0,0,0,2,1,6,2,54,8,1598,1,9,1,1,1
2.02E+12,2,8,0,18,0,1,0,0,1,2,3,1,1,1,38,7,2231,2,8,5,1,5
2.02E+12,1,9,0,9,0,8,0,0,1,11,3,1,6,1,79,11,1399,1,1,1,1,1
2.02E+12,2,11,0,18,0,8,0,0,0,0,1,1,1,1,33,6,6700,2,8,1,1,1
2.02E+12,1,9,0,7,0,6,0,0,0,0,1,1,6,2,40,7,1560,2,1,1,1,1
2.02E+12,1,9,0,9,0,5,0,0,0,0,3,1,6,2,50,8,1560,2,5,6,1,6
2.02E+12,1,3,0,18,0,8,0,0,0,0,1,1,2,1,29,6,124,1,3,1,1,1
2.02E+12,2,9,0,18,0,8,0,0,0,0,2,1,2,1,29,6,1956,2,5,10,1,10
2.02E+12,1,9,0,9,0,8,0,0,0,0,2,1,6,2,79,11,998,1,2,4,1,4
2.02E+12,2,9,0,18,0,8,0,0,0,0,1,1,6,1,43,7,1596,1,17,3,1,3
2.02E+12,1,19,0,9,0,1,0,0,0,0,3,1,6,1,28,6,1995,2,6,1,1,1
2.02E+12,2,9,0,18,0,8,1,0,0,0,3,1,6,2,67,10,1598,1,5,7,1,7
2.02E+12,1,21,1,5,0,1,0,0,0,0,1,1,1,2,30,6,10837,2,2,2,1,2
2.02E+12,2,21,1,5,0,1,0,0,0,0,0,1,1,1,49,8,12902,2,4,7,1,7
2.02E+12,2,9,0,3,0,1,0,0,0,0,2,1,6,2,48,8,1124,1,16,1,1,1
2.02E+12,4,19,0,3,0,1,0,0,0,0,2,1,2,2,24,5,1248,2,4,7,1,7
2.02E+12,5,8,0,18,0,8,0,0,0,0,1,1,1,1,35,6,1968,2,6,6,1,6
2.02E+12,1,9,0,9,0,8,0,0,1,2,1,1,6,2,19,4,1242,1,8,3,1,3
2.02E+12,1,9,0,9,0,6,0,0,0,0,1,1,6,2,74,10,1329,1,1,10,2,10
2.02E+12,2,11,0,18,0,1,0,0,0,0,1,1,1,1,61,9,5900,2,11,1,1,1
2.02E+12,1,9,0,9,0,3,0,0,0,0,1,1,6,1,91,11,1197,1,3,9,1,9
2.02E+12,1,9,0,18,0,2,0,0,0,0,1,1,6,1,30,6,1596,1,15,3,1,3
2.02E+12,1,9,0,18,0,8,0,0,0,0,1,1,1,1,51,8,1998,2,9,1,1,1
2.02E+12,2,19,0,18,0,8,0,0,0,0,3,1,2,1,54,8,1968,2,1,7,1,7
2.02E+12,1,9,0,18,0,1,1,0,0,0,1,1,2,2,52,8,1399,1,1,1,1,1
2.02E+12,2,9,0,18,0,1,0,0,0,0,2,1,2,2,22,5,1956,2,2,1,1,1
2.02E+12,3,9,0,18,0,1,0,0,0,0,2,1,1,2,37,7,1596,1,11,1,1,1
2.02E+12,2,9,0,9,0,8,0,0,0,0,3,1,6,2,28,6,1149,1,8,1,1,1
2.02E+12,1,9,0,18,0,8,0,0,0,0,1,1,6,1,67,10,2231,2,11,1,1,1
2.02E+12,2,8,0,18,0,8,0,0,0,0,3,1,1,1,46,8,1997,2,6,1,1,1
2.02E+12,1,9,0,9,0,6,0,0,0,0,1,1,6,1,53,8,1364,1,8,1,1,1
2.02E+12,2,9,0,4,0,1,0,0,0,0,3,1,6,1,53,8,1986,2,11,5,1,5
2.02E+12,1,3,0,18,0,3,0,0,0,0,1,1,1,1,30,6,124,1,3,1,1,1
2.02E+12,1,9,0,10,0,8,0,0,0,0,1,1,6,1,20,4,1242,1,5,3,1,3
2.02E+12,2,9,0,18,0,1,0,0,0,0,1,1,6,2,28,6,2143,2,6,3,1,3
2.02E+12,2,3,0,18,0,8,0,0,0,0,1,1,2,1,23,5,124,1,1,1,1,1
2.02E+12,1,4,0,16,0,8,1,0,0,0,4,1,6,1,22,5,296,1,4,8,1,8
2.02E+12,2,8,0,18,0,8,0,0,7,0,4,1,1,1,55,8,1896,2,7,1,1,1
2.02E+12,1,9,0,3,0,1,0,0,0,0,1,1,2,1,61,9,1499,2,2,7,1,7
2.02E+12,1,9,0,5,0,6,0,0,0,0,1,1,6,1,31,6,1999,2,15,6,1,6
2.02E+12,1,9,0,18,0,1,0,0,0,0,1,1,6,1,75,10,998,1,4,7,2,7
2.02E+12,2,9,0,3,0,1,0,0,0,0,2,1,6,1,47,8,1299,1,13,4,1,4
2.02E+12,1,9,0,7,0,5,0,0,0,0,4,1,6,1,26,6,1199,1,15,1,1,1
2.02E+12,1,9,0,6,0,1,0,0,0,0,3,1,6,1,38,7,1896,2,9,1,1,1
2.02E+12,2,9,0,18,0,8,0,0,0,0,3,1,6,1,39,7,1686,2,6,5,1,5
2.02E+12,1,8,0,7,0,6,0,0,3,11,4,1,6,1,54,8,1896,2,13,7,1,7
2.02E+12,1,9,0,9,0,5,0,0,0,0,1,1,2,2,63,9,1197,1,2,2,1,2
2.02E+12,1,8,0,5,0,1,0,0,0,0,3,1,1,1,44,7,1499,2,1,4,1,4
2.02E+12,2,9,0,9,0,1,0,0,0,0,0,1,3,1,32,6,1968,2,5,1,1,1
2.02E+12,1,9,0,18,0,1,0,0,0,0,1,1,1,1,32,6,1753,2,10,4,1,4
2.02E+12,2,9,0,18,0,1,0,0,0,0,4,1,6,1,73,10,1248,1,6,1,1,1
2.02E+12,1,9,0,9,0,8,0,0,0,0,4,1,6,2,20,4,996,1,3,7,1,7
2.02E+12,2,8,0,18,0,8,0,0,0,0,1,1,1,1,23,5,1560,2,6,1,1,1
2.02E+12,1,19,0,18,0,8,0,0,0,0,1,1,2,1,62,9,1248,2,10,1,1,1
2.02E+12,2,19,0,18,0,8,0,0,7,11,4,1,1,1,55,8,2143,2,3,1,1,1
2.02E+12,1,9,0,18,0,8,0,0,0,0,4,1,6,1,53,8,1398,2,14,4,1,4
2.02E+12,1,9,0,9,0,8,0,0,4,0,1,1,6,2,26,6,1395,1,2,1,1,1
2.02E+12,2,19,0,18,0,8,0,0,0,0,1,1,2,1,36,7,1753,2,7,1,1,1
2.02E+12,1,9,0,18,0,8,0,0,0,0,1,1,6,1,42,7,2143,2,2,4,1,4
2.02E+12,2,19,0,18,0,8,0,0,0,0,1,1,6,1,45,7,1753,2,17,1,1,1
2.02E+12,1,9,0,18,0,2,0,4,0,0,1,1,6,1,83,11,1398,1,3,3,1,3
2.02E+12,1,9,0,15,0,1,0,0,0,0,1,1,6,1,21,5,1598,2,1,1,1,1
2.02E+12,1,9,0,9,0,1,0,0,0,0,1,1,6,1,55,8,1984,2,2,4,2,4
2.02E+12,1,9,0,9,0,6,0,0,0,0,1,1,1,1,55,8,1388,1,13,1,1,1
2.02E+12,2,8,0,18,0,8,0,0,0,0,1,1,1,1,31,6,1995,2,3,1,1,1
2.02E+12,2,9,0,18,0,8,0,0,0,0,1,1,6,2,34,6,1560,2,1,1,1,1
2.02E+12,1,3,0,18,0,1,1,0,0,0,3,1,2,1,30,6,124,1,5,2,1,2
2.02E+12,1,9,0,4,0,1,0,0,0,0,0,1,1,1,25,5,1560,2,1,2,1,2
2.02E+12,3,9,0,18,0,6,0,0,0,0,1,1,6,1,23,5,1796,1,17,4,1,4
2.02E+12,6,9,0,18,0,1,0,0,0,0,1,1,6,1,66,10,1796,1,9,1,1,1
2.02E+12,1,9,0,9,0,1,0,0,0,0,1,1,6,2,37,7,1339,8,7,1,1,1
2.02E+12,2,8,0,18,0,1,0,0,0,0,3,1,1,1,33,6,2499,2,7,1,1,1
2.02E+12,1,9,0,9,0,8,0,0,0,0,1,1,6,1,51,8,1798,1,13,2,1,2
2.02E+12,2,9,0,18,0,8,0,0,0,0,1,1,6,1,36,7,1997,2,6,1,1,1
2.02E+12,2,3,0,18,0,1,1,0,0,0,0,1,2,1,48,8,124,1,1,4,1,4
2.02E+12,1,9,0,10,0,5,0,0,0,0,1,1,6,1,30,6,2148,2,8,3,1,3
2.02E+12,1,8,0,9,0,5,0,0,0,0,1,1,1,1,56,9,2499,2,7,2,1,2
2.02E+12,1,9,0,18,0,8,0,0,0,0,1,1,6,1,46,8,1461,2,10,3,1,3
2.02E+12,1,9,0,5,0,6,0,0,0,0,1,1,6,2,48,8,1995,2,14,8,1,8
2.02E+12,2,9,0,18,0,1,0,0,0,0,1,1,6,1,25,5,2000,2,13,3,1,3
2.02E+12,1,8,0,18,0,1,0,0,0,0,4,1,1,1,65,9,2499,2,9,1,1,1
2.02E+12,1,9,0,18,0,8,0,0,0,0,1,1,6,1,66,10,1588,1,13,2,1,2
2.02E+12,1,9,0,9,0,1,0,0,0,0,4,1,6,2,27,6,1560,2,4,3,1,3
2.02E+12,1,9,0,18,0,1,0,0,0,0,1,1,6,2,44,7,1461,2,1,3,1,3
2.02E+12,2,9,0,9,0,6,0,0,0,0,3,1,6,2,65,9,1461,2,3,6,1,6
2.02E+12,1,19,0,5,0,1,0,0,0,0,1,1,1,1,48,8,1995,2,6,5,1,5
2.02E+12,1,9,0,4,0,2,0,0,0,0,1,1,6,1,33,6,1968,2,10,1,1,1
2.02E+12,1,9,0,9,0,5,0,0,0,0,4,1,6,1,69,10,1422,2,8,1,1,1
2.02E+12,2,9,0,18,0,1,5,10,1,5,4,1,6,1,23,5,1995,2,10,1,1,1
2.02E+12,1,9,0,18,0,1,0,0,0,0,1,1,6,1,20,4,1339,1,10,4,1,4
2.02E+12,1,9,0,18,0,8,0,0,0,0,3,1,6,2,58,9,998,1,16,1,1,1
2.02E+12,2,9,0,18,0,8,0,0,0,0,1,1,6,1,28,6,1596,1,8,1,1,1
2.02E+12,1,19,0,9,0,8,0,0,0,0,4,1,6,1,49,8,2198,2,9,1,1,1
2.02E+12,2,3,0,18,0,1,0,0,0,0,1,1,1,1,19,4,125,1,2,1,1,1
2.02E+12,1,9,0,18,0,2,0,0,0,0,1,1,6,1,38,7,2171,1,15,1,1,1
2.02E+12,2,9,0,18,0,2,0,0,0,0,2,1,6,2,46,8,1896,2,14,1,1,1
2.02E+12,1,9,0,9,0,1,0,0,0,0,1,1,6,2,29,6,1596,1,12,1,1,1
2.02E+12,1,9,0,18,0,8,0,0,0,0,1,1,6,1,39,7,1598,2,5,1,1,1
2.02E+12,1,9,0,4,0,6,1,0,0,0,1,1,6,2,67,10,1956,2,2,9,2,9
2.02E+12,2,9,0,18,0,8,0,0,0,0,1,1,6,1,61,9,999,1,4,9,1,9
2.02E+12,1,9,0,7,0,2,0,0,0,0,1,1,6,2,73,10,1461,2,2,5,1,5
2.02E+12,1,8,0,9,0,6,0,0,0,0,1,1,1,1,36,7,1968,2,3,1,1,1
2.02E+12,1,9,0,18,0,1,0,0,0,0,4,1,6,2,53,8,1896,2,9,1,1,1
2.02E+12,2,9,0,18,0,1,0,0,0,0,2,1,6,1,18,4,1199,1,14,3,1,3
2.02E+12,1,9,0,18,0,1,0,0,0,0,1,1,6,2,31,6,1390,1,10,6,1,6
2.02E+12,1,9,0,5,0,4,0,0,0,0,1,1,6,1,33,6,1364,1,1,2,1,2
2.02E+12,2,9,0,5,0,4,0,0,0,0,2,1,1,2,43,7,1560,2,7,5,1,5
2.02E+12,2,9,0,18,0,1,0,0,0,0,4,1,6,1,23,5,998,1,6,7,1,7
2.02E+12,1,9,0,18,0,2,0,0,0,0,4,1,6,2,33,6,1248,2,9,1,1,1
2.02E+12,1,9,0,16,0,8,0,0,7,1,1,1,6,2,32,6,1299,1,16,1,1,1
2.02E+12,2,9,0,18,0,8,0,10,7,0,4,1,6,1,45,7,1598,1,18,1,1,1
2.02E+12,3,9,0,18,0,8,0,0,0,0,1,1,6,2,24,5,1596,1,10,9,1,9
2.02E+12,1,9,0,9,0,8,0,0,0,0,0,1,6,2,76,11,1386,1,9,3,1,3
2.02E+12,2,3,0,18,0,1,1,0,0,0,0,1,2,1,31,6,124,1,7,1,1,1
2.02E+12,2,4,0,7,0,8,0,0,0,0,1,1,6,1,25,5,125,1,1,5,1,5
2.02E+12,2,9,0,9,0,1,0,0,0,0,4,1,6,1,45,7,1995,2,8,1,1,1
2.02E+12,1,9,0,7,0,6,0,0,0,0,3,1,6,2,75,10,1198,1,2,1,1,1
2.02E+12,1,4,0,18,0,8,0,0,7,0,1,1,6,1,24,5,398,1,9,4,1,4
2.02E+12,2,19,0,9,0,8,0,0,0,0,3,1,6,1,57,9,2500,2,16,7,1,7
2.02E+12,2,9,0,9,0,1,0,0,0,0,3,1,6,2,56,9,1390,1,3,4,1,4
2.02E+12,1,9,0,4,0,1,0,0,0,0,1,1,2,2,21,5,998,1,4,1,1,1
2.02E+12,1,5,0,18,0,2,0,0,0,0,0,1,6,1,53,8,649,1,5,6,1,6
2.02E+12,2,9,0,3,0,1,0,0,0,0,2,1,6,2,33,6,1560,2,8,3,1,3
Infinity,2,9,0,3,0,1,0,0,0,0,4,1,6,1,64,9,3628,2,10,1,1,1
Infinity,1,9,0,18,0,2,0,0,0,0,1,1,6,1,44,7,2993,2,8,4,1,4
Infinity,2,3,0,4,0,1,0,0,0,0,4,1,6,2,54,8,125,1,2,1,1,1
Infinity,2,9,0,3,0,1,0,0,0,0,2,1,1,1,41,7,1364,2,3,1,1,1
Infinity,1,9,0,2,0,1,0,0,0,0,2,1,6,1,24,5,1968,2,5,5,1,5
Infinity,1,9,0,3,0,1,0,0,0,0,1,1,6,1,48,8,1910,2,10,2,1,2
Infinity,3,9,0,18,0,1,0,0,0,0,2,1,6,1,25,5,1995,2,8,4,1,4
Infinity,1,9,0,9,0,8,0,0,0,0,0,1,6,1,60,9,1995,2,15,1,1,1