Accident_Index,Vehicle_Reference,Vehicle_Type,Towing_and_Articulation,Vehicle_Manoeuvre,Vehicle_Location-Restricted_Lane,Junction_Location,Skidding_and_Overturning,Hit_Object_in_Carriageway,Vehicle_Leaving_Carriageway,Hit_Object_off_Carriageway,1st_Point_of_Impact,Was_Vehicle_Left_Hand_Drive?,Journey_Purpose_of_Driver,Sex_of_Driver,Age_of_Driver,Age_Band_of_Driver,Engine_Capacity_(CC),Propulsion_Code,Age_of_Vehicle,Driver_IMD_Decile,Driver_Home_Area_Type,Vehicle_IMD_Decile
Infinity,1,9,0,5,0,1,0,0,0,0,4,1,6,2,30,6,1198,1,3,7,1,7
Infinity,1,9,0,9,0,5,0,0,1,0,4,1,1,1,37,7,1956,2,5,2,1,2
Infinity,2,21,0,18,0,8,0,0,0,0,1,1,1,1,67,10,4500,2,1,8,1,8
Infinity,2,9,0,4,0,1,0,0,0,0,1,1,6,2,53,8,2387,2,10,1,1,1
Infinity,1,9,0,18,0,1,0,0,0,0,1,1,6,2,56,9,1598,1,17,3,1,3
Infinity,1,9,0,5,0,8,0,0,0,0,0,1,6,1,28,6,1396,1,6,2,1,2
Infinity,2,9,0,18,0,8,0,10,1,2,1,1,6,1,40,7,1686,2,13,6,1,6
Infinity,1,9,0,9,0,6,0,0,0,0,1,1,2,2,27,6,1198,1,7,4,1,4
Infinity,2,3,0,18,0,8,0,0,0,0,1,1,6,1,25,5,125,1,15,2,1,2
Infinity,1,9,0,7,0,6,0,0,0,0,1,1,2,1,30,6,1798,8,2,10,1,10
Infinity,1,9,0,9,0,5,0,0,0,0,3,1,2,1,54,8,998,1,8,3,1,3
Infinity,1,9,0,4,0,1,1,0,0,0,2,1,6,2,23,5,1390,1,2,3,1,3
Infinity,2,9,0,18,0,1,1,0,0,0,1,1,6,2,38,7,1390,1,8,8,3,8
Infinity,3,9,0,18,0,1,1,0,0,0,1,1,6,1,30,6,1995,2,6,1,1,1
Infinity,1,9,0,9,0,1,1,10,0,0,1,1,6,1,20,4,1398,2,8,2,1,2
Infinity,1,9,0,7,0,6,0,0,0,0,1,1,6,1,22,5,999,1,3,3,1,3
Infinity,1,9,0,5,0,6,0,0,0,0,3,1,1,1,33,6,1598,2,2,2,1,2
Infinity,2,5,0,18,0,8,0,0,0,0,1,1,1,1,62,9,1000,1,32,1,1,1
Infinity,2,9,0,4,0,8,0,0,0,0,2,1,1,1,29,6,996,1,7,3,1,3
Infinity,1,9,0,9,0,8,0,0,7,0,1,1,6,2,29,6,1242,1,4,4,1,4
Infinity,2,8,0,18,0,4,0,0,0,0,2,1,1,1,52,8,1582,2,5,2,1,2
Infinity,1,5,0,18,0,8,0,0,1,0,1,1,2,1,30,6,1402,1,11,1,1,1
Infinity,1,9,0,7,0,5,1,0,0,0,1,1,6,1,21,5,1598,1,11,1,1,1
Infinity,2,9,0,18,0,1,0,0,0,0,1,1,6,2,47,8,1461,2,9,1,1,1
Infinity,1,19,0,9,0,6,0,0,0,1,3,1,1,1,34,6,1598,2,3,3,1,3
Infinity,1,9,0,9,0,5,0,0,0,0,1,1,6,1,44,7,1339,1,11,8,1,8
Infinity,2,9,0,18,0,8,0,4,0,0,1,1,6,1,37,7,1995,2,15,1,1,1
Infinity,3,9,0,2,0,2,0,0,0,0,2,1,6,2,59,9,1598,1,6,1,1,1
Infinity,2,3,0,18,0,8,0,0,0,0,3,1,6,1,24,5,125,1,7,1,1,1
Infinity,1,9,0,7,0,5,0,0,0,0,4,1,6,1,21,5,1598,2,5,4,1,4
Infinity,1,9,0,18,0,8,0,0,0,0,1,1,6,1,34,6,1598,1,14,8,1,8
Infinity,2,9,0,18,0,8,0,0,1,1,3,1,6,1,28,6,998,1,13,10,1,10
Infinity,2,9,0,18,0,8,0,0,0,0,0,1,6,1,53,8,999,1,2,1,1,1
Infinity,2,9,0,18,0,2,0,0,0,0,3,1,6,2,33,6,1991,2,9,4,1,4
Infinity,1,19,0,7,0,6,0,0,0,0,3,1,6,1,32,6,1399,2,7,5,1,5
Infinity,2,9,0,18,0,8,0,0,0,0,1,1,6,1,46,8,1910,2,9,1,1,1
Infinity,1,9,0,18,0,5,0,0,0,0,4,1,6,2,43,7,1461,2,6,1,1,1
Infinity,1,9,0,18,0,2,0,0,0,0,1,1,6,1,50,8,1995,1,15,1,1,1
Infinity,2,9,0,9,0,6,0,0,0,0,0,1,6,1,23,5,1896,2,9,1,1,1
Infinity,1,9,0,5,0,8,0,0,0,0,3,1,6,2,50,8,1299,1,15,4,1,4
Infinity,1,9,0,7,0,3,0,10,2,2,1,1,6,1,30,6,998,1,15,1,1,1
Infinity,1,9,0,18,0,2,0,0,0,0,2,1,3,2,40,7,1798,1,4,2,1,2
Infinity,2,9,0,3,0,1,0,0,0,0,2,1,6,2,41,7,1598,1,7,4,1,4
Infinity,2,9,0,3,0,8,0,0,0,0,4,1,6,1,71,10,1587,1,15,3,1,3
Infinity,2,9,0,18,0,8,0,0,0,0,1,1,6,2,51,8,1299,1,12,1,1,1
Infinity,2,9,0,4,0,1,0,0,0,0,2,1,6,1,32,6,1360,1,14,1,1,1
Infinity,2,9,0,18,0,8,0,0,0,0,1,1,1,2,35,6,1686,2,10,1,1,1
Infinity,2,9,0,18,0,8,0,0,0,0,1,1,1,1,58,9,1968,2,5,2,1,2
Infinity,1,9,0,9,0,5,0,0,0,0,4,1,6,1,30,6,1995,2,6,2,1,2
Infinity,2,3,0,18,0,8,0,0,0,0,1,1,6,1,26,6,125,1,6,4,1,4
Infinity,2,9,0,3,0,1,0,0,0,0,2,1,6,1,32,6,1896,2,16,2,1,2
Infinity,1,9,0,13,0,8,0,0,0,0,1,1,6,1,26,6,1242,1,6,4,1,4
Infinity,3,9,0,10,0,5,0,0,0,0,3,1,6,2,53,8,1349,1,8,3,1,3
Infinity,1,9,0,2,0,2,0,0,0,0,3,1,6,1,60,9,1598,1,9,1,1,1
Infinity,1,2,0,18,0,8,0,0,0,0,1,1,1,1,51,8,49,1,14,6,1,6
Infinity,2,9,0,18,0,8,0,0,0,0,1,1,2,1,30,6,1598,2,3,5,1,5
Infinity,2,19,0,5,0,1,0,0,0,0,2,1,1,1,52,8,1753,2,11,6,1,6
Infinity,2,9,0,4,0,1,0,0,0,0,2,1,6,2,25,5,1995,2,11,3,1,3
Infinity,2,9,0,7,0,8,0,0,0,0,2,1,6,1,51,8,1995,2,4,2,1,2
Infinity,1,20,0,7,0,5,0,0,0,0,4,1,2,1,52,8,6693,2,4,10,1,10
Infinity,2,9,0,7,0,8,0,0,0,0,3,1,1,2,39,7,1598,2,2,3,1,3
Infinity,2,8,0,18,0,2,0,0,0,0,2,1,1,1,52,8,1968,2,2,3,1,3
Infinity,1,9,0,9,0,5,0,0,0,0,4,1,1,2,19,4,998,1,7,3,1,3
Infinity,1,8,0,9,0,6,0,0,0,0,3,1,1,1,30,6,1995,2,3,2,1,2
Infinity,2,9,0,18,0,8,0,0,0,0,1,1,6,1,60,9,1299,1,14,3,1,3
Infinity,1,9,0,5,0,6,0,0,0,0,1,1,6,1,24,5,1598,1,11,1,1,1
Infinity,2,9,0,18,0,8,0,0,0,0,1,1,6,1,76,11,1242,1,8,3,1,3
2.02E+12,1,9,0,18,0,1,1,0,0,0,1,1,6,1,73,10,1968,2,1,8,2,8
2.02E+12,2,9,0,18,0,1,5,0,0,0,1,1,6,1,53,8,1995,2,4,7,1,7
2.02E+12,1,9,0,4,0,1,0,0,0,0,4,1,6,2,46,8,1598,2,6,9,1,9
2.02E+12,1,9,0,9,0,1,0,0,0,0,1,1,6,1,74,10,1560,2,1,3,1,3
2.02E+12,1,9,0,7,0,8,0,0,0,0,3,1,6,1,54,8,1956,2,4,9,1,9
2.02E+12,1,9,0,7,0,8,0,0,0,0,4,1,6,1,69,10,1242,1,9,10,1,10
2.02E+12,2,9,0,9,0,1,0,0,0,0,1,1,1,1,32,6,1499,2,4,2,1,2
2.02E+12,1,9,0,18,0,8,0,0,0,0,1,1,2,2,65,9,1799,1,11,8,1,8
2.02E+12,2,9,0,3,0,1,0,0,0,0,2,1,6,2,30,6,1598,2,5,6,3,6
2.02E+12,1,9,0,9,0,1,0,0,0,0,1,1,2,1,27,6,2494,1,16,8,1,8
2.02E+12,1,5,0,9,0,6,2,0,0,0,0,1,6,1,46,8,999,1,2,7,1,7
2.02E+12,2,9,0,10,0,1,0,0,0,0,3,1,6,1,36,7,1200,1,1,5,1,5
2.02E+12,1,9,0,5,0,6,0,0,0,0,1,1,6,1,48,8,1995,2,14,2,1,2
2.02E+12,2,11,0,18,0,1,0,0,0,0,4,1,1,1,38,7,3900,2,12,4,1,4
2.02E+12,1,9,0,4,0,5,0,0,0,0,0,1,6,1,65,9,1995,2,11,2,1,2
2.02E+12,1,9,0,2,0,8,0,0,0,0,0,1,6,2,32,6,1242,1,6,4,1,4
2.02E+12,2,9,0,18,0,1,0,0,0,0,1,1,1,2,28,6,998,1,1,4,1,4
2.02E+12,3,9,0,18,0,8,0,0,0,0,1,1,6,1,39,7,973,1,15,4,1,4
2.02E+12,1,9,0,5,0,4,1,10,1,2,3,1,6,1,20,4,1124,1,16,5,1,5
2.02E+12,1,9,0,5,0,4,0,0,0,0,3,1,2,1,40,7,5000,1,3,9,1,9
2.02E+12,1,9,0,18,0,8,0,0,0,0,1,1,2,1,33,6,1968,2,3,9,1,9
2.02E+12,1,9,0,5,0,1,0,0,0,0,1,2,6,1,17,4,1968,2,1,9,1,9
2.02E+12,1,9,0,2,0,7,0,0,4,1,3,1,6,1,72,10,1591,1,1,1,1,1
2.02E+12,2,9,0,18,0,1,0,0,0,0,3,1,6,1,55,8,1995,1,8,7,3,7
2.02E+12,1,9,0,9,0,7,0,0,0,0,1,1,6,3,42,7,1368,1,10,5,1,5
2.02E+12,2,9,0,18,0,2,0,4,0,0,1,1,6,1,47,8,1598,2,1,6,1,6
2.02E+12,3,9,0,2,0,2,0,0,0,0,3,1,6,1,46,8,1956,2,3,4,1,4
2.02E+12,1,9,0,17,0,2,5,10,1,4,1,1,4,1,18,4,1229,1,5,10,2,10
2.02E+12,2,9,0,8,0,1,0,0,0,0,2,2,6,2,23,5,999,1,2,8,1,8
2.02E+12,2,9,0,18,0,8,0,0,0,0,1,1,6,1,44,7,1349,1,10,8,1,8
2.02E+12,2,9,0,18,0,1,0,0,0,0,1,1,2,2,37,7,1596,1,9,5,1,5
2.02E+12,1,9,0,18,0,3,0,10,0,0,1,1,6,1,33,6,1397,1,16,4,1,4
2.02E+12,1,9,0,7,0,3,1,0,1,0,4,1,6,2,42,7,1400,1,12,7,2,7
2.02E+12,1,9,0,1,9,5,0,0,0,0,2,1,6,1,86,11,1396,1,4,4,1,4
2.02E+12,1,9,0,9,0,1,0,0,0,0,0,1,6,2,62,9,3498,1,13,5,3,5
2.02E+12,1,9,0,9,0,8,0,0,0,0,1,2,6,1,44,7,1598,1,12,3,1,3
2.02E+12,2,9,0,18,0,8,0,0,0,0,1,2,6,1,30,6,1596,1,12,3,1,3
2.02E+12,1,9,0,9,0,8,0,0,0,0,1,1,6,1,85,11,848,1,25,5,3,5
2.02E+12,2,9,0,18,0,8,0,0,0,0,1,1,6,2,61,9,998,1,1,8,2,8
2.02E+12,1,9,0,3,0,1,0,0,3,0,4,1,1,1,20,4,1390,1,10,4,1,4
2.02E+12,2,9,0,18,0,1,0,0,1,0,1,1,1,1,52,8,2720,2,13,10,2,10
2.02E+12,1,9,0,16,0,2,1,0,7,11,1,1,6,2,34,6,2993,2,11,8,2,8
2.02E+12,2,9,0,5,0,6,0,0,0,0,0,1,6,1,76,11,1197,1,1,1,1,1
2.02E+12,1,9,0,5,0,6,0,0,0,0,1,1,6,1,46,8,1598,2,3,10,2,10
2.02E+12,1,9,0,9,0,6,0,7,0,1,4,1,6,1,81,11,1597,1,20,8,1,8
2.02E+12,2,9,0,18,0,8,0,0,0,0,1,1,6,1,30,6,1364,1,8,4,1,4
2.02E+12,1,9,0,4,0,1,1,0,0,0,1,1,3,2,43,7,1299,1,15,10,1,10
2.02E+12,2,9,0,18,0,1,0,0,0,0,2,1,6,2,27,6,1596,1,8,9,1,9
2.02E+12,1,9,0,9,0,6,0,0,0,0,1,1,6,1,40,7,1596,1,11,5,1,5
2.02E+12,2,9,0,3,0,1,0,0,0,0,2,1,2,2,22,5,998,1,7,3,1,3
2.02E+12,1,9,0,9,0,6,0,0,1,0,3,1,6,2,39,7,1560,2,1,6,1,6
2.02E+12,1,9,0,18,0,4,0,0,0,0,1,1,1,2,23,5,1461,2,10,5,1,5
2.02E+12,2,9,0,9,0,8,0,0,0,0,4,1,1,2,53,8,1000,1,4,10,1,10
2.02E+12,2,3,0,3,0,8,0,0,0,0,2,1,6,1,17,4,124,1,8,7,1,7
2.02E+12,1,9,0,18,0,8,0,0,0,0,1,1,6,2,22,5,999,1,3,9,1,9
2.02E+12,2,9,0,3,0,8,0,0,0,0,2,1,6,1,51,8,1910,2,13,2,1,2
2.02E+12,1,21,0,18,0,8,0,0,0,0,1,1,1,1,49,8,4580,2,1,7,2,7
2.02E+12,1,9,0,11,0,8,0,0,0,0,4,1,6,2,54,8,1587,1,7,6,1,6
2.02E+12,1,9,0,7,0,6,0,0,0,0,3,1,6,2,32,6,998,1,5,5,1,5
2.02E+12,2,11,0,18,0,8,0,0,0,0,1,1,1,1,37,7,8268,2,13,1,1,1
2.02E+12,1,9,0,9,0,8,0,0,0,0,3,1,3,2,31,6,998,1,10,7,1,7
2.02E+12,1,9,0,9,0,8,0,0,0,0,1,1,2,2,27,6,996,1,4,4,1,4
2.02E+12,1,9,0,9,0,8,0,0,0,0,1,1,6,1,19,4,1229,1,10,10,1,10
2.02E+12,2,3,0,18,0,8,0,0,0,0,2,1,6,1,28,6,124,1,3,1,1,1
2.02E+12,1,19,0,4,0,8,1,10,1,0,1,1,1,1,37,7,6693,2,3,7,1,7
2.02E+12,3,9,0,4,0,8,0,0,0,0,2,1,2,2,36,7,1461,2,7,9,1,9
2.02E+12,4,19,0,4,0,8,0,0,0,0,2,1,2,1,50,8,1753,2,10,8,1,8
2.02E+12,2,3,0,18,0,1,0,0,0,0,4,1,6,1,19,4,124,1,3,1,1,1
2.02E+12,1,9,0,18,0,1,1,0,0,0,1,1,2,2,22,5,1198,1,11,7,1,7
2.02E+12,2,3,0,18,0,8,0,0,0,0,4,1,6,1,20,4,125,1,1,1,1,1
2.02E+12,1,9,0,17,0,1,1,0,1,11,1,1,6,1,19,4,1910,2,11,1,1,1
2.02E+12,1,9,0,7,0,6,0,0,0,0,3,1,6,1,22,5,1596,1,6,6,1,6
2.02E+12,2,9,0,18,0,1,0,0,0,0,1,1,1,1,44,7,1910,2,9,1,1,1
2.02E+12,1,9,0,18,0,4,0,0,0,0,1,1,6,2,77,11,1956,2,1,9,1,9
2.02E+12,2,9,0,18,0,3,0,0,0,0,1,1,6,2,29,6,1242,1,4,1,1,1
2.02E+12,1,9,0,18,0,1,0,0,0,0,1,1,2,1,31,6,2987,2,7,8,1,8
2.02E+12,2,9,0,3,0,1,0,0,0,0,2,1,6,2,30,6,1390,1,12,1,1,1
2.02E+12,3,9,0,10,0,1,0,0,0,0,2,1,2,1,39,7,1560,2,5,8,1,8
2.02E+12,2,9,0,3,0,1,0,0,0,0,2,1,1,1,42,7,1298,2,12,7,2,7
2.02E+12,1,9,0,9,0,1,0,0,0,0,1,1,6,1,37,7,1360,1,12,2,1,2
2.02E+12,2,3,0,18,0,1,0,0,0,0,1,1,2,1,54,8,125,1,1,1,1,1
2.02E+12,1,9,0,14,0,5,0,0,0,0,0,1,6,1,88,11,1991,2,14,4,1,4
2.02E+12,2,4,0,18,0,1,0,0,0,0,0,1,6,1,48,8,124,1,13,4,1,4
2.02E+12,1,9,0,7,0,6,0,0,0,0,1,1,6,1,50,8,1988,1,15,4,1,4
2.02E+12,1,9,0,9,0,5,0,0,0,0,3,1,6,2,67,10,1248,1,3,5,1,5
2.02E+12,2,9,0,18,0,1,0,0,0,11,1,1,2,1,53,8,1364,1,12,3,1,3
2.02E+12,1,9,0,18,0,8,0,0,0,0,1,1,1,1,23,5,999,1,1,10,1,10
2.02E+12,2,19,0,18,0,8,0,0,0,1,4,1,1,1,56,9,1499,2,4,3,3,3
2.02E+12,1,9,0,18,0,1,0,0,0,0,1,1,6,1,45,7,1995,2,3,8,1,8
2.02E+12,2,9,0,18,0,8,0,0,0,0,1,1,6,1,33,6,998,1,1,2,1,2
2.02E+12,1,9,0,9,0,5,1,7,0,1,1,1,6,1,71,10,2987,2,4,10,1,10
2.02E+12,2,9,0,16,0,1,1,0,0,0,1,1,6,2,52,8,1422,2,7,6,3,6
2.02E+12,3,9,0,7,0,6,0,0,0,0,3,1,2,1,57,9,1995,2,1,10,1,10
2.02E+12,1,9,0,9,0,1,0,0,0,0,1,1,2,2,46,8,1332,1,12,5,2,5
2.02E+12,1,3,0,13,0,8,0,0,0,0,2,1,2,1,22,5,125,1,2,8,1,8
2.02E+12,2,9,0,7,9,5,0,0,0,0,1,1,2,1,30,6,1800,2,14,2,1,2
2.02E+12,1,9,0,6,0,1,0,0,0,0,3,1,1,1,34,6,1995,2,3,1,1,1
2.02E+12,2,9,0,18,0,8,0,10,0,0,1,1,6,2,78,11,1461,2,6,10,1,10
2.02E+12,1,9,0,9,9,5,0,0,1,0,1,1,6,1,29,6,998,1,11,4,1,4
2.02E+12,1,9,0,18,0,8,0,4,0,0,4,1,6,1,68,10,2993,2,2,7,3,7
2.02E+12,2,9,0,2,0,2,0,0,0,0,3,1,6,1,65,9,1242,1,6,7,1,7
2.02E+12,1,3,0,17,0,8,5,0,1,1,4,1,6,1,18,4,124,1,9,9,1,9
2.02E+12,1,9,0,17,0,4,0,0,0,0,1,1,2,2,35,6,1461,2,2,10,1,10
2.02E+12,1,9,0,18,0,1,0,0,0,0,1,1,6,2,46,8,1798,1,12,1,1,1
2.02E+12,2,9,0,9,0,2,0,0,0,0,3,1,6,2,23,5,1198,1,13,7,1,7
2.02E+12,1,9,0,9,0,5,0,0,0,0,1,1,2,1,66,10,2204,2,12,9,2,9
2.02E+12,1,9,0,18,0,8,1,0,8,11,1,1,6,1,63,9,1390,1,15,5,1,5
2.02E+12,1,9,0,18,0,2,0,0,0,0,2,1,2,1,46,8,2143,2,7,9,1,9
2.02E+12,2,9,0,18,0,2,0,0,0,0,2,1,2,1,33,6,1560,2,5,3,1,3
2.02E+12,3,9,0,18,0,2,0,0,0,0,1,1,2,1,32,6,1997,2,2,2,1,2
2.02E+12,1,9,0,9,0,8,0,0,0,0,3,1,2,1,19,4,1149,1,10,7,1,7
2.02E+12,1,9,0,5,0,1,0,0,0,0,1,2,6,1,79,11,1998,1,13,9,3,9
2.02E+12,2,9,0,18,0,8,0,0,0,0,3,2,6,1,35,6,2000,2,7,6,2,6
2.02E+12,3,9,0,4,0,1,0,0,0,0,1,2,6,1,50,8,1598,2,6,8,3,8
2.02E+12,1,9,0,3,0,1,0,0,0,0,1,1,6,1,62,9,2993,2,1,10,1,10
2.02E+12,2,9,0,3,0,4,0,0,0,0,2,1,6,2,26,6,1999,2,1,8,1,8
2.02E+12,1,9,0,5,0,2,0,0,0,0,1,1,3,2,52,8,1598,1,4,8,3,8
2.02E+12,1,9,0,9,0,1,0,0,0,0,4,1,6,2,57,9,1968,2,12,1,1,1
2.02E+12,2,9,0,7,0,2,0,0,0,0,3,1,6,1,50,8,1461,2,3,2,1,2
2.02E+12,1,9,0,9,0,6,0,0,0,0,1,1,6,2,17,4,1360,1,11,7,3,7
2.02E+12,2,9,0,18,0,8,0,0,0,0,3,1,6,2,84,11,998,1,15,5,3,5
2.02E+12,2,9,0,18,0,1,0,0,1,10,1,1,6,1,57,9,1495,1,8,9,2,9
2.02E+12,1,9,0,7,0,6,0,0,0,0,1,1,2,1,50,8,1984,1,1,8,1,8
2.02E+12,2,19,0,18,0,8,0,0,0,0,4,1,1,1,55,8,2287,2,4,8,1,8
2.02E+12,1,9,0,9,0,1,0,0,0,0,1,1,6,1,34,6,1396,1,16,2,1,2
2.02E+12,1,9,0,9,0,6,0,0,0,0,1,1,6,2,39,7,1997,1,1,2,1,2
2.02E+12,2,3,0,18,0,8,0,0,0,0,3,1,6,1,49,8,125,1,6,2,1,2
2.02E+12,1,9,0,9,0,5,0,0,0,0,1,1,6,1,60,9,2987,2,8,10,1,10
2.02E+12,1,9,0,18,0,4,0,0,0,0,1,1,6,2,25,5,1798,1,10,9,1,9
2.02E+12,2,9,0,3,0,4,0,0,0,0,2,1,6,2,65,9,1997,2,18,4,1,4
2.02E+12,1,9,0,6,0,8,0,10,0,0,0,1,2,1,39,7,2204,2,13,1,1,1
2.02E+12,2,9,0,18,0,2,0,0,0,0,1,1,6,1,59,9,1349,1,7,9,3,9
2.02E+12,3,9,0,18,0,1,0,0,1,0,1,1,6,2,71,10,1360,1,15,5,1,5
2.02E+12,4,9,0,18,0,1,0,0,0,0,1,1,2,2,26,6,1197,1,2,6,1,6
2.02E+12,1,9,0,7,0,8,0,0,0,0,1,1,2,1,18,4,1956,2,7,9,2,9
2.02E+12,1,9,0,17,0,3,0,0,3,0,3,1,6,2,41,7,1598,1,9,5,1,5
2.02E+12,2,9,0,17,0,3,0,0,0,0,4,1,6,1,26,6,1598,1,11,1,1,1
2.02E+12,1,2,0,18,0,8,0,0,0,0,0,1,6,1,16,4,49,1,2,5,1,5
2.02E+12,1,9,0,7,0,5,0,0,0,0,4,1,6,2,83,11,998,1,7,6,1,6
2.02E+12,1,9,0,18,0,8,0,0,0,0,1,1,6,1,18,4,1149,1,14,10,1,10
2.02E+12,1,9,0,18,0,1,0,0,0,0,1,1,6,1,87,11,1497,1,11,8,1,8
2.02E+12,2,9,0,3,0,8,0,0,0,0,2,1,6,1,23,5,1197,1,6,4,1,4
2.02E+12,1,9,0,4,0,1,0,0,0,0,0,1,6,1,20,4,1398,1,3,3,2,3
2.02E+12,1,9,0,7,0,6,0,0,0,0,1,1,6,1,64,9,1586,1,3,6,2,6
2.02E+12,1,9,0,18,0,1,0,0,0,0,1,1,6,2,22,5,1560,2,3,3,1,3
2.02E+12,2,9,0,3,0,1,0,0,0,0,2,1,6,2,23,5,1598,1,14,7,1,7
2.02E+12,1,9,0,1,0,1,0,0,0,0,2,1,6,1,34,6,1598,2,4,8,1,8
2.02E+12,3,9,0,18,0,8,0,0,0,0,3,1,2,1,21,5,1461,2,1,9,1,9
2.02E+12,1,9,0,10,0,5,0,0,0,0,1,1,6,2,43,7,1395,1,2,8,1,8
2.02E+12,2,9,0,18,0,8,0,0,0,0,1,1,6,1,28,6,1910,2,9,4,1,4
2.02E+12,3,9,0,18,0,1,0,0,0,0,4,1,6,2,44,7,1999,2,1,9,3,9
2.02E+12,1,9,0,16,0,3,1,10,1,9,1,1,6,1,74,10,1968,2,1,7,1,7
2.02E+12,1,9,0,18,0,1,0,0,0,0,1,1,6,1,40,7,1896,2,9,8,3,8
2.02E+12,2,9,0,10,0,1,0,0,0,0,2,1,6,2,61,9,1997,2,11,7,1,7
2.02E+12,1,9,0,9,0,6,0,0,0,0,3,1,2,2,29,6,1199,1,14,3,1,3
2.02E+12,2,9,0,18,0,8,0,0,0,0,1,1,2,1,44,7,998,1,2,7,1,7
2.02E+12,2,9,0,18,0,8,0,0,0,0,3,1,6,1,23,5,2143,2,4,8,1,8
2.02E+12,1,9,0,18,0,8,0,0,0,0,1,1,2,1,45,7,1461,2,5,6,1,6
2.02E+12,1,9,0,18,0,2,0,0,0,0,0,1,2,1,34,6,1242,1,11,6,1,6
2.02E+12,1,9,0,9,0,5,0,0,7,2,4,1,2,1,19,4,1242,1,14,10,2,10
2.02E+12,2,9,0,18,0,1,0,0,1,2,1,1,2,2,41,7,2143,2,2,6,1,6
2.02E+12,1,9,0,9,0,1,0,0,0,0,1,1,6,2,51,8,1896,2,14,9,1,9
2.02E+12,2,9,0,18,0,1,0,0,1,0,1,1,1,2,46,8,1995,2,3,10,2,10
2.02E+12,3,9,0,18,0,1,0,0,0,0,2,1,6,2,17,4,996,1,8,9,1,9
2.02E+12,1,9,0,14,0,2,0,4,0,0,1,1,6,1,27,6,1275,1,18,3,1,3
2.02E+12,2,9,0,2,0,2,0,0,0,0,2,1,6,2,57,9,1796,1,16,6,2,6
2.02E+12,1,11,0,5,0,6,0,0,0,0,3,1,1,1,44,7,3900,2,10,9,2,9
2.02E+12,2,11,0,18,0,1,0,0,0,0,1,1,1,1,51,8,4260,2,13,2,1,2
2.02E+12,1,9,0,9,0,6,0,0,1,0,1,1,6,2,18,4,1598,1,14,9,3,9
2.02E+12,2,9,0,18,0,1,0,0,1,0,1,1,6,1,61,9,1461,2,3,8,2,8
2.02E+12,1,9,0,7,0,6,0,0,0,0,3,1,6,1,45,7,1299,1,14,7,3,7
2.02E+12,2,9,0,18,0,1,0,0,0,0,1,1,2,1,22,5,1956,2,6,2,1,2
2.02E+12,1,9,0,5,9,6,0,0,0,0,4,1,6,2,34,6,2967,2,11,9,1,9
2.02E+12,1,9,0,16,0,1,1,0,7,0,0,1,1,2,32,6,1364,1,12,3,1,3
2.02E+12,2,19,0,4,0,1,0,0,0,0,2,1,2,1,53,8,1560,2,7,6,1,6
2.02E+12,2,9,0,18,0,8,0,0,0,0,4,1,6,1,53,8,1596,1,13,2,1,2
2.02E+12,1,9,0,7,0,8,0,0,0,0,1,1,6,2,20,4,1229,1,3,6,1,6
2.02E+12,2,9,0,18,0,1,0,4,0,0,4,1,6,2,40,7,1461,2,10,4,2,4
2.02E+12,3,9,0,2,0,2,0,0,0,0,2,1,6,1,50,8,1560,2,1,3,1,3
2.02E+12,1,5,0,18,0,3,0,10,0,0,1,1,2,1,31,6,645,1,13,8,1,8
2.02E+12,1,9,0,18,0,1,0,0,0,0,1,1,6,1,78,11,1197,1,3,9,2,9
2.02E+12,2,19,0,4,0,1,0,0,0,0,2,1,2,1,20,4,2198,2,4,4,1,4
2.02E+12,1,19,0,16,0,1,0,0,0,0,1,1,1,1,49,8,1560,2,9,5,3,5
2.02E+12,2,9,0,17,0,1,0,0,0,0,1,1,2,1,52,8,1951,2,14,6,3,6
2.02E+12,1,9,0,5,0,8,0,0,0,0,1,1,6,2,31,6,1598,1,12,1,1,1
2.02E+12,1,9,0,18,0,8,0,0,0,0,3,1,2,2,23,5,998,1,10,5,1,5
2.02E+12,1,9,0,18,0,1,0,0,0,0,1,1,6,1,22,5,1968,2,11,9,1,9
2.02E+12,2,9,0,18,0,1,0,0,0,0,2,1,6,1,58,9,1794,1,11,3,1,3
2.02E+12,1,9,0,18,0,4,0,0,0,0,1,1,6,2,31,6,1686,2,3,2,1,2
2.02E+12,2,9,0,18,0,4,0,0,0,0,2,1,6,1,49,8,998,1,4,1,1,1
2.02E+12,1,9,0,18,0,2,1,0,0,0,1,1,6,1,29,6,1910,2,9,2,1,2
2.02E+12,2,9,0,18,0,1,0,0,0,0,1,1,1,1,49,8,1360,1,16,2,1,2
2.02E+12,1,9,0,16,0,4,0,0,0,0,1,1,6,1,43,7,1598,1,7,1,1,1
2.02E+12,1,9,0,5,0,6,0,0,0,0,4,1,1,1,61,9,1968,2,5,3,1,3
2.02E+12,2,9,0,18,0,8,0,0,0,0,1,1,3,1,46,8,2521,1,14,3,1,3
2.02E+12,1,9,0,18,0,1,0,0,0,0,1,1,6,1,28,6,2495,2,24,6,3,6
2.02E+12,2,9,0,3,0,1,0,0,0,0,2,1,6,2,27,6,1753,2,10,7,1,7