Accident_Index,Vehicle_Reference,Vehicle_Type,Towing_and_Articulation,Vehicle_Manoeuvre,Vehicle_Location-Restricted_Lane,Junction_Location,Skidding_and_Overturning,Hit_Object_in_Carriageway,Vehicle_Leaving_Carriageway,Hit_Object_off_Carriageway,1st_Point_of_Impact,Was_Vehicle_Left_Hand_Drive?,Journey_Purpose_of_Driver,Sex_of_Driver,Age_of_Driver,Age_Band_of_Driver,Engine_Capacity_(CC),Propulsion_Code,Age_of_Vehicle,Driver_IMD_Decile,Driver_Home_Area_Type,Vehicle_IMD_Decile
2.02E+12,1,9,0,9,0,8,0,0,0,0,1,1,6,2,65,9,1984,1,2,10,1,10
2.02E+12,2,9,0,9,0,8,0,0,0,0,3,1,3,2,42,7,2967,2,2,10,1,10
2.02E+12,2,9,0,3,0,1,0,0,0,0,2,1,1,2,24,5,1999,2,1,2,1,2
2.02E+12,1,9,0,18,0,2,0,0,0,0,1,1,6,1,20,4,1364,1,9,9,1,9
2.02E+12,1,9,0,8,0,6,0,0,0,0,1,1,6,1,67,10,2720,2,8,8,1,8
2.02E+12,2,9,0,18,0,8,0,0,0,0,1,1,6,2,34,6,1997,2,9,3,1,3
2.02E+12,1,9,0,17,0,2,1,10,1,11,1,1,2,2,27,6,1388,1,7,5,1,5
2.02E+12,1,9,0,17,0,1,2,0,7,11,1,1,1,2,22,5,1598,1,14,6,2,6
2.02E+12,1,9,0,9,0,1,0,0,0,0,1,1,6,2,18,4,796,1,15,9,1,9
2.02E+12,2,9,0,18,0,1,0,0,0,0,1,1,6,1,27,6,1598,1,10,5,3,5
2.02E+12,1,9,0,9,0,6,0,0,0,0,3,1,6,2,47,8,1242,1,7,2,1,2
2.02E+12,2,2,0,18,0,8,0,0,0,0,1,1,6,1,20,4,114,1,3,5,3,5
2.02E+12,1,4,0,9,0,8,0,0,0,0,1,1,6,1,20,4,124,1,1,10,2,10
2.02E+12,2,19,0,18,0,1,0,0,0,0,1,1,2,1,39,7,2198,2,1,1,1,1
2.02E+12,1,9,0,18,0,6,0,0,0,0,1,1,6,1,69,10,1968,2,3,8,1,8
2.02E+12,2,9,0,18,0,8,0,0,8,11,1,1,6,1,47,8,2204,2,10,4,1,4
2.02E+12,1,9,0,18,0,2,0,0,0,0,4,1,6,1,26,6,1124,1,14,4,1,4
2.02E+12,1,19,0,17,0,2,1,0,7,1,1,1,1,1,44,7,2402,2,12,1,1,1
2.02E+12,1,9,0,17,0,2,0,0,7,10,1,1,6,1,27,6,1596,1,15,8,2,8
2.02E+12,1,9,0,9,0,8,0,0,0,0,4,1,6,2,45,7,1870,2,12,6,1,6
2.02E+12,2,9,0,18,0,1,0,0,0,0,1,1,6,1,37,7,1995,2,12,2,1,2
2.02E+12,1,9,0,7,0,5,5,0,1,4,1,1,6,2,37,7,1799,1,9,4,1,4
2.02E+12,1,9,0,9,0,5,5,10,8,0,3,1,6,2,37,7,1240,1,13,5,1,5
2.02E+12,1,9,0,18,0,6,0,0,3,11,1,1,6,1,36,7,1388,1,13,1,1,1
2.02E+12,1,21,1,14,0,1,0,0,0,0,1,1,1,1,64,9,12777,2,6,6,3,6
2.02E+12,2,9,0,18,0,1,0,0,0,0,3,1,6,2,42,7,1461,2,2,3,1,3
2.02E+12,1,9,0,4,0,2,0,0,0,0,1,1,6,1,18,4,1395,1,4,9,1,9
2.02E+12,2,9,0,18,0,2,0,0,0,0,3,1,6,1,34,6,1390,1,3,10,1,10
2.02E+12,3,9,0,18,0,2,0,0,0,0,1,1,6,2,33,6,1995,2,3,3,1,3
2.02E+12,4,9,0,18,0,2,0,0,0,0,0,1,6,1,44,7,1796,1,14,4,1,4
2.02E+12,1,9,0,18,0,8,0,0,0,0,1,1,1,1,38,7,2143,2,3,8,1,8
2.02E+12,2,3,0,9,0,8,0,0,0,0,1,1,6,1,33,6,125,1,13,5,3,5
2.02E+12,1,9,0,5,0,2,0,0,0,0,4,1,6,2,36,7,1360,1,9,6,1,6
2.02E+12,2,9,0,18,0,1,0,0,0,0,1,1,6,2,64,9,1397,1,8,7,1,7
2.02E+12,1,9,0,7,0,8,1,0,1,4,1,1,6,1,23,5,1229,1,7,9,2,9
2.02E+12,1,9,0,5,0,8,0,0,0,0,4,1,6,1,65,9,1499,1,1,2,1,2
2.02E+12,1,9,0,9,0,8,0,0,0,0,1,1,6,1,74,10,1398,1,7,10,1,10
2.02E+12,1,9,0,5,0,1,0,0,0,0,1,1,6,2,48,8,1560,2,13,10,1,10
2.02E+12,2,5,0,3,0,1,0,0,0,0,2,1,6,1,52,8,1520,1,15,9,1,9
2.02E+12,1,9,0,18,0,8,0,0,0,0,4,1,6,2,62,9,1242,1,3,6,1,6
2.02E+12,1,9,0,5,0,6,0,0,0,0,3,1,6,1,21,5,1149,1,1,5,3,5
2.02E+12,1,9,0,18,0,8,0,0,0,0,1,1,6,1,29,6,1984,1,9,3,1,3
2.02E+12,2,21,0,12,0,7,0,0,0,0,2,1,1,1,50,8,6693,2,4,2,1,2
2.02E+12,1,9,0,9,0,8,0,0,0,0,4,1,1,1,45,7,2987,2,10,7,2,7
2.02E+12,2,9,0,18,0,8,0,0,0,0,1,1,6,1,42,7,1461,2,4,9,2,9
2.02E+12,2,9,0,18,0,1,0,0,0,0,1,2,6,1,60,9,1587,1,15,6,1,6
2.02E+12,2,9,0,18,0,8,0,0,0,0,3,1,6,1,52,8,1598,1,15,5,1,5
2.02E+12,1,5,0,9,0,1,1,0,0,0,0,1,6,1,51,8,645,1,2,5,1,5
2.02E+12,2,9,0,18,0,1,0,0,0,0,3,1,6,2,45,7,1998,1,13,8,1,8
2.02E+12,3,9,0,2,0,2,0,0,0,0,2,1,6,1,53,8,1968,2,1,5,1,5
2.02E+12,1,3,0,16,0,1,0,0,0,0,1,1,6,1,36,7,125,1,8,2,1,2
2.02E+12,2,19,0,17,0,1,0,0,0,0,1,1,6,1,44,7,1560,2,3,6,1,6
2.02E+12,1,9,0,18,0,8,0,0,0,0,1,1,1,2,54,8,1596,1,14,5,1,5
2.02E+12,2,9,0,5,0,8,0,0,0,0,1,1,6,1,24,5,1598,2,2,1,1,1
2.02E+12,1,9,0,4,0,1,0,0,0,0,1,1,6,2,72,10,1198,1,4,1,1,1
2.02E+12,2,9,0,3,0,1,0,0,0,0,2,1,6,1,45,7,1199,1,15,1,1,1
2.02E+12,2,9,0,4,0,4,0,0,0,0,1,1,2,2,61,9,1349,1,6,3,1,3
2.02E+12,1,9,0,9,0,2,0,8,0,0,1,1,3,2,63,9,1229,1,8,1,1,1
2.02E+12,1,9,0,5,0,1,0,0,0,0,1,1,6,2,85,11,1242,1,8,10,1,10
2.02E+12,2,9,0,5,0,1,0,0,0,0,2,1,6,2,54,8,1299,1,14,3,1,3
2.02E+12,3,9,0,5,0,1,0,0,0,0,2,1,6,1,51,8,1686,2,5,7,3,7
2.02E+12,1,9,0,14,0,2,0,0,0,0,4,2,6,1,72,10,1596,1,11,6,1,6
2.02E+12,2,9,0,4,0,2,0,0,0,0,3,2,6,2,61,9,898,1,1,8,1,8
2.02E+12,1,9,0,18,0,8,0,0,0,0,1,1,6,2,57,9,1349,1,6,9,1,9
2.02E+12,2,9,0,18,0,8,0,0,0,0,1,1,6,1,42,7,1910,2,9,5,1,5
2.02E+12,1,9,0,18,0,1,1,0,7,2,1,1,2,2,25,5,2521,1,7,4,1,4
2.02E+12,2,20,0,18,0,1,0,0,0,0,2,1,2,1,28,6,7790,2,7,7,1,7
2.02E+12,3,9,0,18,0,1,1,0,1,2,1,1,2,1,59,9,1796,1,21,1,1,1
2.02E+12,2,9,0,18,0,8,0,0,0,0,2,1,2,2,25,5,1199,1,16,7,1,7
2.02E+12,1,9,0,9,0,1,0,0,0,0,1,1,6,2,52,8,1399,1,12,9,1,9
2.02E+12,2,9,0,17,0,1,0,0,0,0,1,1,6,2,65,9,1560,2,10,8,1,8
2.02E+12,1,19,0,1,0,6,0,4,0,0,2,1,6,1,52,8,1686,2,9,8,1,8
2.02E+12,2,21,0,2,0,2,0,0,0,0,2,1,1,1,63,9,4500,2,1,4,1,4
2.02E+12,1,21,0,4,0,1,0,0,5,6,1,1,1,1,31,6,12913,2,11,2,1,2
2.02E+12,2,9,0,3,0,1,0,0,0,0,2,1,6,2,22,5,1598,1,1,3,1,3
2.02E+12,2,9,0,18,0,8,0,0,0,0,4,1,1,2,37,7,2494,8,3,1,1,1
2.02E+12,1,19,0,4,0,1,0,0,0,0,1,1,1,1,29,6,2148,2,9,4,1,4
2.02E+12,2,9,0,4,0,1,0,0,0,0,2,1,1,2,49,8,1686,2,13,7,1,7
2.02E+12,3,9,0,4,0,1,0,0,0,0,2,1,6,1,65,9,1598,1,2,10,1,10
2.02E+12,4,9,0,4,0,1,0,0,0,0,2,1,6,2,56,9,1598,1,15,4,1,4
2.02E+12,1,4,0,9,0,1,0,0,0,0,3,1,1,1,52,8,249,1,8,6,1,6
2.02E+12,2,9,0,17,0,6,0,0,0,0,1,1,6,2,82,11,1396,1,4,9,2,9
2.02E+12,2,9,0,3,0,1,0,0,0,0,2,1,6,2,63,9,1598,1,3,9,1,9
2.02E+12,1,9,0,5,0,1,0,0,0,0,1,1,6,1,31,6,2993,2,9,4,1,4
2.02E+12,2,9,0,3,0,1,0,0,0,0,2,1,6,1,40,7,2993,2,1,10,1,10
2.02E+12,1,9,0,18,0,1,0,0,0,0,1,1,6,1,33,6,1598,1,2,1,1,1
2.02E+12,1,3,0,4,0,1,1,0,0,0,0,1,2,1,33,6,125,1,2,4,1,4
2.02E+12,1,9,0,9,0,4,0,0,0,0,1,1,6,1,25,5,1685,2,2,9,1,9
2.02E+12,2,9,0,9,0,4,0,0,0,0,3,1,6,1,74,10,1997,2,9,1,1,1
2.02E+12,1,9,0,9,0,5,0,0,0,0,1,1,6,1,26,6,1598,1,10,4,1,4
2.02E+12,1,9,0,13,0,1,0,0,0,0,1,1,6,1,51,8,1995,2,2,10,3,10
2.02E+12,2,9,0,9,0,5,0,0,0,0,3,1,6,2,35,6,1598,2,3,8,3,8
2.02E+12,1,9,0,18,0,8,1,0,0,0,1,1,6,1,36,7,1798,1,10,5,1,5
2.02E+12,2,9,0,18,0,8,1,0,0,0,1,1,6,1,48,8,2184,2,12,4,1,4
2.02E+12,1,9,0,9,0,8,0,0,0,0,3,1,2,1,28,6,1560,2,7,3,1,3
2.02E+12,2,3,0,18,0,1,2,0,0,0,1,1,2,1,54,8,125,1,6,6,1,6
2.02E+12,1,9,0,18,0,1,0,0,0,0,4,1,1,1,22,5,998,1,5,10,1,10
2.02E+12,1,9,0,8,0,1,0,0,0,0,0,1,6,1,67,10,1956,2,3,8,1,8
2.02E+12,1,9,0,5,0,4,0,0,0,0,1,1,6,1,56,9,1498,1,9,9,1,9
2.02E+12,2,9,0,5,0,4,0,0,0,0,2,1,6,2,40,7,1399,2,15,7,1,7
2.02E+12,1,19,0,9,0,8,0,0,0,0,4,1,1,1,31,6,2402,2,6,7,1,7
2.02E+12,2,9,0,17,0,1,0,0,0,0,1,1,1,2,52,8,1997,2,1,10,1,10
2.02E+12,2,9,0,18,0,1,0,0,0,0,2,1,6,2,30,6,1896,2,10,2,1,2
2.02E+12,1,9,0,9,0,2,0,0,0,0,3,1,6,2,18,4,1598,1,8,10,2,10
2.02E+12,2,9,0,18,0,1,0,0,0,0,1,1,6,2,57,9,998,1,1,3,1,3
2.02E+12,1,9,0,18,0,2,0,0,0,0,1,1,6,2,48,8,1997,2,9,8,1,8
2.02E+12,2,9,0,18,0,1,0,0,0,0,1,1,6,1,62,9,647,8,2,10,1,10
2.02E+12,1,9,0,18,0,1,0,0,0,0,0,1,6,1,73,10,1968,2,2,10,1,10
2.02E+12,1,9,0,9,0,1,0,0,0,0,1,1,6,1,44,7,2495,2,13,6,3,6
2.02E+12,2,9,0,18,0,1,0,0,0,0,1,1,6,1,39,7,1968,2,3,3,1,3
2.02E+12,1,9,0,9,0,1,0,0,0,0,1,1,2,2,50,8,4244,1,9,10,1,10
2.02E+12,1,19,0,9,0,8,0,0,0,0,1,1,6,1,27,6,1753,2,4,7,1,7
2.02E+12,2,9,0,18,0,8,0,0,0,0,1,1,6,1,77,11,1398,1,7,7,1,7
2.02E+12,1,9,0,18,0,1,0,0,0,0,1,1,6,1,74,10,1242,1,3,9,1,9
2.02E+12,1,9,0,1,0,1,0,0,0,0,4,1,6,1,29,6,1995,2,2,1,1,1
2.02E+12,1,9,0,9,0,8,0,0,0,0,1,1,6,1,31,6,999,1,7,10,1,10
2.02E+12,1,9,0,18,0,2,0,0,0,0,4,1,4,1,37,7,1956,2,5,3,1,3
2.02E+12,1,9,0,9,0,5,0,0,0,0,1,1,6,1,27,6,1390,1,7,8,1,8
2.02E+12,2,19,0,18,0,1,0,0,0,0,1,1,1,1,39,7,2402,2,6,1,1,1
2.02E+12,3,9,0,8,0,1,0,0,0,0,1,1,6,2,47,8,999,1,2,4,1,4
2.02E+12,1,9,0,9,0,1,0,0,0,0,3,1,6,1,28,6,1461,2,8,2,1,2
2.02E+12,2,9,0,18,0,8,0,0,0,0,1,1,6,1,47,8,1910,2,10,10,1,10
2.02E+12,1,9,0,9,0,1,0,0,0,0,4,1,6,2,63,9,1498,1,3,3,1,3
2.02E+12,2,9,0,18,0,1,0,0,0,0,1,1,6,1,22,5,1968,2,6,8,1,8
2.02E+12,1,5,0,17,0,1,1,0,1,0,4,1,6,1,41,7,998,1,13,2,1,2
2.02E+12,1,9,0,9,0,8,0,0,0,0,4,1,6,1,18,4,1229,1,11,6,1,6
2.02E+12,2,9,0,18,0,1,0,0,0,0,1,1,1,1,44,7,1422,2,8,6,1,6
2.02E+12,1,9,0,8,0,1,0,0,0,0,1,1,2,1,59,9,1461,2,5,8,1,8
2.02E+12,2,4,0,16,0,1,0,0,0,0,1,1,2,1,22,5,675,1,4,2,1,2
2.02E+12,1,9,0,17,0,8,0,0,0,0,4,1,6,1,47,8,2979,1,1,8,1,8
2.02E+12,2,9,0,10,0,8,0,0,0,0,1,1,6,1,49,8,1364,1,2,2,1,2
2.02E+12,2,5,0,3,0,1,0,0,0,0,3,1,6,1,49,8,899,1,19,1,1,1
2.02E+12,1,9,0,18,0,8,0,0,0,0,1,1,6,1,51,8,973,1,16,1,1,1
2.02E+12,1,19,0,18,0,4,0,0,1,1,1,1,1,1,34,6,1560,2,2,8,1,8
2.02E+12,2,9,0,18,0,8,0,0,7,11,4,1,2,2,50,8,998,1,9,3,1,3
2.02E+12,1,17,4,9,0,8,1,0,0,0,3,1,6,1,35,6,6788,2,2,9,2,9
2.02E+12,2,3,0,18,0,8,0,0,0,0,1,1,6,1,28,6,124,1,15,6,1,6
2.02E+12,1,4,0,18,0,8,5,0,7,10,1,1,6,1,56,9,1340,1,19,1,1,1
2.02E+12,2,9,0,8,0,1,0,0,0,0,4,1,6,2,30,6,1198,1,7,2,1,2
2.02E+12,1,9,0,5,0,6,0,0,0,0,3,1,6,2,49,8,1598,1,9,1,1,1
2.02E+12,2,9,0,18,0,8,0,0,0,0,1,1,2,1,25,5,1596,1,12,8,3,8
2.02E+12,1,9,0,9,0,1,0,0,0,0,1,1,6,1,75,10,1586,1,11,10,1,10
2.02E+12,1,19,0,7,0,1,0,0,0,0,1,1,1,1,56,9,2198,2,1,5,1,5
2.02E+12,2,9,0,7,0,6,0,0,0,0,2,1,6,1,19,4,899,1,4,10,1,10
2.02E+12,1,9,0,18,0,1,0,0,0,0,4,1,1,1,35,6,899,1,22,7,1,7
2.02E+12,2,9,0,7,0,6,0,0,0,0,3,1,4,1,18,4,1368,1,10,7,1,7
2.02E+12,2,9,0,18,0,1,0,0,0,0,3,1,6,3,28,6,1995,2,7,2,1,2
2.02E+12,1,3,0,4,0,1,1,0,0,0,0,1,2,1,17,4,125,1,1,5,2,5
2.02E+12,1,9,0,1,0,1,0,0,7,2,1,1,6,1,71,10,1248,2,12,7,1,7
2.02E+12,1,9,0,9,0,1,0,0,0,0,1,1,6,1,24,5,1390,1,11,3,1,3
2.02E+12,2,9,0,18,0,1,0,0,0,0,1,1,6,1,21,5,1198,1,9,1,1,1
2.02E+12,3,9,0,9,0,1,0,0,0,0,1,1,6,2,70,10,1560,2,7,8,1,8
2.02E+12,1,9,0,2,0,1,0,0,0,0,3,1,6,2,56,9,1197,1,4,2,1,2
2.02E+12,1,9,0,18,0,3,1,0,1,2,1,1,6,1,31,6,998,1,17,3,1,3
2.02E+12,1,9,0,2,0,2,0,0,0,0,0,1,6,1,20,4,1364,1,11,2,1,2
2.02E+12,1,9,0,4,0,1,1,10,7,7,1,1,2,1,25,5,1968,2,8,4,1,4
2.02E+12,2,9,0,18,0,2,0,0,0,0,3,1,6,2,54,8,2179,2,7,8,1,8
2.02E+12,1,9,0,9,0,8,0,0,0,0,3,1,6,1,70,10,1388,1,9,1,1,1
2.02E+12,2,8,0,18,0,1,0,0,0,0,1,1,1,2,54,8,2499,2,7,5,1,5
2.02E+12,1,9,0,9,0,8,0,0,0,0,1,1,6,1,70,10,1685,2,2,1,1,1
2.02E+12,2,9,0,9,0,8,0,0,0,0,4,1,6,1,20,4,1390,1,5,3,1,3
2.02E+12,1,9,0,7,0,4,0,0,0,0,1,1,1,2,20,4,1240,1,12,4,1,4
2.02E+12,2,9,0,18,0,3,0,0,0,0,4,1,6,2,57,9,1248,2,7,5,1,5
2.02E+12,2,9,0,17,0,8,0,0,0,0,3,1,6,1,18,4,1149,1,12,9,1,9
2.02E+12,1,9,0,16,0,1,2,10,1,1,1,1,6,1,18,4,1299,1,12,4,1,4
2.02E+12,2,9,0,5,0,8,0,0,0,0,3,1,2,1,23,5,2000,2,7,2,1,2
2.02E+12,1,9,0,9,0,6,0,0,0,0,3,1,1,1,25,5,1248,2,10,1,1,1
2.02E+12,2,9,0,18,0,1,0,0,0,0,1,1,6,1,19,4,2967,2,3,8,1,8
2.02E+12,1,9,0,9,0,8,0,0,0,0,3,1,1,2,78,11,996,1,8,7,1,7
2.02E+12,2,9,0,9,0,8,0,0,0,0,2,1,6,1,22,5,1590,1,14,2,1,2
2.02E+12,1,9,0,18,0,8,0,0,7,7,4,1,2,2,36,7,1360,1,10,3,2,3
2.02E+12,2,9,0,9,0,8,0,0,0,0,1,1,2,1,27,6,1149,1,10,1,1,1
2.02E+12,2,9,0,18,0,1,0,0,0,0,3,1,6,2,26,6,1598,1,7,2,1,2
2.02E+12,1,9,0,18,0,1,0,0,0,0,1,1,2,1,23,5,1396,1,16,4,1,4
2.02E+12,2,19,0,3,0,1,0,0,0,0,2,1,1,1,26,6,1598,2,2,7,1,7
2.02E+12,3,19,0,3,0,1,0,0,0,0,2,1,1,1,26,6,2198,2,2,1,1,1
2.02E+12,1,9,0,9,0,8,0,0,0,0,4,1,6,1,42,7,1596,1,9,1,1,1
2.02E+12,2,9,0,18,0,8,0,0,0,0,1,1,6,2,58,9,1498,1,16,8,1,8
2.02E+12,1,19,0,16,0,8,1,0,0,0,1,1,1,1,22,5,2198,2,10,8,3,8
2.02E+12,2,9,0,7,0,8,0,0,0,0,4,1,6,2,42,7,1598,2,1,8,1,8
2.02E+12,1,9,0,3,0,1,0,0,0,0,4,1,6,2,42,7,2179,2,8,3,1,3
2.02E+12,2,9,0,8,0,6,0,0,0,0,1,1,6,2,47,8,1685,2,2,2,1,2
2.02E+12,1,9,0,9,0,8,0,0,0,0,3,1,6,2,72,10,1499,2,2,10,1,10
2.02E+12,1,9,0,18,0,2,0,0,0,0,1,1,6,2,29,6,1560,2,9,2,1,2
2.02E+12,2,9,0,3,0,8,0,0,0,0,1,1,6,1,35,6,1796,1,10,2,1,2
2.02E+12,1,9,0,4,0,8,0,0,0,0,1,2,6,2,23,5,2143,2,1,8,1,8
2.02E+12,2,8,0,18,0,8,0,0,0,0,4,2,1,1,47,8,1598,2,4,2,1,2
2.02E+12,1,9,0,7,0,1,0,0,0,0,1,1,6,2,46,8,1995,1,9,8,1,8
2.02E+12,1,9,0,5,0,1,0,0,0,0,3,1,6,1,70,10,1968,2,5,8,3,8
2.02E+12,1,9,0,9,0,6,0,0,0,0,1,1,6,1,28,6,1596,1,8,4,1,4
2.02E+12,1,9,0,9,0,6,0,0,0,0,1,1,1,1,58,9,2499,1,10,7,1,7
2.02E+12,1,8,0,5,0,4,0,0,0,0,3,1,6,1,66,10,1753,2,9,4,1,4
2.02E+12,1,4,0,9,0,8,0,0,0,0,3,1,2,1,26,6,124,1,8,7,1,7
2.02E+12,2,9,0,18,0,8,0,0,0,0,1,1,6,1,50,8,2143,2,3,9,3,9
2.02E+12,1,9,0,9,0,1,0,0,0,0,4,1,6,2,44,7,1240,1,14,1,1,1
2.02E+12,2,3,0,18,0,1,0,0,0,0,1,1,6,1,50,8,124,1,3,8,2,8
2.02E+12,1,9,0,10,0,1,0,0,0,0,1,1,6,2,44,7,1339,8,6,10,2,10
2.02E+12,2,3,0,18,0,1,0,0,0,0,1,1,6,1,19,4,124,1,4,3,1,3
2.02E+12,1,9,0,4,0,4,0,0,0,0,1,1,6,2,24,5,1229,1,3,8,1,8
2.02E+12,1,9,0,5,0,2,0,0,0,0,1,1,6,1,44,7,1984,1,6,8,2,8
2.02E+12,2,9,0,18,0,8,0,0,0,0,1,1,6,1,25,5,1956,2,2,1,1,1
2.02E+12,1,9,0,16,0,1,5,0,7,9,3,1,6,2,19,4,1199,1,14,10,1,10
2.02E+12,1,9,0,8,0,1,0,0,0,0,2,1,3,2,31,6,1997,2,1,9,1,9
2.02E+12,2,19,0,5,0,1,0,0,0,0,1,1,1,1,27,6,1598,2,2,7,1,7
2.02E+12,1,9,0,9,0,6,0,0,0,0,1,1,6,2,31,6,1360,1,15,8,1,8
2.02E+12,2,9,0,7,0,5,0,0,0,0,4,1,6,1,86,11,998,1,3,10,1,10
2.02E+12,1,9,0,1,0,1,0,0,0,0,2,1,6,2,53,8,1956,2,2,8,1,8
2.02E+12,1,9,0,9,0,5,0,0,0,0,1,1,6,2,18,4,1398,2,15,7,2,7
2.02E+12,2,9,0,18,0,1,0,0,0,0,1,1,6,1,56,9,1968,2,6,9,1,9
2.02E+12,1,9,0,5,0,4,0,0,0,0,1,1,6,1,77,11,1339,1,7,5,1,5
2.02E+12,1,9,0,7,0,3,0,0,0,0,4,1,6,2,64,9,1149,1,7,1,1,1
2.02E+12,1,9,0,17,0,1,1,10,5,6,3,1,6,1,35,6,1199,1,13,2,1,2
2.02E+12,2,9,0,11,0,3,0,8,0,0,4,1,6,1,80,11,1968,2,2,7,3,7
2.02E+12,1,3,0,18,0,1,1,0,0,0,3,1,6,1,50,8,123,1,2,4,1,4
2.02E+12,2,9,0,18,0,1,0,0,0,0,1,1,6,2,53,8,1798,1,15,9,1,9
2.02E+12,2,9,0,4,0,1,0,0,0,0,2,1,6,2,30,6,1200,1,1,1,1,1
2.02E+12,1,9,0,9,0,8,0,0,0,0,2,1,6,2,27,6,1598,2,5,4,1,4
2.02E+12,2,5,0,18,0,1,0,0,0,0,0,1,6,1,34,6,998,1,10,6,1,6
2.02E+12,1,21,0,4,0,4,5,10,0,0,1,1,1,1,27,6,11705,2,10,2,1,2
2.02E+12,1,9,0,9,0,2,0,0,0,0,1,1,6,1,66,10,1499,2,2,2,1,2
2.02E+12,2,9,0,16,0,3,0,0,0,0,3,1,6,2,28,6,1796,1,16,1,1,1
2.02E+12,1,9,0,18,0,2,0,0,0,0,1,1,6,1,42,7,1999,2,2,9,1,9
2.02E+12,2,9,0,3,0,2,0,0,0,0,2,1,2,1,30,6,1596,1,12,5,1,5
2.02E+12,3,9,0,3,0,2,0,0,0,0,2,1,6,2,48,8,1398,1,2,1,1,1
2.02E+12,1,9,0,18,0,1,0,0,0,0,1,1,6,2,65,9,2393,1,14,1,1,1
2.02E+12,2,9,0,18,0,1,0,0,0,0,4,1,6,2,24,5,1956,2,2,3,1,3
2.02E+12,1,9,0,18,0,8,0,4,0,0,1,1,6,1,69,10,1598,1,16,1,1,1
2.02E+12,2,21,0,5,0,8,0,0,0,0,1,1,1,1,65,9,10837,2,6,7,2,7
2.02E+12,1,9,0,13,0,1,0,0,0,0,1,1,1,1,36,7,1124,1,15,10,1,10
2.02E+12,2,21,1,9,0,1,0,0,0,0,3,1,1,1,36,7,6700,2,3,1,1,1
2.02E+12,1,9,0,18,0,1,0,0,0,0,1,1,6,2,54,8,1598,2,1,9,1,9
2.02E+12,2,9,0,9,0,6,0,0,0,0,3,1,6,2,69,10,1329,1,2,4,1,4
2.02E+12,1,9,0,9,8,6,0,0,0,0,3,1,1,2,45,7,1248,2,8,1,1,1
2.02E+12,1,9,0,9,0,6,0,0,0,0,1,1,2,2,26,6,998,1,9,7,1,7
2.02E+12,2,9,0,18,0,8,0,0,0,0,1,1,6,1,55,8,1769,2,22,5,1,5
2.02E+12,2,9,0,2,0,1,0,0,0,0,3,1,6,2,60,9,2179,2,5,9,1,9
2.02E+12,1,9,0,18,0,8,0,0,1,0,1,1,6,2,82,11,998,1,5,9,1,9
2.02E+12,1,9,0,9,0,8,0,0,0,0,1,1,6,2,74,10,1396,1,12,9,2,9
2.02E+12,2,9,0,18,0,8,0,0,0,0,1,1,6,2,58,9,2148,2,12,9,2,9
2.02E+12,1,9,0,9,0,8,0,0,0,0,1,1,6,1,49,8,1995,2,3,8,3,8
2.02E+12,1,9,0,5,0,6,0,0,0,0,1,1,6,1,77,11,2199,2,6,10,1,10
2.02E+12,2,9,0,18,0,1,1,0,0,2,3,1,6,1,60,9,2495,2,16,9,2,9
2.02E+12,2,9,0,3,0,1,0,0,0,0,4,1,2,2,51,8,1398,1,2,7,1,7
2.02E+12,1,9,0,18,0,6,0,7,0,0,1,1,6,2,31,6,1197,1,2,5,1,5
2.02E+12,2,9,0,18,0,8,0,7,0,0,3,1,6,1,65,9,1591,1,2,8,1,8
2.02E+12,1,9,0,18,0,1,0,0,1,0,1,1,6,2,25,5,1896,2,15,9,1,9
2.02E+12,2,9,0,10,0,1,0,0,0,0,2,1,6,1,56,9,1242,1,9,9,1,9
2.02E+12,3,9,0,18,0,1,0,0,0,0,4,1,6,1,75,10,1399,1,1,5,1,5
2.02E+12,1,4,0,17,0,2,2,0,0,0,4,1,6,1,46,8,805,1,12,4,1,4
2.02E+12,2,9,0,3,0,1,0,0,0,0,2,1,6,2,35,6,1398,1,5,4,1,4
2.02E+12,1,9,0,7,0,6,0,0,0,0,2,1,6,1,42,7,1560,2,8,5,1,5
2.02E+12,2,5,0,14,0,8,5,0,0,0,1,1,6,1,38,7,124,1,3,7,1,7
2.02E+12,1,5,0,18,0,1,0,0,0,0,1,1,1,1,27,6,998,1,13,2,1,2
2.02E+12,2,9,0,9,0,5,0,0,0,0,3,1,1,1,36,7,1968,2,3,7,1,7
2.02E+12,1,9,0,7,0,3,0,0,0,0,4,2,2,1,39,7,1598,1,14,10,1,10
2.02E+12,1,9,0,9,0,6,0,0,0,0,1,1,6,2,48,8,1399,2,6,6,2,6
2.02E+12,1,8,0,18,0,8,0,0,0,0,4,1,1,1,45,7,1753,2,10,2,1,2
2.02E+12,2,5,0,18,0,8,0,0,0,0,1,1,2,1,54,8,645,1,18,3,1,3
2.02E+12,2,9,0,14,0,1,0,0,0,1,1,1,6,1,25,5,1560,2,2,5,1,5
2.02E+12,1,9,0,4,0,1,0,0,0,0,1,1,6,2,28,6,1910,2,9,5,3,5
2.02E+12,2,9,0,3,0,1,0,0,0,0,2,1,6,2,47,8,998,1,6,8,3,8
2.02E+12,2,9,0,16,0,8,0,0,0,0,0,1,6,2,31,6,1582,2,5,5,1,5
2.02E+12,1,19,0,9,0,8,0,0,0,0,1,1,6,1,62,9,1461,2,6,7,1,7
2.02E+12,2,9,0,17,0,8,0,0,0,0,1,1,6,2,40,7,1461,2,1,2,3,2