Accident_Index,Vehicle_Reference,Vehicle_Type,Towing_and_Articulation,Vehicle_Manoeuvre,Vehicle_Location-Restricted_Lane,Junction_Location,Skidding_and_Overturning,Hit_Object_in_Carriageway,Vehicle_Leaving_Carriageway,Hit_Object_off_Carriageway,1st_Point_of_Impact,Was_Vehicle_Left_Hand_Drive?,Journey_Purpose_of_Driver,Sex_of_Driver,Age_of_Driver,Age_Band_of_Driver,Engine_Capacity_(CC),Propulsion_Code,Age_of_Vehicle,Driver_IMD_Decile,Driver_Home_Area_Type,Vehicle_IMD_Decile
2.02E+12,1,9,0,17,0,1,0,0,0,0,1,1,6,2,56,9,2204,2,12,3,1,3
2.02E+12,2,9,0,2,0,2,0,0,1,11,2,1,6,3,54,8,1598,1,10,3,1,3
2.02E+12,1,9,0,18,0,1,0,0,0,0,1,1,3,1,43,7,1339,1,7,2,1,2
2.02E+12,1,19,0,9,0,1,0,0,0,0,3,1,2,1,46,8,2400,2,12,1,1,1
2.02E+12,2,5,0,13,0,1,0,0,0,0,1,1,2,1,53,8,599,1,9,3,1,3
2.02E+12,1,9,0,9,0,8,0,0,4,0,4,1,6,1,17,4,1360,1,12,8,3,8
2.02E+12,1,9,0,17,0,1,0,0,2,11,4,1,6,1,23,5,1149,1,13,1,1,1
2.02E+12,1,9,0,18,0,1,0,0,0,0,1,1,6,2,73,10,1591,1,2,7,1,7
2.02E+12,2,9,0,3,0,1,0,0,0,0,2,1,3,2,52,8,1591,1,4,8,2,8
2.02E+12,1,9,0,18,0,1,0,0,0,0,3,1,6,1,46,8,1968,2,5,5,1,5
2.02E+12,2,9,0,9,0,1,0,0,0,0,1,1,6,2,37,7,1299,1,14,6,1,6
2.02E+12,1,9,0,18,0,3,0,0,3,7,1,1,6,2,41,7,1396,1,16,2,1,2
2.02E+12,1,9,0,9,0,8,0,0,0,0,4,1,2,2,25,5,1149,1,12,7,3,7
2.02E+12,2,9,0,18,0,8,0,0,0,0,1,1,6,1,31,6,1753,2,11,2,1,2
2.02E+12,1,9,0,18,0,8,0,7,2,7,1,1,6,2,35,6,1797,8,8,4,1,4
2.02E+12,1,9,0,9,0,8,0,0,0,0,3,1,6,2,46,8,1242,1,14,9,1,9
2.02E+12,1,9,0,18,0,1,0,0,0,0,1,1,1,1,36,7,1997,2,10,5,1,5
2.02E+12,2,9,0,5,0,1,0,0,4,0,3,1,1,2,52,8,1951,2,16,2,1,2
2.02E+12,1,9,0,5,0,1,1,0,0,0,3,1,2,1,27,6,1598,2,5,9,2,9
2.02E+12,1,3,0,14,0,8,0,0,0,0,1,1,2,1,18,4,124,1,3,8,1,8
2.02E+12,2,9,0,9,0,8,0,0,0,0,3,1,2,1,47,8,3239,1,20,9,1,9
2.02E+12,1,9,0,9,0,6,0,0,0,0,1,1,6,1,30,6,1686,2,4,10,1,10
2.02E+12,2,9,0,7,0,4,0,0,0,0,1,1,6,1,34,6,1896,2,16,2,1,2
2.02E+12,1,9,0,15,0,8,0,0,0,0,4,1,6,1,51,8,1595,1,8,1,1,1
2.02E+12,1,9,0,18,0,1,0,0,0,0,1,1,6,1,65,9,1242,1,11,3,1,3
2.02E+12,2,9,0,9,0,1,0,0,0,0,2,1,6,2,30,6,1968,2,5,9,1,9
2.02E+12,1,4,0,13,0,1,0,0,0,0,4,1,6,1,23,5,1180,1,24,7,1,7
2.02E+12,2,9,0,9,0,1,0,0,0,0,3,1,6,2,62,9,996,1,8,6,1,6
2.02E+12,2,9,0,18,0,8,1,0,1,1,1,1,1,2,19,4,1197,1,4,10,1,10
2.02E+12,1,9,0,9,0,8,0,0,0,0,1,1,1,1,53,8,1896,2,13,9,1,9
2.02E+12,1,9,0,18,0,8,0,0,0,0,1,1,6,1,75,10,996,1,7,5,1,5
2.02E+12,2,9,0,8,0,1,0,0,0,0,2,1,6,2,70,10,1199,1,14,1,1,1
2.02E+12,1,9,0,1,0,5,0,0,0,0,0,1,6,1,61,9,1399,2,12,3,1,3
2.02E+12,2,9,0,5,0,8,0,0,0,0,2,1,6,2,24,5,1200,1,3,4,1,4
2.02E+12,3,9,0,5,0,8,0,0,0,0,1,1,6,1,62,9,1198,1,10,4,1,4
2.02E+12,4,9,0,5,0,8,0,0,0,0,1,1,6,1,19,4,1362,1,3,4,1,4
2.02E+12,1,9,0,4,0,1,0,0,0,0,4,1,6,2,42,7,1969,2,1,5,1,5
2.02E+12,1,9,0,18,0,1,0,0,1,7,1,1,6,1,27,6,1396,1,15,1,1,1
2.02E+12,1,9,0,8,0,1,0,0,0,0,2,1,6,2,24,5,1299,1,16,7,1,7
2.02E+12,2,9,0,18,0,1,0,0,0,0,1,1,6,1,25,5,1796,1,11,6,1,6
2.02E+12,1,9,0,9,0,6,0,0,0,0,4,1,2,2,68,10,1560,2,3,10,1,10
2.02E+12,1,9,0,4,0,1,1,0,0,0,1,1,6,2,69,10,1242,1,9,1,1,1
2.02E+12,3,9,0,3,0,1,0,0,0,0,2,1,6,1,45,7,3993,1,1,10,1,10
2.02E+12,1,9,0,18,0,6,0,0,7,0,3,1,6,1,19,4,1229,1,11,9,2,9
2.02E+12,2,9,0,18,0,8,0,0,1,0,1,1,6,2,58,9,1870,2,12,7,2,7
2.02E+12,1,9,0,4,0,5,2,7,8,7,3,1,1,1,29,6,1988,1,17,4,1,4
2.02E+12,1,9,0,9,0,1,1,0,1,3,1,1,2,1,44,7,1560,2,4,9,1,9
2.02E+12,1,9,0,16,0,4,1,0,0,0,1,1,6,2,39,7,1588,1,16,3,1,3
2.02E+12,2,9,0,3,0,4,0,0,0,0,2,1,6,1,78,11,2494,8,1,8,1,8
2.02E+12,2,9,0,18,0,8,0,0,0,0,3,1,6,1,49,8,2204,2,8,3,1,3
2.02E+12,1,8,0,18,0,1,0,0,0,0,1,1,1,1,37,7,1956,2,7,2,1,2
2.02E+12,1,9,0,18,0,8,0,0,0,0,3,1,6,1,33,6,1598,2,4,3,1,3
2.02E+12,1,9,0,4,0,2,1,0,0,0,1,1,5,1,76,11,1329,1,2,2,1,2
2.02E+12,1,9,0,4,0,1,2,0,0,0,1,1,5,1,24,5,998,1,6,3,1,3
2.02E+12,2,9,0,3,0,1,1,0,0,0,2,1,5,1,58,9,998,1,11,2,1,2
2.02E+12,1,9,0,18,0,8,5,0,3,1,1,1,6,1,24,5,1997,2,12,3,3,3
2.02E+12,1,9,0,18,0,8,0,0,3,7,1,1,2,1,53,8,1997,2,4,1,1,1
2.02E+12,1,9,0,9,0,1,0,0,0,0,1,1,5,1,90,11,1242,1,5,10,2,10
2.02E+12,1,11,0,18,0,1,0,0,0,0,1,1,1,1,54,8,4500,2,6,1,1,1
2.02E+12,1,9,0,5,0,1,0,0,0,0,1,1,6,2,29,6,1986,2,11,2,1,2
2.02E+12,2,5,0,3,0,1,0,0,0,0,2,1,5,1,55,8,1261,1,11,2,1,2
2.02E+12,2,9,0,5,0,4,0,0,0,0,2,1,2,2,34,6,1461,2,3,3,2,3
2.02E+12,1,5,0,15,0,1,0,0,0,0,1,1,5,1,26,6,847,1,2,1,2,1
2.02E+12,2,9,0,18,0,1,0,0,0,0,3,1,5,1,72,10,1242,1,3,4,1,4
2.02E+12,2,9,0,18,0,8,0,0,0,0,1,1,6,2,55,8,1399,2,9,5,1,5
2.02E+12,1,8,0,18,0,1,0,0,0,0,1,1,1,1,32,6,1560,2,7,3,1,3
2.02E+12,2,8,0,7,0,1,0,0,1,0,2,1,1,1,36,7,1896,2,10,3,1,3
2.02E+12,3,8,0,18,0,1,0,0,0,0,1,1,1,1,39,7,1560,2,9,6,2,6
2.02E+12,1,9,0,9,0,8,0,0,0,0,1,1,2,1,40,7,1910,2,10,3,1,3
2.02E+12,4,9,0,3,0,8,0,0,0,0,2,1,2,2,44,7,1586,1,2,4,1,4
2.02E+12,1,9,0,18,0,1,0,0,0,0,1,1,2,1,31,6,1968,2,12,1,1,1
2.02E+12,3,9,0,3,0,1,0,0,0,0,2,1,5,1,77,11,1197,1,2,6,1,6
2.02E+12,4,9,0,3,0,1,0,0,0,0,2,1,5,2,50,8,1598,2,4,3,1,3
2.02E+12,1,9,0,12,0,7,0,0,0,0,1,1,5,2,87,11,1240,1,9,8,3,8
2.02E+12,2,11,0,5,0,1,0,0,0,0,0,1,1,1,50,8,6692,2,8,2,1,2
2.02E+12,2,9,0,18,0,1,0,0,0,0,1,1,6,1,46,8,1360,1,13,4,2,4
2.02E+12,1,9,0,18,0,8,0,0,4,0,1,1,5,1,47,8,1499,2,1,2,1,2
2.02E+12,1,9,0,5,0,4,0,0,0,0,1,1,5,2,70,10,1197,1,1,1,1,1
2.02E+12,2,9,0,9,0,3,0,0,0,0,1,1,5,1,20,4,999,1,1,3,1,3
2.02E+12,1,9,0,18,0,2,0,0,0,0,1,1,2,2,35,6,1997,2,5,3,1,3
2.02E+12,1,9,0,9,0,5,0,0,0,0,1,1,2,1,21,5,1149,1,6,9,2,9
2.02E+12,1,9,0,18,0,8,2,0,1,0,3,1,5,1,25,5,1242,1,11,5,1,5
2.02E+12,1,9,0,9,0,5,0,0,0,0,3,1,2,1,43,7,1200,1,1,1,1,1
2.02E+12,1,9,0,18,0,1,0,0,0,0,1,1,5,2,43,7,998,1,4,6,3,6
2.02E+12,2,9,0,10,0,8,0,0,0,0,2,1,1,2,30,6,1997,2,5,6,3,6
2.02E+12,2,9,0,9,0,1,0,0,0,0,3,1,5,1,34,6,1969,1,1,2,1,2
2.02E+12,1,3,0,18,0,2,2,0,0,0,1,1,5,1,24,5,124,1,1,8,1,8
2.02E+12,1,9,0,18,0,1,0,0,0,0,1,1,5,1,51,8,1242,1,16,3,1,3
2.02E+12,1,9,0,9,0,8,0,0,0,0,3,1,6,1,52,8,1596,1,15,4,2,4
2.02E+12,2,9,0,18,0,8,0,0,0,0,1,1,5,2,65,9,1586,1,11,2,1,2
2.02E+12,1,9,0,16,0,2,0,0,0,0,1,1,5,1,83,11,999,1,2,6,3,6
2.02E+12,1,9,0,18,0,6,0,0,0,0,1,1,6,2,29,6,1796,1,16,2,1,2
2.02E+12,1,9,0,4,0,8,0,0,0,0,1,1,6,2,23,5,1399,2,7,4,1,4
2.02E+12,2,9,0,4,0,8,0,0,0,0,2,1,5,2,24,5,1248,1,5,2,1,2
2.02E+12,1,9,0,18,0,1,0,0,0,0,4,1,6,2,34,6,998,1,12,1,1,1
2.02E+12,1,9,0,18,0,2,0,0,0,0,1,1,5,1,50,8,1590,1,16,2,1,2
2.02E+12,1,3,0,18,0,1,0,0,0,0,1,1,5,1,32,6,125,1,4,1,1,1
2.02E+12,2,9,0,10,0,1,0,0,0,0,2,1,5,2,32,6,1364,1,11,3,1,3
2.02E+12,1,9,0,3,0,1,0,0,0,0,2,1,5,2,79,11,999,1,11,5,1,5
2.02E+12,2,9,0,3,0,1,0,0,0,0,1,1,5,2,26,6,1240,1,11,5,1,5
2.02E+12,1,11,0,9,0,6,0,0,0,0,0,1,1,2,53,8,4760,2,4,4,2,4
2.02E+12,1,9,0,12,0,1,1,10,0,0,1,1,5,1,22,5,1242,1,9,1,1,1
2.02E+12,2,9,0,18,0,3,0,0,0,0,2,1,5,2,70,10,1586,1,2,6,3,6
2.02E+12,1,21,1,4,0,1,0,0,0,0,1,1,1,1,35,6,12902,2,4,5,2,5
2.02E+12,1,9,0,18,0,1,1,0,0,0,1,1,5,1,48,8,1968,2,9,7,1,7
2.02E+12,1,9,0,13,0,3,5,7,1,1,3,1,6,1,31,6,1984,1,10,2,1,2
2.02E+12,2,9,0,18,0,1,0,0,0,0,0,1,5,1,30,6,2998,1,1,5,1,5
2.02E+12,3,11,0,7,0,2,0,0,0,0,0,1,1,1,49,8,9000,2,12,3,1,3
2.02E+12,1,9,0,7,0,2,0,0,0,0,1,1,2,1,56,9,2359,1,7,9,1,9
2.02E+12,1,9,0,1,0,8,0,0,0,0,2,1,5,1,18,4,1242,1,2,6,1,6
2.02E+12,1,9,0,18,0,2,0,0,0,0,1,1,6,1,35,6,4000,1,11,5,1,5
2.02E+12,1,9,0,18,0,1,0,0,0,0,1,1,5,1,27,6,1390,1,7,9,2,9
2.02E+12,1,8,0,9,0,8,0,0,0,0,1,1,1,1,55,8,1598,2,2,8,1,8
2.02E+12,2,9,0,18,0,8,0,0,0,0,4,1,5,2,26,6,1461,2,11,5,1,5
2.02E+12,3,11,0,10,0,1,0,0,0,0,1,1,1,1,61,9,9000,2,12,2,1,2
2.02E+12,1,9,0,7,0,4,0,0,0,0,1,1,1,1,59,9,1995,2,7,1,1,1
2.02E+12,1,9,0,18,0,4,0,9,0,0,1,1,5,1,56,9,1368,1,1,1,1,1
2.02E+12,2,9,0,18,0,4,0,9,0,0,1,1,5,1,45,7,1499,2,2,1,1,1
2.02E+12,1,9,0,9,0,1,0,0,0,0,1,1,5,2,58,9,1896,2,9,8,1,8
2.02E+12,2,9,0,16,0,8,0,0,0,0,1,1,5,1,44,7,1956,2,7,2,1,2
2.02E+12,2,19,0,10,0,1,0,0,0,0,2,1,5,1,55,8,2402,2,14,5,1,5
2.02E+12,3,9,0,3,0,1,0,0,0,0,2,1,6,2,52,8,1995,2,9,9,1,9
2.02E+12,1,9,0,9,0,8,0,0,0,0,3,1,6,2,60,9,2231,2,9,7,1,7
2.02E+12,1,3,0,9,0,8,0,0,0,0,1,1,6,1,17,4,124,1,7,1,1,1
2.02E+12,2,9,0,18,0,8,0,0,0,0,1,1,6,2,42,7,1798,1,1,7,3,7
2.02E+12,1,9,0,18,0,3,1,0,1,4,1,1,2,2,18,4,1149,1,11,2,1,2
2.02E+12,1,9,0,4,0,1,0,0,0,0,3,1,5,2,75,10,1386,1,13,1,1,1
2.02E+12,1,8,0,9,0,8,0,0,0,0,1,1,1,1,40,7,1896,2,10,1,1,1
2.02E+12,1,9,0,1,0,1,0,0,0,0,2,1,5,2,36,7,1968,2,2,1,1,1
2.02E+12,1,9,0,9,0,1,0,0,0,0,1,1,5,1,70,10,1975,1,9,5,2,5
2.02E+12,1,9,0,18,0,8,0,0,0,0,1,1,5,2,56,9,1598,1,2,10,1,10
2.02E+12,2,9,0,4,0,1,0,0,0,0,1,1,5,1,41,7,1984,1,14,6,2,6
2.02E+12,2,9,0,3,0,1,0,7,0,0,3,1,5,1,40,7,2148,2,12,4,3,4
2.02E+12,1,9,0,18,0,2,0,0,0,0,1,1,5,2,64,9,1850,1,18,2,1,2
2.02E+12,1,9,0,18,0,8,0,0,0,0,1,1,5,2,39,7,1329,1,4,1,1,1
2.02E+12,2,9,0,3,0,1,0,0,0,0,2,1,6,1,36,7,1461,2,3,8,1,8
2.02E+12,1,9,0,14,0,1,0,0,0,0,4,1,6,1,28,6,1896,2,10,2,1,2
2.02E+12,2,9,0,2,0,1,1,0,0,0,0,1,6,1,48,8,2460,2,12,3,1,3
2.02E+12,2,9,0,18,0,1,0,0,0,0,2,1,5,2,61,9,1598,1,2,4,1,4
2.02E+12,1,9,0,18,0,3,5,0,1,7,3,1,6,1,21,5,1422,2,14,8,1,8
2.02E+12,1,9,0,4,0,8,0,0,0,0,1,1,5,1,20,4,999,1,1,9,1,9
2.02E+12,1,8,0,18,0,3,0,0,0,0,2,1,1,1,48,8,1968,2,11,5,1,5
2.02E+12,2,9,0,18,0,3,0,0,0,0,1,1,5,1,62,9,1242,1,7,8,1,8
2.02E+12,1,9,0,18,0,8,1,0,0,0,3,1,6,1,57,9,1461,2,1,3,1,3
2.02E+12,2,9,0,5,0,8,0,0,0,0,1,1,5,1,39,7,1461,2,3,7,1,7
2.02E+12,1,9,0,18,0,8,0,10,7,6,1,1,5,2,64,9,1149,1,8,4,3,4
2.02E+12,1,9,0,17,0,2,1,0,1,0,1,1,6,1,24,5,1248,1,4,6,3,6
2.02E+12,1,9,0,7,0,2,0,0,0,0,2,1,6,2,41,7,1360,1,11,3,1,3
2.02E+12,1,9,0,18,0,8,1,0,4,0,1,1,1,2,25,5,999,1,1,5,1,5
2.02E+12,2,9,0,18,0,8,0,0,1,0,3,1,5,2,73,10,1596,1,3,1,1,1
2.02E+12,1,19,0,18,0,2,0,0,0,0,3,1,6,1,37,7,1995,2,4,2,1,2
2.02E+12,3,9,0,18,0,8,1,0,0,0,1,1,6,2,28,6,1461,2,6,2,3,2
2.02E+12,1,9,0,18,0,6,0,0,1,11,4,1,5,2,35,6,1797,8,8,6,1,6
2.02E+12,2,19,0,18,0,8,0,0,0,0,1,1,5,1,48,8,1598,2,2,4,1,4
2.02E+12,2,9,0,3,0,7,0,0,0,0,2,1,2,1,40,7,1368,1,8,10,1,10
2.02E+12,2,11,0,18,0,1,0,0,0,0,0,1,1,1,26,6,6871,2,13,5,1,5
2.02E+12,1,9,0,18,0,4,0,0,0,0,3,1,6,1,73,10,1998,1,1,3,1,3
2.02E+12,2,3,0,13,0,4,0,0,0,0,4,1,5,1,33,6,124,1,11,3,1,3
2.02E+12,1,19,0,9,0,5,0,0,0,0,1,1,5,1,28,6,1870,2,12,10,1,10
2.02E+12,1,9,0,9,0,8,0,0,0,0,3,1,5,2,29,6,1364,1,10,4,1,4
2.02E+12,2,9,0,18,0,4,0,0,0,0,3,1,6,1,19,4,1364,1,11,2,1,2
2.02E+12,1,9,0,18,0,1,0,0,0,0,1,1,1,1,55,8,1998,8,1,1,1,1
2.02E+12,2,8,0,18,0,1,0,0,0,0,2,1,5,1,38,7,1598,2,6,2,1,2
2.02E+12,3,9,0,18,0,1,0,0,0,0,2,1,5,2,38,7,1596,1,6,1,1,1
2.02E+12,4,9,0,18,0,1,0,0,0,0,2,1,6,2,26,6,1560,2,2,2,1,2
2.02E+12,1,9,0,9,0,6,0,0,0,0,3,1,5,1,65,9,1560,2,3,2,1,2
2.02E+12,2,9,0,18,0,8,0,0,0,0,1,1,5,2,24,5,1368,1,7,4,1,4
2.02E+12,1,5,0,18,0,1,0,0,0,0,1,1,5,1,31,6,1000,1,18,1,1,1
2.02E+12,2,9,0,18,0,1,0,0,0,0,3,1,5,2,34,6,1560,2,7,1,1,1
2.02E+12,1,9,0,4,0,4,0,0,0,0,1,1,2,1,58,9,1598,1,9,7,1,7
2.02E+12,1,9,0,5,9,6,0,0,0,0,1,1,5,2,48,8,1197,1,5,9,1,9
2.02E+12,1,19,0,6,9,8,0,0,0,0,1,1,1,1,40,7,2198,2,2,1,1,1
2.02E+12,1,9,0,18,0,1,0,0,0,0,1,1,2,1,30,6,1124,1,14,9,1,9
2.02E+12,1,9,0,18,0,1,0,0,5,6,1,1,6,1,33,6,1686,2,12,5,1,5
2.02E+12,2,9,0,18,0,1,0,0,0,0,1,1,5,1,44,7,1598,2,6,5,1,5
2.02E+12,3,9,0,18,0,1,0,0,0,0,3,1,5,1,67,10,1398,1,3,8,2,8
2.02E+12,4,9,0,18,0,1,0,11,0,0,1,1,6,1,24,5,1197,1,1,8,3,8
2.02E+12,5,9,0,18,0,1,0,1,0,0,3,1,6,1,51,8,1360,1,17,4,1,4
2.02E+12,2,9,0,4,0,4,0,0,0,0,2,1,6,2,34,6,1798,1,3,2,1,2
2.02E+12,2,9,0,10,0,1,0,0,0,0,2,1,5,2,44,7,1598,1,4,4,1,4
2.02E+12,1,90,0,11,0,8,0,0,0,0,4,1,1,1,56,9,10518,2,3,4,1,4
2.02E+12,2,9,0,18,0,8,0,0,1,7,3,1,5,1,24,5,1995,2,5,10,1,10
2.02E+12,2,9,0,3,0,4,0,0,0,0,2,1,5,2,47,8,1997,1,11,8,1,8
2.02E+12,1,3,0,13,0,8,1,0,0,0,1,1,6,1,26,6,124,1,1,5,1,5
2.02E+12,2,9,0,9,0,8,0,0,0,0,3,1,6,2,73,10,1598,2,2,9,1,9
2.02E+12,2,19,0,9,0,3,0,0,0,0,4,1,6,1,47,8,2402,2,12,10,2,10
2.02E+12,2,11,0,2,0,2,0,0,0,0,3,1,1,1,58,9,6700,2,4,3,1,3
2.02E+12,3,9,0,18,0,1,0,0,0,0,1,1,6,2,32,6,1560,2,3,1,1,1
2.02E+12,1,9,0,18,0,1,0,0,0,0,1,1,6,1,30,6,2148,2,12,2,1,2
2.02E+12,2,9,0,3,0,1,0,0,0,0,2,1,5,1,46,8,1781,1,11,2,1,2
2.02E+12,1,9,0,5,0,2,0,0,0,0,1,1,5,1,73,10,998,1,2,6,1,6
2.02E+12,2,2,0,13,0,1,0,0,0,0,4,1,5,1,17,4,49,1,8,4,1,4
2.02E+12,1,19,0,3,0,1,0,0,0,0,1,1,1,1,52,8,1598,2,3,6,3,6
2.02E+12,1,9,0,9,0,8,0,0,0,0,0,1,2,1,56,9,1598,2,2,9,1,9
2.02E+12,1,90,0,18,0,8,0,0,0,0,1,1,6,1,45,7,1968,2,6,2,1,2
2.02E+12,2,9,0,6,0,8,0,0,0,0,1,1,6,2,59,9,1108,1,15,4,1,4
2.02E+12,1,11,0,18,0,3,0,0,0,0,4,1,1,1,58,9,6692,2,8,4,2,4
2.02E+12,2,9,0,3,0,1,0,0,0,0,2,1,6,2,52,8,1248,1,7,4,1,4
2.02E+12,1,3,0,17,0,2,2,10,0,0,4,1,5,1,21,5,125,1,3,6,1,6
2.02E+12,1,9,0,18,0,1,1,0,0,0,1,1,2,1,59,9,2435,1,9,8,1,8
2.02E+12,2,9,0,4,0,1,0,0,0,0,2,1,5,1,18,4,1229,1,3,5,1,5
2.02E+12,1,9,0,18,9,6,0,0,1,0,1,1,2,2,20,4,998,1,9,4,1,4
2.02E+12,1,11,0,4,0,2,0,0,0,0,4,1,1,1,47,8,7300,2,12,4,1,4
2.02E+12,1,9,0,2,0,2,0,0,0,0,4,1,1,2,28,6,1560,2,3,5,1,5
2.02E+12,2,9,0,3,0,4,0,0,0,0,2,1,6,1,35,6,1399,2,11,1,1,1
2.02E+12,1,11,0,4,0,1,0,0,0,0,0,1,1,1,48,8,9000,5,3,3,1,3
2.02E+12,1,9,0,18,0,8,0,0,0,0,1,1,5,1,40,7,1896,2,12,4,1,4
2.02E+12,2,9,0,18,0,8,0,0,0,0,1,1,2,2,17,4,1149,1,12,2,1,2
2.02E+12,1,9,0,18,0,1,0,0,0,0,1,1,5,1,20,4,998,1,9,10,1,10
2.02E+12,1,4,0,4,0,1,1,0,0,0,1,1,5,1,22,5,498,1,20,1,1,1
2.02E+12,2,9,0,3,0,1,0,0,0,0,2,1,5,2,20,4,1197,1,4,9,1,9
2.02E+12,1,9,0,18,0,3,0,0,0,0,1,1,5,2,64,9,2400,2,1,5,1,5
2.02E+12,2,9,0,18,0,4,5,0,0,0,4,1,2,1,40,7,1998,1,1,7,1,7
2.02E+12,1,9,0,15,0,1,1,0,7,0,1,1,1,1,46,8,1360,1,13,4,3,4
2.02E+12,1,5,0,18,0,2,5,0,7,0,4,1,5,2,31,6,599,1,12,2,1,2
2.02E+12,2,9,0,17,0,1,0,0,0,0,1,1,6,1,22,5,1199,2,7,7,3,7
2.02E+12,2,11,0,18,0,1,0,0,0,0,0,1,6,1,59,9,9360,2,5,2,1,2
2.02E+12,1,3,0,4,0,1,1,0,0,0,3,1,1,1,25,5,125,1,1,4,1,4
2.02E+12,1,9,0,5,0,4,0,0,0,0,3,1,5,2,78,11,1339,1,3,10,1,10
2.02E+12,1,9,0,18,0,4,0,0,0,0,1,1,6,1,42,7,1598,1,1,5,1,5
2.02E+12,2,9,0,18,0,4,1,0,0,0,4,1,5,1,19,4,1349,1,5,5,1,5
2.02E+12,1,9,0,4,0,1,0,0,0,0,2,1,5,1,30,6,1360,1,15,9,1,9
2.02E+12,2,11,0,5,2,1,0,0,0,0,1,1,1,1,44,7,6700,2,1,6,1,6
2.02E+12,1,19,0,18,0,1,1,0,0,0,1,1,1,1,21,5,2287,2,1,5,2,5
2.02E+12,2,9,0,18,0,1,0,0,1,4,2,1,5,2,38,7,1461,2,1,4,1,4
2.02E+12,1,9,0,18,0,1,0,0,0,0,1,1,5,1,68,10,1596,1,3,2,1,2
2.02E+12,2,9,0,3,0,8,0,0,0,0,4,1,2,2,50,8,1794,1,10,3,1,3
2.02E+12,1,9,0,18,0,1,0,0,0,0,1,1,3,2,42,7,1339,1,8,1,1,1
2.02E+12,2,9,0,3,0,1,0,0,0,0,2,1,5,2,47,8,1598,2,1,2,1,2
2.02E+12,1,9,0,18,0,1,0,0,0,0,1,1,2,2,38,7,1560,2,2,2,1,2
2.02E+12,2,9,0,18,0,2,0,0,1,0,1,1,2,1,50,8,1461,2,1,2,1,2
2.02E+12,2,11,0,18,0,8,0,0,0,0,0,1,1,1,48,8,6871,2,13,2,1,2
2.02E+12,2,8,0,18,0,8,0,0,0,0,1,1,1,1,36,7,1598,2,7,2,1,2
2.02E+12,1,9,0,18,0,1,0,0,0,0,1,1,6,2,52,8,1968,2,10,9,1,9
2.02E+12,1,9,0,18,0,8,0,7,0,0,1,1,5,2,81,11,1197,1,2,3,2,3
2.02E+12,2,9,0,4,0,1,0,0,0,0,2,1,6,1,67,10,1598,1,2,6,1,6
2.02E+12,1,8,0,5,0,4,0,0,0,0,0,1,1,1,47,8,2298,2,3,1,1,1
2.02E+12,1,9,0,18,0,4,0,0,0,0,1,1,6,1,49,8,1461,2,10,5,3,5
2.02E+12,1,9,0,9,0,5,0,0,0,0,3,1,5,2,66,10,1198,1,6,2,1,2
2.02E+12,2,11,0,17,0,1,0,0,0,0,4,1,1,1,42,7,3900,2,11,9,1,9
2.02E+12,1,9,0,17,0,1,0,0,0,0,3,1,2,1,48,8,1364,1,12,3,1,3
2.02E+12,2,9,0,10,0,1,0,0,0,0,3,1,1,1,27,6,2993,2,2,8,1,8
2.02E+12,1,9,0,18,0,8,1,0,0,0,1,1,2,1,36,7,1910,2,9,2,2,2
2.02E+12,2,9,0,18,0,8,0,0,0,0,4,1,1,2,63,9,1388,1,10,3,1,3
2.02E+12,1,9,0,9,0,8,0,0,0,0,1,1,5,1,31,6,1560,2,3,2,1,2
2.02E+12,2,9,0,18,0,8,0,0,0,0,1,1,1,2,20,4,1398,1,1,9,1,9
2.02E+12,1,9,0,1,9,1,0,0,1,0,2,1,5,2,79,11,1587,1,15,4,1,4
2.02E+12,1,9,0,3,0,6,0,0,0,0,3,1,5,2,39,7,1149,1,13,5,1,5
2.02E+12,2,3,0,18,0,1,0,0,0,0,1,1,6,1,52,8,125,1,2,6,1,6
2.02E+12,3,9,0,18,0,1,0,0,0,0,0,1,5,2,41,7,1596,1,14,1,1,1
2.02E+12,4,9,0,18,0,1,0,0,0,0,0,1,5,2,65,9,1968,2,1,4,1,4
2.02E+12,1,9,0,9,0,6,0,0,0,0,3,1,6,2,24,5,1498,1,7,7,1,7
2.02E+12,2,9,0,18,0,8,0,0,0,0,4,1,1,1,44,7,1527,2,22,3,1,3
2.02E+12,1,21,1,9,0,1,0,0,0,0,3,1,1,1,36,7,12777,2,2,5,3,5
2.02E+12,2,9,0,18,0,1,0,0,0,0,1,1,5,1,24,5,1910,2,11,6,3,6
2.02E+12,2,9,0,9,0,8,0,0,0,0,4,1,2,1,23,5,1560,2,5,1,1,1
2.02E+12,2,9,0,2,0,2,0,0,0,0,2,1,5,1,22,5,1398,1,3,4,1,4
2.02E+12,1,11,0,18,2,4,0,0,0,0,1,1,1,1,62,9,4461,2,3,4,1,4
2.02E+12,1,9,0,5,0,8,0,0,0,0,1,1,6,1,55,8,1198,1,2,8,3,8
2.02E+12,2,9,0,3,0,1,0,0,0,0,2,1,5,1,50,8,973,1,15,4,1,4
2.02E+12,1,9,0,11,0,1,0,0,0,0,1,1,5,1,24,5,2143,2,4,6,1,6
2.02E+12,1,9,0,18,0,8,0,0,0,0,1,1,6,1,42,7,1596,1,11,1,1,1
2.02E+12,2,9,0,18,2,8,0,0,0,0,2,1,6,1,44,7,2183,2,5,1,1,1