Accident_Index,Vehicle_Reference,Vehicle_Type,Towing_and_Articulation,Vehicle_Manoeuvre,Vehicle_Location-Restricted_Lane,Junction_Location,Skidding_and_Overturning,Hit_Object_in_Carriageway,Vehicle_Leaving_Carriageway,Hit_Object_off_Carriageway,1st_Point_of_Impact,Was_Vehicle_Left_Hand_Drive?,Journey_Purpose_of_Driver,Sex_of_Driver,Age_of_Driver,Age_Band_of_Driver,Engine_Capacity_(CC),Propulsion_Code,Age_of_Vehicle,Driver_IMD_Decile,Driver_Home_Area_Type,Vehicle_IMD_Decile
2.02E+12,1,9,0,18,0,8,0,0,0,0,3,1,5,1,79,11,1149,1,2,2,1,2
2.02E+12,1,11,0,4,0,1,0,0,0,0,1,1,1,1,24,5,6700,2,9,4,1,4
2.02E+12,2,9,0,18,0,8,0,0,1,0,1,1,5,1,29,6,1229,1,11,3,1,3
2.02E+12,2,9,0,18,0,1,0,0,0,0,4,1,5,1,47,8,1398,2,11,4,1,4
2.02E+12,3,9,0,2,5,2,0,0,0,0,4,1,6,1,50,8,1598,1,16,1,1,1
2.02E+12,4,9,0,2,5,2,0,0,0,0,3,1,6,1,25,5,1896,2,15,1,1,1
2.02E+12,1,9,0,7,0,8,0,0,0,0,1,1,2,2,41,7,1329,1,4,4,1,4
2.02E+12,2,9,0,18,0,8,0,0,0,0,3,1,2,1,44,7,1368,1,2,7,1,7
2.02E+12,2,9,0,7,0,5,0,0,0,0,2,1,5,1,68,10,1598,2,1,1,1,1
2.02E+12,1,9,0,18,0,4,0,0,0,0,1,1,5,1,55,8,1598,1,11,4,2,4
2.02E+12,1,9,0,4,0,1,1,0,0,0,1,1,6,1,20,4,1595,1,1,4,1,4
2.02E+12,2,9,0,3,0,1,0,0,0,0,2,1,6,2,39,7,1461,2,3,6,3,6
2.02E+12,1,9,0,9,0,8,0,0,0,0,4,1,5,2,21,5,1242,1,3,8,3,8
2.02E+12,1,9,0,18,0,2,0,0,0,0,1,1,6,2,21,5,998,1,13,4,1,4
2.02E+12,1,8,0,18,0,8,0,0,0,0,1,1,1,1,42,7,1896,2,10,1,1,1
2.02E+12,3,9,0,4,0,8,0,0,0,0,0,1,1,1,40,7,1598,2,2,2,1,2
2.02E+12,2,9,0,18,0,1,0,0,0,0,1,1,2,1,19,4,1149,1,8,2,1,2
2.02E+12,1,9,0,18,0,3,0,0,0,0,3,1,6,2,25,5,1200,1,1,10,2,10
2.02E+12,2,9,0,18,0,3,0,0,0,0,4,1,5,2,68,10,1360,1,15,2,1,2
2.02E+12,1,9,0,16,0,1,1,0,0,0,1,1,5,1,22,5,1597,1,16,1,1,1
2.02E+12,2,9,0,16,0,1,0,1,0,0,1,1,5,1,42,7,1910,2,11,1,1,1
2.02E+12,1,9,0,7,4,6,0,0,0,0,1,1,2,2,44,7,1910,2,7,5,1,5
2.02E+12,1,19,0,18,0,2,0,0,0,0,1,1,6,1,37,7,2143,2,3,1,1,1
2.02E+12,2,9,0,3,0,2,0,0,0,0,2,1,6,1,25,5,1598,1,4,1,1,1
2.02E+12,1,9,0,16,0,3,1,10,1,2,1,1,2,1,23,5,3696,1,1,9,1,9
2.02E+12,1,11,0,18,0,8,0,0,0,0,1,1,1,1,59,9,9000,5,3,8,1,8
2.02E+12,1,9,0,8,0,1,0,0,0,0,1,1,5,1,49,8,1461,2,1,9,1,9
2.02E+12,2,9,0,3,0,1,0,0,0,0,2,1,5,2,27,6,1398,2,13,3,2,3
2.02E+12,2,9,0,18,0,1,0,0,0,0,1,2,5,2,39,7,1598,1,9,6,1,6
2.02E+12,2,9,0,8,0,1,0,0,0,0,3,1,5,1,35,6,1560,2,6,9,1,9
2.02E+12,3,9,0,8,0,1,0,0,0,0,3,1,5,1,50,8,1560,2,10,9,1,9
2.02E+12,2,9,0,18,0,1,0,0,0,0,4,1,2,1,58,9,4799,1,11,9,2,9
2.02E+12,1,9,0,18,0,2,0,0,0,0,1,1,6,2,24,5,998,1,16,3,1,3
2.02E+12,2,9,0,3,0,2,0,0,0,0,2,1,6,2,31,6,1995,2,5,3,1,3
2.02E+12,1,19,0,18,0,5,0,0,0,0,3,1,2,1,27,6,1560,2,7,2,1,2
2.02E+12,1,9,0,5,0,1,0,0,0,0,3,1,5,2,46,8,1598,2,4,4,2,4
2.02E+12,2,9,0,8,0,1,0,0,0,0,3,1,6,2,74,10,1198,1,6,6,1,6
2.02E+12,1,9,0,4,0,1,0,0,0,0,4,1,2,1,34,6,1461,2,1,4,2,4
2.02E+12,1,9,0,15,0,2,0,0,0,0,1,1,5,1,80,11,1499,2,4,10,1,10
2.02E+12,1,9,0,18,0,4,0,0,0,0,3,1,5,2,22,5,1986,2,9,5,1,5
2.02E+12,2,9,0,18,0,4,0,0,0,0,1,1,5,2,70,10,1598,1,11,9,1,9
2.02E+12,1,9,0,18,0,1,1,0,0,0,1,1,6,1,23,5,1398,2,14,4,3,4
2.02E+12,2,9,0,9,0,6,0,0,0,0,4,1,5,2,57,9,1197,1,1,4,1,4
2.02E+12,1,9,0,18,0,8,0,0,0,0,1,1,5,1,77,11,1597,1,7,7,1,7
2.02E+12,2,9,0,18,0,8,0,0,0,0,1,1,5,1,29,6,1360,1,8,1,1,1
2.02E+12,1,9,0,3,0,1,0,0,0,0,2,1,6,1,28,6,1364,1,9,2,1,2
2.02E+12,2,9,0,18,0,3,0,0,0,0,0,1,5,2,48,8,1598,1,16,10,2,10
2.02E+12,2,9,0,18,0,1,0,0,0,0,1,1,5,1,67,10,1339,8,7,9,1,9
2.02E+12,2,9,0,3,0,1,0,0,0,0,2,1,5,2,42,7,1596,1,4,1,1,1
2.02E+12,1,9,0,11,0,4,0,0,0,0,1,1,2,2,28,6,1198,1,3,1,1,1
2.02E+12,1,9,0,9,0,5,0,0,0,0,3,1,5,2,83,11,1360,1,6,6,1,6
2.02E+12,1,9,0,18,0,1,0,0,0,0,1,1,1,1,48,8,1896,2,7,2,1,2
2.02E+12,2,9,0,5,0,5,0,0,0,0,1,1,5,2,42,7,1229,1,10,6,1,6
2.02E+12,1,9,0,18,0,1,0,0,0,0,1,1,6,1,31,6,2171,1,13,1,1,1
2.02E+12,2,9,0,7,0,1,0,0,0,0,2,1,6,1,50,8,1997,2,9,2,1,2
2.02E+12,2,9,0,9,0,3,0,0,0,0,4,1,2,1,38,7,1598,1,11,4,1,4
2.02E+12,1,9,0,4,0,1,0,0,0,0,4,1,6,2,34,6,998,1,4,8,1,8
2.02E+12,1,9,0,9,0,8,0,0,0,0,4,1,5,1,42,7,1968,2,5,1,1,1
2.02E+12,2,9,0,18,2,8,0,0,0,0,1,1,1,1,41,7,1896,2,8,1,1,1
2.02E+12,2,11,0,18,2,1,0,0,0,0,1,1,1,1,30,6,6692,2,8,2,1,2
2.02E+12,2,9,0,18,0,8,0,0,0,0,4,1,5,1,53,8,1229,1,12,5,1,5
2.02E+12,2,9,0,2,9,2,0,0,0,0,0,1,5,1,27,6,1398,1,2,1,1,1
2.02E+12,1,9,0,7,0,3,0,0,0,0,3,1,2,2,19,4,1968,2,7,5,3,5
2.02E+12,1,3,0,11,0,3,2,0,0,0,1,1,2,1,49,8,125,1,1,3,1,3
2.02E+12,1,9,0,9,0,8,0,0,0,0,3,1,5,2,35,6,1560,2,5,2,1,2
2.02E+12,2,9,0,18,0,8,0,0,0,0,1,1,5,1,85,11,1199,1,13,9,2,9
2.02E+12,1,9,0,18,0,1,0,0,0,0,1,1,2,1,42,7,998,1,2,2,1,2
2.02E+12,2,9,0,8,0,1,0,0,0,0,2,1,5,1,44,7,1997,2,11,6,1,6
2.02E+12,1,9,0,1,0,1,0,0,0,0,2,1,6,1,18,4,1199,1,13,1,1,1
2.02E+12,1,9,0,9,0,8,0,0,0,0,4,1,5,2,47,8,1197,1,1,10,1,10
2.02E+12,1,9,0,9,0,1,0,0,0,0,1,1,3,2,39,7,1399,2,12,2,1,2
2.02E+12,2,9,0,3,0,4,0,0,0,0,2,1,6,1,55,8,1461,2,4,5,1,5
2.02E+12,1,3,0,18,0,8,0,0,0,0,1,1,6,1,25,5,125,1,4,3,1,3
2.02E+12,2,19,0,5,0,8,0,0,0,0,1,1,6,1,27,6,2198,2,2,9,1,9
2.02E+12,1,9,0,9,0,5,0,0,0,0,3,1,6,2,54,8,1499,2,1,5,1,5
2.02E+12,2,5,0,13,0,1,0,0,0,0,1,1,6,1,58,9,955,1,13,1,1,1
2.02E+12,1,9,0,18,0,1,0,0,0,0,1,1,6,1,29,6,1560,2,10,2,1,2
2.02E+12,1,9,0,18,0,1,0,0,0,0,4,1,5,2,69,10,998,1,11,10,1,10
2.02E+12,1,9,0,1,9,6,0,0,0,0,2,1,5,1,22,5,1398,1,3,1,1,1
2.02E+12,1,9,0,7,0,1,0,0,0,0,2,1,2,2,50,8,1984,1,8,10,1,10
2.02E+12,1,5,0,4,0,4,0,0,0,0,1,1,6,1,62,9,1000,1,9,2,1,2
2.02E+12,2,9,0,4,0,1,0,0,0,0,2,1,2,2,50,8,1797,8,6,6,1,6
2.02E+12,3,9,0,18,0,3,0,0,0,0,4,1,2,1,38,7,1995,2,11,10,1,10
2.02E+12,1,9,0,16,0,1,0,0,1,0,1,1,5,1,66,10,1198,1,9,6,1,6
2.02E+12,2,9,0,17,0,1,0,0,0,0,1,1,5,2,47,8,1995,1,7,6,1,6
2.02E+12,2,9,0,5,0,2,0,0,0,0,3,1,1,1,53,8,1560,2,5,4,1,4
2.02E+12,2,9,0,4,0,1,0,0,0,0,4,1,6,2,18,4,1229,1,3,3,1,3
2.02E+12,1,9,0,18,0,8,0,0,0,0,4,1,5,1,66,10,1198,1,6,10,1,10
2.02E+12,2,9,0,18,0,8,0,0,0,0,1,1,5,1,33,6,1596,1,1,10,1,10
2.02E+12,1,9,0,18,0,2,0,4,0,0,1,1,6,1,40,7,1794,1,14,8,1,8
2.02E+12,2,9,0,3,0,2,0,0,0,0,2,1,3,1,51,8,1598,1,7,3,1,3
2.02E+12,1,9,0,18,0,4,0,0,3,0,1,1,2,1,54,8,1348,1,9,6,1,6
2.02E+12,1,9,0,9,0,2,0,0,0,0,1,1,2,1,57,9,1560,2,10,3,1,3
2.02E+12,2,2,0,18,0,8,5,0,0,0,1,1,4,1,16,4,49,1,1,2,1,2
2.02E+12,1,9,0,5,0,8,1,0,1,0,2,1,2,1,34,6,1390,1,8,3,1,3
2.02E+12,2,9,0,16,0,8,0,0,1,0,1,1,5,1,44,7,1995,2,13,4,1,4
2.02E+12,1,9,0,18,0,1,0,0,0,0,1,1,5,1,17,4,1390,1,12,2,1,2
2.02E+12,2,8,0,4,0,1,0,0,0,0,2,1,5,1,40,7,1896,2,12,5,1,5
2.02E+12,1,3,0,18,0,1,0,0,0,0,1,1,5,1,17,4,125,1,1,2,1,2
2.02E+12,2,9,0,10,0,1,0,0,0,0,1,1,6,2,37,7,1399,2,8,1,1,1
2.02E+12,2,9,0,9,0,8,0,0,0,0,3,1,5,2,29,6,1461,2,5,1,1,1
2.02E+12,1,19,0,7,0,5,0,0,0,0,3,1,5,1,45,7,2402,2,9,4,1,4
2.02E+12,1,19,0,4,0,1,0,0,0,0,1,1,1,1,64,9,2461,2,9,7,1,7
2.02E+12,2,9,0,3,0,1,0,0,0,0,2,1,5,2,60,9,2400,2,3,3,1,3
2.02E+12,1,9,0,5,0,1,0,0,0,0,1,1,5,2,61,9,1198,1,1,7,1,7
2.02E+12,1,9,0,18,0,8,0,0,0,0,1,1,6,1,35,6,1968,2,7,1,1,1
2.02E+12,2,9,0,3,0,8,0,0,0,0,4,1,6,1,90,11,1198,1,11,10,1,10
2.02E+12,2,9,0,5,0,3,0,0,0,0,1,1,6,1,42,7,2143,2,4,10,1,10
2.02E+12,2,9,0,3,0,1,0,0,0,0,2,1,2,1,32,6,1395,1,3,7,1,7
2.02E+12,2,9,0,9,0,1,0,0,0,0,1,1,5,2,18,4,1386,1,12,2,1,2
2.02E+12,2,9,0,3,0,1,0,0,0,0,1,1,5,2,31,6,1896,2,10,5,1,5
2.02E+12,1,9,0,18,0,1,1,0,0,0,4,1,6,1,27,6,1781,1,13,1,1,1
2.02E+12,1,9,0,5,0,1,0,0,0,0,1,1,5,1,38,7,1968,2,2,9,1,9
2.02E+12,2,19,0,17,0,1,0,0,0,0,3,1,1,1,21,5,1995,2,3,3,1,3
2.02E+12,1,11,0,18,0,1,0,0,0,0,0,1,1,1,56,9,4760,2,5,3,2,3
2.02E+12,1,9,0,9,0,6,0,0,3,10,3,1,5,1,87,11,2179,2,3,4,3,4
2.02E+12,2,9,0,18,0,1,0,0,0,0,1,1,5,2,54,8,1968,2,2,4,3,4
2.02E+12,1,9,0,9,0,6,0,0,0,0,3,1,5,2,57,9,1199,2,5,9,3,9
2.02E+12,2,5,0,18,0,8,2,0,0,0,1,1,2,1,46,8,599,1,21,3,1,3
2.02E+12,2,9,0,5,0,3,0,0,0,0,3,1,6,2,18,4,998,1,4,1,1,1
2.02E+12,2,9,0,3,0,4,0,0,0,0,2,1,5,2,44,7,1242,1,4,2,1,2
2.02E+12,1,9,0,18,0,1,0,0,0,0,1,1,6,1,24,5,1242,1,6,1,1,1
2.02E+12,1,9,0,9,0,5,1,0,3,11,1,1,6,1,20,4,1896,2,11,5,2,5
2.02E+12,2,9,0,3,0,1,0,0,0,0,2,1,6,2,52,8,1496,1,2,9,1,9
2.02E+12,1,9,0,9,0,8,0,0,0,0,3,1,5,1,53,8,1685,2,1,5,1,5
2.02E+12,2,9,0,18,0,8,1,0,1,2,4,1,5,1,47,8,1799,1,10,1,1,1
2.02E+12,1,9,0,18,0,4,0,0,0,0,1,1,5,1,32,6,1560,2,9,3,1,3
2.02E+12,2,9,0,18,0,4,0,0,0,0,4,1,6,1,20,4,998,1,2,1,1,1
2.02E+12,1,9,0,9,0,8,0,0,0,0,1,1,5,2,38,7,1998,1,13,2,1,2
2.02E+12,1,19,0,18,0,4,0,0,0,0,1,1,1,1,53,8,2143,2,4,1,1,1
2.02E+12,1,9,0,9,0,8,0,0,0,0,4,2,5,2,42,7,1896,2,11,8,1,8
2.02E+12,1,11,0,4,0,4,0,0,0,0,0,1,1,1,52,8,9360,2,3,2,1,2
2.02E+12,1,9,0,5,0,4,0,0,0,0,3,1,6,1,53,8,1968,2,8,1,1,1
2.02E+12,2,3,0,8,0,1,0,0,0,0,2,1,6,1,31,6,124,1,10,4,1,4
2.02E+12,1,9,0,5,0,4,0,0,0,0,1,1,2,1,20,4,998,1,3,2,1,2
2.02E+12,1,9,0,18,0,8,0,0,0,0,3,1,6,2,20,4,1199,2,6,1,1,1
2.02E+12,2,19,0,18,0,8,0,0,0,0,4,1,6,1,29,6,2198,2,1,5,1,5
2.02E+12,2,9,0,3,0,1,0,0,0,0,2,1,6,2,33,6,1560,2,7,2,1,2
2.02E+12,2,9,0,3,0,5,0,0,0,0,2,1,5,1,47,8,1390,1,2,3,1,3
2.02E+12,3,9,0,3,0,8,0,0,0,0,2,1,5,1,85,11,1242,1,3,4,1,4
2.02E+12,1,9,0,9,0,1,0,0,0,0,4,1,5,1,32,6,1995,2,4,2,1,2
2.02E+12,2,3,0,18,0,1,0,0,0,0,1,1,5,1,29,6,124,1,5,2,1,2
2.02E+12,1,9,0,16,0,1,0,0,0,0,1,1,6,1,20,4,1124,1,14,2,1,2
2.02E+12,2,9,0,9,0,1,0,0,0,0,2,1,6,2,22,5,999,1,15,9,1,9
2.02E+12,1,9,0,7,0,8,0,0,0,0,4,1,5,1,59,9,1329,1,4,5,1,5
2.02E+12,1,9,0,3,0,2,0,0,0,0,1,1,5,1,39,7,2191,2,1,3,1,3
2.02E+12,3,9,0,4,0,1,0,0,0,0,1,1,6,2,58,9,1598,1,4,8,2,8
2.02E+12,2,9,0,18,0,1,0,0,0,0,1,1,5,1,36,7,1998,1,12,2,1,2
2.02E+12,1,9,0,4,0,1,0,0,0,0,1,1,6,1,72,10,1242,1,7,9,1,9
2.02E+12,2,9,0,3,0,1,0,0,0,0,2,1,6,2,56,9,1229,1,8,6,1,6
2.02E+12,1,5,0,7,0,6,0,0,0,0,1,1,2,1,37,7,800,1,4,10,1,10
2.02E+12,1,9,0,5,0,4,0,0,0,0,3,1,5,2,57,9,1560,2,9,5,1,5
2.02E+12,1,9,0,18,0,1,0,0,0,0,1,1,1,2,47,8,1598,2,5,6,2,6
2.02E+12,2,9,0,3,0,1,0,0,0,0,2,1,6,1,71,10,1896,2,8,10,2,10
2.02E+12,1,19,0,5,0,1,0,0,0,0,1,1,1,1,51,8,2402,2,6,2,3,2
2.02E+12,2,9,0,3,0,1,0,0,0,0,2,1,1,1,30,6,1398,1,5,1,1,1
2.02E+12,2,9,0,9,0,5,0,0,0,0,1,1,3,2,50,8,1968,2,9,10,1,10
2.02E+12,1,9,0,4,0,4,0,0,0,0,1,1,2,1,22,5,998,1,4,7,1,7
2.02E+12,1,9,0,18,0,1,0,0,0,0,1,1,5,1,65,9,1596,1,12,1,1,1
2.02E+12,1,9,0,18,0,8,0,0,0,0,4,1,2,1,33,6,1995,1,9,5,1,5
2.02E+12,2,9,0,5,8,8,0,0,0,0,1,1,5,2,86,11,998,1,10,10,1,10
2.02E+12,1,9,0,10,0,1,0,0,0,0,4,1,5,2,44,7,1598,1,9,2,1,2
2.02E+12,2,9,0,18,0,1,0,0,0,0,1,1,5,1,34,6,2143,2,2,9,1,9
2.02E+12,1,9,0,18,0,8,0,0,0,0,0,1,5,1,36,7,1198,1,14,2,1,2
2.02E+12,1,9,0,5,0,8,0,0,0,0,1,1,5,1,62,9,1910,2,11,1,1,1
2.02E+12,1,9,0,9,0,8,0,0,0,0,1,1,5,2,26,6,1390,1,11,2,1,2
2.02E+12,1,9,0,5,0,7,0,0,0,0,1,1,2,2,36,7,1598,1,9,6,1,6
2.02E+12,2,9,0,3,0,7,0,0,0,0,2,1,2,1,21,5,1198,1,3,4,1,4
2.02E+12,1,11,0,18,0,3,0,0,0,0,0,1,1,1,57,9,9360,2,6,1,1,1
2.02E+12,1,9,0,18,0,8,0,0,0,0,1,1,5,2,44,7,1968,2,9,2,1,2
2.02E+12,2,9,0,18,0,8,0,0,0,0,1,1,5,2,56,9,1461,2,3,4,1,4
2.02E+12,1,9,0,18,0,7,0,0,0,0,1,1,3,2,25,5,998,1,11,6,1,6
2.02E+12,2,9,0,3,0,7,0,0,0,0,2,1,1,2,33,6,1461,2,2,6,1,6
2.02E+12,1,19,0,5,0,6,0,0,4,6,3,1,1,1,37,7,1248,2,10,5,2,5
2.02E+12,2,9,0,18,0,1,0,0,4,0,1,1,5,2,57,9,1422,2,9,10,2,10
2.02E+12,1,9,0,5,0,4,0,0,0,0,1,1,6,1,36,7,1896,2,8,1,1,1
2.02E+12,1,9,0,13,0,1,0,0,0,0,2,1,5,1,22,5,1598,1,13,1,1,1
2.02E+12,2,5,0,18,0,1,1,0,0,0,1,1,5,1,46,8,1137,1,17,2,1,2
2.02E+12,2,5,0,3,0,4,0,0,0,0,4,1,5,1,59,9,1298,1,9,2,1,2
2.02E+12,1,19,0,5,0,2,0,0,0,0,0,1,5,1,26,6,1753,2,14,2,1,2
2.02E+12,1,9,0,18,0,1,0,0,0,0,1,1,6,1,24,5,1910,2,9,7,1,7
2.02E+12,2,9,0,4,0,1,0,0,0,0,2,1,5,1,66,10,1560,2,7,5,1,5
2.02E+12,1,9,0,9,0,1,0,0,0,0,4,1,6,1,56,9,1796,1,13,1,1,1
2.02E+12,2,3,0,18,0,1,5,0,0,0,1,1,6,1,24,5,125,1,1,1,1,1
2.02E+12,1,9,0,5,0,4,0,0,0,0,3,1,2,2,32,6,1198,1,5,1,1,1
2.02E+12,2,11,0,17,0,1,0,0,0,0,0,1,1,1,41,7,4461,2,2,10,1,10
2.02E+12,1,9,0,13,0,1,0,0,0,0,1,1,6,1,44,7,1229,1,8,5,1,5
2.02E+12,2,9,0,18,0,1,0,0,0,0,1,1,6,2,40,7,1560,2,11,4,1,4
2.02E+12,1,19,0,9,0,8,0,0,0,0,1,1,1,1,58,9,2198,2,2,3,1,3
2.02E+12,2,9,0,4,0,7,0,0,0,0,2,1,5,1,54,8,1598,1,3,1,1,1
2.02E+12,1,9,0,18,0,8,0,0,0,0,1,1,6,2,81,11,1242,1,14,5,1,5
2.02E+12,1,9,0,4,0,1,0,0,0,0,1,1,6,1,77,11,1995,2,9,10,1,10
2.02E+12,2,9,0,3,0,1,0,0,0,0,2,1,2,2,31,6,1199,2,6,4,1,4
2.02E+12,1,11,0,9,0,8,0,0,0,0,0,1,1,1,34,6,6696,2,3,4,2,4
2.02E+12,1,9,0,5,0,4,0,0,0,0,1,1,2,2,42,7,1968,2,7,2,1,2
2.02E+12,1,11,0,9,0,8,0,0,7,4,1,1,1,1,57,9,5900,2,8,1,1,1
2.02E+12,2,9,0,18,0,1,0,0,0,0,3,1,1,1,63,9,998,1,1,4,1,4
2.02E+12,2,9,0,3,0,1,0,0,0,0,1,1,5,2,22,5,1360,1,13,2,1,2
2.02E+12,3,9,0,5,0,1,0,0,0,0,1,1,2,1,28,6,1968,2,8,2,1,2
2.02E+12,1,90,1,9,0,8,0,0,0,0,4,1,1,1,42,7,12777,2,8,1,1,1
2.02E+12,2,9,0,18,0,8,0,0,0,0,1,1,2,1,21,5,1598,1,12,3,1,3
2.02E+12,1,9,0,18,0,1,5,4,0,0,1,1,5,1,55,8,1956,2,2,4,1,4
2.02E+12,2,19,0,3,0,1,0,0,0,0,2,1,1,1,53,8,1560,2,1,6,1,6
2.02E+12,1,9,0,18,0,4,0,0,0,0,3,1,6,1,69,10,1598,1,19,4,1,4
2.02E+12,3,90,0,2,0,1,0,0,0,0,0,1,1,1,51,8,2925,2,1,9,2,9
2.02E+12,2,9,0,4,0,1,0,0,0,0,1,1,1,2,34,6,998,1,10,2,1,2
2.02E+12,1,9,0,5,0,2,0,0,0,0,1,1,1,2,56,9,1198,1,3,4,1,4
2.02E+12,1,9,0,9,0,2,0,0,0,0,0,1,3,1,35,6,1956,2,3,2,1,2
2.02E+12,2,9,0,9,0,1,0,0,0,0,2,1,2,2,20,4,1399,2,11,3,1,3
2.02E+12,1,9,0,18,0,1,0,0,0,0,1,1,6,1,19,4,1499,1,13,10,1,10
2.02E+12,2,9,0,18,0,4,0,0,0,0,2,1,5,2,74,10,1229,1,10,1,1,1
2.02E+12,2,9,0,18,0,3,0,0,0,0,3,1,5,1,36,7,1998,1,9,2,1,2
2.02E+12,1,9,0,16,0,1,0,0,7,1,1,1,5,2,21,5,1248,1,2,1,1,1
2.02E+12,1,9,0,7,0,1,0,0,0,0,1,1,5,1,56,9,2435,1,13,8,1,8
2.02E+12,2,9,0,3,0,1,0,0,0,0,2,1,5,2,53,8,1339,1,13,4,1,4
2.02E+12,1,9,0,14,0,2,0,4,0,0,4,1,5,1,42,7,1781,1,29,9,1,9
2.02E+12,2,11,0,18,0,1,0,0,0,0,0,1,1,1,32,6,6692,2,8,3,1,3
2.02E+12,2,19,0,4,0,2,0,0,0,0,2,1,6,1,45,7,1560,2,7,5,1,5
2.02E+12,3,19,0,4,0,2,0,0,0,0,1,1,1,1,56,9,1499,2,1,9,1,9
2.02E+12,1,9,0,9,0,1,0,0,0,0,1,1,6,1,47,8,1199,1,16,4,3,4
2.02E+12,2,9,0,18,0,1,0,0,0,0,1,1,6,1,77,11,1395,1,4,8,3,8
2.02E+12,1,11,0,4,0,1,1,0,0,0,1,1,1,1,53,8,6700,2,4,9,1,9
2.02E+12,2,9,0,4,0,1,0,0,0,0,2,1,6,1,37,7,1598,1,16,3,1,3
2.02E+12,1,9,0,4,0,6,0,0,0,0,3,1,6,1,34,6,1968,2,3,6,3,6
2.02E+12,1,9,0,18,0,1,0,0,0,0,1,1,5,2,19,4,998,1,9,2,1,2
2.02E+12,3,9,0,3,0,1,0,0,0,0,2,1,5,2,46,8,1991,2,11,3,1,3
2.02E+12,1,9,0,18,0,8,0,0,0,0,1,1,5,2,42,7,1956,2,2,5,2,5
2.02E+12,1,9,0,12,0,2,0,0,0,0,2,1,2,1,55,8,1396,1,5,2,1,2
2.02E+12,2,9,0,18,0,1,0,0,0,0,1,1,1,1,34,6,2993,2,1,9,1,9
2.02E+12,1,9,0,18,0,8,0,0,0,0,1,1,5,1,42,7,1896,2,12,6,1,6
2.02E+12,2,9,0,18,0,8,0,0,0,0,3,1,5,2,29,6,2179,2,2,10,1,10
2.02E+12,1,9,0,18,0,1,0,0,0,0,1,1,6,1,49,8,2987,2,10,2,1,2
2.02E+12,2,9,0,18,0,2,0,0,0,0,1,1,2,1,42,7,1598,1,6,3,1,3
2.02E+12,1,9,0,18,0,8,0,4,0,0,1,1,5,1,37,7,1984,1,9,1,1,1
2.02E+12,2,9,0,18,0,8,0,0,0,0,0,1,1,1,42,7,1598,2,2,3,1,3
2.02E+12,3,9,0,18,0,8,0,0,0,0,0,1,1,1,46,8,1896,2,13,4,1,4
2.02E+12,2,9,0,4,0,1,0,0,0,0,2,1,5,2,47,8,1598,1,11,1,1,1
2.02E+12,1,8,0,9,0,1,0,0,0,0,1,1,1,1,28,6,1598,2,2,5,3,5
2.02E+12,1,9,0,5,0,4,0,0,0,0,1,1,6,2,27,6,1598,2,6,3,1,3
2.02E+12,2,9,0,17,0,8,0,0,0,0,4,1,6,2,31,6,1596,1,2,2,1,2
2.02E+12,1,9,0,12,0,1,0,7,0,0,2,1,5,1,58,9,2199,2,4,2,1,2
2.02E+12,2,9,0,18,0,1,0,0,0,0,1,1,5,1,42,7,1956,2,2,2,1,2
2.02E+12,2,9,0,16,0,8,0,0,0,0,1,1,5,2,48,8,2191,2,1,5,3,5
2.02E+12,1,9,0,18,0,2,0,0,0,0,1,1,6,1,30,6,3200,1,10,3,1,3
2.02E+12,2,9,0,3,0,1,0,0,0,0,2,1,6,2,42,7,1390,1,12,2,1,2
2.02E+12,1,9,0,18,0,8,0,0,0,0,3,1,6,1,18,4,1229,1,9,9,1,9
2.02E+12,2,9,0,18,0,8,0,0,0,0,4,1,6,1,42,7,1984,1,7,7,2,7
2.02E+12,1,9,0,9,0,8,0,0,0,0,1,1,5,1,57,9,1796,1,13,10,1,10
2.02E+12,1,9,0,18,0,4,0,0,0,0,1,1,5,1,21,5,1896,2,8,5,1,5
2.02E+12,1,9,0,4,0,1,0,0,1,0,1,1,5,1,30,6,1596,1,14,3,1,3
2.02E+12,2,9,0,2,0,7,0,0,1,0,2,1,1,1,45,7,1896,2,9,1,1,1
2.02E+12,2,9,0,4,0,1,0,0,0,0,2,1,5,1,43,7,1598,1,13,1,1,1
2.02E+12,1,9,0,5,0,6,0,0,0,0,3,1,5,2,31,6,1560,2,4,8,1,8
2.02E+12,1,9,0,18,0,1,0,0,0,0,1,1,3,2,44,7,1360,1,9,2,1,2
2.02E+12,3,9,0,10,0,1,0,0,0,0,2,1,6,1,52,8,1984,1,10,3,1,3
2.02E+12,1,9,0,5,0,6,0,0,0,0,1,1,5,1,68,10,2179,2,3,5,1,5
2.02E+12,2,9,0,18,0,3,5,0,7,10,4,1,3,2,31,6,998,1,10,4,1,4
2.02E+12,1,11,0,9,0,1,0,0,0,0,0,1,1,1,54,8,6692,2,5,1,1,1
2.02E+12,1,9,0,9,0,2,0,0,0,0,3,1,5,1,53,8,1396,2,5,6,1,6
2.02E+12,2,9,0,3,0,1,0,0,0,0,2,1,2,1,29,6,1242,1,11,1,1,1
2.02E+12,2,9,0,18,0,1,0,0,0,0,1,1,2,2,23,5,998,1,3,3,1,3
2.02E+12,1,9,0,4,0,1,1,0,0,0,1,1,1,2,45,7,1461,2,3,5,1,5
2.02E+12,2,9,0,18,0,1,0,0,0,0,1,1,2,3,30,6,2393,1,7,7,1,7
2.02E+12,1,9,0,18,0,8,0,10,1,0,1,1,6,1,72,10,1339,1,5,1,1,1