Accident_Index,Vehicle_Reference,Vehicle_Type,Towing_and_Articulation,Vehicle_Manoeuvre,Vehicle_Location-Restricted_Lane,Junction_Location,Skidding_and_Overturning,Hit_Object_in_Carriageway,Vehicle_Leaving_Carriageway,Hit_Object_off_Carriageway,1st_Point_of_Impact,Was_Vehicle_Left_Hand_Drive?,Journey_Purpose_of_Driver,Sex_of_Driver,Age_of_Driver,Age_Band_of_Driver,Engine_Capacity_(CC),Propulsion_Code,Age_of_Vehicle,Driver_IMD_Decile,Driver_Home_Area_Type,Vehicle_IMD_Decile
2.02E+12,2,9,0,14,0,4,0,0,0,0,2,1,1,1,46,8,1499,2,2,2,1,2
2.02E+12,3,9,0,18,0,8,0,0,0,0,3,1,5,2,51,8,2685,2,13,4,1,4
2.02E+12,2,9,0,18,0,1,0,0,1,0,1,1,1,1,46,8,1598,2,2,4,1,4
2.02E+12,1,19,0,18,0,1,0,0,0,0,1,1,6,1,29,6,1560,2,6,2,1,2
2.02E+12,2,9,0,4,0,6,0,0,0,0,2,1,6,1,33,6,1968,2,9,1,1,1
2.02E+12,1,9,0,18,0,8,0,0,0,0,1,1,6,1,48,8,1968,2,4,10,1,10
2.02E+12,2,9,0,18,0,8,0,0,0,0,2,1,1,1,79,11,1896,2,13,10,1,10
2.02E+12,1,11,0,5,0,4,0,0,0,0,0,1,1,1,61,9,4250,2,6,4,1,4
2.02E+12,1,9,0,4,0,7,0,0,1,0,1,1,5,1,22,5,1229,1,7,2,1,2
2.02E+12,2,9,0,4,0,7,0,0,1,0,2,1,5,2,60,9,1997,2,3,10,1,10
2.02E+12,1,3,0,9,0,8,1,0,0,0,1,1,2,1,29,6,125,1,5,9,1,9
2.02E+12,1,9,0,18,0,1,0,0,0,0,1,1,6,1,29,6,1242,1,11,1,1,1
2.02E+12,2,9,0,4,0,1,0,0,0,0,2,1,6,2,20,4,1206,1,8,3,1,3
2.02E+12,2,9,0,3,0,1,0,0,0,0,2,1,2,2,45,7,1198,1,4,2,1,2
2.02E+12,2,9,0,18,0,1,0,0,0,0,3,1,5,1,29,6,1968,2,5,1,1,1
2.02E+12,1,9,0,18,0,2,0,0,0,0,1,1,5,2,40,7,1969,2,1,8,1,8
2.02E+12,1,9,0,9,0,5,0,0,0,0,1,1,5,1,82,11,1197,1,2,9,1,9
2.02E+12,1,9,0,9,0,8,0,0,0,0,1,1,2,2,23,5,1229,1,1,10,1,10
2.02E+12,2,9,0,18,0,8,0,0,0,0,3,1,5,1,18,4,1149,1,4,1,1,1
2.02E+12,1,9,0,12,0,1,0,0,0,0,4,1,6,1,28,6,2959,2,12,2,1,2
2.02E+12,3,9,0,12,0,1,0,0,0,0,3,1,5,1,34,6,1968,2,10,2,1,2
2.02E+12,1,9,0,9,0,1,0,0,0,0,1,1,6,1,63,9,1999,1,12,3,1,3
2.02E+12,2,5,0,18,0,1,2,0,0,0,1,1,6,1,51,8,599,1,19,1,1,1
2.02E+12,1,19,0,9,0,8,0,0,0,0,3,1,6,1,43,7,2461,2,10,3,1,3
2.02E+12,2,9,0,18,0,3,0,0,0,0,4,1,5,2,42,7,1461,2,2,1,1,1
2.02E+12,1,9,0,4,0,1,0,0,0,0,1,1,2,1,29,6,1390,1,14,2,1,2
2.02E+12,1,9,0,9,0,8,0,0,0,0,4,1,5,2,18,4,1598,2,6,6,2,6
2.02E+12,2,9,0,18,0,8,0,0,0,0,1,1,5,1,63,9,1798,2,6,9,2,9
2.02E+12,1,9,0,18,0,1,5,0,1,11,1,1,5,1,65,9,1998,1,1,6,2,6
2.02E+12,1,9,0,4,0,1,0,0,0,0,3,1,5,2,41,7,1399,2,5,5,1,5
2.02E+12,1,9,0,7,0,2,0,0,0,0,1,1,5,1,39,7,1595,1,18,3,1,3
2.02E+12,1,9,0,4,0,1,0,0,0,0,1,1,5,1,26,6,1598,2,2,7,1,7
2.02E+12,2,9,0,3,0,1,0,0,0,0,2,1,5,2,28,6,1360,1,8,4,1,4
2.02E+12,1,9,0,5,0,2,0,0,0,0,1,1,6,1,54,8,1997,2,4,4,1,4
2.02E+12,1,9,0,4,0,1,0,0,0,0,1,1,5,2,45,7,1598,1,13,10,1,10
2.02E+12,1,9,0,18,0,8,0,0,0,0,1,1,5,2,35,6,1560,2,3,2,1,2
2.02E+12,1,9,0,1,0,1,0,0,0,0,2,1,6,1,45,7,2000,1,12,7,1,7
2.02E+12,2,9,0,18,0,8,0,0,0,0,1,1,5,1,65,9,1229,1,5,5,1,5
2.02E+12,4,19,0,3,0,1,0,0,0,0,1,1,1,1,36,7,2287,2,4,4,1,4
2.02E+12,1,9,0,9,0,8,0,0,0,0,4,1,2,1,37,7,1598,1,8,6,1,6
2.02E+12,2,9,0,18,0,8,0,0,0,0,1,1,5,1,51,8,1968,2,5,8,1,8
2.02E+12,1,9,0,9,0,8,0,0,0,0,4,1,5,1,89,11,1339,1,2,8,1,8
2.02E+12,2,9,0,9,0,8,0,0,0,0,4,1,5,1,38,7,1596,1,3,2,1,2
2.02E+12,1,9,0,5,0,6,0,0,0,0,1,1,5,1,35,6,1910,2,11,2,1,2
2.02E+12,2,3,0,18,0,8,1,0,0,0,1,1,5,1,28,6,124,1,6,5,1,5
2.02E+12,1,11,0,18,0,2,0,0,0,0,1,1,1,1,48,8,6700,2,6,3,1,3
2.02E+12,1,9,0,9,0,2,0,0,0,0,3,1,5,1,60,9,1560,2,1,4,1,4
2.02E+12,2,3,0,18,0,1,0,0,0,0,1,1,5,2,24,5,124,1,20,4,1,4
2.02E+12,1,9,0,17,0,2,2,0,1,9,4,1,5,2,31,6,1396,1,8,7,1,7
2.02E+12,1,9,0,4,0,1,0,0,1,0,3,1,5,1,66,10,1995,1,2,5,2,5
2.02E+12,2,11,0,3,0,1,0,0,0,0,4,1,1,1,50,8,6871,2,12,5,1,5
2.02E+12,1,9,0,18,0,4,0,0,0,0,1,1,2,1,27,6,998,1,3,2,1,2
2.02E+12,1,9,0,9,0,1,0,0,0,0,1,1,5,2,43,7,1399,2,7,10,1,10
2.02E+12,1,9,0,10,0,1,0,0,0,0,1,1,6,1,76,11,1560,2,2,10,1,10
2.02E+12,2,9,0,18,0,8,1,4,1,11,2,1,1,2,50,8,1596,1,8,9,1,9
2.02E+12,3,9,0,18,0,1,0,0,0,0,2,1,1,1,35,6,1968,2,4,4,1,4
2.02E+12,5,9,0,2,9,1,0,0,0,0,1,1,2,2,25,5,1242,1,3,5,1,5
2.02E+12,1,9,0,18,0,2,0,0,0,0,1,1,5,2,30,6,1598,1,10,2,1,2
2.02E+12,1,9,0,8,0,3,0,0,0,0,3,1,2,1,31,6,1598,1,13,2,1,2
2.02E+12,1,9,0,18,0,1,0,0,0,0,1,1,6,1,79,11,1360,1,7,8,2,8
2.02E+12,2,9,0,18,0,1,0,0,0,0,2,1,6,2,29,6,1896,2,9,7,2,7
2.02E+12,1,9,0,18,0,8,0,0,0,0,1,1,6,2,22,5,998,1,2,8,1,8
2.02E+12,2,9,0,9,0,8,0,0,0,0,1,1,1,2,42,7,1968,2,1,7,1,7
2.02E+12,1,9,0,9,0,8,0,0,0,0,1,1,6,1,41,7,1329,1,4,5,1,5
2.02E+12,2,9,0,18,0,8,0,0,0,0,3,1,5,2,35,6,1995,2,10,5,1,5
2.02E+12,1,9,0,5,0,8,0,0,0,0,1,1,5,1,70,10,1685,2,1,9,1,9
2.02E+12,2,9,0,18,0,8,0,0,0,0,4,1,6,2,76,11,1329,1,6,10,1,10
2.02E+12,1,9,0,9,0,8,0,0,0,0,4,1,5,1,19,4,1242,1,8,3,1,3
2.02E+12,1,9,0,4,0,8,1,0,0,0,1,1,2,1,31,6,1956,2,6,1,1,1
2.02E+12,2,9,0,3,0,8,0,0,0,0,2,1,2,2,24,5,1242,1,4,5,1,5
2.02E+12,1,11,0,18,0,4,0,10,0,0,0,1,1,1,49,8,6700,2,5,3,1,3
2.02E+12,1,9,0,4,0,7,0,0,0,0,1,1,6,2,40,7,1596,1,5,4,1,4
2.02E+12,2,9,0,3,0,7,0,0,0,0,2,1,5,2,38,7,998,1,2,7,1,7
2.02E+12,1,9,0,9,4,1,0,0,0,0,1,1,6,1,25,5,1229,1,11,3,1,3
2.02E+12,1,9,0,9,0,1,0,7,0,0,3,1,5,2,18,4,1242,1,8,1,1,1
2.02E+12,1,9,0,18,0,3,1,0,0,0,1,1,5,1,17,4,1596,1,11,9,1,9
2.02E+12,2,9,0,18,0,8,1,7,0,0,4,1,5,2,41,7,1461,2,7,2,1,2
2.02E+12,2,9,0,7,0,4,0,0,0,0,4,1,5,1,63,9,2993,2,6,8,1,8
2.02E+12,1,9,0,4,0,1,2,0,1,0,1,1,5,2,72,10,1298,1,14,3,1,3
2.02E+12,1,9,0,7,0,8,0,0,0,0,2,1,6,2,33,6,1360,1,11,1,1,1
2.02E+12,2,9,0,18,0,8,0,0,0,0,2,1,6,1,64,9,1686,2,13,3,1,3
2.02E+12,2,9,0,9,0,3,0,0,0,0,1,1,1,1,36,7,1248,2,1,5,1,5
2.02E+12,2,9,0,5,0,1,1,0,1,10,3,1,6,1,35,6,1896,2,13,3,1,3
2.02E+12,1,9,0,9,0,8,0,0,7,1,4,1,5,1,56,9,1242,1,10,5,1,5
2.02E+12,2,9,0,18,0,1,0,0,0,0,1,1,5,1,34,6,2143,2,2,9,1,9
2.02E+12,1,9,0,18,0,4,0,0,0,0,3,1,1,2,44,7,1598,2,4,3,1,3
2.02E+12,2,9,0,17,0,2,0,0,0,0,1,1,6,2,63,9,1199,1,16,4,2,4
2.02E+12,1,9,0,5,0,4,0,0,0,0,3,1,1,2,47,8,1398,2,5,7,1,7
2.02E+12,2,9,0,18,0,4,0,0,0,0,1,1,5,2,46,8,1242,1,12,4,1,4
2.02E+12,1,9,0,18,0,1,0,0,7,0,1,1,5,2,73,10,1299,1,15,2,2,2
2.02E+12,2,9,0,3,0,1,0,0,0,0,2,1,5,2,17,4,1399,2,6,3,2,3
2.02E+12,1,9,0,9,0,8,0,0,0,0,1,1,6,1,34,6,1988,2,13,9,1,9
2.02E+12,2,9,0,18,0,8,0,0,0,0,3,1,6,2,30,6,1229,1,9,6,2,6
2.02E+12,1,9,0,18,0,2,0,0,0,0,1,1,5,2,84,11,998,1,2,6,1,6
2.02E+12,2,9,0,18,0,4,0,0,0,0,1,1,6,2,40,7,1598,2,1,5,1,5
2.02E+12,1,9,0,13,0,1,0,0,0,0,1,1,6,2,40,7,1984,1,7,3,1,3
2.02E+12,1,9,0,9,0,1,0,0,0,0,1,1,5,1,25,5,1598,1,12,1,1,1
2.02E+12,2,9,0,9,0,1,0,0,0,0,1,1,6,1,48,8,1598,1,13,1,1,1
2.02E+12,2,9,0,3,0,1,0,0,0,0,2,1,5,2,55,8,998,1,3,9,1,9
2.02E+12,1,9,0,18,0,6,0,0,3,0,1,1,6,1,19,4,1994,1,15,5,2,5
2.02E+12,2,9,0,18,0,8,0,0,0,0,1,1,5,1,18,4,1198,1,4,2,1,2
2.02E+12,2,9,0,18,0,1,0,0,0,0,1,1,1,1,55,8,1686,2,7,2,1,2
2.02E+12,1,9,0,5,0,8,0,0,0,0,3,1,2,2,22,5,1242,1,2,6,1,6
2.02E+12,2,9,0,17,0,1,0,0,7,0,1,1,2,1,39,7,1560,2,8,5,1,5
2.02E+12,1,9,0,9,0,8,0,0,0,0,1,1,1,1,66,10,1997,2,5,1,1,1
2.02E+12,1,9,0,7,0,2,0,0,0,0,1,1,5,1,65,9,998,1,7,10,1,10
2.02E+12,2,9,0,18,0,1,0,0,0,0,1,1,5,1,46,8,1598,1,1,8,1,8
2.02E+12,1,9,0,5,0,4,0,0,0,0,1,1,6,2,50,8,1461,2,1,2,1,2
2.02E+12,1,9,0,9,0,8,0,0,0,0,1,1,5,2,58,9,1968,2,4,9,2,9
2.02E+12,2,9,0,3,0,1,0,0,0,0,2,1,6,2,47,8,1995,2,9,1,1,1
2.02E+12,1,9,0,4,0,1,0,0,0,0,1,1,5,2,26,6,1229,1,5,3,1,3
2.02E+12,1,9,0,16,0,1,2,0,7,1,1,1,5,1,56,9,698,1,13,4,2,4
2.02E+12,1,9,0,18,0,1,5,7,0,0,1,1,5,1,28,6,998,1,1,2,1,2
2.02E+12,1,9,0,5,0,8,0,0,0,0,3,1,5,2,61,9,1229,1,4,10,2,10
2.02E+12,2,9,0,18,0,8,0,0,0,0,4,1,5,2,45,7,1997,2,11,6,1,6
2.02E+12,1,9,0,18,0,1,0,0,1,11,1,1,5,1,72,10,1560,2,5,5,3,5
2.02E+12,1,9,0,16,0,5,1,0,7,0,1,1,6,2,25,5,998,1,7,4,1,4
2.02E+12,1,9,0,18,0,1,0,0,0,0,1,1,5,1,30,6,1248,2,8,1,1,1
2.02E+12,2,11,0,5,0,3,0,0,0,0,0,1,1,1,35,6,9000,5,3,5,1,5
2.02E+12,2,9,0,18,0,1,0,0,0,0,1,1,6,3,32,6,1400,2,10,1,1,1
2.02E+12,2,9,0,18,0,8,0,0,0,0,3,1,5,1,45,7,1388,1,8,1,1,1
2.02E+12,1,9,0,18,0,8,0,0,0,0,4,1,2,1,62,9,998,1,1,10,1,10
2.02E+12,2,9,0,9,0,6,0,0,0,0,1,1,5,2,64,9,1398,1,4,7,1,7
2.02E+12,1,9,0,18,0,1,0,0,0,0,1,1,6,2,43,7,2993,2,3,9,1,9
2.02E+12,2,9,0,16,0,3,0,0,0,0,2,1,5,2,56,9,1497,8,4,4,1,4
2.02E+12,2,9,0,10,0,8,0,0,0,0,3,1,2,2,36,7,995,1,5,1,1,1
2.02E+12,1,9,0,5,0,2,0,0,0,0,1,1,5,2,46,8,1995,2,8,1,1,1
2.02E+12,1,9,0,18,0,4,0,0,0,0,1,1,6,1,80,11,2497,2,13,3,1,3
2.02E+12,2,9,0,18,0,8,1,0,0,0,3,1,6,1,34,6,1149,1,12,7,1,7
2.02E+12,1,9,0,18,0,6,0,0,3,0,1,1,5,2,35,6,998,1,12,1,1,1
2.02E+12,1,9,0,9,0,8,0,0,0,0,4,1,2,2,24,5,1242,1,12,10,1,10
2.02E+12,2,9,0,17,0,8,0,0,0,0,1,1,5,2,21,5,796,1,12,7,1,7
2.02E+12,1,9,0,17,0,2,0,0,1,7,1,1,5,1,69,10,1686,2,5,1,1,1
2.02E+12,2,9,0,18,0,4,0,0,0,0,1,1,5,1,20,4,1149,1,2,10,1,10
2.02E+12,1,9,0,18,0,2,2,0,1,0,0,1,6,1,34,6,1390,1,9,2,2,2
2.02E+12,1,9,0,16,0,1,1,0,7,0,1,1,5,2,21,5,998,1,6,4,3,4
2.02E+12,2,9,0,17,0,8,0,0,0,0,1,1,1,2,55,8,1397,1,7,6,1,6
2.02E+12,1,3,0,18,0,1,0,0,0,0,1,1,6,1,17,4,124,1,1,4,1,4
2.02E+12,2,9,0,3,0,1,0,0,0,0,2,1,6,1,53,8,996,1,7,4,1,4
2.02E+12,1,9,0,7,0,2,0,0,0,0,1,1,6,1,50,8,1560,2,4,1,1,1
2.02E+12,2,9,0,8,0,2,0,0,0,0,2,1,6,1,26,6,1598,2,2,5,1,5
2.02E+12,3,3,0,8,0,2,0,0,0,0,0,1,6,1,30,6,124,1,5,1,1,1
2.02E+12,2,9,0,18,0,2,0,0,0,0,4,1,2,2,45,7,998,1,5,1,2,1
2.02E+12,1,9,0,18,0,1,0,0,0,0,3,1,2,2,46,8,1968,2,9,4,1,4
2.02E+12,1,9,0,7,0,8,0,0,0,0,4,1,6,1,67,10,3628,2,9,3,2,3
2.02E+12,2,9,0,18,0,1,0,0,0,0,4,1,6,2,26,6,998,1,8,8,1,8
2.02E+12,1,9,0,13,0,1,0,0,0,0,4,1,1,1,41,7,1497,1,12,3,1,3
2.02E+12,2,9,0,18,0,1,0,0,0,0,3,1,1,1,30,6,1248,2,3,9,1,9
2.02E+12,1,11,0,4,0,8,0,0,0,0,4,1,1,1,48,8,4760,2,5,8,2,8
2.02E+12,2,2,0,2,0,8,0,0,0,0,0,1,6,1,16,4,49,1,15,1,1,1
2.02E+12,1,9,0,9,0,8,0,0,0,0,1,1,1,1,65,9,1560,2,3,1,1,1
2.02E+12,2,9,0,18,0,8,0,0,7,1,1,1,1,1,20,4,1995,2,11,4,1,4
2.02E+12,1,9,0,9,0,1,0,0,3,0,3,1,5,2,19,4,998,1,14,2,1,2
2.02E+12,2,9,0,18,0,1,0,0,0,0,1,1,1,2,38,7,1229,1,7,8,1,8
2.02E+12,1,9,0,9,0,4,0,0,2,2,4,1,2,1,21,5,1598,2,6,5,3,5
2.02E+12,2,9,0,18,0,4,0,0,0,0,1,1,5,2,49,8,4164,2,16,8,3,8
2.02E+12,2,9,0,3,0,4,0,0,0,0,2,1,1,2,29,6,1398,1,2,8,1,8
2.02E+12,1,11,0,9,0,1,0,0,0,0,0,1,5,1,30,6,2464,2,8,1,1,1
2.02E+12,1,9,0,18,0,1,1,0,0,0,1,1,6,2,36,7,1951,2,17,3,1,3
2.02E+12,2,9,0,4,0,1,0,0,0,0,2,1,6,1,39,7,1339,1,11,4,1,4
2.02E+12,1,19,0,9,0,2,0,0,0,0,1,1,1,1,36,7,2287,2,1,8,1,8
2.02E+12,1,9,0,9,0,8,0,0,0,0,4,1,5,1,50,8,1798,1,9,1,2,1
2.02E+12,1,9,0,18,0,1,0,0,0,0,1,1,6,1,67,10,1560,2,6,3,1,3
2.02E+12,2,9,0,18,0,8,0,0,0,0,3,1,6,2,53,8,2204,2,11,7,1,7
2.02E+12,1,9,0,9,0,5,0,0,0,0,1,1,2,1,58,9,1598,2,3,10,1,10
2.02E+12,2,3,0,18,0,1,0,0,0,0,3,1,6,1,33,6,124,1,13,9,1,9
2.02E+12,1,9,0,4,0,1,0,0,0,0,1,1,5,2,44,7,1199,2,4,9,2,9
2.02E+12,1,9,0,18,0,2,0,0,0,0,1,1,6,2,70,10,1596,1,13,4,1,4
2.02E+12,2,9,0,9,0,5,0,0,0,0,4,1,6,1,48,8,2402,2,8,7,2,7
2.02E+12,2,19,0,18,0,8,0,0,0,0,1,1,6,1,58,9,1753,2,14,6,1,6
2.02E+12,1,9,0,9,0,6,0,0,0,0,3,1,5,2,44,7,1229,1,6,10,1,10
2.02E+12,2,9,0,18,0,2,0,0,0,0,1,1,1,1,51,8,1595,1,6,7,3,7
2.02E+12,1,9,0,18,0,1,0,0,0,0,1,1,6,1,30,6,1598,1,9,2,1,2
2.02E+12,2,9,0,18,0,1,0,0,0,0,4,1,6,1,40,7,799,2,7,7,3,7
2.02E+12,1,9,0,18,0,8,0,0,0,0,1,1,6,1,61,9,1390,1,14,5,1,5
2.02E+12,1,9,0,18,0,1,0,0,0,0,4,1,6,1,39,7,1299,1,12,2,1,2
2.02E+12,2,9,0,9,0,6,0,0,0,0,1,1,6,2,43,7,1360,1,10,3,1,3
2.02E+12,2,9,0,18,0,8,0,0,0,0,1,1,5,2,75,10,1198,1,7,8,1,8
2.02E+12,1,19,0,16,0,1,0,0,0,0,4,1,2,1,31,6,1461,2,15,5,1,5
2.02E+12,2,9,0,3,0,1,0,0,0,0,2,1,6,2,42,7,1896,2,9,2,2,2
2.02E+12,2,9,0,18,0,1,0,0,0,0,1,1,5,2,17,4,1198,1,3,7,3,7
2.02E+12,1,9,0,9,0,4,0,0,0,0,3,1,6,2,33,6,1461,2,7,3,1,3
2.02E+12,2,9,0,9,0,1,0,0,0,0,1,1,6,1,25,5,1956,2,8,7,2,7
2.02E+12,3,9,0,8,0,1,0,0,0,0,3,1,6,1,63,9,1560,2,2,3,1,3
2.02E+12,2,9,0,18,0,8,0,0,0,0,2,1,2,1,25,5,1956,2,6,7,3,7
2.02E+12,1,9,0,7,0,1,0,0,0,0,1,1,5,2,29,6,1560,2,5,4,2,4
2.02E+12,2,9,0,18,0,1,0,0,0,0,3,1,2,1,54,8,1598,1,5,3,1,3
2.02E+12,1,9,0,9,0,6,0,0,0,0,0,1,5,2,82,11,1598,2,2,3,2,3
2.02E+12,1,9,0,9,0,8,0,0,0,0,2,1,3,2,46,8,1560,2,7,4,2,4
2.02E+12,1,9,0,18,0,1,0,0,0,0,1,1,6,2,41,7,1461,2,3,4,2,4
2.02E+12,1,9,0,11,0,8,0,0,0,0,1,1,2,2,28,6,998,1,4,5,1,5
2.02E+12,2,9,0,3,0,8,0,0,0,0,2,1,2,2,25,5,998,1,3,7,2,7
2.02E+12,3,9,0,3,0,8,0,0,0,0,2,1,2,1,63,9,1364,1,10,3,1,3
2.02E+12,1,19,0,18,0,4,0,0,0,0,4,1,1,1,38,7,2198,2,3,3,1,3
2.02E+12,2,9,0,10,0,1,0,0,0,0,3,1,2,2,56,9,1242,1,1,3,1,3
2.02E+12,2,9,0,18,0,1,0,0,0,0,1,1,6,1,31,6,1596,1,12,2,2,2
2.02E+12,3,9,0,2,0,2,0,0,0,0,2,1,6,2,30,6,1598,2,2,2,3,2
2.02E+12,1,9,0,7,0,2,0,0,0,0,1,1,6,1,31,6,1399,2,15,8,1,8
2.02E+12,2,9,0,2,0,1,0,0,0,0,1,1,6,1,81,11,998,1,20,5,1,5
2.02E+12,1,9,0,18,0,8,0,0,0,0,1,1,6,1,19,4,1896,2,11,3,1,3
2.02E+12,2,9,0,3,0,8,0,0,0,0,2,1,6,1,23,5,1896,2,11,2,2,2
2.02E+12,1,9,4,18,0,8,0,0,0,0,1,1,6,1,28,6,2198,2,5,2,1,2
2.02E+12,2,9,0,3,0,8,0,0,0,0,2,1,6,2,17,4,1197,1,6,5,1,5
2.02E+12,1,9,0,9,0,1,0,0,0,0,4,1,5,1,61,9,1398,2,3,8,1,8
2.02E+12,1,9,0,9,0,6,0,0,0,0,1,1,5,1,76,11,1229,1,3,2,1,2
2.02E+12,2,9,0,18,0,1,0,0,0,0,1,1,5,1,51,8,2497,1,16,4,3,4
2.02E+12,1,9,0,1,0,1,0,0,0,0,2,1,6,1,18,4,1896,2,13,2,1,2
2.02E+12,1,9,0,9,0,8,0,0,0,0,4,1,6,1,49,8,1968,2,6,3,1,3
2.02E+12,2,9,0,18,0,8,0,0,0,0,3,1,6,2,20,4,996,1,3,4,1,4
2.02E+12,1,9,0,18,0,3,0,0,0,0,1,1,5,2,49,8,1149,1,10,9,2,9
2.02E+12,2,9,0,18,0,4,0,0,0,0,1,1,2,2,26,6,1560,2,2,4,3,4
2.02E+12,2,9,0,3,0,1,0,0,0,0,2,1,6,2,39,7,1560,2,4,2,1,2
2.02E+12,1,9,0,9,0,2,0,0,0,0,1,1,5,1,87,11,1998,2,12,7,2,7
2.02E+12,1,9,0,7,0,2,0,0,0,0,1,1,5,1,28,6,1968,2,5,7,2,7
2.02E+12,2,9,0,18,0,1,0,0,0,0,1,1,5,1,20,4,1199,1,13,3,2,3
2.02E+12,1,9,0,9,0,8,0,0,3,10,1,1,6,1,21,5,1229,1,3,7,1,7
2.02E+12,2,9,0,18,0,8,0,0,0,0,4,1,3,2,42,7,998,1,4,3,3,3
2.02E+12,2,9,0,10,0,1,0,0,0,0,2,1,6,1,47,8,1956,2,6,3,2,3
2.02E+12,1,9,0,18,0,2,0,0,0,0,4,1,5,1,59,9,1461,2,11,1,1,1
2.02E+12,1,9,0,18,0,1,0,0,0,0,1,1,1,2,21,5,1248,2,2,9,1,9
2.02E+12,2,9,0,3,0,1,0,0,0,0,2,1,6,2,59,9,1248,1,3,10,1,10
2.02E+12,1,9,0,18,0,2,0,0,0,0,4,1,5,1,78,11,996,1,5,5,3,5
2.02E+12,1,9,0,9,0,8,0,0,0,0,3,1,5,1,53,8,1388,1,15,2,2,2
2.02E+12,2,9,0,17,0,8,1,0,0,0,1,1,5,1,32,6,2184,2,12,2,1,2
2.02E+12,1,9,0,9,0,8,0,0,0,0,1,1,5,1,70,10,1997,2,1,5,1,5
2.02E+12,2,9,0,18,0,8,0,0,0,0,4,1,5,2,45,7,1951,2,12,4,3,4
2.02E+12,1,9,0,7,0,1,0,0,0,0,1,1,1,1,25,5,1598,2,2,1,1,1
2.02E+12,2,9,0,18,0,1,0,0,0,0,4,1,6,2,29,6,1198,1,13,3,1,3
2.02E+12,1,9,0,9,0,8,0,0,0,0,4,1,5,2,26,6,1461,2,3,3,1,3
2.02E+12,1,9,0,11,0,8,0,0,0,0,4,1,5,2,46,8,1396,1,6,7,2,7
2.02E+12,1,9,0,9,0,8,0,0,0,0,4,1,5,1,19,4,1598,2,4,6,2,6
2.02E+12,2,9,0,18,0,8,0,0,0,0,1,1,5,1,51,8,1598,2,1,2,1,2
2.02E+12,1,9,0,2,0,1,0,0,0,0,3,1,1,1,33,6,973,1,16,7,1,7
2.02E+12,1,11,0,16,0,3,0,0,0,0,0,1,1,1,51,8,4250,2,3,1,2,1
2.02E+12,1,9,0,9,9,5,0,0,0,0,1,1,5,2,76,11,1246,1,12,3,1,3
2.02E+12,1,9,0,17,0,1,0,0,0,0,1,1,5,1,40,7,1870,2,3,3,1,3
2.02E+12,2,9,0,18,0,3,0,0,0,0,0,1,1,2,32,6,1995,2,4,3,1,3
2.02E+12,1,9,0,18,0,4,0,0,1,0,1,1,6,1,29,6,1896,2,12,1,1,1
2.02E+12,2,9,0,9,0,8,0,0,0,0,4,1,6,1,45,7,1896,2,12,5,1,5
2.02E+12,2,9,0,9,0,8,0,0,0,0,1,1,5,1,84,11,1588,1,13,1,1,1
2.02E+12,2,3,0,18,0,1,0,0,0,0,4,1,6,1,24,5,125,1,12,1,1,1
2.02E+12,1,9,0,7,0,1,0,0,0,0,1,1,2,1,45,7,1560,2,9,2,2,2
2.02E+12,2,3,0,18,0,8,0,0,0,0,1,1,1,1,24,5,125,1,5,1,1,1
2.02E+12,1,9,0,9,0,6,0,0,0,0,3,1,5,2,17,4,998,1,8,2,2,2
2.02E+12,2,9,0,18,0,1,0,0,0,0,1,1,1,1,52,8,1598,2,5,5,1,5
2.02E+12,1,9,0,17,0,8,2,0,7,1,1,1,6,2,22,5,998,1,15,2,1,2
2.02E+12,1,9,0,7,0,4,0,0,0,0,1,1,6,2,34,6,1598,1,11,1,1,1
2.02E+12,2,9,0,18,0,8,0,0,0,0,4,1,5,2,32,6,1396,1,15,1,1,1
2.02E+12,2,9,0,18,0,1,0,0,0,0,1,1,1,2,47,8,1598,2,7,6,1,6
2.02E+12,1,9,0,4,0,1,0,0,0,0,1,1,5,1,52,8,1956,2,2,6,1,6
2.02E+12,2,9,0,8,0,1,0,0,0,0,2,1,5,1,34,6,1896,2,10,4,1,4
2.02E+12,1,9,0,5,0,1,0,0,0,0,3,1,5,1,46,8,1598,1,5,2,1,2
2.02E+12,2,9,0,18,0,1,0,0,0,0,1,1,5,1,76,11,1796,7,13,1,2,1
2.02E+12,2,19,0,18,0,3,0,0,0,0,4,1,1,1,21,5,2198,2,2,3,1,3
2.02E+12,1,21,0,18,0,8,0,0,0,0,1,1,1,1,60,9,4485,2,2,1,1,1
2.02E+12,2,19,0,10,0,8,0,0,0,0,2,1,6,1,49,8,2198,2,6,8,1,8
2.02E+12,3,9,0,18,0,8,0,0,0,0,1,1,6,1,35,6,1422,2,11,7,3,7
2.02E+12,1,9,0,7,0,2,0,0,0,0,0,1,5,1,36,7,1198,1,3,3,1,3
2.02E+12,2,2,0,18,0,1,0,0,0,0,0,1,5,1,17,4,49,1,3,9,1,9
2.02E+12,1,9,0,7,0,2,5,7,0,0,4,1,5,2,41,7,2179,2,5,4,2,4
2.02E+12,1,9,0,13,0,8,0,0,7,4,1,1,5,2,18,4,1198,1,2,2,3,2
2.02E+12,2,9,0,9,0,8,0,0,0,0,3,1,5,1,43,7,1248,2,5,7,3,7
2.02E+12,2,9,0,9,0,8,0,0,0,0,3,1,6,1,49,8,1560,2,8,3,1,3
2.02E+12,1,9,0,9,0,1,0,0,0,0,1,1,6,2,30,6,1686,2,12,1,1,1
2.02E+12,2,9,0,18,0,1,0,0,0,0,4,1,5,1,65,9,1598,1,1,1,1,1