Accident_Index,Vehicle_Reference,Vehicle_Type,Towing_and_Articulation,Vehicle_Manoeuvre,Vehicle_Location-Restricted_Lane,Junction_Location,Skidding_and_Overturning,Hit_Object_in_Carriageway,Vehicle_Leaving_Carriageway,Hit_Object_off_Carriageway,1st_Point_of_Impact,Was_Vehicle_Left_Hand_Drive?,Journey_Purpose_of_Driver,Sex_of_Driver,Age_of_Driver,Age_Band_of_Driver,Engine_Capacity_(CC),Propulsion_Code,Age_of_Vehicle,Driver_IMD_Decile,Driver_Home_Area_Type,Vehicle_IMD_Decile
2.02E+12,1,9,0,18,0,4,0,0,0,0,1,1,5,1,75,10,1796,1,13,3,2,3
2.02E+12,1,9,0,13,0,1,1,0,0,0,1,1,6,1,34,6,1990,1,18,6,1,6
2.02E+12,2,9,0,9,0,1,0,0,0,0,2,1,6,1,35,6,1596,1,13,8,1,8
2.02E+12,2,9,0,18,0,8,0,0,0,0,4,1,6,1,65,9,1461,2,2,3,1,3
2.02E+12,1,9,0,18,0,1,0,0,1,0,4,1,6,1,25,5,1896,2,13,2,1,2
2.02E+12,2,9,0,18,0,1,0,0,0,0,1,1,6,1,55,8,1968,2,1,4,1,4
2.02E+12,1,9,0,18,0,1,0,0,7,0,1,1,1,2,29,6,1000,1,2,7,2,7
2.02E+12,2,9,0,10,0,1,0,0,0,0,2,1,5,1,49,8,1598,1,17,4,3,4
2.02E+12,1,11,0,5,0,8,0,0,0,0,0,1,1,1,62,9,6700,2,6,7,3,7
2.02E+12,2,9,0,9,0,6,0,0,0,0,3,1,5,2,23,5,1240,1,12,4,1,4
2.02E+12,1,9,0,9,0,4,0,0,0,0,1,1,6,1,59,9,1968,2,1,8,1,8
2.02E+12,2,9,0,9,0,8,0,0,0,0,1,1,6,2,25,5,2000,2,8,10,1,10
2.02E+12,1,9,0,18,0,6,0,0,0,0,1,1,6,1,20,4,1560,2,6,7,2,7
2.02E+12,2,9,0,18,0,1,0,0,0,0,3,1,6,2,33,6,1596,1,11,3,2,3
2.02E+12,3,11,0,3,0,1,0,0,0,0,1,1,6,1,56,9,4461,2,2,4,1,4
2.02E+12,1,9,0,9,0,1,0,0,0,0,4,1,6,1,55,8,1598,2,4,3,1,3
2.02E+12,2,9,0,3,0,1,0,0,0,0,2,1,4,2,17,4,1242,1,12,9,1,9
2.02E+12,1,9,0,17,0,8,0,0,0,0,1,1,2,1,19,4,998,1,15,1,1,1
2.02E+12,2,9,0,16,0,1,0,0,0,0,1,1,2,1,69,10,1587,1,9,2,2,2
2.02E+12,3,9,0,16,0,1,0,0,0,0,1,1,2,1,26,6,1149,1,13,9,1,9
2.02E+12,2,9,0,18,0,8,0,0,0,0,1,1,5,1,59,9,1984,1,14,8,1,8
2.02E+12,1,9,0,9,0,1,0,0,0,0,3,1,5,1,54,8,1794,1,12,3,1,3
2.02E+12,2,9,0,17,0,1,0,0,0,0,1,1,5,1,57,9,1299,1,13,9,1,9
2.02E+12,1,9,0,7,0,1,0,0,0,0,1,1,6,2,34,6,2987,2,10,4,3,4
2.02E+12,2,9,0,18,0,1,0,0,0,0,2,1,6,2,29,6,1498,1,8,5,1,5
2.02E+12,1,9,0,9,0,2,0,0,0,0,1,1,6,1,20,4,1199,1,1,3,1,3
2.02E+12,2,9,0,18,0,1,0,0,0,0,1,1,6,1,29,6,2143,2,2,9,1,9
2.02E+12,1,9,0,18,0,1,0,0,0,0,1,1,2,2,26,6,1598,1,2,10,1,10
2.02E+12,2,9,0,3,0,1,0,0,0,0,2,1,2,2,33,6,1995,2,8,2,1,2
2.02E+12,1,9,0,9,0,1,0,0,0,0,1,1,1,1,59,9,1242,1,13,1,1,1
2.02E+12,2,9,0,9,0,8,0,0,7,3,3,1,5,1,44,7,2204,2,11,7,3,7
2.02E+12,1,9,0,9,0,1,0,0,0,0,1,1,6,2,65,9,1591,1,8,9,2,9
2.02E+12,2,9,0,18,0,1,0,0,0,0,1,1,6,1,73,10,1799,1,9,4,2,4
2.02E+12,2,9,0,4,0,1,0,0,0,0,4,1,5,1,63,9,1398,1,2,5,2,5
2.02E+12,1,9,0,18,0,4,0,0,0,0,1,1,5,1,33,6,1364,2,12,3,1,3
2.02E+12,1,9,0,18,0,8,0,0,7,4,1,1,2,1,57,9,2198,2,12,3,1,3
2.02E+12,2,3,0,18,0,1,1,0,0,0,1,1,5,1,22,5,125,1,2,3,3,3
2.02E+12,1,3,0,13,0,1,0,0,0,0,1,1,6,1,27,6,125,1,34,1,1,1
2.02E+12,2,9,0,9,0,1,0,0,0,0,3,1,6,1,23,5,1600,1,3,5,1,5
2.02E+12,2,9,0,18,0,1,0,0,2,7,1,1,5,2,18,4,1229,1,9,2,2,2
2.02E+12,1,9,0,9,0,1,0,0,0,0,1,1,5,1,24,5,2143,2,6,5,2,5
2.02E+12,1,9,0,7,0,6,0,0,0,0,2,1,6,1,42,7,2495,2,21,4,3,4
2.02E+12,2,9,0,18,0,2,0,0,0,0,1,1,5,1,50,8,1399,1,1,5,3,5
2.02E+12,3,9,0,18,0,2,0,0,0,0,0,1,5,1,80,11,2184,2,10,5,3,5
2.02E+12,1,9,0,9,0,4,0,0,0,0,0,1,6,2,61,9,1200,1,1,5,1,5
2.02E+12,2,9,0,10,0,1,0,0,0,0,2,1,2,2,32,6,1390,1,10,1,1,1
2.02E+12,2,9,0,18,0,8,0,0,0,0,1,1,5,2,35,6,1997,1,14,3,1,3
2.02E+12,1,9,0,18,0,1,1,0,1,0,1,1,5,1,38,7,1895,1,16,2,2,2
2.02E+12,2,19,0,7,0,1,0,0,0,0,0,1,5,1,51,8,1998,2,11,10,1,10
2.02E+12,1,9,0,18,0,1,0,0,0,0,1,1,2,2,23,5,1329,1,7,8,1,8
2.02E+12,2,9,0,3,0,1,0,0,0,0,1,1,5,1,31,6,1197,1,2,2,1,2
2.02E+12,3,9,0,9,0,1,0,0,0,0,2,1,5,2,34,6,1349,1,8,9,1,9
2.02E+12,1,9,0,18,0,1,0,0,0,0,3,1,2,1,20,4,1229,1,5,10,1,10
2.02E+12,2,9,0,18,0,1,1,0,0,0,1,1,2,2,22,5,1422,2,14,6,3,6
2.02E+12,1,9,0,18,0,1,0,0,0,0,1,1,6,2,84,11,1396,1,8,9,2,9
2.02E+12,2,9,0,18,0,1,5,0,1,0,3,1,6,2,59,9,1461,2,4,5,1,5
2.02E+12,1,9,0,9,0,6,0,0,0,0,1,1,6,1,23,5,1398,2,7,3,3,3
2.02E+12,1,9,0,9,0,5,0,0,0,0,1,1,6,1,39,7,1598,1,16,2,2,2
2.02E+12,2,5,0,18,0,1,0,0,1,0,1,1,6,1,43,7,599,1,19,2,1,2
2.02E+12,1,9,0,7,0,1,0,0,0,0,3,1,5,1,82,11,1368,1,2,7,1,7
2.02E+12,2,9,0,18,0,1,0,0,0,0,1,1,1,2,19,4,998,1,12,5,1,5
2.02E+12,1,9,0,9,0,5,0,0,0,0,4,1,5,1,60,9,1349,1,5,9,1,9
2.02E+12,2,5,0,18,0,1,0,0,0,0,1,1,5,1,55,8,1261,1,14,8,1,8
2.02E+12,1,9,0,18,0,1,0,4,0,0,1,1,2,1,45,7,998,1,6,3,1,3
2.02E+12,2,21,0,2,0,1,0,0,0,0,2,1,1,1,46,8,12809,2,2,2,1,2
2.02E+12,1,9,0,18,0,1,0,0,0,0,1,1,6,1,68,10,1781,1,21,5,1,5
2.02E+12,2,9,0,3,0,1,0,0,0,0,2,1,6,2,36,7,1461,2,8,9,2,9
2.02E+12,1,9,0,18,0,1,0,0,0,0,1,1,6,1,67,10,1242,1,6,5,1,5
2.02E+12,2,9,0,3,0,1,0,0,0,0,2,1,6,1,51,8,1390,1,15,1,1,1
2.02E+12,1,9,0,18,0,8,0,0,0,0,4,1,5,2,41,7,1360,1,11,8,1,8
2.02E+12,1,5,0,6,0,1,0,0,0,0,1,1,5,1,42,7,805,1,22,2,2,2
2.02E+12,2,9,0,13,0,1,0,0,0,0,1,1,6,1,44,7,996,1,5,7,3,7
2.02E+12,1,9,0,9,0,6,0,0,0,0,1,1,6,1,36,7,1242,1,6,2,3,2
2.02E+12,2,9,0,17,0,1,1,0,0,0,1,1,6,1,50,8,1686,2,14,3,1,3
2.02E+12,2,9,0,9,0,6,0,0,0,0,1,1,6,1,40,7,1598,2,1,3,1,3
2.02E+12,1,9,0,16,0,1,2,0,7,0,1,1,5,1,31,6,2495,2,14,1,1,1
2.02E+12,1,9,0,18,0,1,0,0,0,0,1,1,6,1,26,6,1242,1,1,5,3,5
2.02E+12,2,9,0,3,0,1,0,0,0,0,2,1,2,1,41,7,1998,1,14,9,1,9
2.02E+12,1,9,0,18,0,1,0,0,0,0,1,1,5,1,78,11,1386,1,8,6,2,6
2.02E+12,2,9,0,10,0,1,0,0,0,0,2,1,5,1,32,6,1360,1,10,7,3,7
2.02E+12,1,9,0,9,0,1,0,0,0,0,1,1,5,1,27,6,1396,1,8,2,2,2
2.02E+12,2,9,0,18,0,1,0,0,0,0,1,1,5,1,65,9,1399,1,12,2,2,2
2.02E+12,1,9,0,18,0,1,0,0,0,0,1,1,6,1,37,7,1399,2,6,1,1,1
2.02E+12,2,9,0,10,0,1,0,0,0,0,3,1,6,1,36,7,1753,2,9,2,1,2
2.02E+12,3,9,0,18,0,1,0,0,0,0,1,1,6,2,41,7,1598,1,11,3,1,3
2.02E+12,1,9,0,18,0,4,0,7,1,0,3,1,6,1,28,6,1086,1,13,1,1,1
2.02E+12,2,9,0,18,0,8,0,0,0,0,1,1,6,1,26,6,1968,2,1,5,1,5
2.02E+12,1,9,0,9,0,6,0,0,0,0,1,1,5,2,54,8,1242,1,1,8,1,8
2.02E+12,1,9,0,9,0,6,0,0,0,0,1,1,6,1,46,8,1896,2,10,3,1,3
2.02E+12,2,9,0,18,0,1,0,0,7,0,1,1,6,2,64,9,1968,2,11,8,2,8
2.02E+12,1,9,0,9,0,5,0,0,0,0,4,1,5,1,44,7,1998,1,12,7,2,7
2.02E+12,2,5,0,18,0,1,0,0,0,0,1,1,5,1,37,7,781,1,17,2,2,2
2.02E+12,1,9,0,18,0,8,0,0,0,0,4,1,6,2,20,4,1242,1,1,4,1,4
2.02E+12,1,9,0,9,0,6,0,0,1,0,3,1,5,1,81,11,998,1,2,3,1,3
2.02E+12,2,9,0,18,0,1,0,0,0,0,1,1,5,2,54,8,1995,2,5,3,1,3
2.02E+12,1,9,0,18,0,1,0,0,1,11,1,1,5,2,84,11,1332,1,19,10,1,10
2.02E+12,1,9,0,18,0,1,0,0,0,0,1,1,2,1,29,6,2926,2,12,8,1,8
2.02E+12,2,9,0,9,0,1,0,0,0,0,3,1,2,1,54,8,1998,8,1,3,1,3
2.02E+12,1,9,0,18,0,1,0,0,0,0,1,1,5,1,63,9,998,1,24,5,1,5
2.02E+12,3,9,0,3,0,1,0,0,0,0,2,1,5,1,42,7,1499,2,2,7,1,7
2.02E+12,1,9,0,7,0,6,0,0,0,0,1,1,6,1,87,11,998,1,6,4,1,4
2.02E+12,2,9,0,18,0,1,0,0,0,0,4,1,6,2,69,10,1329,1,4,1,1,1
2.02E+12,1,9,0,18,0,8,0,4,0,0,1,1,6,1,26,6,1588,1,14,3,1,3
2.02E+12,1,9,0,11,2,8,0,0,0,0,4,1,2,1,52,8,999,1,2,1,1,1
2.02E+12,2,11,0,18,2,8,0,0,0,0,1,1,1,1,59,9,4250,2,8,1,1,1
2.02E+12,1,9,0,4,0,1,0,0,0,0,1,1,5,2,34,6,2967,2,6,5,1,5
2.02E+12,1,9,0,9,0,1,0,0,0,0,4,1,5,2,44,7,1968,2,8,8,2,8
2.02E+12,2,9,0,18,0,1,0,0,0,0,1,1,2,2,33,6,1598,1,14,5,2,5
2.02E+12,1,9,0,18,0,1,0,0,0,0,1,1,6,1,36,7,1197,1,7,5,1,5
2.02E+12,2,9,0,4,0,1,0,0,0,0,2,1,6,1,24,5,1968,2,9,3,2,3
2.02E+12,3,9,0,4,0,1,0,0,0,0,0,1,6,2,73,10,1229,1,11,9,1,9
2.02E+12,1,9,0,9,0,1,0,0,0,0,1,1,6,1,59,9,1598,1,14,1,2,1
2.02E+12,1,9,0,9,0,8,0,0,0,0,1,1,6,1,54,8,1598,1,9,4,3,4
2.02E+12,2,9,0,9,0,8,0,0,0,0,2,1,6,2,38,7,1796,1,14,2,1,2
2.02E+12,1,9,0,18,0,8,0,0,0,0,1,1,2,2,29,6,1560,2,7,1,1,1
2.02E+12,1,19,0,18,0,1,0,0,1,0,1,1,1,1,52,8,1995,2,6,7,3,7
2.02E+12,2,9,0,9,0,8,0,0,0,0,1,1,2,2,51,8,2204,2,8,9,2,9
2.02E+12,1,19,0,9,0,2,0,0,0,0,1,1,1,1,55,8,2299,2,1,7,1,7
2.02E+12,2,9,0,18,0,1,0,0,0,0,3,1,5,1,28,6,1995,1,8,2,2,2
2.02E+12,1,9,0,9,0,6,0,0,0,0,3,1,6,2,52,8,1560,2,6,2,1,2
2.02E+12,2,9,0,18,0,1,0,0,0,0,1,1,6,1,69,10,1796,1,13,2,1,2
2.02E+12,1,9,0,18,0,1,0,0,0,0,1,1,6,1,40,7,1896,2,14,1,1,1
2.02E+12,2,9,0,4,0,1,0,0,0,0,2,1,5,2,23,5,999,1,1,2,1,2
2.02E+12,1,21,0,7,0,6,0,0,0,0,3,1,1,1,31,6,10677,2,2,1,1,1
2.02E+12,2,9,0,18,0,1,0,0,0,0,4,1,5,2,46,8,1197,1,4,5,1,5
2.02E+12,1,9,0,9,0,1,0,0,0,0,1,1,2,2,56,9,1149,1,14,3,1,3
2.02E+12,1,9,0,18,0,8,0,0,0,0,1,1,5,1,45,7,1461,2,7,5,3,5
2.02E+12,1,9,0,18,0,1,0,0,0,0,1,1,5,1,33,6,1753,2,9,1,1,1
2.02E+12,2,9,0,18,0,1,0,0,0,0,3,1,1,2,18,4,1242,1,13,6,2,6
2.02E+12,3,9,0,3,0,1,0,0,0,0,3,1,1,1,70,10,1395,1,1,9,1,9
2.02E+12,4,9,0,3,0,1,0,0,0,0,1,1,5,2,21,5,1149,1,3,6,1,6
2.02E+12,1,9,0,9,0,1,0,0,0,0,1,1,6,1,19,4,998,1,1,1,1,1
2.02E+12,2,9,0,18,0,1,0,0,0,0,4,1,6,1,48,8,1598,2,4,8,1,8
2.02E+12,1,9,0,18,0,1,1,0,0,0,1,1,6,2,25,5,1360,1,17,2,1,2
2.02E+12,2,9,0,4,0,1,0,0,0,0,2,1,6,2,67,10,1598,1,3,4,2,4
2.02E+12,3,9,0,10,0,1,0,0,0,0,2,1,6,2,80,11,1597,1,8,1,1,1
2.02E+12,1,9,0,18,0,1,0,0,0,0,1,1,5,1,56,9,1997,2,3,4,3,4
2.02E+12,2,9,0,10,0,1,0,0,0,0,2,1,2,2,48,8,1368,1,2,5,2,5
2.02E+12,1,9,0,9,0,6,0,0,0,0,3,1,6,1,70,10,1686,2,6,9,1,9
2.02E+12,2,9,0,18,0,1,0,0,0,0,1,1,5,2,53,8,1560,2,2,2,1,2
2.02E+12,2,9,0,10,0,1,0,0,0,0,3,1,2,2,46,8,1149,1,15,4,3,4
2.02E+12,1,9,0,9,0,1,0,0,0,0,1,1,5,1,76,11,2000,1,12,9,1,9
2.02E+12,1,9,0,13,0,1,0,0,0,0,1,1,2,1,48,8,1798,1,2,8,1,8
2.02E+12,2,9,0,9,0,1,0,0,0,0,2,1,6,2,59,9,1984,2,3,7,3,7
2.02E+12,1,9,0,18,0,1,1,0,2,0,1,1,5,1,20,4,1596,1,8,6,3,6
2.02E+12,1,9,0,18,0,1,5,0,3,10,1,1,5,1,16,4,998,1,15,1,1,1
2.02E+12,1,9,0,9,0,6,0,0,0,0,1,1,5,1,72,10,1794,1,9,10,1,10
2.02E+12,1,17,0,9,0,6,0,0,0,0,1,1,6,1,19,4,6728,2,4,7,3,7
2.02E+12,2,9,0,18,0,1,0,0,0,0,3,1,6,2,42,7,1560,2,6,2,2,2
2.02E+12,2,9,0,9,0,1,0,0,0,0,2,1,5,1,68,10,998,1,4,8,2,8
2.02E+12,1,9,0,7,0,6,1,0,0,0,1,1,5,1,30,6,1149,1,4,3,3,3
2.02E+12,2,9,0,18,0,1,0,0,0,0,1,1,5,1,49,8,1248,1,3,8,1,8
2.02E+12,1,9,0,9,0,3,0,0,0,0,1,1,1,1,51,8,1598,2,4,8,1,8
2.02E+12,1,9,0,9,0,8,0,0,0,0,1,1,5,2,26,6,1229,1,4,2,1,2
2.02E+12,2,9,0,18,0,8,0,0,0,0,3,1,5,1,23,5,998,1,5,3,1,3
2.02E+12,1,9,0,9,0,1,0,0,0,0,1,1,6,1,55,8,1248,2,7,3,1,3
2.02E+12,1,9,0,18,0,8,0,0,0,0,1,1,6,2,58,9,1796,1,8,10,1,10
2.02E+12,2,11,0,4,0,1,0,0,0,0,3,1,1,1,60,9,4461,2,2,1,1,1
2.02E+12,1,9,0,18,0,1,5,0,0,0,3,1,5,1,75,10,1560,2,7,5,1,5
2.02E+12,2,9,0,18,0,1,0,0,0,0,1,1,5,2,25,5,1686,2,3,7,1,7
2.02E+12,1,9,0,18,0,1,0,0,0,0,4,1,5,2,44,7,998,1,2,8,2,8
2.02E+12,1,9,0,18,0,2,0,0,0,0,1,1,5,2,87,11,1061,1,11,2,1,2
2.02E+12,2,9,0,4,0,1,0,0,0,0,2,1,6,1,25,5,1968,2,4,5,1,5
2.02E+12,2,9,0,18,0,8,0,0,1,0,1,1,5,1,66,10,1951,2,15,9,1,9
2.02E+12,1,9,0,18,0,1,0,0,0,0,1,1,5,2,37,7,2494,1,18,7,1,7
2.02E+12,2,9,0,18,0,1,0,0,0,0,1,1,5,2,58,9,1329,1,2,5,1,5
2.02E+12,1,9,0,9,0,1,0,0,0,0,1,1,5,1,25,5,1229,1,9,2,1,2
2.02E+12,2,9,0,18,0,1,0,0,0,0,1,1,5,2,52,8,1242,1,12,5,2,5
2.02E+12,1,11,0,18,0,8,0,0,0,0,0,1,1,1,21,5,6700,2,6,4,1,4
2.02E+12,1,9,0,9,0,1,0,0,0,0,1,1,6,1,34,6,1968,2,8,2,1,2
2.02E+12,2,9,0,18,0,1,0,0,0,0,1,1,6,1,33,6,1461,2,2,2,1,2
2.02E+12,1,9,0,9,0,6,0,0,0,0,1,1,6,1,63,9,998,1,1,5,1,5
2.02E+12,2,9,0,18,0,1,0,0,0,0,1,1,6,1,43,7,999,1,5,6,2,6
2.02E+12,3,9,0,10,0,1,0,0,0,0,1,1,6,2,26,6,1398,1,1,8,1,8
2.02E+12,1,11,0,4,0,8,0,0,0,0,0,1,1,1,51,8,12816,5,4,3,1,3
2.02E+12,2,9,0,8,0,1,0,0,0,0,2,1,5,2,26,6,1490,1,9,3,1,3
2.02E+12,1,9,0,1,0,8,0,0,0,0,2,1,5,1,46,8,1598,2,2,1,1,1
2.02E+12,1,9,0,16,0,1,0,0,0,0,1,1,6,2,27,6,1995,2,9,2,2,2
2.02E+12,2,9,0,17,0,1,0,0,0,0,4,1,5,2,27,6,1560,2,5,2,2,2
2.02E+12,1,9,0,9,0,1,0,0,0,0,1,1,6,2,55,8,998,1,12,1,1,1
2.02E+12,1,9,0,12,0,8,0,0,0,0,3,1,6,1,47,8,2685,2,15,3,1,3
2.02E+12,2,9,0,18,0,8,0,0,0,0,4,1,6,2,29,6,1998,2,3,4,2,4
2.02E+12,1,9,0,18,0,8,0,0,0,0,4,1,5,1,50,8,1587,1,15,1,1,1
2.02E+12,1,9,0,18,0,1,0,0,0,0,1,1,5,1,60,9,1997,2,3,4,1,4
2.02E+12,2,9,0,3,0,1,0,0,0,0,2,1,5,1,69,10,1560,2,12,3,1,3
2.02E+12,1,9,0,7,0,1,0,0,0,0,1,1,5,1,59,9,1560,2,4,5,2,5
2.02E+12,2,9,0,18,0,1,0,0,0,0,1,1,5,1,44,7,2967,2,10,7,2,7
2.02E+12,1,9,0,9,0,1,0,0,0,0,1,1,2,1,26,6,1149,1,13,5,1,5
2.02E+12,2,9,0,18,0,1,0,0,0,0,1,1,5,1,30,6,1598,1,16,3,1,3
2.02E+12,3,9,0,10,0,1,0,0,0,0,1,1,5,2,27,6,1229,1,6,6,2,6
2.02E+12,1,9,0,18,0,2,0,0,0,0,1,1,6,2,76,11,1586,1,7,5,3,5
2.02E+12,2,9,0,2,0,2,0,0,0,0,2,1,6,1,50,8,1399,1,9,5,3,5
2.02E+12,3,9,0,2,0,2,0,0,0,0,1,1,6,2,40,7,1364,1,9,5,3,5
2.02E+12,1,9,0,18,0,1,1,0,0,0,1,1,6,1,31,6,1560,2,13,3,1,3
2.02E+12,2,9,0,18,0,3,0,0,7,0,3,1,2,1,40,7,1997,2,6,4,3,4
2.02E+12,1,9,0,9,0,6,0,0,0,0,3,1,1,2,21,5,1598,1,15,2,1,2
2.02E+12,2,9,0,18,0,1,0,0,0,0,1,1,1,1,46,8,998,1,4,2,2,2
2.02E+12,2,9,0,17,0,1,0,0,0,0,1,1,1,1,65,9,2464,2,9,2,1,2
2.02E+12,1,9,0,9,0,6,0,0,0,0,1,1,6,2,37,7,1229,1,1,3,3,3
2.02E+12,2,9,0,16,0,1,0,0,0,0,1,1,1,1,67,10,1968,2,4,3,1,3
2.02E+12,1,9,0,9,0,8,0,0,0,0,3,1,6,2,30,6,1461,2,2,2,1,2
2.02E+12,2,9,0,18,0,1,0,0,0,0,4,1,6,2,82,11,1061,1,12,1,1,1
2.02E+12,1,11,0,5,0,1,0,0,0,0,4,1,5,1,31,6,6700,2,4,10,1,10
2.02E+12,1,9,0,4,0,1,0,0,0,0,4,1,6,2,35,6,2993,2,7,2,1,2
2.02E+12,2,9,0,5,0,1,0,0,0,0,3,1,6,2,29,6,1796,1,6,2,1,2
2.02E+12,1,9,0,5,0,1,0,0,0,0,3,1,2,2,23,5,1240,1,8,9,1,9
2.02E+12,2,9,0,18,0,1,0,0,0,0,1,1,5,2,19,4,998,1,5,1,1,1
2.02E+12,1,9,0,16,0,3,0,0,0,0,3,1,5,1,26,6,2967,2,6,6,1,6
2.02E+12,1,9,0,5,0,4,0,0,0,0,3,1,5,2,64,9,1199,2,6,6,3,6
2.02E+12,1,9,0,5,0,2,0,0,0,0,1,1,5,2,33,6,1398,1,1,3,3,3
2.02E+12,1,9,0,4,0,1,0,0,0,0,1,1,6,1,65,9,1753,2,8,2,1,2
2.02E+12,2,9,0,10,0,1,0,0,0,0,2,1,6,2,28,6,1598,1,11,3,1,3
2.02E+12,1,9,0,18,0,1,0,0,0,0,1,1,5,2,22,5,1598,1,4,7,2,7
2.02E+12,2,9,0,10,0,1,0,0,0,0,0,1,5,2,33,6,1796,1,11,4,3,4
2.02E+12,1,9,0,5,0,6,0,0,0,0,1,1,5,2,40,7,2143,2,2,8,3,8
2.02E+12,2,9,0,3,0,1,0,0,0,0,2,1,5,2,35,6,1598,1,10,2,2,2
2.02E+12,2,9,0,18,0,1,0,0,0,0,4,1,6,2,47,8,1229,1,11,2,1,2
2.02E+12,1,9,0,18,0,4,0,0,0,0,1,1,6,2,22,5,1498,1,6,3,1,3
2.02E+12,1,11,0,3,0,4,0,0,0,0,0,1,6,1,57,9,9360,2,2,4,1,4
2.02E+12,1,9,0,9,0,1,0,0,0,0,1,1,6,2,31,6,1360,1,13,5,1,5
2.02E+12,2,9,0,2,0,1,0,0,0,0,3,1,5,1,60,9,1364,1,2,2,2,2
2.02E+12,2,9,0,18,0,1,0,0,0,0,3,1,5,1,42,7,1086,1,8,1,1,1
2.02E+12,1,9,0,18,0,1,0,0,0,0,1,1,6,2,20,4,1248,1,5,2,1,2
2.02E+12,2,9,0,1,0,1,0,0,0,0,2,1,6,1,19,4,1598,1,8,5,1,5
2.02E+12,1,9,0,18,0,1,0,0,0,0,1,1,6,2,43,7,1149,1,11,2,2,2
2.02E+12,2,9,0,3,0,1,0,0,0,0,2,1,6,2,51,8,1242,1,14,4,1,4
2.02E+12,1,9,0,18,0,8,0,0,0,0,1,1,5,1,29,6,1986,2,9,2,1,2
2.02E+12,2,9,0,18,0,1,0,0,0,0,1,1,2,2,53,8,1349,1,7,3,1,3
2.02E+12,1,9,0,9,0,2,0,0,0,0,1,1,5,1,32,6,1398,2,12,1,1,1
2.02E+12,1,9,0,7,0,2,0,0,0,0,1,1,5,1,42,7,2560,1,22,9,1,9
2.02E+12,1,9,0,18,0,1,0,0,1,2,3,1,6,2,47,8,1398,1,3,2,1,2
2.02E+12,2,19,0,7,0,8,0,0,0,0,4,1,6,1,59,9,2198,2,4,6,2,6
2.02E+12,2,9,0,4,0,1,0,0,0,0,2,1,6,2,46,8,1560,2,11,3,1,3
2.02E+12,2,9,0,10,0,1,0,0,0,0,2,1,2,1,57,9,1461,2,4,4,2,4
2.02E+12,1,9,0,9,0,8,0,0,0,0,4,1,6,1,25,5,999,1,1,3,2,3
2.02E+12,1,19,0,8,0,8,0,0,0,0,1,1,1,2,53,8,1995,2,4,4,2,4
2.02E+12,1,9,0,18,0,1,0,0,0,0,1,1,2,1,28,6,1994,2,12,7,2,7
2.02E+12,1,9,0,16,0,8,0,0,0,0,2,1,5,2,25,5,1368,1,7,3,1,3
2.02E+12,1,9,0,1,0,2,0,0,0,0,2,1,5,2,72,10,2204,2,9,10,1,10
2.02E+12,2,9,0,18,0,8,0,0,0,0,1,1,6,1,23,5,998,1,1,6,3,6
2.02E+12,2,5,0,18,0,8,0,0,0,0,3,1,2,1,53,8,598,1,19,3,3,3
2.02E+12,1,9,0,4,0,2,0,0,0,0,1,1,1,1,26,6,1968,2,10,1,1,1
2.02E+12,1,9,0,18,0,4,0,0,0,0,3,1,6,1,26,6,1600,1,13,4,1,4
2.02E+12,2,9,0,18,0,4,0,0,0,0,1,1,5,2,28,6,1390,1,5,5,1,5
2.02E+12,1,9,0,15,0,1,0,0,0,0,4,1,5,1,65,9,1560,2,1,4,2,4
2.02E+12,2,21,0,2,0,1,0,0,0,0,3,1,1,1,56,9,6693,2,4,1,1,1
2.02E+12,1,9,0,1,0,1,0,0,0,0,2,1,6,1,72,10,1968,2,1,2,2,2
2.02E+12,2,9,0,3,0,1,0,0,0,0,1,1,6,2,30,6,1598,1,5,2,2,2
2.02E+12,1,9,0,7,0,8,0,0,0,0,1,1,6,2,28,6,1200,1,5,2,3,2
2.02E+12,2,3,0,18,0,8,0,0,0,0,1,1,6,1,27,6,124,1,12,2,3,2
2.02E+12,1,9,0,18,0,1,0,0,0,0,1,1,2,1,25,5,1242,1,13,1,1,1
2.02E+12,1,9,0,3,0,1,0,0,0,0,1,1,2,1,55,8,2494,8,2,3,1,3
2.02E+12,2,9,0,3,0,1,0,0,0,0,2,1,2,2,56,9,1560,2,4,5,3,5
2.02E+12,1,9,0,18,0,1,0,0,0,0,1,1,6,1,27,6,2993,2,13,1,1,1
2.02E+12,1,9,0,17,0,8,5,10,7,0,4,1,6,1,30,6,1596,1,9,2,1,2
2.02E+12,1,9,0,9,0,8,0,0,0,0,3,1,6,1,75,10,1560,2,5,3,1,3
2.02E+12,1,9,0,9,0,1,0,0,0,0,1,1,5,2,40,7,1560,2,6,5,1,5
2.02E+12,1,9,0,18,0,8,1,0,0,0,3,1,5,1,31,6,1997,2,12,3,2,3
2.02E+12,2,9,0,18,0,8,1,0,7,11,1,1,2,2,35,6,1600,1,17,4,1,4
2.02E+12,1,11,0,18,0,2,0,0,0,0,1,1,1,1,49,8,4500,2,7,2,1,2
2.02E+12,2,9,0,2,6,2,0,0,0,0,2,1,6,2,34,6,1598,1,12,3,2,3
2.02E+12,1,9,0,18,0,8,0,0,0,0,3,1,6,2,74,10,1124,1,10,7,3,7
2.02E+12,2,19,0,4,0,1,0,0,0,0,0,1,1,2,30,6,1995,2,8,9,1,9
2.02E+12,2,9,0,10,0,1,0,0,0,0,2,1,5,2,45,7,1390,1,5,7,3,7