Accident_Index,Vehicle_Reference,Vehicle_Type,Towing_and_Articulation,Vehicle_Manoeuvre,Vehicle_Location-Restricted_Lane,Junction_Location,Skidding_and_Overturning,Hit_Object_in_Carriageway,Vehicle_Leaving_Carriageway,Hit_Object_off_Carriageway,1st_Point_of_Impact,Was_Vehicle_Left_Hand_Drive?,Journey_Purpose_of_Driver,Sex_of_Driver,Age_of_Driver,Age_Band_of_Driver,Engine_Capacity_(CC),Propulsion_Code,Age_of_Vehicle,Driver_IMD_Decile,Driver_Home_Area_Type,Vehicle_IMD_Decile
2.02E+12,1,17,0,18,0,1,0,0,0,0,1,1,5,1,24,5,6728,2,6,2,3,2
2.02E+12,2,9,0,10,0,1,0,0,0,0,2,1,1,2,26,6,1968,2,7,5,2,5
2.02E+12,1,11,0,18,0,2,0,0,0,0,3,1,1,1,55,8,4250,2,2,4,2,4
2.02E+12,1,9,0,2,0,3,0,0,0,0,3,1,5,1,73,10,1364,1,1,1,1,1
2.02E+12,1,9,0,1,0,8,0,0,0,0,4,1,1,3,35,6,1956,2,7,9,1,9
2.02E+12,1,9,0,7,0,8,0,0,0,0,1,1,1,2,31,6,1598,2,3,9,2,9
2.02E+12,2,8,0,18,0,8,0,0,0,0,1,1,1,2,32,6,1461,2,1,3,3,3
2.02E+12,2,9,0,7,0,5,0,0,0,0,1,1,2,1,41,7,1360,1,13,1,1,1
2.02E+12,1,9,0,18,0,8,0,0,0,0,3,1,6,2,22,5,998,1,5,9,1,9
2.02E+12,2,9,0,18,0,8,0,0,7,0,1,1,6,1,54,8,1398,1,3,4,3,4
2.02E+12,1,9,0,3,0,1,0,0,0,0,2,1,2,1,51,8,1560,2,3,7,3,7
2.02E+12,2,9,0,18,0,1,0,0,0,0,1,1,6,1,70,10,3226,2,17,9,3,9
2.02E+12,1,9,0,5,0,8,0,0,1,0,4,1,2,2,21,5,1598,2,1,7,3,7
2.02E+12,2,19,0,18,0,1,0,0,0,0,1,1,1,1,46,8,2464,2,9,7,2,7
2.02E+12,1,9,0,9,0,8,0,0,0,0,3,1,6,2,17,4,1461,2,11,10,2,10
2.02E+12,1,9,0,18,0,1,0,0,0,0,1,1,6,3,18,4,1360,1,11,10,1,10
2.02E+12,1,9,0,18,0,6,0,0,0,0,1,1,6,1,26,6,1198,1,3,5,2,5
2.02E+12,2,9,0,18,0,8,0,0,0,0,4,1,6,1,28,6,1399,2,14,1,1,1
2.02E+12,1,8,0,7,0,5,0,0,0,0,1,1,1,1,45,7,1560,2,5,2,2,2
2.02E+12,1,9,0,9,0,1,0,0,0,0,1,1,6,1,80,11,1368,1,1,8,3,8
2.02E+12,1,9,0,18,0,3,0,0,0,0,1,1,6,1,68,10,1997,2,1,8,3,8
2.02E+12,2,8,0,7,0,6,0,0,0,0,1,1,1,1,41,7,1242,1,4,3,1,3
2.02E+12,2,9,0,18,0,1,1,0,1,0,4,1,6,2,21,5,1198,1,12,10,1,10
2.02E+12,1,9,0,9,0,6,0,0,0,0,1,1,1,1,48,8,1598,2,8,8,3,8
2.02E+12,1,9,0,17,0,4,1,0,1,2,1,1,6,2,35,6,1598,1,10,2,2,2
2.02E+12,1,9,0,5,0,4,0,0,0,0,1,1,6,1,65,9,1796,1,3,10,1,10
2.02E+12,1,9,0,18,0,1,0,4,1,11,1,1,2,1,18,4,1242,1,14,6,1,6
2.02E+12,2,9,0,7,0,8,0,0,0,0,4,1,2,1,38,7,1560,2,3,8,1,8
2.02E+12,3,9,0,2,0,2,0,0,0,0,2,1,2,2,49,8,998,1,10,8,1,8
2.02E+12,1,9,0,1,0,6,0,0,7,11,2,1,6,1,68,10,1968,2,3,8,3,8
2.02E+12,1,19,0,6,0,8,0,0,1,10,3,1,1,1,30,6,2287,2,2,10,1,10
2.02E+12,2,9,0,18,0,1,0,0,0,0,1,1,6,2,68,10,1242,1,1,6,1,6
2.02E+12,1,9,0,9,0,6,0,0,0,0,3,1,6,2,17,4,999,1,4,8,1,8
2.02E+12,1,9,0,18,0,1,0,0,0,0,4,1,6,3,64,9,1395,1,2,8,2,8
2.02E+12,1,9,0,9,0,8,0,0,0,0,1,1,2,2,18,4,1388,1,14,7,3,7
2.02E+12,2,11,0,18,0,8,0,0,0,0,1,1,3,1,62,9,9600,2,22,9,2,9
2.02E+12,1,9,0,9,0,5,0,0,0,0,1,1,2,2,49,8,1390,1,13,7,3,7
2.02E+12,1,9,0,10,0,1,0,0,0,0,2,1,6,2,56,9,1587,1,11,2,1,2
2.02E+12,2,9,0,18,0,1,0,0,0,0,1,1,6,1,22,5,1149,1,12,8,3,8
2.02E+12,1,9,0,18,0,3,0,0,0,0,1,1,2,1,43,7,1956,2,4,9,3,9
2.02E+12,2,9,0,4,0,3,0,0,0,0,2,1,6,1,33,6,1686,2,11,1,1,1
2.02E+12,3,9,0,4,0,3,0,0,0,0,2,1,2,1,25,5,1598,2,2,5,1,5
2.02E+12,1,9,0,3,0,1,0,0,0,0,1,1,2,1,29,6,1248,2,3,9,1,9
2.02E+12,1,9,0,16,0,8,1,0,1,1,1,1,3,2,37,7,1461,2,7,10,3,10
2.02E+12,1,19,0,9,0,5,0,0,1,9,3,1,1,1,42,7,2143,2,7,4,1,4
2.02E+12,2,9,0,13,0,1,0,0,7,11,4,1,6,1,66,10,1956,2,2,6,3,6
2.02E+12,1,9,0,9,0,6,0,0,0,0,1,1,6,1,18,4,1229,1,10,6,3,6
2.02E+12,2,9,0,18,0,1,0,0,7,0,4,1,2,2,35,6,1242,1,1,6,3,6
2.02E+12,1,9,0,5,0,1,0,0,0,0,1,1,6,1,38,7,2179,2,3,10,1,10
2.02E+12,2,9,0,5,0,1,0,0,0,0,2,1,6,2,26,6,998,1,10,7,3,7
2.02E+12,1,9,0,9,0,6,0,0,0,0,3,1,6,2,29,6,1242,1,10,10,2,10
2.02E+12,1,9,0,3,0,8,0,0,0,0,2,1,1,2,30,6,1248,2,5,3,1,3
2.02E+12,1,9,0,18,0,1,0,0,0,0,1,1,6,1,22,5,1968,2,6,1,1,1
2.02E+12,2,9,0,10,0,1,0,0,0,0,2,1,6,1,71,10,1499,1,1,1,1,1
2.02E+12,2,9,0,18,0,8,0,0,0,0,1,1,6,1,21,5,1248,2,7,8,1,8
2.02E+12,1,9,0,5,0,1,0,0,0,0,1,1,6,2,35,6,1598,1,13,1,1,1
2.02E+12,1,9,0,18,0,8,0,0,0,0,1,1,2,3,63,9,1984,2,4,9,3,9
2.02E+12,1,8,0,9,0,6,0,0,0,0,1,1,1,1,59,9,1997,2,10,6,1,6
2.02E+12,1,9,0,7,0,6,0,0,0,0,1,1,2,2,59,9,1995,2,4,6,3,6
2.02E+12,2,9,0,18,0,1,0,0,0,0,1,1,6,2,82,11,998,1,3,6,3,6
2.02E+12,1,9,0,18,0,4,0,0,0,0,4,1,6,3,74,10,1560,2,5,3,1,3
2.02E+12,1,2,0,18,0,2,0,0,0,0,3,1,6,2,26,6,49,1,16,3,1,3
2.02E+12,1,9,0,18,0,8,0,0,0,0,1,1,6,2,82,11,1339,1,2,9,1,9
2.02E+12,1,9,0,10,0,2,0,0,0,0,2,1,6,2,47,8,1197,1,1,8,1,8
2.02E+12,2,9,0,4,0,1,0,0,0,0,2,1,6,1,51,8,1587,1,14,4,1,4
2.02E+12,3,9,0,4,0,1,0,0,0,0,1,1,6,1,22,5,1598,1,17,4,1,4
2.02E+12,2,9,0,9,0,5,0,0,7,0,2,1,6,2,57,9,1997,2,16,10,2,10
2.02E+12,1,9,0,5,0,6,0,0,0,0,1,1,2,1,47,8,1968,2,7,8,3,8
2.02E+12,2,9,0,18,0,1,0,0,0,0,4,1,2,1,34,6,1968,2,10,8,3,8
2.02E+12,1,19,0,9,0,6,0,0,0,0,3,1,1,1,66,10,1560,2,7,6,3,6
2.02E+12,1,9,0,9,0,8,0,0,0,0,1,1,2,2,26,6,1896,2,15,6,1,6
2.02E+12,2,9,0,18,0,8,0,0,0,0,1,1,2,1,72,10,1299,1,12,10,1,10
2.02E+12,1,9,0,5,0,1,0,0,0,0,2,1,1,2,55,8,1497,1,13,8,3,8
2.02E+12,2,9,0,5,0,1,0,0,0,0,1,1,1,1,46,8,1598,2,1,8,1,8
2.02E+12,1,19,0,18,0,8,0,0,7,11,1,1,6,1,23,5,2143,2,5,1,1,1
2.02E+12,2,9,0,9,0,8,0,0,0,0,3,1,6,1,47,8,1796,1,13,7,3,7
2.02E+12,1,9,0,9,0,8,0,0,0,0,3,1,6,2,45,7,1397,1,8,4,2,4
2.02E+12,1,3,0,13,0,1,1,0,0,0,4,1,6,1,28,6,124,1,1,5,1,5
2.02E+12,1,19,0,18,0,1,0,2,0,0,3,1,6,1,28,6,2148,2,10,8,1,8
2.02E+12,2,19,0,18,0,8,0,0,0,0,1,1,2,1,69,10,1560,2,9,8,2,8
2.02E+12,1,8,0,9,0,5,0,7,0,0,1,1,1,3,28,6,1598,2,2,4,1,4
2.02E+12,1,9,0,4,0,1,0,0,0,0,0,1,2,2,20,4,1398,1,1,8,1,8
2.02E+12,1,9,0,10,0,1,0,0,0,0,2,1,6,2,72,10,1951,2,12,4,1,4
2.02E+12,2,9,0,3,0,1,0,0,0,0,2,1,6,1,49,8,3780,1,21,6,2,6
2.02E+12,3,9,0,16,0,1,1,0,0,0,1,1,6,2,42,7,1461,2,5,5,1,5
2.02E+12,1,19,0,6,0,6,0,0,0,0,1,1,1,1,48,8,1995,2,4,5,3,5
2.02E+12,2,9,0,18,0,8,0,0,0,0,1,1,6,1,48,8,1339,1,8,5,3,5
2.02E+12,1,9,0,9,0,8,0,0,0,0,1,1,6,2,63,9,1796,1,9,10,1,10
2.02E+12,2,9,0,18,0,8,0,4,0,0,1,1,6,2,19,4,973,1,16,3,1,3
2.02E+12,1,9,0,7,0,8,0,0,0,0,4,1,6,1,96,11,1796,1,6,10,1,10
2.02E+12,1,21,1,1,0,8,0,0,0,0,3,1,1,1,32,6,12740,2,3,4,1,4
2.02E+12,2,9,0,18,0,8,0,0,0,0,1,1,2,2,57,9,1499,1,1,5,3,5
2.02E+12,1,9,0,9,0,5,0,0,0,0,1,1,1,1,40,7,2967,2,2,7,1,7
2.02E+12,1,9,0,13,0,8,0,0,0,0,4,1,6,1,84,11,1783,1,14,8,3,8
2.02E+12,1,9,0,5,0,6,0,0,0,0,1,1,6,1,86,11,1364,1,11,8,2,8
2.02E+12,1,19,0,9,0,2,0,0,0,0,4,1,1,1,38,7,1560,2,6,8,1,8
2.02E+12,1,9,0,9,0,8,0,0,7,0,1,1,6,1,34,6,2179,2,2,10,1,10
2.02E+12,2,9,0,7,0,8,0,0,0,0,1,1,6,1,70,10,1586,1,1,9,2,9
2.02E+12,2,3,0,18,0,1,1,0,0,0,1,1,1,1,19,4,124,1,1,8,1,8
2.02E+12,1,9,0,18,0,8,0,0,0,0,3,1,6,1,41,7,1490,1,8,1,1,1
2.02E+12,1,9,0,9,0,2,0,0,0,0,3,1,2,2,40,7,1248,1,6,1,1,1
2.02E+12,2,2,0,18,0,1,0,0,0,0,1,1,2,2,46,8,49,1,2,2,2,2
2.02E+12,1,9,0,18,0,8,0,0,1,0,1,1,2,1,57,9,995,1,13,1,1,1
2.02E+12,2,21,1,1,0,5,0,0,0,0,3,1,1,3,34,6,11946,2,6,5,2,5
2.02E+12,2,9,0,5,0,1,0,0,0,0,1,1,2,1,45,7,2993,2,10,10,1,10
2.02E+12,1,19,0,5,0,1,0,0,0,0,4,1,2,1,65,9,1998,2,15,1,1,1
2.02E+12,1,9,0,5,0,6,0,0,0,0,3,1,6,2,55,8,1685,2,6,9,3,9
2.02E+12,2,5,0,18,0,8,0,0,0,0,1,1,6,1,38,7,598,1,23,7,1,7
2.02E+12,1,9,0,5,0,4,0,0,0,0,1,1,6,1,61,9,998,1,8,6,3,6
2.02E+12,1,3,0,9,0,8,0,0,0,0,1,1,2,1,39,7,124,1,8,3,1,3
2.02E+12,2,9,0,9,0,8,0,0,0,0,4,1,6,2,51,8,1197,1,4,8,1,8
2.02E+12,1,21,0,18,0,8,0,0,0,0,4,1,1,1,42,7,12580,2,12,7,3,7
2.02E+12,1,20,0,18,0,8,0,0,0,0,4,1,1,1,23,5,2143,2,2,10,1,10
2.02E+12,1,9,0,9,0,4,0,0,0,0,1,1,1,1,21,5,1995,2,7,5,1,5
2.02E+12,1,9,0,9,0,8,0,0,7,0,1,1,2,2,22,5,1390,1,3,10,1,10
2.02E+12,2,9,0,18,0,8,0,0,1,11,1,1,3,2,35,6,1956,2,5,9,3,9
2.02E+12,1,9,0,18,0,4,1,0,0,0,3,1,2,1,36,7,1995,2,6,9,1,9
2.02E+12,2,9,0,18,0,8,0,0,0,0,1,1,6,2,31,6,1390,1,12,3,1,3
2.02E+12,1,9,0,9,0,2,0,0,0,0,1,1,6,2,46,8,1997,12,4,4,1,4
2.02E+12,1,9,0,3,0,4,0,0,0,0,2,1,6,2,42,7,1198,1,4,10,1,10
2.02E+12,1,9,0,17,0,8,0,0,1,0,1,1,6,1,32,6,1596,1,15,4,1,4
2.02E+12,1,9,0,18,0,4,0,0,0,0,1,1,6,1,48,8,1560,2,2,9,1,9
2.02E+12,2,9,0,17,0,8,0,7,0,0,3,1,6,2,70,10,1339,1,6,9,1,9
2.02E+12,1,5,0,18,0,8,0,0,0,0,1,1,6,2,59,9,744,1,8,3,1,3
2.02E+12,1,9,0,9,0,1,0,0,0,0,1,1,6,2,29,6,1197,1,7,8,1,8
2.02E+12,2,3,0,18,0,1,0,0,0,0,1,1,6,1,28,6,124,1,6,7,1,7
2.02E+12,1,9,0,18,0,8,0,0,0,0,3,1,6,1,40,7,1997,2,14,2,1,2
2.02E+12,1,9,0,3,0,1,0,0,0,0,2,1,6,2,28,6,1386,1,9,6,3,6
2.02E+12,2,9,0,4,0,1,0,0,0,0,1,1,6,2,37,7,1896,2,15,3,1,3
2.02E+12,1,8,0,14,0,2,0,0,0,0,1,1,1,1,69,10,1997,2,15,9,1,9
2.02E+12,1,9,0,18,0,2,0,0,0,0,1,1,6,1,40,7,1796,1,14,4,1,4
2.02E+12,2,9,0,18,0,1,1,0,1,0,1,1,1,1,30,6,2143,2,1,9,2,9
2.02E+12,1,9,0,18,0,2,0,0,0,0,1,1,6,1,77,11,1396,1,4,3,1,3
2.02E+12,1,9,0,17,0,8,0,0,0,0,1,1,6,2,56,9,2198,2,3,9,3,9
2.02E+12,1,9,0,9,0,5,0,0,0,0,4,1,6,1,42,7,1598,1,17,7,1,7
2.02E+12,2,9,0,18,0,8,0,7,0,1,1,1,6,2,40,7,1968,2,12,2,1,2
2.02E+12,1,9,0,9,0,6,0,0,0,0,3,1,1,1,70,10,1397,1,7,4,1,4
2.02E+12,2,9,0,18,0,1,0,0,0,0,1,1,2,1,52,8,2400,2,7,10,1,10
2.02E+12,1,9,0,9,0,5,0,0,0,0,1,1,6,2,39,7,1612,1,5,8,1,8
2.02E+12,1,9,0,3,0,1,0,0,0,0,3,1,1,2,21,5,1206,1,5,8,3,8
2.02E+12,2,9,0,18,0,8,0,0,0,0,1,1,1,1,58,9,1998,1,11,9,3,9
2.02E+12,1,9,0,9,0,1,0,0,0,0,1,1,1,1,24,5,1229,1,1,7,1,7
2.02E+12,2,9,0,18,0,1,0,0,0,0,1,1,6,2,45,7,2993,2,2,6,3,6
2.02E+12,3,9,0,4,0,1,0,0,0,0,1,1,1,1,36,7,2000,2,2,8,3,8
2.02E+12,1,9,0,18,0,8,0,0,0,0,1,1,6,1,86,11,1397,1,8,4,3,4
2.02E+12,2,9,0,9,0,1,0,0,0,0,2,1,6,2,52,8,1997,2,5,6,3,6
2.02E+12,1,9,0,9,0,5,0,0,0,0,3,1,6,1,26,6,1329,1,5,10,1,10
2.02E+12,2,9,0,18,0,3,0,0,0,0,1,1,6,1,45,7,1956,2,2,1,1,1
2.02E+12,1,9,0,5,0,6,0,0,0,11,1,1,6,2,84,11,1242,1,9,9,2,9
2.02E+12,1,9,0,9,0,8,0,0,7,11,3,1,6,1,17,4,1124,1,13,4,1,4
2.02E+12,1,9,0,18,0,1,0,0,0,0,1,1,6,1,45,7,1598,1,16,1,2,1
2.02E+12,1,21,0,18,0,1,0,0,1,4,1,1,1,1,57,9,3920,2,12,2,1,2
2.02E+12,2,9,0,5,0,8,0,0,0,0,1,1,1,2,37,7,1686,2,2,7,1,7
2.02E+12,2,9,0,5,0,4,0,0,0,0,1,1,2,1,44,7,1598,1,8,10,2,10
2.02E+12,2,9,0,7,0,8,0,0,0,0,3,1,2,2,30,6,1364,2,9,3,1,3
2.02E+12,1,9,0,5,0,8,5,0,0,0,3,1,6,1,76,11,2993,2,2,6,3,6
2.02E+12,2,9,0,18,0,8,0,0,7,0,1,1,6,2,52,8,2993,2,2,6,3,6
2.02E+12,1,9,0,9,0,6,0,0,0,0,1,1,2,2,31,6,1390,1,6,3,1,3
2.02E+12,2,9,0,18,0,8,0,0,0,0,1,1,2,1,23,5,1124,1,15,2,1,2
2.02E+12,1,9,0,9,0,6,0,0,0,0,1,1,6,1,78,11,1360,1,8,5,3,5
2.02E+12,1,9,0,18,0,2,0,0,0,0,3,1,6,2,28,6,1596,1,11,4,1,4
2.02E+12,1,9,0,5,0,6,0,0,0,0,3,1,6,1,79,11,1900,2,11,3,1,3
2.02E+12,2,9,0,18,0,8,0,0,0,0,4,1,6,1,73,10,1368,1,1,9,2,9
2.02E+12,1,9,0,4,0,1,0,0,0,0,0,1,6,2,72,10,1199,1,16,7,1,7
2.02E+12,2,9,0,9,0,1,0,0,0,0,1,1,6,2,89,11,1596,1,3,10,1,10
2.02E+12,1,9,0,18,0,1,0,0,0,0,1,1,6,2,38,7,1242,1,8,9,2,9
2.02E+12,2,9,0,3,0,2,0,0,0,0,2,1,6,2,46,8,1956,2,5,8,3,8
2.02E+12,3,9,0,3,0,2,0,0,0,0,2,1,6,1,20,4,1229,1,3,6,2,6
2.02E+12,1,9,0,7,0,8,0,0,0,0,1,1,6,2,55,8,1197,1,2,7,3,7
2.02E+12,1,9,0,11,0,2,0,0,0,0,4,1,6,2,22,5,1242,1,8,3,1,3
2.02E+12,2,19,0,18,0,2,0,0,1,0,3,1,6,1,43,7,2148,2,6,7,2,7
2.02E+12,2,9,0,3,0,1,0,0,0,0,2,1,6,1,32,6,1781,1,15,7,1,7
2.02E+12,3,9,0,3,0,1,0,0,0,0,2,1,6,2,23,5,1595,1,9,6,1,6
2.02E+12,1,9,0,13,0,1,0,0,0,0,1,1,6,1,56,9,3179,1,12,7,3,7
2.02E+12,2,9,0,9,0,5,0,0,0,0,3,1,6,1,28,6,1998,2,14,2,2,2
2.02E+12,1,9,0,18,0,1,1,0,0,0,1,1,6,1,24,5,1242,1,10,8,1,8
2.02E+12,2,9,0,9,0,6,0,0,0,0,3,1,6,1,25,5,1598,1,8,6,3,6
2.02E+12,2,9,0,18,0,8,0,0,0,0,4,1,6,1,27,6,1299,1,9,7,1,7
2.02E+12,1,3,0,6,0,1,1,0,0,0,3,1,6,1,51,8,124,1,1,2,1,2
2.02E+12,1,9,0,6,6,6,0,0,0,0,3,1,6,1,52,8,1590,1,14,7,1,7
2.02E+12,2,3,0,18,0,1,0,0,0,0,1,1,6,1,18,4,124,1,3,8,1,8
2.02E+12,1,9,0,9,0,6,0,0,0,0,1,1,6,2,50,8,1969,2,1,10,2,10
2.02E+12,1,9,0,9,0,2,0,0,0,0,1,1,6,1,75,10,1496,1,2,7,1,7
2.02E+12,2,9,0,18,0,1,0,0,0,0,1,1,6,2,76,11,1968,2,1,5,3,5
2.02E+12,1,9,0,9,0,8,0,0,0,0,4,1,6,1,17,4,1199,1,15,8,1,8
2.02E+12,2,9,0,18,0,1,1,0,0,0,1,1,2,1,37,7,1595,1,18,10,3,10
2.02E+12,1,9,0,18,0,8,0,0,0,0,1,1,1,1,25,5,1997,2,3,1,1,1
2.02E+12,2,9,0,3,0,8,0,0,0,0,2,1,2,2,27,6,1395,1,2,1,1,1
2.02E+12,3,19,0,3,0,8,0,0,0,0,2,1,2,1,43,7,2143,2,5,8,3,8
2.02E+12,4,9,0,3,0,8,0,0,0,0,2,1,2,1,57,9,1956,2,1,8,1,8
2.02E+12,1,9,0,5,0,6,0,0,0,0,1,1,6,2,17,4,998,1,9,8,2,8
2.02E+12,2,9,0,18,0,8,0,0,0,0,3,1,2,1,35,6,1560,2,5,8,3,8
2.02E+12,1,9,0,18,0,8,5,0,3,1,1,1,6,1,27,6,2993,2,5,7,2,7
2.02E+12,2,9,0,18,0,8,0,0,0,0,3,1,6,1,46,8,2720,2,9,7,3,7
2.02E+12,1,9,0,17,0,1,0,0,0,0,3,1,6,2,69,10,1248,2,5,10,2,10
2.02E+12,1,3,0,4,0,1,0,10,0,0,4,1,6,1,19,4,124,1,1,6,1,6
2.02E+12,1,9,0,18,0,3,0,0,0,0,4,1,6,2,35,6,1560,2,3,9,2,9
2.02E+12,2,2,0,18,0,4,1,0,0,0,3,1,2,2,37,7,49,1,9,8,3,8
2.02E+12,1,9,0,1,0,1,0,0,0,0,2,1,2,1,50,8,1984,1,16,10,1,10
2.02E+12,2,9,0,9,0,1,0,0,0,0,2,1,2,2,57,9,1984,1,15,9,3,9
2.02E+12,1,21,1,18,0,2,1,0,0,0,1,1,1,1,60,9,12740,2,2,7,1,7
2.02E+12,2,21,1,18,0,2,0,0,0,0,2,1,1,1,49,8,12777,2,1,8,2,8
2.02E+12,1,8,0,18,0,3,0,0,0,0,2,1,1,1,42,7,1997,2,4,5,1,5
2.02E+12,2,9,0,18,0,3,0,0,0,0,1,1,6,1,62,9,2198,2,12,2,1,2
2.02E+12,2,19,0,9,0,6,0,0,0,0,1,1,6,1,27,6,1753,2,9,6,3,6
2.02E+12,1,9,0,17,0,3,0,10,0,0,4,1,6,2,17,4,1149,1,13,1,1,1
2.02E+12,1,9,0,18,0,8,0,0,0,0,3,1,6,2,30,6,1999,2,1,6,1,6
2.02E+12,2,4,0,11,0,8,0,0,0,0,4,1,2,1,52,8,125,1,1,7,1,7
2.02E+12,2,5,0,18,0,8,0,0,0,0,1,1,6,1,28,6,1050,1,6,2,1,2
2.02E+12,3,9,0,18,0,8,0,0,0,0,0,1,6,1,44,7,1242,1,16,9,1,9
2.02E+12,1,21,1,7,0,8,0,0,0,0,1,1,1,1,54,8,10518,2,4,5,1,5
2.02E+12,1,9,0,18,0,8,0,0,0,0,1,1,6,2,30,6,998,1,3,10,2,10
2.02E+12,2,9,0,9,0,8,0,0,0,0,1,1,6,1,18,4,998,1,7,6,2,6
2.02E+12,1,9,0,18,0,8,0,0,0,0,4,1,6,1,36,7,2496,2,13,8,1,8
2.02E+12,2,9,0,18,0,1,0,0,0,0,1,1,1,2,54,8,1390,2,13,10,2,10
2.02E+12,3,19,0,10,0,1,0,0,0,0,3,1,1,1,43,7,2198,2,4,1,1,1
2.02E+12,2,21,1,18,0,8,3,0,0,0,1,2,1,1,45,7,11705,2,12,1,1,1
2.02E+12,1,9,0,18,0,1,0,0,1,10,1,1,6,2,73,10,1360,1,13,5,3,5
2.02E+12,1,9,0,9,0,8,0,0,0,0,1,1,2,1,18,4,1000,1,17,10,2,10
2.02E+12,2,9,0,18,0,8,0,0,0,0,1,1,6,1,67,10,1497,8,4,10,2,10
2.02E+12,1,19,0,7,7,5,0,0,0,0,1,1,1,1,45,7,2198,2,9,3,1,3
2.02E+12,1,9,0,5,0,1,0,0,0,0,1,1,2,1,61,9,1796,1,14,5,2,5
2.02E+12,3,9,0,10,0,1,0,0,0,0,1,1,6,1,69,10,2497,2,11,10,1,10
2.02E+12,2,9,0,18,0,1,0,0,0,0,4,1,2,1,22,5,1598,1,9,2,2,2
2.02E+12,3,9,0,7,0,1,0,0,0,0,1,1,6,1,29,6,5935,1,3,9,1,9
2.02E+12,1,9,0,18,0,8,0,0,0,0,4,1,6,2,29,6,1997,2,3,8,2,8
2.02E+12,2,5,0,18,0,8,0,0,0,0,1,1,6,1,53,8,1170,1,1,9,1,9
2.02E+12,1,9,0,18,0,8,2,0,1,4,1,1,6,1,29,6,1527,2,20,2,1,2
2.02E+12,1,9,0,9,0,1,0,0,0,0,1,1,6,2,77,11,1248,1,3,8,2,8
2.02E+12,2,9,0,18,0,1,0,0,1,0,1,1,6,1,77,11,999,1,17,7,3,7
2.02E+12,1,9,0,7,0,8,0,0,0,0,1,1,6,1,55,8,1582,2,7,10,3,10
2.02E+12,2,9,0,9,0,8,0,0,0,0,4,1,6,1,63,9,1398,1,6,6,2,6
2.02E+12,1,9,0,5,0,8,0,0,0,0,1,1,6,1,26,6,1598,2,2,3,1,3
2.02E+12,1,9,0,18,0,1,0,0,0,0,1,1,6,2,43,7,2993,2,3,10,1,10
2.02E+12,1,9,0,18,0,8,0,4,0,0,1,1,6,1,70,10,1396,2,2,7,3,7
2.02E+12,2,19,0,2,0,8,0,0,0,0,2,1,1,1,23,5,2300,2,12,6,3,6
2.02E+12,2,9,0,9,0,6,0,0,0,0,1,1,6,2,65,9,998,1,3,6,3,6
2.02E+12,1,9,0,18,0,6,0,0,0,0,1,1,2,1,20,4,1984,1,8,10,1,10
2.02E+12,2,9,0,18,0,8,0,0,7,0,3,1,6,1,75,10,2495,2,11,7,3,7
2.02E+12,1,9,0,4,0,2,0,0,0,0,2,1,6,1,36,7,2261,1,9,1,1,1
2.02E+12,2,9,0,18,0,8,0,0,0,0,1,1,6,2,30,6,1242,1,6,8,3,8
2.02E+12,2,19,0,3,0,2,0,0,0,0,2,1,1,1,28,6,2143,2,7,8,1,8
2.02E+12,1,19,0,1,0,1,0,0,0,0,2,2,1,1,35,6,1461,2,6,1,1,1
2.02E+12,1,9,0,1,0,1,0,0,0,0,2,1,6,1,69,10,1248,2,10,5,3,5
2.02E+12,1,9,0,2,0,1,0,0,0,0,2,1,3,2,33,6,1339,1,14,10,1,10
2.02E+12,2,19,0,1,0,1,0,0,0,0,2,1,1,1,58,9,2148,2,11,10,1,10
2.02E+12,1,5,0,16,0,8,0,0,7,0,0,1,6,1,64,9,675,1,8,8,1,8
2.02E+12,1,9,0,10,0,2,0,0,3,0,3,1,6,2,18,4,1560,2,6,6,3,6
2.02E+12,2,9,0,18,0,1,0,0,7,0,1,1,6,2,18,4,998,1,15,6,3,6
2.02E+12,2,9,0,18,0,8,0,0,0,0,1,1,6,1,74,10,1997,1,6,5,2,5
2.02E+12,1,9,0,18,0,3,0,0,0,0,3,1,2,1,49,8,1968,2,4,8,1,8
2.02E+12,1,9,0,9,0,8,0,0,1,0,1,1,6,2,40,7,1598,1,7,8,1,8
2.02E+12,1,11,0,9,0,8,0,0,0,0,4,1,1,1,56,9,2143,2,2,3,1,3
2.02E+12,2,9,0,18,0,8,0,0,0,0,1,1,2,2,21,5,998,1,16,8,1,8
2.02E+12,1,9,0,18,0,8,0,0,0,0,1,1,1,2,44,7,1499,2,1,1,1,1
2.02E+12,1,9,0,9,0,8,0,0,0,0,1,1,1,1,48,8,1910,2,10,3,1,3
2.02E+12,2,5,0,18,0,8,0,0,0,0,1,1,1,1,49,8,645,1,10,8,2,8
2.02E+12,1,9,0,5,0,8,0,0,1,0,1,1,6,2,31,6,1997,2,4,8,1,8
2.02E+12,1,9,0,5,0,8,0,0,0,0,1,1,6,1,69,10,1896,2,8,6,3,6
2.02E+12,2,9,0,18,0,8,0,0,0,0,1,1,6,2,67,10,1761,1,19,8,2,8
2.02E+12,2,9,0,18,0,8,0,0,0,0,1,1,6,2,56,9,1229,1,2,10,1,10
2.02E+12,1,9,0,18,0,6,0,0,0,0,1,1,6,1,53,8,1582,2,5,10,1,10
2.02E+12,1,9,0,9,0,1,0,0,0,0,2,1,6,2,43,7,1968,2,5,8,1,8