Accident_Index,Vehicle_Reference,Vehicle_Type,Towing_and_Articulation,Vehicle_Manoeuvre,Vehicle_Location-Restricted_Lane,Junction_Location,Skidding_and_Overturning,Hit_Object_in_Carriageway,Vehicle_Leaving_Carriageway,Hit_Object_off_Carriageway,1st_Point_of_Impact,Was_Vehicle_Left_Hand_Drive?,Journey_Purpose_of_Driver,Sex_of_Driver,Age_of_Driver,Age_Band_of_Driver,Engine_Capacity_(CC),Propulsion_Code,Age_of_Vehicle,Driver_IMD_Decile,Driver_Home_Area_Type,Vehicle_IMD_Decile
2.02E+12,1,9,0,9,0,2,0,0,0,0,1,1,6,1,30,6,1796,1,12,2,1,2
2.02E+12,1,9,0,9,0,8,0,0,0,0,4,1,6,2,22,5,1995,2,9,7,1,7
2.02E+12,1,9,0,9,0,1,0,0,0,0,2,1,6,2,48,8,1499,2,3,9,3,9
2.02E+12,2,9,0,18,0,1,0,0,0,0,1,1,6,2,42,7,1198,1,5,5,1,5
2.02E+12,1,9,0,9,0,2,0,0,0,0,3,1,6,1,67,10,1999,2,1,6,2,6
2.02E+12,1,5,0,18,0,1,0,0,0,0,4,1,6,1,28,6,883,1,3,7,1,7
2.02E+12,2,9,0,7,0,6,0,0,0,0,3,1,6,1,72,10,1560,2,3,8,2,8
2.02E+12,2,9,0,7,0,5,0,0,1,11,2,1,6,1,70,10,1461,2,2,8,3,8
2.02E+12,1,9,0,18,0,8,0,0,0,0,1,1,6,3,18,4,1461,2,3,8,3,8
2.02E+12,2,9,0,18,0,8,0,0,1,9,3,1,2,1,47,8,1598,1,9,10,1,10
2.02E+12,1,9,0,9,0,8,0,0,0,0,3,1,6,2,34,6,1968,2,4,3,1,3
2.02E+12,1,9,0,9,0,5,0,0,0,0,4,1,6,1,52,8,1398,1,6,2,1,2
2.02E+12,1,9,0,18,0,8,0,0,0,0,3,1,6,2,38,7,1986,2,9,10,1,10
2.02E+12,2,19,0,18,0,8,0,0,0,0,1,1,1,1,33,6,1870,2,13,10,1,10
2.02E+12,1,5,0,18,0,1,0,0,0,0,4,1,6,1,52,8,999,1,2,2,2,2
2.02E+12,2,9,0,9,0,5,0,0,0,0,1,1,6,1,26,6,1997,2,8,2,1,2
2.02E+12,1,3,0,18,0,8,0,0,0,0,3,1,6,1,53,8,124,1,4,8,3,8
2.02E+12,1,9,0,10,0,2,0,0,0,0,1,1,6,1,63,9,2993,2,7,10,1,10
2.02E+12,2,9,0,18,0,8,0,0,0,0,1,1,6,1,25,5,1995,2,5,4,1,4
2.02E+12,1,9,0,4,0,8,0,0,1,11,3,1,6,1,32,6,1968,2,6,1,1,1
2.02E+12,1,5,0,18,0,1,0,0,0,0,1,1,6,1,58,9,999,1,30,1,1,1
2.02E+12,2,9,0,4,0,1,0,0,0,0,2,1,6,1,34,6,1896,2,9,3,1,3
2.02E+12,1,5,0,14,0,1,0,0,0,0,1,1,6,1,45,7,750,1,1,2,1,2
2.02E+12,2,9,0,9,0,5,0,0,0,0,3,1,6,1,27,6,1390,1,15,6,1,6
2.02E+12,2,9,0,4,0,1,0,0,0,0,1,1,6,2,55,8,1242,1,8,7,3,7
2.02E+12,1,9,0,9,0,5,0,0,0,0,1,1,6,1,59,9,2143,2,3,7,1,7
2.02E+12,1,9,0,9,0,8,0,0,0,0,1,1,6,2,77,11,1896,2,9,7,3,7
2.02E+12,2,9,0,18,0,8,0,0,0,0,1,1,6,2,56,9,1248,1,3,7,3,7
2.02E+12,1,9,0,18,0,1,0,0,0,0,4,1,6,1,64,9,1242,1,10,5,3,5
2.02E+12,1,19,0,7,0,2,1,7,0,7,2,1,2,1,29,6,2198,2,11,1,1,1
2.02E+12,2,9,0,18,0,8,0,0,0,0,1,1,6,1,38,7,1149,1,10,10,2,10
2.02E+12,1,9,0,18,0,1,0,0,0,0,1,1,2,1,34,6,1360,1,7,8,1,8
2.02E+12,2,9,0,18,0,1,0,0,1,0,1,1,2,2,47,8,1896,2,13,10,3,10
2.02E+12,3,9,0,18,0,1,0,0,1,0,1,1,2,1,52,8,1997,2,7,10,2,10
2.02E+12,4,9,0,3,0,1,0,0,0,0,2,1,2,1,33,6,1597,2,1,10,1,10
2.02E+12,1,9,0,8,0,1,0,0,0,0,0,1,3,2,34,6,1242,1,3,8,2,8
2.02E+12,1,9,0,16,0,4,0,0,0,0,1,1,6,1,75,10,1796,1,9,3,1,3
2.02E+12,2,9,0,7,0,4,0,0,0,0,1,1,6,2,65,9,1397,1,8,5,1,5
2.02E+12,1,9,0,4,0,1,0,0,1,0,2,1,1,2,35,6,1496,1,1,7,1,7
2.02E+12,1,9,0,5,0,2,0,0,0,0,1,1,6,2,66,10,2926,2,14,6,3,6
2.02E+12,1,3,0,4,0,1,0,0,0,0,4,1,1,1,50,8,125,1,1,4,3,4
2.02E+12,1,3,0,18,0,1,1,0,0,0,0,1,6,1,28,6,125,1,11,7,2,7
2.02E+12,2,9,0,18,0,1,0,0,0,0,0,1,6,2,31,6,1229,1,10,5,1,5
2.02E+12,1,9,0,18,0,1,0,0,0,0,1,1,6,1,53,8,1598,1,3,7,1,7
2.02E+12,2,9,0,18,0,1,0,0,0,0,1,1,6,2,48,8,1799,1,8,6,3,6
2.02E+12,1,5,0,18,0,1,1,0,0,0,3,1,6,1,65,9,599,1,7,2,2,2
2.02E+12,2,5,0,18,0,1,1,0,0,0,1,1,6,1,59,9,599,1,10,5,2,5
2.02E+12,3,9,0,9,0,1,0,0,0,0,2,1,6,1,67,10,1968,2,8,7,3,7
2.02E+12,2,9,0,9,0,5,0,0,0,0,1,1,1,1,66,10,1999,2,1,4,1,4
2.02E+12,3,9,0,10,0,6,0,0,0,0,1,1,6,2,56,9,1318,1,1,9,3,9
2.02E+12,1,9,0,9,0,6,0,0,0,0,1,1,6,2,18,4,999,1,11,4,3,4
2.02E+12,1,9,0,7,0,2,0,0,0,0,1,1,6,1,41,7,2521,1,10,6,3,6
2.02E+12,2,4,0,7,0,2,0,0,1,0,2,1,6,2,52,8,649,1,3,2,1,2
2.02E+12,1,5,0,18,0,1,0,0,0,0,1,1,6,1,23,5,803,1,5,8,1,8
2.02E+12,2,5,0,10,0,1,0,0,0,0,2,1,6,2,27,6,636,1,4,3,3,3
2.02E+12,1,9,0,5,0,8,0,0,0,0,1,1,6,2,78,11,1527,2,16,10,3,10
2.02E+12,2,9,0,18,0,1,0,0,0,0,1,1,6,2,49,8,1242,1,7,6,1,6
2.02E+12,1,9,0,18,0,1,0,0,0,0,1,1,6,2,22,5,1296,1,9,8,3,8
2.02E+12,2,9,0,18,0,1,0,0,0,0,1,1,6,2,29,6,1781,1,18,5,2,5
2.02E+12,3,9,0,4,0,1,0,0,0,0,2,1,6,1,71,10,1560,2,6,9,1,9
2.02E+12,1,9,0,10,0,1,0,0,0,0,2,1,2,2,23,5,1229,1,4,7,3,7
2.02E+12,2,9,0,18,0,1,0,0,0,0,1,1,6,1,46,8,1998,1,12,10,1,10
2.02E+12,1,9,0,2,6,8,0,0,0,0,3,1,6,2,33,6,1984,1,2,10,1,10
2.02E+12,1,9,0,9,0,8,0,0,0,0,1,1,6,1,18,4,1198,1,10,10,2,10
2.02E+12,1,9,0,9,0,8,0,0,0,0,1,1,6,2,18,4,1149,1,14,7,1,7
2.02E+12,2,9,0,18,0,8,1,0,0,0,1,1,6,1,39,7,1299,1,13,7,1,7
2.02E+12,1,19,0,18,0,2,0,0,0,0,1,1,6,2,47,8,2500,2,15,4,1,4
2.02E+12,1,9,0,18,0,8,0,0,0,0,4,1,6,1,55,8,1999,2,1,6,2,6
2.02E+12,2,9,0,9,0,8,0,0,0,0,1,1,6,2,28,6,1400,2,10,4,1,4
2.02E+12,1,9,0,9,0,6,0,0,0,0,4,1,6,2,25,5,1598,2,6,6,3,6
2.02E+12,2,9,0,18,0,1,0,0,0,0,1,1,6,1,65,9,1796,1,3,7,2,7
2.02E+12,1,9,0,5,0,3,0,0,0,0,4,1,2,2,59,9,999,1,5,9,1,9
2.02E+12,1,9,0,9,0,8,0,0,0,0,1,1,6,1,81,11,1598,1,10,10,1,10
2.02E+12,1,9,0,9,0,6,0,0,1,0,3,1,6,2,81,11,1198,1,1,5,1,5
2.02E+12,2,9,0,18,0,1,1,0,0,0,1,1,6,1,82,11,2685,2,12,10,1,10
2.02E+12,1,9,0,13,0,8,0,0,0,0,1,1,6,2,44,7,1798,1,10,10,1,10
2.02E+12,2,9,0,9,0,8,0,0,0,0,1,1,6,1,18,4,1390,1,8,6,3,6
2.02E+12,2,9,0,18,0,1,0,0,0,0,0,1,1,2,47,8,1499,2,1,4,1,4
2.02E+12,3,9,0,18,0,1,1,0,0,0,0,1,1,2,24,5,1598,2,3,8,3,8
2.02E+12,1,9,0,18,0,8,0,0,0,0,1,1,6,1,36,7,2199,2,3,3,1,3
2.02E+12,2,9,0,9,0,8,0,0,0,0,1,1,6,2,49,8,998,1,15,9,1,9
2.02E+12,1,5,0,16,0,8,1,0,0,0,3,1,6,1,52,8,897,1,5,7,1,7
2.02E+12,1,9,0,7,0,8,0,0,0,0,0,1,6,2,37,7,1991,1,2,9,1,9
2.02E+12,1,8,0,4,0,5,0,0,0,0,4,1,1,1,50,8,1995,2,5,5,1,5
2.02E+12,1,9,0,9,0,6,0,0,0,0,0,1,6,2,18,4,1596,1,12,6,1,6
2.02E+12,2,9,0,18,0,1,0,0,0,0,0,1,6,1,51,8,1998,2,14,1,2,1
2.02E+12,1,9,0,9,0,6,0,0,0,0,0,1,6,1,70,10,1339,8,6,6,3,6
2.02E+12,2,9,0,18,0,8,0,0,0,0,0,1,6,2,55,8,2685,2,12,6,3,6
2.02E+12,1,9,0,18,0,1,0,0,0,1,1,1,2,1,48,8,1461,2,9,1,1,1
2.02E+12,1,11,0,18,0,1,0,0,0,0,1,1,1,1,67,10,9600,2,19,5,1,5
2.02E+12,2,10,0,3,0,1,0,0,0,0,2,1,1,2,53,8,2198,2,2,7,1,7
2.02E+12,1,5,0,18,0,2,1,0,1,9,1,1,6,1,52,8,745,1,1,6,2,6
2.02E+12,1,9,0,5,0,8,0,0,0,0,3,1,6,2,51,8,998,1,8,2,1,2
2.02E+12,1,9,0,5,0,2,0,0,0,0,1,1,1,1,54,8,1598,2,4,10,1,10
2.02E+12,1,9,0,18,0,1,0,0,0,0,1,1,6,1,36,7,1969,2,3,10,2,10
2.02E+12,2,19,0,4,0,1,0,0,0,0,2,1,1,1,65,9,1995,2,10,7,3,7
2.02E+12,1,9,0,18,0,1,0,0,0,0,1,1,6,1,52,8,2826,2,20,4,1,4
2.02E+12,2,9,0,18,0,1,0,0,0,0,1,1,6,1,34,6,1242,1,10,3,1,3
2.02E+12,3,9,0,10,0,1,0,0,0,0,2,1,6,2,45,7,2902,2,11,3,1,3
2.02E+12,1,9,0,9,0,6,0,0,0,0,1,1,6,2,38,7,1998,2,11,6,3,6
2.02E+12,2,2,0,18,0,8,0,0,0,0,4,1,2,1,16,4,49,1,4,6,3,6
2.02E+12,3,19,0,18,0,1,0,0,0,0,1,1,6,1,20,4,2402,2,17,6,1,6
2.02E+12,2,9,0,17,0,1,2,7,1,7,4,1,6,2,49,8,1560,2,6,9,3,9
2.02E+12,1,9,0,16,0,1,0,0,0,0,4,1,6,1,70,10,1200,1,1,4,1,4
2.02E+12,1,9,0,9,0,6,0,0,1,10,1,1,6,1,76,11,1298,1,16,3,3,3
2.02E+12,2,9,0,18,0,1,1,0,0,0,1,1,6,1,77,11,1968,2,5,7,1,7
2.02E+12,1,5,0,17,0,7,0,0,0,0,3,1,6,1,60,9,988,1,15,10,1,10
2.02E+12,2,9,0,18,0,8,0,0,0,0,2,1,6,2,45,7,1956,2,2,7,1,7
2.02E+12,1,19,0,18,0,4,0,0,0,0,1,1,1,1,36,7,1248,2,2,2,1,2
2.02E+12,2,3,0,18,0,8,0,0,7,9,4,1,6,1,19,4,124,1,6,6,1,6
2.02E+12,1,9,0,12,0,6,1,0,0,6,3,1,6,1,79,11,1395,1,4,8,3,8
2.02E+12,2,21,1,18,0,2,0,0,0,0,4,1,1,1,55,8,12777,2,4,5,2,5
2.02E+12,1,9,0,9,0,8,0,0,0,0,1,1,6,3,53,8,2435,1,15,9,2,9
2.02E+12,2,9,0,5,0,6,0,0,0,0,1,1,6,1,36,7,1969,2,1,6,3,6
2.02E+12,1,9,0,18,0,1,0,0,0,0,1,1,6,1,86,11,1490,1,11,6,3,6
2.02E+12,2,9,0,4,0,1,0,0,0,0,2,1,6,2,29,6,999,1,1,8,2,8
2.02E+12,3,9,0,4,0,1,0,0,0,0,2,1,6,2,48,8,2143,2,1,8,1,8
2.02E+12,1,9,0,18,0,8,0,0,0,0,0,1,2,1,46,8,1461,2,3,7,3,7
2.02E+12,2,9,0,18,0,1,1,0,7,9,0,1,2,1,42,7,1461,2,5,7,3,7
2.02E+12,1,9,0,9,0,1,0,0,0,0,1,1,6,1,70,10,1364,1,10,5,1,5
2.02E+12,2,19,0,5,0,6,0,0,0,0,0,1,1,1,46,8,2488,2,4,7,1,7
2.02E+12,1,9,0,18,0,1,0,0,0,0,3,1,6,1,54,8,1242,1,10,2,1,2
2.02E+12,1,9,0,4,0,4,0,0,0,0,3,1,6,1,26,6,1390,1,7,7,3,7
2.02E+12,1,9,0,18,0,8,0,0,0,0,1,1,6,2,49,8,1998,1,1,10,1,10
2.02E+12,2,9,0,18,0,8,0,0,0,0,1,1,6,1,33,6,1794,1,12,9,1,9
2.02E+12,1,9,0,9,0,6,0,0,3,9,0,1,6,1,22,5,1598,1,2,10,2,10
2.02E+12,2,9,0,18,0,8,0,0,7,0,0,1,6,1,27,6,1968,2,8,6,2,6
2.02E+12,1,9,0,8,0,1,0,0,0,0,2,1,6,2,63,9,1998,1,15,5,2,5
2.02E+12,1,9,0,9,0,6,0,0,0,0,3,1,6,2,18,4,1198,1,4,5,3,5
2.02E+12,2,9,0,18,0,1,0,0,0,0,1,1,6,2,30,6,1124,1,15,5,1,5
2.02E+12,1,9,0,9,0,6,0,0,0,0,3,1,6,1,72,10,2143,2,3,9,3,9
2.02E+12,2,9,0,18,0,1,0,0,0,0,4,1,6,1,72,10,1193,1,2,5,1,5
2.02E+12,1,9,0,5,0,2,0,0,0,0,1,1,6,1,46,8,1560,2,1,6,3,6
2.02E+12,2,5,0,16,0,1,1,0,0,0,4,1,6,1,43,7,750,1,7,1,1,1
2.02E+12,1,9,0,9,0,5,0,0,0,0,3,1,3,1,45,7,1910,2,10,8,1,8
2.02E+12,2,2,0,13,0,8,0,0,0,0,4,1,6,1,16,4,49,1,9,9,1,9
2.02E+12,1,9,0,18,0,2,0,0,0,0,1,1,2,1,63,9,2198,1,15,8,2,8
2.02E+12,2,9,0,3,0,2,0,0,0,0,2,1,2,1,27,6,1799,1,11,5,1,5
2.02E+12,1,5,0,18,0,8,0,0,0,0,1,1,6,1,45,7,1170,1,1,10,1,10
2.02E+12,2,9,0,18,0,4,0,0,0,0,3,1,6,1,53,8,1998,2,8,5,2,5
2.02E+12,1,9,0,17,0,2,0,0,5,6,1,1,6,2,22,5,1229,1,5,2,1,2
2.02E+12,1,9,0,7,0,6,0,0,0,0,1,1,6,1,41,7,1596,1,11,8,3,8
2.02E+12,1,9,0,4,0,4,0,0,0,0,2,1,3,2,45,7,1598,2,5,8,1,8
2.02E+12,2,8,0,5,0,4,0,0,0,0,1,1,6,1,45,7,2148,2,13,8,1,8
2.02E+12,1,9,0,9,0,1,1,10,7,0,1,1,6,1,17,4,1560,2,4,4,1,4
2.02E+12,1,5,0,13,0,1,0,0,0,0,1,1,2,1,54,8,696,1,5,7,3,7
2.02E+12,2,19,0,9,0,5,0,0,0,0,2,1,1,1,36,7,2143,2,5,3,1,3
2.02E+12,1,9,0,3,0,4,0,0,0,0,2,1,3,2,40,7,1968,2,6,9,2,9
2.02E+12,2,9,0,4,0,4,0,0,0,0,1,1,6,2,67,10,2993,2,4,10,2,10
2.02E+12,1,5,0,18,0,1,0,0,0,0,1,1,6,1,27,6,998,1,2,10,1,10
2.02E+12,2,17,4,10,0,1,0,0,0,0,2,1,1,1,59,9,4400,2,19,7,3,7
2.02E+12,1,9,0,5,0,6,0,0,0,0,3,1,6,1,26,6,1910,2,9,8,3,8
2.02E+12,2,9,0,18,0,8,0,0,0,0,4,1,6,1,74,10,1984,1,4,7,2,7
2.02E+12,2,5,0,13,0,1,0,0,7,0,1,1,6,1,69,10,998,1,16,5,2,5
2.02E+12,2,2,0,9,0,1,0,0,0,0,3,1,6,2,56,9,49,1,14,3,2,3
2.02E+12,1,9,0,5,0,4,0,0,0,0,1,1,1,2,57,9,899,1,2,10,1,10
2.02E+12,1,9,0,5,0,8,0,0,0,0,1,1,6,1,29,6,1461,2,1,9,2,9
2.02E+12,2,9,0,18,0,8,0,0,1,0,3,1,2,2,28,6,1197,1,2,9,2,9
2.02E+12,1,9,0,7,0,5,0,0,0,0,4,1,6,2,25,5,1598,2,4,1,1,1
2.02E+12,2,9,0,9,0,1,0,0,0,0,3,1,6,2,70,10,1560,2,7,10,2,10
2.02E+12,1,9,0,9,0,1,0,0,0,0,1,1,2,2,49,8,1595,2,7,9,3,9
2.02E+12,1,9,0,9,0,6,0,0,0,0,3,1,6,2,34,6,1242,1,14,5,1,5
2.02E+12,2,9,0,18,0,1,0,0,1,0,1,1,2,1,33,6,1956,2,3,5,2,5
2.02E+12,2,9,0,9,0,1,0,0,0,0,1,1,1,1,56,9,1753,2,13,6,2,6
2.02E+12,1,4,0,5,0,4,1,0,1,9,4,1,2,1,37,7,999,1,8,10,1,10
2.02E+12,1,9,0,1,9,6,0,0,0,0,2,1,6,2,43,7,2488,2,7,9,1,9
2.02E+12,2,9,0,9,0,8,0,0,0,0,3,1,6,1,19,4,1398,2,14,2,1,2
2.02E+12,1,9,0,18,0,1,0,0,0,0,2,1,6,1,38,7,1598,1,7,6,1,6
2.02E+12,2,9,0,18,0,1,0,0,0,0,1,1,6,1,28,6,1686,2,9,5,3,5
2.02E+12,1,9,0,1,0,2,0,0,0,0,2,1,1,1,38,7,1968,2,1,5,1,5
2.02E+12,2,2,0,4,0,2,1,0,0,0,4,1,1,2,47,8,49,1,5,7,1,7
2.02E+12,1,9,0,18,0,8,0,0,0,0,3,1,1,1,66,10,1999,1,5,7,1,7
2.02E+12,2,5,0,18,0,8,0,0,0,0,1,1,6,1,68,10,498,1,11,6,3,6
2.02E+12,1,9,0,18,0,1,0,0,0,0,1,1,6,2,53,8,1296,1,9,10,2,10
2.02E+12,1,9,0,5,0,8,0,0,0,0,3,1,6,1,54,8,1896,2,9,6,1,6
2.02E+12,2,9,0,18,0,4,0,0,0,0,1,1,6,2,84,11,1339,1,2,8,1,8
2.02E+12,1,9,0,9,0,8,0,0,0,0,1,1,6,1,82,11,2495,2,17,10,1,10
2.02E+12,2,9,0,17,0,1,1,0,0,0,1,1,6,1,32,6,998,1,7,9,3,9
2.02E+12,1,9,0,18,0,1,1,0,1,9,2,1,6,1,17,4,1364,1,6,4,2,4
2.02E+12,1,9,0,1,9,6,0,0,0,0,2,1,6,2,62,9,1560,2,5,7,1,7
2.02E+12,1,9,0,9,0,8,0,0,0,0,4,1,2,1,55,8,1497,8,1,7,1,7
2.02E+12,1,9,0,9,0,1,0,0,3,11,1,1,2,1,33,6,1390,1,14,1,1,1
2.02E+12,2,9,0,17,0,1,0,0,0,0,1,1,6,1,65,9,1586,1,8,8,3,8
2.02E+12,1,9,0,18,0,1,0,0,0,0,1,1,6,2,25,5,1968,2,8,6,3,6
2.02E+12,2,9,0,4,0,1,0,0,0,0,2,1,6,2,56,9,1198,1,8,5,3,5
2.02E+12,3,9,0,4,0,1,0,0,0,0,2,1,3,2,58,9,1591,1,3,1,1,1
2.02E+12,1,3,0,9,0,8,0,0,0,0,3,1,2,1,46,8,124,1,3,6,2,6
2.02E+12,2,9,0,18,0,8,0,0,0,0,1,1,6,1,73,10,1995,1,7,5,1,5
2.02E+12,1,8,0,18,0,1,0,0,0,0,1,1,1,2,59,9,1497,8,12,9,2,9
2.02E+12,3,9,0,18,0,1,0,0,0,0,1,1,6,1,20,4,1242,1,12,6,1,6
2.02E+12,1,3,0,7,0,1,1,0,0,0,0,1,1,1,28,6,124,1,2,7,1,7
2.02E+12,1,3,0,4,0,1,1,11,0,0,3,1,1,2,16,4,49,1,1,9,3,9
2.02E+12,1,9,0,18,0,1,0,0,0,0,1,1,6,1,52,8,1560,2,3,6,2,6
2.02E+12,1,11,0,18,0,1,0,0,0,0,1,1,1,1,23,5,8970,2,14,8,2,8
2.02E+12,1,9,0,18,0,1,0,0,0,0,1,1,6,1,18,4,1395,1,1,3,1,3
2.02E+12,2,9,0,9,0,1,0,0,0,0,0,1,6,1,25,5,2993,2,5,7,3,7
2.02E+12,3,9,0,18,0,1,0,0,0,0,2,1,6,2,57,9,1997,2,7,8,1,8
2.02E+12,1,9,0,18,0,8,1,0,0,0,4,1,6,1,19,4,1368,1,7,9,2,9
2.02E+12,2,9,0,18,0,8,1,0,7,11,1,1,6,2,62,9,1896,2,13,6,3,6
2.02E+12,1,4,0,9,0,3,0,0,0,0,1,1,6,1,73,10,247,1,41,10,2,10
2.02E+12,2,9,0,7,0,4,0,0,0,0,3,1,6,2,24,5,1242,1,10,10,2,10
2.02E+12,1,9,0,9,0,6,0,0,0,0,3,1,6,1,26,6,2926,2,15,4,1,4
2.02E+12,2,9,0,18,0,1,1,0,0,0,1,1,6,1,25,5,1272,1,24,2,1,2
2.02E+12,1,9,0,9,0,5,0,0,0,0,1,1,6,1,22,5,2143,2,4,10,1,10
2.02E+12,2,9,0,18,0,1,0,0,0,0,3,1,6,1,53,8,1968,2,10,10,1,10
2.02E+12,1,9,0,18,0,8,0,0,0,0,1,1,2,1,59,9,1598,1,10,1,1,1
2.02E+12,1,5,0,17,0,8,1,0,0,0,1,1,6,1,31,6,599,1,11,6,1,6
2.02E+12,2,9,0,10,0,5,0,0,0,0,1,1,6,2,53,8,1197,1,1,7,3,7
2.02E+12,1,9,0,7,0,2,0,0,0,0,1,1,6,2,53,8,1560,2,6,10,1,10
2.02E+12,1,9,0,18,0,1,1,4,1,10,2,1,6,1,48,8,1995,2,12,4,1,4
2.02E+12,2,9,0,18,0,8,0,0,1,0,1,1,2,1,32,6,1390,1,8,10,2,10
2.02E+12,1,9,0,10,0,1,0,0,7,10,2,1,6,2,41,7,1995,2,5,8,1,8
2.02E+12,1,9,0,5,0,4,0,0,0,0,1,1,6,2,65,9,1597,1,22,8,1,8
2.02E+12,1,9,0,5,0,2,0,0,0,0,4,1,6,1,41,7,2148,2,16,1,1,1
2.02E+12,2,9,0,18,0,8,0,7,1,0,0,1,6,1,76,11,1396,1,17,6,1,6
2.02E+12,3,9,0,3,0,1,0,0,0,0,0,1,6,1,32,6,1969,2,1,8,2,8
2.02E+12,4,9,0,3,0,1,0,0,0,0,0,1,6,1,64,9,1598,2,3,3,1,3
2.02E+12,1,9,0,5,0,4,0,0,0,0,1,1,2,1,51,8,1968,2,4,7,2,7
2.02E+12,1,9,0,5,0,6,0,0,0,0,1,1,6,2,65,9,2179,2,6,6,3,6
2.02E+12,2,9,0,18,0,1,1,0,0,0,1,1,6,1,20,4,1598,1,8,4,1,4
2.02E+12,2,9,0,8,0,1,0,0,0,0,3,1,6,2,38,7,1197,1,2,5,1,5
2.02E+12,1,8,0,18,0,8,0,0,0,0,1,1,1,1,61,9,2148,2,14,4,1,4
2.02E+12,2,5,0,18,0,8,0,0,0,0,1,1,6,1,46,8,998,1,11,4,1,4
2.02E+12,1,9,0,18,0,1,0,0,0,0,1,1,6,1,24,5,1599,1,12,9,1,9
2.02E+12,2,9,0,10,0,1,0,0,0,0,2,1,6,2,50,8,1461,2,2,8,1,8
2.02E+12,1,9,0,18,0,1,0,0,0,0,1,1,6,1,18,4,999,1,13,10,1,10
2.02E+12,1,5,0,18,0,7,0,10,0,0,0,1,6,1,38,7,996,1,15,9,1,9
2.02E+12,1,9,0,6,0,5,0,0,0,0,3,1,6,1,69,10,998,1,1,8,1,8
2.02E+12,2,9,0,18,0,1,0,0,0,0,1,1,6,2,50,8,1560,2,9,9,1,9
2.02E+12,2,9,0,9,0,1,0,0,0,0,1,1,6,1,81,11,1560,2,3,7,1,7
2.02E+12,1,9,0,13,0,1,0,0,7,0,1,1,6,1,19,4,999,1,4,7,3,7
2.02E+12,2,21,0,9,0,1,0,0,0,0,3,1,1,1,54,8,4500,2,2,8,2,8
2.02E+12,1,9,0,4,0,1,0,0,0,0,1,1,6,1,54,8,1686,2,6,2,1,2
2.02E+12,1,9,0,5,0,6,0,0,0,0,1,1,6,1,42,7,1388,1,10,6,1,6
2.02E+12,2,9,0,18,0,1,0,0,0,0,1,1,6,1,67,10,1596,1,1,8,1,8
2.02E+12,3,9,0,10,0,1,0,0,0,0,3,1,6,1,52,8,1598,1,7,4,1,4
2.02E+12,1,9,0,9,0,8,2,0,1,4,4,1,6,2,19,4,1198,1,11,5,1,5
2.02E+12,1,5,0,18,0,1,0,0,0,0,0,1,6,1,69,10,773,1,6,9,2,9
2.02E+12,1,9,0,1,0,2,0,0,0,0,2,1,2,1,30,6,1968,2,2,2,1,2
2.02E+12,1,9,0,6,0,1,0,0,0,0,1,1,6,1,40,7,1900,2,17,3,1,3
2.02E+12,2,19,0,5,0,2,0,0,0,0,1,1,6,1,20,4,1753,2,14,3,1,3
2.02E+12,1,9,0,18,0,1,0,0,0,0,3,1,6,1,60,9,1395,1,1,10,1,10
2.02E+12,1,9,0,18,0,1,0,0,0,0,2,1,1,1,32,6,1461,2,2,9,1,9
2.02E+12,2,9,0,18,0,1,1,0,0,0,1,1,6,1,23,5,999,1,3,8,1,8
2.02E+12,1,9,0,9,0,8,0,0,0,0,1,1,6,1,73,10,2446,2,16,10,3,10
2.02E+12,1,9,0,18,0,4,0,9,0,1,1,1,6,1,25,5,1395,1,4,6,3,6
2.02E+12,2,4,0,9,0,3,0,0,0,0,1,1,6,1,25,5,125,1,1,8,1,8
2.02E+12,2,9,0,4,0,1,0,0,0,0,2,1,6,2,37,7,1242,1,9,8,1,8
2.02E+12,3,9,0,4,0,1,0,0,0,0,2,1,6,2,45,7,1199,1,14,5,3,5
2.02E+12,1,9,0,9,0,2,0,0,0,0,1,1,6,2,32,6,1968,2,5,3,1,3
2.02E+12,1,9,0,4,0,4,0,0,0,0,2,1,2,2,30,6,1499,1,3,8,3,8
2.02E+12,1,11,0,4,0,1,0,0,0,0,0,1,1,1,37,7,7300,2,13,3,1,3
2.02E+12,1,3,0,9,0,4,0,0,0,0,0,1,6,1,18,4,124,1,4,2,2,2
2.02E+12,1,9,0,18,0,8,0,0,7,0,1,1,6,1,20,4,1560,2,8,7,3,7
2.02E+12,2,9,0,9,0,8,0,0,0,0,1,1,6,1,58,9,1598,1,12,9,1,9
2.02E+12,1,9,0,9,0,8,0,0,0,0,1,1,6,2,76,11,998,1,1,9,2,9
2.02E+12,2,9,0,18,0,8,0,0,7,0,1,1,6,2,48,8,1398,1,1,9,1,9
2.02E+12,1,9,0,5,0,2,0,0,0,0,2,1,6,1,34,6,1582,2,5,7,1,7
2.02E+12,2,9,0,13,0,8,0,0,0,0,1,1,6,1,82,11,1198,1,6,9,1,9
2.02E+12,1,9,0,4,0,1,0,0,0,0,1,1,6,2,75,10,1298,1,15,5,3,5
2.02E+12,2,9,0,4,0,1,0,0,0,0,2,1,6,2,24,5,1598,2,1,4,2,4
2.02E+12,2,9,0,7,0,1,0,0,0,0,4,1,6,1,61,9,2993,2,4,6,3,6
2.02E+12,1,9,0,5,0,4,0,0,0,0,1,1,6,1,18,4,1086,1,11,10,2,10