Accident_Index,Vehicle_Reference,Vehicle_Type,Towing_and_Articulation,Vehicle_Manoeuvre,Vehicle_Location-Restricted_Lane,Junction_Location,Skidding_and_Overturning,Hit_Object_in_Carriageway,Vehicle_Leaving_Carriageway,Hit_Object_off_Carriageway,1st_Point_of_Impact,Was_Vehicle_Left_Hand_Drive?,Journey_Purpose_of_Driver,Sex_of_Driver,Age_of_Driver,Age_Band_of_Driver,Engine_Capacity_(CC),Propulsion_Code,Age_of_Vehicle,Driver_IMD_Decile,Driver_Home_Area_Type,Vehicle_IMD_Decile
2.02E+12,1,9,0,3,0,1,0,0,0,0,2,1,6,1,61,9,1984,1,2,8,1,8
2.02E+12,2,9,0,4,0,1,0,0,0,0,1,1,6,1,62,9,1398,1,6,4,1,4
2.02E+12,1,9,0,9,0,6,0,0,0,0,3,1,6,2,89,11,1390,1,4,10,1,10
2.02E+12,2,9,0,18,0,1,0,0,7,9,1,1,1,1,52,8,2495,2,16,9,3,9
2.02E+12,2,19,0,9,0,8,0,0,0,0,1,1,6,1,27,6,2198,2,3,8,3,8
2.02E+12,1,9,0,9,0,2,0,0,0,0,1,1,2,1,49,8,1400,1,14,4,1,4
2.02E+12,2,2,0,14,0,1,0,0,0,0,1,1,6,1,16,4,49,1,15,8,2,8
2.02E+12,1,9,0,18,0,2,0,0,0,0,1,1,6,2,52,8,1149,1,12,6,3,6
2.02E+12,1,9,0,9,0,2,0,0,0,0,1,1,6,1,92,11,1200,1,3,6,2,6
2.02E+12,1,9,0,1,0,8,0,0,0,0,2,1,6,2,43,7,2494,8,2,7,3,7
2.02E+12,2,9,0,18,0,8,0,0,0,0,2,1,6,2,37,7,998,1,2,4,2,4
2.02E+12,1,9,0,4,0,1,0,0,0,0,1,1,6,1,20,4,1390,1,7,6,1,6
2.02E+12,2,9,0,4,0,1,0,0,0,0,2,1,6,1,59,9,1596,1,14,5,1,5
2.02E+12,3,19,0,10,0,1,0,0,0,0,2,1,1,1,38,7,2143,2,4,2,1,2
2.02E+12,1,9,0,10,0,1,0,0,7,7,1,1,6,1,65,9,1560,2,5,9,1,9
2.02E+12,3,9,0,18,0,1,0,0,0,0,3,1,6,3,56,9,1799,1,7,7,1,7
2.02E+12,1,9,0,18,0,1,0,0,0,0,3,1,6,2,21,5,2494,1,15,8,1,8
2.02E+12,2,9,0,18,0,1,0,0,0,0,1,1,6,1,26,6,1598,2,1,9,2,9
2.02E+12,2,9,0,9,0,1,0,0,0,0,3,1,6,2,52,8,1598,1,11,5,1,5
2.02E+12,1,9,0,5,0,8,0,0,0,0,3,1,6,2,45,7,1560,2,4,7,1,7
2.02E+12,2,3,0,18,0,8,0,0,0,0,4,1,6,1,37,7,124,1,16,3,1,3
2.02E+12,1,8,0,5,0,4,0,0,0,0,1,1,1,1,51,8,1797,8,3,9,2,9
2.02E+12,2,9,0,5,0,4,0,0,0,0,2,1,6,2,52,8,1598,2,3,5,1,5
2.02E+12,3,9,0,5,0,4,0,0,0,0,2,1,6,1,65,9,1587,1,10,1,1,1
2.02E+12,1,11,0,9,0,8,0,0,0,0,3,1,1,1,61,9,2402,2,9,4,1,4
2.02E+12,1,9,0,9,0,8,0,0,0,0,3,1,6,1,66,10,1598,2,4,10,1,10
2.02E+12,1,9,0,18,0,6,0,0,0,0,1,1,6,2,25,5,1242,1,2,9,1,9
2.02E+12,1,9,0,9,0,6,0,0,0,0,1,1,6,2,64,9,1339,1,11,10,1,10
2.02E+12,2,19,0,18,0,8,0,0,7,0,1,1,1,1,60,9,2402,2,14,2,1,2
2.02E+12,3,9,0,10,0,1,0,0,0,0,1,1,6,1,34,6,1560,2,6,6,1,6
2.02E+12,2,8,0,7,0,8,0,0,0,0,1,1,1,1,32,6,1997,2,6,6,1,6
2.02E+12,1,9,0,9,0,8,0,0,0,0,1,1,1,2,38,7,2179,2,4,9,3,9
2.02E+12,1,9,0,9,0,6,0,0,0,0,1,1,6,1,20,4,1998,1,10,8,1,8
2.02E+12,2,9,0,18,0,1,5,0,0,0,4,1,6,2,64,9,1198,1,2,6,1,6
2.02E+12,1,9,0,16,0,1,0,0,0,0,1,1,6,1,21,5,2179,2,4,6,1,6
2.02E+12,2,9,0,17,0,1,0,0,1,0,1,1,6,1,28,6,1910,2,9,9,2,9
2.02E+12,2,9,0,18,0,8,0,0,1,9,1,2,6,2,54,8,1999,2,1,5,3,5
2.02E+12,2,9,0,18,0,8,0,0,0,0,3,1,6,1,54,8,1461,2,1,6,3,6
2.02E+12,2,9,0,10,0,5,0,0,0,0,2,1,6,2,35,6,1198,1,12,2,2,2
2.02E+12,3,9,0,10,0,1,0,0,0,0,0,1,6,2,47,8,1395,1,2,3,3,3
2.02E+12,1,9,0,9,0,8,0,0,0,0,4,1,6,1,81,11,2148,2,9,10,1,10
2.02E+12,2,9,0,18,0,8,0,0,0,0,1,1,6,1,63,9,1349,1,5,6,1,6
2.02E+12,1,9,0,18,0,1,0,0,0,0,4,1,6,2,33,6,1598,1,3,10,1,10
2.02E+12,1,3,0,7,0,5,0,0,0,0,0,1,1,1,25,5,124,1,7,7,1,7
2.02E+12,2,9,0,9,0,1,0,0,0,0,4,1,6,2,53,8,1968,2,10,9,1,9
2.02E+12,1,4,0,7,0,5,0,0,0,0,1,1,6,1,22,5,125,1,2,7,1,7
2.02E+12,2,9,0,12,0,7,0,0,0,0,3,1,6,2,46,8,1986,2,10,10,1,10
2.02E+12,1,9,0,6,0,8,0,0,0,0,1,1,6,1,25,5,1197,1,1,5,1,5
2.02E+12,2,11,0,18,0,1,0,0,0,0,1,1,1,1,62,9,9360,2,5,4,1,4
2.02E+12,1,9,0,10,0,4,0,0,0,0,0,1,6,1,29,6,1998,1,13,2,1,2
2.02E+12,1,19,0,9,0,5,0,0,0,0,3,1,1,1,34,6,2198,2,2,5,1,5
2.02E+12,1,9,0,18,0,8,0,0,0,0,1,1,6,2,57,9,1596,1,10,2,1,2
2.02E+12,2,9,0,18,0,8,0,0,0,0,4,1,6,2,70,10,1198,1,8,1,1,1
2.02E+12,1,9,0,13,0,3,0,0,0,0,4,1,6,1,33,6,1399,1,10,9,1,9
2.02E+12,1,9,0,9,0,6,0,0,0,0,3,1,6,1,41,7,1560,2,1,3,1,3
2.02E+12,2,9,0,18,0,1,0,0,0,0,1,1,6,1,41,7,1596,1,7,5,2,5
2.02E+12,1,5,0,16,0,1,1,0,1,10,1,1,6,1,50,8,1198,1,2,7,2,7
2.02E+12,1,9,0,3,0,4,0,0,0,0,2,1,6,1,38,7,1596,1,12,8,2,8
2.02E+12,2,9,0,18,0,4,0,0,0,0,1,1,6,2,59,9,1560,2,3,4,1,4
2.02E+12,2,21,2,17,0,4,0,0,0,0,1,1,1,1,47,8,12900,2,5,3,1,3
2.02E+12,1,21,0,7,0,8,0,0,0,0,1,1,1,1,75,10,12580,2,11,6,1,6
2.02E+12,1,9,0,7,0,8,0,0,0,0,3,1,4,2,17,4,1360,1,12,9,3,9
2.02E+12,1,9,0,2,0,1,0,0,0,0,0,1,1,1,36,7,999,1,2,10,1,10
2.02E+12,2,9,0,18,0,1,0,0,0,0,2,1,6,2,38,7,1198,1,7,8,1,8
2.02E+12,1,9,0,10,0,8,0,0,0,0,2,1,6,2,55,8,1598,1,8,7,1,7
2.02E+12,1,9,0,9,0,6,0,0,0,0,1,1,6,2,62,9,1598,1,10,5,3,5
2.02E+12,1,9,0,3,0,4,0,0,0,0,2,1,2,2,48,8,1398,2,4,4,1,4
2.02E+12,1,9,0,1,0,1,0,0,0,0,1,1,6,2,41,7,1995,2,5,5,3,5
2.02E+12,2,9,0,4,0,1,0,0,0,0,3,1,6,1,37,7,1591,1,1,10,1,10
2.02E+12,1,9,0,9,4,8,0,0,0,0,1,1,6,2,41,7,1400,2,10,2,1,2
2.02E+12,2,9,0,7,0,8,0,0,0,0,3,1,6,1,40,7,1968,2,5,6,3,6
2.02E+12,1,9,0,18,0,8,0,0,0,0,1,1,6,1,18,4,1124,1,12,8,1,8
2.02E+12,2,9,0,7,0,6,0,0,0,0,1,1,6,2,52,8,998,1,4,1,1,1
2.02E+12,1,5,0,16,0,8,0,0,0,0,1,1,6,1,20,4,600,1,13,10,2,10
2.02E+12,2,9,0,9,0,8,0,0,0,0,2,1,6,2,76,11,1240,1,13,10,2,10
2.02E+12,1,9,0,18,0,4,0,0,0,0,1,1,6,2,33,6,1995,2,1,8,2,8
2.02E+12,2,9,0,18,0,3,0,0,0,0,4,1,6,2,58,9,1596,1,3,9,1,9
2.02E+12,1,9,0,9,0,6,0,0,0,0,1,1,6,1,75,10,1598,1,9,5,1,5
2.02E+12,2,5,0,18,0,1,0,0,0,0,1,1,6,1,59,9,1170,1,2,7,2,7
2.02E+12,1,9,0,9,0,8,0,0,0,0,1,1,6,2,38,7,1794,1,15,9,1,9
2.02E+12,1,9,0,4,0,1,0,0,0,0,1,1,6,2,23,5,1490,1,8,8,1,8
2.02E+12,1,11,0,3,0,2,0,0,0,0,0,1,1,1,68,10,10000,2,18,7,2,7
2.02E+12,2,9,0,18,0,1,0,0,0,0,1,1,6,1,36,7,1398,1,5,4,2,4
2.02E+12,1,2,0,17,0,2,1,0,1,2,4,1,6,1,16,4,49,1,2,3,1,3
2.02E+12,1,9,0,9,0,8,0,0,0,0,1,1,6,1,37,7,1461,2,15,8,3,8
2.02E+12,1,9,0,3,0,4,0,0,0,0,2,1,2,2,34,6,1599,1,12,2,1,2
2.02E+12,1,9,0,1,0,6,0,0,0,0,2,1,6,2,41,7,999,1,4,10,1,10
2.02E+12,1,9,0,9,0,1,0,0,7,0,3,1,6,1,35,6,1598,1,10,8,1,8
2.02E+12,2,9,0,13,0,1,0,0,7,11,1,1,6,1,45,7,1753,2,10,1,1,1
2.02E+12,1,9,0,18,0,1,0,0,0,0,1,1,6,1,31,6,1364,1,1,2,1,2
2.02E+12,2,9,0,18,0,6,0,4,0,0,4,1,6,2,32,6,1998,1,9,2,1,2
2.02E+12,3,9,0,2,0,1,0,0,0,0,3,1,6,1,73,10,1598,1,19,5,1,5
2.02E+12,1,9,0,18,0,8,0,0,0,0,1,1,6,1,25,5,1398,2,4,9,1,9
2.02E+12,1,9,0,5,0,2,0,0,0,0,3,1,6,3,30,6,1686,2,6,7,3,7
2.02E+12,1,21,1,11,0,1,0,0,0,0,4,1,1,1,34,6,12902,2,2,3,1,3
2.02E+12,2,9,0,18,0,1,0,0,5,6,3,1,6,2,65,9,998,1,1,8,2,8
2.02E+12,1,9,0,13,0,8,0,0,7,0,1,1,1,2,53,8,1240,1,14,8,3,8
2.02E+12,2,9,0,18,0,1,0,0,0,0,1,1,6,2,45,7,1360,1,15,7,1,7
2.02E+12,1,9,0,7,0,6,1,0,0,0,1,1,6,1,17,4,1242,1,12,9,1,9
2.02E+12,2,9,0,18,0,1,0,0,0,0,1,1,6,2,39,7,1390,1,4,6,3,6
2.02E+12,1,9,0,4,0,1,0,0,0,0,2,1,3,2,28,6,1240,1,8,9,2,9
2.02E+12,2,9,0,18,0,8,0,0,0,0,3,1,6,2,69,10,1590,1,14,10,1,10
2.02E+12,1,19,4,18,0,1,1,0,0,0,1,1,1,1,18,4,2402,2,10,8,2,8
2.02E+12,2,9,0,3,0,1,0,0,0,0,2,1,1,1,50,8,1998,8,2,10,1,10
2.02E+12,3,9,0,10,0,1,0,0,0,0,2,1,6,2,54,8,2967,2,7,7,3,7
2.02E+12,1,9,0,9,0,2,0,0,0,0,3,1,2,1,34,6,1998,1,2,9,2,9
2.02E+12,2,9,0,18,0,1,0,0,0,0,1,1,6,2,56,9,1390,1,20,8,3,8
2.02E+12,1,9,0,18,0,8,0,0,0,0,4,1,6,2,25,5,1598,2,1,10,1,10
2.02E+12,2,19,0,3,0,8,0,0,0,0,3,1,6,2,54,8,1560,2,3,9,3,9
2.02E+12,2,9,0,3,0,2,0,0,0,0,2,1,6,2,18,4,1995,2,6,8,2,8
2.02E+12,1,19,0,9,0,5,0,0,0,0,1,1,1,1,32,6,2198,2,4,8,3,8
2.02E+12,2,9,0,18,0,4,0,0,0,0,3,1,6,1,44,7,1598,2,5,8,2,8
2.02E+12,1,9,0,4,0,5,0,0,0,0,4,1,6,2,37,7,1560,2,8,7,1,7
2.02E+12,1,2,0,9,0,6,1,0,0,0,1,1,6,1,17,4,49,1,16,5,1,5
2.02E+12,2,9,0,18,0,8,0,0,0,0,4,1,6,2,71,10,1997,1,14,8,1,8
2.02E+12,2,19,0,4,0,1,0,0,0,0,1,1,2,2,36,7,1461,2,12,4,1,4
2.02E+12,1,2,0,18,0,2,0,0,0,0,1,1,6,1,17,4,49,1,1,3,1,3
2.02E+12,2,9,0,3,0,2,0,0,0,0,2,1,6,1,67,10,998,1,15,1,1,1
2.02E+12,1,9,0,3,0,1,0,0,0,0,1,1,3,2,64,9,1198,1,4,9,2,9
2.02E+12,1,9,0,4,0,1,0,0,0,0,1,1,3,2,35,6,1995,2,6,10,1,10
2.02E+12,2,9,0,4,0,1,0,0,0,0,2,1,2,1,58,9,2993,2,1,9,3,9
2.02E+12,1,9,0,4,0,1,0,0,0,0,2,1,1,2,22,5,1364,1,10,2,1,2
2.02E+12,2,19,0,4,0,1,0,0,0,0,2,1,1,1,55,8,2198,2,3,9,1,9
2.02E+12,2,9,0,9,0,6,0,0,0,0,1,1,6,1,60,9,3700,1,16,9,1,9
2.02E+12,1,19,0,9,0,6,0,0,0,0,3,1,6,1,70,10,1995,2,6,5,1,5
2.02E+12,2,9,0,18,0,8,0,0,0,0,1,1,6,2,45,7,2231,2,3,7,2,7
2.02E+12,1,11,0,4,0,1,0,0,0,0,0,1,1,1,54,8,9360,2,3,4,3,4
2.02E+12,1,9,0,18,0,1,5,4,0,0,1,1,1,2,24,5,1229,1,12,5,1,5
2.02E+12,2,9,0,2,0,1,0,0,1,0,3,1,6,1,59,9,1995,2,16,9,2,9
2.02E+12,3,9,0,2,0,1,0,0,0,0,3,1,6,1,75,10,1598,1,11,7,2,7
2.02E+12,1,9,0,5,0,8,0,0,0,0,1,1,6,2,30,6,1229,1,4,5,1,5
2.02E+12,2,9,0,18,0,8,0,0,0,0,1,1,6,1,47,8,1560,2,4,3,1,3
2.02E+12,2,9,0,5,0,4,0,0,0,0,1,1,6,1,68,10,1329,1,3,10,1,10
2.02E+12,1,9,0,9,0,8,0,0,0,0,4,1,1,2,47,8,1198,1,2,5,3,5
2.02E+12,2,9,0,18,0,1,5,0,1,3,1,1,1,1,26,6,1598,2,6,7,1,7
2.02E+12,1,19,0,18,0,8,0,0,0,0,1,1,1,1,52,8,2198,2,7,4,1,4
2.02E+12,2,3,0,9,0,6,0,0,0,0,3,1,6,1,23,5,124,1,3,4,1,4
2.02E+12,1,9,0,4,0,1,0,0,0,0,2,1,6,1,31,6,1587,1,15,5,1,5
2.02E+12,1,19,0,18,0,1,0,0,0,0,1,1,1,1,22,5,1968,2,3,7,1,7
2.02E+12,2,9,0,4,0,1,0,0,0,0,2,1,6,2,46,8,1242,1,9,8,3,8
2.02E+12,3,9,0,4,0,1,0,0,0,0,2,1,6,2,36,7,1596,1,6,10,1,10
2.02E+12,2,9,0,10,0,1,0,0,0,0,2,1,6,1,67,10,2996,1,1,7,3,7
2.02E+12,1,9,0,9,0,5,0,0,0,0,1,1,6,1,81,11,2148,2,12,6,1,6
2.02E+12,1,9,0,9,0,8,0,0,0,0,2,1,6,1,52,8,2191,2,2,8,3,8
2.02E+12,2,21,0,9,0,8,0,0,0,0,3,1,1,1,50,8,11705,2,9,4,3,4
2.02E+12,2,5,0,7,0,5,0,0,0,0,0,1,2,1,52,8,800,1,4,8,3,8
2.02E+12,1,19,0,18,0,1,0,0,0,0,4,1,1,1,63,9,3199,2,9,8,1,8
2.02E+12,2,9,0,1,0,8,0,0,0,0,2,1,6,2,34,6,1956,2,7,10,2,10
2.02E+12,1,9,0,5,0,6,0,0,0,0,3,1,6,2,23,5,1390,1,4,7,3,7
2.02E+12,2,21,0,18,0,1,0,0,0,0,1,1,1,1,76,11,12419,2,4,3,1,3
2.02E+12,1,5,0,17,0,8,1,0,0,0,4,1,6,1,56,9,1063,1,8,6,1,6
2.02E+12,1,9,0,18,0,2,0,0,0,0,1,1,2,1,45,7,2993,2,4,6,3,6
2.02E+12,2,9,0,3,0,2,0,0,0,0,2,1,6,1,22,5,1364,1,11,7,3,7
2.02E+12,1,9,0,4,0,1,0,0,0,0,4,1,6,2,70,10,998,1,4,7,1,7
2.02E+12,1,9,0,18,0,8,0,0,0,0,1,1,6,1,30,6,1560,2,6,7,1,7
2.02E+12,1,9,0,18,0,6,0,0,0,0,1,1,6,1,54,8,1986,2,10,10,1,10
2.02E+12,2,9,0,18,0,8,0,0,0,0,3,1,6,1,66,10,2143,2,2,10,1,10
2.02E+12,1,9,0,5,0,6,0,0,1,0,3,1,6,1,24,5,1242,1,11,9,1,9
2.02E+12,2,9,0,18,0,8,0,0,0,0,1,1,6,1,57,9,1995,2,4,10,1,10
2.02E+12,3,9,0,18,0,1,0,0,0,0,1,1,6,1,40,7,1796,1,8,10,3,10
2.02E+12,1,9,0,9,0,7,0,0,1,0,3,1,6,1,19,4,1390,1,5,10,1,10
2.02E+12,2,9,0,18,0,1,0,0,0,0,1,1,6,1,25,5,2143,2,3,5,3,5
2.02E+12,1,8,0,18,0,8,0,0,0,0,1,1,1,1,45,7,1797,8,3,10,2,10
2.02E+12,1,9,0,18,0,1,0,12,0,0,1,1,6,1,54,8,1598,1,1,2,1,2
2.02E+12,2,21,1,18,0,1,1,0,0,0,1,1,1,1,60,9,11120,2,3,2,1,2
2.02E+12,1,9,0,5,0,6,0,0,0,0,3,1,6,1,55,8,1560,2,6,8,1,8
2.02E+12,2,9,0,15,0,8,0,0,0,0,1,1,6,1,55,8,1368,1,5,8,1,8
2.02E+12,1,5,0,13,0,2,0,0,4,6,3,1,6,1,66,10,1131,1,9,2,1,2
2.02E+12,1,9,0,7,0,2,1,0,0,0,1,1,6,1,38,7,2000,2,11,6,1,6
2.02E+12,2,9,0,4,0,1,0,0,0,0,1,1,6,1,45,7,3200,2,12,10,1,10
2.02E+12,1,9,0,18,0,8,0,0,0,0,4,1,2,2,37,7,1396,1,5,10,1,10
2.02E+12,1,9,0,9,0,8,0,0,0,0,1,1,6,2,35,6,1560,2,2,8,3,8
2.02E+12,2,3,0,18,0,8,0,0,0,0,1,1,6,1,19,4,125,1,1,6,3,6
2.02E+12,1,9,0,7,0,1,0,0,0,0,4,1,1,2,31,6,1796,1,12,9,3,9
2.02E+12,1,19,0,9,0,8,0,0,0,0,1,1,1,1,45,7,1248,2,2,9,1,9
2.02E+12,1,9,0,7,0,1,0,0,0,0,1,1,6,1,24,5,1364,1,9,2,1,2
2.02E+12,1,9,0,9,0,6,0,0,0,0,1,1,6,2,78,11,1994,2,6,5,3,5
2.02E+12,2,9,0,18,0,8,0,0,0,0,4,1,6,1,50,8,1398,1,11,9,2,9
2.02E+12,1,9,0,9,0,8,0,0,0,0,1,1,6,1,76,11,1995,2,12,8,1,8
2.02E+12,2,9,0,18,0,8,2,0,0,0,4,1,6,1,60,9,1197,1,2,7,1,7
2.02E+12,1,9,0,18,9,8,5,0,7,0,1,1,6,1,18,4,1364,1,12,8,2,8
2.02E+12,1,9,0,18,0,8,0,0,0,0,1,1,6,1,21,5,2143,2,8,8,2,8
2.02E+12,1,9,0,9,0,6,0,0,0,0,3,1,6,2,27,6,1242,1,2,6,1,6
2.02E+12,2,9,0,18,0,1,0,0,1,11,1,1,6,1,54,8,1896,2,12,7,3,7
2.02E+12,3,9,0,18,0,1,0,1,0,0,1,1,2,1,55,8,1586,1,4,9,2,9
2.02E+12,1,9,0,16,0,8,0,7,0,0,1,1,2,2,18,4,1124,1,10,8,2,8
2.02E+12,2,9,0,18,0,8,0,0,0,0,1,1,2,1,53,8,1968,2,5,9,2,9
2.02E+12,2,9,0,5,0,1,0,0,0,0,1,1,6,2,63,9,1339,1,9,8,1,8
2.02E+12,1,9,0,16,0,1,5,0,1,11,1,1,2,1,55,8,1896,2,15,3,1,3
2.02E+12,2,9,0,8,0,2,0,0,0,0,4,1,3,2,51,8,1598,2,5,8,1,8
2.02E+12,1,9,0,3,0,1,0,0,0,0,2,1,2,1,18,4,1364,1,2,10,1,10
2.02E+12,2,9,0,18,0,1,0,0,0,0,1,1,2,2,40,7,2926,2,12,7,1,7
2.02E+12,2,21,0,18,0,1,0,0,0,0,1,1,1,1,28,6,7146,2,4,9,3,9
2.02E+12,2,9,0,7,0,1,0,0,0,0,4,1,6,1,62,9,1999,1,1,9,1,9
2.02E+12,1,9,0,9,0,1,0,0,0,0,3,1,6,2,68,10,1998,1,12,7,3,7
2.02E+12,2,9,0,18,0,1,0,0,0,0,1,1,6,1,70,10,2231,2,10,8,1,8
2.02E+12,1,9,0,9,0,8,0,0,0,0,3,1,1,2,31,6,1497,8,1,8,1,8
2.02E+12,1,9,0,9,0,8,0,0,0,0,1,1,2,1,51,8,1124,1,12,8,1,8
2.02E+12,2,9,0,3,0,1,0,0,0,0,2,1,6,1,74,10,3239,1,20,6,3,6
2.02E+12,3,19,0,3,0,1,0,0,0,0,2,1,1,1,22,5,1598,2,2,1,1,1
2.02E+12,1,9,0,18,0,1,0,0,8,11,4,1,2,1,35,6,1984,1,3,6,3,6
2.02E+12,2,9,0,18,0,1,0,0,0,0,3,1,6,1,66,10,1461,2,1,9,3,9
2.02E+12,1,8,0,6,0,6,0,0,0,0,0,1,1,1,33,6,1997,2,4,4,1,4
2.02E+12,2,5,0,18,0,1,1,0,0,0,4,1,6,1,37,7,745,1,4,10,1,10
2.02E+12,1,9,0,17,0,8,0,0,0,0,3,1,6,1,61,9,1560,2,5,9,1,9
2.02E+12,1,9,0,5,0,8,0,0,0,0,1,1,2,1,41,7,2000,2,7,3,1,3
2.02E+12,1,9,0,4,0,1,0,0,0,0,1,1,6,1,39,7,2231,2,9,3,1,3
2.02E+12,1,8,0,16,0,1,0,0,7,4,1,1,1,1,49,8,1560,2,9,4,1,4
2.02E+12,1,9,0,9,0,4,0,0,0,0,3,1,6,2,35,6,1995,2,3,4,1,4
2.02E+12,2,9,0,18,0,4,0,0,0,0,1,1,6,1,22,5,1781,1,27,7,2,7
2.02E+12,1,9,0,7,0,8,0,0,0,0,1,1,6,1,27,6,1781,1,16,8,3,8
2.02E+12,2,9,0,4,0,1,0,0,0,0,2,1,6,2,44,7,1598,1,9,5,3,5
2.02E+12,3,9,0,4,0,1,0,0,0,0,2,1,6,1,52,8,1995,2,2,2,1,2
2.02E+12,1,9,0,9,0,8,0,0,0,0,4,1,6,2,38,7,1598,1,3,6,1,6
2.02E+12,2,2,0,18,0,8,0,0,0,0,1,1,6,1,16,4,49,1,2,6,1,6
2.02E+12,1,9,0,13,0,1,0,0,7,10,1,1,2,1,42,7,1560,2,7,7,1,7
2.02E+12,1,9,0,18,0,1,0,0,0,0,3,1,6,2,57,9,1598,1,6,5,1,5
2.02E+12,2,9,0,9,0,5,0,0,0,0,3,1,6,2,36,7,1560,2,9,9,2,9
2.02E+12,1,2,0,4,0,1,0,0,0,0,1,1,6,1,16,4,50,1,1,5,3,5
2.02E+12,2,9,0,4,0,1,0,0,0,0,2,1,2,1,58,9,1399,2,8,7,2,7
2.02E+12,1,9,0,18,0,8,0,0,0,0,3,1,6,2,52,8,1339,1,5,10,1,10
2.02E+12,1,9,0,9,0,5,0,0,0,0,1,1,6,2,75,10,1598,1,12,5,2,5
2.02E+12,2,19,0,18,0,8,0,0,0,0,1,1,1,1,24,5,2299,2,3,6,3,6
2.02E+12,3,21,0,3,0,2,0,0,0,0,2,1,6,2,46,8,5861,2,22,8,1,8
2.02E+12,1,9,0,9,7,7,0,0,0,0,1,1,6,1,48,8,1910,2,11,9,1,9
2.02E+12,2,9,0,18,0,1,5,0,1,0,4,1,6,2,50,8,1490,1,8,10,2,10
2.02E+12,1,9,0,5,0,1,0,0,0,0,1,1,6,1,75,10,1248,1,3,10,1,10
2.02E+12,1,9,0,5,0,6,0,0,0,0,1,1,6,1,27,6,1248,2,8,8,3,8
2.02E+12,2,9,0,18,0,8,0,0,0,0,1,1,6,1,63,9,1968,2,10,1,1,1
2.02E+12,1,9,0,5,0,6,0,0,0,0,1,1,6,2,75,10,1197,1,2,9,1,9
2.02E+12,1,9,0,3,0,1,0,0,0,0,2,1,3,2,41,7,1461,2,9,4,1,4
2.02E+12,2,9,0,18,0,1,0,0,0,0,1,1,3,2,47,8,1995,2,3,4,1,4
2.02E+12,1,9,0,9,0,8,0,0,0,0,1,1,6,1,42,7,1461,2,2,8,3,8
2.02E+12,2,9,0,18,0,8,0,0,0,0,1,1,6,2,53,8,1598,1,15,3,1,3
2.02E+12,1,9,0,18,0,8,0,0,0,0,4,1,6,2,25,5,1896,2,14,4,3,4
2.02E+12,1,9,0,17,0,8,2,0,0,0,3,1,6,1,18,4,1248,1,6,9,2,9
2.02E+12,1,9,0,16,0,1,5,0,7,11,1,1,6,2,18,4,1248,1,5,5,2,5
2.02E+12,1,9,0,9,0,1,0,0,0,0,3,1,6,1,29,6,1968,2,4,3,2,3
2.02E+12,2,2,0,14,0,1,0,0,0,0,1,1,6,1,17,4,49,1,1,3,1,3
2.02E+12,1,9,0,18,0,1,0,0,0,0,2,1,6,2,45,7,1598,1,14,1,1,1
2.02E+12,2,9,0,4,0,1,0,0,1,0,2,1,6,1,43,7,2982,2,2,7,3,7
2.02E+12,3,9,0,10,0,1,0,0,0,0,0,1,6,1,42,7,1910,2,11,9,1,9
2.02E+12,1,9,0,9,0,8,0,0,0,0,3,1,6,1,26,6,1560,2,1,2,1,2
2.02E+12,1,9,0,18,0,8,0,0,0,0,4,1,6,1,19,4,1242,1,7,7,1,7
2.02E+12,2,9,0,9,0,8,0,0,0,0,1,1,6,2,65,9,1240,1,11,4,1,4
2.02E+12,2,9,0,9,0,4,0,0,0,0,3,1,6,2,29,6,1598,1,8,8,3,8
2.02E+12,1,9,0,17,0,1,0,0,0,0,1,1,6,2,26,6,898,1,4,5,1,5
2.02E+12,2,9,0,10,0,5,0,0,0,0,2,1,1,2,46,8,1248,2,5,5,1,5
2.02E+12,1,9,0,18,0,1,0,0,0,0,1,1,6,2,36,7,1560,2,7,10,1,10
2.02E+12,1,9,0,7,0,1,1,10,0,0,3,1,1,1,20,4,1598,1,17,1,1,1
2.02E+12,1,9,0,18,0,1,1,0,0,0,1,1,6,2,59,9,1339,1,13,5,3,5
2.02E+12,2,9,0,5,0,1,0,0,0,0,2,1,6,1,44,7,1390,1,8,9,1,9
2.02E+12,1,8,0,18,0,8,0,0,0,0,1,1,1,1,29,6,1797,8,3,9,1,9
2.02E+12,1,3,0,9,0,8,1,0,0,0,3,1,6,1,23,5,124,1,3,3,1,3
2.02E+12,1,9,0,1,0,6,0,0,0,11,3,1,6,2,91,11,1390,1,17,9,3,9
2.02E+12,1,9,0,9,0,8,0,0,0,0,4,1,6,1,50,8,1398,2,12,1,1,1
2.02E+12,2,9,0,10,0,1,0,0,0,0,2,1,6,2,21,5,1198,1,10,7,3,7
2.02E+12,3,9,0,18,0,8,0,0,0,0,1,1,6,1,77,11,1598,1,6,8,1,8
2.02E+12,1,4,0,18,0,1,0,0,0,0,1,1,6,1,26,6,250,1,2,3,1,3
2.02E+12,2,9,0,9,0,6,0,0,0,0,3,1,6,1,34,6,1968,2,1,4,1,4
2.02E+12,1,9,0,18,0,2,0,0,0,0,1,1,2,1,33,6,1968,2,1,8,2,8
2.02E+12,2,8,0,15,0,1,0,0,0,0,1,1,1,1,46,8,1995,2,1,3,1,3
2.02E+12,3,11,0,3,0,2,0,0,0,0,3,1,1,1,53,8,7300,2,14,3,1,3
2.02E+12,1,11,0,7,0,6,0,0,0,0,1,1,1,1,71,10,9360,2,5,5,2,5