Accident_Index,Vehicle_Reference,Vehicle_Type,Towing_and_Articulation,Vehicle_Manoeuvre,Vehicle_Location-Restricted_Lane,Junction_Location,Skidding_and_Overturning,Hit_Object_in_Carriageway,Vehicle_Leaving_Carriageway,Hit_Object_off_Carriageway,1st_Point_of_Impact,Was_Vehicle_Left_Hand_Drive?,Journey_Purpose_of_Driver,Sex_of_Driver,Age_of_Driver,Age_Band_of_Driver,Engine_Capacity_(CC),Propulsion_Code,Age_of_Vehicle,Driver_IMD_Decile,Driver_Home_Area_Type,Vehicle_IMD_Decile
2.02E+12,2,9,0,18,0,2,0,0,0,0,1,1,6,2,19,4,998,1,8,10,1,10
2.02E+12,1,9,0,18,0,1,0,0,0,0,4,1,2,2,39,7,1798,1,3,10,1,10
2.02E+12,1,19,0,18,0,1,5,0,1,0,1,1,1,1,22,5,1399,2,7,2,1,2
2.02E+12,2,9,0,18,0,8,0,0,0,0,3,1,6,2,46,8,1397,1,15,5,1,5
2.02E+12,1,9,0,18,0,1,0,0,0,0,3,1,6,1,74,10,1339,1,12,9,1,9
2.02E+12,2,19,0,2,0,1,0,0,0,0,4,1,1,2,47,8,2143,2,4,5,1,5
2.02E+12,1,9,0,18,0,1,0,0,7,0,1,1,6,2,80,11,999,1,2,5,3,5
2.02E+12,2,9,0,9,0,2,0,0,7,0,1,1,6,1,21,5,998,1,10,8,3,8
2.02E+12,1,9,0,18,0,8,0,0,0,0,1,1,6,2,42,7,1364,1,9,2,1,2
2.02E+12,1,9,0,18,0,1,0,0,0,0,1,1,1,1,63,9,1995,2,6,5,1,5
2.02E+12,1,9,0,18,0,1,0,0,7,11,1,1,6,1,60,9,1329,1,7,5,1,5
2.02E+12,1,9,0,18,0,2,0,0,0,0,4,1,6,1,20,4,1398,2,7,9,3,9
2.02E+12,1,8,0,3,0,2,0,0,0,0,1,1,1,1,60,9,2143,2,6,3,1,3
2.02E+12,1,9,0,9,0,8,0,0,0,0,4,1,6,1,32,6,1497,8,3,10,1,10
2.02E+12,1,9,0,18,0,1,0,0,0,0,1,1,6,3,49,8,1360,1,6,4,1,4
2.02E+12,2,9,0,3,0,1,0,0,0,0,2,1,6,2,52,8,1149,1,10,10,1,10
2.02E+12,1,2,0,3,0,1,0,0,0,0,2,1,6,1,17,4,49,1,1,6,3,6
2.02E+12,2,9,0,18,0,1,0,0,0,0,1,1,6,1,36,7,2298,1,16,3,1,3
2.02E+12,1,9,0,9,0,1,0,0,0,0,3,1,6,1,75,10,1896,2,13,8,3,8
2.02E+12,1,9,0,9,0,5,0,0,0,0,1,1,6,2,69,10,1242,1,4,9,2,9
2.02E+12,2,9,0,18,0,8,0,0,0,0,4,1,6,1,61,9,2435,1,16,6,1,6
2.02E+12,2,9,0,5,0,8,0,0,0,0,1,1,6,2,62,9,1339,1,10,3,1,3
2.02E+12,1,9,0,18,0,8,0,0,0,0,4,1,6,1,40,7,1229,1,11,7,1,7
2.02E+12,2,9,0,5,0,8,0,0,0,0,1,1,6,2,18,4,1199,1,15,4,1,4
2.02E+12,2,9,0,9,0,5,0,0,0,0,1,1,6,2,61,9,1968,2,10,8,2,8
2.02E+12,1,9,0,18,0,1,2,0,7,10,1,1,2,2,30,6,999,1,11,6,3,6
2.02E+12,1,19,0,10,0,1,0,0,0,0,1,1,2,1,30,6,1995,2,9,8,2,8
2.02E+12,2,9,0,18,0,1,1,7,0,1,4,1,2,2,55,8,1248,2,6,8,3,8
2.02E+12,1,9,0,5,0,4,0,0,0,0,3,1,2,1,41,7,1796,1,14,9,3,9
2.02E+12,1,9,0,4,0,1,0,0,0,0,2,1,6,2,56,9,1242,1,1,4,1,4
2.02E+12,1,9,0,9,0,5,0,0,0,0,4,1,6,2,28,6,1242,1,5,10,3,10
2.02E+12,2,9,0,18,0,8,0,0,0,0,1,1,1,1,25,5,1798,1,10,3,1,3
2.02E+12,2,9,0,5,0,8,0,0,0,0,1,1,6,1,76,11,2993,2,7,8,3,8
2.02E+12,1,9,0,7,0,5,0,0,0,0,4,1,6,2,72,10,1598,1,12,4,1,4
2.02E+12,1,9,0,5,0,1,0,0,0,0,1,1,6,1,20,4,1997,1,13,7,1,7
2.02E+12,2,9,0,4,0,1,0,0,0,0,2,1,6,2,26,6,1229,1,4,5,3,5
2.02E+12,1,9,0,18,0,1,0,0,0,0,4,1,6,2,44,7,1390,1,14,7,1,7
2.02E+12,2,9,0,5,0,1,0,0,0,0,0,1,6,1,41,7,1969,2,2,7,3,7
2.02E+12,1,9,0,18,0,2,0,0,0,0,1,1,3,1,37,7,1598,1,7,10,1,10
2.02E+12,1,9,0,7,0,8,0,0,0,0,1,1,1,1,69,10,998,1,14,7,1,7
2.02E+12,1,9,0,9,0,1,0,0,0,0,3,1,6,1,62,9,2000,1,11,5,1,5
2.02E+12,1,9,0,9,0,8,1,10,0,1,3,1,6,2,17,4,1242,1,9,1,1,1
2.02E+12,1,9,0,9,0,6,0,0,0,0,1,1,6,1,22,5,1896,2,12,7,2,7
2.02E+12,2,2,0,13,0,1,0,0,0,0,1,1,6,1,17,4,49,1,12,3,1,3
2.02E+12,1,9,0,9,0,2,0,0,0,0,4,1,2,1,32,6,1995,2,1,10,1,10
2.02E+12,1,9,0,5,0,4,0,0,0,0,1,1,6,1,75,10,1798,8,1,9,3,9
2.02E+12,1,9,0,9,0,2,0,0,0,0,1,1,2,1,59,9,1598,1,13,5,1,5
2.02E+12,1,9,0,18,0,1,2,0,0,0,3,1,1,1,20,4,1086,1,11,6,1,6
2.02E+12,1,9,0,9,0,5,1,0,1,11,1,1,1,1,22,5,973,1,16,3,1,3
2.02E+12,1,9,0,3,0,2,0,0,0,0,1,1,6,1,25,5,2926,2,14,7,1,7
2.02E+12,2,9,0,3,0,2,0,0,0,0,2,1,6,2,58,9,1360,1,13,6,1,6
2.02E+12,3,9,0,3,0,2,0,0,0,0,2,1,6,2,31,6,1399,1,9,2,1,2
2.02E+12,1,4,0,9,0,8,1,0,0,0,3,1,2,1,27,6,124,1,14,4,1,4
2.02E+12,1,9,0,9,0,1,0,0,0,0,1,1,6,1,45,7,1598,2,3,8,1,8
2.02E+12,2,9,0,18,0,2,0,0,0,0,1,1,6,2,62,9,1900,2,11,7,1,7
2.02E+12,1,9,0,18,0,1,1,0,1,9,0,1,6,2,33,6,998,1,10,8,3,8
2.02E+12,1,9,0,10,0,5,0,0,0,0,1,1,3,1,47,8,1596,1,10,4,1,4
2.02E+12,1,9,0,9,0,8,0,0,0,0,2,1,6,1,60,9,1999,1,6,7,1,7
2.02E+12,2,21,1,18,0,8,0,0,0,0,3,2,1,1,24,5,15607,2,12,6,3,6
2.02E+12,1,9,0,18,0,1,0,0,0,0,1,1,6,2,20,4,1199,1,14,2,1,2
2.02E+12,2,9,0,10,0,1,0,0,0,0,2,1,6,1,53,8,1686,2,6,1,1,1
2.02E+12,1,9,0,9,0,6,0,0,0,0,1,1,6,2,25,5,1598,2,5,10,1,10
2.02E+12,1,9,0,3,0,4,0,0,0,0,2,1,3,2,37,7,1242,1,5,10,2,10
2.02E+12,2,9,0,4,0,4,0,0,0,0,1,1,2,1,64,9,1997,1,1,10,2,10
2.02E+12,1,9,0,9,0,6,0,0,0,0,1,1,6,1,55,8,2268,2,7,7,1,7
2.02E+12,1,9,0,5,0,4,0,0,0,0,3,1,6,1,80,11,1991,2,6,9,2,9
2.02E+12,2,11,0,5,0,4,0,0,0,0,1,1,1,1,30,6,9360,2,9,5,1,5
2.02E+12,1,9,0,18,0,8,0,0,0,0,3,1,6,1,21,5,1364,1,8,9,3,9
2.02E+12,2,9,0,18,0,8,0,0,0,0,3,1,6,2,63,9,1461,2,3,7,2,7
2.02E+12,1,8,0,16,0,1,0,7,1,0,1,1,1,1,54,8,1995,2,5,5,1,5
2.02E+12,1,9,0,18,0,3,1,0,1,0,1,1,6,1,22,5,1149,1,7,2,1,2
2.02E+12,2,9,0,4,0,4,1,0,1,0,3,1,6,1,47,8,1197,1,3,2,1,2
2.02E+12,1,9,0,3,0,4,0,0,0,0,2,1,6,1,36,7,1560,2,6,2,1,2
2.02E+12,2,9,0,18,0,4,0,0,0,0,1,1,6,2,29,6,1598,1,5,9,3,9
2.02E+12,1,19,0,9,0,1,0,0,0,0,1,1,6,1,30,6,1560,2,4,8,2,8
2.02E+12,2,8,0,18,0,1,0,0,1,2,1,1,1,1,32,6,2198,2,3,7,1,7
2.02E+12,1,9,0,10,0,1,0,0,0,0,3,1,1,2,53,8,2143,2,2,7,3,7
2.02E+12,2,9,0,18,0,1,0,0,0,2,3,1,6,1,30,6,1598,1,9,8,1,8
2.02E+12,1,19,0,3,0,1,0,0,0,0,2,1,6,1,25,5,2463,2,13,6,3,6
2.02E+12,3,9,0,4,0,1,1,0,0,0,1,1,6,1,21,5,1242,1,10,8,2,8
2.02E+12,1,9,0,5,0,8,0,0,0,0,3,1,6,2,64,9,1968,2,4,4,3,4
2.02E+12,2,2,0,18,0,8,1,0,0,0,1,1,6,1,17,4,125,1,2,9,1,9
2.02E+12,1,9,0,9,0,8,2,0,7,9,1,1,6,2,36,7,1896,2,20,10,2,10
2.02E+12,1,9,0,5,0,4,0,0,0,0,1,1,6,1,86,11,1560,2,3,2,3,2
2.02E+12,2,9,0,18,0,3,0,0,0,0,4,1,6,1,71,10,1596,1,9,2,1,2
2.02E+12,1,9,0,9,0,8,0,0,0,0,1,1,6,1,23,5,1422,2,2,9,1,9
2.02E+12,2,9,0,18,0,8,0,0,0,0,1,1,6,2,55,8,1587,1,12,9,1,9
2.02E+12,1,9,0,9,0,8,0,0,0,0,4,1,6,1,32,6,998,1,1,4,1,4
2.02E+12,2,9,0,18,0,8,0,0,0,0,1,1,6,1,30,6,1061,1,14,3,1,3
2.02E+12,1,9,0,18,0,1,0,0,0,0,1,1,6,1,30,6,1968,2,3,3,1,3
2.02E+12,2,9,0,16,0,2,0,0,0,0,1,1,6,1,19,4,998,1,2,3,1,3
2.02E+12,1,9,0,18,0,1,0,0,0,0,1,1,6,1,28,6,1390,1,4,9,1,9
2.02E+12,2,9,0,18,0,1,0,0,0,0,3,1,6,1,26,6,1242,1,13,1,1,1
2.02E+12,1,9,0,18,0,1,0,0,0,0,1,1,6,2,27,6,1896,2,9,1,1,1
2.02E+12,2,9,0,3,0,1,0,0,0,0,2,1,6,1,28,6,1968,2,6,3,1,3
2.02E+12,1,9,0,13,0,8,0,0,0,0,1,1,6,1,18,4,1198,1,14,1,1,1
2.02E+12,2,9,0,6,0,8,0,0,7,11,3,1,6,1,17,4,1598,1,14,5,1,5
2.02E+12,1,9,0,18,0,1,0,0,0,0,2,1,6,1,29,6,1596,1,8,5,3,5
2.02E+12,1,9,0,4,0,1,1,0,3,2,1,1,2,2,70,10,998,1,4,4,1,4
2.02E+12,1,9,0,3,0,1,0,0,0,0,2,1,6,1,37,7,1598,2,6,1,1,1
2.02E+12,1,9,0,18,0,8,0,0,0,0,1,1,6,1,62,9,1242,1,3,2,2,2
2.02E+12,2,11,0,9,0,8,0,0,0,0,4,1,1,1,61,9,4461,2,3,1,1,1
2.02E+12,1,9,0,7,0,1,0,0,0,0,4,1,2,1,54,8,1499,2,1,4,1,4
2.02E+12,2,4,0,7,0,1,0,0,0,0,3,1,2,1,36,7,125,1,12,4,1,4
2.02E+12,1,9,0,18,0,1,1,0,2,0,3,1,6,1,21,5,1753,2,16,1,1,1
2.02E+12,1,9,0,4,0,1,0,0,0,0,2,1,6,2,47,8,1242,1,5,8,1,8
2.02E+12,2,9,0,18,0,1,0,0,0,0,1,1,6,1,47,8,1998,2,15,3,1,3
2.02E+12,1,9,0,10,0,8,0,0,0,0,2,1,2,2,31,6,1796,1,13,1,1,1
2.02E+12,2,9,0,18,0,8,0,0,0,0,1,1,6,2,49,8,1328,1,8,7,1,7
2.02E+12,1,11,0,18,0,8,0,0,0,0,4,1,1,1,43,7,7300,2,11,4,1,4
2.02E+12,2,9,0,18,0,8,0,0,0,0,1,1,6,1,48,8,1598,2,6,1,1,1
2.02E+12,1,9,0,9,0,6,0,0,1,9,3,1,1,2,24,5,1242,1,18,3,1,3
2.02E+12,2,19,0,18,0,1,0,0,0,0,4,1,6,1,59,9,2143,2,2,3,1,3
2.02E+12,1,9,0,7,0,2,0,0,0,0,4,1,6,2,46,8,1461,2,6,5,1,5
2.02E+12,1,9,0,7,0,4,0,0,0,0,3,1,6,1,71,10,1339,1,8,10,2,10
2.02E+12,1,9,0,9,0,1,0,0,0,0,1,1,6,1,42,7,998,1,3,1,1,1
2.02E+12,2,9,0,5,0,1,0,0,0,0,1,1,6,1,72,10,2494,1,13,1,1,1
2.02E+12,1,2,0,7,0,5,0,10,2,0,0,1,6,1,42,7,49,1,9,1,1,1
2.02E+12,1,9,0,18,0,8,0,0,0,0,1,1,6,1,23,5,1198,1,8,1,1,1
2.02E+12,1,9,0,18,0,7,0,0,0,0,1,1,6,2,29,6,1248,2,11,4,1,4
2.02E+12,2,9,0,18,0,7,0,0,0,0,2,1,6,1,41,7,2143,2,1,8,1,8
2.02E+12,1,9,0,5,0,6,1,0,0,0,4,1,2,1,30,6,1598,1,4,2,1,2
2.02E+12,2,9,0,18,0,8,1,0,2,10,1,1,1,1,56,9,1560,2,6,7,1,7
2.02E+12,1,9,0,18,0,1,0,0,0,0,1,1,6,1,45,7,1560,2,3,1,1,1
2.02E+12,2,19,0,3,0,1,0,0,0,0,2,1,6,1,40,7,2148,2,8,2,1,2
2.02E+12,1,8,0,18,0,1,0,0,0,0,1,1,6,2,47,8,1598,1,10,9,1,9
2.02E+12,1,9,0,18,0,5,0,0,0,0,1,1,6,2,81,11,1229,1,3,7,1,7
2.02E+12,1,9,0,9,0,6,0,0,0,0,1,1,1,1,28,6,1587,1,14,1,1,1
2.02E+12,2,19,0,9,0,6,0,0,0,0,1,1,1,1,66,10,2400,2,13,4,1,4
2.02E+12,1,9,0,4,0,1,0,0,0,0,1,1,6,1,25,5,2497,1,11,9,2,9
2.02E+12,2,9,0,4,0,1,0,0,0,0,2,1,6,2,33,6,1364,1,10,1,1,1
2.02E+12,1,9,0,13,9,8,1,10,1,5,3,1,6,1,22,5,1896,2,12,9,1,9
2.02E+12,2,9,0,18,0,8,0,0,0,0,0,1,6,2,48,8,1997,1,14,7,3,7
2.02E+12,1,9,0,18,0,8,0,0,0,0,1,1,2,1,52,8,1364,1,9,5,1,5
2.02E+12,2,8,0,18,0,8,0,0,0,0,1,1,1,1,44,7,1896,2,9,2,1,2
2.02E+12,1,9,0,9,0,1,0,0,0,0,4,1,6,1,39,7,1398,1,7,5,1,5
2.02E+12,2,9,0,18,0,1,0,0,0,0,1,1,6,1,38,7,1364,1,1,9,1,9
2.02E+12,1,19,0,18,0,1,0,0,0,0,1,1,6,1,54,8,1461,2,1,4,1,4
2.02E+12,2,9,0,18,0,1,0,0,0,0,2,1,6,2,42,7,898,1,1,8,1,8
2.02E+12,1,9,0,7,0,6,0,0,0,0,1,1,6,1,26,6,1753,2,8,4,1,4
2.02E+12,2,9,0,18,0,8,0,0,0,0,4,1,6,1,39,7,1560,2,2,1,1,1
2.02E+12,1,90,0,3,0,1,0,0,0,0,2,1,1,1,46,8,2198,2,2,2,1,2
2.02E+12,2,9,0,5,0,7,0,0,0,0,1,1,6,2,37,7,1329,1,4,1,1,1
2.02E+12,2,9,0,18,0,1,0,0,0,0,3,1,6,1,42,7,1910,2,12,1,1,1
2.02E+12,1,9,0,13,0,1,0,0,0,0,4,1,1,1,52,8,1968,2,1,9,3,9
2.02E+12,2,9,0,9,0,1,0,0,0,0,3,1,6,2,44,7,1360,1,11,5,1,5
2.02E+12,1,9,0,9,0,5,1,0,1,11,1,1,6,1,20,4,1595,1,10,1,1,1
2.02E+12,2,9,0,5,9,6,0,0,0,0,4,1,2,1,55,8,2148,2,11,6,3,6
2.02E+12,1,8,0,18,0,8,0,0,0,0,1,1,1,1,45,7,1499,2,2,1,1,1
2.02E+12,2,9,0,18,0,8,0,0,5,1,3,1,6,2,63,9,2204,2,8,8,1,8
2.02E+12,1,9,0,18,0,8,0,0,0,0,3,1,6,1,24,5,1229,1,10,5,1,5
2.02E+12,1,9,0,9,0,8,0,0,0,0,1,1,6,1,19,4,998,1,4,8,2,8
2.02E+12,2,9,0,18,0,8,0,0,0,0,1,1,6,1,25,5,1968,2,10,3,1,3
2.02E+12,1,9,0,18,9,1,1,10,2,11,3,1,6,1,19,4,1398,1,14,1,1,1
2.02E+12,1,9,0,18,0,8,0,4,1,11,4,1,6,1,23,5,1896,2,16,2,1,2
2.02E+12,1,9,0,5,0,6,0,0,0,0,4,1,2,2,27,6,1461,2,1,2,1,2
2.02E+12,2,9,0,18,0,1,0,0,0,0,1,1,6,1,17,4,1390,1,16,8,3,8
2.02E+12,1,9,0,3,0,8,0,0,0,0,2,1,6,2,70,10,1995,1,5,6,3,6
2.02E+12,2,9,0,3,0,8,0,0,0,0,2,1,6,1,61,9,1870,2,14,8,1,8
2.02E+12,3,9,0,18,0,8,0,0,0,0,1,1,6,1,49,8,2179,2,3,8,1,8
2.02E+12,1,9,0,7,0,5,0,0,0,0,2,1,6,1,46,8,1229,1,8,6,1,6
2.02E+12,2,9,0,7,0,5,0,0,0,0,1,1,6,2,54,8,1968,2,11,2,1,2
2.02E+12,1,9,0,18,0,1,0,0,0,0,2,1,6,1,40,7,2993,2,9,1,1,1
2.02E+12,2,19,0,18,0,1,0,0,0,0,1,1,1,1,33,6,2299,2,5,1,1,1
Infinity,1,5,0,18,0,1,5,0,0,0,1,1,1,1,49,8,250,1,3,5,1,5
Infinity,1,9,0,8,0,3,0,0,0,0,0,1,6,1,43,7,1587,1,16,6,1,6
Infinity,1,9,0,18,0,8,0,0,0,0,1,1,6,1,23,5,2143,2,2,3,1,3
Infinity,2,9,0,18,0,8,0,0,0,0,4,1,6,1,23,5,1422,2,1,1,1,1
Infinity,1,9,0,1,0,1,0,0,0,0,2,1,6,1,29,6,1598,1,11,5,3,5
Infinity,1,9,0,9,0,8,0,0,0,0,1,1,6,1,59,9,1796,1,3,9,1,9
Infinity,1,9,0,2,0,8,1,0,1,10,1,1,6,1,32,6,1896,2,10,1,1,1
Infinity,2,9,0,18,0,8,1,0,0,0,1,1,6,1,27,6,1984,1,8,7,1,7
2.02E+12,1,9,0,18,0,8,0,0,0,0,1,1,1,1,35,6,999,1,2,6,1,6
2.02E+12,2,9,0,18,0,8,0,0,0,0,2,1,6,2,35,6,1242,1,6,8,1,8
2.02E+12,1,9,0,4,0,1,1,0,0,0,1,1,2,1,46,8,1968,2,3,7,1,7
2.02E+12,2,9,0,3,0,1,0,0,0,0,2,1,2,1,22,5,1995,2,7,7,3,7
2.02E+12,3,9,0,3,0,1,0,0,0,0,2,1,2,2,36,7,1686,2,9,7,2,7
2.02E+12,4,9,0,3,0,1,0,0,0,0,2,1,2,1,37,7,1598,2,3,8,1,8
2.02E+12,1,3,0,18,0,2,1,0,2,11,1,1,6,1,28,6,124,1,3,1,1,1
2.02E+12,1,9,0,18,0,1,0,0,0,0,2,1,6,2,48,8,1197,1,1,8,1,8
2.02E+12,2,9,0,5,0,4,0,0,0,0,3,1,6,2,33,6,1242,1,2,4,1,4
2.02E+12,1,9,0,18,0,5,0,0,0,0,4,1,6,1,52,8,1968,2,4,9,1,9
2.02E+12,2,9,0,5,0,1,0,0,0,0,2,1,6,1,22,5,1329,1,5,1,1,1
2.02E+12,1,9,0,18,0,1,0,0,0,0,0,1,6,2,71,10,998,1,1,9,1,9
2.02E+12,2,9,0,18,0,1,0,0,0,0,0,1,6,2,31,6,1461,2,9,3,1,3
2.02E+12,1,19,0,7,2,6,0,0,0,0,3,1,6,2,22,5,1598,2,4,7,1,7
2.02E+12,2,11,0,18,2,1,0,0,0,0,1,1,1,1,49,8,5900,2,11,1,1,1
2.02E+12,3,9,0,3,0,1,0,0,0,0,3,1,6,2,25,5,1198,1,8,5,3,5
2.02E+12,4,19,0,3,0,1,0,0,0,0,3,1,6,1,37,7,1598,2,6,3,1,3
2.02E+12,5,9,0,3,0,1,0,0,0,0,2,1,6,2,22,5,1298,1,12,3,1,3
2.02E+12,1,9,0,13,0,8,0,0,0,0,4,1,6,1,26,6,1560,2,1,5,1,5
2.02E+12,1,8,0,7,0,8,0,0,0,0,1,1,1,1,32,6,1598,2,5,2,1,2
2.02E+12,2,11,0,14,0,8,0,0,0,0,1,1,1,2,44,7,4461,2,3,2,1,2
2.02E+12,1,9,0,18,0,2,5,4,0,0,1,1,6,2,76,11,1149,1,15,8,2,8
2.02E+12,2,9,0,2,0,2,0,0,0,0,2,1,6,3,46,8,1560,2,10,3,1,3
2.02E+12,1,20,0,9,0,1,0,0,0,0,1,1,6,1,28,6,2402,2,13,6,1,6
2.02E+12,1,3,0,9,0,5,0,0,0,0,1,1,6,1,24,5,124,1,10,1,1,1
2.02E+12,1,9,0,18,0,1,0,0,7,11,1,1,6,1,80,11,1386,1,6,1,1,1
2.02E+12,2,9,0,10,0,1,0,0,0,1,1,1,6,2,60,9,1364,2,3,8,1,8
2.02E+12,1,9,0,9,0,8,0,0,0,0,3,1,6,1,42,7,1329,1,8,9,1,9
2.02E+12,2,9,0,18,0,8,0,0,0,0,1,1,1,1,51,8,1461,2,1,5,1,5
2.02E+12,2,9,0,9,0,5,0,0,0,0,3,1,6,1,22,5,1896,2,10,7,2,7
2.02E+12,1,9,0,18,0,1,0,0,0,0,1,1,6,1,30,6,1229,1,11,5,1,5
2.02E+12,1,9,0,9,0,8,0,0,0,0,3,1,6,2,23,5,1242,1,1,3,1,3
2.02E+12,1,9,0,9,0,8,0,0,0,0,1,1,6,2,22,5,1124,1,13,6,2,6
2.02E+12,2,9,0,18,0,8,0,0,0,0,1,1,6,2,69,10,1248,2,3,7,3,7
2.02E+12,1,9,0,5,0,6,0,0,0,0,1,1,6,2,80,11,1329,1,6,10,1,10
2.02E+12,1,9,0,18,0,2,0,0,0,0,1,1,6,2,33,6,1398,1,6,2,2,2
2.02E+12,2,9,0,18,0,8,0,0,0,0,1,1,6,1,16,4,1398,1,13,3,1,3
2.02E+12,1,9,0,18,0,1,0,0,0,0,4,1,6,2,57,9,1200,1,2,5,1,5
2.02E+12,1,19,0,5,0,8,5,0,0,0,4,1,6,1,52,8,1998,2,4,1,1,1
2.02E+12,2,19,0,18,0,8,0,0,0,0,1,1,6,1,52,8,1560,2,3,1,1,1
2.02E+12,1,9,0,9,0,6,0,0,0,0,3,1,6,1,77,11,1799,1,17,2,1,2
2.02E+12,2,9,0,18,0,1,0,0,0,0,1,1,6,1,26,6,4367,2,7,7,1,7
2.02E+12,1,19,0,18,0,1,0,0,0,0,4,1,6,1,19,4,1560,2,1,1,1,1
2.02E+12,2,9,0,18,0,6,0,0,0,0,3,1,6,1,44,7,1398,1,13,3,1,3
2.02E+12,1,9,0,18,0,8,0,0,0,0,1,1,6,2,27,6,899,1,3,2,1,2
2.02E+12,1,9,0,18,0,8,0,0,0,0,1,1,2,1,52,8,1686,2,11,6,1,6
2.02E+12,2,9,0,9,0,8,0,0,8,11,1,1,6,1,83,11,1591,1,9,8,1,8
2.02E+12,1,4,0,18,0,8,0,0,0,0,1,1,6,1,30,6,750,1,5,1,1,1
2.02E+12,2,9,0,9,0,8,0,0,0,0,4,1,6,1,72,10,1798,1,11,6,1,6
2.02E+12,1,9,0,18,0,8,0,0,0,0,1,1,6,1,29,6,1896,2,13,3,1,3
2.02E+12,1,9,0,7,0,1,0,0,0,0,3,1,6,2,53,8,1248,1,5,8,3,8
2.02E+12,2,9,0,18,0,1,0,0,0,0,1,1,6,1,21,5,1686,2,12,9,1,9
2.02E+12,1,9,0,1,0,5,0,0,0,0,2,1,3,2,36,7,1796,1,11,1,1,1
2.02E+12,1,9,0,9,0,6,0,0,0,0,3,1,2,1,23,5,1389,1,13,5,2,5
2.02E+12,2,3,0,18,0,8,0,0,0,0,1,1,2,1,34,6,124,1,1,1,1,1
2.02E+12,1,8,0,9,0,6,0,0,0,0,1,1,1,1,47,8,1956,2,6,8,1,8
2.02E+12,1,9,0,18,0,8,0,0,0,0,3,1,6,2,48,8,1968,2,1,9,1,9
2.02E+12,2,9,0,18,0,8,0,0,0,0,1,1,6,1,62,9,1242,1,15,1,1,1
2.02E+12,2,9,0,2,0,8,0,0,0,0,2,1,1,1,21,5,1686,2,3,5,1,5
2.02E+12,1,19,0,4,0,1,0,0,0,0,3,1,6,1,18,4,2198,2,10,8,3,8
2.02E+12,2,21,1,18,0,1,0,0,0,0,4,1,1,1,60,9,12809,2,2,7,1,7
2.02E+12,1,9,0,4,0,8,0,0,0,0,1,1,6,1,64,9,1499,2,1,2,1,2
2.02E+12,2,9,0,5,0,8,0,0,0,0,2,1,6,2,84,11,1598,1,10,9,1,9
2.02E+12,1,9,0,9,0,8,0,0,0,0,4,1,6,1,68,10,2765,2,18,5,1,5
2.02E+12,2,9,0,18,0,1,0,0,0,0,1,1,6,1,28,6,1499,2,1,7,3,7
2.02E+12,1,9,0,9,0,5,0,0,0,0,1,1,6,2,56,9,996,1,5,1,1,1
2.02E+12,1,9,0,4,0,1,0,0,0,0,1,1,6,1,20,4,1198,1,10,1,1,1
2.02E+12,2,9,0,3,0,1,0,0,0,0,2,1,6,1,27,6,1242,1,4,2,1,2
2.02E+12,1,8,0,7,0,1,0,0,0,0,4,1,1,1,39,7,1582,2,7,1,1,1
2.02E+12,1,9,0,9,0,6,0,0,0,0,1,1,6,1,26,6,1242,1,3,7,1,7
2.02E+12,1,9,0,10,0,1,0,0,0,0,3,1,6,1,25,5,1595,1,1,10,1,10
2.02E+12,1,9,0,18,0,5,0,0,0,0,1,1,2,2,30,6,1497,8,10,2,1,2
2.02E+12,1,9,0,4,0,1,0,0,0,0,1,1,6,2,29,6,998,1,5,2,1,2
2.02E+12,1,9,0,9,0,8,0,0,0,0,1,1,6,1,66,10,2987,2,9,9,1,9
2.02E+12,1,9,0,9,0,6,0,0,0,0,1,1,6,1,31,6,1598,2,1,5,1,5
2.02E+12,1,9,0,18,0,8,0,0,0,0,1,1,2,1,35,6,1995,2,1,9,1,9
2.02E+12,2,9,0,18,0,8,0,0,0,0,1,1,2,2,30,6,1198,1,6,7,1,7
2.02E+12,1,9,0,9,0,2,0,0,0,0,4,1,6,1,79,11,1360,1,16,1,1,1
2.02E+12,2,9,0,18,0,2,0,0,0,0,3,1,6,2,29,6,1390,1,6,6,1,6
2.02E+12,2,9,0,18,0,1,0,0,0,0,2,1,6,1,55,8,2204,2,8,6,1,6
2.02E+12,1,9,0,18,0,8,0,0,0,0,1,1,6,1,27,6,1339,1,8,1,1,1
2.02E+12,2,3,0,9,0,8,5,0,0,0,3,1,6,1,50,8,125,1,2,2,1,2
2.02E+12,2,9,0,18,0,8,0,0,0,0,3,1,6,1,63,9,1968,2,3,1,1,1
2.02E+12,1,9,0,5,0,6,0,0,0,0,1,1,1,1,27,6,1198,1,12,6,1,6
2.02E+12,2,2,0,15,0,1,0,0,0,0,4,1,6,1,16,4,49,1,1,9,1,9
2.02E+12,3,9,0,3,0,1,0,0,0,0,2,1,6,1,42,7,1598,1,10,6,1,6
2.02E+12,1,9,0,18,0,1,0,0,0,0,1,1,6,2,25,5,1364,1,11,1,1,1
2.02E+12,2,9,0,3,0,1,0,0,0,0,2,1,6,2,29,6,1991,2,9,6,1,6
2.02E+253,2,3,0,18,0,1,0,0,0,0,4,1,2,1,46,8,123,1,29,4,1,4
Infinity,1,9,0,5,0,8,0,0,0,0,1,1,6,2,36,7,1796,1,10,3,1,3
Infinity,2,9,0,5,0,8,0,0,0,0,1,1,6,1,29,6,1968,2,4,5,1,5
Infinity,2,9,0,18,0,8,0,0,1,0,2,1,6,1,52,8,1242,1,11,8,1,8