Accident_Index,Vehicle_Reference,Vehicle_Type,Towing_and_Articulation,Vehicle_Manoeuvre,Vehicle_Location-Restricted_Lane,Junction_Location,Skidding_and_Overturning,Hit_Object_in_Carriageway,Vehicle_Leaving_Carriageway,Hit_Object_off_Carriageway,1st_Point_of_Impact,Was_Vehicle_Left_Hand_Drive?,Journey_Purpose_of_Driver,Sex_of_Driver,Age_of_Driver,Age_Band_of_Driver,Engine_Capacity_(CC),Propulsion_Code,Age_of_Vehicle,Driver_IMD_Decile,Driver_Home_Area_Type,Vehicle_IMD_Decile
2.02E+12,1,9,0,18,0,1,1,0,1,2,4,1,6,1,50,8,1242,1,16,2,1,2
2.02E+12,1,9,0,18,0,1,0,0,0,0,1,1,6,2,55,8,1149,1,8,5,1,5
2.02E+12,2,8,0,16,0,1,0,0,0,0,2,1,1,1,22,5,1896,2,9,1,1,1
2.02E+12,1,9,0,18,0,1,0,0,0,0,4,1,6,1,27,6,2926,2,16,1,1,1
2.02E+12,1,9,0,18,0,1,0,0,0,0,1,1,6,2,21,5,1198,1,12,9,1,9
2.02E+12,2,9,0,18,0,1,0,0,0,0,3,1,6,1,40,7,1398,1,15,2,1,2
2.02E+12,2,9,0,18,0,1,0,0,0,0,4,1,6,2,38,7,1339,1,15,1,1,1
2.02E+12,1,8,0,5,0,6,0,0,0,0,4,1,1,1,52,8,1956,2,6,9,1,9
2.02E+12,1,9,0,18,0,8,0,0,0,0,1,1,6,1,66,10,2987,2,9,1,1,1
2.02E+12,2,9,0,18,0,1,0,0,0,0,2,1,6,2,47,8,1248,2,9,4,1,4
2.02E+12,3,9,0,18,0,1,0,0,0,0,0,1,1,1,50,8,1998,2,2,4,1,4
2.02E+12,1,9,0,3,0,1,0,0,0,0,2,1,6,2,53,8,1598,2,1,1,1,1
2.02E+12,2,9,0,18,0,1,0,0,0,0,1,1,6,2,42,7,1364,1,2,7,2,7
2.02E+223,1,9,0,18,0,8,1,0,0,0,1,1,2,1,37,7,3000,1,8,6,1,6
2.02E+223,2,9,0,9,0,8,0,0,0,0,3,1,2,1,20,4,1596,1,9,2,1,2
Infinity,1,9,0,18,0,8,0,0,0,0,3,1,6,1,68,10,1796,2,5,8,1,8
2.02E+12,1,9,0,9,0,8,0,0,0,0,1,1,6,2,35,6,1994,1,21,3,1,3
2.02E+12,2,5,0,13,0,8,0,0,0,0,1,1,6,1,23,5,656,1,12,8,1,8
2.02E+12,1,9,0,18,0,1,0,0,0,0,4,1,6,1,19,4,1686,2,3,8,1,8
2.02E+12,2,9,0,18,0,1,0,0,0,0,3,1,6,2,19,4,998,1,1,2,1,2
2.02E+12,1,9,0,9,0,6,0,0,0,0,3,1,6,1,61,9,1598,1,4,1,1,1
2.02E+12,2,3,0,14,0,1,0,0,0,0,1,1,1,1,18,4,108,1,2,2,1,2
2.02E+12,1,9,0,9,0,8,0,0,0,0,4,1,6,2,48,8,1349,1,4,6,1,6
2.02E+12,1,9,0,5,0,1,0,0,0,0,3,1,6,2,49,8,1364,1,8,6,1,6
2.02E+12,2,9,0,18,0,3,0,0,0,0,1,1,6,2,18,4,1242,1,6,7,1,7
2.02E+12,2,9,0,18,0,1,0,0,0,0,1,1,6,2,79,11,1242,1,3,4,1,4
2.02E+12,1,9,0,18,0,7,2,10,7,1,1,1,6,2,41,7,1968,2,4,5,2,5
2.02E+12,1,9,0,18,0,8,0,0,0,0,3,1,1,1,29,6,1968,2,6,3,1,3
2.02E+12,2,9,0,9,0,6,0,0,0,0,4,1,6,1,29,6,1198,1,5,1,1,1
2.02E+12,2,9,0,18,0,1,0,0,1,0,3,1,6,2,22,5,1149,1,14,6,1,6
2.02E+12,1,9,0,9,0,8,5,0,0,0,1,1,6,2,30,6,1296,1,9,2,1,2
2.02E+12,2,9,0,18,0,8,0,0,0,0,1,1,2,2,58,9,1461,2,5,7,1,7
2.02E+12,1,9,0,5,0,8,0,0,0,0,1,1,2,2,43,7,1343,1,12,1,1,1
2.02E+12,1,11,0,4,2,1,0,0,0,0,2,1,1,1,56,9,9360,2,4,10,1,10
2.02E+12,2,8,0,4,2,1,0,0,0,0,1,1,1,1,39,7,1560,2,7,1,1,1
2.02E+12,1,19,0,7,0,4,0,0,0,0,1,1,1,1,29,6,2143,2,1,1,1,1
2.02E+12,2,9,0,18,0,1,0,0,0,0,2,1,6,1,39,7,1910,2,10,1,1,1
2.02E+12,1,9,0,9,0,6,0,0,0,0,1,1,6,2,51,8,1968,2,12,7,1,7
2.02E+12,2,9,0,18,0,1,0,0,7,0,1,1,6,1,20,4,1896,2,10,2,1,2
2.02E+12,2,19,0,18,0,8,0,0,0,0,1,1,6,1,44,7,1998,2,12,9,3,9
2.02E+12,1,9,0,7,0,1,0,0,0,0,4,1,6,2,37,7,1395,1,4,6,1,6
2.02E+12,2,2,0,7,0,1,0,0,0,0,1,1,6,1,56,9,124,1,6,10,2,10
2.02E+12,1,9,0,5,0,4,0,0,0,0,1,1,6,2,49,8,1598,1,11,4,1,4
2.02E+12,2,9,0,17,0,8,0,0,1,1,4,1,6,2,22,5,996,1,8,9,1,9
2.02E+12,3,9,0,2,0,8,0,0,0,0,2,1,6,1,39,7,1461,2,1,5,1,5
2.02E+12,1,9,0,18,0,8,0,0,0,0,0,1,1,1,39,7,2993,2,3,6,1,6
2.02E+12,1,9,0,9,0,1,0,0,0,0,1,1,6,2,24,5,1242,1,8,7,1,7
2.02E+12,2,9,0,18,0,1,0,0,0,0,1,1,6,1,19,4,998,1,9,6,3,6
2.02E+12,1,9,0,18,0,1,0,0,1,10,1,1,6,1,28,6,1968,2,3,5,1,5
2.02E+12,2,9,0,9,0,5,0,0,0,0,1,1,6,2,55,8,1995,2,3,8,1,8
2.02E+12,3,9,0,2,0,2,0,0,0,0,3,1,6,1,41,7,1794,1,9,2,1,2
2.02E+12,2,9,0,9,0,6,0,0,0,0,4,1,6,1,20,4,1229,1,1,3,1,3
2.02E+12,1,9,0,18,0,8,0,0,0,0,1,1,6,1,29,6,1598,2,4,4,1,4
2.02E+12,2,9,0,18,0,8,0,0,0,0,3,1,6,1,25,5,1910,2,11,2,1,2
2.02E+12,1,9,0,9,0,8,0,0,0,0,1,1,6,1,20,4,1598,1,8,1,1,1
2.02E+12,2,9,0,18,0,8,0,0,0,0,1,1,6,2,33,6,1242,1,9,1,1,1
2.02E+12,1,9,0,9,0,8,5,0,1,11,1,1,6,1,87,11,996,1,2,5,1,5
2.02E+12,1,9,0,9,0,6,0,0,0,0,1,1,6,1,35,6,2143,2,2,3,1,3
2.02E+12,2,9,0,18,0,8,0,0,0,0,1,1,6,1,83,11,1248,1,8,9,2,9
2.02E+12,1,9,0,9,0,1,1,0,0,0,2,1,6,1,21,5,1398,1,2,4,1,4
2.02E+12,2,9,0,18,0,1,1,0,0,0,1,1,6,1,64,9,1896,2,9,8,1,8
2.02E+12,1,9,0,18,0,8,1,0,0,0,1,1,6,2,18,4,1149,1,12,2,2,2
2.02E+12,2,9,0,9,0,6,1,0,0,0,3,1,6,1,76,11,1560,2,9,2,2,2
2.02E+12,1,8,0,18,0,8,0,0,0,0,4,1,1,1,61,9,1998,2,9,1,1,1
2.02E+12,1,20,0,18,0,1,0,0,0,0,4,1,6,1,41,7,2402,2,9,3,1,3
2.02E+12,2,9,0,9,0,1,0,0,0,0,1,1,6,2,60,9,1598,2,1,6,1,6
2.02E+12,1,9,0,18,0,8,0,0,0,0,1,1,6,2,50,8,1242,1,9,2,1,2
2.02E+12,1,9,0,8,0,1,0,0,0,0,2,1,6,2,47,8,875,1,5,6,1,6
2.02E+12,1,9,0,16,0,8,0,4,0,0,1,1,6,1,24,5,1896,2,13,1,1,1
2.02E+12,2,9,0,18,0,8,0,0,0,0,1,1,6,2,55,8,1086,1,13,6,1,6
2.02E+12,1,9,0,18,0,1,0,0,0,0,4,1,6,1,19,4,1124,1,12,8,1,8
2.02E+12,2,9,0,9,0,1,0,0,0,0,1,1,6,2,40,7,1796,1,10,6,2,6
2.02E+12,1,9,0,18,0,8,0,0,3,2,1,1,6,1,56,9,1597,1,10,2,1,2
2.02E+12,2,9,0,18,0,4,0,0,0,0,3,1,6,2,43,7,1994,2,9,1,1,1
2.02E+12,1,2,0,18,0,8,5,0,0,0,1,1,6,1,23,5,49,1,10,1,1,1
2.02E+12,3,9,0,2,0,8,0,0,0,0,1,1,6,2,21,5,1598,2,3,9,3,9
2.02E+12,1,9,0,18,0,2,0,0,0,0,1,1,6,1,34,6,1968,2,11,3,1,3
2.02E+12,1,9,0,3,0,1,0,0,0,0,2,1,6,2,39,7,1896,2,11,1,1,1
2.02E+12,2,9,0,9,0,8,0,0,0,0,1,1,6,1,56,9,1399,2,6,3,1,3
2.02E+12,2,9,0,18,0,8,0,0,0,0,3,1,6,1,41,7,1896,2,11,1,1,1
2.02E+12,1,9,0,8,0,1,0,0,0,0,2,1,6,1,43,7,1398,1,12,1,1,1
2.02E+12,1,9,0,18,0,2,0,0,0,0,1,1,6,2,46,8,1896,2,12,6,1,6
2.02E+12,1,9,0,9,0,6,0,0,0,0,3,1,6,1,43,7,1998,2,9,10,2,10
2.02E+12,1,19,0,5,0,8,0,0,0,0,3,1,6,1,26,6,2198,2,7,1,1,1
2.02E+12,2,9,0,5,0,8,0,0,0,0,4,1,6,1,43,7,1995,2,12,3,1,3
2.02E+12,1,9,0,18,0,1,0,0,0,0,1,1,6,1,37,7,1968,2,7,2,1,2
Infinity,2,3,0,16,0,1,0,0,0,0,1,1,2,1,18,4,124,1,4,2,1,2
Infinity,2,9,0,4,0,8,0,0,0,0,1,1,6,1,32,6,1796,1,12,7,1,7
Infinity,1,9,0,1,0,8,0,0,0,0,2,1,6,1,46,8,1769,1,13,1,1,1
Infinity,2,9,0,18,0,1,0,0,0,0,1,1,6,2,32,6,1753,2,8,8,1,8
Infinity,1,8,0,9,0,8,0,0,0,0,1,1,6,1,48,8,1951,2,14,10,1,10
Infinity,2,8,0,18,0,8,0,0,0,0,1,1,6,1,41,7,1598,2,1,1,1,1
Infinity,2,9,0,3,0,1,0,0,0,0,1,1,6,1,20,4,2000,2,12,5,1,5
2.02E+12,1,19,0,9,0,6,0,0,0,0,1,1,1,1,39,7,1598,2,4,3,3,3
2.02E+12,1,9,0,9,0,6,0,0,0,0,3,1,1,1,36,7,1598,2,3,3,1,3
2.02E+12,1,9,0,18,0,1,0,0,0,0,1,1,6,1,45,7,1998,1,10,9,1,9
2.02E+12,2,9,0,18,0,1,0,0,0,0,1,1,6,1,21,5,999,1,2,7,1,7
2.02E+12,1,9,0,9,0,8,0,0,0,0,1,1,6,2,28,6,1968,2,9,8,1,8
2.02E+12,2,9,0,9,0,1,0,0,0,0,3,1,6,2,27,6,1686,2,11,3,1,3
2.02E+12,1,9,0,4,0,1,1,0,0,0,1,1,2,2,25,5,998,1,10,5,1,5
2.02E+12,1,9,0,9,0,2,0,0,0,0,1,1,6,2,30,6,1596,1,12,2,1,2
2.02E+12,2,9,0,18,0,1,0,0,7,10,4,1,6,1,24,5,1896,2,15,4,1,4
2.02E+12,1,9,0,9,0,6,0,0,0,0,1,1,6,1,46,8,1968,2,1,6,1,6
2.02E+12,2,3,0,18,0,1,0,0,0,0,1,1,6,1,24,5,124,1,10,1,1,1
2.02E+12,1,9,0,7,0,5,0,0,0,0,4,1,6,1,30,6,1968,2,9,8,1,8
2.02E+12,2,9,0,18,0,1,0,0,1,2,1,1,6,1,23,5,2495,2,15,5,1,5
2.02E+12,1,9,0,5,0,8,0,0,0,0,1,1,6,1,33,6,1598,1,10,1,1,1
2.02E+12,2,9,0,3,0,8,0,0,0,0,2,1,6,1,57,9,2143,2,2,4,1,4
2.02E+12,2,4,0,18,0,8,2,0,0,0,4,1,1,1,27,6,499,1,22,5,1,5
2.02E+12,1,9,0,16,0,8,1,0,7,4,1,1,6,1,23,5,1896,2,10,1,1,1
2.02E+12,1,9,0,5,0,8,0,0,0,0,1,1,6,1,30,6,1998,2,12,10,2,10
2.02E+12,2,9,0,18,0,8,0,0,0,0,3,1,6,2,39,7,1995,2,7,10,1,10
2.02E+12,1,9,0,9,0,1,0,0,0,0,1,1,6,1,68,10,1242,1,6,5,1,5
2.02E+12,1,9,0,9,0,6,0,0,0,0,3,1,2,1,49,8,1968,2,5,9,2,9
2.02E+12,2,3,0,18,0,8,2,0,0,0,1,1,2,1,22,5,124,1,2,3,2,3
2.02E+12,2,11,0,10,0,1,0,0,0,0,0,1,1,1,32,6,9360,2,9,4,1,4
2.02E+12,1,9,0,3,0,8,0,0,0,0,2,1,6,1,41,7,999,1,1,6,1,6
2.02E+12,2,9,0,4,0,8,1,0,0,0,1,1,6,1,42,7,1781,1,15,4,1,4
2.02E+12,1,9,0,10,0,1,0,0,0,0,2,1,6,1,56,9,1598,2,2,2,2,2
2.02E+12,2,9,0,7,0,5,0,0,0,0,2,1,6,2,32,6,1968,2,4,6,1,6
2.02E+12,1,9,0,18,0,8,1,0,1,11,1,1,6,1,19,4,1998,1,15,3,1,3
2.02E+12,1,9,0,9,0,1,0,0,0,0,4,1,1,1,46,8,1598,2,7,2,1,2
2.02E+12,2,90,0,18,0,1,0,0,0,0,3,1,6,1,23,5,450,1,11,5,1,5
2.02E+12,1,9,0,4,0,8,0,0,0,0,3,1,2,1,29,6,1598,2,5,1,1,1
2.02E+12,2,9,0,18,0,1,0,0,0,0,0,1,1,2,42,7,2993,2,3,1,1,1
2.02E+12,3,9,0,18,0,1,0,0,0,0,0,1,1,1,34,6,2993,2,3,1,1,1
2.02E+12,4,9,0,18,0,1,0,0,0,0,0,1,1,1,38,7,2993,2,2,1,1,1
2.02E+12,1,9,0,18,0,8,0,0,0,0,1,1,6,1,65,9,1968,2,8,5,1,5
2.02E+12,1,9,0,2,0,8,0,0,0,0,3,1,1,1,26,6,1199,2,6,3,1,3
2.02E+12,1,9,0,9,0,8,0,0,0,0,4,1,6,1,32,6,1896,1,20,2,1,2
2.02E+12,1,9,0,18,0,4,0,0,0,0,1,1,6,2,51,8,1395,1,1,6,3,6
2.02E+12,2,8,0,18,0,4,0,0,0,0,4,1,1,1,37,7,1798,1,5,1,1,1
2.02E+12,1,19,0,7,0,6,0,0,0,0,3,1,1,1,29,6,2402,2,8,1,1,1
2.02E+12,2,90,0,18,0,8,0,0,0,0,4,1,1,1,53,8,7146,2,3,5,1,5
2.02E+12,1,9,0,18,0,2,0,0,0,0,4,1,6,2,64,9,1198,1,6,8,1,8
2.02E+12,1,8,0,9,0,5,0,0,0,0,4,1,1,1,41,7,1597,7,8,1,1,1
2.02E+12,2,9,0,5,0,8,0,0,0,0,4,1,6,1,24,5,998,1,15,1,1,1
2.02E+12,1,9,0,18,0,8,0,0,1,1,3,1,6,1,39,7,1461,2,2,3,1,3
2.02E+12,2,9,0,10,0,8,0,0,0,0,2,1,6,2,68,10,1598,1,8,9,1,9
2.02E+12,1,19,0,9,0,8,0,0,0,0,3,1,6,1,41,7,2148,2,11,2,1,2
2.02E+12,2,9,0,18,0,8,0,0,0,0,4,1,6,2,31,6,1395,1,2,10,2,10
2.02E+12,2,9,0,3,0,1,0,0,0,0,2,1,6,2,47,8,1242,1,14,3,1,3
2.02E+12,1,9,0,9,0,6,0,0,0,0,3,1,1,1,34,6,1797,8,4,3,1,3
2.02E+12,1,9,0,18,0,8,0,0,0,0,1,1,6,1,79,11,647,8,3,9,3,9
2.02E+12,1,9,0,18,0,8,1,0,0,0,1,1,6,2,26,6,1796,1,11,8,3,8
2.02E+12,2,19,0,4,0,8,0,0,0,0,2,1,1,1,45,7,1870,2,12,1,1,1
2.02E+12,1,9,0,5,0,6,0,0,0,0,1,1,6,1,33,6,1242,1,11,4,1,4
2.02E+12,2,9,0,18,0,8,0,0,0,0,3,1,6,1,43,7,1242,1,11,1,1,1
2.02E+12,1,9,0,5,0,8,0,0,0,0,4,1,1,1,46,8,1399,1,6,7,1,7
2.02E+12,1,9,0,18,0,2,0,0,0,0,1,1,2,1,40,7,1797,8,7,1,1,1
2.02E+12,1,19,0,5,0,6,0,0,0,0,1,1,1,1,52,8,1995,2,4,7,1,7
2.02E+12,2,9,0,9,0,8,0,0,0,0,3,1,6,2,36,7,1149,1,12,10,1,10
2.02E+12,1,11,0,9,0,6,0,0,0,0,3,1,1,1,25,5,7300,2,13,1,1,1
2.02E+12,1,9,0,3,0,8,0,0,0,0,3,1,6,1,47,8,1968,2,7,1,1,1
2.02E+12,2,9,0,18,0,8,0,0,7,0,1,1,6,1,24,5,1896,2,14,4,1,4
2.02E+12,2,9,0,5,0,8,0,0,0,0,1,1,6,1,48,8,1388,1,13,2,1,2
Infinity,1,9,0,14,0,1,0,0,0,0,1,1,6,1,40,7,1686,2,5,4,1,4
Infinity,1,9,0,9,0,8,0,0,0,0,1,1,6,1,23,5,1299,1,16,1,1,1
Infinity,2,9,0,18,0,1,0,0,0,0,0,1,1,1,38,7,2993,2,3,6,1,6
Infinity,3,9,0,18,0,1,0,0,0,0,4,1,2,2,28,6,1968,2,1,4,1,4
Infinity,1,9,0,18,0,8,0,0,0,0,4,1,6,1,36,7,1197,1,1,5,1,5
Infinity,1,9,0,9,0,8,0,0,0,0,1,1,6,1,55,8,1783,1,17,4,1,4
Infinity,2,9,0,18,0,8,0,0,0,0,1,1,6,2,56,9,1997,2,13,4,1,4
Infinity,1,9,0,9,0,1,0,0,0,0,3,1,1,1,24,5,1598,2,6,1,1,1
2.02E+12,1,9,0,3,0,6,0,0,0,0,3,1,6,2,25,5,1399,2,8,3,3,3
2.02E+12,2,9,0,18,0,1,0,0,0,0,1,1,6,1,32,6,1598,1,7,4,3,4
2.02E+12,1,9,0,18,0,8,0,0,0,0,2,1,6,2,41,7,1598,1,8,8,1,8
2.02E+12,2,9,0,18,0,8,0,0,0,0,1,1,6,2,20,4,1197,1,2,5,1,5
2.02E+12,1,9,0,3,0,1,0,0,0,0,1,1,6,2,84,11,1388,1,13,8,1,8
2.02E+12,2,9,0,3,0,1,0,0,0,0,2,1,6,2,39,7,1598,2,6,1,1,1
2.02E+12,1,9,0,18,0,8,0,0,0,0,1,1,6,1,36,7,1994,1,18,1,1,1
2.02E+12,2,9,0,9,0,5,0,0,0,0,0,1,6,1,35,6,1149,1,5,4,1,4
2.02E+12,1,9,0,18,0,4,0,0,0,0,1,1,6,2,38,7,2179,2,6,8,1,8
2.02E+12,2,9,0,18,0,4,0,0,0,0,4,1,6,2,24,5,1596,1,6,6,1,6
2.02E+12,1,9,0,18,0,1,0,0,0,0,1,1,6,1,57,9,1969,2,1,4,1,4
2.02E+12,2,9,0,4,0,1,0,0,0,0,2,1,6,1,41,7,998,1,5,8,1,8
2.02E+12,1,9,0,18,0,8,0,0,0,0,4,1,6,2,43,7,1598,1,9,2,1,2
2.02E+12,2,9,0,11,0,6,0,0,0,0,1,1,6,1,48,8,1910,2,11,3,1,3
2.02E+12,1,9,0,6,0,2,0,0,0,0,1,1,6,1,24,5,1797,8,8,2,1,2
2.02E+12,2,9,0,18,0,2,0,0,0,0,3,1,1,1,27,6,998,1,16,1,1,1
2.02E+12,1,9,0,18,0,4,0,0,0,0,1,1,2,2,31,6,1198,1,1,3,1,3
2.02E+12,2,9,0,9,0,3,0,0,0,0,3,1,6,2,28,6,1360,1,13,1,1,1
2.02E+12,3,9,0,2,0,1,0,0,0,0,3,1,6,1,48,8,1995,2,10,6,2,6
2.02E+12,1,9,0,14,0,8,0,0,0,0,1,1,6,1,31,6,1600,1,13,2,1,2
2.02E+12,2,9,0,9,0,5,0,0,0,0,4,1,6,1,88,11,1364,1,9,1,1,1
2.02E+12,2,19,0,18,0,1,0,0,0,0,3,1,1,1,43,7,2198,2,4,8,1,8
2.02E+12,1,9,0,3,0,1,0,0,0,0,2,1,6,1,56,9,1796,1,14,3,1,3
2.02E+12,2,9,0,4,0,1,0,0,0,0,1,1,6,1,23,5,1364,2,5,3,1,3
2.02E+12,1,9,0,7,0,6,0,0,0,0,1,1,6,1,45,7,1598,1,10,5,1,5
2.02E+12,1,9,0,18,0,1,0,0,1,0,1,1,6,1,31,6,1596,1,14,1,1,1
2.02E+12,1,9,0,18,0,8,1,10,7,2,1,1,6,2,22,5,1364,2,10,5,1,5
2.02E+12,2,9,0,3,0,1,0,0,0,0,2,1,6,1,26,6,1364,1,1,5,1,5
2.02E+12,1,9,0,18,0,8,0,10,0,0,1,1,2,1,26,6,1198,1,4,5,1,5
2.02E+12,2,9,0,3,0,1,0,0,0,0,1,1,6,2,43,7,1596,1,10,7,1,7
2.02E+12,2,9,0,18,0,8,0,0,0,0,1,1,1,1,42,7,1753,2,15,7,1,7
2.02E+12,1,9,0,7,0,5,0,0,0,0,1,1,6,1,37,7,1968,2,6,4,1,4
2.02E+12,2,9,0,18,0,6,0,0,0,0,1,1,2,1,28,6,1995,2,8,5,1,5
2.02E+12,1,9,0,9,0,6,0,0,0,0,1,1,2,1,54,8,1968,2,2,4,1,4
2.02E+12,2,8,0,18,0,8,0,0,1,11,4,1,1,1,45,7,1685,2,1,1,1,1
2.02E+12,2,9,0,9,0,5,0,0,0,0,1,1,6,2,36,7,1596,1,10,1,1,1
2.02E+12,1,9,0,7,0,5,0,0,0,0,0,1,2,2,26,6,2143,2,3,2,1,2
2.02E+12,1,9,0,18,0,1,0,0,0,0,1,1,6,2,31,6,1299,1,17,1,1,1
2.02E+12,1,9,0,18,0,8,0,0,0,0,4,1,2,1,30,6,1598,1,13,2,1,2
2.02E+12,2,9,0,18,0,8,0,0,0,0,1,1,2,2,45,7,1198,1,7,1,1,1
2.02E+12,1,9,0,18,0,4,0,0,0,0,1,1,6,1,39,7,2996,1,12,7,1,7
2.02E+12,1,9,0,9,0,4,0,0,0,0,1,1,1,1,27,6,1560,2,4,5,1,5
2.02E+12,2,5,0,18,0,1,0,0,0,0,1,1,2,1,29,6,675,1,9,6,1,6
2.02E+12,1,9,0,9,0,6,0,0,0,0,3,1,6,2,56,9,998,1,8,5,1,5
2.02E+12,1,9,0,18,0,1,0,0,0,0,1,1,6,2,29,6,1560,2,11,5,1,5
2.02E+12,2,9,0,18,0,1,0,0,0,0,1,1,6,1,39,7,1398,1,5,4,3,4
2.02E+12,1,9,0,4,0,1,0,0,0,0,1,1,6,1,27,6,1598,1,10,9,1,9
2.02E+12,1,9,0,9,0,8,0,0,0,0,4,1,6,1,47,8,1395,1,2,8,1,8
2.02E+12,2,2,0,18,0,8,0,0,0,0,1,1,6,1,17,4,49,1,2,8,1,8
2.02E+12,1,9,0,14,0,1,0,0,0,0,1,1,1,1,36,7,1896,2,7,1,1,1
2.02E+12,1,9,0,7,0,4,0,0,0,0,3,1,2,2,45,7,1598,1,14,2,1,2
2.02E+12,1,8,0,18,0,4,0,0,0,0,1,1,1,1,34,6,1598,2,1,1,1,1
2.02E+12,1,9,0,5,0,6,0,0,7,10,1,1,6,1,29,6,1199,2,5,10,2,10
2.02E+12,2,9,0,18,0,8,0,0,7,10,4,1,1,1,39,7,1560,2,4,6,1,6
2.02E+12,1,9,0,7,0,6,0,0,0,0,3,1,6,1,31,6,1396,1,15,4,1,4
2.02E+12,2,9,0,18,0,1,0,0,0,0,3,1,6,1,55,8,1598,2,1,4,1,4
2.02E+12,1,9,0,18,0,8,0,0,0,0,1,1,6,1,27,6,1968,2,1,6,1,6
2.02E+12,1,9,0,18,0,8,0,0,0,0,1,1,6,1,62,9,1997,2,12,4,1,4
2.02E+12,2,9,0,5,0,5,0,0,0,0,1,1,1,1,52,8,998,1,16,4,1,4
Infinity,1,4,0,4,0,8,0,0,0,0,1,1,6,1,28,6,499,1,18,10,1,10
Infinity,2,9,0,18,0,8,0,0,0,0,1,1,6,1,28,6,1560,2,7,6,2,6
2.02E+12,1,9,0,17,0,1,1,0,0,0,3,1,2,2,21,5,1390,1,5,2,1,2
2.02E+12,2,9,0,18,0,1,1,0,0,0,1,1,2,1,32,6,1910,2,9,1,1,1
2.02E+12,1,9,0,18,0,1,0,0,0,0,3,1,5,2,38,7,1398,2,6,1,1,1
2.02E+12,1,9,0,9,0,8,0,0,0,0,3,1,1,2,51,8,2204,2,8,1,1,1
2.02E+12,2,9,0,18,0,1,0,0,0,0,1,1,1,2,26,6,1242,1,13,5,1,5
2.02E+12,1,9,0,18,0,1,0,0,0,0,0,1,5,1,26,6,1339,1,14,10,1,10
2.02E+12,1,9,0,18,0,1,1,0,0,0,2,1,5,2,29,6,1329,1,3,4,1,4
2.02E+12,3,9,0,18,0,1,0,0,0,0,1,1,6,2,69,10,1461,2,1,5,1,5
2.02E+12,1,9,0,18,0,6,0,0,0,0,3,1,5,2,70,10,1388,1,8,7,1,7
2.02E+12,1,9,0,9,0,5,0,0,0,0,4,1,5,1,37,7,1968,2,13,1,1,1
2.02E+12,2,3,0,8,0,5,0,0,0,0,3,1,5,1,28,6,124,1,1,1,1,1
2.02E+12,1,9,0,18,0,4,0,0,0,0,3,1,6,2,27,6,1461,2,13,3,1,3
2.02E+12,1,9,0,18,0,1,0,0,0,0,1,1,5,1,40,7,1995,2,6,2,1,2
2.02E+12,2,9,0,4,0,1,0,0,0,0,2,1,5,2,63,9,1339,8,7,5,1,5
2.02E+12,3,9,0,3,0,1,0,0,0,0,2,1,2,2,27,6,1995,2,6,9,3,9
2.02E+12,1,9,0,7,0,2,0,0,0,0,1,1,5,2,37,7,1749,1,16,2,1,2
2.02E+12,1,9,0,4,0,1,0,0,0,0,1,1,5,2,21,5,998,1,9,8,1,8
2.02E+12,2,9,0,4,0,1,0,0,0,0,2,1,6,1,20,4,1896,2,15,3,1,3
2.02E+12,1,9,0,4,0,1,0,0,0,0,2,1,5,2,56,9,1490,1,9,8,1,8
2.02E+12,2,9,0,18,0,1,0,0,0,0,1,1,5,2,33,6,1368,1,11,4,1,4
2.02E+12,1,3,0,18,0,8,0,0,0,0,1,1,5,1,31,6,125,1,9,3,1,3
2.02E+12,1,9,0,17,0,1,0,0,0,0,1,1,2,2,33,6,1896,2,11,3,1,3
2.02E+12,1,9,0,18,0,1,0,0,0,0,1,1,2,1,28,6,1596,1,15,3,1,3
2.02E+12,2,9,0,9,0,2,0,0,0,0,3,1,6,1,65,9,2893,1,7,8,1,8
2.02E+12,1,9,0,5,0,1,0,0,0,0,3,1,5,1,26,6,1600,2,8,10,1,10
2.02E+12,1,9,0,4,0,1,0,0,0,0,2,1,2,2,59,9,1910,2,8,6,1,6
2.02E+12,2,9,0,4,0,1,0,0,0,0,1,1,2,1,19,4,1994,2,14,1,2,1
2.02E+12,1,9,0,18,0,4,0,7,3,0,1,1,5,1,28,6,999,1,1,1,1,1
2.02E+12,1,9,0,3,0,1,0,0,0,0,1,1,5,2,19,4,1229,1,11,10,1,10
2.02E+12,1,9,0,9,0,2,0,0,0,0,1,1,2,2,23,5,998,1,6,5,1,5
2.02E+12,2,9,0,18,0,2,0,0,0,0,1,1,2,2,29,6,1598,1,8,3,1,3
2.02E+12,1,5,0,18,0,3,1,0,0,0,1,1,1,1,28,6,599,1,16,10,1,10
2.02E+12,1,21,1,5,0,1,0,0,0,0,1,1,1,2,44,7,12809,2,3,3,1,3
2.02E+12,1,9,0,18,0,2,0,11,1,11,1,1,1,1,27,6,1968,2,8,6,1,6
2.02E+12,2,9,0,2,9,1,0,0,0,0,2,1,5,1,48,8,2993,2,6,4,1,4
2.02E+12,2,9,0,5,0,8,0,0,0,0,1,1,6,1,67,10,1396,2,5,8,1,8
2.02E+12,1,9,0,18,0,2,0,0,0,0,1,1,6,1,40,7,1686,2,13,6,1,6
2.02E+12,1,9,0,18,0,1,0,0,0,0,1,1,1,1,49,8,1560,2,6,7,1,7
2.02E+12,1,9,0,18,0,8,1,0,0,0,3,1,6,2,69,10,1364,1,10,5,1,5