Accident_Index,Vehicle_Reference,Vehicle_Type,Towing_and_Articulation,Vehicle_Manoeuvre,Vehicle_Location-Restricted_Lane,Junction_Location,Skidding_and_Overturning,Hit_Object_in_Carriageway,Vehicle_Leaving_Carriageway,Hit_Object_off_Carriageway,1st_Point_of_Impact,Was_Vehicle_Left_Hand_Drive?,Journey_Purpose_of_Driver,Sex_of_Driver,Age_of_Driver,Age_Band_of_Driver,Engine_Capacity_(CC),Propulsion_Code,Age_of_Vehicle,Driver_IMD_Decile,Driver_Home_Area_Type,Vehicle_IMD_Decile
2.02E+12,1,9,0,18,0,1,1,10,1,0,1,1,5,1,26,6,1995,2,13,1,1,1
2.02E+12,1,9,0,18,0,2,0,0,0,0,1,1,5,2,44,7,1149,1,8,8,1,8
2.02E+12,2,9,0,4,0,2,0,0,0,0,2,1,5,2,46,8,1596,1,12,6,1,6
2.02E+12,4,19,0,4,0,2,0,0,0,0,2,1,5,1,30,6,6692,2,7,4,1,4
2.02E+12,1,9,0,18,0,2,0,0,0,0,1,1,3,2,41,7,1997,2,1,2,1,2
2.02E+12,1,9,0,7,0,2,0,0,1,0,1,1,2,2,41,7,1124,1,15,5,1,5
2.02E+12,2,9,0,2,0,1,0,0,0,0,0,1,5,1,22,5,1364,1,9,7,1,7
2.02E+12,1,9,0,9,0,8,0,0,0,0,1,1,6,1,76,11,1796,1,9,8,1,8
2.02E+12,1,9,0,9,0,6,0,0,0,0,3,1,5,2,41,7,1598,2,4,10,1,10
2.02E+12,2,9,0,18,0,1,0,0,0,0,1,1,5,2,46,8,1598,2,1,10,1,10
2.02E+12,1,9,0,18,0,2,0,4,0,0,1,1,5,2,71,10,1108,1,14,4,1,4
2.02E+12,3,9,0,18,0,1,0,0,0,0,3,1,3,1,58,9,1999,1,12,6,3,6
2.02E+12,1,9,0,18,0,8,0,0,0,0,1,1,6,1,83,11,1591,1,1,1,1,1
2.02E+12,2,9,0,18,0,8,0,0,0,0,3,1,5,1,47,8,1248,2,9,9,1,9
2.02E+12,1,21,1,18,0,8,5,10,1,2,4,1,1,1,33,6,12419,2,4,1,1,1
2.02E+12,1,9,0,9,0,6,0,0,0,0,1,1,5,2,50,8,1999,1,11,10,1,10
2.02E+12,1,9,0,5,0,1,0,0,0,0,1,1,5,2,31,6,1200,1,4,3,1,3
2.02E+12,2,9,0,18,0,1,0,0,0,0,2,1,5,1,27,6,1794,1,16,1,1,1
2.02E+12,1,9,0,5,0,2,0,0,0,0,3,1,5,2,22,5,1596,1,15,1,1,1
2.02E+12,1,9,0,3,0,1,0,0,0,0,2,1,5,1,18,4,1229,1,5,7,1,7
2.02E+12,1,9,0,9,0,3,0,0,0,0,3,1,5,2,34,6,1560,2,4,5,1,5
2.02E+12,1,9,0,18,0,2,0,0,0,0,1,1,5,1,57,9,2902,2,11,1,1,1
2.02E+12,1,9,0,13,0,1,0,0,7,11,2,1,2,1,41,7,1248,2,12,3,1,3
2.02E+12,2,11,0,9,0,1,0,0,0,0,3,1,1,1,51,8,3900,2,11,5,1,5
2.02E+12,1,9,0,4,0,1,0,0,0,0,2,1,5,2,30,6,1968,2,7,7,3,7
2.02E+12,1,9,0,4,0,1,0,0,0,0,4,1,5,2,19,4,998,1,14,2,1,2
2.02E+12,1,9,0,1,9,8,0,4,1,11,2,1,6,1,21,5,2268,2,1,3,1,3
2.02E+12,2,9,0,2,0,1,0,0,0,0,2,1,5,1,35,6,2143,2,1,1,1,1
2.02E+12,1,9,0,18,0,1,0,0,0,0,1,1,6,2,39,7,1360,1,16,1,1,1
2.02E+12,1,9,0,18,0,1,0,0,0,0,1,1,2,1,58,9,1360,1,11,7,1,7
2.02E+12,2,9,0,18,0,1,0,0,0,0,2,1,5,1,31,6,1998,2,16,2,1,2
2.02E+12,1,11,0,3,0,1,0,0,0,0,0,1,1,1,44,7,6871,2,9,2,1,2
2.02E+12,1,9,0,16,0,4,0,0,0,0,1,1,1,1,45,7,1995,2,9,6,1,6
2.02E+12,1,5,0,18,0,2,0,0,0,0,1,1,2,1,58,9,1250,1,14,1,1,1
2.02E+12,1,9,0,3,0,4,0,0,0,0,3,1,6,1,42,7,1596,1,14,6,1,6
2.02E+12,1,9,0,7,0,6,0,0,0,0,3,1,5,2,29,6,1798,1,8,7,1,7
2.02E+12,2,5,0,18,0,1,0,0,0,0,1,1,6,1,31,6,599,1,19,4,1,4
2.02E+12,1,9,0,3,0,4,0,0,0,0,2,1,5,1,22,5,1299,1,11,5,2,5
2.02E+12,2,3,0,13,0,1,1,4,0,0,1,1,5,1,47,8,750,1,14,2,1,2
2.02E+12,3,9,0,2,9,1,0,0,0,0,1,1,5,2,41,7,1598,1,15,1,1,1
2.02E+12,1,9,0,7,0,1,0,0,0,0,1,1,2,2,42,7,1242,1,5,9,1,9
2.02E+12,1,9,0,18,0,1,0,0,0,0,4,1,6,1,38,7,1796,1,12,1,1,1
2.02E+12,1,2,0,18,0,1,0,0,0,0,1,1,1,1,43,7,49,1,2,8,1,8
2.02E+12,2,9,0,18,0,1,0,0,0,0,1,1,5,1,26,6,1968,2,8,5,1,5
2.02E+12,1,9,0,18,0,1,0,0,0,0,1,1,2,2,31,6,1598,2,6,5,1,5
2.02E+12,2,21,1,9,0,8,0,0,0,0,3,1,1,1,52,8,12419,2,4,7,3,7
2.02E+12,1,9,0,9,0,2,0,0,0,0,2,1,6,2,31,6,1753,2,14,1,1,1
2.02E+12,1,9,0,7,0,5,0,0,0,0,1,1,2,1,25,5,1086,1,11,3,1,3
2.02E+12,1,9,0,9,0,8,0,0,0,0,4,1,6,1,54,8,1364,1,3,10,1,10
2.02E+12,2,9,0,9,0,6,0,0,0,0,3,1,5,2,31,6,1956,2,2,8,1,8
2.02E+12,1,9,0,18,0,1,0,0,0,0,3,1,2,2,40,7,1248,2,6,3,1,3
2.02E+12,2,9,0,5,9,6,0,0,0,0,1,1,6,2,40,7,1997,1,7,6,1,6
2.02E+12,3,9,0,18,0,2,0,0,0,0,1,1,1,1,27,6,1896,2,11,1,1,1
2.02E+12,1,9,0,7,0,8,0,0,0,0,1,1,6,1,38,7,1794,1,14,1,1,1
2.02E+12,2,9,0,9,0,8,0,0,0,0,1,1,5,1,18,4,998,1,8,8,1,8
2.02E+12,1,9,0,16,0,1,0,0,7,0,1,1,5,1,19,4,1596,1,7,3,3,3
2.02E+12,1,9,0,9,0,4,0,0,0,0,1,1,5,1,29,6,2143,2,6,1,1,1
2.02E+12,1,9,0,10,0,1,0,0,0,0,0,1,1,2,54,8,998,1,10,2,1,2
2.02E+12,1,9,0,9,0,8,0,0,0,0,0,1,6,1,55,8,1198,1,7,1,1,1
2.02E+12,1,9,0,18,0,1,0,0,7,0,1,1,6,1,23,5,1598,1,8,1,1,1
2.02E+12,2,9,0,18,0,6,0,10,3,0,1,1,6,2,27,6,1968,2,10,3,2,3
2.02E+12,2,9,0,18,0,1,0,0,7,0,3,1,1,2,48,8,1596,1,15,1,1,1
2.02E+12,1,9,0,18,0,2,0,0,0,0,2,1,2,2,40,7,2000,2,13,3,1,3
2.02E+12,2,9,0,18,0,2,0,0,0,0,1,1,2,2,47,8,1685,2,4,3,1,3
2.02E+12,1,9,0,9,0,6,0,0,0,0,3,1,2,2,27,6,1299,1,14,10,2,10
2.02E+12,2,9,0,18,0,8,0,0,0,0,1,1,6,1,48,8,1968,2,3,8,1,8
2.02E+12,2,9,0,17,0,1,0,0,0,0,1,1,5,2,21,5,1896,2,13,5,1,5
2.02E+12,1,9,0,18,0,2,0,0,1,0,1,1,1,1,23,5,1499,2,1,7,1,7
2.02E+12,2,9,0,18,0,1,0,0,0,0,1,1,5,1,83,11,1388,1,14,6,1,6
2.02E+12,1,9,0,18,0,1,0,0,2,0,1,1,6,1,35,6,1910,2,12,2,1,2
2.02E+12,1,9,0,9,0,5,0,0,0,0,1,1,6,2,55,8,1997,1,2,10,1,10
2.02E+12,2,2,0,18,0,8,0,0,0,0,1,1,2,1,20,4,48,1,5,2,1,2
2.02E+12,1,9,0,9,0,8,0,0,0,0,1,1,5,1,37,7,1753,2,9,9,3,9
2.02E+12,2,9,0,18,0,1,0,0,0,0,1,1,5,2,49,8,1598,2,6,10,1,10
2.02E+12,1,5,0,4,0,8,1,0,0,0,1,1,5,1,51,8,996,1,19,5,1,5
2.02E+12,2,19,0,4,0,8,0,0,0,0,2,1,1,1,58,9,2198,2,1,2,1,2
2.02E+12,1,9,0,4,0,1,0,0,0,0,2,1,5,2,47,8,1200,1,1,9,1,9
2.02E+12,1,9,0,18,0,1,0,0,0,0,1,1,2,2,40,7,1799,1,7,5,1,5
2.02E+12,2,19,0,5,0,6,0,0,0,0,4,1,2,1,61,9,1560,2,3,3,1,3
2.02E+12,1,9,0,3,0,1,0,0,0,0,2,1,6,1,51,8,2926,2,13,9,1,9
2.02E+12,2,9,0,18,0,1,0,0,0,0,1,1,3,2,38,7,1997,2,10,1,1,1
2.02E+12,1,9,0,18,0,1,0,0,0,0,2,1,5,2,31,6,1364,1,9,7,1,7
2.02E+12,2,3,0,18,0,1,5,0,0,0,1,1,1,1,21,5,124,1,6,2,1,2
2.02E+12,4,20,0,18,0,1,0,0,0,0,0,1,1,1,28,6,5193,2,8,2,2,2
2.02E+12,1,9,0,4,0,2,0,0,0,0,2,1,5,2,44,7,1598,1,9,3,1,3
2.02E+12,1,19,0,7,0,1,1,0,0,0,1,1,5,1,43,7,1995,2,4,1,1,1
2.02E+12,2,9,0,9,0,6,0,0,0,0,3,1,1,1,41,7,1995,2,8,1,1,1
2.02E+12,1,9,0,3,0,4,0,0,0,0,2,1,2,1,34,6,1968,2,10,1,1,1
2.02E+12,1,8,0,4,0,1,0,0,0,0,4,1,1,1,38,7,1797,8,3,1,1,1
2.02E+12,1,9,0,18,0,1,0,0,0,0,1,1,6,2,46,8,1598,2,1,1,1,1
2.02E+12,1,9,4,9,0,5,0,0,0,0,1,1,5,1,71,10,2497,2,12,1,1,1
2.02E+12,2,9,0,18,0,1,0,0,0,0,1,1,5,1,44,7,1497,1,15,1,1,1
2.02E+12,1,9,0,5,0,4,0,0,0,0,1,1,5,1,65,9,1997,2,4,2,1,2
2.02E+12,2,19,0,5,0,4,0,0,0,0,2,1,5,1,47,8,1870,2,11,1,1,1
2.02E+12,1,9,0,9,0,8,0,0,0,0,3,1,5,2,34,6,1149,1,12,5,2,5
2.02E+12,2,5,0,13,0,8,0,0,7,0,1,1,5,1,46,8,996,1,20,5,3,5
2.02E+12,1,9,0,18,0,1,0,0,0,0,1,1,5,1,47,8,1598,2,2,4,1,4
2.02E+12,2,3,0,18,0,1,0,0,0,0,1,1,5,1,31,6,125,1,2,1,1,1
2.02E+12,1,9,0,7,0,5,0,0,0,0,0,1,5,2,21,5,1086,1,10,1,1,1
2.02E+12,1,9,0,18,0,2,0,0,0,0,4,1,5,1,23,5,1968,2,10,1,1,1
2.02E+12,1,9,0,5,0,6,0,0,0,0,1,1,5,2,44,7,1798,1,10,7,1,7
2.02E+12,2,9,0,18,0,1,0,0,0,0,1,1,5,2,35,6,1685,2,6,8,1,8
2.02E+12,1,3,0,18,0,8,0,0,0,0,1,1,6,1,45,7,124,1,3,2,1,2
2.02E+12,1,9,0,3,0,4,0,0,0,0,2,1,5,2,20,4,1364,1,2,2,1,2
2.02E+12,2,9,0,18,0,1,0,0,0,0,1,1,6,2,34,6,1499,2,4,6,1,6
2.02E+12,1,9,0,18,0,2,0,0,0,0,1,1,5,2,42,7,1968,2,11,10,1,10
2.02E+12,2,9,0,18,0,1,0,0,0,0,2,1,6,1,24,5,1796,1,17,5,1,5
2.02E+12,1,9,0,9,0,1,0,0,0,0,3,1,5,1,34,6,1969,2,2,7,1,7
2.02E+12,1,11,0,18,0,1,0,0,0,0,1,1,5,1,74,10,11000,2,11,7,1,7
2.02E+12,1,9,0,3,0,1,0,0,0,0,2,1,1,1,50,8,1995,2,5,10,1,10
2.02E+12,2,9,0,4,0,1,0,0,0,0,1,1,6,1,23,5,1968,2,9,2,1,2
2.02E+12,1,9,0,5,0,3,0,0,0,0,4,1,5,2,48,8,1200,1,1,9,1,9
2.02E+12,1,9,0,3,0,2,0,0,0,0,2,1,5,2,49,8,1796,1,8,3,1,3
2.02E+12,1,9,0,18,0,8,0,0,0,0,4,1,5,2,32,6,1499,2,3,2,1,2
2.02E+12,1,9,0,9,0,8,0,0,0,0,4,1,5,2,24,5,1388,1,14,1,1,1
2.02E+12,2,9,0,18,0,8,0,0,0,0,1,1,5,1,31,6,1896,2,17,2,1,2
2.02E+12,1,9,0,8,0,1,0,0,0,0,2,1,5,1,31,6,1794,1,11,7,2,7
2.02E+12,1,9,0,9,0,1,0,0,0,0,1,1,5,1,48,8,2179,2,13,3,1,3
2.02E+12,1,9,0,1,0,6,0,0,0,0,2,1,5,2,36,7,1388,1,11,3,1,3
2.02E+12,2,3,0,18,0,2,0,0,0,0,4,1,5,1,73,10,400,1,19,2,1,2
2.02E+12,1,9,0,18,0,6,0,10,7,0,3,1,5,2,80,11,1398,1,14,9,1,9
2.02E+12,2,9,0,16,0,1,0,0,0,0,1,1,5,2,57,9,1598,2,8,9,2,9
2.02E+12,1,9,0,5,0,1,0,0,0,0,1,1,5,1,69,10,1560,2,1,7,1,7
2.02E+12,1,9,0,7,0,1,0,0,0,0,3,1,6,2,23,5,1362,1,4,5,2,5
2.02E+12,2,9,0,4,0,1,0,0,0,0,2,1,5,1,18,4,1496,2,1,1,1,1
2.02E+12,3,19,0,18,0,1,0,0,0,0,1,1,1,1,52,8,2198,2,5,6,1,6
2.02E+12,1,9,0,11,0,8,1,0,4,1,1,1,2,1,32,6,1388,1,10,1,1,1
2.02E+12,1,9,0,7,0,4,0,0,0,0,3,1,5,1,67,10,2494,1,17,1,1,1
2.02E+12,3,9,0,18,0,3,0,0,7,2,1,1,1,1,24,5,1997,2,13,2,1,2
2.02E+12,1,9,0,18,0,1,0,4,1,0,1,1,5,1,20,4,1328,1,12,2,1,2
2.02E+12,2,9,0,2,9,2,0,0,0,0,2,1,6,1,53,8,1896,2,13,2,1,2
2.02E+12,1,9,0,10,0,1,0,0,0,0,2,1,5,1,48,8,1242,1,17,8,1,8
2.02E+12,3,19,0,18,0,1,0,0,0,0,1,1,1,1,24,5,2198,2,1,2,1,2
2.02E+12,1,9,0,18,0,4,1,0,7,2,1,1,6,2,19,4,1968,2,11,3,1,3
2.02E+12,1,9,0,11,0,1,0,0,0,0,1,1,5,1,21,5,1400,1,18,3,1,3
2.02E+12,2,9,0,18,0,1,0,4,1,0,3,1,5,2,27,6,1686,2,11,8,1,8
2.02E+12,1,9,0,5,0,6,0,0,0,0,1,1,5,2,58,9,1200,1,3,1,1,1
2.02E+12,1,9,0,18,0,2,1,4,0,0,1,1,5,1,49,8,1398,2,10,2,1,2
2.02E+12,2,9,0,2,0,2,0,0,0,0,2,1,6,1,20,4,1242,1,4,1,1,1
2.02E+12,1,9,0,7,0,2,1,0,1,0,1,1,5,2,17,4,1242,1,13,7,1,7
2.02E+12,1,9,0,18,0,1,0,0,0,0,4,1,6,1,51,8,1364,2,1,7,1,7
2.02E+12,1,9,0,18,0,3,0,0,0,0,2,1,5,2,27,6,998,1,6,2,1,2
2.02E+12,1,9,0,4,0,1,0,0,0,0,4,1,5,1,19,4,1149,1,12,2,1,2
2.02E+12,1,9,0,3,0,2,0,0,0,0,2,1,1,2,44,7,1328,1,10,3,1,3
2.02E+12,2,9,0,3,0,2,0,0,0,0,1,1,1,1,31,6,1968,2,1,6,3,6
2.02E+12,1,9,0,18,0,6,0,0,0,0,1,1,5,1,35,6,1686,2,6,4,1,4
2.02E+12,1,9,0,4,0,1,0,0,0,0,1,1,6,1,19,4,1299,1,12,4,1,4
2.02E+12,1,9,0,9,0,1,0,0,0,0,1,1,5,2,19,4,1461,2,2,3,3,3
2.02E+12,1,9,0,18,0,1,1,0,3,0,1,1,3,2,37,7,1995,2,3,7,1,7
2.02E+12,2,9,0,18,0,8,0,0,0,0,3,1,5,1,35,6,1591,1,7,2,1,2
2.02E+12,1,9,0,4,0,4,0,0,0,0,2,1,5,1,35,6,2996,2,30,7,1,7
2.02E+12,2,9,0,18,0,4,0,0,0,0,1,1,2,2,27,6,1398,2,4,6,1,6
2.02E+12,2,9,0,18,0,1,0,0,0,0,1,1,6,3,62,9,1997,2,10,1,1,1
2.02E+12,1,9,0,9,0,5,0,0,0,0,1,1,6,1,76,11,1061,1,12,1,1,1
2.02E+12,1,9,0,18,0,1,0,0,7,0,1,1,5,1,21,5,1596,1,7,1,1,1
2.02E+12,2,9,0,18,0,1,0,0,0,0,3,1,6,1,78,11,1984,1,8,6,3,6
2.02E+12,1,9,0,18,0,2,0,0,1,0,3,1,5,2,66,10,1797,8,8,3,1,3
2.02E+12,2,8,0,9,0,8,0,0,0,0,1,1,2,2,32,6,1198,1,15,6,1,6
2.02E+12,1,9,0,5,0,6,0,0,0,0,3,1,1,1,47,8,1596,1,14,7,1,7
2.02E+12,2,9,0,18,0,1,0,0,7,0,1,1,5,2,76,11,1248,1,3,7,1,7
2.02E+12,1,9,0,18,0,1,0,0,0,0,4,1,2,2,26,6,1296,1,11,5,1,5
2.02E+12,1,9,0,5,0,5,0,0,0,0,1,1,5,1,36,7,1242,1,3,6,2,6
2.02E+12,2,9,0,5,0,2,0,0,0,0,1,1,6,2,63,9,1248,1,8,8,1,8
2.02E+12,1,9,0,9,0,8,0,0,0,0,1,1,5,1,74,10,1995,2,1,4,1,4
2.02E+12,1,8,0,18,0,1,0,0,0,0,1,1,1,1,47,8,1598,2,6,1,1,1
2.02E+12,1,8,0,9,0,1,0,0,0,0,3,1,1,1,42,7,1956,2,5,7,1,7
2.02E+12,1,9,0,5,0,1,0,0,0,0,2,1,2,1,29,6,1560,2,4,3,1,3
2.02E+12,2,9,0,18,0,1,0,0,0,0,1,1,6,1,26,6,1560,2,4,9,2,9
2.02E+12,1,9,0,17,0,1,1,10,8,0,1,1,5,1,22,5,1968,2,11,9,3,9
2.02E+12,2,9,0,16,0,1,0,0,1,0,1,1,1,2,46,8,1598,2,5,6,1,6
2.02E+12,1,9,0,9,0,1,0,0,0,0,3,1,6,1,60,9,989,1,16,6,2,6
2.02E+12,1,9,0,4,0,1,0,0,0,0,2,1,6,1,42,7,2967,2,12,10,1,10
2.02E+12,2,9,0,4,0,1,0,0,0,0,2,1,6,2,40,7,2987,2,8,5,1,5
2.02E+12,3,9,0,18,0,1,0,0,0,0,1,1,6,1,40,7,1799,1,8,8,1,8
2.02E+12,1,90,0,18,0,8,0,0,0,0,0,1,1,2,27,6,2987,2,2,1,1,1
2.02E+12,2,9,0,18,0,1,0,0,0,0,2,1,6,1,45,7,1997,2,7,10,1,10
2.02E+12,3,9,0,18,0,1,0,0,0,0,1,1,6,1,78,11,1395,1,2,9,1,9
2.02E+12,1,9,0,18,0,1,0,0,0,0,1,1,5,2,69,10,1149,1,1,8,1,8
2.02E+12,2,9,0,3,0,1,0,0,0,0,2,1,5,1,52,8,1997,2,2,1,1,1
2.02E+12,1,9,0,5,0,1,0,0,0,0,3,1,5,1,51,8,1598,2,7,10,1,10
2.02E+12,1,9,0,18,0,8,0,0,0,0,1,1,2,2,36,7,1198,1,4,5,1,5
2.02E+12,1,9,0,18,0,1,1,4,0,0,4,1,6,1,18,4,1995,2,13,2,1,2
2.02E+12,2,11,0,2,0,1,0,0,0,0,2,1,1,1,54,8,4249,2,2,6,1,6
2.02E+12,3,9,0,5,0,1,0,0,0,0,2,1,6,1,57,9,1497,1,12,1,1,1
2.02E+12,4,9,0,18,0,1,0,0,0,0,0,1,1,1,51,8,2993,2,3,1,1,1
2.02E+12,1,9,0,3,0,1,0,0,0,0,2,1,3,2,37,7,1598,2,4,3,1,3
2.02E+12,2,21,0,18,0,2,0,0,0,0,2,1,6,1,52,8,9290,2,2,1,2,1
2.02E+12,1,9,0,18,0,1,0,0,0,0,4,1,5,2,43,7,1997,2,13,1,1,1
2.02E+12,1,19,0,5,0,1,0,0,0,0,3,1,5,1,29,6,2402,2,9,1,1,1
2.02E+12,1,9,0,7,0,6,0,0,0,0,1,1,1,1,66,10,1997,2,6,7,1,7
2.02E+12,2,9,0,18,0,8,0,4,1,11,2,1,1,2,52,8,1493,2,12,3,1,3
2.02E+12,3,9,0,2,0,1,0,0,0,0,2,1,5,1,53,8,1339,1,13,7,1,7
2.02E+12,1,9,0,13,0,1,0,0,0,0,1,1,1,1,46,8,2993,2,4,1,1,1
2.02E+12,2,9,0,9,0,8,0,0,0,0,3,1,2,1,33,6,1560,2,3,3,1,3
2.02E+12,2,9,0,4,0,1,0,0,0,0,1,1,6,2,24,5,1896,2,8,9,1,9
2.02E+12,1,9,0,4,0,1,0,0,0,0,1,1,3,1,40,7,1596,1,11,3,1,3
2.02E+12,2,9,0,4,0,1,0,0,0,0,1,1,3,2,27,6,1388,1,10,1,1,1
2.02E+12,1,9,0,18,0,4,0,0,0,0,1,1,2,2,24,5,1390,1,4,1,1,1
2.02E+12,2,9,0,5,0,4,0,0,0,0,2,1,6,1,20,4,1995,2,11,3,1,3
2.02E+12,1,9,0,7,0,5,0,0,0,0,4,1,5,2,49,8,1398,1,1,2,1,2
2.02E+12,1,9,0,18,0,1,0,0,0,0,1,1,6,1,35,6,1598,1,14,3,1,3
2.02E+12,1,9,0,1,0,1,0,0,0,0,2,1,3,1,40,7,2204,2,12,2,1,2
2.02E+12,1,9,0,18,0,1,0,0,0,0,1,1,5,1,60,9,1329,1,2,8,1,8
2.02E+12,1,3,0,18,0,3,2,0,0,0,1,1,5,1,21,5,125,1,8,3,1,3
2.02E+12,1,8,0,17,0,2,5,7,0,0,1,1,1,1,27,6,1998,2,9,5,1,5
2.02E+12,1,9,0,18,0,1,0,4,0,0,1,1,5,2,77,11,1560,2,3,5,1,5
2.02E+12,2,19,0,2,0,2,0,4,0,0,2,1,6,1,25,5,1995,2,8,3,1,3
2.02E+12,1,9,0,9,0,1,0,0,0,0,2,1,5,2,28,6,1910,2,9,2,1,2
2.02E+12,1,9,0,3,0,1,0,0,0,0,2,1,2,2,45,7,1560,2,5,6,1,6
2.02E+12,2,9,0,3,0,1,0,0,0,0,2,1,2,2,39,7,1686,2,5,9,1,9
2.02E+12,3,9,0,3,0,1,0,0,0,0,2,1,2,1,50,8,1968,2,7,9,2,9
2.02E+12,4,9,0,3,0,1,0,0,0,0,2,1,2,2,49,8,1461,2,4,4,1,4
2.02E+12,5,9,0,18,0,1,0,0,0,0,1,1,2,2,50,8,1329,1,7,7,3,7
2.02E+12,2,9,0,13,0,8,0,0,0,0,1,1,5,1,55,8,1994,2,14,1,1,1
2.02E+12,1,9,0,18,0,1,0,0,0,0,1,1,6,2,31,6,1595,1,8,4,1,4
2.02E+12,1,3,0,18,0,2,2,4,0,0,1,1,5,1,26,6,124,1,8,1,2,1
2.02E+12,1,9,0,9,0,8,0,0,0,0,4,1,5,1,24,5,1998,2,4,5,1,5
2.02E+12,2,3,0,18,0,1,0,0,0,0,1,1,6,1,18,4,125,1,2,1,1,1
2.02E+12,1,9,0,10,0,5,0,0,0,0,2,1,5,1,36,7,1248,2,8,3,1,3
2.02E+12,2,9,0,18,0,1,0,0,0,0,1,1,5,2,31,6,1149,1,15,3,1,3
2.02E+12,1,9,0,18,0,1,0,0,0,0,1,1,2,2,54,8,1461,2,1,8,1,8
2.02E+12,2,9,0,9,0,6,0,0,0,0,1,1,6,2,59,9,1598,1,7,1,1,1
2.02E+12,3,21,0,9,0,5,0,0,0,0,1,1,1,1,51,8,12900,2,6,5,1,5
2.02E+12,1,9,0,18,0,8,0,0,0,0,1,1,5,1,19,4,1496,2,2,8,1,8
2.02E+12,1,9,0,18,0,2,0,0,0,0,3,1,3,2,63,9,998,1,2,8,1,8
2.02E+12,2,9,0,18,0,8,0,0,0,0,1,1,5,2,44,7,1395,1,2,2,1,2
2.02E+12,1,9,0,17,0,1,0,0,0,0,4,1,1,2,32,6,1395,1,2,5,1,5
2.02E+12,1,9,0,18,0,8,0,0,0,0,3,1,6,1,61,9,998,1,2,1,1,1
2.02E+12,1,9,0,3,0,8,0,0,0,0,2,1,5,1,78,11,1364,2,4,8,3,8
2.02E+12,1,9,0,18,0,2,0,0,0,0,1,1,1,2,26,6,1108,1,16,2,1,2
2.02E+12,2,9,0,18,0,1,0,0,0,0,1,1,1,2,44,7,2993,2,4,4,1,4
2.02E+12,1,8,0,18,0,1,0,0,0,0,2,1,1,1,37,7,1598,2,5,10,1,10
2.02E+12,1,9,0,5,0,1,0,0,0,0,2,1,5,1,26,6,2792,1,10,1,1,1
2.02E+12,2,9,0,5,0,1,0,0,0,0,2,1,5,2,56,9,1461,2,1,5,2,5
2.02E+12,3,9,0,18,0,1,0,0,0,0,1,1,5,2,29,6,1968,2,5,4,1,4
2.02E+12,1,9,0,18,0,1,0,0,0,0,1,1,1,1,27,6,1199,1,13,2,1,2
2.02E+12,2,9,0,10,0,1,0,0,0,0,1,1,5,1,55,8,2099,1,14,2,1,2
2.02E+12,1,9,0,18,0,4,1,0,7,0,4,1,6,1,17,4,1896,2,12,4,3,4
2.02E+12,2,9,0,18,0,4,0,0,0,0,1,1,2,1,29,6,1560,2,4,2,1,2
2.02E+12,1,3,0,18,0,8,0,0,0,0,1,1,2,1,30,6,109,1,4,5,1,5
2.02E+12,2,9,0,18,0,6,0,0,0,0,1,1,5,1,20,4,1360,1,10,1,1,1
2.02E+12,1,9,0,18,0,8,0,0,0,0,1,1,1,1,33,6,1968,2,4,4,1,4
2.02E+12,2,9,0,18,0,8,0,0,0,0,2,1,5,1,34,6,1299,1,16,2,1,2
2.02E+12,1,9,0,9,0,5,0,0,0,0,4,1,6,2,69,10,1396,1,1,8,3,8
2.02E+12,1,9,0,3,0,4,0,0,0,0,2,1,2,1,28,6,999,1,1,2,1,2
2.02E+12,1,9,0,18,0,1,0,0,0,0,1,1,6,2,42,7,1398,2,10,1,1,1
2.02E+12,2,9,0,18,0,2,0,0,0,0,1,1,6,1,23,5,1149,1,12,1,1,1
2.02E+12,3,9,0,18,0,2,0,0,0,0,1,1,6,2,50,8,1968,2,3,8,1,8
2.02E+12,1,9,0,5,0,6,0,0,0,0,1,1,6,2,35,6,998,1,12,4,1,4
2.02E+12,1,9,0,4,0,8,0,0,0,0,2,1,2,2,48,8,1496,2,2,9,1,9
2.02E+12,2,9,0,18,0,1,0,0,0,0,1,1,3,2,18,4,1299,1,15,5,1,5
2.02E+12,3,9,0,18,0,8,0,0,0,0,1,1,2,2,23,5,1398,1,16,10,1,10
2.02E+12,1,9,0,18,0,1,0,0,0,0,1,1,3,2,30,6,1598,2,4,1,1,1
2.02E+12,1,9,0,9,0,8,0,0,0,0,1,1,1,1,50,8,1995,2,1,6,3,6
2.02E+12,1,9,0,18,0,8,0,0,0,0,2,1,5,2,28,6,1242,1,5,9,2,9
2.02E+12,1,5,0,18,0,3,0,0,0,0,3,1,5,1,50,8,1290,1,8,8,1,8
2.02E+12,2,9,0,18,0,3,0,0,0,0,4,1,5,2,23,5,998,1,7,1,1,1
2.02E+12,1,9,0,2,0,1,0,0,0,0,1,1,5,1,75,10,1499,2,1,2,1,2
2.02E+12,1,9,0,18,0,2,0,0,0,0,1,1,5,2,32,6,2993,2,1,7,3,7
2.02E+12,1,9,0,18,0,1,0,0,0,0,1,1,5,1,77,11,1199,1,15,1,1,1
2.02E+12,2,9,0,18,0,1,5,0,0,0,3,1,5,1,54,8,2400,2,1,2,1,2
2.02E+12,1,9,0,18,0,8,0,0,0,0,1,1,2,1,65,9,1968,2,7,8,1,8
2.02E+12,1,9,0,18,0,8,0,0,0,0,1,1,5,2,18,4,999,1,3,4,1,4
2.02E+12,2,9,0,9,0,8,0,0,0,0,1,1,5,2,36,7,2143,2,4,2,1,2