Accident_Index,Vehicle_Reference,Vehicle_Type,Towing_and_Articulation,Vehicle_Manoeuvre,Vehicle_Location-Restricted_Lane,Junction_Location,Skidding_and_Overturning,Hit_Object_in_Carriageway,Vehicle_Leaving_Carriageway,Hit_Object_off_Carriageway,1st_Point_of_Impact,Was_Vehicle_Left_Hand_Drive?,Journey_Purpose_of_Driver,Sex_of_Driver,Age_of_Driver,Age_Band_of_Driver,Engine_Capacity_(CC),Propulsion_Code,Age_of_Vehicle,Driver_IMD_Decile,Driver_Home_Area_Type,Vehicle_IMD_Decile
2.02E+12,2,9,0,4,0,1,0,0,0,0,1,1,5,2,28,6,1198,1,10,1,1,1
2.02E+12,1,19,0,18,0,1,0,0,0,0,1,1,5,1,35,6,1753,2,14,3,1,3
2.02E+12,2,9,0,9,0,6,1,0,1,0,2,1,5,1,70,10,1598,1,12,3,1,3
2.02E+12,1,9,0,9,0,8,0,0,0,0,4,1,5,1,62,9,1198,1,1,2,1,2
2.02E+12,2,9,0,18,0,1,0,0,0,0,1,1,2,2,55,8,1896,2,17,5,3,5
2.02E+12,4,9,0,18,0,1,0,0,0,0,1,1,6,1,20,4,1398,2,13,9,2,9
2.02E+12,2,19,0,7,0,3,0,0,0,0,3,1,5,1,25,5,1998,2,13,1,1,1
2.02E+12,1,9,0,16,0,1,0,0,0,0,1,1,6,1,27,6,1998,2,11,3,1,3
2.02E+12,2,9,0,18,0,2,0,0,0,0,1,1,5,1,24,5,1686,2,3,3,1,3
2.02E+12,2,9,0,9,0,6,0,0,0,0,1,1,6,2,30,6,2000,2,13,7,1,7
2.02E+12,1,9,0,18,0,4,0,0,2,0,1,1,5,1,32,6,1149,1,11,1,1,1
2.02E+12,1,9,0,9,0,8,0,0,0,0,4,1,2,1,46,8,1299,1,16,7,2,7
2.02E+12,1,9,0,16,0,2,1,0,0,0,3,1,2,1,18,4,1242,1,11,9,1,9
2.02E+12,1,9,0,3,0,1,0,0,0,0,3,1,5,1,38,7,1998,1,1,4,1,4
2.02E+12,1,9,0,9,0,4,5,9,0,0,1,1,5,2,58,9,1398,2,15,3,1,3
2.02E+12,1,8,0,9,0,2,0,0,0,0,3,1,1,1,48,8,1896,2,8,5,1,5
2.02E+12,2,19,0,13,0,1,0,0,0,0,1,1,6,1,28,6,1598,2,2,2,1,2
2.02E+12,1,19,0,18,0,2,0,0,0,0,1,1,6,1,28,6,1598,2,2,2,1,2
2.02E+12,2,9,0,18,0,4,0,0,0,0,1,1,5,2,52,8,1461,2,3,8,2,8
2.02E+12,1,9,0,18,0,8,0,0,0,0,3,1,2,2,49,8,1198,1,13,7,1,7
2.02E+12,1,9,0,9,0,8,1,0,1,0,3,1,2,2,59,9,2199,2,6,5,1,5
2.02E+12,2,9,0,13,0,1,0,0,0,0,1,1,5,1,36,7,1997,2,8,2,1,2
2.02E+12,1,8,0,18,0,4,0,0,0,0,3,1,1,1,42,7,1997,2,7,1,1,1
2.02E+12,1,9,0,9,0,6,0,0,0,0,3,1,5,1,20,4,1582,2,5,1,1,1
2.02E+12,1,9,0,18,0,6,0,0,0,0,4,1,5,2,30,6,1997,2,9,7,2,7
2.02E+12,1,9,0,18,0,2,0,0,0,0,1,1,5,1,17,4,1229,1,10,9,1,9
2.02E+12,1,9,0,18,0,8,0,0,0,0,2,1,5,1,48,8,1560,2,3,3,1,3
2.02E+12,2,9,0,18,0,1,0,0,0,0,1,1,5,2,59,9,1461,2,5,3,1,3
2.02E+12,1,9,0,5,0,2,0,0,0,0,1,1,5,1,51,8,1461,2,4,8,1,8
2.02E+12,1,3,0,18,0,2,0,0,0,0,4,1,1,1,27,6,124,1,9,1,1,1
2.02E+12,1,9,0,1,0,2,0,0,0,0,3,1,3,2,24,5,1956,2,3,1,1,1
2.02E+12,1,9,0,7,0,6,0,0,0,0,1,1,5,2,52,8,1796,1,14,3,2,3
2.02E+12,1,9,0,18,0,2,0,0,0,0,1,1,5,2,19,4,1229,1,2,3,1,3
2.02E+12,1,9,0,18,0,2,0,0,0,0,1,1,3,2,32,6,1199,1,16,8,1,8
2.02E+12,2,9,0,2,0,2,0,0,0,0,2,1,5,1,72,10,2179,2,5,6,1,6
2.02E+12,3,9,0,2,0,2,0,0,0,0,2,1,5,2,34,6,1598,1,7,1,1,1
2.02E+12,1,9,0,18,0,2,0,0,0,0,1,1,6,2,21,5,1229,1,7,4,1,4
2.02E+12,2,9,0,18,0,8,0,0,0,0,3,1,6,1,29,6,1984,1,9,8,1,8
2.02E+12,1,9,0,13,0,1,0,0,0,0,1,1,5,1,22,5,2143,2,2,8,1,8
2.02E+12,1,9,0,16,0,1,1,11,2,0,1,1,1,2,23,5,1149,1,14,1,1,1
2.02E+12,2,9,0,18,0,1,0,4,0,0,1,1,5,2,27,6,1364,1,2,1,1,1
2.02E+12,3,9,0,2,0,1,0,0,0,0,2,1,5,1,38,7,1686,2,6,2,1,2
2.02E+12,1,8,0,18,0,2,1,0,0,0,1,1,1,1,31,6,1995,2,3,1,1,1
2.02E+12,1,9,0,15,0,1,0,0,1,10,3,1,5,1,41,7,1598,2,6,1,1,1
2.02E+12,2,19,0,9,0,8,0,0,0,0,1,1,1,1,32,6,2298,2,3,4,1,4
2.02E+12,1,9,0,18,0,2,0,7,0,0,1,1,2,1,25,5,1781,1,14,1,1,1
2.02E+12,2,9,0,18,0,1,0,0,0,0,0,1,6,1,22,5,1781,1,12,1,1,1
2.02E+12,1,9,0,7,0,1,0,0,0,0,1,1,1,1,32,6,1587,1,11,1,1,1
2.02E+12,2,9,0,6,0,8,0,0,1,11,1,1,5,1,84,11,2148,2,11,1,1,1
2.02E+12,1,9,0,9,0,2,0,0,0,0,3,1,5,2,72,10,1299,1,15,4,1,4
2.02E+12,1,9,0,18,0,2,0,0,0,0,4,1,5,1,47,8,1781,1,16,1,1,1
2.02E+12,1,9,0,18,0,1,0,4,0,0,4,1,3,2,26,6,1910,2,11,1,1,1
2.02E+12,1,9,0,10,0,1,0,0,0,0,4,1,5,1,72,10,1560,2,2,1,1,1
2.02E+12,2,9,0,18,0,1,0,0,0,0,1,1,5,2,21,5,999,1,1,2,1,2
2.02E+12,1,9,0,2,0,1,0,0,0,0,1,1,6,2,22,5,1242,1,11,1,1,1
2.02E+12,1,9,0,9,0,6,0,0,0,0,2,1,5,1,33,6,1560,2,7,1,1,1
2.02E+12,2,9,0,4,0,1,0,0,0,0,1,1,5,1,23,5,1796,1,11,1,1,1
2.02E+12,1,9,0,18,0,1,2,0,8,11,1,1,6,1,25,5,1896,2,8,4,1,4
2.02E+12,1,9,0,7,0,8,0,0,2,0,1,1,5,2,25,5,1461,2,1,7,1,7
2.02E+12,1,9,0,9,0,6,0,0,0,0,3,1,6,1,61,9,1248,2,5,1,1,1
2.02E+12,2,3,0,18,0,1,1,0,1,0,1,1,2,1,35,6,125,1,7,4,1,4
2.02E+12,1,9,0,18,0,1,0,0,0,0,1,1,5,1,79,11,1686,2,6,4,1,4
2.02E+12,1,9,0,7,0,8,0,0,0,0,2,1,5,2,39,7,1368,1,2,8,2,8
2.02E+12,2,9,0,18,0,1,0,0,0,0,1,1,5,2,28,6,1242,1,7,4,1,4
2.02E+12,1,9,0,18,0,1,0,0,0,0,1,1,6,1,24,5,1984,1,3,1,1,1
2.02E+12,2,9,0,9,0,2,1,0,0,0,1,1,6,2,24,5,2496,2,12,1,1,1
2.02E+12,1,9,0,18,0,8,0,0,0,0,2,1,2,2,37,7,1956,2,8,2,1,2
2.02E+12,1,8,0,5,0,1,0,4,0,0,1,1,1,1,69,10,1997,2,12,10,1,10
2.02E+12,1,11,0,4,0,8,0,10,0,0,2,1,1,1,51,8,4461,2,3,7,1,7
2.02E+12,1,9,0,9,0,5,0,0,0,0,1,1,3,2,38,7,1596,1,12,3,1,3
2.02E+12,2,9,0,18,0,1,0,0,0,0,1,1,1,1,36,7,1910,2,8,5,2,5
2.02E+12,3,19,0,18,0,1,0,0,1,0,1,1,2,1,29,6,2198,2,2,3,1,3
2.02E+12,1,9,0,13,1,1,0,0,0,0,1,1,2,1,20,4,1461,2,3,6,1,6
2.02E+12,1,9,0,7,0,8,0,0,0,0,3,1,5,1,21,5,1598,2,1,4,1,4
2.02E+12,2,9,0,18,0,1,0,0,0,0,1,1,5,1,45,7,1596,1,11,2,3,2
2.02E+12,1,19,0,5,0,8,0,0,0,0,1,1,1,1,20,4,2198,2,2,1,1,1
2.02E+12,1,9,0,18,6,1,0,0,0,0,1,1,1,2,31,6,1968,2,6,2,1,2
2.02E+12,1,9,0,5,0,4,0,0,0,0,1,1,5,2,66,10,1497,8,3,3,1,3
2.02E+12,1,9,0,9,0,8,0,0,0,0,1,1,5,1,24,5,1910,2,11,3,1,3
2.02E+12,1,9,0,18,0,1,0,0,0,0,1,1,5,1,47,8,1349,1,13,5,1,5
2.02E+12,1,9,0,3,0,8,0,0,0,0,2,1,6,1,64,9,1200,1,3,6,1,6
2.02E+12,2,9,0,18,0,1,0,0,0,0,1,1,6,1,34,6,1590,1,22,4,1,4
2.02E+12,1,9,0,11,0,1,0,0,0,0,4,1,1,2,46,8,998,1,5,10,1,10
2.02E+12,1,9,0,18,0,1,0,0,1,2,3,1,5,1,28,6,998,1,15,1,1,1
2.02E+12,1,9,0,18,0,1,0,0,0,0,3,1,5,1,57,9,1956,2,4,3,1,3
2.02E+12,1,9,0,9,0,6,0,0,0,0,1,1,5,2,29,6,1951,2,13,2,1,2
2.02E+12,3,5,0,18,0,8,1,0,1,0,2,1,6,1,49,8,1064,1,17,4,1,4
2.02E+12,1,9,0,5,0,2,0,0,0,0,1,1,2,2,21,5,1998,1,2,8,1,8
2.02E+12,2,9,0,5,0,2,0,0,0,0,3,1,6,2,33,6,998,1,8,5,2,5
2.02E+12,1,9,0,4,0,4,0,0,0,0,0,1,6,2,45,7,1248,2,4,1,1,1
2.02E+12,1,8,0,1,0,1,0,0,0,0,2,1,5,1,38,7,1968,2,5,2,1,2
2.02E+12,1,9,0,18,0,2,0,0,0,0,1,1,3,1,48,8,1498,1,1,4,1,4
2.02E+12,1,9,0,9,0,5,0,0,0,0,1,1,2,1,41,7,2204,2,10,6,1,6
2.02E+12,2,9,0,18,0,1,1,0,7,2,0,1,5,2,22,5,1956,2,5,10,1,10
2.02E+12,1,9,0,18,0,1,0,0,0,0,1,1,6,1,51,8,1360,1,13,10,3,10
2.02E+12,2,9,0,18,0,2,0,0,0,0,1,1,1,1,47,8,1248,2,4,4,1,4
2.02E+12,2,19,0,18,0,1,1,0,1,0,1,1,2,1,30,6,2198,2,6,1,1,1
2.02E+12,1,5,0,18,0,1,1,0,0,0,1,1,6,1,21,5,645,1,5,2,1,2
2.02E+12,2,9,0,18,0,1,0,0,0,0,4,1,5,1,29,6,2987,2,8,2,1,2
2.02E+12,1,9,0,6,0,8,0,0,0,0,1,1,2,1,46,8,1998,2,13,5,1,5
2.02E+12,2,9,0,18,0,8,0,0,0,0,4,1,6,1,23,5,1968,2,6,2,2,2
2.02E+12,1,9,0,9,0,2,0,0,0,0,1,1,6,1,24,5,1595,2,7,1,1,1
2.02E+12,2,3,0,18,0,8,0,0,0,0,1,1,6,1,21,5,124,1,4,2,1,2
2.02E+12,1,9,0,9,0,2,0,0,0,0,3,1,2,1,44,7,1390,1,12,8,1,8
2.02E+12,2,9,0,18,0,3,0,7,0,0,1,1,5,1,32,6,1332,1,7,3,1,3
2.02E+12,1,9,0,9,0,5,0,0,0,0,1,1,1,1,50,8,1598,2,4,9,1,9
2.02E+12,2,5,0,13,0,1,0,0,0,0,1,1,6,1,60,9,1050,1,2,4,2,4
2.02E+12,1,9,0,5,0,4,0,0,0,0,0,1,6,2,47,8,1398,1,3,5,2,5
2.02E+12,1,5,0,3,0,1,0,0,0,0,2,1,2,1,52,8,599,1,7,8,1,8
2.02E+12,2,9,0,18,0,1,0,0,0,0,1,1,6,1,52,8,1975,1,10,7,1,7
2.02E+12,1,9,0,18,0,4,0,0,0,0,1,1,6,1,74,10,1587,1,13,4,3,4
2.02E+12,2,9,0,17,0,3,0,0,0,0,1,1,6,2,24,5,2143,2,3,3,1,3
2.02E+12,1,9,0,5,0,3,0,0,0,0,1,1,2,1,32,6,1598,1,12,6,1,6
2.02E+12,1,9,0,9,0,8,0,0,0,0,3,1,5,2,65,9,2500,2,14,5,1,5
2.02E+12,1,9,0,17,0,2,0,0,3,0,1,1,2,1,32,6,1499,2,2,9,1,9
2.02E+12,1,9,0,17,0,1,0,9,7,0,1,1,5,2,80,11,1388,1,7,9,1,9
2.02E+12,1,9,0,4,0,1,0,0,0,0,2,1,5,2,47,8,1390,1,13,2,1,2
2.02E+12,2,9,0,18,0,1,0,0,0,0,1,1,6,1,32,6,2698,2,9,1,1,1
2.02E+12,1,9,0,9,0,4,0,0,0,0,4,1,5,2,22,5,1399,2,8,10,1,10
2.02E+12,1,9,0,18,0,2,0,0,0,0,1,1,5,1,22,5,1984,1,2,4,1,4
2.02E+12,1,9,0,18,0,1,0,0,0,0,1,1,5,2,41,7,1995,2,14,2,1,2
2.02E+12,1,9,0,17,0,1,0,0,0,0,4,1,6,2,39,7,1364,1,1,7,1,7
2.02E+12,2,9,0,9,0,6,0,0,0,0,1,1,6,2,52,8,1560,2,7,9,1,9
2.02E+12,1,9,0,18,0,1,0,0,1,0,1,1,3,2,40,7,1749,1,16,1,1,1
2.02E+12,2,9,0,5,0,6,0,0,0,0,1,1,6,1,76,11,1229,1,9,1,1,1
2.02E+12,1,11,0,18,0,1,0,0,0,0,3,1,1,2,37,7,9360,2,9,1,1,1
2.02E+12,2,9,0,11,0,1,0,0,0,0,4,1,6,2,32,6,1560,2,8,7,1,7
2.02E+12,1,9,0,4,0,1,0,0,0,0,2,1,2,2,35,6,2179,2,3,8,1,8
2.02E+12,3,9,0,5,0,1,0,0,0,0,1,1,6,1,55,8,1598,1,13,1,1,1
2.02E+12,1,9,0,18,0,1,0,0,1,0,1,1,2,1,40,7,1198,1,2,8,1,8
2.02E+12,2,9,0,18,0,8,0,0,3,0,1,1,2,1,50,8,1956,2,6,9,1,9
2.02E+12,2,4,0,4,0,1,2,4,0,0,1,1,5,1,26,6,49,1,1,1,1,1
2.02E+12,1,9,0,7,0,1,0,0,0,0,4,1,2,1,46,8,1749,1,16,8,1,8
2.02E+12,2,9,0,9,0,5,0,0,0,0,1,1,5,1,43,7,1598,2,1,1,1,1
2.02E+12,1,9,0,17,0,1,0,0,0,0,1,1,5,1,32,6,1995,2,10,7,1,7
2.02E+12,2,9,0,18,0,6,0,0,0,0,3,1,5,2,28,6,1560,2,9,2,1,2
2.02E+12,1,9,0,3,0,1,0,0,0,0,2,1,5,2,62,9,1560,2,3,6,1,6
2.02E+12,1,11,0,18,0,1,0,0,0,0,0,1,1,1,61,9,4500,2,6,8,1,8
2.02E+12,1,9,0,18,0,2,0,0,0,0,1,1,5,1,25,5,1229,1,4,9,2,9
2.02E+12,2,9,0,18,0,2,0,0,0,0,3,1,1,1,35,6,1995,2,2,7,1,7
2.02E+12,2,19,0,18,0,1,0,0,0,0,1,1,1,1,34,6,2287,2,3,2,1,2
2.02E+12,1,9,0,9,0,1,0,0,0,0,3,1,2,2,48,8,1197,1,4,8,1,8
2.02E+12,2,5,0,18,0,1,0,0,0,0,3,1,5,1,26,6,600,1,21,1,1,1
2.02E+12,1,9,0,9,0,8,0,0,0,0,1,1,6,1,25,5,1328,1,9,1,1,1
2.02E+12,1,9,0,3,0,8,0,0,0,0,2,1,5,2,32,6,1229,1,8,6,1,6
2.02E+12,1,9,0,9,0,5,0,0,0,0,2,1,5,1,85,11,1461,2,1,7,2,7
2.02E+12,1,9,0,18,0,2,0,0,0,0,1,1,5,1,81,11,2685,2,14,4,1,4
2.02E+12,1,9,0,18,0,1,0,0,0,0,1,1,2,1,19,4,1896,2,11,8,1,8
2.02E+12,1,9,0,9,0,6,0,0,0,0,1,1,5,1,27,6,1968,2,8,1,1,1
2.02E+12,2,3,0,18,0,1,1,0,0,0,1,1,2,1,28,6,124,1,7,6,1,6
2.02E+12,2,9,0,18,0,8,0,0,1,0,4,1,2,1,32,6,1395,1,1,10,1,10
2.02E+12,1,90,0,18,0,1,0,0,0,0,2,1,2,1,49,8,6374,2,17,7,3,7
2.02E+12,2,19,0,18,0,1,0,0,0,0,1,1,1,1,29,6,1461,2,1,3,1,3
2.02E+12,1,9,0,18,0,1,0,0,0,0,3,1,5,2,19,4,1591,1,9,4,2,4
2.02E+12,1,9,0,18,0,1,0,0,0,0,1,1,2,1,27,6,1896,2,15,4,1,4
2.02E+12,1,8,0,9,0,1,0,0,0,0,1,1,1,1,38,7,1968,2,9,8,1,8
2.02E+12,1,3,0,18,0,1,0,0,0,0,1,1,2,1,27,6,124,1,4,8,1,8
2.02E+12,2,9,0,5,0,6,0,0,0,0,1,1,5,2,31,6,1968,2,8,3,1,3
2.02E+12,1,9,0,16,0,2,0,0,0,0,4,1,6,1,21,5,2143,2,3,6,1,6
2.02E+12,1,9,0,18,0,3,0,10,0,0,1,1,5,2,19,4,998,1,1,8,1,8
2.02E+12,2,9,0,1,0,7,0,0,0,0,2,1,6,2,48,8,1956,2,7,4,1,4
2.02E+12,1,9,0,5,0,6,0,0,0,0,1,1,2,2,27,6,1951,2,11,8,1,8
2.02E+12,2,9,0,18,0,1,0,0,0,0,1,1,5,2,71,10,996,1,1,8,1,8
2.02E+12,2,9,0,9,0,1,0,0,0,0,3,1,2,1,64,9,2497,2,10,7,1,7
2.02E+12,1,9,0,18,0,1,1,0,0,0,1,1,6,1,21,5,1598,1,12,3,1,3
2.02E+12,2,9,0,9,0,6,0,0,0,0,3,1,6,2,55,8,1248,2,10,2,1,2
2.02E+12,1,9,0,18,0,2,0,0,0,0,1,1,6,2,29,6,1398,1,4,2,1,2
2.02E+12,1,8,0,18,0,1,0,0,0,0,3,1,1,1,47,8,1968,2,6,3,1,3
2.02E+12,1,9,0,5,0,3,0,0,0,0,1,1,2,2,38,7,1995,2,9,1,1,1
2.02E+12,1,9,0,9,0,5,0,0,0,0,4,1,6,2,21,5,1198,1,5,3,1,3
2.02E+12,2,9,0,18,0,8,0,0,0,0,1,1,2,1,39,7,1998,1,8,4,1,4
2.02E+12,2,9,0,18,0,4,0,0,0,0,1,1,1,2,49,8,1968,2,8,10,1,10
2.02E+12,1,9,0,18,0,2,0,0,7,0,1,1,5,1,55,8,1399,1,8,3,1,3
2.02E+12,2,5,0,18,0,1,0,0,0,0,1,1,5,1,48,8,980,1,59,2,1,2
2.02E+12,1,9,0,9,0,1,0,0,0,0,4,1,1,1,59,9,1968,2,7,5,1,5
2.02E+12,1,9,0,18,0,2,0,0,0,0,1,1,5,1,68,10,1991,2,9,3,1,3
2.02E+12,1,9,0,18,0,8,0,0,0,0,1,1,5,2,82,11,1341,1,13,3,1,3
2.02E+12,2,9,0,9,0,5,0,0,0,0,1,1,5,2,74,10,1149,1,12,4,1,4
2.02E+12,2,9,0,7,0,1,0,0,0,0,4,1,6,1,47,8,1329,1,5,8,2,8
2.02E+12,1,9,0,18,0,8,0,0,0,0,1,1,6,1,34,6,1995,2,4,6,2,6
2.02E+12,1,9,0,17,0,3,0,0,0,0,1,1,5,1,67,10,1396,1,13,1,1,1
2.02E+12,2,9,0,18,0,4,0,0,0,0,1,1,5,2,30,6,1398,1,3,1,1,1
2.02E+12,1,19,0,9,0,6,0,0,0,0,1,1,5,1,75,10,1461,2,11,1,1,1
2.02E+12,2,3,0,18,0,1,0,0,0,0,4,1,2,1,17,4,124,1,7,1,1,1
2.02E+12,1,9,0,18,0,1,0,0,0,0,1,1,1,1,59,9,1997,2,6,3,1,3
2.02E+12,2,9,0,7,0,3,1,0,0,0,1,1,2,1,33,6,1896,2,14,1,1,1
2.02E+12,1,9,0,18,0,4,0,0,0,0,4,1,6,1,20,4,1198,1,7,6,1,6
2.02E+12,1,9,0,16,0,2,0,0,0,0,1,1,5,1,33,6,1149,1,12,2,1,2
2.02E+12,1,3,0,18,0,8,0,0,0,0,1,1,5,1,28,6,124,1,11,8,1,8
2.02E+12,2,3,0,18,0,2,0,0,0,0,1,1,5,1,52,8,125,1,4,1,1,1
2.02E+12,1,9,0,18,0,1,0,0,0,0,1,1,6,2,28,6,1991,2,8,1,1,1
2.02E+12,2,9,0,7,0,2,0,0,0,0,1,1,6,1,20,4,1598,1,10,2,1,2
2.02E+12,1,9,0,18,0,1,0,0,0,0,1,1,5,2,41,7,1590,1,19,4,1,4
2.02E+12,2,9,0,9,0,2,0,0,0,0,1,1,5,2,72,10,998,1,15,8,1,8
2.02E+12,1,9,0,18,0,1,0,0,0,0,1,1,6,2,34,6,1396,1,12,1,1,1
2.02E+12,1,9,0,5,0,2,0,0,0,0,2,1,2,2,49,8,1461,2,1,4,1,4
2.02E+12,1,9,0,16,0,2,0,0,0,0,1,1,5,1,84,11,1493,2,7,1,1,1
2.02E+12,1,3,0,18,0,4,1,0,0,0,1,1,2,1,24,5,124,1,6,3,1,3
2.02E+12,2,9,0,9,0,4,0,0,0,0,3,1,5,2,67,10,1600,2,8,8,1,8
2.02E+12,1,9,0,18,0,1,0,0,0,0,1,1,5,1,90,11,1951,2,13,4,2,4
2.02E+12,2,19,0,9,0,6,5,0,0,0,3,1,5,1,47,8,2148,2,8,1,1,1
2.02E+12,1,9,0,18,0,1,0,0,3,0,1,1,5,2,41,7,1997,2,11,8,1,8
2.02E+12,2,9,0,18,0,1,0,0,0,0,1,1,6,1,50,8,2204,2,11,2,1,2
2.02E+12,1,9,0,18,0,1,5,0,2,0,3,1,5,1,30,6,1968,2,11,1,1,1
2.02E+12,2,9,0,18,0,1,0,0,0,0,1,1,6,1,30,6,1968,2,2,1,1,1
2.02E+12,1,9,0,4,0,1,0,0,0,0,1,1,5,1,68,10,1364,1,10,8,1,8
2.02E+12,1,19,0,9,0,1,0,0,0,0,1,1,5,1,35,6,2402,2,14,3,1,3
2.02E+12,2,9,0,18,0,1,1,0,0,0,1,1,5,1,37,7,1799,1,11,1,1,1
2.02E+12,1,9,0,11,0,5,1,0,0,0,1,1,5,1,50,8,1586,1,2,2,1,2
2.02E+12,2,9,0,18,0,1,0,0,0,0,4,1,5,1,77,11,1582,2,8,6,1,6
2.02E+12,1,9,0,18,0,1,0,0,0,0,2,1,5,1,51,8,1586,1,9,6,3,6
2.02E+12,2,9,0,18,0,1,0,0,0,0,2,1,5,1,48,8,1329,1,1,8,1,8
2.02E+12,3,21,0,18,0,1,0,0,0,0,1,1,1,1,31,6,10518,2,9,5,1,5
2.02E+12,2,9,0,9,0,6,0,0,0,0,4,1,6,1,65,9,1597,1,13,5,1,5
2.02E+12,3,9,0,18,0,1,0,0,0,0,1,1,6,2,46,8,1590,1,12,8,1,8
2.02E+12,1,9,0,3,0,1,0,0,0,0,2,1,6,1,41,7,1596,1,13,9,1,9
2.02E+12,2,9,0,18,0,1,0,0,0,0,1,1,6,1,34,6,3195,1,9,6,2,6
2.02E+12,1,9,0,18,0,8,0,0,0,0,4,1,6,1,64,9,1198,1,13,5,1,5
2.02E+12,2,9,0,18,0,6,0,0,0,0,1,1,6,1,33,6,1596,1,11,1,1,1
2.02E+12,2,9,0,18,2,8,0,0,0,0,4,1,6,1,55,8,1560,2,11,1,1,1
2.02E+12,1,9,0,7,0,3,1,7,4,0,3,1,6,1,24,5,1229,1,11,9,3,9
2.02E+12,1,9,0,3,0,4,0,0,0,0,2,1,5,1,67,10,1956,2,2,7,1,7
2.02E+12,2,9,0,18,0,4,0,0,0,0,1,1,5,1,52,8,1956,2,4,2,1,2
2.02E+12,1,9,0,17,0,1,2,0,1,9,1,1,5,1,20,4,1896,2,11,9,3,9
2.02E+12,2,9,0,9,0,5,0,0,0,0,2,1,6,1,18,4,1149,1,7,5,2,5
2.02E+12,1,9,0,18,0,8,0,0,0,0,1,1,1,1,23,5,1995,1,14,3,1,3
2.02E+12,2,9,0,5,0,6,0,10,1,0,3,1,1,2,30,6,1598,1,12,8,1,8
2.02E+12,1,9,0,9,0,1,0,0,0,0,1,1,5,1,70,10,1398,2,3,1,1,1
2.02E+12,1,9,0,9,0,6,0,10,3,0,1,1,5,1,25,5,1389,1,16,1,1,1
2.02E+12,2,9,0,18,0,8,0,0,0,0,4,1,2,2,24,5,1598,1,13,1,1,1
2.02E+12,1,11,0,9,0,8,0,0,0,0,1,1,1,1,30,6,6696,2,2,1,1,1
2.02E+12,1,9,0,7,0,3,0,0,0,0,1,1,6,1,50,8,1229,1,5,1,1,1
2.02E+12,1,9,0,5,0,6,0,0,0,0,1,1,5,1,46,8,2967,2,3,10,2,10
2.02E+12,1,9,0,9,0,8,0,0,0,0,3,1,6,1,63,9,2401,2,14,9,1,9
2.02E+12,2,3,0,13,0,8,0,0,0,0,4,1,6,1,50,8,124,1,2,1,1,1
2.02E+12,1,9,0,4,0,1,1,10,3,9,1,1,6,1,53,8,1248,2,5,6,3,6
2.02E+12,1,3,0,15,0,1,0,0,0,0,1,1,6,1,23,5,124,1,7,1,1,1
2.02E+12,2,3,0,9,0,8,0,0,0,0,4,1,6,1,35,6,125,1,1,6,1,6
2.02E+12,1,9,0,17,0,5,1,10,1,3,1,1,5,2,24,5,1360,1,7,3,1,3
2.02E+12,1,9,0,5,0,6,0,0,0,0,1,1,6,1,52,8,1149,1,13,7,2,7
2.02E+12,1,9,0,12,0,1,0,0,0,0,1,1,2,2,19,4,1360,1,13,9,1,9
2.02E+12,1,9,0,18,0,1,0,0,0,0,1,1,6,1,34,6,1598,1,16,1,1,1
2.02E+12,2,9,0,3,0,1,0,0,0,0,2,1,6,1,24,5,2148,2,12,2,1,2
2.02E+12,1,9,0,5,0,8,0,0,0,0,1,1,5,2,54,8,1364,1,6,6,3,6
2.02E+12,2,9,0,18,0,8,0,0,0,0,3,1,5,2,60,9,1997,2,2,6,3,6
2.02E+12,1,9,0,18,0,4,0,0,0,0,4,1,6,1,31,6,2993,2,8,6,1,6
2.02E+12,2,9,0,18,0,3,0,0,0,0,1,1,6,1,50,8,1968,2,2,10,1,10
2.02E+12,1,9,0,9,0,8,0,0,0,0,3,1,6,1,42,7,2204,2,8,1,1,1
2.02E+12,1,9,0,18,0,4,0,0,0,0,1,1,6,2,51,8,1994,2,13,5,1,5
2.02E+12,1,2,0,18,0,8,0,0,0,0,1,1,6,2,18,4,49,1,13,1,1,1
2.02E+12,2,9,0,9,0,5,0,0,0,0,4,1,6,1,55,8,1587,1,13,1,1,1
2.02E+12,2,9,0,9,0,1,0,0,0,0,1,1,6,1,32,6,1956,2,3,1,1,1
2.02E+12,1,9,0,18,9,2,0,0,3,11,1,1,5,1,24,5,1998,1,13,2,1,2
2.02E+12,1,9,0,7,0,5,0,0,0,0,1,1,5,1,38,7,1796,1,13,4,3,4
2.02E+12,2,9,0,3,0,1,0,0,0,0,1,1,1,2,53,8,1242,1,7,6,3,6
2.02E+12,2,3,0,18,0,8,0,0,0,0,1,1,5,1,21,5,124,1,8,1,1,1
2.02E+12,1,9,0,9,0,5,0,0,0,0,1,1,6,1,22,5,1248,2,9,1,1,1
2.02E+12,1,9,0,18,0,4,0,0,0,0,3,1,6,1,31,6,1586,1,10,4,1,4
2.02E+12,1,9,0,18,0,4,0,0,0,0,1,1,6,2,43,7,1598,1,9,10,1,10
2.02E+12,1,9,0,9,0,5,0,0,0,0,1,1,6,2,71,10,1242,1,6,8,1,8
2.02E+12,1,9,0,9,0,1,0,0,0,0,1,1,5,1,22,5,1197,1,6,3,2,3
2.02E+12,2,9,0,18,0,8,0,10,1,0,1,1,5,2,43,7,2401,2,12,3,1,3
2.02E+12,1,9,0,18,0,8,0,0,0,0,3,1,6,2,45,7,999,1,4,1,1,1
2.02E+12,1,2,0,17,0,2,0,0,0,0,0,1,5,1,17,4,49,1,14,3,1,3