Accident_Index,Vehicle_Reference,Vehicle_Type,Towing_and_Articulation,Vehicle_Manoeuvre,Vehicle_Location-Restricted_Lane,Junction_Location,Skidding_and_Overturning,Hit_Object_in_Carriageway,Vehicle_Leaving_Carriageway,Hit_Object_off_Carriageway,1st_Point_of_Impact,Was_Vehicle_Left_Hand_Drive?,Journey_Purpose_of_Driver,Sex_of_Driver,Age_of_Driver,Age_Band_of_Driver,Engine_Capacity_(CC),Propulsion_Code,Age_of_Vehicle,Driver_IMD_Decile,Driver_Home_Area_Type,Vehicle_IMD_Decile
2.02E+12,1,9,0,5,0,4,0,0,0,0,1,1,5,2,18,4,1242,1,6,10,1,10
2.02E+12,1,5,0,13,0,8,0,0,0,0,4,1,6,1,48,8,998,1,10,9,2,9
2.02E+12,2,9,0,9,0,5,0,0,0,0,0,1,6,1,21,5,1229,1,4,9,2,9
2.02E+12,1,9,0,7,0,6,0,0,0,0,1,1,6,2,24,5,1598,1,9,6,1,6
2.02E+12,2,9,0,18,0,8,0,0,0,0,4,1,6,1,39,7,1598,1,14,3,1,3
2.02E+12,2,9,0,18,0,8,0,0,0,0,1,1,5,2,55,8,2268,2,4,4,3,4
2.02E+12,3,9,0,7,0,1,0,0,0,0,3,1,5,1,50,8,2191,2,4,6,3,6
2.02E+12,1,21,1,18,0,8,5,10,1,2,2,1,1,1,39,7,15607,2,13,2,1,2
2.02E+12,2,19,0,3,0,4,0,0,0,0,3,1,1,1,61,9,2464,2,10,7,3,7
2.02E+12,1,9,0,18,0,1,0,0,0,0,1,1,6,2,23,5,1364,1,12,7,1,7
2.02E+12,2,9,0,8,0,1,0,0,0,0,2,1,6,2,60,9,1229,1,3,1,1,1
2.02E+12,1,9,0,18,0,1,0,0,0,0,1,1,6,2,71,10,1799,1,9,3,1,3
2.02E+12,2,9,0,18,0,1,0,0,0,0,2,1,6,2,30,6,1995,2,9,3,1,3
2.02E+12,1,9,0,14,0,2,0,0,0,0,4,1,3,2,32,6,1399,1,1,1,1,1
2.02E+12,2,19,0,2,0,2,0,0,0,0,0,1,1,1,54,8,2143,2,2,5,1,5
2.02E+12,2,9,0,18,0,2,0,0,0,0,3,1,5,1,56,9,1591,1,6,3,1,3
2.02E+12,1,9,0,18,0,2,0,0,0,0,1,1,6,1,28,6,1968,2,8,1,1,1
2.02E+12,2,9,0,3,0,1,0,0,0,0,2,1,6,1,72,10,2204,2,13,1,1,1
2.02E+12,1,9,0,18,0,1,1,0,0,0,1,1,5,1,34,6,2495,2,31,5,3,5
2.02E+12,2,9,0,3,0,1,1,0,1,10,2,1,2,2,24,5,1198,1,4,4,3,4
2.02E+12,3,9,0,10,0,8,0,0,0,0,0,1,5,1,30,6,1968,2,4,8,2,8
2.02E+12,1,9,0,9,0,6,0,10,0,0,1,1,5,2,34,6,2967,2,7,10,2,10
2.02E+12,1,21,0,16,0,1,0,0,0,0,1,1,1,1,25,5,12740,2,1,9,1,9
2.02E+12,2,9,0,10,0,8,0,0,7,10,2,1,6,2,42,7,2993,2,1,6,3,6
2.02E+12,1,9,0,18,0,1,0,0,0,0,2,1,6,2,36,7,1598,1,12,2,1,2
2.02E+12,3,9,0,3,0,8,0,0,0,0,2,1,2,1,43,7,1997,2,13,3,3,3
2.02E+12,2,9,0,4,0,1,0,0,0,0,2,1,6,2,28,6,1242,1,3,9,2,9
2.02E+12,1,9,0,18,0,1,0,0,0,0,1,1,5,2,33,6,1329,1,6,8,1,8
2.02E+12,1,9,0,5,0,1,0,0,0,0,1,1,6,2,29,6,1984,1,12,9,1,9
2.02E+12,1,9,0,9,0,2,0,0,0,0,4,1,6,2,25,5,1390,1,4,7,1,7
2.02E+12,2,9,0,3,0,1,0,0,0,0,2,1,6,1,55,8,1995,2,8,6,3,6
2.02E+12,3,9,0,3,0,1,0,0,0,0,2,1,6,2,24,5,1364,2,9,2,1,2
2.02E+12,1,9,0,3,0,4,0,9,3,1,1,1,2,1,53,8,1582,2,2,1,1,1
2.02E+12,2,9,0,3,0,4,0,9,3,1,2,1,2,2,49,8,1598,1,3,3,3,3
2.02E+12,1,19,0,18,0,8,0,0,0,0,1,1,6,3,42,7,2800,2,12,7,2,7
2.02E+12,2,9,0,18,0,8,0,0,0,0,1,1,6,2,37,7,1360,1,10,8,3,8
2.02E+12,1,9,0,4,0,3,0,0,1,2,1,1,5,1,21,5,1061,1,12,8,2,8
2.02E+12,2,9,0,9,0,3,5,0,0,0,4,1,6,2,22,5,999,1,1,3,1,3
2.02E+12,1,9,0,5,0,2,0,0,0,0,1,1,6,2,20,4,1229,1,3,8,1,8
2.02E+12,2,9,0,18,0,2,0,0,0,0,1,1,6,2,48,8,1461,2,12,1,1,1
2.02E+12,1,9,0,5,0,4,0,0,0,0,1,1,5,1,35,6,1968,2,9,1,1,1
2.02E+12,1,9,0,9,0,8,0,0,0,0,4,1,5,2,21,5,1422,2,9,5,3,5
2.02E+12,2,9,0,3,0,1,0,0,0,0,2,1,6,2,26,6,1910,2,9,3,1,3
2.02E+12,1,9,0,4,0,1,0,0,0,0,1,1,6,1,35,6,1998,1,2,4,2,4
2.02E+12,2,9,0,3,0,1,0,0,0,0,2,1,6,2,38,7,1590,1,14,1,1,1
2.02E+12,1,8,0,7,0,6,0,0,0,0,2,1,1,1,43,7,1598,2,6,7,1,7
2.02E+12,2,19,0,18,0,1,0,0,0,0,1,1,6,1,29,6,2198,2,11,1,1,1
2.02E+12,1,9,0,7,0,6,0,0,0,0,1,1,1,1,40,7,1390,1,14,7,2,7
2.02E+12,1,9,0,9,0,5,0,0,0,0,4,1,5,2,63,9,1598,1,19,9,3,9
2.02E+12,2,9,0,18,0,8,0,0,0,0,1,1,6,2,66,10,1598,2,5,9,1,9
2.02E+12,1,11,0,9,0,8,0,0,0,0,3,1,1,2,44,7,3900,2,12,7,1,7
2.02E+12,1,9,0,9,0,1,0,0,0,0,2,1,1,1,60,9,1395,1,1,6,2,6
2.02E+12,1,9,0,18,0,8,5,0,0,0,1,1,6,1,37,7,1997,2,12,1,1,1
2.02E+12,2,9,0,7,0,6,0,0,0,0,1,1,6,1,47,8,2143,2,2,3,3,3
2.02E+12,3,9,0,18,0,1,0,0,0,0,0,1,1,1,30,6,1560,2,1,2,1,2
2.02E+12,1,9,0,7,0,8,0,0,0,0,1,1,5,1,70,10,1360,1,15,9,1,9
2.02E+12,1,9,0,16,0,8,0,0,0,0,1,1,5,2,42,7,1598,1,13,6,3,6
2.02E+12,1,9,0,18,0,1,0,0,0,0,4,1,2,2,32,6,1995,2,1,3,3,3
2.02E+12,2,9,0,7,0,2,0,0,1,4,1,1,6,1,67,10,1986,2,12,5,3,5
2.02E+12,2,9,0,18,0,8,0,0,0,0,4,1,6,1,67,10,1995,2,2,4,1,4
2.02E+12,1,9,0,7,0,4,0,0,0,0,1,1,6,1,40,7,1242,1,6,6,1,6
2.02E+12,2,9,0,7,0,4,0,0,0,0,2,1,6,2,66,10,998,1,4,6,1,6
2.02E+12,2,9,0,18,0,2,0,0,0,0,2,1,1,1,60,9,4367,2,6,8,1,8
2.02E+12,1,5,0,18,0,6,0,0,0,0,1,1,6,1,50,8,647,1,16,7,1,7
2.02E+12,2,9,0,10,0,6,0,0,0,0,1,1,6,2,27,6,1198,1,5,5,1,5
2.02E+12,1,9,0,18,0,1,1,4,0,0,1,1,5,1,17,4,1229,1,7,6,1,6
2.02E+12,1,9,0,7,0,5,0,0,0,0,1,1,6,1,75,10,1586,1,2,3,1,3
2.02E+12,1,9,0,16,0,1,5,0,7,2,1,1,5,1,30,6,998,1,14,1,1,1
2.02E+12,1,9,0,18,0,3,1,10,1,0,1,1,6,1,31,6,1598,1,10,2,1,2
2.02E+12,1,9,0,9,0,6,0,0,0,0,3,1,6,1,70,10,1298,1,16,7,2,7
2.02E+12,1,9,0,18,0,1,0,0,0,0,1,1,6,1,50,8,1968,2,10,6,1,6
2.02E+12,1,9,0,4,0,1,0,0,0,0,2,1,6,2,30,6,998,1,7,1,1,1
2.02E+12,2,9,0,18,0,1,0,0,0,0,1,1,6,1,70,10,998,1,6,7,1,7
2.02E+12,1,9,0,18,0,1,0,0,0,0,1,1,6,2,48,8,1598,1,8,1,1,1
2.02E+12,1,9,0,1,0,1,0,0,0,0,3,1,6,2,63,9,1198,1,13,4,1,4
2.02E+12,1,9,0,3,0,1,0,0,0,0,2,1,6,1,50,8,999,1,2,6,1,6
2.02E+12,2,3,0,18,0,8,0,0,0,0,1,1,2,1,18,4,125,1,3,8,3,8
2.02E+12,1,9,0,7,0,6,0,0,0,0,1,1,6,1,66,10,1497,1,12,1,1,1
2.02E+12,1,9,0,9,0,6,0,0,0,0,1,1,6,1,79,11,998,1,15,7,2,7
2.02E+12,2,9,0,9,0,6,0,0,0,0,3,1,6,2,38,7,973,1,16,5,1,5
2.02E+12,2,9,0,9,0,6,0,0,0,0,0,1,6,2,58,9,1398,1,2,5,1,5
2.02E+12,1,9,0,18,0,1,0,0,0,0,1,1,6,2,19,4,1242,1,2,1,1,1
2.02E+12,2,9,0,9,0,6,0,0,0,0,1,1,6,1,42,7,1396,1,8,8,1,8
2.02E+12,1,9,0,18,0,8,0,0,0,0,1,1,6,1,51,8,1799,1,10,5,1,5
2.02E+12,2,9,0,3,0,6,0,0,0,0,1,1,2,2,41,7,1956,2,2,8,3,8
2.02E+12,1,9,0,5,0,2,0,10,1,10,4,1,6,1,88,11,2149,2,10,5,2,5
2.02E+12,1,9,0,3,0,1,0,0,0,0,2,1,6,2,23,5,998,1,4,9,1,9
2.02E+12,2,9,0,18,0,1,0,0,0,0,1,1,6,1,53,8,1896,2,13,6,1,6
2.02E+12,1,9,0,18,0,2,0,0,0,0,1,1,6,1,21,5,1248,2,8,4,1,4
2.02E+12,1,8,0,3,0,1,0,0,0,0,0,1,1,1,50,8,1499,2,1,6,1,6
2.02E+12,1,10,0,9,0,4,1,10,7,2,4,1,1,1,33,6,1998,2,13,5,1,5
2.02E+12,2,3,0,18,9,1,0,0,0,0,1,1,5,1,33,6,125,1,5,2,1,2
2.02E+12,1,9,0,9,0,6,0,0,0,0,1,1,6,2,59,9,1364,1,3,6,1,6
2.02E+12,2,9,0,18,0,1,0,0,0,0,1,1,6,2,48,8,1248,1,5,4,1,4
2.02E+12,1,11,0,18,0,1,0,0,0,0,0,1,1,2,36,7,4500,2,6,1,1,1
2.02E+12,1,8,0,18,0,1,0,0,0,0,2,1,1,1,47,8,1560,2,3,5,1,5
2.02E+12,2,9,0,18,0,1,0,0,0,0,1,1,6,1,38,7,1896,2,15,1,1,1
2.02E+12,2,90,0,9,0,1,0,0,0,0,1,1,1,2,45,7,2999,2,5,4,1,4
2.02E+12,1,9,0,18,0,2,0,0,0,0,3,1,6,2,45,7,1398,1,2,1,1,1
2.02E+12,1,9,0,9,0,6,0,0,0,0,1,1,6,1,39,7,2143,12,2,4,2,4
2.02E+12,2,5,0,18,0,1,0,0,0,0,4,1,1,1,43,7,953,1,9,4,1,4
2.02E+12,1,9,0,18,0,3,0,0,0,0,1,1,6,1,18,4,1390,1,9,2,1,2
2.02E+12,1,9,0,18,0,1,0,0,0,0,3,1,5,2,17,4,599,1,15,9,2,9
2.02E+12,2,9,0,18,0,4,0,0,0,0,1,1,6,2,53,8,1229,1,2,7,3,7
2.02E+12,1,9,0,1,0,1,0,0,0,0,2,1,6,1,29,6,1598,1,14,2,2,2
2.02E+12,1,9,0,4,0,1,0,0,0,0,2,1,6,1,70,10,998,1,20,5,1,5
2.02E+12,2,9,0,18,0,1,0,0,0,0,1,1,6,2,41,7,1248,1,3,7,1,7
2.02E+12,2,9,0,18,0,1,0,0,0,0,4,1,6,1,60,9,2148,2,15,9,1,9
2.02E+12,1,9,0,18,0,3,0,0,0,0,1,1,1,1,48,8,1968,2,2,2,1,2
2.02E+12,2,9,0,5,0,4,0,0,1,0,1,1,2,1,45,7,1598,1,10,1,1,1
2.02E+12,1,9,0,9,0,8,0,0,0,0,1,1,5,1,81,11,1149,1,2,9,3,9
2.02E+12,2,5,0,18,0,1,0,0,0,0,1,1,5,1,63,9,904,1,24,9,1,9
2.02E+12,1,9,0,9,0,1,0,0,0,0,4,1,6,1,31,6,999,1,16,1,1,1
2.02E+12,1,9,0,3,0,1,0,0,0,0,2,1,6,2,31,6,2172,2,14,2,1,2
2.02E+12,2,9,0,9,0,1,0,0,0,0,1,1,6,1,37,7,1896,2,12,7,3,7
2.02E+12,1,5,0,18,0,2,0,0,0,0,1,1,6,1,52,8,885,1,19,3,1,3
2.02E+12,2,9,0,18,0,1,0,0,0,0,1,1,6,2,24,5,1560,2,5,7,1,7
2.02E+12,2,9,0,3,0,1,0,0,0,0,2,1,6,2,52,8,1368,1,12,10,2,10
2.02E+12,2,9,0,9,0,2,0,0,0,0,1,1,6,1,30,6,1229,1,2,7,1,7
2.02E+12,2,9,0,10,0,2,0,0,0,0,1,1,6,2,45,7,1200,1,14,7,3,7
2.02E+12,1,9,0,9,0,5,0,0,0,0,1,1,6,1,79,11,998,1,11,4,1,4
2.02E+12,1,8,0,18,0,4,0,0,0,0,1,1,1,1,45,7,1560,2,7,6,1,6
2.02E+12,2,3,0,18,0,3,0,0,0,0,4,1,6,1,27,6,124,1,2,3,1,3
2.02E+12,1,9,0,9,0,5,0,0,0,0,1,1,6,2,31,6,1499,2,1,3,1,3
2.02E+12,2,8,0,9,0,6,0,0,0,0,1,1,1,1,35,6,1598,2,6,4,1,4
2.02E+12,1,9,0,18,0,1,0,0,0,0,1,1,2,2,27,6,2179,2,7,1,1,1
2.02E+12,2,9,0,9,0,1,0,0,0,0,2,1,2,1,40,7,1910,2,11,10,1,10
2.02E+12,2,9,0,18,0,8,0,0,0,0,4,1,2,2,23,5,1248,2,7,2,1,2
2.02E+12,1,9,0,18,0,1,0,10,7,0,1,1,6,2,28,6,1242,1,3,7,2,7
2.02E+12,2,9,0,18,0,1,0,0,0,0,1,1,6,1,38,7,1896,2,16,9,3,9
2.02E+12,1,9,0,9,0,1,0,0,0,0,1,1,1,1,32,6,1000,1,2,4,1,4
2.02E+12,1,2,0,9,0,6,0,0,0,0,1,1,4,1,16,4,49,1,5,6,1,6
2.02E+12,1,19,0,18,0,3,0,0,1,11,1,1,1,1,64,9,1560,2,5,5,1,5
2.02E+12,2,9,0,7,0,5,0,0,0,0,1,1,6,1,27,6,1560,2,11,4,1,4
2.02E+12,1,9,0,10,0,1,0,0,0,0,1,1,5,2,48,8,1360,1,15,1,1,1
2.02E+12,2,9,0,18,0,1,0,0,0,0,4,1,5,2,27,6,1197,1,1,8,1,8
2.02E+12,2,9,0,4,0,1,0,0,0,0,2,1,5,2,21,5,1560,2,5,3,3,3
2.02E+12,2,9,0,17,0,8,0,0,0,0,4,1,6,2,42,7,1390,1,3,9,1,9
2.02E+12,1,9,0,18,0,1,0,4,1,0,1,1,5,1,25,5,1598,1,7,1,1,1
2.02E+12,2,9,0,11,0,1,0,0,0,0,2,1,5,1,40,7,2204,2,8,8,1,8
2.02E+12,1,9,0,18,0,8,0,0,0,0,4,1,6,2,44,7,1560,2,10,1,1,1
2.02E+12,1,9,0,18,0,8,0,0,0,0,1,1,6,2,39,7,1364,1,13,3,1,3
2.02E+12,1,9,0,9,0,1,0,0,0,0,0,1,6,1,64,9,1399,2,8,8,1,8
2.02E+12,1,3,0,18,0,8,1,0,0,0,1,1,6,1,33,6,124,1,1,7,1,7
2.02E+12,1,3,0,13,0,1,0,0,0,0,1,1,5,2,20,4,125,1,12,4,1,4
2.02E+12,2,9,0,9,0,1,0,0,0,0,2,1,5,1,65,9,995,1,12,1,1,1
2.02E+12,1,9,0,9,0,2,0,0,0,0,1,1,6,1,38,7,1910,2,9,9,2,9
2.02E+12,1,3,0,17,0,1,1,0,0,0,1,1,6,1,27,6,125,1,3,6,1,6
2.02E+12,1,9,0,18,0,8,0,0,0,0,1,1,6,2,21,5,1086,1,11,3,1,3
2.02E+12,2,9,0,18,0,1,0,0,0,0,2,1,2,2,43,7,998,1,5,10,2,10
2.02E+12,2,3,0,18,0,1,0,0,0,0,1,1,6,1,17,4,124,1,6,1,1,1
2.02E+12,1,9,0,18,0,4,0,10,3,0,4,1,6,1,32,6,1800,1,18,1,1,1
2.02E+12,1,9,0,18,0,1,0,0,0,0,3,1,1,2,41,7,2993,2,1,10,2,10
2.02E+12,2,9,0,9,0,1,0,0,0,0,1,1,3,1,53,8,1995,2,11,1,1,1
2.02E+12,1,9,0,5,0,8,0,0,0,0,3,1,5,1,44,7,1968,2,2,6,2,6
2.02E+12,2,9,0,18,0,1,0,10,7,0,1,1,2,1,50,8,1969,2,1,9,2,9
2.02E+12,1,9,0,7,0,2,0,0,0,0,1,1,6,1,51,8,1560,2,4,6,3,6
2.02E+12,1,9,0,9,0,1,0,0,0,0,1,1,2,2,47,8,998,1,10,7,1,7
2.02E+12,1,9,0,7,0,3,0,0,0,0,1,1,2,1,26,6,998,1,2,9,3,9
2.02E+12,2,21,0,18,0,1,0,0,0,0,1,1,1,1,50,8,12419,2,4,9,3,9
2.02E+12,1,9,0,7,0,6,0,0,0,0,1,1,6,2,55,8,1598,1,11,8,1,8
2.02E+12,1,11,0,9,0,4,0,0,0,0,0,1,1,2,37,7,4461,2,3,3,1,3
2.02E+12,1,19,0,18,0,8,0,0,0,0,4,1,6,1,45,7,2460,2,9,6,2,6
2.02E+12,1,9,0,18,0,1,0,0,0,0,1,1,6,1,26,6,1560,2,5,7,1,7
2.02E+12,2,9,0,18,0,1,0,0,0,0,2,1,6,2,24,5,1968,2,11,3,1,3
2.02E+12,1,9,0,7,0,6,0,0,0,0,3,1,6,2,58,9,1598,1,6,6,1,6
2.02E+12,2,9,0,18,0,1,0,0,0,0,4,1,6,2,49,8,1242,1,3,1,1,1
2.02E+12,1,9,0,18,0,4,0,0,0,0,2,1,5,1,37,7,1995,2,5,9,3,9
2.02E+12,1,9,0,9,0,1,1,0,0,0,1,1,5,1,42,7,1360,1,17,4,3,4
2.02E+12,2,4,0,18,0,1,0,0,0,0,3,1,6,1,64,9,239,1,21,7,2,7
2.02E+12,2,9,0,4,0,1,0,0,0,0,1,1,6,1,56,9,1199,1,14,1,1,1
2.02E+12,1,9,0,9,0,5,0,0,0,0,1,1,6,2,48,8,1685,2,3,3,1,3
2.02E+12,1,9,0,7,0,6,0,0,0,0,1,1,6,1,69,10,1598,1,4,1,1,1
2.02E+12,1,9,0,18,0,2,1,0,0,0,1,1,2,2,50,8,1388,1,5,6,3,6
2.02E+12,3,9,0,18,0,1,0,0,0,0,0,1,1,1,21,5,1560,2,1,1,1,1
2.02E+12,2,9,0,9,0,3,0,0,0,0,1,1,5,1,62,9,1998,1,13,4,3,4
2.02E+12,1,9,0,9,0,1,0,0,0,0,1,1,6,2,46,8,998,1,4,8,1,8
2.02E+12,2,3,0,18,0,8,0,0,0,0,1,1,6,1,21,5,125,1,1,1,1,1
2.02E+12,1,3,0,7,0,1,0,0,0,0,4,1,6,1,32,6,125,1,1,5,3,5
2.02E+12,1,19,0,14,0,1,0,0,0,0,1,1,1,2,38,7,1598,2,2,2,1,2
2.02E+12,2,9,0,3,0,1,0,0,0,0,2,1,6,2,25,5,1598,2,3,3,1,3
2.02E+12,3,9,0,18,0,1,0,0,0,0,1,1,2,2,59,9,2179,2,6,7,3,7
2.02E+12,1,9,0,9,0,1,0,0,0,0,1,1,6,1,29,6,1199,1,14,3,1,3
2.02E+12,1,9,0,18,0,1,0,0,0,0,1,1,6,2,55,8,1390,1,11,7,1,7
2.02E+12,2,9,0,18,0,8,0,0,0,0,1,1,6,2,33,6,999,1,2,1,1,1
2.02E+12,2,9,0,18,0,8,0,0,0,0,1,1,5,2,56,9,1364,1,11,3,1,3
2.02E+12,2,9,0,7,0,2,0,0,0,0,1,1,6,1,44,7,1995,2,1,5,1,5
2.02E+12,2,9,0,18,0,8,0,0,0,0,1,1,5,1,71,10,1995,1,3,3,2,3
2.02E+12,1,9,0,5,0,3,1,10,1,0,1,1,2,1,33,6,1598,1,9,5,3,5
2.02E+12,1,21,0,18,0,1,0,0,0,0,1,1,1,1,46,8,12777,2,4,5,1,5
2.02E+12,2,21,0,18,0,1,0,0,0,0,2,1,1,1,47,8,12777,2,5,7,1,7
2.02E+12,3,9,0,18,0,1,0,0,0,0,2,1,2,1,54,8,1686,2,4,10,1,10
2.02E+12,1,3,0,18,0,1,0,0,0,0,1,1,6,1,56,9,124,1,7,3,1,3
2.02E+12,1,9,0,9,0,6,0,0,0,0,1,1,6,1,67,10,2457,1,10,5,1,5
2.02E+12,1,9,0,7,0,5,0,0,0,0,0,1,6,1,37,7,1390,1,10,3,1,3
2.02E+12,1,9,0,5,0,2,0,0,0,0,4,1,6,1,49,8,1596,1,14,2,1,2
2.02E+12,1,9,0,9,0,5,0,0,0,0,4,1,2,2,32,6,973,1,15,1,1,1
2.02E+12,2,3,0,14,0,8,0,0,0,0,1,1,2,1,28,6,124,1,1,6,1,6
2.02E+12,1,19,0,9,0,2,0,0,0,0,1,1,6,1,24,5,2148,2,9,4,1,4
2.02E+12,2,9,0,3,0,8,0,0,0,0,2,1,6,1,34,6,1794,1,11,1,1,1
2.02E+12,2,9,0,3,0,1,0,0,0,0,2,1,6,1,49,8,1499,2,1,3,1,3
2.02E+12,2,9,0,3,0,1,0,0,0,0,2,1,6,1,49,8,1896,2,18,1,1,1
2.02E+12,2,3,0,18,0,1,0,0,0,0,4,1,6,1,29,6,124,1,3,1,1,1
2.02E+12,1,9,0,18,0,1,0,0,0,0,1,1,6,2,37,7,2143,2,2,5,1,5
2.02E+12,2,9,0,3,0,1,0,0,0,0,2,1,6,2,50,8,1198,1,5,2,1,2
2.02E+12,1,9,0,9,0,2,0,0,0,0,1,1,6,1,40,7,1590,1,13,6,1,6
2.02E+12,1,9,0,18,0,8,0,7,4,0,1,1,6,1,52,8,1796,1,19,10,1,10
2.02E+12,2,9,0,9,0,8,0,0,0,0,3,1,6,1,40,7,1598,1,11,7,1,7
2.02E+12,1,9,0,18,0,8,0,0,0,0,1,1,6,1,33,6,1598,2,1,1,1,1
2.02E+12,2,9,0,18,0,8,0,10,7,1,4,1,1,1,32,6,1968,2,10,1,1,1
2.02E+12,1,9,0,9,0,5,0,0,0,0,1,1,6,2,68,10,1389,1,13,5,1,5
2.02E+12,2,9,0,3,0,2,0,0,0,0,2,1,6,1,61,9,1299,1,12,5,1,5
2.02E+12,1,9,0,18,0,8,0,0,0,0,1,1,2,2,28,6,1598,1,3,1,1,1
2.02E+12,2,9,0,18,0,8,0,0,0,0,1,1,1,2,32,6,1248,2,3,1,1,1
2.02E+12,1,9,0,9,0,6,0,10,0,0,3,1,1,1,36,7,1998,1,12,1,1,1
2.02E+12,2,9,0,18,0,8,0,0,0,0,1,1,6,1,29,6,1560,2,6,1,1,1
2.02E+12,1,9,0,9,0,3,0,0,0,0,4,1,6,1,40,7,1995,2,12,1,1,1
2.02E+12,1,9,0,9,0,6,0,0,0,0,4,1,6,2,71,10,1240,1,7,8,1,8
2.02E+12,2,9,0,18,0,6,0,0,7,1,2,1,6,2,39,7,1332,1,19,2,1,2
2.02E+12,1,9,0,18,0,2,0,0,0,0,0,1,6,1,75,10,1598,1,27,1,1,1
2.02E+12,1,9,0,7,0,6,0,0,0,0,1,1,6,2,27,6,1199,2,6,2,1,2
2.02E+12,2,9,0,18,0,2,0,0,0,0,4,1,6,2,50,8,1799,1,10,1,1,1
2.02E+12,1,9,0,5,0,4,0,0,0,0,1,1,1,2,30,6,998,1,2,1,1,1
2.02E+12,2,9,0,4,0,1,0,0,0,0,2,1,6,1,80,11,1242,1,10,1,1,1
2.02E+12,2,9,0,10,0,8,0,0,0,0,2,1,6,2,17,4,1242,1,5,9,1,9
2.02E+12,1,9,0,18,0,1,0,0,0,0,1,1,1,1,25,5,1461,2,2,1,1,1
2.02E+12,4,9,0,10,0,1,0,0,0,0,2,1,6,3,48,8,1329,1,5,3,1,3
2.02E+12,1,9,0,7,9,5,0,0,0,0,4,1,6,2,57,9,1364,1,1,3,1,3
2.02E+12,1,19,0,18,0,8,1,0,0,0,1,1,1,2,43,7,2143,2,1,4,2,4
2.02E+12,2,9,0,4,0,8,1,0,0,0,2,1,6,2,32,6,1598,1,10,8,1,8
2.02E+12,2,9,0,18,0,1,0,0,0,0,1,1,1,1,56,9,2199,2,5,6,1,6
2.02E+12,1,9,0,18,0,1,0,0,0,0,1,1,6,2,58,9,1598,1,12,8,1,8
2.02E+12,1,9,0,4,0,1,0,0,0,0,4,1,6,1,45,7,1968,2,6,6,1,6
2.02E+12,1,9,0,18,0,1,0,0,0,0,1,1,6,1,55,8,1753,2,9,3,1,3
2.02E+12,1,9,0,18,0,1,0,0,0,0,4,1,1,1,23,5,1796,1,13,8,1,8
2.02E+12,2,9,0,18,0,1,0,0,0,0,0,1,6,1,32,6,1995,2,14,2,1,2
2.02E+12,1,9,0,5,0,4,0,0,0,0,1,1,2,1,34,6,1896,2,16,1,1,1
2.02E+12,2,9,0,9,0,3,0,9,7,1,4,1,6,1,29,6,998,1,17,2,1,2
2.02E+12,1,9,0,18,0,6,0,0,0,0,1,1,6,2,21,5,1395,1,1,1,1,1
2.02E+12,2,9,0,18,0,6,0,0,0,0,2,1,6,1,60,9,1796,1,3,1,1,1
2.02E+12,1,9,0,7,0,5,0,0,0,0,3,1,6,3,21,5,1364,1,10,2,1,2
2.02E+12,2,9,0,3,0,1,0,0,0,0,3,1,6,2,38,7,1896,2,13,2,1,2
2.02E+12,1,9,0,5,9,6,0,0,0,0,1,1,2,1,59,9,999,1,1,8,1,8
2.02E+12,2,9,0,9,0,6,0,0,0,0,3,1,6,1,64,9,1396,1,14,1,1,1
2.02E+12,2,9,0,4,0,1,0,0,0,0,1,1,6,2,60,9,1197,1,2,3,1,3
2.02E+12,1,9,0,18,0,1,0,9,3,1,1,1,6,1,60,9,1896,2,14,9,1,9
2.02E+12,2,9,0,18,0,8,0,0,0,0,1,1,6,1,71,10,1360,1,5,9,1,9
2.02E+12,1,9,0,6,0,1,0,7,4,0,3,1,6,1,22,5,1598,2,5,1,1,1
2.02E+12,2,9,0,18,0,1,0,0,0,0,1,1,6,2,62,9,2987,2,11,6,1,6
2.02E+12,1,9,0,18,0,2,1,0,0,0,2,1,6,1,46,8,1896,2,11,2,1,2
2.02E+12,1,9,0,15,0,1,0,10,1,10,1,1,6,1,23,5,1998,1,12,3,1,3
2.02E+12,2,9,0,9,0,5,1,4,0,0,2,1,6,1,23,5,1968,2,5,5,1,5
2.02E+12,1,9,0,9,0,6,0,0,0,0,1,1,6,1,95,11,1396,1,17,6,1,6
2.02E+12,2,9,0,18,0,8,0,0,0,0,4,1,6,1,28,6,1997,2,9,1,1,1
2.02E+12,1,9,0,18,0,1,0,0,0,0,3,1,2,1,30,6,1461,2,9,4,1,4
2.02E+12,1,9,0,9,0,6,0,0,0,0,3,1,6,1,72,10,1493,2,8,5,1,5
2.02E+12,2,3,0,18,0,8,0,0,0,0,1,1,2,1,22,5,125,1,6,2,1,2
2.02E+12,1,9,0,7,0,5,0,0,0,0,4,1,6,2,31,6,1390,1,7,10,1,10
2.02E+12,1,9,0,18,0,1,0,0,0,0,1,1,6,1,40,7,1839,1,13,8,1,8
2.02E+12,1,9,0,18,0,8,0,0,0,0,4,1,1,1,46,8,2993,2,5,5,1,5
2.02E+12,2,9,0,9,0,1,0,0,0,0,1,1,6,1,32,6,1560,2,3,1,1,1
2.02E+12,1,9,0,18,0,8,0,0,0,0,1,1,6,1,23,5,1242,1,7,1,1,1
2.02E+12,2,9,0,18,0,8,0,0,0,0,4,1,6,1,55,8,1598,1,12,5,1,5
2.02E+12,1,9,0,18,0,1,0,0,0,0,4,1,5,1,29,6,1390,1,8,8,1,8