Accident_Index,Vehicle_Reference,Vehicle_Type,Towing_and_Articulation,Vehicle_Manoeuvre,Vehicle_Location-Restricted_Lane,Junction_Location,Skidding_and_Overturning,Hit_Object_in_Carriageway,Vehicle_Leaving_Carriageway,Hit_Object_off_Carriageway,1st_Point_of_Impact,Was_Vehicle_Left_Hand_Drive?,Journey_Purpose_of_Driver,Sex_of_Driver,Age_of_Driver,Age_Band_of_Driver,Engine_Capacity_(CC),Propulsion_Code,Age_of_Vehicle,Driver_IMD_Decile,Driver_Home_Area_Type,Vehicle_IMD_Decile
2.02E+12,3,9,0,2,0,8,0,0,0,0,3,1,6,1,30,6,1560,2,11,2,1,2
2.02E+12,4,9,0,2,0,8,0,0,0,0,3,1,6,1,30,6,1796,1,6,2,1,2
2.02E+12,1,9,0,9,0,5,0,10,0,0,4,1,3,2,28,6,1796,1,10,3,1,3
2.02E+12,2,9,0,7,0,8,0,0,0,0,1,1,3,2,31,6,1988,1,14,4,1,4
2.02E+12,2,9,0,5,0,4,0,0,0,0,2,1,1,1,43,7,2143,2,4,10,1,10
2.02E+12,2,9,0,9,0,8,0,0,0,0,4,1,6,3,30,6,1896,2,10,6,1,6
2.02E+12,1,19,0,9,0,8,0,0,0,0,4,1,1,2,51,8,1399,2,6,4,1,4
2.02E+12,1,9,0,3,0,1,0,0,0,0,2,1,6,2,54,8,1560,2,3,5,1,5
2.02E+12,1,9,0,9,0,6,0,0,0,0,1,1,6,1,31,6,1560,2,2,5,1,5
2.02E+12,2,3,0,18,0,8,0,0,0,0,1,1,2,1,37,7,124,1,3,2,1,2
2.02E+12,1,9,0,8,0,1,0,0,0,0,1,1,6,2,26,6,998,1,7,3,1,3
2.02E+12,1,9,0,5,0,8,0,0,0,0,1,1,6,2,41,7,1794,1,12,2,1,2
2.02E+12,2,9,0,3,0,1,0,0,0,0,2,1,3,1,41,7,1968,2,6,2,1,2
2.02E+12,1,9,0,4,0,1,0,0,0,0,1,1,2,1,24,5,1995,2,4,1,1,1
2.02E+12,2,9,0,3,0,1,0,7,0,0,2,1,2,1,52,8,998,1,8,2,1,2
2.02E+12,2,9,0,4,0,1,0,0,0,0,2,1,1,1,43,7,1997,7,15,1,1,1
2.02E+12,2,2,0,13,0,8,0,0,0,0,1,1,1,1,57,9,49,1,17,4,1,4
2.02E+12,1,9,0,18,0,8,0,0,0,0,4,1,6,1,42,7,2204,2,11,5,1,5
2.02E+12,2,9,0,5,0,6,0,0,0,0,1,1,6,2,52,8,1198,1,9,9,1,9
2.02E+12,1,9,0,3,0,1,0,0,0,0,2,1,6,2,33,6,1598,1,7,7,1,7
2.02E+12,1,9,0,5,0,6,0,0,0,0,1,1,6,1,59,9,1998,1,14,6,1,6
2.02E+12,2,9,0,18,0,8,2,10,1,10,1,1,6,2,56,9,998,1,3,2,1,2
2.02E+12,1,9,0,18,0,1,0,0,0,0,1,1,6,1,38,7,2688,2,13,3,1,3
2.02E+12,2,9,0,3,0,1,0,0,0,0,2,1,2,1,42,7,1997,2,14,5,1,5
2.02E+12,2,9,0,4,0,1,0,0,0,0,3,1,6,2,24,5,1461,2,4,2,1,2
2.02E+12,2,9,0,18,0,2,0,0,0,0,0,1,1,1,40,7,1598,2,5,1,1,1
2.02E+12,2,9,0,18,0,1,1,0,0,0,1,1,5,1,35,6,1598,1,11,1,1,1
2.02E+12,1,9,0,9,0,6,0,0,0,0,1,1,6,2,51,8,1390,1,7,4,1,4
2.02E+12,1,9,0,18,0,1,0,0,0,0,1,1,5,3,30,6,1199,1,16,1,1,1
2.02E+12,2,9,0,3,0,1,0,0,0,0,2,1,6,1,40,7,1560,2,7,1,1,1
2.02E+12,1,9,0,3,0,1,0,0,0,0,2,1,6,1,30,6,1596,1,5,2,1,2
2.02E+12,1,9,0,1,0,1,1,10,7,0,1,1,6,3,53,8,2720,2,12,7,1,7
2.02E+12,1,9,0,9,0,6,0,0,0,0,3,1,1,1,32,6,1998,2,10,1,1,1
2.02E+12,2,9,0,18,0,8,0,0,0,0,1,1,2,1,23,5,1390,1,15,1,1,1
2.02E+12,1,9,0,18,0,6,0,0,0,0,1,1,6,1,18,4,1198,1,11,3,1,3
2.02E+12,2,9,0,18,0,8,5,0,0,0,4,1,6,1,42,7,1984,2,8,1,1,1
2.02E+12,1,9,0,18,0,8,0,0,0,0,1,1,6,1,49,8,1396,1,14,1,1,1
2.02E+12,2,9,0,10,0,8,0,0,0,0,2,1,6,2,62,9,1388,1,12,1,1,1
2.02E+12,2,3,0,18,0,8,0,0,0,0,1,1,6,1,17,4,124,1,2,5,1,5
2.02E+12,1,9,0,15,0,8,0,10,0,0,1,1,2,1,60,9,1997,2,7,4,1,4
2.02E+12,1,9,0,1,0,6,0,0,0,0,1,1,6,2,33,6,1598,1,12,2,1,2
2.02E+12,2,5,0,18,0,8,0,0,0,0,2,1,6,1,30,6,988,1,13,2,1,2
2.02E+12,1,9,0,13,0,8,0,10,7,11,4,1,6,1,33,6,1248,2,10,1,1,1
2.02E+12,2,9,0,9,0,8,0,10,7,11,3,1,6,2,20,4,998,1,5,5,1,5
2.02E+12,1,9,0,5,0,6,0,0,0,0,1,1,1,1,21,5,1242,1,14,5,1,5
2.02E+12,2,9,0,9,0,8,5,0,0,0,4,1,6,1,47,8,1339,1,13,3,1,3
2.02E+12,1,9,0,15,2,8,0,0,0,0,1,1,2,1,19,4,1329,1,2,6,1,6
2.02E+12,2,9,0,9,0,5,0,0,0,0,4,1,3,1,41,7,1896,2,11,1,1,1
2.02E+12,3,9,0,8,0,1,0,0,0,0,2,1,3,2,38,7,1995,2,7,5,1,5
2.02E+12,1,9,0,18,0,6,0,10,7,11,1,1,6,2,35,6,1360,1,14,1,1,1
2.02E+12,2,9,0,18,0,8,0,0,0,0,3,1,6,2,34,6,1598,2,7,8,1,8
2.02E+12,1,9,0,18,0,8,1,0,0,0,1,1,6,1,18,4,998,1,3,2,1,2
2.02E+12,1,9,0,16,0,8,0,10,7,11,1,1,6,1,19,4,2979,1,2,6,1,6
2.02E+12,2,19,0,18,0,8,0,0,0,0,4,1,1,1,49,8,1248,2,3,5,1,5
2.02E+12,1,9,0,1,0,2,0,0,0,0,2,1,6,1,18,4,1229,1,6,5,1,5
2.02E+12,2,9,0,4,0,1,0,0,0,0,1,1,6,1,71,10,1396,1,22,5,1,5
2.02E+12,2,9,0,17,0,8,1,10,7,10,2,1,6,2,31,6,998,1,6,4,1,4
2.02E+12,2,9,0,3,0,2,0,0,0,0,2,1,6,2,43,7,1229,1,7,2,1,2
2.02E+12,3,9,0,3,0,2,0,0,0,0,2,1,6,1,21,5,1968,2,11,2,1,2
2.02E+12,1,9,0,9,0,5,0,0,0,0,1,1,6,1,32,6,1560,2,4,1,1,1
2.02E+12,1,9,0,5,0,8,0,0,0,0,1,1,6,2,33,6,1997,2,13,1,1,1
2.02E+12,2,9,0,18,0,8,1,0,0,0,1,1,6,1,47,8,1560,2,8,2,1,2
2.02E+12,1,9,0,18,0,8,0,4,0,0,1,1,6,1,19,4,2435,1,16,3,1,3
2.02E+12,2,9,0,7,0,6,0,0,0,0,3,1,6,2,32,6,1299,1,17,1,1,1
2.02E+12,3,9,0,18,0,8,0,0,0,0,1,1,6,1,58,9,2967,2,11,1,1,1
2.02E+12,2,3,0,18,0,3,0,0,0,0,1,1,2,1,26,6,124,1,7,3,1,3
2.02E+12,2,9,0,18,0,2,0,0,0,0,3,1,1,1,21,5,2000,2,7,5,1,5
2.02E+12,1,9,0,18,0,6,1,10,1,11,1,1,5,1,45,7,1995,1,11,3,1,3
2.02E+12,1,9,0,18,0,1,0,0,0,0,4,1,6,1,24,5,1598,2,1,8,1,8
2.02E+12,1,9,0,9,0,6,0,0,0,0,1,1,6,1,20,4,1598,1,16,3,1,3
2.02E+12,1,11,0,3,0,1,0,0,0,0,0,1,1,1,38,7,8268,2,14,9,1,9
2.02E+12,2,9,0,18,0,8,0,0,0,0,4,1,6,1,30,6,1363,2,15,1,1,1
2.02E+12,5,9,0,2,0,1,0,0,0,0,4,1,6,1,47,8,1900,2,12,1,1,1
2.02E+12,2,9,0,4,0,8,0,0,0,0,2,1,6,2,29,6,1149,1,10,5,1,5
2.02E+12,2,9,0,3,0,8,0,0,0,0,4,1,6,1,58,9,2987,2,6,7,1,7
2.02E+12,1,9,0,5,0,3,0,0,0,0,3,1,1,1,90,11,1242,1,5,6,1,6
2.02E+12,2,9,0,1,0,2,0,0,0,0,2,1,6,2,22,5,1796,1,12,2,1,2
2.02E+12,2,19,0,3,0,1,0,0,0,0,3,1,6,1,44,7,2402,2,10,2,1,2
2.02E+12,2,21,0,9,0,1,0,0,0,0,2,1,1,1,32,6,6370,2,7,5,1,5
2.02E+12,1,9,0,18,0,8,0,0,0,0,1,1,5,1,32,6,2993,2,10,1,1,1
2.02E+12,2,9,0,9,0,5,0,0,0,0,1,1,5,1,46,8,1397,1,16,1,1,1
2.02E+12,1,9,0,18,0,8,0,7,0,0,1,1,6,1,32,6,2143,2,5,4,1,4
2.02E+12,2,9,0,18,0,8,0,10,8,10,1,1,6,1,38,7,1198,1,8,1,1,1
2.02E+12,2,9,0,18,0,8,0,0,0,0,4,1,6,2,32,6,1339,1,11,1,1,1
2.02E+12,1,8,0,9,0,8,0,0,0,0,4,1,1,1,40,7,1995,2,10,1,1,1
2.02E+12,1,9,0,9,0,5,0,0,0,0,1,1,1,2,32,6,1499,1,2,3,1,3
2.02E+12,2,9,0,16,0,8,0,0,0,0,1,1,6,1,68,10,1995,2,12,5,1,5
2.02E+12,1,21,0,18,0,8,0,0,0,0,1,1,5,1,34,6,4500,2,1,2,1,2
2.02E+12,2,9,0,9,0,3,0,0,0,0,4,1,5,2,44,7,998,1,11,1,1,1
2.02E+12,2,19,0,9,0,5,0,0,0,0,3,1,6,1,47,8,1968,2,2,4,1,4
2.02E+12,1,9,0,9,0,6,0,0,0,0,4,1,1,1,59,9,2143,2,2,6,1,6
2.02E+12,2,3,0,18,0,2,2,0,0,0,1,1,1,1,22,5,124,1,1,1,1,1
2.02E+12,3,9,0,18,0,8,0,0,0,0,1,1,1,1,46,8,2199,2,8,3,1,3
2.02E+12,2,9,0,18,0,1,0,0,0,0,1,1,6,1,39,7,1753,2,9,1,1,1
2.02E+12,1,9,0,5,0,1,0,0,0,0,1,1,6,2,66,10,1461,2,8,9,1,9
2.02E+12,1,9,0,9,0,6,0,0,0,0,1,1,5,1,23,5,1995,2,5,4,1,4
2.02E+12,1,9,0,18,0,1,0,0,0,0,1,1,2,2,22,5,1398,1,6,4,1,4
2.02E+12,1,9,0,17,0,8,0,0,0,0,1,1,6,2,19,4,1229,1,4,6,1,6
2.02E+12,2,9,0,9,0,6,0,0,0,0,1,1,6,1,27,6,1995,2,14,6,1,6
2.02E+12,2,9,0,5,0,8,0,0,0,0,2,1,1,2,61,9,1968,2,9,3,1,3
2.02E+12,1,9,0,9,0,6,0,0,0,0,1,1,1,1,47,8,1598,1,4,10,1,10
2.02E+12,2,5,0,18,0,8,0,0,0,0,1,1,6,1,52,8,649,1,6,1,1,1
2.02E+12,1,9,0,5,0,1,0,0,0,0,1,1,6,2,32,6,1242,1,12,1,1,1
2.02E+12,2,9,0,8,0,1,0,0,0,0,2,1,6,1,17,4,1560,2,5,2,1,2
2.02E+12,1,21,1,7,0,1,0,0,0,0,4,1,1,1,45,7,10837,2,6,8,1,8
2.02E+12,2,9,0,18,0,8,1,0,0,0,1,1,5,1,19,4,1299,1,17,3,1,3
2.02E+12,1,9,0,7,0,5,0,0,0,0,1,1,6,1,49,8,1794,1,9,1,1,1
2.02E+12,2,4,0,18,0,8,2,0,0,0,1,1,6,2,27,6,249,1,8,3,1,3
2.02E+12,1,9,0,18,0,8,0,0,0,0,1,1,5,1,28,6,998,1,4,6,1,6
2.02E+12,1,9,0,13,0,1,1,0,0,0,1,1,6,1,21,5,1390,1,10,2,1,2
2.02E+12,2,21,0,4,0,1,0,0,0,0,2,1,6,1,68,10,8970,2,10,4,1,4
2.02E+12,2,3,0,18,0,8,0,0,0,0,4,1,6,1,23,5,124,1,2,6,1,6
2.02E+12,2,9,0,4,0,1,0,0,0,0,2,1,6,1,23,5,2143,2,5,2,1,2
2.02E+12,1,9,0,14,0,1,0,0,0,0,4,1,1,1,49,8,2143,2,2,1,1,1
2.02E+12,1,9,0,18,0,6,0,0,7,7,1,1,6,2,21,5,1796,1,12,2,1,2
2.02E+12,2,9,0,18,0,8,0,0,0,0,1,1,6,2,56,9,1248,2,11,1,1,1
2.02E+12,1,9,0,9,0,6,0,0,0,0,1,1,6,1,18,4,1596,1,7,4,1,4
2.02E+12,2,9,0,18,0,8,0,4,1,0,1,1,6,1,19,4,1995,2,13,2,1,2
2.02E+12,3,9,0,2,9,2,0,10,1,0,2,1,6,3,28,6,1794,1,16,1,1,1
2.02E+12,1,9,0,18,0,3,0,0,0,0,1,1,6,3,20,4,3456,8,7,4,1,4
2.02E+12,1,9,0,7,0,6,0,0,0,0,3,1,6,1,34,6,1364,2,10,2,1,2
2.02E+12,2,11,0,18,0,8,0,0,0,0,4,1,1,1,39,7,7300,2,11,4,1,4
2.02E+12,2,9,0,18,0,8,0,0,0,0,4,1,6,3,35,6,1596,1,14,6,1,6
2.02E+12,1,9,0,7,0,5,0,10,1,4,1,1,6,1,20,4,1598,1,12,9,1,9
2.02E+12,2,9,0,18,0,1,0,0,0,0,2,1,5,2,42,7,1329,1,1,2,1,2
2.02E+12,1,9,0,18,0,1,0,0,0,0,1,1,6,1,20,4,1896,2,12,4,1,4
2.02E+12,2,9,0,3,0,1,0,0,0,0,2,1,6,2,49,8,1598,1,2,7,1,7
2.02E+12,2,9,0,18,0,1,0,10,1,11,4,1,5,1,80,11,1896,2,11,10,1,10
2.02E+12,1,9,0,18,0,8,0,0,0,0,1,1,6,1,57,9,1796,1,3,3,1,3
2.02E+12,1,19,0,18,0,8,0,0,0,0,1,1,6,1,24,5,2402,2,15,1,1,1
2.02E+12,2,9,0,10,0,8,0,0,0,0,2,1,6,1,28,6,2000,2,13,3,1,3
2.02E+12,1,9,0,4,0,1,0,0,0,0,1,1,6,1,23,5,1598,1,7,8,1,8
2.02E+12,2,5,0,9,0,1,0,0,0,0,2,1,6,1,25,5,998,1,14,1,1,1
2.02E+12,1,9,0,18,0,8,0,0,0,0,1,1,6,2,58,9,1968,2,7,7,1,7
2.02E+12,2,3,0,18,0,8,0,0,0,0,3,1,6,1,35,6,125,1,2,2,1,2
2.02E+12,1,9,0,7,0,3,0,0,0,0,1,1,6,1,35,6,2993,2,12,4,1,4
2.02E+12,2,9,0,17,0,8,0,0,0,0,3,1,6,2,28,6,1242,1,6,10,1,10
2.02E+12,3,9,0,18,0,8,0,0,0,0,1,1,6,1,40,7,2987,2,6,1,1,1
2.02E+12,2,9,0,18,0,8,0,0,0,0,3,1,2,2,27,6,1349,1,2,9,1,9
2.02E+12,2,9,0,9,0,6,0,0,0,0,3,1,6,1,26,6,1461,2,3,4,1,4
2.02E+12,2,9,0,18,0,8,0,0,0,0,4,1,6,2,31,6,1587,1,11,7,1,7
2.02E+12,1,9,0,7,0,3,0,0,0,0,2,1,6,1,72,10,2987,2,9,6,3,6
2.02E+12,1,9,0,5,0,6,0,0,0,0,3,1,6,1,44,7,998,1,4,3,1,3
2.02E+12,2,3,0,18,0,8,0,0,0,0,2,1,6,1,24,5,124,1,8,1,1,1
2.02E+12,1,9,0,3,0,1,0,0,0,0,2,1,1,2,19,4,1242,1,4,5,1,5
2.02E+12,2,9,0,18,0,1,0,0,0,0,1,1,6,2,50,8,998,1,14,8,1,8
2.02E+12,2,9,0,18,0,3,0,0,2,0,1,1,6,1,43,7,1968,2,1,3,1,3
2.02E+12,2,9,0,5,0,6,0,0,0,0,1,1,6,1,30,6,1388,1,11,1,1,1
2.02E+12,2,9,0,3,0,1,0,0,0,0,1,1,6,1,24,5,998,1,7,7,1,7
2.02E+12,3,9,0,3,0,1,0,0,0,0,0,1,6,2,35,6,1242,1,10,5,1,5
2.02E+12,1,9,0,5,0,4,0,0,0,0,1,1,6,1,31,6,1598,1,10,5,1,5
2.02E+12,1,9,0,18,9,1,0,0,0,0,1,1,6,1,19,4,1997,1,1,1,1,1
2.02E+12,2,9,0,3,0,1,0,0,0,0,3,1,6,2,34,6,1968,2,4,2,1,2
2.02E+12,3,9,0,3,0,1,0,0,0,0,1,1,6,2,48,8,1587,1,11,1,1,1
2.02E+12,4,9,0,18,0,1,0,0,0,0,0,1,1,1,20,4,2993,2,1,4,1,4
2.02E+12,1,9,0,18,0,1,1,0,0,0,1,1,6,1,28,6,1998,2,11,3,1,3
2.02E+12,2,9,0,3,0,1,0,0,0,0,2,1,6,1,29,6,1968,2,1,2,1,2
2.02E+12,3,9,0,3,0,1,0,0,0,0,2,1,6,1,28,6,1968,2,13,3,1,3
2.02E+12,1,9,0,5,0,6,0,0,0,0,3,1,6,1,43,7,1951,2,12,1,1,1
2.02E+12,2,9,0,18,0,8,0,0,0,0,1,1,6,1,26,6,1598,1,11,7,1,7
2.02E+12,2,9,0,3,0,1,0,0,0,0,2,1,5,1,36,7,1248,2,8,3,1,3
2.02E+12,1,9,0,5,0,6,0,0,0,0,4,1,6,1,32,6,1796,1,7,4,1,4
2.02E+12,2,9,0,18,0,8,0,0,0,0,1,1,6,2,30,6,1598,2,2,10,1,10
2.02E+12,2,9,0,5,0,8,0,0,0,0,3,1,6,1,62,9,2179,2,4,1,1,1
2.02E+12,1,9,0,4,0,1,0,0,0,0,1,1,2,1,41,7,2148,2,12,5,1,5
2.02E+12,1,9,0,9,0,2,0,0,0,0,1,1,6,2,32,6,1198,1,2,8,1,8
2.02E+12,1,9,0,3,0,1,0,0,0,0,2,1,1,1,48,8,2199,2,5,5,1,5
2.02E+12,2,9,0,18,0,8,0,0,0,0,4,1,6,1,46,8,1596,1,14,2,1,2
2.02E+12,2,9,0,7,0,1,0,0,0,0,2,1,6,1,42,7,1598,1,9,1,1,1
2.02E+12,2,9,0,7,0,6,0,0,0,0,3,1,6,2,30,6,1399,2,14,2,1,2
2.02E+12,1,23,0,13,0,8,1,0,0,0,1,1,6,1,20,4,125,1,1,2,1,2
2.02E+12,2,9,0,9,0,5,0,0,0,0,3,1,6,2,32,6,1197,1,2,1,1,1
2.02E+12,1,9,0,18,0,3,0,10,1,10,1,1,6,2,82,11,998,1,6,8,1,8
2.02E+12,1,5,0,18,0,4,0,0,0,0,1,1,6,1,69,10,600,1,16,6,1,6
2.02E+12,2,9,0,9,0,3,0,0,0,0,4,1,6,1,22,5,1968,2,6,2,1,2
2.02E+12,1,9,0,18,0,8,0,0,0,0,1,1,2,1,39,7,1598,1,11,1,1,1
2.02E+12,1,3,0,18,0,8,0,0,0,0,1,1,2,1,48,8,123,1,27,3,1,3
2.02E+12,2,9,0,9,0,6,0,0,0,0,4,1,1,2,37,7,1598,2,6,10,1,10
2.02E+12,2,2,0,18,0,8,0,0,0,0,1,1,1,1,26,6,49,1,7,2,1,2
2.02E+12,1,9,0,3,0,1,0,0,0,0,2,1,6,2,39,7,1995,2,12,2,1,2
2.02E+12,1,9,0,18,0,3,5,7,4,1,1,1,6,1,27,6,1991,1,1,2,1,2
2.02E+12,2,9,0,18,0,1,0,0,0,0,0,1,6,1,42,7,2993,2,4,2,1,2
2.02E+12,3,9,0,2,0,1,0,0,0,0,1,1,6,1,27,6,1896,2,14,4,1,4
2.02E+12,5,9,0,3,0,1,0,0,0,0,4,1,6,1,44,7,1998,8,1,2,1,2
2.02E+12,2,9,0,18,0,8,0,0,0,0,3,1,2,2,54,8,996,1,6,3,1,3
2.02E+12,1,9,0,9,0,5,0,0,0,0,3,1,6,2,73,10,1299,1,16,2,1,2
2.02E+12,2,5,0,13,0,8,0,7,7,10,1,1,6,1,35,6,899,1,21,1,1,1
2.02E+12,2,9,0,18,0,6,0,0,0,0,1,1,5,1,49,8,2993,2,8,5,1,5
2.02E+12,2,9,0,3,0,1,0,0,0,0,1,1,6,2,37,7,1986,2,10,4,1,4
2.02E+12,1,9,0,9,0,8,0,0,0,0,4,1,6,1,19,4,1598,1,11,3,2,3
2.02E+12,2,19,0,18,0,8,0,0,0,0,1,1,6,1,31,6,1686,2,11,2,1,2
2.02E+12,1,9,0,7,0,6,0,0,0,0,1,1,5,1,46,8,1984,1,7,5,1,5
2.02E+12,2,9,0,5,0,8,0,0,0,0,4,1,5,2,33,6,2143,2,1,6,1,6
2.02E+12,1,9,0,9,0,6,0,0,0,0,1,1,6,2,64,9,1086,1,10,6,1,6
2.02E+12,2,9,0,3,0,1,0,0,0,0,4,1,5,2,21,5,1242,1,1,2,1,2
2.02E+12,2,9,0,18,0,1,0,0,0,0,1,1,6,2,47,8,1086,1,11,5,1,5
2.02E+12,3,9,0,18,0,2,0,0,0,0,1,1,6,2,58,9,1560,2,11,7,1,7
2.02E+12,2,9,0,4,0,1,0,0,0,0,4,1,6,1,30,6,3222,2,13,3,1,3
2.02E+12,3,9,0,5,0,1,0,0,0,0,2,1,6,2,52,8,1596,1,11,2,1,2
2.02E+12,1,9,0,16,0,1,2,0,0,0,1,1,5,1,45,7,1968,2,10,5,1,5
2.02E+12,2,9,0,17,0,2,0,0,0,0,1,1,5,1,20,4,1968,2,1,10,1,10
2.02E+12,3,9,0,17,0,2,0,0,0,0,1,1,5,1,23,5,1596,1,1,4,1,4
2.02E+12,1,9,0,10,0,1,0,0,0,0,3,1,2,1,44,7,1900,2,12,1,1,1
2.02E+12,2,9,0,14,0,1,0,10,7,10,1,1,6,1,21,5,1896,2,13,1,1,1
2.02E+12,1,9,0,9,0,6,0,0,0,0,4,1,6,2,37,7,1968,2,2,6,1,6
2.02E+12,2,9,0,18,0,8,0,0,0,0,3,1,6,2,51,8,1242,1,1,5,1,5
2.02E+12,2,9,0,5,0,6,0,0,0,0,3,1,5,1,20,4,999,1,1,1,1,1
2.02E+12,2,9,0,18,0,1,0,0,0,0,2,1,6,1,29,6,1900,2,13,8,1,8
2.02E+12,1,9,0,9,0,2,0,0,0,0,1,1,6,2,45,7,1399,1,8,2,1,2
2.02E+12,1,9,0,9,0,6,0,0,0,0,1,1,6,1,78,11,3980,1,27,5,1,5
2.02E+12,1,9,0,18,0,8,5,10,0,0,1,1,1,2,45,7,1461,2,8,8,1,8
2.02E+12,1,9,0,9,0,5,0,0,0,0,1,1,1,1,25,5,1870,2,11,2,1,2
2.02E+12,2,9,0,18,0,8,0,0,0,0,4,1,6,2,68,10,1229,1,13,1,1,1
2.02E+12,1,11,0,5,0,1,0,0,0,0,0,1,6,1,59,9,7300,2,5,1,1,1
2.02E+12,2,9,0,18,0,8,0,0,0,0,3,1,5,2,26,6,998,1,4,2,1,2
2.02E+12,1,9,0,18,0,8,0,0,0,0,1,1,6,1,26,6,1598,1,12,2,1,2
2.02E+12,1,9,0,18,0,1,0,0,0,0,1,1,6,1,20,4,1968,2,6,1,1,1
2.02E+12,1,9,0,9,0,8,0,0,0,0,4,1,6,2,46,8,998,1,4,3,1,3
2.02E+12,1,9,0,7,0,6,0,10,1,0,1,1,6,1,23,5,1200,1,3,3,1,3
2.02E+12,1,9,0,9,0,5,0,0,0,0,1,1,6,1,22,5,1686,2,4,8,1,8
2.02E+12,2,9,0,18,0,8,0,0,0,0,1,1,6,2,35,6,1599,1,12,1,1,1
2.02E+12,2,9,0,18,0,8,0,4,0,0,3,1,5,2,42,7,1086,1,11,1,1,1
2.02E+12,1,9,0,9,0,5,0,0,0,0,0,1,6,1,57,9,1997,1,9,2,1,2
2.02E+12,2,5,0,9,0,5,0,0,0,0,1,1,6,1,19,4,649,1,7,4,1,4
2.02E+12,1,9,0,5,0,1,0,0,0,0,1,1,6,2,40,7,1560,2,10,9,1,9
2.02E+12,2,9,0,5,0,1,0,0,0,0,2,1,6,1,21,5,998,1,11,3,1,3
2.02E+12,1,9,0,9,0,1,0,0,0,0,3,1,2,1,23,5,1598,2,1,1,1,1
2.02E+12,1,5,0,18,0,8,0,0,0,0,4,1,6,1,51,8,1700,1,5,4,3,4
2.02E+12,2,9,0,5,0,6,0,0,0,0,1,1,6,3,44,7,1582,2,3,1,1,1
2.02E+12,2,9,0,4,0,1,0,0,0,0,2,1,6,1,20,4,1149,1,7,2,1,2
2.02E+12,1,21,0,5,0,2,0,0,0,0,1,1,1,1,34,6,6370,2,13,1,1,1
2.02E+12,1,9,0,3,0,1,0,0,0,0,3,1,1,1,32,6,1560,2,8,4,1,4
2.02E+12,1,9,0,5,0,6,0,0,0,0,1,1,6,1,44,7,1984,1,13,1,1,1
2.02E+12,1,9,0,9,0,8,0,0,0,0,2,1,6,2,31,6,1796,1,3,2,1,2
2.02E+12,1,9,0,3,0,8,0,0,0,0,1,1,6,2,81,11,999,1,2,7,1,7
2.02E+12,2,9,0,11,0,3,0,0,0,0,2,1,6,1,25,5,2204,2,9,5,1,5
2.02E+12,1,9,0,8,0,1,0,0,0,0,2,1,6,2,30,6,1248,2,5,3,1,3
2.02E+12,1,9,0,4,0,1,0,0,0,0,1,1,6,1,45,7,1596,1,4,1,1,1
2.02E+12,1,3,0,18,0,8,0,0,0,0,4,1,6,1,19,4,125,1,2,2,1,2
2.02E+12,2,9,0,9,0,5,0,0,0,0,2,1,6,2,36,7,1422,2,1,1,1,1
2.02E+12,2,9,0,3,0,1,0,0,0,0,2,1,6,1,39,7,1560,2,10,3,1,3
2.02E+12,2,9,0,10,0,1,0,0,0,0,1,1,6,1,49,8,1229,1,5,5,1,5
2.02E+12,2,9,0,3,0,1,0,0,0,0,2,1,5,1,36,7,1896,2,14,6,1,6
2.02E+12,1,9,0,18,0,8,0,0,0,0,3,1,5,1,64,9,998,1,5,7,1,7
2.02E+12,2,9,0,18,0,8,0,0,0,0,1,1,5,1,27,6,1968,2,4,5,1,5
2.02E+12,1,9,0,7,0,6,0,0,0,0,1,1,2,2,49,8,1461,2,13,1,1,1
2.02E+12,1,9,0,9,0,6,0,0,0,0,1,1,6,2,52,8,1399,2,14,1,1,1
2.02E+12,2,9,0,18,0,8,0,0,0,0,1,1,5,1,20,4,2521,1,11,2,1,2
2.02E+12,1,9,0,9,0,2,0,0,0,0,3,1,2,1,22,5,1598,2,5,1,1,1
2.02E+12,2,9,0,18,0,1,0,0,0,0,1,1,2,2,28,6,1364,1,11,1,1,1
2.02E+12,2,9,0,18,0,3,1,0,0,0,4,1,6,1,38,7,1364,1,3,1,1,1
2.02E+12,1,9,0,7,0,6,0,0,0,0,1,1,5,2,76,11,1240,1,8,7,1,7
2.02E+12,1,9,0,9,0,5,0,0,0,0,1,1,5,1,32,6,998,1,17,2,1,2
2.02E+12,2,9,0,18,0,8,0,0,0,0,1,1,5,2,45,7,1968,2,7,2,1,2
2.02E+12,2,9,0,3,0,2,0,0,0,0,2,1,2,2,24,5,1596,1,10,2,1,2
2.02E+12,3,9,0,3,0,2,0,0,0,0,2,1,1,1,29,6,2143,2,6,6,1,6
2.02E+12,2,3,0,18,0,8,0,0,0,0,1,1,2,2,59,9,125,1,1,1,1,1
2.02E+12,1,9,0,11,0,3,2,0,0,0,4,1,5,2,23,5,1242,1,9,10,1,10
2.02E+12,2,9,0,17,0,8,0,0,0,0,3,1,5,2,47,8,1969,2,1,4,1,4
2.02E+12,1,19,0,18,0,8,0,0,0,0,1,1,1,1,35,6,2143,2,5,1,1,1
2.02E+12,2,9,0,18,0,8,0,0,0,0,1,1,6,1,20,4,1398,1,1,1,1,1
2.02E+12,2,9,0,18,0,8,0,0,0,0,0,1,2,2,51,8,1339,1,9,5,1,5
2.02E+12,1,11,0,18,0,8,0,0,0,0,1,1,1,1,45,7,6700,2,2,5,1,5
2.02E+12,2,9,0,9,0,5,0,0,0,0,2,1,6,1,39,7,1560,2,4,1,1,1