Accident_Index,Vehicle_Reference,Vehicle_Type,Towing_and_Articulation,Vehicle_Manoeuvre,Vehicle_Location-Restricted_Lane,Junction_Location,Skidding_and_Overturning,Hit_Object_in_Carriageway,Vehicle_Leaving_Carriageway,Hit_Object_off_Carriageway,1st_Point_of_Impact,Was_Vehicle_Left_Hand_Drive?,Journey_Purpose_of_Driver,Sex_of_Driver,Age_of_Driver,Age_Band_of_Driver,Engine_Capacity_(CC),Propulsion_Code,Age_of_Vehicle,Driver_IMD_Decile,Driver_Home_Area_Type,Vehicle_IMD_Decile
2.02E+12,2,9,0,18,0,3,0,0,0,0,2,1,6,1,24,5,1364,1,10,1,1,1
2.02E+12,1,9,0,9,0,6,0,10,8,10,1,1,6,2,82,11,1360,1,16,7,3,7
2.02E+12,1,9,0,18,0,8,0,0,0,0,1,1,6,1,66,10,1598,1,3,1,1,1
2.02E+12,1,9,0,18,0,2,0,4,0,0,1,1,6,1,26,6,1395,1,1,2,1,2
2.02E+12,2,9,0,2,9,2,0,0,0,0,2,1,6,1,20,4,1390,1,10,1,1,1
2.02E+12,1,5,0,10,0,6,0,0,0,0,1,1,1,1,33,6,955,1,12,7,1,7
2.02E+12,2,9,0,18,0,2,0,0,0,0,2,1,6,2,41,7,1596,1,14,1,1,1
2.02E+12,1,9,0,9,0,6,0,0,0,0,4,1,6,2,28,6,1248,2,9,2,1,2
2.02E+12,2,9,0,18,0,8,0,0,0,0,1,1,6,1,30,6,1896,2,14,1,1,1
2.02E+12,2,9,0,18,0,1,0,0,0,0,0,1,1,1,33,6,1956,2,2,2,1,2
2.02E+12,1,9,0,18,0,6,0,0,0,0,1,1,6,1,25,5,1398,1,2,5,1,5
2.02E+12,2,5,0,18,0,8,0,0,0,0,3,1,2,1,59,9,1052,1,22,7,1,7
2.02E+12,1,9,0,9,0,5,0,0,0,0,4,1,6,1,23,5,1686,2,5,2,1,2
2.02E+12,2,5,0,18,0,8,0,0,0,0,1,1,6,1,27,6,998,1,8,5,1,5
2.02E+12,2,9,0,18,0,8,1,0,0,0,1,1,6,2,45,7,1968,2,9,1,1,1
2.02E+12,1,9,0,18,0,1,0,0,0,0,1,1,6,2,40,7,1461,2,1,7,1,7
2.02E+12,2,3,0,3,0,1,0,0,0,0,2,1,6,1,79,11,125,1,1,6,1,6
2.02E+12,3,9,0,9,0,1,0,0,0,0,0,1,1,1,31,6,2993,2,1,1,1,1
2.02E+12,1,9,0,18,0,6,0,0,0,0,1,1,6,3,29,6,1685,2,2,2,1,2
2.02E+12,2,9,0,3,0,2,0,0,0,0,2,1,6,2,30,6,1796,1,7,6,1,6
2.02E+12,1,3,0,18,0,8,0,0,0,0,2,1,1,1,37,7,113,1,1,3,1,3
2.02E+12,2,9,0,9,0,5,0,0,0,0,4,1,6,1,50,8,1998,1,13,7,1,7
2.02E+12,2,9,0,5,0,6,0,0,0,0,1,1,6,1,26,6,1995,2,13,6,3,6
2.02E+12,1,9,0,7,0,6,0,0,0,0,1,1,2,1,25,5,2204,2,11,5,1,5
2.02E+12,2,9,0,18,0,8,0,4,0,0,1,1,2,2,39,7,1910,2,9,6,1,6
2.02E+12,2,9,0,9,0,3,0,0,0,0,0,1,6,2,43,7,1229,1,8,6,1,6
2.02E+12,1,9,0,4,0,1,0,0,0,0,2,1,6,2,30,6,999,1,1,1,1,1
2.02E+12,2,9,0,2,0,2,0,0,0,0,2,1,6,1,45,7,1896,2,7,3,1,3
2.02E+12,1,9,0,18,0,8,0,0,0,0,1,1,1,1,53,8,1598,2,5,1,1,1
2.02E+12,2,9,0,18,0,8,0,0,0,0,4,1,1,1,38,7,1598,2,6,2,1,2
2.02E+12,2,9,0,18,0,1,0,0,0,0,4,1,6,1,33,6,1968,2,8,3,1,3
2.02E+12,1,9,0,13,0,8,0,0,0,0,4,1,6,1,37,7,2967,2,4,2,1,2
2.02E+12,2,11,0,9,0,5,0,0,0,0,3,1,1,1,46,8,7300,2,14,2,1,2
2.02E+12,2,19,0,9,0,5,0,0,0,0,2,1,1,1,56,9,2148,2,11,9,1,9
2.02E+12,1,9,0,9,0,2,0,0,0,0,1,1,6,1,22,5,1242,1,14,3,1,3
2.02E+12,2,4,0,4,0,1,0,0,0,0,1,1,2,1,53,8,248,1,2,2,1,2
2.02E+12,1,9,0,17,0,2,0,10,1,5,1,1,6,1,20,4,1124,1,13,4,1,4
2.02E+12,1,9,0,9,0,6,0,0,0,0,1,1,5,2,31,6,1560,2,4,7,1,7
2.02E+12,1,9,0,18,0,1,0,0,0,0,1,1,6,2,20,4,3189,1,13,2,1,2
2.02E+12,3,9,0,3,0,1,0,0,0,0,1,1,6,1,47,8,698,1,10,6,1,6
2.02E+12,1,21,1,4,0,1,0,0,0,0,1,1,6,1,49,8,12809,2,1,4,1,4
2.02E+12,2,9,0,18,0,1,0,0,0,0,1,1,2,2,51,8,1995,2,12,10,1,10
2.02E+12,1,9,0,14,0,8,0,0,0,0,4,1,6,1,31,6,1199,1,14,1,1,1
2.02E+12,2,9,0,5,0,6,0,0,0,0,1,1,1,1,69,10,1968,2,4,5,1,5
2.02E+12,2,9,0,9,0,3,5,0,0,0,2,1,6,1,69,10,1461,2,11,9,1,9
2.02E+12,1,9,0,18,0,8,0,0,0,0,1,1,6,1,26,6,1998,1,14,2,1,2
2.02E+12,2,9,0,9,0,6,0,0,0,0,3,1,6,1,46,8,1598,1,9,2,1,2
2.02E+12,2,9,0,18,0,8,0,0,0,0,3,1,6,1,19,4,1597,1,9,6,1,6
2.02E+12,1,9,0,9,0,5,0,0,0,0,3,1,5,1,34,6,1598,1,11,9,1,9
2.02E+12,2,9,0,13,0,8,0,0,0,0,1,1,3,2,36,7,1598,1,10,8,1,8
2.02E+12,2,9,0,4,0,8,0,0,0,0,4,1,6,2,31,6,1968,2,11,3,1,3
2.02E+12,1,9,0,7,9,6,0,0,0,0,4,1,3,2,47,8,1248,2,3,6,1,6
2.02E+12,1,9,0,18,0,1,0,0,0,0,1,1,6,1,30,6,1598,1,1,3,1,3
2.02E+12,1,9,0,18,0,1,0,0,0,0,1,1,6,1,27,6,2231,2,11,1,1,1
2.02E+12,2,9,0,3,0,1,0,0,0,0,2,1,6,1,31,6,1910,2,8,3,1,3
2.02E+12,3,9,0,3,0,1,0,0,0,0,2,1,6,1,22,5,1390,1,11,1,1,1
2.02E+12,2,9,0,18,0,3,0,0,0,0,3,1,6,2,38,7,1984,1,13,7,1,7
2.02E+12,1,9,0,9,0,3,0,0,0,0,4,1,6,2,37,7,1598,1,3,10,1,10
2.02E+12,2,9,0,18,0,4,0,0,0,0,4,1,6,2,18,4,1229,1,7,10,1,10
2.02E+12,2,9,0,7,0,1,0,0,0,0,2,1,6,1,28,6,1999,1,2,1,1,1
2.02E+12,1,9,0,9,0,6,0,0,0,0,3,1,6,1,72,10,1796,1,2,3,1,3
2.02E+12,1,9,0,18,0,1,0,0,0,0,1,1,6,2,38,7,1197,1,2,6,1,6
2.02E+12,2,9,0,3,0,1,0,0,0,0,2,1,6,2,27,6,1796,1,10,4,1,4
2.02E+12,2,9,0,3,0,8,0,0,0,0,2,1,1,2,34,6,1461,2,1,2,1,2
2.02E+12,2,11,0,5,0,8,0,0,0,0,3,1,1,1,37,7,6696,2,4,2,1,2
2.02E+12,1,9,0,9,0,5,1,0,0,0,2,1,5,2,59,9,998,1,6,3,1,3
2.02E+12,2,9,0,13,0,8,1,10,7,0,1,1,5,1,18,4,1956,2,7,2,1,2
2.02E+12,1,3,0,14,0,8,0,0,0,0,3,1,6,1,18,4,125,1,3,1,1,1
2.02E+12,1,5,0,3,0,1,0,0,0,0,2,1,6,1,55,8,1037,1,2,7,1,7
2.02E+12,2,9,0,5,0,1,0,0,0,0,1,1,6,1,35,6,1896,2,13,8,1,8
2.02E+12,1,9,0,4,0,1,0,0,0,0,1,1,6,2,35,6,1999,1,12,4,1,4
2.02E+12,2,9,0,3,0,1,0,0,0,0,2,1,6,2,37,7,1596,1,12,1,1,1
2.02E+12,4,9,0,3,0,1,0,0,0,0,2,1,6,1,72,10,1995,2,6,6,3,6
2.02E+12,1,9,0,18,0,8,0,0,0,0,1,1,6,1,43,7,1896,2,11,2,1,2
2.02E+12,2,9,0,9,0,5,0,0,0,0,4,1,6,1,18,4,1198,1,6,10,1,10
2.02E+12,1,9,0,9,0,5,0,0,7,2,2,1,2,1,49,8,1896,2,15,5,1,5
2.02E+12,2,19,0,9,0,5,0,0,0,0,1,1,6,2,38,7,1997,2,2,1,1,1
2.02E+12,2,9,0,9,0,6,0,0,0,0,0,1,6,2,41,7,2926,2,14,2,1,2
2.02E+12,2,9,0,3,0,1,0,0,0,0,2,1,6,2,45,7,1390,1,13,1,1,1
2.02E+12,1,9,0,16,0,1,0,0,0,0,1,1,6,2,21,5,1124,1,13,4,1,4
2.02E+12,2,9,0,9,0,6,0,0,0,0,4,1,2,1,23,5,1686,2,10,2,1,2
2.02E+12,1,9,0,9,0,5,5,0,0,0,4,1,6,2,29,6,1242,1,8,1,1,1
2.02E+12,2,9,0,18,0,8,1,0,0,0,1,1,6,2,32,6,1590,1,13,1,1,1
2.02E+12,1,9,0,18,0,8,1,10,1,0,1,1,6,1,33,6,1362,1,4,2,1,2
2.02E+12,2,9,0,18,0,6,0,10,1,0,3,1,6,1,48,8,1896,2,10,3,1,3
2.02E+12,3,9,0,3,0,1,0,0,0,0,2,1,5,2,59,9,2993,2,6,10,1,10
2.02E+12,1,9,0,18,0,4,0,0,0,0,4,1,2,1,51,8,1560,2,6,9,2,9
2.02E+12,1,9,0,5,0,1,0,0,0,0,1,1,6,2,68,10,1799,1,9,1,1,1
2.02E+12,2,9,0,5,0,1,0,0,0,0,2,1,6,1,31,6,1910,2,12,3,1,3
2.02E+12,2,9,0,3,0,1,0,0,0,0,2,1,5,1,22,5,1396,1,12,6,1,6
2.02E+12,2,9,0,18,0,8,0,0,0,0,4,1,6,2,31,6,1995,1,11,3,1,3
2.02E+12,1,5,0,18,0,8,0,0,0,0,1,1,6,1,44,7,649,1,7,9,1,9
2.02E+12,2,9,0,9,0,6,0,0,0,0,4,1,6,1,81,11,2254,1,16,1,1,1
2.02E+12,1,9,0,18,0,8,0,0,0,0,4,1,6,1,32,6,1995,2,6,3,1,3
2.02E+12,1,9,0,9,0,5,0,0,0,0,1,1,6,1,56,9,1229,1,3,3,1,3
2.02E+12,2,9,0,18,0,8,0,0,0,0,3,1,6,1,38,7,1339,1,11,5,1,5
2.02E+12,2,19,0,3,0,1,0,0,0,0,2,1,1,1,69,10,1796,7,12,1,1,1
2.02E+12,2,11,0,18,0,8,0,0,0,0,0,1,6,1,51,8,9000,2,7,5,1,5
2.02E+12,1,9,0,18,0,8,0,0,0,0,1,1,6,2,28,6,1995,2,11,1,1,1
2.02E+12,2,9,0,10,0,8,0,0,0,0,2,1,6,1,38,7,1968,2,9,1,1,1
2.02E+12,1,9,0,3,0,1,0,0,0,0,2,1,6,1,37,7,1560,2,9,3,1,3
2.02E+12,1,9,0,18,0,4,0,0,0,0,3,1,6,2,21,5,998,1,7,10,1,10
2.02E+12,1,9,0,16,0,2,0,0,0,0,1,1,5,1,45,7,1984,1,13,3,1,3
2.02E+12,2,21,1,14,0,1,0,0,0,0,1,1,1,1,47,8,12809,2,5,8,1,8
2.02E+12,2,9,0,7,0,5,0,0,0,0,4,1,6,2,25,5,1229,1,7,2,1,2
2.02E+12,1,9,0,18,0,3,0,0,0,0,1,1,6,1,27,6,998,1,11,5,1,5
2.02E+12,2,9,0,18,0,3,0,0,0,0,4,1,6,1,23,5,998,1,8,1,1,1
2.02E+12,2,9,0,4,0,1,0,0,0,0,2,1,6,1,39,7,1794,1,14,3,1,3
2.02E+12,1,9,0,9,0,5,0,0,0,0,1,1,2,2,43,7,1991,1,14,6,1,6
2.02E+12,2,5,0,18,0,8,5,10,1,0,4,1,6,1,62,9,1237,1,3,5,3,5
2.02E+12,1,9,0,11,0,1,0,0,0,0,1,1,1,2,22,5,1242,1,4,1,1,1
2.02E+12,1,9,0,9,0,5,0,0,0,0,1,1,6,2,75,10,1995,2,6,8,3,8
2.02E+12,1,9,0,18,0,1,0,0,0,0,1,1,2,2,40,7,1596,1,7,4,1,4
2.02E+12,1,9,0,9,0,5,0,0,0,0,1,1,6,1,35,6,1198,1,13,1,1,1
2.02E+12,1,19,0,9,0,2,0,0,0,0,1,1,1,1,39,7,2143,2,1,4,1,4
2.02E+12,2,9,0,18,0,8,0,0,0,0,3,1,6,2,35,6,1598,1,9,3,1,3
2.02E+12,1,9,0,17,0,1,1,7,8,4,1,1,6,1,22,5,1364,1,10,2,1,2
2.02E+12,1,9,0,18,0,6,0,0,0,0,4,1,6,1,48,8,1753,2,9,3,1,3
2.02E+12,2,9,0,18,0,8,0,0,0,0,1,1,6,1,24,5,1600,2,8,1,1,1
2.02E+12,2,9,0,9,0,8,0,0,0,0,1,1,5,2,55,8,1596,1,14,1,1,1
2.02E+12,2,9,0,8,0,1,0,0,0,0,2,1,6,2,62,9,999,1,2,6,1,6
2.02E+12,1,9,0,3,0,1,0,0,0,0,1,1,1,1,56,9,2967,2,1,8,1,8
2.02E+12,2,9,0,16,0,1,0,0,0,0,2,1,1,1,51,8,1598,1,9,1,1,1
2.02E+12,1,9,0,18,0,2,0,0,0,0,1,1,6,1,71,10,1587,1,11,1,1,1
2.02E+12,1,9,0,18,0,4,0,0,0,0,4,1,6,1,23,5,1598,1,14,2,1,2
2.02E+12,2,9,0,9,0,4,0,0,0,0,1,1,6,1,37,7,999,1,1,1,1,1
2.02E+12,2,9,0,18,0,2,0,0,0,0,2,1,6,1,54,8,998,1,9,2,1,2
2.02E+12,3,9,0,2,0,2,0,0,0,0,1,1,5,1,21,5,1248,2,7,4,1,4
2.02E+12,1,9,0,18,0,6,0,0,0,0,3,1,6,2,81,11,1388,1,14,8,1,8
2.02E+12,2,9,0,18,0,8,0,0,0,0,3,1,6,2,33,6,1598,1,11,3,1,3
2.02E+12,1,3,0,13,0,1,0,0,0,0,1,1,6,1,21,5,124,1,6,4,1,4
2.02E+12,1,9,0,4,0,4,0,0,0,0,1,1,6,1,30,6,1995,2,4,2,1,2
2.02E+12,1,9,0,18,0,6,0,0,0,0,3,1,6,2,34,6,1998,2,9,1,1,1
2.02E+12,2,3,0,18,0,8,0,0,0,0,4,1,1,1,26,6,125,1,12,1,1,1
2.02E+12,2,9,0,18,0,8,0,0,0,0,1,1,6,1,50,8,1396,1,15,2,1,2
2.02E+12,1,10,0,18,0,1,0,0,0,0,3,1,1,1,29,6,2400,2,11,1,1,1
2.02E+12,2,9,0,6,0,1,0,0,0,0,1,1,1,1,47,8,1461,2,12,7,1,7
2.02E+12,1,9,0,18,0,8,0,0,0,0,1,1,2,1,53,8,1968,2,2,3,1,3
2.02E+12,1,9,0,9,0,1,0,0,0,0,1,1,2,1,44,7,1349,1,9,6,1,6
2.02E+12,1,9,0,9,0,5,0,0,0,0,3,1,1,2,43,7,2976,1,13,7,1,7
2.02E+12,2,9,0,2,0,2,0,0,0,0,4,1,6,1,34,6,1910,2,7,1,1,1
2.02E+12,3,9,0,2,0,1,0,4,0,0,2,1,6,1,27,6,1198,1,6,1,1,1
2.02E+12,4,9,0,2,0,1,0,0,0,0,2,1,6,1,32,6,2179,2,12,1,1,1
2.02E+12,1,9,0,7,0,5,0,0,0,0,4,1,2,1,41,7,1560,2,2,1,1,1
2.02E+12,1,9,0,5,0,6,0,0,0,0,3,1,6,2,67,10,1596,1,14,3,1,3
2.02E+12,1,9,0,9,0,5,0,0,0,0,1,1,1,2,28,6,1998,1,1,3,1,3
2.02E+12,2,9,0,18,0,8,0,0,0,0,4,1,1,2,31,6,1998,1,13,1,1,1
2.02E+12,1,9,0,3,0,2,0,0,0,0,2,1,3,2,40,7,2967,2,5,1,1,1
2.02E+12,2,9,0,7,0,6,0,0,0,0,3,1,2,2,25,5,998,1,11,2,1,2
2.02E+12,2,3,0,18,0,1,2,0,0,0,0,1,6,1,23,5,125,1,3,3,1,3
2.02E+12,2,9,0,18,0,8,0,0,0,0,3,1,6,2,32,6,1998,1,7,1,1,1
2.02E+12,1,9,0,9,0,5,0,0,0,0,2,1,6,3,23,5,1896,2,10,3,1,3
2.02E+12,2,9,0,18,0,8,0,0,0,0,4,1,6,1,19,4,1124,1,12,2,1,2
2.02E+12,2,9,0,3,0,1,0,0,0,0,2,1,1,2,45,7,1461,2,8,4,1,4
2.02E+12,1,9,0,9,0,8,0,0,0,0,4,1,6,2,35,6,1199,1,14,2,1,2
2.02E+12,2,9,0,7,0,3,0,0,0,0,2,1,6,2,49,8,1229,1,9,1,1,1
2.02E+12,1,9,0,18,0,8,0,0,0,0,1,1,6,1,31,6,1390,1,7,1,1,1
2.02E+12,2,9,0,9,0,6,0,0,0,0,3,1,1,1,33,6,1997,1,13,1,1,1
2.02E+12,1,9,0,18,0,4,0,0,0,0,3,1,6,2,37,7,1398,2,13,2,1,2
2.02E+12,2,9,0,18,0,8,0,0,0,0,4,1,1,1,37,7,2204,2,9,2,1,2
2.02E+12,1,9,0,18,0,1,0,0,0,0,1,1,1,1,39,7,1798,1,7,3,1,3
2.02E+12,1,9,0,18,0,8,0,0,0,0,3,1,1,1,31,6,1198,1,13,1,1,1
2.02E+12,2,9,0,4,0,8,0,10,4,7,4,1,6,2,49,8,1686,2,2,1,1,1
2.02E+12,2,9,0,9,0,1,1,0,0,0,2,1,1,1,41,7,1598,1,14,1,1,1
2.02E+12,1,9,0,18,0,8,0,0,0,0,4,1,5,1,37,7,1900,2,17,9,1,9
2.02E+12,1,9,0,13,0,8,0,0,0,0,1,1,6,1,34,6,1299,1,17,1,1,1
2.02E+12,2,9,0,9,0,6,0,0,0,0,3,1,6,2,21,5,1242,1,2,1,1,1
2.02E+12,1,9,0,17,0,4,0,0,0,0,1,1,6,2,50,8,1598,1,4,1,1,1
2.02E+12,1,9,0,7,0,6,0,0,0,0,1,1,6,1,41,7,1598,1,10,4,1,4
2.02E+12,2,9,0,18,0,8,0,0,1,0,4,1,6,2,21,5,1968,2,1,4,1,4
2.02E+12,2,9,0,18,0,8,0,0,0,0,3,1,6,1,31,6,1396,1,15,1,1,1
2.02E+12,1,9,0,7,0,6,0,0,0,0,1,1,6,2,38,7,1390,1,14,1,1,1
2.02E+12,1,9,0,9,0,5,0,0,0,0,1,1,6,1,46,8,1598,1,14,2,1,2
2.02E+12,2,9,0,18,0,8,0,0,0,0,1,1,6,1,63,9,2500,2,13,2,1,2
2.02E+12,3,9,0,10,0,1,0,0,0,0,1,1,6,1,39,7,1998,1,3,1,1,1
2.02E+12,2,9,0,18,0,8,0,0,0,0,2,1,6,1,42,7,1560,2,2,3,1,3
2.02E+12,1,9,0,5,0,6,1,0,0,0,1,1,1,1,41,7,1968,2,8,1,1,1
2.02E+12,2,9,0,18,0,8,0,10,0,0,3,1,1,1,48,8,1598,1,12,5,1,5
2.02E+12,1,9,0,9,0,1,0,0,0,0,4,1,6,1,53,8,1598,1,14,3,1,3
2.02E+12,1,9,0,9,0,5,0,0,0,0,3,1,6,2,28,6,1956,2,2,2,1,2
2.02E+12,2,9,0,3,0,1,0,0,0,0,2,1,6,2,33,6,1461,2,5,2,1,2
2.02E+12,1,9,0,9,0,6,0,0,0,0,1,1,1,1,28,6,1595,1,12,3,1,3
2.02E+12,2,9,0,18,0,8,0,0,0,0,1,1,1,1,31,6,998,1,1,6,1,6
2.02E+12,1,9,0,5,0,6,0,0,0,0,3,1,2,1,20,4,998,1,5,3,1,3
2.02E+12,2,9,0,4,0,8,0,0,0,0,3,1,6,1,27,6,1360,1,14,2,1,2
2.02E+12,1,9,0,5,0,6,0,0,0,0,1,1,6,2,28,6,998,1,13,1,1,1
2.02E+12,3,19,0,2,9,2,0,0,0,0,4,1,6,1,46,8,2148,2,7,7,1,7
2.02E+12,2,9,0,16,0,1,0,0,1,0,3,1,2,2,21,5,1206,1,6,2,1,2
2.02E+12,1,9,0,15,0,2,0,0,0,0,4,1,1,2,29,6,1796,1,14,2,1,2
2.02E+12,1,9,0,18,0,2,0,0,0,0,1,1,6,1,21,5,1198,1,6,2,1,2
2.02E+12,1,11,0,18,0,2,0,0,0,0,0,1,1,1,51,8,7300,2,9,1,1,1
2.02E+12,1,5,0,13,0,1,1,10,7,1,1,1,6,1,42,7,748,1,21,1,1,1
2.02E+12,2,9,0,9,0,1,0,0,0,0,4,1,1,1,46,8,1995,2,11,5,1,5
2.02E+12,2,9,0,18,0,8,0,0,1,0,3,1,2,2,51,8,1198,1,9,3,1,3
2.02E+12,1,9,0,9,0,5,0,0,7,10,4,1,6,1,93,11,1597,1,19,9,1,9
2.02E+12,2,9,0,9,0,5,0,0,0,0,3,1,6,1,47,8,1461,2,6,1,1,1
2.02E+12,2,3,0,18,0,8,0,0,0,0,1,1,6,1,55,8,125,1,1,3,1,3
2.02E+12,1,9,0,18,0,1,0,0,0,0,1,1,6,2,23,5,1968,2,7,3,1,3
2.02E+12,1,9,0,18,0,1,0,0,0,0,1,1,6,1,57,9,1986,2,11,3,1,3
2.02E+12,2,9,0,9,0,1,0,0,0,0,2,1,6,1,47,8,1364,1,12,1,1,1
2.02E+12,1,9,0,9,0,3,0,0,0,0,4,1,6,2,37,7,1560,2,7,10,1,10
2.02E+12,3,9,0,18,0,4,0,0,0,0,1,1,6,1,21,5,998,1,1,6,1,6
2.02E+12,1,9,0,9,0,5,0,0,0,0,4,1,6,1,20,4,1242,1,11,6,1,6
2.02E+12,2,9,0,17,0,8,0,0,0,0,4,1,1,2,41,7,998,1,16,2,1,2
2.02E+12,1,9,0,18,0,1,0,0,0,0,3,1,6,1,33,6,1398,1,4,6,1,6
2.02E+12,1,9,0,18,0,8,0,0,0,0,1,1,6,1,18,4,1995,2,5,1,1,1
2.02E+12,2,9,0,9,0,5,0,0,0,0,2,1,6,2,42,7,1796,1,9,1,1,1
2.02E+12,1,9,0,3,0,8,0,0,0,0,2,1,6,1,61,9,2171,1,13,1,1,1
2.02E+12,1,9,0,7,2,5,0,0,0,0,4,1,1,1,49,8,1995,2,12,6,1,6
2.02E+12,1,9,0,9,0,2,0,0,0,0,1,1,6,1,61,9,1999,1,14,1,1,1
2.02E+12,2,9,0,7,0,1,0,0,0,0,3,1,6,1,34,6,1896,2,15,4,1,4
2.02E+12,1,9,0,18,0,1,0,0,0,0,1,1,6,1,22,5,1984,1,10,7,1,7
2.02E+12,2,9,0,3,0,1,0,0,0,0,2,1,6,1,37,7,2231,2,9,1,1,1
2.02E+12,2,3,0,18,0,2,2,0,0,0,1,1,6,1,32,6,124,1,7,1,1,1
2.02E+12,2,19,0,18,0,8,0,0,0,0,0,1,6,1,31,6,2143,2,2,3,1,3
2.02E+12,2,9,0,18,0,8,1,0,0,0,3,1,6,1,59,9,1598,1,12,2,1,2
2.02E+12,2,9,0,11,0,2,0,10,0,0,4,1,6,2,23,5,1388,1,8,7,1,7
2.02E+12,2,9,0,7,0,1,0,0,0,0,2,1,1,1,19,4,1685,2,2,7,1,7
2.02E+12,1,9,0,18,0,8,0,0,0,0,4,1,6,2,46,8,1598,2,1,10,1,10
2.02E+12,2,9,0,2,0,2,0,0,0,0,3,1,6,1,47,8,1686,2,7,8,1,8
2.02E+12,2,5,0,10,0,8,0,0,0,0,3,1,2,1,28,6,599,1,6,2,1,2
2.02E+12,1,9,0,7,0,3,0,0,0,0,1,1,6,1,59,9,1396,1,12,1,1,1
2.02E+12,2,9,0,13,0,8,0,0,0,0,1,1,6,1,60,9,1242,1,9,5,1,5
2.02E+12,1,9,0,17,0,8,2,6,1,10,1,1,6,1,28,6,1598,1,4,1,1,1
2.02E+12,1,9,0,9,0,5,0,0,0,0,1,1,6,1,41,7,2993,2,2,3,1,3
2.02E+12,2,4,0,18,0,8,0,0,0,0,1,1,6,1,30,6,249,1,10,1,1,1
2.02E+12,2,9,0,18,0,8,0,10,7,11,2,1,2,2,23,5,1229,1,3,1,1,1
2.02E+12,2,9,0,18,0,8,0,0,0,0,1,1,6,2,44,7,1398,1,1,5,1,5
2.02E+12,2,9,0,18,0,3,0,10,1,5,1,1,2,1,49,8,1339,1,15,2,1,2
2.02E+12,2,9,0,18,0,8,0,7,0,0,1,1,6,1,54,8,1968,2,5,5,1,5
2.02E+12,2,9,0,18,0,8,0,0,0,0,1,1,6,1,28,6,1900,2,13,1,1,1
2.02E+12,1,9,0,5,0,1,0,0,0,0,1,1,2,2,32,6,1995,1,9,5,1,5
2.02E+12,2,9,0,3,0,1,0,0,0,0,2,1,2,2,28,6,1799,1,9,5,1,5
2.02E+12,1,9,0,18,0,1,1,0,0,0,1,1,6,1,23,5,3175,1,14,2,1,2
2.02E+12,2,9,0,3,0,1,0,0,0,0,2,1,1,1,29,6,1598,1,1,8,1,8
2.02E+12,1,9,0,18,0,2,0,0,0,0,4,1,3,2,41,7,1598,1,4,1,1,1
2.02E+12,1,9,0,9,0,5,0,0,0,0,1,1,6,1,40,7,1598,2,6,1,1,1
2.02E+12,1,9,0,18,0,8,0,0,0,0,1,1,6,2,47,8,1984,1,6,4,1,4
2.02E+12,1,2,0,18,0,1,0,0,0,0,1,1,6,1,16,4,50,1,7,10,1,10
2.02E+12,2,9,0,9,0,1,0,0,0,0,2,1,6,2,28,6,1200,1,1,2,1,2
2.02E+12,1,9,0,18,0,2,0,0,0,0,1,1,1,1,37,7,1995,2,8,1,1,1
2.02E+12,2,9,0,18,0,1,0,0,0,0,1,1,1,1,47,8,1798,8,1,10,1,10
2.02E+12,1,9,0,9,0,6,0,0,0,0,3,1,6,1,18,4,998,1,1,2,1,2
2.02E+12,2,9,0,18,0,8,0,0,0,0,1,1,6,1,23,5,1900,2,17,10,1,10
2.02E+12,1,9,0,18,0,2,0,0,0,0,2,1,6,2,22,5,1596,1,13,1,1,1
2.02E+12,2,9,0,18,0,1,0,0,0,0,1,1,6,1,29,6,2902,2,14,5,1,5
2.02E+12,1,9,0,18,0,4,0,0,0,0,1,1,6,1,33,6,1461,2,7,6,1,6
2.02E+12,2,5,0,18,0,4,0,0,0,0,1,1,6,1,50,8,1402,1,16,1,1,1
2.02E+12,2,9,0,9,0,1,0,0,0,0,3,1,6,1,61,9,2295,1,19,6,1,6
2.02E+12,1,21,0,18,0,8,0,0,0,0,1,1,1,1,56,9,16400,2,3,9,1,9
2.02E+12,2,9,0,9,0,6,0,0,0,0,1,1,6,2,25,5,1753,2,10,3,1,3
2.02E+12,3,9,0,7,0,6,0,0,0,0,1,1,6,2,20,4,999,1,2,1,1,1
2.02E+12,1,9,0,18,0,1,0,0,0,0,1,1,6,2,22,5,1200,1,2,1,1,1
2.02E+12,1,9,0,9,0,5,0,0,0,0,4,1,6,1,24,5,1968,2,12,4,1,4
2.02E+12,1,9,0,9,0,5,0,0,0,0,1,1,6,1,36,7,1995,2,11,1,1,1
2.02E+12,1,9,0,1,0,1,0,0,0,0,2,1,6,1,54,8,2967,2,10,1,1,1
2.02E+12,1,5,0,13,0,8,0,0,0,0,1,1,6,1,29,6,599,1,16,2,1,2
2.02E+12,2,19,0,9,0,5,0,0,0,0,3,1,1,1,29,6,2402,2,12,9,1,9
2.02E+12,1,9,0,18,0,4,0,0,0,0,0,1,6,1,18,4,1968,2,10,2,1,2
2.02E+12,2,9,0,5,0,4,0,0,0,0,3,1,6,1,46,8,1995,2,12,1,1,1
2.02E+12,3,9,0,18,0,1,0,0,0,0,3,1,6,1,46,8,1968,2,3,3,1,3
2.02E+12,1,9,0,9,0,5,0,0,0,0,1,1,6,2,25,5,1149,1,13,8,1,8
2.02E+12,2,3,0,18,0,8,0,0,0,0,1,1,6,1,51,8,125,1,5,2,1,2
2.02E+12,1,9,0,9,0,8,0,0,0,0,4,1,6,1,74,10,1997,2,3,7,1,7