Accident_Index,Vehicle_Reference,Vehicle_Type,Towing_and_Articulation,Vehicle_Manoeuvre,Vehicle_Location-Restricted_Lane,Junction_Location,Skidding_and_Overturning,Hit_Object_in_Carriageway,Vehicle_Leaving_Carriageway,Hit_Object_off_Carriageway,1st_Point_of_Impact,Was_Vehicle_Left_Hand_Drive?,Journey_Purpose_of_Driver,Sex_of_Driver,Age_of_Driver,Age_Band_of_Driver,Engine_Capacity_(CC),Propulsion_Code,Age_of_Vehicle,Driver_IMD_Decile,Driver_Home_Area_Type,Vehicle_IMD_Decile
2.02E+12,2,19,0,18,0,8,0,0,0,0,1,1,1,1,29,6,2198,2,1,6,2,6
2.02E+12,3,9,0,18,0,8,0,0,0,0,1,1,6,2,19,4,1390,1,4,5,1,5
2.02E+12,4,19,0,10,0,1,0,0,0,0,1,1,6,1,48,8,1686,2,6,8,1,8
2.02E+12,2,9,0,2,9,2,0,0,0,0,4,1,6,1,64,9,1206,1,8,5,1,5
2.02E+12,3,9,0,2,9,2,0,0,0,0,2,1,6,1,24,5,1198,1,5,8,1,8
2.02E+12,1,9,0,18,0,6,0,0,0,0,4,1,6,1,31,6,2143,2,5,2,1,2
2.02E+12,1,9,0,9,0,5,2,0,0,0,2,1,6,1,20,4,1229,1,6,2,1,2
2.02E+12,2,9,0,17,0,8,0,0,0,0,1,1,6,2,32,6,1968,2,9,2,1,2
2.02E+12,2,9,0,7,0,1,0,0,0,0,1,1,6,2,42,7,1595,1,1,4,1,4
2.02E+12,1,9,0,18,0,1,0,0,0,0,4,1,6,2,77,11,1339,1,9,9,1,9
2.02E+12,2,9,0,3,0,8,0,0,0,0,2,1,6,2,19,4,1598,1,12,1,1,1
2.02E+12,1,9,0,9,0,6,0,0,0,0,1,1,6,2,22,5,1360,1,17,2,1,2
2.02E+12,2,9,0,7,0,5,0,4,0,0,1,1,6,1,60,9,1499,1,1,4,1,4
2.02E+12,3,9,0,2,0,1,0,0,0,0,3,1,6,1,54,8,1968,2,3,2,1,2
2.02E+12,1,9,0,18,0,8,1,7,4,0,1,1,6,1,28,6,1995,2,11,2,1,2
2.02E+12,2,9,0,9,0,8,1,0,0,0,4,1,6,2,56,9,995,1,4,6,1,6
2.02E+12,1,9,0,18,0,6,0,0,0,0,1,1,6,2,66,10,2179,2,4,8,1,8
2.02E+12,2,9,0,9,0,6,0,0,0,0,2,1,6,1,36,7,1598,2,7,2,1,2
2.02E+12,1,21,4,18,0,4,5,10,1,10,4,1,6,1,42,7,10837,2,3,3,1,3
2.02E+12,1,8,0,5,0,2,0,0,0,0,1,1,1,1,39,7,1997,2,12,2,1,2
2.02E+12,1,9,0,7,0,6,0,0,0,0,1,1,6,2,46,8,1328,1,14,5,1,5
2.02E+12,1,9,0,9,0,5,0,0,0,0,1,1,3,2,40,7,1910,2,10,1,1,1
2.02E+12,1,9,0,18,0,1,0,0,0,0,1,1,6,1,31,6,1364,1,12,2,1,2
2.02E+12,2,9,0,8,0,1,0,0,0,0,2,1,1,2,56,9,1598,2,6,2,1,2
2.02E+12,1,9,0,5,0,6,0,0,0,0,2,1,6,2,56,9,1598,1,7,9,1,9
2.02E+12,1,9,0,5,0,6,0,0,0,0,1,1,6,1,53,8,1998,1,12,1,1,1
2.02E+12,2,9,0,18,0,8,0,0,0,0,1,1,6,1,40,7,1396,1,17,1,1,1
2.02E+12,2,9,0,9,0,6,0,0,0,0,1,1,6,2,20,4,1242,1,5,8,1,8
2.02E+12,1,9,0,18,0,1,0,0,0,0,1,1,1,1,54,8,1968,2,6,5,1,5
2.02E+12,1,3,0,7,0,5,0,0,0,0,0,1,6,1,18,4,125,1,3,2,1,2
2.02E+12,1,9,0,10,0,8,0,6,7,1,1,1,6,1,26,6,1896,2,14,1,1,1
2.02E+12,2,9,0,5,0,8,0,0,0,0,3,1,6,2,26,6,1299,1,15,4,1,4
2.02E+12,1,9,0,18,0,8,0,0,0,0,1,1,6,1,55,8,1560,2,3,1,1,1
2.02E+12,1,9,0,4,0,1,0,0,0,0,1,1,6,1,21,5,2143,2,4,1,1,1
2.02E+12,2,9,0,18,0,8,0,0,0,0,2,1,6,1,28,6,1968,2,10,6,1,6
2.02E+12,1,9,0,18,0,6,0,0,0,0,4,1,1,1,46,8,1896,2,12,1,1,1
2.02E+12,2,2,0,18,0,8,5,0,0,0,1,1,6,1,18,4,49,1,12,1,1,1
2.02E+12,2,3,0,3,0,1,0,0,0,0,2,1,6,1,28,6,124,1,2,1,1,1
2.02E+12,2,9,0,3,0,1,0,0,0,0,2,1,6,2,39,7,1296,1,11,1,1,1
2.02E+12,1,9,0,18,0,6,0,0,0,0,1,1,6,2,31,6,1248,2,4,4,1,4
2.02E+12,2,9,0,18,0,8,0,0,0,0,1,1,6,2,51,8,1560,2,5,9,3,9
2.02E+12,1,9,0,18,0,8,0,10,1,0,3,1,6,2,38,7,998,1,19,8,1,8
2.02E+12,2,9,0,18,0,8,0,0,0,0,1,1,2,1,33,6,1596,1,10,8,1,8
2.02E+12,1,9,0,4,0,3,0,0,0,0,1,1,6,1,66,10,1991,2,8,10,1,10
2.02E+12,2,9,0,18,0,1,0,0,0,0,1,1,6,2,66,10,1497,8,9,10,1,10
2.02E+12,1,9,0,9,0,5,0,0,0,0,1,1,2,1,40,7,1686,2,5,1,1,1
2.02E+12,2,11,0,8,0,1,0,0,0,0,1,1,1,1,40,7,5883,2,15,2,1,2
2.02E+12,1,9,0,18,0,3,0,0,0,0,4,1,6,1,43,7,1560,2,11,1,1,1
2.02E+12,1,9,0,1,0,6,0,4,7,0,2,1,6,1,90,11,1248,1,3,5,1,5
2.02E+12,2,9,0,2,0,2,0,0,0,0,2,1,6,2,55,8,1587,1,13,6,1,6
2.02E+12,1,8,0,18,0,8,1,0,0,0,1,1,1,1,66,10,2499,2,10,5,1,5
2.02E+12,2,9,0,3,0,8,0,0,0,0,2,1,6,2,27,6,1461,2,8,1,1,1
2.02E+12,3,19,0,10,0,8,0,0,0,0,2,1,6,1,47,8,1995,2,9,9,1,9
2.02E+12,1,3,0,9,0,5,0,0,0,0,4,1,6,1,16,4,125,1,1,1,1,1
2.02E+12,2,9,0,7,0,2,0,0,0,0,3,1,6,2,50,8,1598,2,5,3,1,3
2.02E+12,1,9,0,18,0,8,0,0,0,0,1,1,6,2,33,6,1149,1,5,3,1,3
2.02E+12,1,9,0,18,0,2,0,0,0,0,1,1,6,1,21,5,1149,1,15,2,1,2
2.02E+12,2,9,0,18,0,2,0,0,0,0,2,1,1,1,61,9,1598,2,2,2,1,2
2.02E+12,1,9,0,18,0,2,0,0,0,0,4,1,6,1,19,4,1997,2,12,1,1,1
2.02E+12,2,9,0,9,0,6,0,0,0,0,0,1,6,1,63,9,1799,1,20,3,1,3
2.02E+12,1,9,0,18,0,7,0,0,0,0,1,1,6,2,54,8,1797,8,7,9,1,9
2.02E+12,2,19,0,3,0,1,0,0,0,0,2,1,1,1,30,6,2143,2,1,3,1,3
2.02E+12,1,9,0,9,0,4,0,0,0,0,2,1,2,2,48,8,998,1,3,6,1,6
2.02E+12,2,3,0,18,0,8,1,10,1,0,1,1,5,1,21,5,125,1,1,2,1,2
2.02E+12,1,9,0,5,0,1,0,0,0,0,1,1,6,1,23,5,999,1,6,2,1,2
2.02E+12,2,9,0,3,0,1,0,0,0,0,2,1,1,2,34,6,1968,2,1,4,1,4
2.02E+12,1,9,0,18,0,4,0,0,0,0,1,1,1,3,18,4,1229,1,5,10,1,10
2.02E+12,1,11,0,18,0,2,0,0,0,0,1,1,1,1,59,9,9000,2,10,4,1,4
2.02E+12,2,9,0,5,0,8,0,10,0,0,4,1,6,2,29,6,998,1,8,8,1,8
2.02E+12,1,9,0,9,0,6,0,0,0,0,3,1,6,2,29,6,998,1,10,7,1,7
2.02E+12,2,9,0,3,0,1,0,0,0,0,2,1,6,2,48,8,1870,2,10,2,1,2
2.02E+12,2,9,0,18,0,8,0,0,0,0,2,1,6,1,41,7,1339,8,6,5,1,5
2.02E+12,3,9,0,2,0,1,0,0,0,0,1,1,6,2,46,8,1997,2,2,2,1,2
2.02E+12,2,9,0,18,0,1,0,0,0,0,1,1,6,2,35,6,1598,1,10,6,1,6
2.02E+12,1,9,0,5,0,6,0,0,0,0,1,1,1,1,27,6,1598,2,3,3,1,3
2.02E+12,2,4,0,15,0,1,0,0,0,0,3,1,1,1,55,8,1261,1,13,1,1,1
2.02E+12,1,9,0,18,0,4,0,0,0,0,3,1,6,1,38,7,1149,1,6,1,1,1
2.02E+12,1,9,0,5,0,4,0,0,0,0,1,1,6,1,36,7,1598,1,9,8,1,8
2.02E+12,1,9,0,18,0,2,0,0,0,0,3,1,2,2,28,6,1560,2,7,1,1,1
2.02E+12,2,9,0,10,0,8,0,0,0,0,3,1,6,2,27,6,1390,1,12,1,1,1
2.02E+12,1,9,0,5,0,8,0,4,0,0,3,1,2,2,24,5,1360,1,15,1,1,1
2.02E+12,2,9,0,18,0,8,0,0,0,0,1,1,1,1,57,9,1360,1,8,2,1,2
2.02E+12,1,9,0,18,0,1,2,10,2,10,2,1,6,1,25,5,1998,1,11,1,1,1
2.02E+12,1,9,0,18,0,1,0,0,0,0,4,1,6,1,34,6,1598,1,10,2,1,2
2.02E+12,2,9,0,18,0,1,0,0,0,0,1,1,6,2,36,7,1896,2,10,8,1,8
2.02E+12,1,5,0,17,0,2,0,10,1,4,1,1,6,1,25,5,599,1,13,1,1,1
2.02E+12,2,9,0,18,0,1,0,0,0,0,1,1,6,1,51,8,2494,8,1,7,1,7
2.02E+12,2,3,0,18,0,1,0,4,0,0,4,1,2,1,17,4,125,1,3,3,1,3
2.02E+12,1,9,0,7,0,3,1,10,1,2,1,1,2,1,24,5,998,1,1,4,1,4
2.02E+12,1,9,0,17,0,1,1,0,0,0,2,1,6,1,18,4,1149,1,13,4,1,4
2.02E+12,2,9,0,16,0,2,0,0,0,0,1,1,6,1,43,7,1349,1,12,4,1,4
2.02E+12,2,9,0,18,0,8,0,4,0,0,1,1,6,2,40,7,2688,2,16,1,1,1
2.02E+12,3,9,0,2,0,1,0,0,0,0,1,1,6,2,41,7,1560,2,2,1,1,1
2.02E+12,1,9,0,18,0,8,5,10,1,0,4,1,6,1,46,8,1968,2,7,5,1,5
2.02E+12,2,9,0,18,0,8,0,0,0,0,1,1,6,1,27,6,1596,1,15,1,1,1
2.02E+12,1,9,0,9,0,6,0,0,0,0,1,1,6,1,22,5,1360,1,10,1,1,1
2.02E+12,2,19,0,18,0,8,0,0,0,0,1,1,6,1,39,7,2402,2,9,3,1,3
2.02E+12,2,9,0,18,0,1,0,10,1,2,1,1,6,1,28,6,1198,1,10,2,1,2
2.02E+12,1,9,0,18,0,8,0,0,0,0,1,1,1,1,54,8,1248,2,11,4,1,4
2.02E+12,2,9,0,18,0,8,0,0,0,0,4,1,6,2,29,6,1242,1,13,4,1,4
2.02E+12,1,9,0,9,0,6,0,0,0,0,3,1,6,2,35,6,1699,2,24,8,1,8
2.02E+12,2,5,0,18,0,8,1,10,0,0,1,1,2,1,58,9,891,1,24,7,1,7
2.02E+12,1,9,0,5,9,8,0,0,0,0,4,1,6,1,21,5,1397,1,14,5,1,5
2.02E+12,1,9,0,18,0,1,0,0,0,0,1,1,2,2,29,6,1595,1,9,2,1,2
2.02E+12,1,9,0,18,0,8,0,7,1,6,1,1,6,2,25,5,1461,2,10,3,1,3
2.02E+12,2,9,0,18,0,8,0,7,1,6,1,1,6,1,26,6,1984,1,5,3,1,3
2.02E+12,1,9,0,9,0,5,0,0,0,0,3,1,5,2,37,7,1997,2,7,1,1,1
2.02E+12,2,3,0,14,0,8,0,0,0,0,1,1,6,1,17,4,125,1,1,1,1,1
2.02E+12,2,9,0,18,0,8,0,0,0,0,1,1,6,2,37,7,1598,1,9,1,1,1
2.02E+12,1,9,0,18,0,2,0,0,0,0,4,1,1,2,27,6,1956,2,5,1,1,1
2.02E+12,2,5,0,18,0,2,0,0,0,0,3,1,6,1,58,9,1300,1,6,5,1,5
2.02E+12,1,9,0,18,0,1,0,0,0,0,3,1,6,1,26,6,2143,2,2,3,1,3
2.02E+12,2,3,0,18,0,8,0,0,0,0,3,1,6,1,29,6,125,1,3,2,1,2
2.02E+12,1,9,0,18,0,8,0,0,0,0,3,1,6,2,45,7,1596,1,4,1,1,1
2.02E+12,1,9,0,18,0,8,0,0,0,0,1,1,6,1,55,8,1560,2,2,3,1,3
2.02E+12,2,9,0,10,0,8,0,0,0,0,2,1,6,2,24,5,998,1,7,6,1,6
2.02E+12,1,9,0,13,0,1,0,0,0,0,4,1,6,2,42,7,999,1,1,2,1,2
2.02E+12,1,9,0,18,0,8,0,0,0,0,1,1,6,1,19,4,1229,1,5,9,1,9
2.02E+12,2,9,0,18,0,8,0,0,0,0,1,1,6,2,44,7,1299,1,12,2,1,2
2.02E+12,1,9,0,18,0,4,0,0,0,0,1,1,2,2,22,5,1349,1,7,6,1,6
2.02E+12,1,9,0,9,0,5,0,0,0,0,1,1,6,2,41,7,998,1,6,5,1,5
2.02E+12,2,19,0,5,0,8,0,0,0,0,3,1,6,1,44,7,2000,1,29,2,1,2
2.02E+12,3,9,0,5,0,8,0,0,0,0,3,1,2,1,36,7,1398,1,6,3,1,3
2.02E+12,1,19,0,3,0,1,0,0,0,0,2,1,6,1,33,6,2143,2,3,4,1,4
2.02E+12,1,9,0,18,0,6,1,4,0,0,3,1,6,1,30,6,1686,2,13,1,1,1
2.02E+12,3,10,0,18,0,8,0,0,0,0,1,1,6,1,37,7,1998,2,12,4,1,4
2.02E+12,4,9,0,2,0,8,0,0,0,0,4,1,6,1,38,7,1910,2,9,1,1,1
2.02E+12,1,9,0,9,0,6,0,0,0,0,1,1,6,1,60,9,1560,2,11,1,1,1
2.02E+12,2,3,0,18,0,8,0,0,0,0,1,1,6,1,23,5,124,1,1,4,1,4
2.02E+12,1,9,0,18,0,1,0,10,7,2,1,1,6,1,34,6,1999,1,14,2,1,2
2.02E+12,1,9,0,9,0,6,0,0,0,0,3,1,6,1,75,10,2435,1,17,9,1,9
2.02E+12,2,9,0,3,0,1,0,0,0,0,2,1,6,1,58,9,998,1,2,1,1,1
2.02E+12,1,9,0,18,0,3,0,0,0,0,1,1,6,1,28,6,1783,1,13,1,1,1
2.02E+12,1,9,0,9,0,5,1,10,7,11,1,1,6,2,33,6,1339,1,11,1,1,1
2.02E+12,1,9,0,7,0,1,0,0,0,0,1,1,1,1,29,6,1398,1,3,7,1,7
2.02E+12,2,3,0,7,0,1,0,0,0,0,2,1,1,1,54,8,124,1,6,7,1,7
2.02E+12,2,9,0,7,0,6,0,10,7,11,1,1,6,2,62,9,1360,1,14,4,1,4
2.02E+12,2,9,0,18,0,8,0,0,0,0,3,1,6,1,34,6,2148,2,11,1,1,1
2.02E+12,1,9,0,9,0,8,0,0,0,0,1,1,2,1,25,5,1388,1,14,1,1,1
2.02E+12,2,9,0,18,0,8,0,0,0,0,1,1,6,1,37,7,1198,1,9,2,1,2
2.02E+12,3,9,0,10,0,8,0,0,0,0,1,1,6,2,59,9,998,1,8,4,1,4
2.02E+12,2,9,0,10,0,8,0,0,0,0,3,1,6,1,19,4,1598,2,8,5,1,5
2.02E+12,3,9,0,18,0,2,0,0,0,0,0,1,6,2,35,6,1199,1,16,4,1,4
2.02E+12,1,9,0,18,0,8,0,0,0,0,3,1,6,1,42,7,1598,1,8,3,1,3
2.02E+12,2,9,0,18,0,8,0,0,0,0,3,1,6,1,46,8,2143,2,5,3,1,3
2.02E+12,1,9,0,9,0,5,0,0,0,0,1,1,6,1,33,6,2393,1,11,2,1,2
2.02E+12,2,19,0,18,0,8,0,0,0,0,3,1,1,1,55,8,2151,2,15,6,1,6
2.02E+12,1,9,0,18,0,2,0,0,0,0,1,1,6,2,66,10,1560,2,1,10,1,10
2.02E+12,2,9,0,3,0,2,0,0,0,0,2,1,6,2,48,8,1685,2,5,2,1,2
2.02E+12,4,9,0,18,0,2,0,0,0,0,4,1,1,1,46,8,2993,2,1,4,1,4
2.02E+12,1,9,0,18,0,8,0,0,0,0,1,1,6,1,32,6,1910,2,7,2,1,2
2.02E+12,2,9,0,9,0,5,0,0,0,0,1,1,6,1,33,6,2987,2,8,2,1,2
2.02E+12,2,9,0,18,0,8,0,0,0,0,3,1,6,1,46,8,1984,1,2,1,1,1
2.02E+12,1,9,0,18,0,8,0,0,0,0,3,1,6,1,58,9,1596,1,12,4,1,4
2.02E+12,2,9,0,18,0,8,0,0,0,0,4,1,6,1,35,6,1975,1,15,1,1,1
2.02E+12,3,19,0,2,0,8,0,0,0,0,2,1,6,3,20,4,1995,2,5,1,1,1
2.02E+12,2,9,0,2,0,2,0,10,1,11,1,1,6,2,25,5,998,1,4,2,1,2
2.02E+12,1,9,0,18,0,2,5,4,0,0,1,1,1,2,31,6,1149,1,14,5,1,5
2.02E+12,1,9,0,18,0,1,0,0,0,0,1,1,6,1,31,6,1197,1,3,4,1,4
2.02E+12,1,11,0,4,0,2,0,0,0,0,4,1,1,2,43,7,6700,2,6,6,1,6
2.02E+12,2,9,0,18,0,8,1,0,0,0,1,1,6,1,22,5,2143,2,5,3,1,3
2.02E+12,1,9,0,9,0,6,0,0,0,0,1,1,2,2,30,6,1242,1,10,1,1,1
2.02E+12,2,9,0,18,0,8,0,0,0,0,4,1,6,1,33,6,1496,2,1,5,1,5
2.02E+12,2,5,0,18,0,8,0,0,0,0,1,1,2,1,51,8,892,1,21,1,1,1
2.02E+12,1,9,0,18,0,8,0,0,0,0,3,1,6,2,59,9,1587,1,17,4,1,4
2.02E+12,2,9,0,18,0,8,0,0,0,0,1,1,6,1,19,4,998,1,13,1,1,1
2.02E+12,1,9,0,18,0,1,1,0,0,0,1,1,6,1,20,4,1998,1,12,2,1,2
2.02E+12,1,9,0,18,0,8,0,0,0,0,2,1,6,2,25,5,1398,1,1,2,1,2
2.02E+12,1,9,0,18,0,1,0,0,0,0,3,1,6,1,69,10,1590,1,17,2,1,2
2.02E+12,1,8,0,18,0,1,0,0,0,0,3,1,1,1,50,8,1794,1,12,1,1,1
2.02E+12,1,9,0,5,0,4,0,0,0,0,1,1,6,1,68,10,998,1,8,2,1,2
2.02E+12,2,9,0,5,0,4,0,0,0,0,1,1,6,2,57,9,998,1,7,4,1,4
2.02E+12,2,9,0,3,0,1,0,0,0,0,1,1,2,1,28,6,998,1,15,1,1,1
2.02E+12,2,9,0,18,0,8,0,0,0,0,2,1,6,1,40,7,2199,2,6,6,1,6
2.02E+12,1,9,0,9,0,6,0,0,0,0,1,1,6,2,60,9,1339,1,4,5,1,5
2.02E+12,1,9,0,16,0,8,0,0,0,0,1,1,6,1,21,5,1984,1,2,10,1,10
2.02E+12,1,9,0,18,0,8,0,0,0,0,1,1,6,2,52,8,1299,1,13,1,1,1
2.02E+12,1,9,0,18,0,8,0,0,0,0,1,1,2,2,24,5,998,1,1,1,1,1
2.02E+12,1,9,0,18,0,6,0,0,0,0,4,1,6,2,27,6,2179,2,5,10,3,10
2.02E+12,2,3,0,17,0,8,0,0,0,0,4,1,6,1,42,7,125,1,2,3,2,3
2.02E+12,1,9,0,18,0,1,0,0,0,0,1,1,6,1,72,10,1988,1,15,1,1,1
2.02E+12,1,9,0,18,0,8,0,0,0,0,0,1,6,1,35,6,1399,2,14,7,2,7
2.02E+12,2,5,0,9,0,6,0,0,0,0,1,1,6,1,26,6,600,1,14,5,1,5
2.02E+12,2,19,0,2,0,2,0,4,0,0,2,1,5,1,39,7,2151,2,13,6,1,6
2.02E+12,3,9,0,2,0,2,0,0,0,0,1,1,5,1,39,7,2401,2,14,6,1,6
2.02E+12,1,9,0,9,0,6,5,4,0,0,1,1,6,2,21,5,1229,1,7,1,1,1
2.02E+12,3,9,0,2,0,8,0,4,0,0,2,1,6,2,37,7,1197,1,6,5,1,5
2.02E+12,1,9,0,18,0,8,0,0,0,0,1,1,6,1,45,7,1995,2,5,2,1,2
2.02E+12,1,9,0,17,0,8,0,0,0,0,1,1,6,2,38,7,2099,2,12,2,1,2
2.02E+12,2,9,0,9,0,5,0,0,0,0,3,1,6,1,29,6,1560,2,10,1,1,1
2.02E+12,3,9,0,10,0,1,0,0,0,0,1,1,6,2,34,6,1596,1,5,1,1,1
2.02E+12,2,9,0,10,0,1,0,0,0,0,2,1,6,1,23,5,1242,1,9,10,1,10
2.02E+12,2,9,0,9,0,5,0,0,0,0,4,1,6,1,26,6,1198,1,11,1,1,1
2.02E+12,1,9,0,18,0,6,0,7,3,6,1,1,5,2,31,6,1799,1,10,2,1,2
2.02E+12,2,9,0,18,0,8,0,0,0,0,3,1,6,1,22,5,1388,1,11,1,1,1
2.02E+12,2,9,0,10,0,1,0,0,0,0,2,1,5,2,55,8,1197,1,2,10,1,10
2.02E+12,1,9,0,5,0,4,0,0,0,0,1,1,1,2,47,8,1998,1,12,2,1,2
2.02E+12,1,9,0,3,0,1,0,0,0,0,2,1,5,1,40,7,1360,1,13,1,1,1
2.02E+12,2,9,0,4,0,1,0,0,0,0,1,1,6,1,30,6,1799,1,11,1,1,1
2.02E+12,2,9,0,4,0,1,0,0,0,0,1,1,6,2,75,10,1242,1,4,7,1,7
2.02E+12,2,9,0,18,0,8,0,0,0,0,3,1,6,1,33,6,1199,1,16,3,1,3
2.02E+12,1,9,0,5,0,1,0,0,0,0,2,1,6,2,29,6,1995,2,9,2,1,2
2.02E+12,1,19,0,18,0,6,0,0,0,0,4,1,6,1,77,11,2402,2,11,7,1,7
2.02E+12,2,23,0,18,0,8,0,0,0,0,1,1,6,1,32,6,124,1,15,1,1,1
2.02E+12,1,9,0,9,0,6,0,4,0,0,1,1,2,2,25,5,1461,2,11,8,1,8
2.02E+12,2,3,0,14,0,8,0,4,0,0,1,1,6,1,17,4,125,1,5,7,1,7
2.02E+12,1,9,0,18,0,4,0,0,0,0,1,1,2,1,43,7,1896,2,10,9,1,9
2.02E+12,2,9,0,3,0,1,0,0,0,0,2,1,6,2,22,5,1229,1,9,4,1,4
2.02E+12,1,9,0,3,0,2,0,0,0,0,2,1,3,1,31,6,1461,2,8,5,1,5
2.02E+12,1,9,0,15,0,8,0,0,0,0,1,1,1,1,31,6,1596,1,3,9,1,9
2.02E+12,2,3,0,7,0,3,0,0,0,0,4,1,1,1,33,6,125,1,17,10,1,10
2.02E+12,2,9,0,5,0,4,0,0,0,0,3,1,2,1,43,7,1590,1,12,3,1,3
2.02E+12,1,9,0,18,0,8,0,0,0,0,1,1,6,1,21,5,1984,1,3,1,1,1
2.02E+12,2,9,0,9,0,6,0,0,0,0,3,1,6,1,42,7,1797,8,8,9,1,9
2.02E+12,2,9,0,3,0,2,0,0,0,0,2,1,6,1,52,8,1242,1,17,9,1,9
2.02E+12,2,9,0,9,0,5,0,0,0,0,3,1,5,1,52,8,2179,2,8,3,3,3
2.02E+12,1,9,0,3,0,2,0,0,0,0,2,1,6,2,26,6,1229,1,12,1,1,1
2.02E+12,2,9,0,18,0,8,0,0,0,0,4,1,6,1,70,10,1397,1,4,3,1,3
2.02E+12,1,9,0,4,0,2,0,0,0,0,2,1,3,1,40,7,1797,8,7,1,1,1
2.02E+12,1,9,0,9,0,6,0,0,0,0,1,1,6,2,53,8,1995,2,11,2,1,2
2.02E+12,2,9,0,18,0,6,0,0,0,0,3,1,6,1,58,9,1910,2,11,1,1,1
2.02E+12,4,9,0,2,0,2,0,0,0,0,4,1,6,1,49,8,1595,1,12,10,2,10
2.02E+12,1,9,0,8,0,1,0,0,0,0,1,1,6,2,33,6,1560,2,5,1,1,1
2.02E+12,1,9,0,18,0,8,0,0,0,0,1,1,5,1,53,8,1895,1,17,4,1,4
2.02E+12,2,9,0,3,0,8,0,0,0,0,2,1,5,1,48,8,1396,2,4,2,1,2
2.02E+12,1,9,0,5,0,8,0,0,0,0,4,1,6,2,20,4,998,1,1,2,1,2
2.02E+12,1,9,0,5,0,1,0,0,0,0,1,1,6,1,34,6,1896,2,11,1,1,1
2.02E+12,1,9,0,18,0,8,0,0,0,0,1,1,6,1,72,10,1242,1,5,6,1,6
2.02E+12,1,9,0,18,0,8,0,0,0,0,1,1,1,1,63,9,1910,2,9,1,1,1
2.02E+12,2,9,0,18,0,8,1,0,0,0,4,1,5,1,22,5,1248,2,9,2,1,2
2.02E+12,2,9,0,4,0,6,0,0,0,0,4,1,6,1,47,8,998,1,18,1,1,1
2.02E+12,1,9,0,18,0,8,0,0,0,0,4,1,2,1,44,7,1840,1,1,2,1,2
2.02E+12,1,19,0,9,0,5,0,0,0,0,1,1,6,1,30,6,2143,2,5,7,1,7
2.02E+12,2,9,0,18,0,8,0,0,1,7,3,1,6,1,62,9,1997,2,1,2,1,2
2.02E+12,2,9,0,3,0,1,0,0,0,0,2,1,6,1,53,8,1598,2,4,1,1,1
2.02E+12,1,9,0,7,0,6,0,0,0,0,1,1,6,2,18,4,1248,1,8,2,1,2
2.02E+12,2,9,0,18,0,2,0,10,7,2,3,1,6,1,39,7,1596,1,7,2,1,2
2.02E+12,1,9,0,5,0,6,0,0,0,0,1,1,6,2,27,6,1364,1,11,1,1,1
2.02E+12,2,9,0,3,0,1,0,0,0,0,2,1,6,1,23,5,1995,2,9,3,1,3
2.02E+12,3,9,0,3,0,1,0,0,0,0,2,1,6,1,25,5,2993,2,11,4,1,4
2.02E+12,4,9,0,2,0,2,0,0,0,0,1,1,6,1,31,6,1995,2,6,1,1,1
2.02E+12,5,9,0,18,0,1,0,0,0,0,0,1,1,1,41,7,2993,2,3,1,1,1
2.02E+12,2,9,0,18,0,8,0,0,0,0,1,1,6,1,27,6,1124,1,15,3,1,3
2.02E+12,1,9,0,9,0,6,0,0,0,0,3,1,6,1,20,4,1149,1,12,10,1,10
2.02E+12,2,9,0,18,0,8,0,0,0,0,4,1,6,1,40,7,1598,1,7,9,1,9
2.02E+12,1,9,0,5,0,8,0,0,0,0,1,1,6,1,40,7,1598,1,9,1,1,1
2.02E+12,2,9,0,5,0,8,0,0,0,0,2,1,6,1,32,6,2979,1,13,2,1,2
2.02E+12,1,9,0,18,0,1,0,0,0,0,1,1,6,1,31,6,1896,2,8,1,1,1
2.02E+12,2,9,0,3,0,1,0,0,0,0,2,1,6,1,32,6,1149,1,9,2,1,2
2.02E+12,1,9,0,18,0,8,0,0,0,0,1,1,6,1,38,7,1796,1,11,1,1,1
2.02E+12,1,9,0,9,0,5,0,7,4,1,1,1,6,1,25,5,1598,1,12,1,1,1
2.02E+12,3,9,0,7,0,2,0,0,0,0,3,1,6,1,19,4,1900,2,10,1,1,1
2.02E+12,4,9,0,18,0,1,0,0,0,0,1,1,6,1,42,7,1668,1,12,1,1,1
2.02E+12,5,9,0,8,0,1,0,0,0,0,3,1,6,2,35,6,2231,2,11,1,1,1
2.02E+12,2,9,0,3,0,1,0,0,0,0,2,1,6,2,36,7,1968,2,4,5,1,5
2.02E+12,2,9,0,4,0,1,0,0,0,0,4,1,6,1,41,7,998,1,15,1,1,1
2.02E+12,1,9,0,11,0,3,0,0,0,0,3,1,5,1,30,6,1968,2,1,7,1,7
2.02E+12,2,11,0,18,0,3,0,0,0,0,4,1,1,1,57,9,6700,2,9,3,1,3
2.02E+12,1,9,0,18,0,1,0,0,0,0,1,1,6,2,62,9,1197,1,3,3,1,3
2.02E+12,2,9,0,10,0,1,0,0,0,0,2,1,6,2,22,5,1390,1,5,3,1,3
2.02E+12,1,9,0,9,0,1,0,0,0,0,1,1,6,1,24,5,1388,1,11,9,1,9
2.02E+12,2,9,0,18,0,1,0,0,0,0,1,1,6,1,18,4,1199,1,14,2,1,2
2.02E+12,1,9,0,5,0,6,1,0,0,0,3,1,6,1,25,5,1560,2,12,1,1,1
2.02E+12,2,9,0,18,0,8,0,0,0,0,1,1,6,1,54,8,1398,1,16,1,1,1