Accident_Index,Vehicle_Reference,Vehicle_Type,Towing_and_Articulation,Vehicle_Manoeuvre,Vehicle_Location-Restricted_Lane,Junction_Location,Skidding_and_Overturning,Hit_Object_in_Carriageway,Vehicle_Leaving_Carriageway,Hit_Object_off_Carriageway,1st_Point_of_Impact,Was_Vehicle_Left_Hand_Drive?,Journey_Purpose_of_Driver,Sex_of_Driver,Age_of_Driver,Age_Band_of_Driver,Engine_Capacity_(CC),Propulsion_Code,Age_of_Vehicle,Driver_IMD_Decile,Driver_Home_Area_Type,Vehicle_IMD_Decile
2.02E+12,1,9,0,18,0,3,0,0,0,0,4,1,6,1,32,6,1896,2,8,3,1,3
2.02E+12,2,9,0,17,0,8,0,0,0,0,4,1,6,1,54,8,1299,1,15,2,1,2
2.02E+12,2,9,0,7,0,5,1,0,0,0,1,1,6,2,29,6,1297,1,33,7,1,7
2.02E+12,1,9,0,18,0,2,0,12,0,0,4,1,3,2,27,6,1390,1,11,1,1,1
2.02E+12,1,9,0,18,0,8,1,0,0,0,1,1,5,1,40,7,1968,2,7,2,1,2
2.02E+12,2,9,0,9,0,6,0,0,0,0,1,1,5,1,33,6,1598,2,2,2,1,2
2.02E+12,1,23,0,18,0,8,0,0,0,0,1,1,2,1,52,8,599,1,18,4,1,4
2.02E+12,1,9,0,9,0,8,0,0,0,0,1,1,6,1,60,9,1586,1,10,1,1,1
2.02E+12,2,9,0,7,0,8,0,0,0,0,2,1,6,2,54,8,1000,1,4,7,1,7
2.02E+12,1,9,0,18,0,2,1,0,0,0,1,1,6,2,55,8,2967,2,3,6,3,6
2.02E+12,2,9,0,3,0,1,0,0,0,0,1,1,3,2,41,7,2179,2,5,6,3,6
2.02E+12,1,9,0,7,0,6,0,0,0,0,3,1,6,1,28,6,1388,1,8,4,1,4
2.02E+12,1,9,0,18,0,4,0,0,0,0,3,1,1,1,30,6,1896,2,11,2,1,2
2.02E+12,1,11,0,4,0,8,0,0,0,0,1,1,1,1,23,5,6696,2,4,1,1,1
2.02E+12,1,9,0,18,0,2,0,0,0,0,1,1,1,1,24,5,996,1,5,5,1,5
2.02E+12,1,9,0,6,0,8,0,0,0,0,4,1,6,1,19,4,1896,2,14,5,1,5
2.02E+12,2,3,0,18,0,8,0,0,0,0,1,1,6,1,23,5,124,1,4,2,1,2
2.02E+12,2,9,0,18,0,8,0,0,0,0,4,1,6,1,26,6,1364,1,1,3,1,3
2.02E+12,1,9,0,18,0,8,0,0,0,0,1,1,6,1,54,8,1998,1,10,1,1,1
2.02E+12,2,8,0,9,0,5,0,0,0,0,2,1,1,1,42,7,1968,2,9,2,1,2
2.02E+12,2,9,0,18,0,5,0,0,0,0,4,1,6,1,29,6,1598,1,9,1,1,1
2.02E+12,2,9,0,18,0,1,0,0,0,0,2,1,6,2,31,6,1598,1,9,2,1,2
2.02E+12,1,9,0,9,0,5,0,0,0,0,4,1,6,2,25,5,1229,1,3,3,1,3
2.02E+12,1,9,0,7,0,6,0,0,0,0,1,1,6,1,20,4,1390,1,12,1,1,1
2.02E+12,2,9,0,5,0,1,0,0,0,0,1,1,6,1,41,7,1598,1,15,2,1,2
2.02E+12,2,9,0,18,0,8,0,0,0,0,3,1,6,1,68,10,998,1,18,4,1,4
2.02E+12,1,21,1,17,0,8,0,0,0,0,3,1,6,1,49,8,10677,2,2,3,1,3
2.02E+12,2,9,4,8,0,1,0,0,0,0,4,1,6,1,62,9,1910,2,9,5,1,5
2.02E+12,1,9,0,18,0,8,0,10,1,11,4,1,6,2,25,5,1086,1,8,2,1,2
2.02E+12,2,9,0,4,0,8,0,0,0,0,2,1,2,2,33,6,1995,2,4,1,1,1
2.02E+12,1,19,0,7,0,2,0,0,0,0,1,1,1,1,30,6,2198,2,2,1,1,1
2.02E+12,1,9,0,5,0,8,0,0,0,0,1,1,6,1,41,7,1984,1,15,1,1,1
2.02E+12,2,9,0,9,0,5,0,0,0,0,4,1,3,2,41,7,1149,1,3,3,1,3
2.02E+12,2,3,0,14,0,8,0,0,0,0,1,1,6,1,45,7,124,1,16,2,1,2
2.02E+12,1,9,0,18,0,1,0,0,0,0,1,1,1,1,25,5,1896,2,9,1,1,1
2.02E+12,2,5,0,14,0,8,2,0,0,0,1,1,2,1,35,6,988,1,12,1,1,1
2.02E+12,2,9,0,17,0,8,0,0,0,0,2,1,1,2,48,8,1364,1,6,7,1,7
2.02E+12,1,9,0,9,0,5,0,0,0,0,0,1,3,2,28,6,1229,1,5,1,1,1
2.02E+12,2,5,0,18,0,8,1,0,0,0,1,1,6,1,53,8,599,1,11,5,1,5
2.02E+12,1,9,0,9,0,6,0,0,0,0,0,1,2,1,43,7,1968,2,9,1,1,1
2.02E+12,1,9,0,9,0,2,0,0,0,0,3,1,2,1,27,6,1995,2,2,1,1,1
2.02E+12,2,9,0,18,0,8,0,7,0,0,4,1,6,1,61,9,1973,1,16,1,1,1
2.02E+12,2,9,0,3,0,8,0,0,0,0,2,1,1,1,31,6,1339,1,10,1,1,1
2.02E+12,2,9,0,18,0,8,0,0,0,0,1,1,6,1,52,8,1329,1,6,7,1,7
2.02E+12,1,9,0,18,0,1,0,0,0,0,3,1,2,1,54,8,1686,2,3,8,3,8
2.02E+12,2,11,0,18,0,2,0,0,0,0,3,1,1,1,59,9,7300,2,13,1,1,1
2.02E+12,1,9,0,18,0,2,0,0,0,0,1,1,1,1,28,6,1560,2,11,4,1,4
2.02E+12,1,9,0,9,0,5,0,0,0,0,1,1,6,1,37,7,1390,1,13,3,1,3
2.02E+12,1,9,0,9,0,8,0,0,0,0,1,1,6,1,29,6,1388,1,13,2,1,2
2.02E+12,2,9,0,18,0,8,0,10,1,10,1,1,6,1,63,9,1598,1,14,1,1,1
2.02E+12,1,9,0,12,0,2,0,0,0,0,1,1,6,1,19,4,1364,1,10,3,1,3
2.02E+12,1,9,0,9,0,6,0,0,0,0,1,1,6,2,55,8,1388,1,7,9,1,9
2.02E+12,2,9,0,3,0,8,0,0,0,0,1,1,6,2,33,6,1995,2,6,2,1,2
2.02E+12,1,9,0,18,0,1,0,7,0,0,1,1,6,2,44,7,1598,1,16,3,1,3
2.02E+12,2,9,0,3,0,1,0,0,0,0,2,1,2,1,18,4,998,1,7,7,1,7
2.02E+12,2,9,0,9,0,5,0,0,0,0,3,1,6,2,51,8,1388,1,17,2,1,2
2.02E+12,1,9,0,18,0,3,0,0,0,0,2,1,1,1,57,9,1242,1,12,3,1,3
2.02E+12,1,9,0,15,0,1,0,0,0,0,3,1,1,1,31,6,1956,2,5,1,1,1
2.02E+12,2,9,0,11,0,1,0,0,0,0,4,1,6,1,85,11,1360,1,12,2,1,2
2.02E+12,1,9,0,18,0,6,0,0,0,0,1,1,6,1,21,5,1248,2,6,3,1,3
2.02E+12,2,9,0,18,0,8,0,10,7,4,3,1,6,2,42,7,1794,1,11,6,1,6
2.02E+12,1,9,0,3,0,1,0,0,0,0,2,1,6,1,23,5,1796,1,7,2,1,2
2.02E+12,1,9,0,18,0,4,0,0,0,0,1,1,2,1,59,9,1560,2,5,3,1,3
2.02E+12,2,9,0,18,0,3,0,0,0,0,4,1,2,1,34,6,973,1,14,1,1,1
2.02E+12,1,9,0,18,0,8,0,0,0,0,3,1,6,2,25,5,1197,1,1,1,1,1
2.02E+12,2,21,0,18,0,3,0,0,0,0,1,1,1,1,47,8,12740,2,3,1,1,1
2.02E+12,1,9,0,5,0,1,0,0,0,0,1,1,6,2,54,8,1229,1,4,5,1,5
2.02E+12,1,9,0,18,0,8,0,0,0,0,1,1,6,1,26,6,1798,1,13,2,1,2
2.02E+12,2,9,0,10,0,8,0,0,0,0,1,1,6,2,59,9,1560,2,3,9,1,9
2.02E+12,3,9,0,18,0,1,0,0,0,0,1,1,6,1,42,7,2204,2,10,9,1,9
2.02E+12,1,9,0,18,0,1,0,0,0,0,3,1,6,1,54,8,1995,2,1,8,1,8
2.02E+12,1,9,0,7,0,6,0,0,0,0,1,1,6,2,26,6,1560,2,7,2,1,2
2.02E+12,2,9,0,18,0,8,0,0,0,0,1,1,1,1,30,6,1794,1,9,1,1,1
2.02E+12,1,9,0,7,0,6,0,0,0,0,1,1,6,1,46,8,1493,2,11,2,1,2
2.02E+12,2,9,0,18,0,8,0,0,0,0,4,1,3,2,21,5,998,1,15,2,1,2
2.02E+12,1,9,0,18,0,8,0,0,0,0,3,1,6,2,24,5,1395,1,1,7,2,7
2.02E+12,1,9,0,9,0,5,0,0,0,0,3,1,6,1,46,8,2199,2,4,1,1,1
2.02E+12,2,9,0,18,0,8,0,0,0,0,1,1,6,2,34,6,1061,7,14,2,1,2
2.02E+12,1,9,0,18,0,8,0,0,0,0,1,1,1,1,34,6,1248,2,8,1,1,1
2.02E+12,1,9,0,18,0,8,0,0,0,0,4,1,6,2,77,11,1329,1,3,9,1,9
2.02E+12,2,9,0,18,0,8,0,0,3,1,4,1,6,2,37,7,1997,2,8,8,1,8
2.02E+12,1,5,0,13,0,8,0,0,0,0,1,1,2,1,49,8,1170,1,10,6,1,6
2.02E+12,2,9,0,9,0,5,0,0,0,0,2,1,2,1,41,7,2400,2,5,8,1,8
2.02E+12,1,9,0,18,0,8,0,0,0,0,1,1,6,1,40,7,1995,2,16,1,1,1
2.02E+12,2,9,0,9,0,5,0,0,0,0,4,1,6,1,37,7,1596,1,8,1,1,1
2.02E+12,2,9,0,18,0,8,0,0,0,0,1,1,6,2,33,6,998,1,16,1,1,1
2.02E+12,1,19,4,18,0,3,0,0,0,0,1,1,1,1,18,4,2402,2,13,7,2,7
2.02E+12,1,9,0,9,0,5,0,0,0,0,1,1,6,2,43,7,1910,2,7,6,1,6
2.02E+12,1,9,0,18,0,1,0,0,0,0,1,1,1,1,23,5,1598,1,11,8,1,8
2.02E+12,2,9,0,3,0,1,0,0,0,0,2,1,1,1,50,8,1956,2,3,7,1,7
2.02E+12,1,9,0,13,0,1,0,0,0,0,2,1,6,2,84,11,1390,1,20,7,1,7
2.02E+12,1,3,0,13,0,8,0,0,0,0,1,1,6,1,44,7,124,1,15,4,1,4
2.02E+12,2,9,0,9,0,5,0,0,0,0,4,1,6,2,36,7,1398,1,7,4,1,4
2.02E+12,2,9,0,18,0,8,0,0,0,0,2,1,2,2,30,6,1299,1,14,4,1,4
2.02E+12,1,9,0,18,0,1,0,0,4,10,1,1,6,1,30,6,1896,2,8,2,1,2
2.02E+12,2,9,0,5,0,6,0,0,1,10,3,1,6,2,34,6,2967,1,16,1,1,1
2.02E+12,1,9,0,18,0,8,0,0,0,0,1,1,1,1,38,7,1998,1,10,2,1,2
2.02E+12,2,9,0,3,0,2,0,0,0,0,2,1,6,2,41,7,1598,1,15,1,1,1
2.02E+12,1,9,0,18,0,1,0,0,0,0,1,1,6,2,23,5,1499,1,1,2,1,2
2.02E+12,1,9,0,5,0,4,0,0,0,0,0,1,1,2,56,9,1598,1,10,2,1,2
2.02E+12,1,21,0,7,0,2,0,0,0,0,1,1,1,1,24,5,3920,2,7,8,1,8
2.02E+12,1,9,0,7,0,5,0,0,0,0,0,1,6,2,51,8,1796,1,16,10,1,10
2.02E+12,1,9,0,12,0,8,0,0,0,0,4,1,6,1,27,6,1598,2,3,2,1,2
2.02E+12,1,90,0,18,0,8,0,4,0,0,1,1,6,1,20,4,2999,2,3,5,1,5
2.02E+12,2,9,4,9,0,6,0,0,0,0,3,1,6,2,43,7,998,1,15,5,1,5
2.02E+12,3,11,0,2,0,1,0,0,0,0,1,1,6,1,49,8,4500,2,6,5,1,5
2.02E+12,1,5,0,5,0,1,0,0,0,0,1,1,6,1,25,5,883,1,1,3,1,3
2.02E+12,2,9,0,18,0,2,0,0,0,0,0,1,6,2,36,7,1997,2,6,2,1,2
2.02E+12,2,9,0,10,0,1,0,0,0,0,3,1,6,2,38,7,1398,1,4,5,1,5
2.02E+12,3,9,0,3,0,1,0,0,0,0,3,1,6,2,25,5,1229,1,3,5,1,5
2.02E+12,1,9,0,9,0,5,0,0,0,0,1,1,6,1,37,7,1598,1,4,1,1,1
2.02E+12,1,9,0,5,0,8,0,0,0,0,1,1,6,2,27,6,1390,1,8,1,1,1
2.02E+12,2,9,0,18,0,8,0,0,0,0,3,1,6,1,39,7,1600,2,9,1,1,1
2.02E+12,3,9,0,2,0,2,0,0,0,0,3,1,6,1,45,7,1497,8,3,3,1,3
2.02E+12,2,9,0,5,0,6,0,0,0,0,1,1,6,2,31,6,998,1,4,1,1,1
2.02E+12,1,9,0,18,0,1,5,7,0,0,1,1,6,1,74,10,1781,1,16,2,1,2
2.02E+12,2,9,0,4,0,1,0,0,0,0,2,1,6,1,30,6,1956,2,6,5,1,5
2.02E+12,1,9,0,18,0,1,0,0,0,0,1,1,6,1,30,6,3999,1,9,2,1,2
2.02E+12,2,11,0,18,0,2,0,0,0,0,1,1,6,1,65,9,9000,2,9,1,1,1
2.02E+12,1,21,0,7,0,8,0,0,0,0,1,1,6,1,48,8,12740,2,1,3,1,3
2.02E+12,1,9,0,18,0,8,0,4,1,0,1,1,6,1,21,5,1995,2,3,2,1,2
2.02E+12,2,9,0,9,0,6,0,4,3,0,3,1,6,2,30,6,1368,1,8,2,1,2
2.02E+12,1,9,0,16,0,2,0,7,0,0,1,1,6,2,18,4,1360,1,10,6,1,6
2.02E+12,2,9,0,18,0,1,0,0,0,0,1,1,6,2,84,11,998,1,16,3,1,3
2.02E+12,1,9,0,18,0,8,0,0,0,0,1,1,6,2,36,7,1596,1,13,2,1,2
2.02E+12,2,9,0,9,0,1,0,0,0,0,4,1,6,2,37,7,1598,2,1,9,1,9
2.02E+12,1,9,0,9,0,1,0,0,0,0,1,1,6,1,63,9,998,1,2,6,1,6
2.02E+12,2,9,0,5,0,8,0,0,0,0,3,1,6,1,34,6,1124,1,15,2,1,2
2.02E+12,1,9,0,5,0,8,0,0,0,0,4,1,6,2,78,11,1969,2,2,10,1,10
2.02E+12,2,9,0,18,0,8,0,0,0,0,1,1,6,1,22,5,998,1,1,6,1,6
2.02E+12,1,9,0,18,0,1,1,0,1,0,1,1,6,2,20,4,1360,1,7,3,1,3
2.02E+12,2,20,0,18,0,1,2,0,7,0,1,1,1,1,56,9,3900,2,13,2,1,2
2.02E+12,1,9,0,9,0,1,1,0,3,1,1,1,6,1,18,4,1149,1,4,4,1,4
2.02E+12,1,9,0,7,0,8,0,0,0,0,1,1,3,1,56,9,1910,2,12,1,1,1
2.02E+12,2,3,0,18,0,1,0,0,0,0,1,1,1,1,24,5,125,1,13,1,1,1
2.02E+12,1,9,0,18,0,4,0,0,0,0,1,1,5,2,29,6,1422,2,11,2,1,2
2.02E+12,1,9,0,18,0,8,0,0,0,0,4,1,6,1,67,10,1956,2,1,1,1,1
2.02E+12,2,9,0,18,0,8,0,0,0,0,1,1,6,2,50,8,1587,1,14,2,1,2
2.02E+12,1,21,0,18,0,1,0,0,0,0,1,1,6,1,48,8,12777,2,9,3,1,3
2.02E+12,2,9,0,3,0,1,0,0,0,0,2,1,6,2,50,8,1398,2,2,8,3,8
2.02E+12,3,9,0,3,0,1,0,0,0,0,2,1,6,1,47,8,1398,1,2,5,1,5
2.02E+12,1,9,0,18,0,1,0,0,0,0,2,1,6,1,24,5,1242,1,15,8,3,8
2.02E+12,1,9,0,18,0,3,0,0,0,0,1,1,2,1,36,7,2480,1,1,7,1,7
2.02E+12,1,9,0,18,0,1,0,0,0,0,1,1,6,1,82,11,1398,1,7,6,1,6
2.02E+12,2,9,0,3,0,1,0,0,0,0,2,1,6,1,45,7,1461,2,4,4,1,4
2.02E+12,1,9,0,7,0,6,0,0,0,0,0,1,6,2,50,8,1781,1,17,7,1,7
2.02E+12,1,9,0,18,0,1,0,0,3,0,1,1,1,2,21,5,1200,1,1,9,1,9
2.02E+12,2,9,0,18,0,1,0,0,3,0,4,1,1,2,51,8,1598,1,14,8,1,8
2.02E+12,2,9,0,4,0,1,0,0,0,0,2,1,6,2,31,6,1395,1,4,7,1,7
2.02E+12,1,9,0,9,0,8,0,0,0,0,1,1,6,1,47,8,1984,1,10,8,1,8
2.02E+12,2,9,0,17,0,1,0,0,0,0,4,1,6,2,71,10,1200,1,1,4,1,4
2.02E+12,2,9,0,4,0,1,0,0,0,0,2,1,6,1,34,6,1598,2,4,3,1,3
2.02E+12,1,9,0,18,0,1,0,0,0,0,1,1,6,1,66,10,1995,2,2,2,1,2
2.02E+12,2,9,0,18,0,8,0,0,0,0,1,1,2,1,49,8,1685,2,4,5,1,5
2.02E+12,2,9,0,9,0,2,0,0,0,0,1,1,6,1,32,6,1364,1,9,2,1,2
2.02E+12,2,3,0,18,0,1,0,0,0,0,1,1,6,1,44,7,125,1,2,9,1,9
2.02E+12,2,8,0,18,0,4,0,0,0,0,2,1,6,1,49,8,1968,2,5,6,1,6
2.02E+12,1,9,0,8,0,1,0,0,0,0,3,1,2,1,22,5,1586,1,5,7,1,7
2.02E+12,1,9,0,7,0,8,0,0,0,0,1,1,1,1,26,6,1998,1,1,1,1,1
2.02E+12,2,9,0,16,0,8,0,0,0,0,1,1,6,1,65,9,1461,2,3,8,2,8
2.02E+12,1,9,0,9,0,1,0,0,0,0,1,1,6,1,74,10,1242,1,11,3,1,3
2.02E+12,2,9,0,18,0,1,0,0,0,0,3,1,6,2,56,9,1388,1,9,2,1,2
2.02E+12,1,9,0,18,0,1,0,0,0,0,1,1,1,1,21,5,1242,1,14,4,1,4
2.02E+12,2,9,0,3,0,1,0,0,0,0,2,1,1,1,67,10,998,1,4,10,1,10
2.02E+12,3,9,0,3,0,1,0,0,0,0,2,1,1,1,33,6,1968,2,5,4,1,4
2.02E+12,4,9,0,3,0,1,0,0,0,0,2,1,3,2,44,7,1998,1,12,10,1,10
2.02E+12,1,9,0,18,0,3,0,0,0,0,1,1,6,1,24,5,1599,1,15,5,3,5
2.02E+12,1,9,0,7,0,8,0,0,0,0,3,1,2,1,62,9,1956,2,5,10,1,10
2.02E+12,1,9,0,18,0,1,0,0,0,0,1,1,6,1,28,6,1686,2,12,8,1,8
2.02E+12,1,9,0,9,0,1,0,0,0,0,3,1,5,2,42,7,1460,2,11,3,1,3
2.02E+12,1,9,0,9,0,2,0,0,3,0,1,1,5,2,84,11,1299,1,16,6,1,6
2.02E+12,2,9,0,18,0,1,0,0,3,0,1,1,5,1,52,8,3200,2,9,8,3,8
2.02E+12,1,9,0,9,0,8,0,0,0,0,1,1,2,2,41,7,1560,2,12,5,1,5
2.02E+12,2,9,0,18,0,1,0,0,0,0,4,1,2,1,57,9,1896,2,12,3,1,3
2.02E+12,2,9,0,18,0,1,0,0,0,0,2,1,5,1,39,7,1598,1,14,10,1,10
2.02E+12,3,9,0,4,0,1,0,0,0,0,2,1,5,1,32,6,998,1,15,9,2,9
2.02E+12,1,9,0,18,0,1,0,0,0,0,4,1,6,1,23,5,998,1,15,2,1,2
2.02E+12,2,3,0,18,0,1,0,0,0,0,1,1,6,1,26,6,125,1,2,1,1,1
2.02E+12,1,9,0,14,0,1,0,0,0,0,1,1,6,2,49,8,1200,1,1,10,2,10
2.02E+12,2,9,0,3,0,1,0,0,0,0,2,1,6,1,47,8,2000,2,10,5,1,5
2.02E+12,1,9,0,18,0,7,0,0,0,0,4,1,6,2,41,7,998,1,10,3,1,3
2.02E+12,1,9,0,18,0,4,0,0,0,0,0,1,1,1,23,5,1598,1,6,7,1,7
2.02E+12,1,9,0,9,0,1,0,0,7,0,4,1,5,2,22,5,1299,1,12,3,1,3
2.02E+12,2,9,0,18,0,1,0,0,0,0,1,1,5,1,33,6,3800,1,9,9,1,9
2.02E+12,2,9,0,7,0,1,0,0,1,0,2,1,2,1,39,7,1390,1,10,6,2,6
2.02E+12,1,9,0,9,0,8,0,0,0,0,1,1,6,1,30,6,1598,1,6,8,2,8
2.02E+12,2,9,0,18,0,1,0,0,0,0,1,1,6,1,30,6,2199,2,7,3,1,3
2.02E+12,1,9,0,8,0,1,0,0,0,0,1,1,6,1,80,11,1364,1,3,2,1,2
2.02E+12,2,9,0,18,0,1,0,0,0,0,1,1,6,1,50,8,2720,2,11,6,1,6
2.02E+12,1,9,0,18,0,1,0,0,0,0,1,1,6,2,18,4,1229,1,6,8,1,8
2.02E+12,2,9,0,3,0,1,0,0,0,0,2,1,3,2,44,7,1560,2,4,8,3,8
2.02E+12,3,9,0,18,0,1,0,0,0,0,1,1,3,2,39,7,1598,2,2,6,1,6
2.02E+12,1,9,0,18,0,3,0,0,0,0,1,1,5,1,54,8,1229,1,4,1,1,1
2.02E+12,1,3,0,18,0,8,0,0,0,0,1,1,5,1,18,4,124,1,8,4,1,4
2.02E+12,1,9,0,5,0,4,0,0,0,0,1,1,1,1,54,8,1870,2,11,5,1,5
2.02E+12,2,5,0,18,0,8,0,0,0,0,1,1,2,1,46,8,599,1,7,3,1,3
2.02E+12,1,8,0,17,0,2,0,0,0,0,1,1,6,1,36,7,1560,2,7,2,1,2
2.02E+12,2,9,0,2,0,2,0,0,0,0,2,1,6,1,50,8,1796,1,16,2,1,2
2.02E+12,1,9,0,9,0,8,0,0,0,0,1,1,6,2,65,9,1798,8,1,9,1,9
2.02E+12,1,9,0,18,0,1,2,0,2,2,4,1,6,1,20,4,1679,1,18,2,1,2
2.02E+12,3,9,0,5,0,1,0,0,0,0,0,1,6,2,26,6,1461,2,4,3,2,3
2.02E+12,1,9,0,7,0,2,0,0,0,0,0,1,6,2,36,7,1242,1,13,5,1,5
2.02E+12,1,9,0,9,0,1,0,0,0,0,1,1,1,1,19,4,1600,1,11,4,1,4
2.02E+12,2,9,0,18,0,1,0,0,0,0,1,1,1,2,52,8,1149,1,10,6,1,6
2.02E+12,1,9,0,18,0,4,0,0,0,0,1,1,1,1,45,7,1686,2,3,1,1,1
2.02E+12,1,9,0,3,0,1,0,0,0,0,2,1,6,1,33,6,1461,2,4,1,1,1
2.02E+12,3,9,0,18,0,1,0,0,0,0,1,1,6,1,63,9,1968,2,4,7,3,7
2.02E+12,1,9,0,18,0,7,0,0,0,0,1,1,6,2,52,8,1598,1,18,2,1,2
2.02E+12,2,9,0,18,0,7,0,0,0,0,1,1,6,1,39,7,1998,2,12,1,1,1
2.02E+12,3,9,0,18,0,7,0,0,0,0,2,1,6,1,44,7,1968,2,5,1,1,1
2.02E+12,1,9,0,5,0,1,0,0,0,0,4,1,5,2,47,8,2497,2,13,10,1,10
2.02E+12,1,9,0,1,0,8,0,0,0,0,2,1,1,1,47,8,1896,2,9,1,1,1
2.02E+12,1,9,0,9,0,2,0,0,0,0,1,1,6,2,33,6,1598,1,4,5,3,5
2.02E+12,2,19,0,8,0,1,0,0,0,0,1,1,1,1,23,5,2299,2,3,3,1,3
2.02E+12,1,9,0,12,0,4,0,0,0,0,2,1,6,2,19,4,1197,1,4,7,1,7
2.02E+12,2,9,0,18,0,4,0,0,0,0,1,1,6,1,25,5,1998,2,13,4,1,4
2.02E+12,1,9,0,9,0,8,0,0,0,0,4,1,6,2,20,4,1198,1,12,3,1,3
2.02E+12,2,9,0,18,0,8,0,0,0,0,1,1,6,2,55,8,1124,1,12,2,2,2
2.02E+12,2,9,0,7,0,1,0,0,0,0,2,1,6,1,46,8,1461,2,4,2,1,2
2.02E+12,1,9,0,18,0,4,0,0,0,0,1,1,6,2,54,8,2993,2,2,5,3,5
2.02E+12,1,9,0,18,0,7,0,0,1,0,1,1,6,1,43,7,1598,2,2,1,1,1
2.02E+12,2,9,0,18,0,7,0,0,0,0,1,1,6,1,42,7,2982,2,20,1,1,1
2.02E+12,1,9,0,16,0,1,0,0,0,0,1,1,6,2,41,7,1299,1,14,4,1,4
2.02E+12,2,9,0,17,0,1,0,0,0,0,1,1,6,2,34,6,1398,2,4,9,1,9
2.02E+12,3,19,0,10,0,1,0,0,0,0,2,1,6,1,27,6,1560,2,3,3,1,3
2.02E+12,1,9,5,18,0,1,0,0,0,0,3,1,6,1,50,8,1991,2,10,9,3,9
2.02E+12,2,9,0,18,0,1,0,0,0,0,3,1,6,1,31,6,1997,2,7,2,1,2
2.02E+12,3,19,0,18,0,1,0,0,0,0,4,1,6,1,38,7,2461,2,15,2,1,2
2.02E+12,1,9,0,16,0,8,1,0,0,0,1,1,1,1,20,4,1590,1,13,1,1,1
2.02E+12,1,9,0,9,0,8,0,0,0,0,1,1,6,1,51,8,1242,1,18,3,1,3
2.02E+12,1,9,0,5,0,2,0,0,0,0,4,1,6,1,36,7,1984,1,17,6,1,6
2.02E+12,1,9,0,18,0,6,0,0,0,0,1,1,6,1,38,7,1910,2,9,7,1,7
2.02E+12,2,9,0,18,0,1,0,0,0,0,1,1,6,1,17,4,1198,1,3,9,2,9
2.02E+12,1,9,0,7,0,1,0,0,0,0,2,1,2,1,25,5,1995,1,11,7,1,7
2.02E+12,1,9,0,10,0,8,0,0,0,0,4,1,6,2,26,6,1560,2,10,2,2,2
2.02E+12,2,9,0,18,0,8,0,0,0,0,1,1,6,1,52,8,1248,2,5,4,1,4
2.02E+12,1,9,0,18,0,4,0,0,0,0,1,1,6,1,77,11,999,1,2,8,1,8
2.02E+12,2,3,0,18,0,4,0,0,0,0,4,1,6,1,21,5,124,1,5,6,3,6
2.02E+12,1,90,0,13,0,1,0,0,0,0,1,1,1,2,23,5,2999,2,4,6,1,6
2.02E+12,2,9,0,9,0,1,0,0,0,0,4,1,6,1,29,6,1988,1,15,6,1,6
2.02E+12,2,9,0,3,0,1,0,0,0,0,2,1,6,2,36,7,1329,1,5,5,1,5
2.02E+12,1,9,0,18,0,1,0,0,0,0,1,1,6,2,22,5,1598,1,12,4,1,4
2.02E+12,2,9,0,3,0,1,0,0,0,0,2,1,6,2,52,8,1997,2,8,4,1,4
2.02E+12,1,9,0,9,0,1,0,0,0,0,1,1,6,2,75,10,1242,1,11,8,3,8
2.02E+12,2,9,0,16,0,1,0,0,0,0,1,1,6,2,46,8,1997,2,6,7,1,7
2.02E+12,1,9,0,18,0,8,0,0,0,0,1,1,6,2,32,6,998,1,4,8,3,8
2.02E+12,2,9,0,18,0,8,0,0,0,0,1,1,6,2,32,6,1951,2,16,1,1,1
2.02E+12,1,9,0,16,0,1,0,0,0,0,1,1,2,2,34,6,1595,2,8,10,1,10
2.02E+12,2,9,0,4,0,1,0,0,0,0,2,1,1,2,41,7,1597,2,3,8,3,8
2.02E+12,3,9,0,2,0,2,0,0,0,0,2,1,2,2,28,6,1199,1,13,7,1,7
2.02E+12,1,9,0,18,0,8,0,0,0,0,1,1,5,1,36,7,1399,2,11,5,1,5
2.02E+12,2,9,0,18,0,8,0,0,0,0,1,1,5,2,27,6,1598,1,1,5,1,5
2.02E+12,1,9,0,18,0,4,0,0,0,0,1,1,6,2,76,11,1296,1,9,10,2,10
2.02E+12,2,9,0,9,0,3,0,0,0,0,1,1,6,2,29,6,1198,1,5,6,1,6
2.02E+12,1,9,0,7,0,2,0,0,0,0,2,1,6,1,69,10,2926,2,13,8,1,8
2.02E+12,2,9,0,18,0,1,0,0,0,0,1,1,6,1,56,9,2967,1,14,7,1,7
2.02E+12,1,9,0,9,0,2,0,0,0,0,1,1,6,2,32,6,1598,1,12,2,1,2
2.02E+12,2,9,0,18,0,1,0,0,0,0,1,1,6,2,27,6,1596,1,10,2,1,2
2.02E+12,1,9,0,9,0,1,0,0,0,0,1,1,6,1,55,8,1364,1,7,8,1,8
2.02E+12,1,9,0,7,0,8,0,0,0,0,1,1,6,2,55,8,998,1,2,9,3,9
2.02E+12,1,9,0,18,0,4,0,0,0,0,3,1,5,1,22,5,1968,2,13,3,1,3
2.02E+12,2,3,0,18,0,4,0,0,0,0,3,1,5,1,42,7,124,1,2,5,1,5
2.02E+12,1,9,0,18,0,1,0,0,0,0,1,1,6,2,37,7,1968,2,1,10,2,10
2.02E+12,2,9,0,18,0,6,0,0,0,0,1,1,6,2,49,8,2488,2,8,7,1,7