Accident_Index,Vehicle_Reference,Vehicle_Type,Towing_and_Articulation,Vehicle_Manoeuvre,Vehicle_Location-Restricted_Lane,Junction_Location,Skidding_and_Overturning,Hit_Object_in_Carriageway,Vehicle_Leaving_Carriageway,Hit_Object_off_Carriageway,1st_Point_of_Impact,Was_Vehicle_Left_Hand_Drive?,Journey_Purpose_of_Driver,Sex_of_Driver,Age_of_Driver,Age_Band_of_Driver,Engine_Capacity_(CC),Propulsion_Code,Age_of_Vehicle,Driver_IMD_Decile,Driver_Home_Area_Type,Vehicle_IMD_Decile
2.02E+12,1,9,0,18,0,1,0,0,0,0,1,1,6,2,56,9,1969,2,1,9,2,9
2.02E+12,2,9,0,4,0,1,0,0,0,0,2,1,6,1,34,6,1997,2,3,3,3,3
2.02E+12,2,9,0,4,0,1,0,0,0,0,2,1,6,2,51,8,2179,2,7,5,1,5
2.02E+12,1,9,0,18,0,1,0,0,0,0,1,1,6,1,51,8,1951,2,14,5,1,5
2.02E+12,2,9,0,18,0,1,0,0,0,0,4,1,6,1,28,6,1461,2,1,1,1,1
2.02E+12,2,9,0,18,0,1,0,0,0,0,3,1,6,1,45,7,1149,1,12,9,1,9
2.02E+12,1,9,0,18,0,1,0,0,0,0,3,1,6,2,20,4,1198,1,4,2,1,2
2.02E+12,1,9,0,10,0,1,0,0,0,0,1,1,6,1,43,7,1461,2,1,1,1,1
2.02E+12,2,9,0,10,0,1,0,0,0,0,2,1,2,2,38,7,1496,2,1,5,1,5
2.02E+12,1,9,0,18,0,8,0,0,0,0,3,1,6,2,27,6,1242,1,8,5,1,5
2.02E+12,2,9,0,12,0,8,0,0,0,0,3,1,6,1,27,6,1598,1,11,1,1,1
2.02E+12,1,9,0,18,0,1,0,0,0,0,1,1,6,1,60,9,1391,1,16,2,1,2
2.02E+12,2,9,0,10,0,1,0,0,0,0,2,1,6,1,72,10,2199,2,7,6,1,6
2.02E+12,1,9,0,5,0,4,0,0,0,0,3,1,6,2,52,8,1910,2,10,2,1,2
2.02E+12,2,9,0,18,0,4,0,0,0,0,1,1,6,1,63,9,2902,2,13,4,1,4
2.02E+12,2,9,0,18,0,1,0,4,0,0,3,1,6,1,35,6,1560,2,8,1,1,1
2.02E+12,1,9,0,9,0,2,0,0,0,0,1,1,6,2,53,8,1490,1,8,10,1,10
2.02E+12,2,9,0,17,0,1,0,0,0,0,1,1,6,2,32,6,1149,1,7,9,1,9
2.02E+12,1,9,0,5,0,2,0,0,0,0,1,1,5,1,19,4,998,1,1,3,1,3
2.02E+12,2,9,0,5,0,2,0,0,0,0,3,1,2,1,56,9,1242,1,4,2,1,2
2.02E+12,2,19,0,18,0,1,0,0,0,0,1,1,1,1,58,9,2402,2,14,2,1,2
2.02E+12,2,9,0,13,0,1,1,0,0,0,4,1,1,1,38,7,2993,2,1,7,1,7
2.02E+12,1,9,0,9,0,1,0,0,0,0,1,1,6,2,35,6,1596,1,10,6,1,6
2.02E+12,1,9,0,18,0,8,0,0,0,0,1,1,6,1,37,7,1598,1,5,2,1,2
2.02E+12,2,9,0,18,0,8,0,0,0,0,4,1,1,1,53,8,1560,2,3,7,1,7
2.02E+12,2,9,0,18,0,8,0,0,0,0,3,1,6,2,51,8,1560,2,1,7,1,7
2.02E+12,1,9,0,17,0,8,0,0,0,0,1,1,6,1,21,5,1197,1,1,10,1,10
2.02E+12,2,8,0,4,0,8,0,0,0,0,2,1,1,1,55,8,2402,2,11,4,1,4
2.02E+12,1,9,0,9,0,1,0,0,0,0,1,1,2,2,49,8,1870,2,9,7,3,7
2.02E+12,2,9,0,16,0,1,0,0,0,0,3,1,2,2,21,5,1598,1,12,9,1,9
2.02E+12,2,9,0,5,0,4,0,0,0,0,2,1,6,2,37,7,1598,1,13,4,1,4
2.02E+12,1,9,0,7,0,2,0,0,7,11,1,1,6,2,25,5,1799,1,6,3,1,3
2.02E+12,2,9,0,18,0,1,0,0,0,0,1,1,6,2,31,6,1685,2,3,10,1,10
2.02E+12,1,9,0,18,0,2,0,0,0,0,3,1,6,2,43,7,1598,1,15,9,1,9
2.02E+12,1,9,0,18,0,1,0,0,0,0,1,1,6,2,31,6,1988,1,16,5,1,5
2.02E+12,1,9,0,18,0,1,0,0,0,0,1,1,1,1,25,5,1968,2,9,4,1,4
2.02E+12,2,9,0,18,0,1,0,0,0,0,1,1,1,2,23,5,1598,1,10,10,1,10
2.02E+12,1,9,0,9,0,1,0,0,0,0,1,1,6,1,31,6,1200,1,2,5,1,5
2.02E+12,2,9,0,18,0,1,0,0,0,0,1,1,6,1,37,7,1598,1,4,4,1,4
2.02E+12,1,9,0,9,0,8,0,0,0,0,1,1,6,1,20,4,1781,1,21,6,1,6
2.02E+12,2,9,0,18,0,8,0,0,0,0,1,1,6,1,27,6,998,1,2,8,2,8
2.02E+12,1,9,0,18,0,7,0,0,0,0,1,1,6,1,28,6,1896,2,10,2,1,2
2.02E+12,1,9,0,7,0,8,0,0,6,0,1,1,6,2,65,9,998,1,4,5,1,5
2.02E+12,3,9,0,3,0,1,0,0,0,0,1,1,6,1,26,6,1995,2,10,4,1,4
2.02E+12,4,9,0,18,0,1,0,0,0,0,1,1,6,2,22,5,1598,1,13,9,1,9
2.02E+12,1,9,0,18,0,1,0,0,0,0,1,1,6,2,19,4,1242,1,14,9,2,9
2.02E+12,2,9,0,18,0,1,0,0,0,0,2,1,6,2,17,4,1242,1,8,4,1,4
2.02E+12,3,9,0,4,0,1,0,0,0,0,2,1,6,2,46,8,1598,1,9,9,1,9
2.02E+12,1,19,0,5,0,1,0,0,0,0,1,1,1,1,54,8,1560,2,2,1,1,1
2.02E+12,2,9,0,18,0,1,0,0,0,0,1,1,6,2,19,4,1149,1,1,8,3,8
2.02E+12,1,9,0,18,0,8,0,0,0,0,1,1,6,1,25,5,1199,2,6,6,1,6
2.02E+12,2,9,0,3,0,8,0,0,0,0,2,1,6,1,21,5,1968,2,6,8,1,8
2.02E+12,1,9,0,7,0,1,0,0,0,0,1,1,6,2,17,4,998,1,11,10,1,10
2.02E+12,1,9,0,18,0,8,0,0,0,0,1,1,3,1,42,7,2495,2,13,5,1,5
2.02E+12,2,9,0,18,0,8,0,0,0,0,1,1,2,2,40,7,1560,2,5,6,1,6
2.02E+12,1,9,0,18,0,1,0,0,0,0,1,1,6,1,49,8,1360,1,10,6,1,6
2.02E+12,2,9,0,18,0,1,0,0,0,0,4,1,6,2,40,7,1598,1,10,2,1,2
2.02E+12,2,9,0,18,0,1,0,0,0,0,3,1,6,1,43,7,1968,2,10,4,1,4
2.02E+12,1,3,0,18,0,8,0,0,0,0,1,1,6,1,20,4,125,1,4,6,3,6
2.02E+12,2,9,0,18,0,8,0,0,0,0,1,1,6,1,25,5,1984,1,1,3,1,3
2.02E+12,2,5,0,18,0,1,0,0,0,0,3,1,6,1,73,10,675,1,5,4,1,4
2.02E+12,1,9,0,18,0,2,0,0,0,0,1,1,6,1,68,10,1461,2,8,7,1,7
2.02E+12,1,9,0,18,0,1,0,0,0,0,1,1,6,2,30,6,1560,2,6,2,1,2
2.02E+12,1,9,0,7,0,1,0,0,0,0,1,1,2,2,37,7,1596,1,5,7,1,7
2.02E+12,2,9,0,18,0,1,0,0,0,0,1,1,1,1,47,8,1596,1,6,4,1,4
2.02E+12,1,9,0,18,0,1,0,0,0,0,1,1,6,1,86,11,998,1,3,5,1,5
2.02E+12,1,9,0,18,0,8,0,0,0,0,1,1,2,2,25,5,1598,2,5,10,1,10
2.02E+12,2,3,0,9,0,6,0,0,0,0,2,1,1,1,31,6,125,1,2,1,1,1
2.02E+12,1,9,0,18,0,1,0,0,0,0,1,1,2,1,23,5,2000,2,12,10,1,10
2.02E+12,1,9,0,5,0,8,0,0,0,0,3,1,1,1,20,4,1598,2,3,2,1,2
2.02E+12,1,9,0,18,0,6,0,0,1,0,1,1,6,1,82,11,1560,2,1,5,1,5
2.02E+12,2,9,0,18,0,8,0,0,0,0,4,1,6,2,50,8,1229,1,5,3,1,3
2.02E+12,1,9,0,7,0,8,0,0,0,0,1,1,6,2,37,7,1596,1,14,4,1,4
2.02E+12,2,9,0,18,0,1,0,0,0,0,1,1,6,2,27,6,1598,1,5,4,1,4
2.02E+12,3,9,0,18,0,1,0,0,0,0,1,1,6,1,59,9,1598,1,14,8,1,8
2.02E+12,2,9,0,18,0,8,0,0,0,0,1,1,2,3,30,6,1560,2,11,6,1,6
2.02E+12,1,9,0,10,0,1,0,0,0,0,1,1,6,1,66,10,698,1,14,2,1,2
2.02E+12,1,9,0,7,0,1,0,0,0,0,3,1,6,1,49,8,1798,1,8,7,3,7
2.02E+12,2,9,0,18,0,1,0,0,0,0,1,1,6,2,34,6,1240,1,9,9,1,9
2.02E+12,1,9,0,9,0,8,0,0,0,0,1,1,6,1,74,10,1339,1,13,6,1,6
2.02E+12,2,9,0,18,0,1,0,0,1,0,1,1,6,2,59,9,1587,1,13,8,3,8
2.02E+12,1,9,0,18,0,1,0,0,0,0,1,1,1,1,34,6,1997,2,2,6,1,6
2.02E+12,1,9,0,18,0,1,0,0,0,0,1,1,6,1,37,7,2996,1,1,5,1,5
2.02E+12,2,5,0,9,0,1,0,0,0,0,1,1,6,1,23,5,599,1,19,1,1,1
2.02E+12,2,9,0,17,0,1,0,0,0,0,1,1,6,1,53,8,1968,2,3,10,1,10
2.02E+12,2,9,0,18,0,1,0,0,0,0,1,1,1,1,22,5,1598,2,6,7,2,7
2.02E+12,2,9,0,18,0,1,0,0,1,0,1,1,6,2,24,5,995,1,6,4,1,4
2.02E+12,1,9,0,18,0,1,0,0,0,0,1,1,6,1,51,8,1910,2,9,5,1,5
2.02E+12,1,9,0,5,0,1,0,0,0,0,1,1,6,1,71,10,1596,1,14,2,1,2
2.02E+12,2,9,0,18,0,8,0,0,0,0,1,1,3,1,48,8,2967,1,14,2,1,2
2.02E+12,3,9,0,18,0,8,0,0,0,0,1,1,3,2,59,9,1686,2,7,6,1,6
2.02E+12,4,9,0,18,0,8,0,0,0,0,1,1,3,2,34,6,1995,2,1,2,1,2
2.02E+12,1,9,0,9,0,2,0,0,0,0,1,1,6,1,43,7,2230,1,10,8,1,8
2.02E+12,1,9,0,18,0,1,0,0,0,0,1,1,6,2,85,11,1000,1,4,5,1,5
2.02E+12,1,9,0,3,0,7,0,0,0,0,1,1,6,1,32,6,2993,2,3,2,1,2
2.02E+12,2,9,0,3,0,7,0,0,0,0,2,1,6,2,29,6,1197,1,5,5,1,5
2.02E+12,1,5,0,18,0,1,0,0,0,0,2,1,6,1,31,6,675,1,11,4,1,4
2.02E+12,2,9,0,9,0,1,0,0,0,0,1,1,5,1,43,7,1896,2,10,2,1,2
2.02E+12,1,9,0,18,0,8,0,0,0,0,1,1,6,1,73,10,2400,2,9,9,1,9
2.02E+12,3,19,0,18,0,2,0,0,0,0,1,1,6,1,70,10,1560,2,1,8,2,8
2.02E+12,1,9,0,18,0,1,0,0,0,0,4,1,6,2,58,9,1397,1,5,8,3,8
2.02E+12,2,9,0,18,0,1,0,0,0,0,1,1,6,1,62,9,1086,1,10,6,1,6
2.02E+12,1,9,0,9,0,2,0,0,0,0,1,1,6,1,19,4,1398,1,4,1,1,1
2.02E+12,2,9,0,18,0,1,0,0,0,0,1,1,6,1,65,9,1560,2,6,9,1,9
2.02E+12,1,9,0,18,0,7,0,0,0,0,1,1,2,1,50,8,1461,2,3,9,2,9
2.02E+12,3,9,0,3,0,7,0,0,0,0,2,1,2,1,47,8,1499,2,2,5,1,5
2.02E+12,1,3,0,13,0,1,0,0,0,0,1,1,6,1,19,4,125,1,1,2,1,2
2.02E+12,2,9,0,10,0,1,0,0,0,0,3,1,6,2,48,8,1461,2,1,9,1,9
2.02E+12,1,9,0,18,0,8,0,0,7,0,3,1,6,1,56,9,1587,1,18,3,1,3
2.02E+12,2,9,0,18,0,8,0,0,7,0,1,1,6,1,23,5,1994,2,14,2,1,2
2.02E+12,1,9,0,18,0,4,0,0,0,0,1,1,2,1,38,7,1582,2,6,2,1,2
2.02E+12,2,9,0,18,0,4,0,0,0,0,2,1,2,2,33,6,1598,1,6,9,2,9
2.02E+12,1,9,0,18,0,2,0,0,0,0,1,1,6,1,18,4,1229,1,3,8,3,8
2.02E+12,3,9,0,4,0,2,0,0,0,0,2,1,6,2,24,5,998,1,3,4,1,4
2.02E+12,1,9,0,6,0,1,0,0,0,0,3,1,6,2,21,5,998,1,5,4,1,4
2.02E+12,1,9,0,18,0,1,0,0,0,0,1,1,6,1,22,5,1998,1,12,8,2,8
2.02E+12,2,9,0,9,0,8,0,0,0,0,3,1,6,1,45,7,2495,2,17,6,3,6
2.02E+12,1,9,0,18,0,4,0,0,0,0,1,1,6,2,81,11,1360,1,16,6,1,6
2.02E+12,2,5,0,5,0,4,0,0,0,0,3,1,6,1,49,8,599,1,15,8,3,8
2.02E+12,1,9,0,9,0,4,0,0,0,0,1,1,6,2,62,9,1598,1,4,10,1,10
2.02E+12,1,9,0,18,0,1,0,0,0,0,1,1,6,1,44,7,1598,1,7,1,1,1
2.02E+12,2,9,0,3,0,1,0,0,0,0,2,1,6,1,44,7,2148,2,11,6,1,6
2.02E+12,1,9,0,18,0,1,0,0,0,0,0,1,6,2,34,6,1398,2,8,2,1,2
2.02E+12,2,9,0,10,0,1,0,0,0,0,2,1,6,1,46,8,1388,1,5,8,3,8
2.02E+12,1,9,0,18,0,1,0,0,0,0,1,1,6,1,29,6,2435,1,13,2,1,2
2.02E+12,2,9,0,18,0,1,0,0,0,0,2,1,2,1,36,7,1398,1,8,3,1,3
2.02E+12,1,9,0,18,0,1,0,0,0,0,1,1,6,1,34,6,1999,1,8,3,1,3
2.02E+12,2,9,0,18,0,1,0,0,0,0,1,1,6,1,34,6,1560,2,3,4,1,4
2.02E+12,1,9,0,18,0,1,0,0,0,0,1,1,6,1,31,6,2993,2,12,6,3,6
2.02E+12,2,9,0,9,0,8,0,0,0,0,1,1,6,1,44,7,1598,1,11,7,2,7
2.02E+12,2,9,0,4,0,1,0,0,0,0,2,1,6,2,19,4,1368,1,1,9,1,9
2.02E+12,1,9,0,3,0,2,0,0,0,0,1,1,6,1,24,5,1686,2,13,2,1,2
2.02E+12,2,9,0,5,0,2,0,0,0,0,1,1,6,1,27,6,1995,2,15,1,1,1
2.02E+12,1,9,0,18,0,1,0,0,0,0,1,1,6,1,32,6,1242,1,15,4,1,4
2.02E+12,2,9,0,10,0,1,0,0,0,0,2,1,6,2,41,7,1560,2,4,7,1,7
2.02E+12,1,9,0,18,0,2,0,4,0,0,1,1,6,2,51,8,1598,1,13,4,1,4
2.02E+12,1,9,0,18,0,1,0,0,0,0,1,1,6,2,62,9,1598,1,1,2,1,2
2.02E+12,2,19,0,10,0,1,0,0,0,0,2,1,1,1,20,4,2402,2,6,8,1,8
2.02E+12,2,9,0,3,0,1,0,0,0,0,2,1,2,1,46,8,1560,2,3,5,3,5
2.02E+12,1,9,0,9,0,8,0,0,0,0,1,1,6,2,76,11,1240,1,7,6,1,6
2.02E+12,2,3,0,18,0,1,0,0,0,0,1,1,1,1,31,6,125,1,2,6,1,6
2.02E+12,1,9,0,9,0,8,0,0,0,0,3,1,6,1,34,6,2987,2,9,9,3,9
2.02E+12,2,9,0,8,0,1,0,0,0,0,2,1,6,1,46,8,1686,2,4,3,1,3
2.02E+12,1,9,0,9,0,8,0,0,0,0,1,1,2,2,50,8,1560,2,2,8,1,8
2.02E+12,2,9,0,18,0,8,0,0,0,0,1,1,2,1,50,8,1753,2,10,3,1,3
2.02E+12,1,9,0,18,0,3,0,0,0,0,1,1,6,2,75,10,1339,1,9,5,1,5
2.02E+12,2,9,0,18,0,3,0,0,1,0,3,1,6,1,52,8,1461,2,11,3,1,3
2.02E+12,3,9,0,18,0,4,0,0,0,0,1,1,6,1,59,9,2495,2,14,8,1,8
2.02E+12,1,9,0,4,0,1,0,0,0,0,2,1,6,1,39,7,1248,2,5,9,1,9
2.02E+12,2,9,0,18,0,1,0,0,0,0,1,1,6,1,65,9,1956,2,5,2,1,2
2.02E+12,2,9,0,9,0,1,0,0,0,0,3,1,6,1,47,8,2231,2,10,10,1,10
2.02E+12,1,9,0,9,0,1,0,0,0,0,1,1,6,2,34,6,1598,1,9,5,1,5
2.02E+12,2,5,0,18,0,1,0,0,0,0,2,1,6,1,19,4,645,1,9,10,1,10
2.02E+12,1,9,0,18,0,1,0,0,0,0,1,1,6,1,40,7,1968,2,1,2,1,2
2.02E+12,2,9,0,9,0,1,0,0,0,0,4,1,6,1,27,6,1995,2,5,8,1,8
2.02E+12,1,9,0,18,0,1,0,0,0,0,1,1,1,2,59,9,1343,1,14,5,1,5
2.02E+12,2,9,0,18,0,4,0,0,0,0,4,1,6,2,46,8,2148,2,15,9,1,9
2.02E+12,2,9,0,10,0,2,0,0,0,0,4,1,6,2,63,9,2179,2,4,4,1,4
2.02E+12,1,9,0,18,0,1,0,0,0,0,0,1,6,1,24,5,1229,1,6,8,1,8
2.02E+12,2,9,0,18,0,1,0,0,0,0,2,1,6,2,31,6,1796,1,12,6,1,6
2.02E+12,3,9,0,9,0,1,0,0,0,0,0,1,6,1,73,10,1598,1,6,7,1,7
2.02E+12,1,9,0,18,0,8,0,0,0,0,1,1,6,2,53,8,1248,1,5,10,1,10
2.02E+12,1,9,0,16,0,1,0,0,0,0,1,1,6,1,25,5,1229,1,4,2,1,2
2.02E+12,2,9,0,17,0,1,0,0,1,0,1,1,6,2,35,6,1395,1,1,9,1,9
2.02E+12,1,9,0,18,0,1,0,0,0,0,1,1,6,2,26,6,1360,1,15,2,1,2
2.02E+12,2,9,0,18,0,1,0,0,0,0,1,1,6,1,69,10,1390,1,16,1,1,1
2.02E+12,1,9,0,9,0,1,0,0,0,0,1,1,6,1,19,4,1596,1,17,7,1,7
2.02E+12,1,9,0,9,0,8,0,0,0,0,3,1,6,1,63,9,2967,2,1,8,3,8
2.02E+12,2,3,0,18,0,1,0,0,0,0,1,1,1,1,17,4,125,1,1,8,3,8
2.02E+12,2,9,0,11,0,1,0,0,0,0,2,1,6,2,25,5,1242,1,5,2,1,2
2.02E+12,2,9,0,3,0,1,0,0,0,0,2,1,6,2,69,10,1582,2,6,4,1,4
2.02E+12,2,90,0,10,0,1,0,0,0,0,0,1,6,1,49,8,4,2,2,9,1,9
2.02E+12,4,9,0,18,0,1,0,0,0,0,2,1,6,2,24,5,1461,2,8,2,1,2
2.02E+12,2,9,0,18,0,1,0,0,0,0,2,1,6,1,59,9,1242,1,3,4,1,4
2.02E+12,1,9,0,18,0,1,0,0,0,0,1,1,6,2,32,6,998,1,2,1,1,1
2.02E+12,2,9,0,18,0,1,0,0,0,0,1,1,6,1,23,5,2000,1,12,6,1,6
2.02E+12,1,9,0,17,0,2,0,0,0,0,1,1,6,1,19,4,998,1,16,7,1,7
2.02E+12,1,9,0,18,0,1,0,0,0,0,1,1,6,2,59,9,998,1,1,1,1,1
2.02E+12,1,9,0,9,0,1,0,0,0,0,3,1,6,1,41,7,1968,2,8,3,1,3
2.02E+12,2,9,0,18,0,1,0,0,0,0,1,1,6,1,48,8,1998,1,9,6,1,6
2.02E+12,1,9,0,18,0,2,0,0,0,0,3,1,6,2,35,6,1398,1,4,2,1,2
2.02E+12,1,9,0,3,0,1,0,0,0,0,1,1,6,1,31,6,1560,2,1,5,1,5
2.02E+12,2,19,0,3,0,1,0,0,0,0,2,1,6,1,65,9,2300,2,11,7,1,7
2.02E+12,2,19,0,2,9,2,0,0,0,0,3,1,5,1,99,11,1995,2,3,2,1,2
2.02E+12,3,19,0,2,9,2,0,0,0,0,3,1,6,1,99,11,2987,2,10,2,1,2
2.02E+12,1,19,0,1,0,1,0,0,0,0,2,1,1,1,62,9,1998,2,16,1,1,1
2.02E+12,2,2,0,18,0,1,0,0,0,0,1,1,6,1,19,4,49,1,14,3,1,3
2.02E+12,1,9,0,18,0,4,0,0,0,0,0,1,5,1,69,10,1999,1,12,10,1,10
2.02E+12,2,9,0,18,0,3,0,0,0,0,2,1,5,2,42,7,1598,2,2,3,1,3
2.02E+12,1,9,0,4,0,2,0,0,0,0,1,1,2,1,29,6,1596,1,6,4,1,4
2.02E+12,2,9,0,18,0,8,0,0,0,0,1,1,5,1,36,7,2993,2,11,7,1,7
2.02E+12,3,9,0,4,0,2,0,0,0,0,2,1,5,1,64,9,2993,2,2,8,3,8
2.02E+12,2,9,0,18,0,1,0,0,0,0,1,1,6,1,42,7,1242,1,1,8,1,8
2.02E+12,1,9,0,4,0,1,0,0,0,0,3,1,6,2,22,5,1229,1,7,2,1,2
2.02E+12,2,9,0,18,0,1,0,0,0,0,3,1,6,1,57,9,1968,2,6,6,1,6
2.02E+12,1,3,0,7,0,8,0,0,0,0,3,1,6,1,38,7,125,1,4,4,2,4
2.02E+12,1,9,0,7,0,1,2,0,1,0,1,1,6,1,23,5,1328,1,13,7,1,7
2.02E+12,1,9,0,12,0,4,0,0,0,0,3,1,5,2,46,8,1956,2,2,2,1,2
2.02E+12,1,2,0,13,0,1,0,0,0,0,3,1,6,1,16,4,50,1,4,9,1,9
2.02E+12,2,9,0,9,0,1,0,0,0,0,4,1,6,1,29,6,2198,2,10,6,1,6
2.02E+12,1,9,0,18,0,8,0,0,0,0,4,1,2,2,28,6,1596,1,6,3,2,3
2.02E+12,2,9,0,18,0,8,0,0,0,0,1,1,2,2,47,8,1598,1,5,3,3,3
2.02E+12,2,9,0,3,0,8,0,0,0,0,2,1,6,2,66,10,1200,1,1,7,1,7
2.02E+12,2,9,0,9,0,1,0,0,0,0,1,1,1,2,40,7,1686,2,10,4,3,4
2.02E+12,1,9,0,9,0,8,0,0,0,0,4,1,6,1,39,7,1598,2,3,7,1,7
2.02E+12,2,9,0,18,0,1,0,0,0,0,1,1,6,1,38,7,1598,1,10,9,1,9
2.02E+12,2,9,0,10,0,1,0,0,0,0,2,1,6,1,26,6,1461,2,1,8,1,8
2.02E+12,3,9,0,16,0,1,0,0,0,0,3,1,6,2,26,6,2967,2,7,10,1,10
2.02E+12,1,9,0,9,0,1,0,0,0,0,2,1,6,2,43,7,3490,1,13,10,2,10
2.02E+12,2,9,0,9,0,1,0,0,0,0,1,1,6,2,50,8,998,1,9,7,1,7
2.02E+12,1,9,0,18,0,1,0,0,0,0,1,1,6,1,20,4,1399,1,8,5,1,5
2.02E+12,2,9,0,7,0,1,0,0,0,0,2,1,6,1,80,11,1769,1,13,5,1,5
2.02E+12,1,9,0,16,0,1,0,0,0,0,1,1,6,1,25,5,1799,1,11,7,3,7
2.02E+12,2,9,0,4,0,1,0,0,0,0,2,1,6,2,22,5,1395,1,4,9,3,9
2.02E+12,2,9,0,18,0,1,0,0,0,0,1,1,6,1,40,7,1248,2,9,9,1,9
2.02E+12,1,9,0,18,0,4,0,0,0,0,1,1,6,1,32,6,1783,1,16,7,1,7
2.02E+12,2,9,0,18,0,4,0,0,0,0,1,1,6,2,39,7,1686,2,5,5,1,5
2.02E+12,1,9,0,7,0,1,0,0,0,0,1,1,6,1,39,7,1364,2,10,1,1,1
2.02E+12,2,9,0,18,0,1,0,0,0,0,1,1,6,1,53,8,1598,1,10,3,1,3
2.02E+12,1,19,0,9,0,1,0,0,0,0,1,1,6,1,58,9,2198,2,8,1,1,1
2.02E+12,1,9,0,9,0,8,0,0,0,0,4,1,6,1,44,7,2959,2,13,1,1,1
2.02E+12,2,9,0,18,0,8,0,0,0,0,1,1,6,1,65,9,1398,1,6,3,1,3
2.02E+12,1,9,0,18,0,1,0,0,0,0,1,1,6,1,42,7,1896,2,10,1,1,1
2.02E+12,2,9,0,18,0,1,0,0,0,0,3,1,1,1,24,5,1986,2,8,1,1,1
2.02E+12,1,9,0,18,0,2,0,0,0,0,1,1,6,2,34,6,1461,2,7,9,1,9
2.02E+12,1,20,0,7,0,4,0,0,0,0,1,1,6,1,50,8,5880,2,18,9,1,9
2.02E+12,2,9,0,7,0,4,0,0,0,0,2,1,6,2,31,6,1229,1,5,3,1,3
2.02E+12,1,9,0,9,0,1,0,0,0,0,3,1,5,1,44,7,1596,1,15,9,1,9
2.02E+12,2,5,0,14,0,1,0,0,0,0,1,1,6,1,61,9,998,1,11,10,2,10
2.02E+12,1,9,0,9,0,2,0,0,0,0,1,1,6,2,18,4,1368,1,11,2,1,2
2.02E+12,2,9,0,18,0,4,0,0,0,0,1,1,6,2,80,11,999,1,2,9,2,9
2.02E+12,1,9,0,9,0,1,0,0,0,0,1,1,5,1,26,6,1995,2,11,3,1,3
2.02E+12,2,9,0,18,0,1,0,0,0,0,3,1,6,2,51,8,1910,2,11,2,1,2
2.02E+12,1,9,0,18,0,1,0,0,0,0,1,1,6,1,72,10,1596,1,2,1,1,1
2.02E+12,3,9,0,18,0,1,0,0,0,0,2,1,6,1,59,9,1951,2,12,5,3,5
2.02E+12,1,9,0,9,0,8,0,0,0,0,0,1,2,2,39,7,2993,2,3,9,1,9
2.02E+12,1,9,0,7,0,6,0,0,0,0,0,1,6,2,39,7,1910,2,10,4,2,4
2.02E+12,1,9,0,5,0,8,0,0,0,0,3,1,6,2,25,5,1560,2,7,6,1,6
2.02E+12,2,9,0,18,0,1,0,0,0,0,1,1,6,1,28,6,998,1,1,7,3,7
2.02E+12,1,9,0,9,0,5,0,0,0,0,4,1,6,1,26,6,1150,1,10,2,1,2
2.02E+12,2,9,0,18,0,1,0,0,0,0,1,1,5,2,48,8,2656,1,12,5,1,5
2.02E+12,1,9,0,14,0,1,5,0,1,0,1,1,6,1,80,11,1229,1,10,4,1,4
2.02E+12,2,9,0,9,0,1,0,0,0,0,1,1,6,1,47,8,1870,2,14,9,1,9
2.02E+12,1,9,0,16,0,2,0,0,0,0,1,1,6,1,27,6,1600,1,6,5,1,5
2.02E+12,2,9,0,2,0,2,0,0,0,0,2,1,6,2,27,6,1364,1,9,4,1,4
2.02E+12,1,9,0,9,0,1,0,0,0,0,1,1,6,1,23,5,2000,2,13,4,1,4
2.02E+12,2,9,0,18,0,1,0,0,0,0,1,1,6,1,49,8,1995,2,4,8,1,8
2.02E+12,3,9,0,3,0,2,0,0,0,0,3,1,6,1,64,9,1364,1,11,8,1,8
2.02E+12,1,9,0,18,0,1,0,0,0,0,1,1,6,1,67,10,1794,1,15,6,1,6
2.02E+12,1,9,0,18,0,8,0,0,0,0,1,1,1,2,33,6,1596,1,11,2,1,2
2.02E+12,1,9,0,18,0,1,0,0,0,0,1,1,6,2,52,8,2179,2,6,9,3,9
2.02E+12,1,9,0,18,0,4,0,0,0,0,1,1,6,1,68,10,1197,1,1,2,1,2
2.02E+12,2,3,0,18,0,4,0,0,0,0,4,1,6,1,28,6,85,1,26,4,1,4
2.02E+12,1,9,0,18,0,8,0,0,0,0,1,1,6,1,58,9,1395,1,3,7,1,7
2.02E+12,2,9,0,4,0,8,0,0,0,0,2,1,6,2,55,8,1399,2,12,6,1,6
2.02E+12,2,9,0,18,0,6,0,0,0,0,1,1,6,2,40,7,2967,2,2,1,1,1
2.02E+12,2,9,0,4,0,1,0,0,0,0,2,1,6,1,45,7,1399,1,11,2,1,2
2.02E+12,2,9,0,18,0,3,0,0,0,0,1,1,6,2,49,8,1390,1,2,6,1,6
2.02E+12,1,9,0,18,0,1,0,0,0,0,1,1,6,1,19,4,1597,1,10,4,1,4
2.02E+12,2,8,0,18,0,1,0,0,0,0,3,1,1,1,27,6,1995,2,9,1,1,1
2.02E+12,1,9,0,18,0,1,0,0,0,0,1,1,6,1,54,8,1598,2,3,6,1,6
2.02E+12,2,9,0,3,0,1,0,0,0,0,2,1,6,2,41,7,2179,2,3,5,3,5
2.02E+12,1,9,0,18,0,1,0,0,0,0,1,1,6,1,19,4,1995,2,3,4,1,4
2.02E+12,2,9,0,4,0,1,0,0,0,0,2,1,6,1,49,8,1796,1,13,10,1,10