Accident_Index,Vehicle_Reference,Vehicle_Type,Towing_and_Articulation,Vehicle_Manoeuvre,Vehicle_Location-Restricted_Lane,Junction_Location,Skidding_and_Overturning,Hit_Object_in_Carriageway,Vehicle_Leaving_Carriageway,Hit_Object_off_Carriageway,1st_Point_of_Impact,Was_Vehicle_Left_Hand_Drive?,Journey_Purpose_of_Driver,Sex_of_Driver,Age_of_Driver,Age_Band_of_Driver,Engine_Capacity_(CC),Propulsion_Code,Age_of_Vehicle,Driver_IMD_Decile,Driver_Home_Area_Type,Vehicle_IMD_Decile
2.02E+12,1,9,0,7,0,1,2,0,2,1,1,1,6,1,29,6,1998,1,17,1,1,1
2.02E+12,1,9,0,18,0,1,0,0,0,0,1,1,6,1,44,7,1968,2,5,7,3,7
2.02E+12,2,9,0,9,0,1,0,0,0,0,2,1,6,1,42,7,1798,1,11,10,1,10
2.02E+12,1,9,0,11,0,8,0,0,0,0,4,1,6,2,37,7,2198,2,2,5,3,5
2.02E+12,2,9,0,18,0,8,0,0,0,0,3,1,6,2,32,6,1560,2,6,7,3,7
2.02E+12,1,9,0,18,0,1,1,0,0,0,1,1,6,2,53,8,1242,1,13,10,1,10
2.02E+12,2,5,0,9,0,8,0,0,0,0,1,1,6,1,30,6,779,1,4,4,1,4
2.02E+12,1,9,0,9,0,1,0,0,0,0,1,1,6,1,68,10,1995,2,1,8,3,8
2.02E+12,2,9,0,18,0,1,0,0,0,0,1,1,6,1,93,11,1108,1,7,6,1,6
2.02E+12,1,9,0,18,0,4,0,0,0,0,1,1,1,1,41,7,1998,2,7,1,1,1
2.02E+12,1,9,0,18,0,4,0,0,0,0,1,1,6,1,77,11,1396,1,4,4,1,4
2.02E+12,1,9,0,18,0,8,0,0,0,0,3,1,6,1,20,4,1242,1,11,3,1,3
2.02E+12,2,9,0,18,0,8,0,0,0,0,1,1,6,2,21,5,1968,2,11,4,1,4
2.02E+12,1,9,0,18,0,8,0,0,0,0,1,1,6,1,18,4,1242,1,9,2,1,2
2.02E+12,1,9,0,7,0,5,0,0,0,0,1,1,6,1,61,9,1596,1,6,4,1,4
2.02E+12,2,5,0,13,0,1,0,0,0,0,4,1,6,1,25,5,599,1,17,6,1,6
2.02E+12,1,9,0,9,0,6,0,0,0,0,1,1,6,1,68,10,1685,2,2,7,3,7
2.02E+12,2,9,0,18,0,1,0,0,0,0,1,1,6,1,22,5,998,1,15,1,1,1
2.02E+12,2,8,0,18,0,8,0,0,0,0,1,1,1,1,37,7,1997,2,12,4,1,4
2.02E+12,1,9,0,18,0,1,0,0,0,0,1,1,6,1,30,6,1598,2,1,7,1,7
2.02E+12,2,9,0,18,0,1,0,0,0,0,2,1,6,1,55,8,2204,2,8,9,1,9
2.02E+12,1,9,0,18,0,4,0,0,0,0,1,1,6,1,53,8,1598,2,2,6,1,6
2.02E+12,2,9,0,18,0,4,0,0,0,0,2,1,6,2,41,7,1598,2,1,10,2,10
2.02E+12,1,9,0,18,0,1,0,0,0,0,0,1,6,2,20,4,1198,1,7,10,3,10
2.02E+12,2,9,0,3,0,1,0,0,0,0,0,1,6,2,43,7,1910,2,11,2,1,2
2.02E+12,2,9,0,3,0,8,0,0,0,0,4,1,6,1,39,7,1560,2,3,3,1,3
2.02E+12,3,9,0,18,0,8,0,0,0,0,1,1,6,2,29,6,1998,1,15,3,1,3
2.02E+12,1,9,0,13,0,2,0,0,0,0,0,1,6,1,45,7,1596,1,14,2,1,2
2.02E+12,2,3,0,18,0,2,0,0,0,0,0,1,6,2,18,4,102,1,3,1,1,1
2.02E+12,1,9,0,18,0,1,0,0,0,0,1,1,6,2,23,5,1560,2,10,7,1,7
2.02E+12,2,9,0,4,0,1,0,0,0,0,2,1,6,2,61,9,1242,1,12,4,1,4
2.02E+12,2,9,0,4,0,1,0,0,0,0,2,1,1,2,50,8,2902,2,10,5,1,5
2.02E+12,1,3,0,18,0,1,0,0,0,0,1,1,6,1,18,4,124,1,11,2,1,2
2.02E+12,2,9,0,9,0,1,0,0,0,0,3,1,6,1,42,7,1986,2,9,1,1,1
2.02E+12,1,9,0,9,0,2,0,0,0,0,0,1,6,1,69,10,1986,2,8,2,1,2
2.02E+12,1,9,0,18,0,3,0,0,0,0,1,1,6,2,70,10,1229,1,5,10,1,10
2.02E+12,1,9,0,7,0,2,5,0,0,0,1,1,6,1,44,7,2980,2,21,1,1,1
2.02E+12,1,9,0,18,0,8,0,0,0,0,1,1,6,1,18,4,1598,2,7,10,2,10
2.02E+12,1,9,0,9,0,1,0,0,0,0,1,1,6,1,41,7,1364,1,11,1,1,1
2.02E+12,1,9,0,7,0,1,0,0,0,0,2,1,6,1,19,4,1360,1,17,2,1,2
2.02E+12,1,9,0,5,0,2,0,0,0,0,1,1,6,1,18,4,1368,1,12,5,1,5
2.02E+12,2,9,0,18,0,1,0,0,0,0,3,1,6,1,25,5,1798,1,13,8,1,8
2.02E+12,2,9,0,18,0,1,0,0,0,0,0,1,6,2,22,5,1242,1,3,2,1,2
2.02E+12,1,9,0,18,0,1,0,0,0,0,1,1,2,2,41,7,1598,1,12,6,3,6
2.02E+12,2,9,0,4,0,1,0,0,0,0,2,1,6,2,29,6,1984,2,5,3,1,3
2.02E+12,3,9,0,10,0,6,0,0,0,0,3,1,6,1,58,9,1984,2,5,3,1,3
2.02E+12,1,9,0,9,0,1,0,0,0,0,1,1,6,2,48,8,1248,2,3,9,1,9
2.02E+12,1,9,0,9,0,4,0,0,0,0,1,1,2,2,32,6,1984,1,2,10,1,10
2.02E+12,2,5,0,9,0,4,0,0,0,0,1,1,2,1,57,9,1450,1,15,6,3,6
2.02E+12,1,19,0,3,0,1,0,0,0,0,2,1,1,1,28,6,1997,2,1,1,1,1
2.02E+12,1,9,0,17,0,1,1,0,0,0,1,1,6,1,32,6,1596,1,11,10,2,10
2.02E+12,2,9,0,14,0,1,0,0,0,0,1,1,6,1,73,10,1769,1,14,2,1,2
2.02E+12,1,9,0,18,0,1,0,0,0,0,1,1,6,1,21,5,1388,1,13,1,1,1
2.02E+12,1,9,0,18,0,1,0,0,0,0,2,1,6,1,73,10,1951,2,15,3,1,3
2.02E+12,2,3,0,9,0,1,0,0,0,0,1,1,6,1,18,4,124,1,15,7,3,7
2.02E+12,1,8,0,18,0,2,0,0,0,0,1,1,1,1,64,9,1968,2,7,1,1,1
2.02E+12,1,9,0,8,0,1,0,0,0,0,1,1,6,2,65,9,1248,2,5,10,1,10
2.02E+12,1,9,0,9,0,4,0,0,0,0,1,1,6,2,38,7,1995,2,10,7,3,7
2.02E+12,1,9,0,18,0,1,1,0,0,0,1,1,6,1,23,5,1598,1,14,2,1,2
2.02E+12,3,9,0,18,0,1,0,0,0,0,1,1,6,2,24,5,1586,1,9,1,1,1
2.02E+12,4,9,0,18,0,1,0,0,0,0,1,1,6,1,52,8,1388,1,8,4,1,4
2.02E+12,1,9,0,18,0,2,0,0,0,0,1,1,3,2,40,7,1598,1,12,7,1,7
2.02E+12,1,9,0,18,0,8,0,0,0,0,1,1,5,2,41,7,1499,2,2,2,1,2
2.02E+12,1,9,0,9,0,6,0,0,0,0,1,1,6,1,60,9,1968,2,9,10,2,10
2.02E+12,1,9,0,18,0,1,0,0,0,0,4,1,6,2,41,7,1598,1,6,8,1,8
2.02E+12,2,9,0,18,0,1,0,0,0,0,1,1,6,2,33,6,1149,1,10,1,1,1
2.02E+12,1,9,0,7,0,1,0,0,0,0,2,1,1,1,43,7,2967,2,1,7,1,7
2.02E+12,2,2,0,18,0,1,0,0,0,0,1,1,2,1,17,4,49,1,6,7,1,7
2.02E+12,1,9,0,18,0,7,0,10,7,0,1,1,6,1,52,8,2231,2,5,1,1,1
2.02E+12,2,9,0,4,0,2,0,0,0,0,2,1,2,1,50,8,1968,2,2,8,3,8
2.02E+12,1,9,0,9,0,8,0,0,0,0,1,1,6,1,76,11,1242,1,9,8,1,8
2.02E+12,2,9,0,9,0,8,0,0,0,0,4,1,6,1,60,9,1398,1,1,7,1,7
2.02E+12,1,9,0,9,0,1,0,0,0,0,1,1,6,2,23,5,2143,2,7,5,1,5
2.02E+12,1,9,0,5,0,1,0,0,0,0,1,1,5,2,45,7,1560,2,2,2,1,2
2.02E+12,2,3,0,18,0,1,0,0,0,0,1,1,5,1,22,5,125,1,2,3,1,3
2.02E+12,1,9,0,5,0,1,0,0,0,0,1,1,6,2,36,7,1398,2,2,7,1,7
2.02E+12,2,3,0,5,0,1,0,0,0,0,3,1,6,1,26,6,124,1,1,1,1,1
2.02E+12,1,19,0,7,0,1,0,0,0,0,4,1,6,1,52,8,1753,2,9,2,1,2
2.02E+12,1,9,0,9,0,2,0,0,0,0,3,1,6,2,25,5,1200,1,2,7,1,7
2.02E+12,2,9,0,18,0,1,0,0,0,0,1,1,6,1,46,8,1598,1,3,8,1,8
2.02E+12,1,9,0,9,0,1,0,0,0,0,1,1,6,2,65,9,1248,2,12,7,3,7
2.02E+12,2,5,0,18,0,8,0,0,0,0,1,1,6,1,24,5,998,1,4,5,1,5
2.02E+12,1,9,0,5,0,1,0,0,0,0,1,1,6,1,75,10,1197,1,1,5,1,5
2.02E+12,1,9,0,18,0,1,0,0,0,0,1,1,6,1,84,11,1596,1,8,7,1,7
2.02E+12,2,9,0,18,0,1,0,0,0,0,2,1,6,2,43,7,698,1,11,3,1,3
2.02E+12,2,5,0,4,0,3,1,0,0,0,1,1,6,1,78,11,599,1,14,6,1,6
2.02E+12,3,9,0,4,0,3,0,0,0,0,2,1,6,2,41,7,1560,2,3,10,1,10
2.02E+12,1,9,0,18,0,8,0,0,0,0,1,1,6,1,27,6,1968,2,1,7,1,7
2.02E+12,2,9,0,3,0,2,0,0,0,0,1,1,6,2,23,5,1240,1,12,7,3,7
2.02E+12,1,9,0,18,0,1,0,0,0,0,1,1,6,1,41,7,2179,2,5,5,1,5
2.02E+12,2,9,0,18,0,1,0,0,0,0,1,1,6,2,27,6,1242,1,5,5,1,5
2.02E+12,1,9,0,7,0,1,0,0,0,0,1,1,1,1,41,7,1339,1,13,3,1,3
2.02E+12,2,19,0,10,0,1,0,0,0,0,1,1,6,1,52,8,2460,2,11,10,1,10
2.02E+12,1,9,0,18,0,1,1,0,0,0,1,1,6,1,20,4,1461,2,2,7,1,7
2.02E+12,2,9,0,10,0,1,0,0,0,0,2,1,6,1,54,8,1896,2,14,4,1,4
2.02E+12,1,9,0,9,0,1,0,0,0,0,3,1,6,2,50,8,1596,1,3,10,1,10
2.02E+12,2,3,0,13,0,1,0,0,0,0,1,1,6,1,25,5,124,1,1,6,2,6
2.02E+12,1,9,0,18,0,2,0,0,0,0,0,1,6,1,50,8,1598,1,4,7,3,7
2.02E+12,1,9,0,9,0,1,0,0,0,0,1,1,6,1,45,7,1597,2,3,10,2,10
2.02E+12,2,9,0,18,0,1,0,0,0,0,1,1,6,2,45,7,1951,2,11,1,1,1
2.02E+12,1,9,0,18,0,1,0,0,0,0,0,1,6,1,37,7,1364,2,10,1,1,1
2.02E+12,1,9,0,9,0,8,0,0,0,0,3,1,6,1,70,10,1995,2,1,10,2,10
2.02E+12,2,9,0,3,0,1,0,0,0,0,2,1,6,2,32,6,1498,1,6,5,1,5
2.02E+12,1,9,0,7,0,1,0,0,0,0,4,1,6,1,20,4,1198,1,8,10,3,10
2.02E+12,1,9,0,18,0,1,0,0,0,0,1,1,6,2,26,6,1360,1,8,7,1,7
2.02E+12,2,9,0,7,0,1,0,0,0,0,1,1,6,2,41,7,1242,1,1,6,1,6
2.02E+12,1,8,0,18,0,8,0,0,0,0,1,1,6,1,58,9,1997,2,5,9,1,9
2.02E+12,2,9,0,18,0,8,0,0,0,0,3,1,6,1,42,7,1560,2,2,3,1,3
2.02E+12,2,11,0,18,0,1,0,0,1,0,4,1,1,1,54,8,3900,2,14,1,1,1
2.02E+12,2,9,0,18,0,1,0,0,0,0,1,1,6,1,33,6,5439,1,11,10,1,10
2.02E+12,3,9,0,3,0,1,0,0,0,0,0,1,6,1,73,10,1560,2,11,6,3,6
2.02E+12,2,9,0,18,0,1,0,0,1,0,4,1,6,1,23,5,1560,2,8,8,1,8
2.02E+12,1,9,0,10,0,1,0,0,3,0,1,1,6,1,84,11,1086,1,7,3,1,3
2.02E+12,2,19,0,18,0,1,1,0,0,0,0,1,6,1,77,11,2496,2,19,1,1,1
2.02E+12,2,9,0,17,0,1,0,0,0,0,1,1,6,2,65,9,999,1,3,6,1,6
2.02E+12,1,9,0,16,0,8,0,0,0,0,1,1,6,1,22,5,1994,2,14,7,2,7
2.02E+12,1,3,0,4,0,1,1,0,0,0,4,1,6,1,17,4,124,1,5,2,1,2
2.02E+12,1,9,0,9,0,4,0,0,0,0,2,1,6,2,48,8,1600,1,17,8,3,8
2.02E+12,1,9,0,9,0,6,0,0,0,0,1,1,6,2,52,8,2188,2,11,3,1,3
2.02E+12,2,9,0,18,0,1,0,0,7,0,1,1,6,2,46,8,1400,2,12,2,1,2
2.02E+12,1,9,0,9,0,1,0,0,0,0,1,1,6,2,34,6,1798,1,9,10,2,10
2.02E+12,1,19,0,18,0,1,0,0,0,0,1,1,1,1,55,8,4462,2,4,3,2,3
2.02E+12,2,9,0,3,0,2,0,0,0,0,2,1,1,1,35,6,1968,2,5,2,1,2
2.02E+12,3,9,0,3,0,1,0,0,0,0,2,1,3,2,40,7,1560,2,3,10,1,10
2.02E+12,1,9,0,9,0,4,0,0,0,0,1,1,6,2,18,4,1149,1,13,1,1,1
2.02E+12,2,9,0,9,0,4,0,0,0,0,4,1,6,2,26,6,1995,2,3,5,1,5
2.02E+12,1,9,0,7,0,8,0,0,0,0,0,1,6,2,32,6,1199,1,18,3,1,3
2.02E+12,2,9,0,6,0,1,0,0,0,0,1,1,6,1,30,6,2993,2,7,6,1,6
2.02E+12,3,9,0,17,0,1,0,0,0,0,1,1,6,1,23,5,1388,1,12,6,1,6
2.02E+12,1,9,0,9,0,8,0,0,0,0,1,1,6,1,77,11,1197,1,2,8,3,8
2.02E+12,1,9,0,18,0,1,0,0,0,0,1,1,6,2,18,4,1242,1,2,5,1,5
2.02E+12,2,9,0,18,0,1,0,0,0,0,2,1,6,1,35,6,2490,2,22,1,1,1
2.02E+12,1,9,0,18,0,1,0,0,0,0,1,1,6,2,20,4,998,1,6,7,1,7
2.02E+12,2,9,0,17,0,1,0,0,0,0,1,1,6,1,46,8,1598,2,2,9,1,9
2.02E+12,2,9,0,9,0,6,0,0,0,0,1,1,6,1,35,6,1598,2,3,1,1,1
2.02E+12,1,9,0,18,0,1,0,0,0,0,1,1,6,2,50,8,1198,1,10,4,2,4
2.02E+12,1,9,0,18,0,4,0,0,0,0,4,1,2,1,32,6,1560,2,3,1,1,1
2.02E+12,1,9,0,18,0,4,0,0,0,0,1,1,6,1,36,7,2521,1,10,5,1,5
2.02E+12,2,9,0,18,0,4,0,0,0,0,2,1,6,1,59,9,1461,2,3,1,1,1
2.02E+12,1,9,0,9,0,1,0,0,0,0,1,1,6,2,33,6,1968,2,5,3,1,3
2.02E+12,2,9,0,18,0,1,0,0,0,0,1,1,6,2,62,9,1149,1,14,3,1,3
2.02E+12,1,3,0,18,0,1,0,0,0,0,1,1,1,1,35,6,125,1,4,8,2,8
2.02E+12,2,9,0,18,0,1,0,0,0,0,2,1,1,2,30,6,1229,1,3,8,2,8
2.02E+12,1,21,0,9,0,8,0,0,0,0,1,1,6,1,55,8,9364,2,14,2,1,2
2.02E+12,2,19,0,18,0,8,0,0,0,0,2,1,6,1,31,6,1598,2,3,3,1,3
2.02E+12,1,9,0,9,0,8,0,0,0,0,1,1,6,1,42,7,1242,1,12,1,1,1
2.02E+12,2,9,0,18,0,8,0,0,0,0,1,1,6,2,36,7,1598,2,4,8,1,8
2.02E+12,1,9,0,9,0,1,0,0,0,0,1,1,1,1,23,5,1598,2,5,6,3,6
2.02E+12,2,9,0,18,0,8,5,0,0,0,1,1,6,1,48,8,1461,2,1,1,1,1
2.02E+12,2,9,0,2,0,1,0,0,0,0,3,1,6,2,29,6,1598,1,11,2,1,2
2.02E+12,3,9,0,2,0,1,0,0,0,0,3,1,6,2,29,6,1124,1,18,3,1,3
2.02E+12,4,9,0,2,0,1,0,0,0,0,3,1,6,1,77,11,1753,2,14,2,1,2
2.02E+12,1,9,0,18,0,1,0,0,0,0,1,1,6,1,63,9,1560,2,1,8,2,8
2.02E+12,2,9,0,18,0,1,0,0,0,0,2,1,6,2,43,7,1242,1,11,4,1,4
2.02E+12,3,9,0,18,0,1,0,0,0,0,0,1,1,2,38,7,2199,2,3,7,1,7
2.02E+12,1,9,0,7,0,1,0,0,0,0,1,1,6,1,51,8,1364,1,10,8,1,8
2.02E+12,1,9,0,7,0,1,0,0,0,0,1,1,6,1,35,6,1598,1,11,3,1,3
2.02E+12,2,9,0,18,0,1,0,0,0,0,3,1,6,2,52,8,1242,1,11,1,1,1
2.02E+12,1,21,1,18,0,1,0,0,0,0,1,1,1,1,50,8,12740,2,5,2,1,2
2.02E+12,2,9,0,7,0,8,0,0,0,0,2,1,6,2,61,9,1598,2,2,6,2,6
2.02E+12,1,9,0,9,0,2,0,0,0,0,1,1,6,1,31,6,1598,1,10,9,1,9
2.02E+12,2,9,0,17,0,1,0,0,0,0,1,1,6,2,27,6,2400,2,1,5,1,5
2.02E+12,2,5,0,18,0,1,0,0,0,0,1,1,6,1,42,7,998,1,9,3,1,3
2.02E+12,1,9,0,3,0,1,0,0,0,0,2,1,6,2,19,4,1124,1,15,9,1,9
2.02E+12,2,9,0,18,0,1,0,0,0,0,1,1,6,1,75,10,1591,1,7,9,1,9
2.02E+12,1,9,0,7,0,2,0,7,0,0,1,1,6,1,19,4,1229,1,3,10,1,10
2.02E+12,1,9,0,7,0,1,0,0,0,0,1,1,6,1,26,6,1598,1,12,4,1,4
2.02E+12,1,9,0,18,0,8,0,0,0,0,1,1,6,1,56,9,1396,1,3,7,1,7
2.02E+12,2,9,0,3,0,8,0,0,0,0,2,1,6,1,60,9,1461,2,3,7,1,7
2.02E+12,3,90,0,18,0,1,0,0,0,0,0,1,1,2,38,7,2999,2,3,7,1,7
2.02E+12,1,9,0,9,0,1,0,0,0,0,3,1,1,1,53,8,1975,1,7,4,1,4
2.02E+12,2,9,0,15,0,1,0,0,0,0,1,1,1,1,33,6,1975,1,7,6,1,6
2.02E+12,1,9,0,7,0,8,0,0,0,0,3,1,1,2,21,5,1349,1,3,10,1,10
2.02E+12,1,9,0,5,0,1,0,0,0,0,1,1,6,2,20,4,998,1,14,2,1,2
2.02E+12,1,3,0,11,0,3,0,0,0,0,4,1,5,1,84,11,125,1,1,6,1,6
2.02E+12,2,9,0,18,0,8,0,0,0,0,3,1,5,1,21,5,1149,1,7,8,3,8
2.02E+12,1,9,0,18,0,4,0,0,0,0,1,1,6,2,37,7,1598,1,11,2,1,2
2.02E+12,2,21,1,9,0,4,0,0,0,0,4,1,6,1,50,8,12740,2,5,2,1,2
2.02E+12,2,9,0,18,0,1,0,0,0,0,1,1,6,2,31,6,1598,2,1,5,1,5
2.02E+12,1,9,0,18,0,1,0,0,0,0,1,1,6,1,85,11,1997,2,14,7,2,7
2.02E+12,2,9,0,9,0,1,0,0,0,0,4,1,6,2,42,7,1364,1,10,9,1,9
2.02E+12,1,9,0,16,0,1,0,0,0,0,1,1,6,2,22,5,1598,1,4,9,1,9
2.02E+12,1,9,0,18,0,1,5,0,7,0,1,1,6,1,26,6,1360,1,15,5,1,5
2.02E+12,1,9,0,9,0,1,0,0,0,0,1,1,6,1,30,6,2171,2,14,3,1,3
2.02E+12,2,9,0,18,0,1,0,0,0,0,1,1,6,1,19,4,1896,2,10,2,1,2
2.02E+12,1,9,0,9,0,1,0,0,0,0,4,1,6,2,43,7,1388,1,14,6,1,6
2.02E+12,2,3,0,17,0,1,0,0,0,0,1,1,6,1,27,6,125,1,9,1,1,1
2.02E+12,2,9,0,8,0,1,0,0,0,0,4,1,6,1,42,7,2656,1,15,6,1,6
2.02E+12,1,9,0,18,0,1,0,0,0,0,1,1,6,2,18,4,998,1,6,5,1,5
2.02E+12,2,9,0,3,0,1,0,0,0,0,2,1,6,2,27,6,1598,1,3,7,3,7
2.02E+12,4,9,0,18,0,1,0,0,0,0,1,1,6,1,61,9,1997,2,2,3,1,3
2.02E+12,1,9,0,3,0,1,0,0,0,0,0,1,6,1,26,6,1896,2,12,4,1,4
2.02E+12,1,5,0,7,0,2,1,0,0,0,1,1,6,1,36,7,1000,1,8,1,1,1
2.02E+12,1,9,0,9,0,1,0,0,0,0,3,1,6,1,66,10,1461,2,1,7,1,7
2.02E+12,2,3,0,18,0,1,0,0,0,0,1,1,6,1,17,4,125,1,10,1,1,1
2.02E+12,2,9,0,3,0,1,0,0,0,0,2,1,1,2,29,6,1997,2,5,1,1,1
2.02E+12,2,9,0,16,0,8,0,0,0,0,4,1,6,2,19,4,999,1,17,6,3,6
2.02E+12,1,9,0,8,0,1,0,0,0,0,1,1,6,1,58,9,1999,1,10,6,3,6
2.02E+12,1,9,0,18,0,1,0,0,0,0,1,1,6,2,25,5,1998,1,15,4,1,4
2.02E+12,1,9,0,18,0,1,0,0,0,0,1,1,2,1,20,4,998,1,9,1,1,1
2.02E+12,2,9,0,18,0,1,0,0,0,0,4,1,2,1,25,5,1364,1,1,4,1,4
2.02E+12,1,9,0,7,0,1,0,0,0,0,1,1,6,1,25,5,1596,1,11,6,1,6
2.02E+12,2,9,0,18,0,1,0,0,0,0,1,1,6,2,58,9,1242,1,7,5,1,5
2.02E+12,1,9,0,18,0,1,0,0,0,0,1,1,6,2,20,4,1388,1,13,3,1,3
2.02E+12,2,9,0,10,0,1,0,0,0,0,2,1,6,2,38,7,1587,1,12,8,3,8
2.02E+12,1,9,0,10,0,1,0,0,0,0,1,1,6,1,56,9,1995,2,13,2,1,2
2.02E+12,2,19,0,18,0,1,0,0,0,0,1,1,6,1,32,6,1910,2,11,1,1,1
2.02E+12,3,9,0,18,0,1,0,0,0,0,2,1,6,1,58,9,1560,2,3,5,1,5
2.02E+12,1,9,0,9,0,6,0,0,0,0,1,1,6,2,31,6,1968,2,11,6,1,6
2.02E+12,2,9,0,17,0,1,0,0,0,0,1,1,6,1,28,6,1956,2,5,7,1,7
2.02E+12,2,9,0,18,0,8,0,0,1,0,1,1,6,1,70,10,2143,2,2,9,1,9
2.02E+12,1,9,0,18,0,1,0,0,0,0,3,1,6,2,40,7,1997,2,8,4,2,4
2.02E+12,1,9,0,18,0,1,0,0,0,0,1,1,1,1,40,7,1910,2,9,2,1,2
2.02E+12,1,9,0,18,0,1,0,0,0,0,1,1,6,1,26,6,1598,2,3,3,1,3
2.02E+12,1,9,0,18,0,1,0,0,0,0,3,1,6,1,45,7,1968,2,11,2,1,2
2.02E+12,1,9,0,18,0,1,0,0,0,0,1,1,6,2,45,7,1398,1,7,8,1,8
2.02E+12,2,8,0,18,0,1,0,0,0,0,2,1,1,1,37,7,1968,2,4,1,1,1
2.02E+12,1,9,0,9,0,8,0,0,0,0,1,1,6,1,69,10,2204,2,10,7,1,7
2.02E+12,1,3,0,13,0,1,0,0,0,0,1,1,6,1,51,8,124,1,7,5,1,5
2.02E+12,2,9,0,9,0,1,0,0,0,0,4,1,6,2,53,8,998,1,3,3,1,3
2.02E+12,1,9,0,9,0,1,0,0,0,0,4,1,1,1,46,8,1560,2,2,8,3,8
2.02E+12,2,9,0,18,0,1,0,0,0,0,1,1,6,1,38,7,1997,2,14,2,1,2
2.02E+12,1,9,0,18,0,1,0,0,0,0,1,1,6,1,32,6,2199,2,8,6,1,6
2.02E+12,2,9,0,3,0,1,0,0,0,0,2,1,6,2,47,8,1422,2,14,4,1,4
2.02E+12,1,9,0,9,0,2,0,0,0,0,1,1,6,2,37,7,2198,1,14,2,1,2
2.02E+12,1,5,0,18,0,1,0,0,0,0,1,1,6,1,29,6,598,1,20,10,2,10
2.02E+12,2,9,0,3,0,1,0,0,0,0,2,1,6,1,48,8,1596,1,6,9,1,9
2.02E+12,1,9,0,18,0,2,0,0,0,0,1,1,6,2,68,10,1998,1,21,8,3,8
2.02E+12,2,9,0,18,0,1,0,0,0,0,1,1,2,2,63,9,1618,1,1,2,1,2
2.02E+12,1,3,0,18,0,1,0,0,0,0,1,1,2,2,24,5,124,1,5,9,1,9
2.02E+12,2,9,0,3,0,1,0,0,0,0,2,1,2,1,28,6,1968,2,6,2,1,2
2.02E+12,1,9,0,18,0,1,0,0,0,0,4,1,6,1,28,6,1995,2,11,10,1,10
2.02E+12,2,9,0,18,0,8,0,0,0,0,1,1,6,2,51,8,1560,2,4,10,1,10
2.02E+12,1,9,0,7,0,1,0,0,0,0,3,1,6,2,33,6,1796,1,10,4,1,4
2.02E+12,2,9,0,18,0,1,0,0,0,0,1,1,6,1,77,11,1560,2,10,5,1,5
2.02E+12,1,9,0,10,0,1,0,0,0,0,1,1,6,1,54,8,1388,1,8,3,1,3
2.02E+12,2,9,0,18,0,1,0,0,1,0,1,1,6,2,37,7,1229,1,12,2,1,2
2.02E+12,3,9,0,18,0,1,0,0,0,0,0,1,6,2,37,7,1995,2,2,9,3,9
2.02E+12,1,9,0,5,0,1,0,0,0,0,1,1,6,1,42,7,996,1,7,2,1,2
2.02E+12,2,9,0,18,0,1,0,0,0,0,1,1,6,1,20,4,973,1,19,4,1,4
2.02E+12,1,9,0,9,0,1,0,0,0,0,0,1,1,1,28,6,1560,2,8,4,1,4
2.02E+12,2,9,0,18,0,1,0,0,0,0,1,1,1,1,25,5,1242,1,12,8,1,8
2.02E+12,3,9,0,18,0,1,0,0,0,0,3,1,1,1,53,8,1200,1,1,7,1,7
2.02E+12,1,9,0,9,0,2,0,0,0,0,3,1,6,2,19,4,1242,1,8,4,1,4
2.02E+12,2,9,0,18,0,1,0,0,0,0,4,1,6,1,19,4,1248,1,5,2,1,2
2.02E+12,1,21,0,18,0,1,0,0,0,0,1,1,1,1,45,7,6700,2,2,6,1,6
2.02E+12,2,9,0,3,0,1,0,0,0,0,2,1,2,2,18,4,998,1,9,7,2,7
2.02E+12,2,9,0,18,0,1,0,0,0,0,1,1,6,1,31,6,3165,7,14,10,1,10
2.02E+12,1,9,0,18,0,2,0,0,0,0,1,1,5,1,35,6,2198,2,10,3,1,3
2.02E+12,2,9,0,18,0,2,0,0,0,0,0,1,1,2,32,6,2993,2,3,7,1,7
2.02E+12,1,9,0,18,0,1,0,0,0,0,1,1,6,2,32,6,1296,1,10,10,1,10
2.02E+12,2,3,0,18,0,1,5,0,7,0,4,1,5,1,40,7,124,1,13,5,1,5
2.02E+12,1,9,0,18,0,1,0,0,0,0,4,1,6,1,75,10,2268,2,3,3,1,3
2.02E+12,1,9,0,9,0,8,0,0,0,0,1,1,1,1,51,8,1794,7,11,2,1,2
2.02E+12,1,9,4,7,0,5,0,0,0,0,0,1,6,1,31,6,1995,2,13,8,1,8
2.02E+12,2,9,0,18,0,8,0,0,0,0,0,1,3,2,39,7,2902,2,11,9,1,9
2.02E+12,2,9,0,18,0,1,0,0,0,0,1,1,5,2,35,6,1598,1,16,3,1,3
2.02E+12,1,9,0,9,0,1,0,0,0,0,1,1,6,1,77,11,999,1,2,6,1,6
2.02E+12,1,9,0,18,0,1,0,0,0,0,1,1,6,1,29,6,1799,1,11,2,1,2
2.02E+12,2,9,0,18,0,1,0,0,0,0,3,1,6,1,25,5,1990,1,29,2,1,2
2.02E+12,1,9,0,18,0,1,1,0,0,0,1,1,5,1,35,6,1968,2,2,3,1,3
2.02E+12,2,9,0,9,0,6,0,0,0,0,3,1,5,2,39,7,1598,2,2,1,1,1
2.02E+12,1,9,0,18,0,1,0,0,0,0,4,1,2,1,47,8,1968,2,6,8,1,8
2.02E+12,1,9,0,9,0,6,0,0,0,0,4,1,6,1,50,8,2143,2,2,9,1,9