Accident_Index,Vehicle_Reference,Vehicle_Type,Towing_and_Articulation,Vehicle_Manoeuvre,Vehicle_Location-Restricted_Lane,Junction_Location,Skidding_and_Overturning,Hit_Object_in_Carriageway,Vehicle_Leaving_Carriageway,Hit_Object_off_Carriageway,1st_Point_of_Impact,Was_Vehicle_Left_Hand_Drive?,Journey_Purpose_of_Driver,Sex_of_Driver,Age_of_Driver,Age_Band_of_Driver,Engine_Capacity_(CC),Propulsion_Code,Age_of_Vehicle,Driver_IMD_Decile,Driver_Home_Area_Type,Vehicle_IMD_Decile
2.02E+12,2,9,0,18,0,8,0,0,0,0,3,1,6,2,75,10,1124,1,14,9,1,9
2.02E+12,1,9,0,9,0,1,0,0,0,0,1,1,1,1,52,8,1968,2,9,7,1,7
2.02E+12,2,3,0,18,0,1,1,0,0,0,1,1,2,1,23,5,124,1,21,2,1,2
2.02E+12,1,9,0,18,0,1,0,0,0,0,1,1,6,1,79,11,1783,1,14,8,1,8
2.02E+12,2,9,0,3,0,1,0,0,0,0,2,1,6,2,69,10,1596,1,1,6,1,6
2.02E+12,1,9,0,11,0,3,0,0,0,0,4,1,6,2,28,6,1248,1,7,1,1,1
2.02E+12,2,9,0,18,0,3,0,0,0,0,1,1,6,2,69,10,1318,1,1,8,2,8
2.02E+12,2,9,0,18,0,6,0,0,0,0,1,1,6,2,40,7,1995,2,12,2,1,2
2.02E+12,1,9,0,9,0,8,0,0,0,0,1,1,6,1,26,6,1998,1,1,10,2,10
2.02E+12,2,9,0,9,0,8,0,0,0,0,1,1,1,1,48,8,1598,1,7,8,2,8
2.02E+12,2,5,0,18,0,1,2,0,0,0,1,1,6,1,37,7,598,1,23,1,1,1
2.02E+12,3,9,0,9,0,1,0,0,0,0,3,1,6,2,39,7,1229,1,10,3,1,3
2.02E+12,2,9,0,17,0,3,0,0,0,0,3,1,2,2,53,8,1968,2,14,7,1,7
2.02E+12,1,9,0,5,0,1,0,0,0,0,3,1,6,2,70,10,998,1,1,2,1,2
2.02E+12,2,9,0,18,0,1,0,0,0,0,3,1,2,1,26,6,1598,1,10,6,1,6
2.02E+12,1,9,0,5,0,8,0,0,0,0,1,1,6,2,48,8,1968,2,9,3,1,3
2.02E+12,2,9,0,18,0,1,0,0,0,0,1,1,1,1,32,6,1598,1,11,1,1,1
2.02E+12,1,9,0,18,0,1,0,0,0,0,4,1,6,1,94,11,2198,1,16,2,1,2
2.02E+12,2,9,0,18,0,1,0,0,0,0,1,1,6,2,25,5,1360,1,15,3,1,3
2.02E+12,1,9,0,7,0,8,0,0,0,0,1,1,6,1,30,6,1368,1,7,2,1,2
2.02E+12,2,9,0,18,0,8,0,0,0,0,1,1,6,1,36,7,1399,2,6,3,1,3
2.02E+12,1,9,0,5,0,1,0,0,0,0,1,1,2,1,31,6,1598,1,5,1,1,1
2.02E+12,1,3,0,16,0,8,0,0,0,0,4,1,6,1,22,5,125,1,3,7,1,7
2.02E+12,2,9,0,6,0,8,0,0,0,0,3,1,2,1,53,8,1597,2,1,10,1,10
2.02E+12,1,9,0,7,0,8,0,0,0,0,1,1,6,2,18,4,1149,1,11,9,1,9
2.02E+12,2,9,0,18,0,8,0,0,0,0,1,1,6,2,48,8,1396,1,5,4,1,4
2.02E+12,3,9,0,18,0,8,0,0,0,0,1,1,6,2,25,5,1242,1,10,6,3,6
2.02E+12,1,9,0,18,0,4,0,0,0,0,1,1,6,1,29,6,1364,1,12,1,1,1
2.02E+12,2,9,0,10,0,1,0,0,0,0,1,1,6,2,43,7,1560,2,3,6,3,6
2.02E+12,1,9,0,18,0,1,0,0,0,0,0,1,6,2,50,8,1198,1,4,6,1,6
2.02E+12,1,9,0,9,0,1,0,0,0,0,4,1,6,1,38,7,1086,1,12,3,1,3
2.02E+12,1,9,0,18,0,1,0,0,0,0,1,1,6,1,17,4,1149,1,15,6,1,6
2.02E+12,2,9,0,4,0,1,0,0,0,0,2,1,1,1,60,9,1560,2,5,2,1,2
2.02E+12,1,9,0,9,0,8,0,0,0,0,1,1,6,2,28,6,1248,1,6,2,1,2
2.02E+12,2,9,0,18,0,1,0,0,0,0,1,1,6,1,44,7,1499,2,2,2,1,2
2.02E+12,2,9,0,18,0,1,0,0,0,0,1,1,6,1,54,8,1998,1,1,4,1,4
2.02E+12,2,5,0,9,0,1,0,0,0,0,3,1,6,1,41,7,1050,1,5,3,1,3
2.02E+12,1,9,0,18,0,1,0,0,0,0,1,1,6,2,21,5,999,1,3,1,1,1
2.02E+12,2,9,0,18,0,1,0,0,0,0,2,1,6,1,43,7,2143,2,3,10,3,10
2.02E+12,3,9,0,18,0,1,0,0,0,0,2,1,6,1,20,4,1248,2,7,9,2,9
2.02E+12,2,9,0,7,0,1,0,0,0,0,2,1,6,1,55,8,998,1,1,2,1,2
2.02E+12,1,9,0,16,0,7,0,0,0,0,3,1,6,1,86,11,1242,1,16,9,1,9
2.02E+12,2,9,0,7,0,2,5,0,1,0,0,1,6,2,21,5,1390,1,5,8,1,8
2.02E+12,1,9,0,9,0,4,0,0,1,0,1,1,6,1,18,4,1299,1,15,3,1,3
2.02E+12,1,9,0,5,0,8,0,0,0,0,4,1,6,2,26,6,1242,1,2,3,1,3
2.02E+12,1,5,0,13,0,8,0,0,0,0,3,1,1,1,56,9,656,1,8,7,1,7
2.02E+12,2,9,0,9,4,8,0,0,0,0,3,1,1,1,64,9,1997,2,6,4,1,4
2.02E+12,1,9,0,18,0,1,0,0,0,0,1,1,6,1,67,10,1560,2,6,5,1,5
2.02E+12,2,9,0,18,0,1,0,0,0,0,1,1,6,2,81,11,995,1,9,8,3,8
2.02E+12,2,9,0,10,0,4,0,0,0,0,2,1,6,2,38,7,1461,2,14,4,1,4
2.02E+12,2,9,0,18,0,8,0,0,0,0,1,1,1,2,27,6,1364,1,10,8,1,8
2.02E+12,1,9,0,18,0,3,0,0,0,0,1,1,6,2,35,6,1398,2,7,8,3,8
2.02E+12,2,9,0,10,0,1,0,0,0,0,2,1,6,2,48,8,1396,1,3,6,2,6
2.02E+12,1,9,0,11,0,7,0,0,0,0,1,1,6,1,19,4,1149,1,15,2,1,2
2.02E+12,2,9,0,18,0,2,0,0,0,0,2,1,1,2,45,7,1396,1,3,10,1,10
2.02E+12,1,9,0,9,0,8,0,0,0,0,4,1,6,2,33,6,2967,2,2,8,2,8
2.02E+12,1,9,0,18,0,1,0,0,0,0,1,1,6,1,34,6,1397,1,14,1,1,1
2.02E+12,1,9,0,18,0,7,0,0,0,0,1,1,6,1,53,8,2143,2,2,7,1,7
2.02E+12,2,9,0,18,0,7,0,0,0,0,2,1,6,2,61,9,1896,2,15,9,1,9
2.02E+12,1,9,0,9,0,5,0,0,0,0,1,1,6,2,64,9,1399,2,9,7,2,7
2.02E+12,2,4,0,18,0,8,0,0,0,0,1,1,6,1,21,5,400,1,28,7,3,7
2.02E+12,1,8,0,4,0,8,0,0,0,0,0,1,1,1,39,7,2231,2,9,5,1,5
2.02E+12,1,9,0,18,0,8,0,0,0,0,4,1,6,2,57,9,1598,1,17,10,1,10
2.02E+12,1,9,0,7,0,8,0,0,0,0,2,1,6,2,23,5,1398,1,1,5,1,5
2.02E+12,1,9,0,18,0,8,0,0,0,0,1,1,6,2,49,8,1598,1,15,2,1,2
2.02E+12,1,8,0,10,0,8,0,0,0,0,1,1,1,1,40,7,1997,2,12,7,1,7
2.02E+12,2,3,0,18,0,1,0,0,0,0,2,1,6,1,25,5,124,1,17,1,1,1
2.02E+12,1,9,0,9,0,1,0,0,0,0,1,1,2,1,55,8,1988,2,11,5,1,5
2.02E+12,1,9,0,9,0,6,0,0,0,0,3,1,2,1,24,5,1968,2,4,9,1,9
2.02E+12,2,5,0,18,0,1,0,0,0,0,4,1,6,1,60,9,1450,1,13,5,2,5
2.02E+12,1,9,0,18,0,3,0,0,0,0,1,1,6,1,25,5,1796,1,11,7,2,7
2.02E+12,2,9,0,4,0,3,0,0,0,0,2,1,6,2,26,6,1598,1,5,7,1,7
2.02E+12,1,9,0,18,0,8,0,0,0,0,1,1,2,1,43,7,1997,2,10,4,1,4
2.02E+12,1,9,0,9,0,6,0,0,0,0,1,1,2,2,45,7,1197,1,2,8,2,8
2.02E+12,2,2,0,18,0,1,0,0,0,0,3,1,6,1,16,4,49,1,9,4,1,4
2.02E+12,2,9,0,18,0,2,0,0,0,0,4,1,6,2,23,5,899,1,2,7,1,7
2.02E+12,1,19,0,9,0,5,0,0,0,0,4,1,6,1,42,7,1968,2,1,3,1,3
2.02E+12,1,9,0,18,0,1,0,0,0,0,1,1,6,1,20,4,1229,1,2,5,1,5
2.02E+12,2,19,0,9,0,1,0,0,0,0,3,1,6,1,26,6,1998,2,13,1,1,1
2.02E+12,1,9,0,18,0,6,0,0,0,0,3,1,6,1,21,5,1598,1,10,2,1,2
2.02E+12,2,9,0,18,0,4,0,0,0,0,1,1,6,1,17,4,1198,1,9,2,1,2
2.02E+12,1,9,0,5,0,6,0,0,0,0,1,1,5,2,46,8,1596,1,12,1,1,1
2.02E+12,2,9,0,18,0,1,0,0,0,0,3,1,5,2,23,5,1598,1,5,1,1,1
2.02E+12,1,9,0,17,0,1,0,0,0,0,1,1,6,2,21,5,1390,1,10,3,1,3
2.02E+12,2,9,0,4,0,1,0,0,0,0,2,1,6,2,23,5,1364,2,3,2,1,2
2.02E+12,2,9,0,4,0,1,0,0,0,0,2,1,5,1,53,8,1794,1,13,3,1,3
2.02E+12,1,9,0,1,0,1,0,0,0,0,2,1,6,1,20,4,1399,1,1,4,1,4
2.02E+12,2,9,0,18,0,1,0,0,0,0,1,1,6,2,43,7,1995,2,5,4,1,4
2.02E+12,1,9,0,5,0,4,0,0,0,0,1,1,2,2,32,6,2143,2,3,9,2,9
2.02E+12,2,9,0,5,0,4,0,0,0,0,2,1,6,2,64,9,998,1,3,8,1,8
2.02E+12,1,9,0,18,0,1,0,0,1,0,1,1,6,1,20,4,1299,1,12,6,2,6
2.02E+12,1,9,0,18,0,8,0,0,0,0,1,1,6,2,28,6,1968,2,3,8,3,8
2.02E+12,1,9,0,9,0,8,0,0,0,0,1,1,6,1,70,10,1796,1,9,6,1,6
2.02E+12,2,9,0,18,0,1,0,0,0,0,4,1,1,1,40,7,2149,2,9,5,1,5
2.02E+12,2,3,0,18,0,8,1,0,0,0,1,1,6,1,43,7,124,1,5,7,1,7
2.02E+12,1,3,0,13,0,1,0,0,0,0,1,1,6,1,27,6,125,1,10,1,1,1
2.02E+12,2,9,0,3,0,2,0,0,0,0,3,1,6,2,33,6,1995,2,4,7,1,7
2.02E+12,1,9,0,13,0,1,0,0,0,0,1,1,2,1,49,8,1968,2,4,2,1,2
2.02E+12,2,9,0,18,0,1,0,0,0,0,2,1,6,1,62,9,1149,1,10,8,1,8
2.02E+12,1,9,0,18,0,3,0,0,0,0,1,1,2,2,28,6,1598,1,5,7,1,7
2.02E+12,1,9,0,9,0,4,0,0,0,0,4,1,6,1,86,11,1596,1,3,3,1,3
2.02E+12,2,9,0,7,0,3,0,0,0,0,4,1,6,1,66,10,1560,2,12,3,1,3
2.02E+12,1,9,0,9,0,1,0,0,0,0,1,1,6,2,38,7,2143,2,3,5,1,5
2.02E+12,2,9,0,18,0,1,0,0,0,0,1,1,6,1,77,11,996,1,7,8,1,8
2.02E+12,1,19,0,18,0,2,0,0,0,0,4,1,6,1,47,8,1461,2,4,9,1,9
2.02E+12,2,9,0,3,0,2,0,0,0,0,3,1,6,2,62,9,998,1,5,3,1,3
2.02E+12,1,21,5,9,0,1,0,0,0,0,1,1,1,1,50,8,12740,2,3,3,1,3
2.02E+12,2,9,0,18,0,1,0,0,0,0,1,1,5,2,26,6,1968,2,5,8,1,8
2.02E+12,1,9,0,4,0,1,0,0,0,0,3,1,2,1,26,6,1229,1,13,1,1,1
2.02E+12,2,9,0,18,0,3,0,0,0,0,1,1,1,2,26,6,1198,1,4,8,1,8
2.02E+12,1,9,0,18,0,7,0,0,0,0,1,1,6,1,48,8,2598,1,21,9,1,9
2.02E+12,2,9,0,3,0,7,0,0,0,0,1,1,6,2,25,5,1596,1,9,1,1,1
2.02E+12,3,9,0,3,0,7,0,0,0,0,1,1,6,2,26,6,1799,1,7,1,1,1
2.02E+12,4,9,0,3,0,7,0,0,0,0,2,1,6,2,33,6,1240,1,14,2,1,2
2.02E+12,2,9,0,4,0,1,0,0,0,0,2,1,6,2,33,6,1598,1,11,4,1,4
2.02E+12,2,9,0,10,0,5,1,0,7,0,2,1,5,1,54,8,1587,1,9,5,1,5
2.02E+12,1,19,0,9,0,8,0,0,0,0,4,1,1,1,64,9,2402,2,10,4,1,4
2.02E+12,1,9,0,9,0,8,0,0,0,0,1,1,6,1,88,11,1329,1,4,10,1,10
2.02E+12,2,9,0,18,0,1,0,0,0,0,1,1,6,2,59,9,1598,2,5,10,3,10
2.02E+12,1,9,0,5,0,1,0,0,0,0,4,1,6,2,20,4,1499,1,3,10,1,10
2.02E+12,1,9,0,7,0,8,0,0,0,0,1,1,5,1,58,9,1364,1,1,5,1,5
2.02E+12,1,9,0,18,0,3,0,0,0,0,1,1,6,1,77,11,1086,1,13,4,1,4
2.02E+12,1,9,0,5,0,8,0,0,0,0,1,1,6,1,85,11,1590,1,12,4,1,4
2.02E+12,2,9,0,4,0,4,0,0,0,0,2,1,6,2,57,9,998,1,3,7,3,7
2.02E+12,2,9,0,3,0,2,0,0,0,0,2,1,2,2,74,10,1229,1,4,6,1,6
2.02E+12,3,9,0,3,0,2,0,0,0,0,2,1,2,2,57,9,1229,1,5,7,1,7
2.02E+12,1,9,0,18,0,1,1,0,0,0,1,1,6,1,38,7,1896,2,15,5,3,5
2.02E+12,2,9,0,18,0,8,0,0,0,0,1,1,6,1,30,6,1968,2,1,3,1,3
2.02E+12,3,9,0,17,0,2,0,0,0,0,1,1,6,2,22,5,998,1,4,7,1,7
2.02E+12,1,9,0,4,0,1,0,0,0,0,1,1,6,1,29,6,1900,2,17,5,1,5
2.02E+12,2,9,0,4,0,1,0,0,0,0,2,1,6,1,25,5,1229,1,2,9,1,9
2.02E+12,1,9,0,5,0,4,0,0,0,0,1,1,1,1,30,6,1998,1,9,8,1,8
2.02E+12,2,5,0,9,0,8,0,0,0,0,3,1,1,1,47,8,782,1,8,2,1,2
2.02E+12,2,9,0,10,0,3,0,0,0,0,3,1,6,1,25,5,999,1,2,4,1,4
2.02E+12,1,9,0,18,0,8,0,0,0,0,1,1,1,1,24,5,1242,1,6,10,3,10
2.02E+12,1,9,0,9,0,2,0,0,0,0,1,1,5,2,47,8,1598,1,6,10,1,10
2.02E+12,2,9,0,10,0,1,0,0,0,0,2,1,6,2,28,6,1988,2,13,8,1,8
2.02E+12,1,9,0,18,0,4,0,0,0,0,1,1,2,1,36,7,1998,2,2,3,1,3
2.02E+12,1,9,0,18,0,1,0,0,0,0,4,1,6,2,30,6,1598,1,9,6,3,6
2.02E+12,2,19,0,9,0,6,0,0,0,0,1,1,6,1,27,6,1598,2,1,3,1,3
2.02E+12,1,9,0,16,0,1,0,0,0,0,1,1,6,1,35,6,1560,2,12,2,1,2
2.02E+12,2,9,0,18,0,1,0,0,0,0,3,1,6,2,26,6,1599,1,12,3,1,3
2.02E+12,1,9,0,18,0,1,0,0,0,0,0,1,1,1,18,4,1364,1,9,10,1,10
2.02E+12,1,9,0,9,0,8,0,0,0,0,3,1,2,1,46,8,1598,2,4,8,1,8
2.02E+12,2,9,0,18,0,7,0,4,0,0,2,1,6,1,74,10,1388,1,8,3,1,3
2.02E+12,3,9,0,18,0,7,0,4,0,0,2,1,6,2,57,9,1229,1,6,2,1,2
2.02E+12,1,9,0,13,0,1,5,0,0,0,4,1,5,1,26,6,2982,2,4,8,3,8
2.02E+12,2,9,0,9,0,5,0,0,0,0,1,1,5,2,23,5,1398,1,4,9,2,9
2.02E+12,1,9,0,18,0,1,0,0,0,0,1,1,6,1,24,5,1596,1,15,3,1,3
2.02E+12,2,9,0,10,0,1,0,0,0,0,2,1,1,2,71,10,1329,1,6,9,1,9
2.02E+12,2,9,0,5,0,1,0,0,0,0,1,1,6,1,19,4,1968,2,9,1,1,1
2.02E+12,1,19,0,18,0,4,0,0,0,0,1,1,6,1,58,9,1998,2,13,4,1,4
2.02E+12,1,4,0,9,0,1,2,0,0,0,1,1,6,1,21,5,249,1,8,10,2,10
2.02E+12,3,9,0,10,0,1,0,0,0,0,1,1,6,2,32,6,2143,2,2,2,1,2
2.02E+12,2,9,0,18,0,1,0,0,0,0,3,1,1,1,20,4,999,1,2,2,1,2
2.02E+12,3,21,1,10,0,1,0,0,0,0,1,1,6,1,53,8,12902,2,1,7,3,7
2.02E+12,1,9,0,18,0,1,0,0,0,0,1,1,6,2,60,9,995,1,11,7,1,7
2.02E+12,1,9,0,18,0,1,0,0,0,0,1,1,5,2,38,7,1598,2,6,6,3,6
2.02E+12,2,9,0,10,0,1,0,0,0,0,2,1,6,2,50,8,1956,2,7,4,1,4
2.02E+12,1,9,0,17,0,4,0,0,0,0,1,1,6,2,48,8,1984,1,14,3,1,3
2.02E+12,1,9,0,7,0,1,0,0,0,0,1,1,1,1,34,6,1596,1,1,3,1,3
2.02E+12,1,9,0,7,0,2,0,0,0,0,1,1,6,2,32,6,1388,1,14,2,1,2
2.02E+12,1,11,0,5,0,4,0,0,0,0,1,1,1,1,48,8,5900,2,10,4,1,4
2.02E+12,2,9,0,9,0,4,0,0,0,0,4,1,6,1,87,11,1390,1,13,4,1,4
2.02E+12,1,9,0,9,0,2,0,0,0,0,1,1,2,1,41,7,1248,2,6,8,1,8
2.02E+12,2,3,0,18,0,1,0,0,0,0,1,1,2,1,23,5,124,1,7,6,3,6
2.02E+12,1,19,0,4,0,1,0,0,0,0,1,1,6,1,23,5,2151,2,14,2,1,2
2.02E+12,2,9,0,3,0,1,0,0,0,0,2,1,1,2,43,7,1560,2,11,6,1,6
2.02E+12,2,9,0,9,0,1,0,0,0,0,3,1,2,2,61,9,1560,2,6,6,2,6
2.02E+12,1,9,0,9,0,8,0,0,0,0,1,1,6,2,39,7,2000,2,7,2,1,2
2.02E+12,2,3,0,17,0,1,0,0,0,0,1,1,1,1,26,6,124,1,2,7,1,7
2.02E+12,1,9,0,9,0,1,0,0,0,0,1,1,6,2,61,9,1587,1,13,4,1,4
2.02E+12,2,9,0,17,0,1,0,0,0,0,1,1,6,2,36,7,1388,1,12,8,1,8
2.02E+12,1,9,0,17,0,1,0,0,0,0,1,1,6,2,20,4,1242,1,8,3,3,3
2.02E+12,2,9,0,4,0,1,0,0,0,0,2,1,6,2,51,8,1582,2,6,8,1,8
2.02E+12,1,9,0,18,0,1,0,0,0,0,1,1,4,1,47,8,1968,2,3,1,1,1
2.02E+12,2,9,0,9,0,1,0,0,0,0,1,1,1,2,41,7,898,1,2,2,1,2
2.02E+12,1,8,0,18,0,7,0,0,0,0,0,1,1,1,56,9,1896,2,9,1,1,1
2.02E+12,1,9,0,18,0,1,0,0,0,0,1,1,6,2,20,4,1398,1,2,9,1,9
2.02E+12,2,9,0,18,0,1,0,0,0,0,1,1,6,1,22,5,1242,1,14,7,1,7
2.02E+12,1,9,0,18,0,8,0,0,0,0,1,1,2,2,21,5,1198,1,4,7,1,7
2.02E+12,2,9,0,7,0,8,0,0,0,0,1,1,2,1,43,7,1248,2,9,1,1,1
2.02E+12,2,9,0,9,0,6,5,0,0,0,3,1,1,2,68,10,1206,1,7,6,1,6
2.02E+12,1,9,0,18,0,1,0,0,0,0,1,1,6,1,30,6,998,1,16,7,2,7
2.02E+12,2,9,0,4,0,1,0,0,0,0,2,1,6,1,62,9,1396,1,14,1,1,1
2.02E+12,1,9,0,9,0,1,0,0,0,0,1,1,6,2,30,6,1598,2,4,8,1,8
2.02E+12,1,9,0,9,0,8,0,0,0,0,1,1,6,1,23,5,1364,1,9,9,1,9
2.02E+12,2,4,0,18,0,1,0,0,0,0,1,1,6,1,27,6,498,1,21,2,1,2
2.02E+12,1,9,0,18,0,1,5,4,0,0,1,1,6,1,20,4,1229,1,8,1,1,1
2.02E+12,2,9,0,2,0,1,0,0,0,0,1,1,6,1,61,9,1896,2,13,2,1,2
2.02E+12,2,9,0,7,0,8,0,0,0,0,2,1,6,2,70,10,1198,1,2,6,1,6
2.02E+12,1,9,0,9,0,1,0,0,0,0,4,1,6,2,25,5,1968,2,7,6,1,6
2.02E+12,1,9,0,13,0,2,0,0,0,0,3,1,6,1,43,7,1995,2,1,5,1,5
2.02E+12,2,9,0,9,0,1,0,0,0,0,4,1,1,1,34,6,1968,2,10,3,1,3
2.02E+12,1,9,0,9,0,5,0,0,0,0,1,1,6,1,62,9,1242,1,6,1,1,1
2.02E+12,1,9,0,18,0,4,0,0,0,0,1,1,6,1,39,7,1248,2,11,8,1,8
2.02E+12,2,9,0,9,0,8,0,0,0,0,4,1,2,2,29,6,999,1,2,3,1,3
2.02E+12,1,9,0,18,0,1,0,0,0,0,4,1,6,1,51,8,1956,2,5,1,1,1
2.02E+12,1,9,0,9,0,1,0,0,0,0,1,1,6,2,45,7,1598,1,5,2,1,2
2.02E+12,1,9,0,5,0,1,0,0,0,0,3,1,6,2,46,8,1248,1,2,3,1,3
2.02E+12,1,9,0,18,0,1,0,0,0,0,1,1,6,2,19,4,1199,1,16,2,1,2
2.02E+12,2,9,0,18,0,1,0,0,0,0,1,1,6,2,41,7,1753,2,10,8,1,8
2.02E+12,1,11,0,18,0,1,0,0,0,0,1,1,1,1,59,9,6690,2,1,2,1,2
2.02E+12,2,9,0,4,0,1,0,0,0,0,2,1,1,1,56,9,1560,2,7,7,1,7
2.02E+12,3,9,0,4,0,1,0,0,0,0,2,1,6,1,43,7,1997,2,8,8,2,8
2.02E+12,1,9,0,7,5,1,0,0,0,0,3,1,1,1,24,5,1595,1,13,6,1,6
2.02E+12,1,9,0,5,0,1,0,0,0,0,1,1,6,1,47,8,1598,1,11,4,1,4
2.02E+12,1,9,0,5,0,1,0,0,0,0,0,1,6,1,32,6,998,1,4,7,1,7
2.02E+12,1,9,0,18,0,1,0,0,0,0,1,1,6,1,29,6,1984,1,10,9,3,9
2.02E+12,1,9,0,18,0,8,0,0,0,0,1,1,6,2,42,7,1598,1,8,7,1,7
2.02E+12,1,9,0,9,0,1,0,0,0,0,1,1,6,2,42,7,1968,2,9,5,3,5
2.02E+12,2,9,0,13,0,1,0,0,0,0,1,1,6,1,54,8,1998,1,17,6,3,6
2.02E+12,2,9,0,18,0,1,0,0,0,0,3,1,6,2,30,6,1686,2,6,2,1,2
2.02E+12,2,9,0,18,0,1,0,0,0,0,1,1,6,1,24,5,1149,1,14,2,1,2
2.02E+12,2,9,0,18,0,1,0,0,0,0,3,1,5,2,70,10,1360,1,10,2,1,2
2.02E+12,1,9,0,18,0,4,0,0,0,0,1,1,6,1,85,11,1197,1,1,4,1,4
2.02E+12,1,9,0,16,0,4,0,0,0,0,2,1,6,2,32,6,1598,2,1,9,1,9
2.02E+12,2,9,0,3,0,4,0,0,0,0,1,1,6,1,37,7,2922,1,14,3,1,3
2.02E+12,1,9,0,18,0,1,0,0,0,0,1,1,6,2,24,5,1242,1,2,6,1,6
2.02E+12,2,9,0,18,0,1,1,0,0,0,2,1,6,2,29,6,1461,2,6,4,1,4
2.02E+12,2,9,0,18,0,1,0,0,0,0,3,1,6,2,50,8,1248,1,5,2,1,2
2.02E+12,1,9,0,9,0,1,0,0,0,0,1,1,6,1,33,6,1753,2,11,8,1,8
2.02E+12,1,9,0,4,0,2,0,0,0,0,1,1,6,1,87,11,1587,1,10,10,1,10
2.02E+12,1,19,0,7,0,1,0,0,0,0,1,1,6,1,40,7,2143,2,4,5,1,5
2.02E+12,2,9,0,18,0,1,0,0,0,0,4,1,6,2,29,6,1968,2,6,4,1,4
2.02E+12,1,9,0,18,0,3,0,0,1,0,1,1,2,2,34,6,1598,1,2,6,1,6
2.02E+12,2,9,0,3,0,2,0,0,0,0,2,1,5,2,47,8,1242,1,8,9,1,9
2.02E+12,1,9,0,9,0,1,0,0,0,0,1,1,6,1,78,11,1997,2,12,6,3,6
2.02E+12,2,9,0,18,0,1,0,0,0,0,3,1,6,1,64,9,998,1,3,4,1,4
2.02E+12,2,3,0,18,0,1,1,0,0,0,1,1,6,1,23,5,125,1,1,2,1,2
2.02E+12,1,3,0,15,0,1,0,0,0,0,1,1,5,1,17,4,124,1,7,6,1,6
2.02E+12,3,9,0,18,0,1,0,0,0,0,0,1,5,2,25,5,1199,1,15,1,1,1
2.02E+12,2,9,0,18,0,1,0,0,0,0,1,1,6,1,37,7,1997,1,3,7,1,7
2.02E+12,1,9,0,13,0,1,0,0,0,0,4,1,2,1,40,7,998,1,1,9,1,9
2.02E+12,3,9,0,7,0,6,0,0,0,0,1,1,6,1,54,8,998,1,15,1,1,1
2.02E+12,1,9,0,16,0,8,0,0,0,0,1,1,6,1,62,9,1896,2,13,2,1,2
2.02E+12,2,9,0,8,0,4,0,0,0,0,2,1,6,2,61,9,1598,1,7,1,1,1
2.02E+12,1,9,0,9,0,1,0,0,0,0,3,1,6,1,22,5,1900,2,12,2,1,2
2.02E+12,2,5,0,13,0,1,5,0,0,0,4,1,1,1,48,8,599,1,19,6,2,6
2.02E+12,1,9,0,9,0,3,0,0,0,0,1,1,2,1,52,8,1229,1,10,3,1,3
2.02E+12,1,9,0,3,0,4,0,0,0,0,1,1,6,1,39,7,1590,1,14,5,1,5
2.02E+12,1,9,0,18,0,8,0,0,0,0,1,1,6,1,27,6,1229,1,10,5,1,5
2.02E+12,2,9,0,18,0,8,0,0,0,0,1,1,6,1,41,7,1968,2,11,2,1,2
2.02E+12,1,9,0,18,0,4,0,0,0,0,0,1,6,1,37,7,1998,2,7,8,1,8
2.02E+12,1,9,0,18,0,1,0,0,0,0,1,1,6,2,45,7,1299,1,13,2,1,2
2.02E+12,1,9,0,18,0,2,0,0,0,0,3,1,6,1,23,5,1995,2,14,1,1,1
2.02E+12,1,9,0,7,0,6,0,0,0,0,1,1,6,1,46,8,2993,2,3,10,3,10
2.02E+12,1,9,0,18,0,4,1,0,0,0,4,1,6,2,21,5,1242,1,6,9,1,9
2.02E+12,2,9,0,4,0,1,0,0,0,0,2,1,6,2,21,5,1598,2,2,4,1,4
2.02E+12,2,9,0,4,0,1,0,0,0,0,1,1,6,1,25,5,1968,2,7,7,1,7
2.02E+12,1,9,0,7,0,6,0,0,0,0,0,1,6,1,46,8,1360,1,13,3,1,3
2.02E+12,2,3,0,18,0,6,0,0,0,0,0,1,6,1,65,9,124,1,1,7,1,7
2.02E+12,1,9,0,18,0,4,0,0,0,0,4,1,6,1,57,9,2143,2,6,4,1,4
2.02E+12,1,9,0,18,0,4,0,0,0,0,1,1,6,1,25,5,1397,1,9,6,1,6
2.02E+12,1,9,0,9,0,6,0,0,0,0,1,1,1,1,52,8,1598,2,5,2,1,2
2.02E+12,1,19,0,10,0,1,0,0,0,0,3,1,2,1,45,7,2143,2,4,2,1,2
2.02E+12,2,9,0,18,0,1,0,0,0,0,4,1,6,1,26,6,1598,2,1,2,1,2
2.02E+12,2,9,0,18,0,1,0,0,0,0,1,1,6,1,31,6,1896,2,11,8,1,8
2.02E+12,1,9,0,18,0,1,0,11,0,0,1,1,6,1,31,6,2967,1,14,1,1,1
2.02E+12,3,9,0,2,0,1,0,0,0,0,2,1,6,1,59,9,1598,1,3,8,1,8
2.02E+12,1,9,0,18,0,4,0,0,0,0,3,1,2,2,44,7,1587,1,11,2,1,2
2.02E+12,2,3,0,18,0,8,0,0,0,0,1,1,6,1,19,4,125,1,4,3,1,3
2.02E+12,1,9,0,4,0,1,0,0,0,0,1,1,6,1,24,5,1560,2,3,7,1,7
2.02E+12,2,9,0,4,0,1,0,0,0,0,2,1,6,2,53,8,1998,1,1,8,1,8