Accident_Index,Vehicle_Reference,Vehicle_Type,Towing_and_Articulation,Vehicle_Manoeuvre,Vehicle_Location-Restricted_Lane,Junction_Location,Skidding_and_Overturning,Hit_Object_in_Carriageway,Vehicle_Leaving_Carriageway,Hit_Object_off_Carriageway,1st_Point_of_Impact,Was_Vehicle_Left_Hand_Drive?,Journey_Purpose_of_Driver,Sex_of_Driver,Age_of_Driver,Age_Band_of_Driver,Engine_Capacity_(CC),Propulsion_Code,Age_of_Vehicle,Driver_IMD_Decile,Driver_Home_Area_Type,Vehicle_IMD_Decile
2.02E+12,1,9,0,17,0,2,0,4,0,0,1,1,5,2,17,4,998,1,10,5,1,5
2.02E+12,1,9,0,18,0,1,0,4,0,0,1,1,2,1,21,5,1368,1,11,3,1,3
2.02E+12,2,9,0,2,0,1,0,0,0,0,2,1,5,2,22,5,1598,2,3,7,1,7
2.02E+12,3,9,0,18,0,1,0,0,0,0,1,1,6,2,36,7,1461,2,13,8,1,8
2.02E+12,1,9,0,5,0,4,0,0,0,0,1,1,2,2,19,4,1299,1,9,4,1,4
2.02E+12,2,19,0,9,0,3,0,0,0,0,1,1,1,1,47,8,2198,2,10,7,1,7
2.02E+12,1,9,0,18,0,7,0,0,0,0,0,1,6,1,48,8,1198,1,6,3,1,3
2.02E+12,2,9,0,18,0,2,1,0,0,0,2,1,1,1,42,7,1685,2,1,5,2,5
2.02E+12,3,9,0,18,0,2,1,0,0,0,1,1,1,1,21,5,1499,2,1,8,1,8
2.02E+12,5,19,0,18,0,2,1,0,0,0,1,1,1,1,48,8,2198,2,4,4,1,4
2.02E+12,2,9,0,2,0,1,0,0,0,0,2,1,2,1,26,6,1398,2,7,9,1,9
2.02E+12,1,9,0,17,0,8,1,0,1,4,1,1,5,1,67,10,4973,1,28,6,2,6
2.02E+12,2,9,0,18,0,8,0,0,1,0,1,1,5,2,77,11,1598,1,9,10,1,10
2.02E+12,1,9,0,9,0,5,0,0,0,0,4,1,1,2,24,5,1242,1,5,3,1,3
2.02E+12,1,9,0,18,0,1,0,0,0,0,3,1,2,2,41,7,1587,1,14,5,1,5
2.02E+12,2,11,0,5,0,6,0,0,0,0,1,1,1,1,64,9,2198,2,1,5,1,5
2.02E+12,1,9,0,16,0,1,1,0,8,4,1,1,2,1,31,6,1339,1,11,4,1,4
2.02E+12,1,9,0,17,0,2,0,0,0,0,1,1,5,2,24,5,1560,2,6,3,1,3
2.02E+12,1,3,0,18,0,3,0,0,1,0,4,1,5,1,29,6,125,1,1,3,1,3
2.02E+12,1,9,0,18,0,8,0,0,0,0,1,1,5,2,34,6,898,1,2,10,1,10
2.02E+12,2,9,0,9,0,6,0,0,0,0,1,1,5,2,81,11,998,1,3,5,1,5
2.02E+12,1,9,0,18,0,8,1,0,0,0,1,1,6,1,35,6,1242,1,19,10,1,10
2.02E+12,2,19,0,10,0,8,0,0,0,0,2,1,5,1,60,9,1910,2,6,9,3,9
2.02E+12,1,9,0,5,0,4,0,0,0,0,3,1,1,2,30,6,1299,1,17,7,1,7
2.02E+12,1,9,0,5,0,6,0,10,3,2,1,1,5,1,18,4,1398,1,5,1,3,1
2.02E+12,1,9,0,9,0,6,0,0,0,0,3,1,5,2,17,4,1242,1,4,9,2,9
2.02E+12,2,19,0,17,0,8,0,0,0,0,1,1,1,1,50,8,1560,2,7,10,1,10
2.02E+12,2,9,0,10,0,8,0,0,0,0,2,1,5,2,25,5,1364,2,13,9,1,9
2.02E+12,1,9,0,7,4,5,0,0,0,0,2,1,5,2,45,7,1598,1,13,5,1,5
2.02E+12,1,9,0,7,0,4,0,0,0,0,1,1,6,1,34,6,1399,1,1,4,1,4
2.02E+12,2,9,0,9,0,8,1,0,0,0,1,1,5,2,56,9,1197,1,1,10,1,10
2.02E+12,1,9,0,18,0,1,0,0,0,0,4,1,2,1,40,7,1968,2,10,5,1,5
2.02E+12,1,3,0,18,0,3,0,0,0,0,4,1,5,1,56,9,125,1,1,4,1,4
2.02E+12,1,5,0,13,0,8,0,0,0,0,4,1,2,1,57,9,1340,1,7,9,1,9
2.02E+12,1,9,0,9,0,5,0,0,7,0,4,1,5,1,74,10,1560,2,4,8,3,8
2.02E+12,2,9,0,18,0,8,1,0,0,0,1,1,5,1,27,6,2993,2,13,3,1,3
2.02E+12,1,9,0,16,0,1,1,0,8,4,1,1,5,1,20,4,1197,1,5,9,1,9
2.02E+12,1,9,0,18,0,6,0,0,0,0,3,1,5,1,17,4,1198,1,9,10,3,10
2.02E+12,2,9,0,18,0,8,0,0,7,10,1,1,5,1,27,6,1248,1,6,9,1,9
2.02E+12,1,21,1,17,0,8,1,0,0,0,1,1,1,1,45,7,12419,2,2,8,1,8
2.02E+12,1,9,0,18,0,1,1,0,7,0,4,1,5,1,27,6,1587,1,14,3,1,3
2.02E+12,2,9,0,9,0,6,0,0,0,0,1,1,2,2,31,6,2967,2,10,4,1,4
2.02E+12,1,9,0,16,0,8,0,0,3,0,1,1,5,1,43,7,1149,1,9,1,1,1
2.02E+12,2,9,0,18,0,8,0,0,0,0,1,1,5,2,50,8,1248,1,4,5,1,5
2.02E+12,1,21,1,18,0,3,0,0,0,0,1,1,1,1,38,7,10837,2,3,4,1,4
2.02E+12,2,9,0,18,0,3,0,0,0,0,2,1,2,1,38,7,2148,2,10,7,1,7
2.02E+12,1,9,0,16,0,7,0,0,0,0,3,1,1,2,32,6,1995,2,11,7,2,7
2.02E+12,2,21,1,18,0,3,0,0,0,0,1,1,1,1,56,9,12809,2,1,2,1,2
2.02E+12,2,9,0,18,0,8,0,0,1,0,1,1,2,1,60,9,2143,2,5,6,1,6
2.02E+12,1,9,0,4,0,2,1,0,1,11,1,1,5,1,41,7,1753,2,8,5,1,5
2.02E+12,1,9,0,16,0,8,0,10,3,11,1,1,5,1,12,3,1910,2,10,3,1,3
2.02E+12,1,9,0,5,0,1,0,0,0,0,1,1,6,1,25,5,1984,2,8,7,2,7
2.02E+12,2,9,0,4,0,1,0,0,0,0,2,1,6,2,51,8,1400,1,11,8,1,8
2.02E+12,1,9,0,9,0,5,0,0,0,0,1,1,5,1,60,9,1995,2,7,3,1,3
2.02E+12,3,9,0,8,0,1,0,0,0,0,4,1,5,1,84,11,998,1,9,3,1,3
2.02E+12,1,9,0,9,0,1,0,0,0,0,1,1,6,1,27,6,1395,1,3,5,1,5
2.02E+12,1,9,0,9,0,5,0,0,0,0,1,1,5,2,48,8,1995,2,10,8,3,8
2.02E+12,2,9,0,18,0,1,0,0,0,0,1,1,5,1,57,9,2893,1,6,6,1,6
2.02E+12,1,9,0,1,0,5,0,0,0,0,2,1,5,1,25,5,1496,2,1,6,1,6
2.02E+12,2,9,0,3,0,1,0,0,0,0,1,1,5,1,29,6,1390,1,20,6,1,6
2.02E+12,1,9,0,7,9,5,0,0,0,0,1,1,5,1,38,7,1997,2,5,4,1,4
2.02E+12,1,9,0,7,0,6,0,0,0,0,4,1,2,2,35,6,1560,2,7,9,2,9
2.02E+12,2,9,0,4,0,1,0,0,0,0,2,1,2,1,26,6,1560,2,1,1,1,1
2.02E+12,1,9,0,4,0,1,0,0,0,0,1,1,6,2,27,6,1598,2,2,7,1,7
2.02E+12,2,9,0,8,0,1,0,0,0,0,2,1,1,2,18,4,998,1,13,7,1,7
2.02E+12,1,9,0,18,0,8,0,0,0,0,1,1,5,1,36,7,1896,2,11,4,1,4
2.02E+12,2,9,0,4,0,8,0,0,0,0,2,1,2,2,27,6,1390,1,5,9,1,9
2.02E+12,3,9,0,9,0,5,0,0,0,0,4,1,2,2,53,8,2400,2,8,10,1,10
2.02E+12,1,5,0,7,0,2,1,0,0,0,4,1,5,1,21,5,599,1,7,8,2,8
2.02E+12,1,9,0,18,0,4,0,9,1,4,1,1,5,1,27,6,1997,1,15,1,1,1
2.02E+12,1,9,0,7,0,3,1,0,1,0,2,1,5,1,33,6,2000,2,13,3,1,3
2.02E+12,2,21,1,18,0,8,0,0,0,0,1,1,1,1,63,9,12740,2,4,8,1,8
2.02E+12,1,9,0,9,0,6,0,0,0,0,1,1,5,1,72,10,1390,1,7,7,1,7
2.02E+12,1,9,0,9,0,6,0,0,0,0,3,1,2,1,27,6,1590,1,14,1,1,1
2.02E+12,1,9,0,18,0,6,0,0,0,0,1,1,2,1,37,7,1560,2,6,4,1,4
2.02E+12,2,9,0,18,0,1,0,0,0,0,4,1,2,2,49,8,1197,1,2,4,1,4
2.02E+12,1,9,0,18,0,1,0,0,1,0,3,1,5,1,41,7,1590,1,13,1,1,1
2.02E+12,1,9,0,5,0,6,0,0,0,0,1,1,6,2,63,9,1398,1,5,4,1,4
2.02E+12,2,9,0,17,0,1,0,0,0,0,4,1,6,2,22,5,1968,2,1,4,1,4
2.02E+12,2,9,0,5,0,8,0,0,0,0,2,1,5,2,29,6,1124,1,13,4,1,4
2.02E+12,1,9,0,7,0,6,0,0,0,0,4,1,6,1,37,7,1995,2,3,7,1,7
2.02E+12,1,9,0,17,0,6,0,0,0,0,4,1,5,1,55,8,1248,2,5,4,1,4
2.02E+12,2,9,0,16,0,8,0,0,1,11,3,1,5,2,18,4,1248,2,5,7,3,7
2.02E+12,1,9,0,7,0,5,0,0,0,0,4,1,6,1,27,6,1360,1,15,1,1,1
2.02E+12,1,9,0,5,0,6,0,0,0,0,1,1,5,1,82,11,1388,1,8,8,3,8
2.02E+12,2,9,0,18,0,8,0,0,1,0,1,1,1,2,40,7,1598,2,6,2,1,2
2.02E+12,1,21,1,5,0,2,0,0,0,0,1,1,1,1,65,9,12419,2,4,2,3,2
2.02E+12,2,9,0,3,0,2,0,0,0,0,2,1,3,1,43,7,1397,1,9,8,1,8
2.02E+12,2,9,0,3,0,1,0,0,0,0,2,1,6,1,36,7,1598,1,14,6,1,6
2.02E+12,1,9,0,18,0,7,0,0,0,0,1,1,1,1,46,8,1560,2,11,4,1,4
2.02E+12,2,19,0,18,0,7,0,0,0,0,2,1,1,1,31,6,2143,2,3,1,1,1
2.02E+12,3,9,0,18,0,7,0,0,0,0,2,1,1,1,23,5,1995,2,11,4,1,4
2.02E+12,1,9,0,12,0,8,0,0,0,0,1,1,5,1,36,7,1798,1,10,3,1,3
2.02E+12,2,9,0,3,0,8,0,0,0,0,2,1,1,1,46,8,2993,2,1,5,1,5
2.02E+12,2,5,0,14,0,8,0,0,0,0,3,1,6,1,22,5,600,1,16,1,1,1
2.02E+12,1,11,0,18,0,2,0,0,0,0,4,1,1,1,58,9,6700,2,2,10,1,10
2.02E+12,1,19,0,16,0,3,0,0,0,0,1,1,6,1,34,6,2198,2,9,5,1,5
2.02E+12,1,9,0,18,0,1,0,0,0,0,1,1,5,1,54,8,1769,1,14,4,1,4
2.02E+12,1,9,0,11,0,3,0,0,0,0,4,1,5,2,61,9,1796,1,15,5,2,5
2.02E+12,2,9,0,9,0,8,0,0,0,0,3,1,5,2,27,6,1229,1,6,7,3,7
2.02E+12,1,9,0,18,0,7,0,0,7,9,1,1,5,1,19,4,1398,1,1,3,1,3
2.02E+12,1,9,0,5,0,6,0,0,1,0,3,1,5,1,85,11,1796,1,7,6,2,6
2.02E+12,2,9,0,18,0,8,0,0,0,0,1,1,5,2,48,8,1956,2,4,10,1,10
2.02E+12,1,21,0,9,0,6,0,0,0,0,1,1,3,1,45,7,12580,2,11,7,1,7
2.02E+12,1,9,0,9,0,5,0,0,0,0,1,1,5,2,53,8,2497,2,6,8,1,8
2.02E+12,2,9,0,18,0,8,0,0,0,0,1,1,5,2,39,7,1197,1,6,8,3,8
2.02E+12,3,9,0,10,0,1,0,0,0,0,1,1,1,1,37,7,1968,2,2,4,1,4
2.02E+12,1,9,0,18,0,6,0,0,0,0,1,1,5,1,21,5,1197,1,4,3,1,3
2.02E+12,2,9,0,18,0,8,0,0,0,0,4,1,5,2,70,10,1995,2,2,4,1,4
2.02E+12,1,9,0,18,0,1,0,0,0,0,1,1,2,1,27,6,1968,2,13,6,1,6
2.02E+12,2,5,0,3,0,1,0,0,0,0,2,1,6,1,27,6,1050,1,9,8,3,8
2.02E+12,3,9,0,3,0,1,0,0,0,0,2,1,1,1,47,8,1598,2,1,6,1,6
2.02E+12,2,9,0,7,0,6,0,0,0,0,2,1,1,1,63,9,1498,1,1,9,3,9
2.02E+12,1,9,0,18,0,8,0,0,0,0,1,1,6,2,73,10,1600,1,12,6,1,6
2.02E+12,2,9,0,4,0,8,0,0,0,0,2,1,5,1,43,7,1896,2,11,9,1,9
2.02E+12,1,9,0,16,0,7,1,0,7,7,1,1,5,1,23,5,1596,1,17,5,1,5
2.02E+12,2,9,0,18,0,1,0,0,0,0,4,1,5,1,62,9,1560,2,2,3,1,3
2.02E+12,1,9,0,9,0,6,0,0,0,0,1,1,6,1,34,6,1360,1,8,2,1,2
2.02E+12,1,9,0,18,0,8,0,0,0,0,4,1,5,1,17,4,1796,1,9,10,1,10
2.02E+12,1,9,0,9,0,6,0,10,7,2,1,1,5,1,19,4,1242,1,13,7,1,7
2.02E+12,2,9,0,2,0,1,0,0,0,0,1,1,5,2,57,9,1995,2,1,3,1,3
2.02E+12,1,9,0,18,0,8,0,0,0,0,1,1,2,1,20,4,1896,2,11,8,1,8
2.02E+12,2,9,0,3,0,8,0,0,0,0,3,1,2,2,30,6,1968,2,3,9,1,9
2.02E+12,3,19,0,8,0,8,0,0,0,0,2,1,1,1,51,8,2143,2,3,8,2,8
2.02E+12,2,9,0,18,0,6,0,0,0,0,1,1,5,1,29,6,1870,2,13,5,1,5
2.02E+12,1,19,0,18,0,8,0,0,0,0,1,1,1,1,29,6,2198,2,5,4,1,4
2.02E+12,2,5,0,18,0,8,1,0,0,0,1,1,5,1,65,9,650,1,3,3,1,3
2.02E+12,3,9,0,18,0,1,0,0,0,0,3,1,5,1,55,8,1598,1,10,6,2,6
2.02E+12,4,19,0,18,0,2,0,0,0,0,0,1,1,1,61,9,2198,2,3,8,3,8
2.02E+12,1,19,0,7,0,4,0,0,0,0,4,1,1,2,57,9,1868,2,12,5,2,5
2.02E+12,2,3,0,7,0,5,0,0,0,0,1,1,5,1,25,5,124,1,9,8,1,8
2.02E+12,1,9,0,18,0,4,0,9,0,0,1,1,5,2,34,6,1995,2,1,4,1,4
2.02E+12,2,9,0,2,0,8,0,0,0,0,3,1,3,2,33,6,1995,2,1,6,1,6
2.02E+12,3,9,0,2,0,8,0,0,0,0,3,1,3,2,36,7,1242,1,1,2,1,2
2.02E+12,4,9,0,2,0,8,0,0,0,0,3,1,5,1,23,5,1995,2,3,7,1,7
2.02E+12,1,9,0,9,0,6,0,0,0,0,1,1,5,1,22,5,1390,1,6,6,1,6
2.02E+12,2,9,0,18,0,8,0,0,0,0,1,1,5,2,44,7,1997,2,8,4,3,4
2.02E+12,1,9,0,9,0,6,0,0,0,0,1,1,5,1,59,9,1149,1,7,3,1,3
2.02E+12,2,9,0,18,0,6,0,0,0,0,1,1,1,2,30,6,1997,2,10,10,1,10
2.02E+12,2,9,0,18,0,8,0,0,0,0,1,1,2,1,24,5,1910,2,11,4,1,4
2.02E+12,3,9,0,10,0,8,0,0,0,0,1,1,2,1,39,7,2993,2,7,9,1,9
2.02E+12,4,9,0,3,0,1,0,0,0,0,1,1,2,1,59,9,1798,1,8,6,3,6
2.02E+12,2,19,0,3,0,1,0,0,0,0,2,1,1,1,77,11,2799,2,16,8,2,8
2.02E+12,3,21,1,18,0,8,0,0,0,0,1,1,1,1,55,8,12419,2,1,5,1,5
2.02E+12,4,20,0,18,0,4,0,0,0,0,1,1,1,1,57,9,2143,2,3,7,1,7
2.02E+12,2,9,0,9,0,6,0,0,0,0,3,1,6,1,42,7,1975,1,14,5,1,5
2.02E+12,1,9,0,18,0,1,0,0,0,0,1,1,5,1,28,6,1242,1,2,8,1,8
2.02E+12,2,9,0,10,0,1,0,0,0,0,2,1,5,2,25,5,1598,1,4,2,1,2
2.02E+12,1,9,0,18,0,6,0,0,0,0,1,1,2,1,19,4,998,1,1,3,1,3
2.02E+12,2,9,0,18,0,8,1,0,1,1,3,1,2,2,22,5,1229,1,12,5,1,5
2.02E+12,1,9,0,7,0,5,0,0,0,0,4,1,2,1,51,8,2143,2,4,6,1,6
2.02E+12,1,9,0,13,0,8,0,0,0,0,1,1,5,1,43,7,2979,1,1,8,1,8
2.02E+12,1,9,0,10,0,1,0,0,0,0,1,1,5,1,27,6,1587,1,13,7,1,7
2.02E+12,2,9,0,10,0,1,0,0,0,0,2,1,5,1,61,9,1596,1,3,10,1,10
2.02E+12,1,9,0,9,0,6,0,0,0,0,1,1,5,1,78,11,2698,2,12,6,2,6
2.02E+12,1,9,0,5,0,4,0,0,0,0,1,1,6,2,51,8,1328,1,13,4,1,4
2.02E+12,2,9,0,5,0,4,0,0,0,0,2,1,5,2,25,5,1399,2,15,5,1,5
2.02E+12,1,21,0,18,0,8,0,0,0,0,1,1,1,1,50,8,4461,2,9,8,3,8
2.02E+12,2,9,0,3,0,8,0,0,0,0,2,1,2,2,32,6,1390,1,13,9,2,9
2.02E+12,3,9,0,3,0,8,0,0,0,0,2,1,2,1,33,6,2494,1,15,10,1,10
2.02E+12,1,9,0,1,0,2,0,0,0,0,2,1,5,1,40,7,1299,1,15,3,1,3
2.02E+12,1,9,0,4,0,1,0,0,0,0,1,1,6,2,34,6,1299,1,15,5,1,5
2.02E+12,2,9,0,4,0,1,0,0,0,0,2,1,5,1,57,9,1598,2,1,10,3,10
2.02E+12,1,9,0,9,0,5,0,0,0,0,0,1,6,1,23,5,1199,1,17,3,1,3
2.02E+12,2,3,0,18,0,8,0,10,1,0,1,1,5,1,66,10,124,1,6,10,2,10
2.02E+12,2,5,0,16,0,8,0,0,0,0,1,1,5,1,42,7,1800,1,15,1,1,1
2.02E+12,1,5,0,13,0,8,0,0,0,0,1,1,2,1,24,5,645,1,9,2,1,2
2.02E+12,2,19,0,9,0,5,0,0,0,0,3,1,5,1,57,9,1753,2,8,5,1,5
2.02E+12,1,5,0,18,0,8,1,0,0,0,1,1,5,1,42,7,647,1,11,8,2,8
2.02E+12,2,9,0,3,0,8,0,0,0,0,2,1,5,1,29,6,1968,2,6,9,1,9
2.02E+12,4,5,0,18,0,8,1,0,1,9,4,1,5,1,48,8,750,1,26,8,3,8
2.02E+12,2,9,0,4,0,1,0,0,0,0,1,1,5,2,61,9,2143,2,7,8,1,8
2.02E+12,2,9,0,5,0,1,0,0,0,0,2,1,5,1,82,11,998,1,2,10,1,10
2.02E+12,1,9,0,18,0,8,0,0,0,0,1,1,5,1,36,7,1995,2,13,5,1,5
2.02E+12,2,9,0,10,0,8,0,0,0,0,2,1,5,1,50,8,1997,2,6,6,1,6
2.02E+12,1,9,0,9,0,6,0,0,0,0,1,1,5,1,64,9,1598,1,14,8,2,8
2.02E+12,2,9,0,4,0,1,0,0,0,0,2,1,5,1,37,7,1343,1,12,5,3,5
2.02E+12,2,9,0,5,0,6,0,0,0,0,1,1,5,1,51,8,3222,2,13,4,1,4
2.02E+12,1,9,0,7,0,5,1,0,0,0,1,1,5,2,37,7,1598,1,15,5,1,5
2.02E+12,2,9,0,4,0,1,0,0,0,0,3,1,5,1,41,7,2967,2,9,5,1,5
2.02E+12,1,9,0,18,0,4,0,9,1,9,3,1,5,2,30,6,1242,1,8,7,1,7
2.02E+12,1,9,0,5,0,6,0,0,0,0,1,1,5,1,29,6,1560,2,4,5,1,5
2.02E+12,1,9,0,9,0,5,0,0,0,0,1,1,5,2,71,10,1598,1,1,10,1,10
2.02E+12,2,9,0,18,0,8,0,0,0,0,1,1,5,1,34,6,1124,1,13,10,1,10
2.02E+12,1,9,0,18,0,8,0,4,1,0,1,1,5,1,23,5,1796,1,12,5,1,5
2.02E+12,3,9,0,2,0,2,0,4,0,0,2,1,6,2,52,8,1791,8,6,2,1,2
2.02E+12,1,9,0,18,0,1,0,0,0,0,1,1,2,1,26,6,2982,2,2,9,2,9
2.02E+12,2,9,0,10,0,8,0,0,0,0,2,1,6,2,32,6,1461,2,3,10,2,10
2.02E+12,2,9,0,9,0,5,0,0,0,0,1,1,5,2,54,8,1197,1,1,5,2,5
2.02E+12,2,9,0,18,0,8,0,0,0,0,1,1,5,1,51,8,2198,1,14,3,1,3
2.02E+12,1,9,0,7,0,6,0,0,0,0,1,1,5,1,62,9,1240,1,12,3,1,3
2.02E+12,1,9,0,17,0,2,0,0,2,11,4,1,5,1,19,4,1598,2,5,6,1,6
2.02E+12,1,9,0,18,0,1,0,0,0,0,1,1,6,1,25,5,1998,1,11,10,1,10
2.02E+12,1,4,0,16,0,2,1,0,7,0,1,1,5,1,21,5,499,1,21,2,1,2
2.02E+12,1,9,0,4,0,8,1,0,0,0,1,1,5,1,26,6,1598,2,4,10,3,10
2.02E+12,2,9,0,4,0,8,1,0,0,0,2,1,5,2,44,7,1998,1,1,8,1,8
2.02E+12,3,9,0,3,0,8,0,0,0,0,2,1,5,2,66,10,1900,2,10,6,3,6
2.02E+12,4,19,0,10,0,8,0,0,0,0,2,1,5,1,35,6,2299,2,3,1,1,1
2.02E+12,2,9,0,18,0,8,0,0,0,0,4,1,5,2,61,9,1339,1,14,9,1,9
2.02E+12,1,5,0,13,0,8,0,0,1,9,1,1,2,1,40,7,660,1,10,5,2,5
2.02E+12,1,9,0,9,0,6,0,0,0,0,4,1,2,2,24,5,1364,1,10,9,1,9
2.02E+12,2,9,0,18,0,8,0,0,0,0,1,1,2,2,34,6,1582,2,2,7,1,7
2.02E+12,1,19,0,5,0,6,0,0,0,0,3,1,1,1,56,9,1399,2,8,7,2,7
2.02E+12,2,9,0,9,0,6,0,0,0,0,1,1,5,1,80,11,1397,1,10,3,1,3
2.02E+12,3,9,0,3,0,8,0,0,0,0,0,1,5,2,28,6,973,1,17,4,1,4
2.02E+12,1,9,0,18,0,4,0,0,0,0,1,1,6,2,52,8,998,1,4,10,2,10
2.02E+12,1,9,0,7,0,3,0,0,0,0,1,1,5,1,19,4,1995,1,8,8,1,8
2.02E+12,2,21,1,18,0,1,0,0,0,0,3,1,1,1,36,7,10837,2,2,4,1,4
2.02E+12,1,9,0,18,0,3,1,10,7,0,1,1,5,1,19,4,998,1,1,8,1,8
2.02E+12,1,19,0,7,0,3,0,0,0,0,4,1,2,1,47,8,2198,2,11,7,1,7
2.02E+12,1,9,0,9,0,6,0,0,0,0,1,1,5,1,29,6,1796,1,7,3,1,3
2.02E+12,2,9,0,18,0,8,0,0,0,0,1,1,5,2,38,7,1560,2,5,9,3,9
2.02E+12,2,9,0,10,0,8,0,0,0,0,2,1,5,1,41,7,999,1,3,7,3,7
2.02E+12,3,9,0,4,0,8,0,0,0,0,1,1,5,1,53,8,1997,2,12,9,2,9
2.02E+12,1,5,0,12,0,7,0,0,0,0,1,1,2,1,21,5,600,1,18,3,1,3
2.02E+12,2,9,0,18,0,2,0,0,1,0,1,1,2,1,30,6,1598,2,6,1,1,1
2.02E+12,3,9,0,4,0,1,0,0,0,0,2,1,2,1,32,6,1390,1,14,3,1,3
2.02E+12,2,9,0,14,0,1,0,0,0,0,4,1,5,1,74,10,1242,1,6,3,1,3
2.02E+12,1,9,0,7,0,6,0,0,0,0,1,1,5,1,59,9,1997,2,13,3,1,3
2.02E+12,1,9,0,5,0,4,0,0,0,0,1,1,5,1,49,8,1596,1,5,7,1,7
2.02E+12,1,9,0,14,0,1,0,0,0,0,1,1,1,1,33,6,2993,2,1,5,1,5
2.02E+12,1,9,0,18,0,8,1,0,0,0,1,1,1,1,40,7,1868,2,15,7,1,7
2.02E+12,2,9,0,4,0,8,0,0,0,0,1,1,5,1,72,10,1240,1,8,6,1,6
2.02E+12,1,21,0,9,0,6,0,0,0,0,1,1,1,1,61,9,6693,2,4,4,1,4
2.02E+12,2,9,0,18,0,8,0,0,0,0,1,1,5,2,50,8,1995,1,6,5,2,5
2.02E+12,1,9,0,9,0,5,0,0,0,0,1,1,5,2,76,11,998,1,4,3,1,3
2.02E+12,2,9,0,18,0,8,0,0,0,0,1,1,5,1,70,10,1360,1,16,10,3,10
2.02E+12,2,21,0,18,0,1,1,0,0,0,1,1,1,1,54,8,12902,2,1,7,3,7
2.02E+12,1,9,0,5,0,6,0,0,0,0,4,1,5,2,37,7,1390,1,5,6,1,6
2.02E+12,2,9,0,18,0,1,0,0,0,0,1,1,5,2,49,8,1598,1,7,6,1,6
2.02E+12,2,5,0,13,0,2,0,0,0,0,1,1,5,1,58,9,1000,1,2,7,3,7
2.02E+12,1,9,0,16,0,2,1,0,1,4,1,1,5,2,69,10,1595,1,1,7,2,7
2.02E+12,1,21,1,17,0,8,5,0,0,0,4,1,1,1,39,7,12900,2,6,1,1,1
2.02E+12,2,9,0,8,0,1,0,0,0,0,1,1,2,1,35,6,2996,1,10,9,2,9
2.02E+12,2,9,0,18,0,4,0,0,0,0,1,1,2,2,25,5,1598,1,13,5,1,5
2.02E+12,1,9,0,18,0,3,1,0,2,7,1,1,5,1,27,6,1600,1,27,10,1,10
2.02E+12,1,9,0,18,0,1,0,0,0,0,1,1,5,1,80,11,1248,1,3,8,3,8
2.02E+12,2,9,0,18,0,4,0,0,0,0,2,1,2,2,62,9,1598,2,2,9,1,9
2.02E+12,2,9,0,9,0,6,0,0,0,0,3,1,5,2,53,8,1598,1,14,7,1,7
2.02E+12,2,9,0,4,0,2,0,0,0,0,2,1,5,2,78,11,1399,2,9,6,1,6
2.02E+12,1,9,0,16,0,1,0,0,0,0,1,1,5,2,29,6,1360,1,12,3,1,3
2.02E+12,2,5,0,16,0,8,0,0,0,0,1,1,6,1,28,6,999,1,11,1,1,1
2.02E+12,2,9,0,9,0,5,0,0,0,0,3,1,5,1,24,5,1995,2,8,7,3,7
2.02E+12,1,9,0,18,0,6,0,0,0,0,1,1,5,1,41,7,1798,1,13,3,1,3
2.02E+12,2,9,0,18,0,8,0,0,0,0,3,1,1,1,39,7,999,1,1,10,3,10
2.02E+12,1,9,0,4,0,1,0,0,0,0,4,1,3,2,44,7,1896,2,12,7,1,7
2.02E+12,1,9,0,18,0,1,0,0,0,0,4,1,5,1,18,4,998,1,15,7,1,7
2.02E+12,2,9,0,9,0,6,0,0,0,0,3,1,5,2,35,6,1242,1,2,5,1,5
2.02E+12,1,9,0,9,0,5,0,0,0,0,4,1,5,1,28,6,2494,1,15,7,1,7
2.02E+12,2,9,0,16,0,8,0,0,0,0,1,1,5,1,25,5,1596,1,15,4,1,4
2.02E+12,1,19,0,1,0,8,0,0,0,0,3,1,1,1,32,6,1968,2,2,2,3,2
2.02E+12,2,9,0,2,0,1,0,0,0,0,0,1,5,2,50,8,1999,2,1,10,2,10
2.02E+12,1,9,0,18,0,8,1,0,0,0,1,1,5,1,47,8,1198,1,1,6,1,6
2.02E+12,3,9,0,10,0,8,0,0,0,0,2,1,5,1,40,7,1799,1,9,10,1,10
2.02E+12,2,9,0,2,0,8,0,0,0,0,1,1,5,2,44,7,1598,2,2,5,1,5
2.02E+12,1,9,0,9,0,6,0,0,0,0,3,1,5,1,35,6,1596,1,6,6,2,6
2.02E+12,2,5,0,18,0,8,0,0,0,0,1,1,5,1,58,9,998,1,6,7,3,7
2.02E+12,2,90,0,18,0,1,0,0,0,0,0,1,1,1,39,7,2999,2,1,2,1,2
2.02E+12,1,9,0,18,0,8,0,0,7,0,1,1,5,1,28,6,1229,1,11,6,3,6
2.02E+12,2,9,0,10,0,8,0,0,0,0,0,1,5,2,32,6,1969,2,1,5,3,5
2.02E+12,3,9,0,18,0,8,0,0,1,0,1,1,5,1,18,4,1399,1,1,7,1,7
2.02E+12,1,9,0,18,0,8,0,0,0,0,1,1,2,2,26,6,1248,1,3,9,1,9
2.02E+12,1,9,0,18,0,1,0,0,0,0,1,1,5,1,69,10,1587,1,9,2,1,2
2.02E+12,1,9,0,18,0,1,0,0,0,0,1,1,5,3,25,5,1240,1,14,3,1,3