Accident_Index,Vehicle_Reference,Vehicle_Type,Towing_and_Articulation,Vehicle_Manoeuvre,Vehicle_Location-Restricted_Lane,Junction_Location,Skidding_and_Overturning,Hit_Object_in_Carriageway,Vehicle_Leaving_Carriageway,Hit_Object_off_Carriageway,1st_Point_of_Impact,Was_Vehicle_Left_Hand_Drive?,Journey_Purpose_of_Driver,Sex_of_Driver,Age_of_Driver,Age_Band_of_Driver,Engine_Capacity_(CC),Propulsion_Code,Age_of_Vehicle,Driver_IMD_Decile,Driver_Home_Area_Type,Vehicle_IMD_Decile
2.02E+12,1,9,0,5,0,4,0,0,0,0,1,1,2,1,54,8,1587,1,13,5,1,5
2.02E+12,1,9,0,18,0,1,0,0,0,0,1,1,6,2,43,7,1896,2,9,10,2,10
2.02E+12,2,9,0,3,0,1,0,0,0,0,2,1,6,2,38,7,1560,2,5,2,1,2
2.02E+12,1,9,0,18,0,2,0,0,0,0,1,1,6,1,20,4,1598,2,4,2,1,2
2.02E+12,1,3,0,18,0,8,1,0,0,0,1,1,6,1,30,6,125,1,3,2,1,2
2.02E+12,2,9,0,18,0,8,0,0,0,0,1,1,2,1,66,10,1997,2,7,7,1,7
2.02E+12,1,11,0,9,0,5,0,0,0,0,4,1,1,1,49,8,9000,2,7,3,1,3
2.02E+12,2,3,0,18,0,8,0,0,0,0,1,1,6,1,17,4,125,1,1,5,1,5
2.02E+12,1,19,0,18,0,1,0,0,7,4,1,1,1,1,19,4,1461,2,3,7,3,7
2.02E+12,2,9,0,5,0,6,0,0,0,0,1,1,6,1,35,6,998,1,3,9,1,9
2.02E+12,2,9,0,18,0,1,0,10,0,0,0,1,6,2,29,6,1582,2,2,4,1,4
2.02E+12,1,9,0,3,9,1,0,0,0,0,2,1,6,2,21,5,1490,1,12,7,1,7
2.02E+12,2,9,0,18,0,1,1,0,0,0,1,1,6,2,58,9,1242,1,4,6,1,6
2.02E+12,1,9,0,9,0,6,0,0,0,0,1,1,6,1,28,6,1360,1,15,4,1,4
2.02E+12,2,3,0,18,0,8,0,0,0,0,1,1,6,1,53,8,124,1,3,10,1,10
2.02E+12,1,9,0,9,0,5,0,0,0,0,4,1,6,2,45,7,1968,2,11,10,1,10
2.02E+12,2,9,0,18,0,8,0,0,0,0,1,1,6,2,32,6,998,1,1,3,1,3
2.02E+12,1,19,0,9,0,6,0,0,0,0,1,1,1,1,31,6,2198,2,5,1,1,1
2.02E+12,1,8,0,10,0,1,0,0,0,0,0,1,6,1,58,9,1997,2,13,3,1,3
2.02E+12,2,3,0,18,0,8,1,0,0,0,0,1,1,2,24,5,125,1,3,3,1,3
2.02E+12,2,9,0,10,0,8,0,0,0,0,1,1,6,2,25,5,1299,1,16,5,2,5
2.02E+12,1,9,0,7,0,6,0,0,0,0,1,1,1,1,54,8,1997,2,13,6,1,6
2.02E+12,2,9,0,18,0,8,0,0,0,0,1,1,6,2,21,5,1200,1,4,5,3,5
2.02E+12,1,9,0,18,0,2,0,0,2,2,1,1,6,2,48,8,1596,1,14,5,1,5
2.02E+12,1,9,0,9,0,6,0,0,0,0,3,1,6,1,73,10,1296,1,10,10,1,10
2.02E+12,2,9,0,18,0,8,0,0,0,0,1,1,6,2,41,7,1242,1,16,3,1,3
2.02E+12,1,9,0,9,0,5,0,0,0,0,4,1,2,2,27,6,1596,1,14,6,1,6
2.02E+12,1,9,0,9,0,2,0,0,0,0,1,1,6,1,60,9,1598,1,14,10,2,10
2.02E+12,1,9,0,9,0,6,0,0,0,0,3,1,6,2,49,8,2993,2,5,9,3,9
2.02E+12,1,9,0,18,0,4,0,0,0,0,3,1,2,2,59,9,1896,2,10,1,1,1
2.02E+12,2,9,0,18,0,3,0,0,0,0,1,1,2,1,45,7,1398,8,3,4,1,4
2.02E+12,1,19,0,9,0,6,0,0,0,0,1,1,1,1,28,6,2402,2,14,10,1,10
2.02E+12,1,9,0,18,0,1,0,0,0,0,1,1,6,2,54,8,1598,1,4,4,1,4
2.02E+12,1,9,0,5,0,8,0,0,0,0,3,1,2,1,55,8,1997,2,3,8,3,8
2.02E+12,2,5,0,18,0,1,0,0,7,0,1,1,2,2,43,7,649,1,1,5,1,5
2.02E+12,2,9,0,7,0,8,0,0,0,0,3,1,6,2,27,6,1896,2,9,1,1,1
2.02E+12,2,9,0,3,0,1,0,0,0,0,2,1,6,2,32,6,1498,1,10,1,1,1
2.02E+12,1,9,0,9,0,6,0,0,0,0,1,1,6,2,28,6,1349,1,8,10,1,10
2.02E+12,2,9,0,3,0,2,0,0,0,0,2,1,6,2,29,6,1560,2,12,1,1,1
2.02E+12,1,5,0,13,0,8,0,0,0,0,1,1,6,2,65,9,647,1,21,3,1,3
2.02E+12,2,9,0,9,0,5,0,0,0,0,3,2,2,2,49,8,898,1,1,6,1,6
2.02E+12,1,9,0,5,0,6,1,0,0,0,1,1,2,1,66,10,1870,2,10,4,1,4
2.02E+12,1,9,0,11,0,3,0,0,0,0,1,1,2,2,21,5,1149,1,10,10,1,10
2.02E+12,2,9,0,9,0,8,0,0,0,0,2,1,6,2,19,4,1242,1,6,9,3,9
2.02E+12,1,9,0,9,0,8,0,0,0,0,3,1,6,2,33,6,1596,1,11,9,1,9
2.02E+12,2,9,0,18,0,1,0,0,0,0,1,1,6,1,48,8,1596,1,7,6,1,6
2.02E+12,2,9,0,4,0,2,0,0,0,0,2,1,6,2,29,6,1598,1,7,6,3,6
2.02E+12,1,9,0,7,0,5,0,0,0,0,2,1,6,2,29,6,998,1,14,2,1,2
2.02E+12,1,9,0,3,0,1,0,0,0,0,2,1,2,1,45,7,1968,2,8,6,1,6
2.02E+12,2,9,0,4,0,1,0,0,0,0,1,1,2,1,52,8,1975,1,15,2,1,2
2.02E+12,2,9,0,18,0,3,0,0,0,0,1,1,1,1,27,6,1560,2,2,3,1,3
2.02E+12,1,9,0,16,0,8,0,0,0,0,1,1,6,2,48,8,1390,1,15,2,1,2
2.02E+12,1,9,0,12,0,6,1,0,4,6,1,1,2,1,46,8,1984,1,4,8,1,8
2.02E+12,1,9,0,13,0,8,0,0,0,0,1,1,6,1,38,7,1910,2,9,3,1,3
2.02E+12,2,9,0,7,0,8,0,0,0,0,1,1,6,1,18,4,998,1,2,3,3,3
2.02E+12,1,9,0,18,0,8,0,0,0,0,2,1,6,1,26,6,2143,2,4,2,1,2
2.02E+12,2,9,0,18,0,8,0,0,0,0,1,1,6,2,37,7,1229,1,4,7,3,7
2.02E+12,2,9,0,16,0,8,2,0,0,0,1,1,2,1,30,6,2495,2,24,2,2,2
2.02E+12,1,9,0,18,0,1,0,0,0,0,1,1,6,1,60,9,2400,2,8,10,1,10
2.02E+12,2,9,0,10,0,1,0,0,0,0,2,1,6,1,75,10,1388,1,15,3,1,3
2.02E+12,1,9,0,7,0,6,0,0,0,0,3,1,2,1,26,6,1362,1,4,6,2,6
2.02E+12,1,9,0,5,0,6,0,0,0,0,3,1,6,1,39,7,1596,1,5,7,1,7
2.02E+12,1,9,0,9,0,5,0,0,0,0,1,1,6,1,72,10,1108,1,11,3,1,3
2.02E+12,2,9,0,18,0,8,0,0,0,0,1,1,6,1,28,6,1968,2,8,7,1,7
2.02E+12,1,9,0,9,0,6,1,0,0,0,3,1,2,1,41,7,1388,1,12,6,1,6
2.02E+12,1,9,0,7,0,6,0,0,0,0,4,1,6,1,48,8,2993,2,2,6,1,6
2.02E+12,1,9,0,16,0,1,0,0,0,0,1,1,6,1,20,4,1390,1,2,7,1,7
2.02E+12,2,9,0,18,0,2,0,0,0,0,1,1,6,1,38,7,998,1,17,1,1,1
2.02E+12,1,9,0,9,0,1,0,0,0,0,1,1,6,1,22,5,1995,2,12,6,1,6
2.02E+12,1,19,0,9,0,6,0,0,0,0,3,1,1,1,49,8,2402,2,6,1,1,1
2.02E+12,1,9,0,10,0,8,0,0,0,0,2,1,6,2,23,5,1199,1,3,10,2,10
2.02E+12,2,9,0,18,0,8,0,0,0,0,1,1,6,1,51,8,2985,2,11,6,3,6
2.02E+12,3,19,0,18,0,1,0,0,0,0,1,1,6,1,51,8,1998,2,14,5,1,5
2.02E+12,1,9,0,18,0,8,0,0,0,0,1,1,6,2,20,4,998,1,5,7,3,7
2.02E+12,2,9,0,9,0,5,0,0,7,1,4,1,6,1,42,7,1796,1,11,8,1,8
2.02E+12,2,9,0,3,0,8,0,0,0,0,2,1,2,2,33,6,1560,2,8,4,1,4
2.02E+12,3,9,0,3,0,8,0,0,2,7,2,1,2,2,26,6,1242,1,5,2,1,2
2.02E+12,4,9,0,3,0,8,0,0,0,0,2,1,6,1,31,6,1968,2,6,6,3,6
2.02E+12,5,9,0,3,0,8,0,0,0,0,2,1,6,1,45,7,1799,1,9,6,1,6
2.02E+12,1,9,0,4,0,6,0,0,0,0,1,1,6,1,20,4,998,1,3,7,1,7
2.02E+12,2,9,0,18,0,6,0,0,0,0,2,1,6,1,43,7,1995,2,8,1,1,1
2.02E+12,1,9,0,18,0,1,0,0,0,0,3,1,6,1,43,7,1598,2,4,5,3,5
2.02E+12,2,19,0,18,0,1,0,0,0,0,1,1,2,1,46,8,1598,2,3,2,1,2
2.02E+12,1,19,0,7,0,5,0,0,0,0,1,1,6,1,38,7,2499,2,18,2,1,2
2.02E+12,2,9,0,15,0,8,5,0,0,0,4,1,6,2,82,11,1242,1,4,5,1,5
2.02E+12,1,9,0,9,0,6,0,0,0,0,1,1,6,2,48,8,1997,2,17,3,1,3
2.02E+12,2,9,0,18,0,8,0,0,0,0,4,2,6,2,49,8,998,1,3,3,1,3
2.02E+12,2,9,0,18,0,8,5,0,0,0,1,1,6,2,21,5,1198,1,4,8,3,8
2.02E+12,1,9,0,12,0,7,0,0,0,0,1,1,6,2,52,8,1398,2,4,8,3,8
2.02E+12,2,9,0,12,0,7,0,0,0,0,2,1,6,1,58,9,1398,1,4,8,1,8
2.02E+12,1,19,0,9,0,5,0,0,0,0,1,1,2,1,58,9,1995,2,6,7,1,7
2.02E+12,1,9,0,9,0,6,0,0,0,0,4,1,6,2,51,8,1596,1,10,7,3,7
2.02E+12,2,5,0,18,0,8,0,0,1,11,1,1,6,1,50,8,999,1,1,4,1,4
2.02E+12,1,9,0,18,0,8,0,0,0,0,4,1,6,1,41,7,1364,1,2,3,1,3
2.02E+12,2,9,0,7,0,6,0,0,0,0,1,1,6,1,47,8,2198,2,10,5,1,5
2.02E+12,1,9,0,18,0,4,0,0,0,0,1,1,2,1,28,6,1299,1,14,1,1,1
2.02E+12,1,9,0,18,0,6,0,0,0,0,4,1,2,1,36,7,1399,2,9,1,1,1
2.02E+12,2,9,0,18,0,8,0,0,0,0,1,1,6,2,69,10,2143,2,2,9,3,9
2.02E+12,2,9,0,18,0,8,0,0,0,0,1,1,6,1,26,6,1360,1,12,7,1,7
2.02E+12,1,9,0,9,0,6,0,0,0,0,3,1,6,1,90,11,1229,1,4,10,1,10
2.02E+12,2,9,0,18,0,8,0,0,0,0,1,1,6,2,32,6,1968,2,11,10,1,10
2.02E+12,1,9,0,8,0,1,0,0,0,0,2,1,6,1,73,10,1560,2,3,1,1,1
2.02E+12,2,9,0,18,0,1,0,0,0,0,1,1,6,1,88,11,1240,1,14,8,1,8
2.02E+12,1,9,0,9,0,6,0,0,0,0,1,1,2,1,61,9,1199,1,18,2,1,2
2.02E+12,1,9,0,16,0,1,2,10,1,2,1,1,6,1,20,4,1896,2,15,3,2,3
2.02E+12,2,9,0,2,0,1,0,0,0,0,3,1,6,1,52,8,1998,2,3,8,1,8
2.02E+12,1,9,0,18,0,2,0,0,7,11,4,1,6,2,72,10,1242,1,4,7,1,7
2.02E+12,1,9,0,18,0,1,0,0,0,0,1,1,6,2,40,7,1598,2,6,3,1,3
2.02E+12,2,9,0,9,0,6,0,0,0,0,2,1,6,1,26,6,1596,1,16,3,1,3
2.02E+12,1,9,0,18,0,1,1,0,0,0,1,1,6,2,55,8,1197,1,1,9,2,9
2.02E+12,2,9,0,18,0,1,0,0,0,0,2,1,2,1,52,8,1999,2,2,9,1,9
2.02E+12,1,9,0,7,0,1,0,0,0,0,2,1,6,2,27,6,1198,1,14,1,1,1
2.02E+12,2,11,0,7,0,1,0,0,0,0,1,1,1,2,41,7,4250,2,8,1,1,1
2.02E+12,1,9,0,18,0,6,1,0,7,10,1,1,6,2,42,7,1997,2,16,7,3,7
2.02E+12,2,9,0,18,0,8,1,0,1,4,1,1,6,1,32,6,2495,2,18,7,3,7
2.02E+12,2,9,0,18,0,8,0,0,0,0,3,1,6,2,25,5,1248,2,10,3,1,3
2.02E+12,1,9,0,16,0,8,0,0,1,10,3,1,2,1,28,6,1870,2,10,5,1,5
2.02E+12,2,9,0,12,0,7,0,0,5,6,4,1,6,1,20,4,1896,2,11,7,1,7
2.02E+12,2,9,0,9,0,6,0,0,0,0,1,1,6,2,26,6,1910,2,11,2,1,2
2.02E+12,1,9,0,9,0,2,0,0,0,0,4,1,6,1,72,10,1198,1,3,9,1,9
2.02E+12,1,9,0,9,0,5,0,0,0,0,3,1,6,2,49,8,1364,1,12,5,1,5
2.02E+12,1,9,0,18,0,4,0,0,0,1,1,1,6,2,41,7,1242,1,6,4,1,4
2.02E+12,2,9,0,18,0,8,1,0,0,0,1,1,6,1,17,4,1753,2,16,1,1,1
2.02E+12,1,9,0,3,0,8,0,0,0,0,2,1,6,2,47,8,1364,1,10,3,1,3
2.02E+12,2,9,0,4,0,8,0,0,0,0,1,1,6,1,19,4,1398,1,5,7,1,7
2.02E+12,1,9,0,7,0,2,1,11,1,10,1,1,6,1,44,7,1598,1,8,5,1,5
2.02E+12,2,9,0,3,0,1,0,0,0,0,2,1,6,1,67,10,1783,1,15,6,3,6
2.02E+12,1,9,0,5,0,4,0,0,0,0,3,1,2,2,50,8,1598,1,4,10,2,10
2.02E+12,1,9,0,18,0,1,0,0,0,0,1,1,6,1,20,4,1242,1,13,4,1,4
2.02E+12,1,8,0,18,0,8,0,0,0,0,1,1,1,1,47,8,1560,2,5,4,1,4
2.02E+12,2,9,0,10,0,8,0,0,0,0,2,1,6,1,45,7,2967,2,3,7,3,7
2.02E+12,2,4,0,18,0,8,0,0,0,0,0,1,6,1,18,4,124,1,7,9,1,9
2.02E+12,1,9,0,18,0,1,0,0,0,0,1,1,6,1,45,7,1560,2,7,8,2,8
2.02E+12,2,9,0,3,0,1,0,0,0,0,2,1,6,2,22,5,998,1,2,4,1,4
2.02E+12,1,5,0,13,0,1,0,0,1,4,4,1,6,1,55,8,1200,1,1,4,1,4
2.02E+12,2,9,0,9,0,5,0,0,0,0,3,1,6,2,64,9,998,1,5,10,1,10
2.02E+12,1,4,0,7,0,6,0,0,0,0,3,1,2,1,27,6,200,1,5,6,1,6
2.02E+12,2,5,0,18,0,8,0,0,0,0,1,1,6,1,51,8,885,1,21,4,1,4
2.02E+12,1,9,0,9,0,6,0,0,0,0,1,1,6,2,44,7,1248,1,8,7,1,7
2.02E+12,2,9,0,18,0,8,0,0,0,0,3,1,6,2,42,7,1461,2,3,10,2,10
2.02E+12,1,5,0,7,0,2,0,0,0,0,4,1,6,1,39,7,1199,1,12,5,1,5
2.02E+12,1,9,0,18,0,2,0,0,0,0,1,1,6,1,44,7,1398,1,12,1,1,1
2.02E+12,1,11,0,4,0,1,0,0,0,0,0,1,1,1,61,9,6871,2,9,1,1,1
2.02E+12,1,9,0,7,0,4,0,0,0,0,4,1,1,1,49,8,1753,2,8,10,1,10
2.02E+12,1,8,0,5,0,1,0,0,0,0,1,1,6,1,65,9,1753,2,11,2,1,2
2.02E+12,2,3,0,3,0,1,0,0,0,0,2,1,2,1,19,4,125,1,13,4,1,4
2.02E+12,1,9,0,6,0,8,0,0,0,0,1,1,6,1,48,8,1997,2,8,9,1,9
2.02E+12,2,3,0,13,0,8,0,0,7,0,1,1,6,1,24,5,124,1,7,7,2,7
2.02E+12,1,3,0,7,0,3,1,0,7,1,1,1,2,1,39,7,125,1,3,4,1,4
2.02E+12,1,19,0,9,0,6,0,0,0,0,1,1,2,1,22,5,1753,2,5,10,2,10
2.02E+12,2,9,0,18,0,8,0,6,1,8,4,1,6,2,82,11,1329,1,6,9,2,9
2.02E+12,1,9,0,9,0,5,0,0,0,0,3,1,6,1,24,5,1598,1,13,9,2,9
2.02E+12,2,4,0,13,0,8,0,0,0,0,1,1,6,1,52,8,1584,1,9,10,1,10
2.02E+12,1,11,0,18,0,2,0,0,0,0,0,1,1,2,42,7,7300,2,9,9,1,9
2.02E+12,1,19,0,18,0,8,0,0,0,0,1,1,1,1,46,8,2143,2,4,5,1,5
2.02E+12,2,9,0,9,0,5,0,0,0,0,1,1,6,2,31,6,1991,2,12,4,1,4
2.02E+12,1,9,0,9,0,6,0,0,0,0,1,1,1,2,19,4,1149,1,9,1,1,1
2.02E+12,2,3,0,14,0,1,0,0,0,0,1,1,1,1,21,5,124,1,10,2,1,2
2.02E+12,1,9,0,5,0,6,0,0,0,0,0,1,6,1,37,7,1984,1,1,4,1,4
2.02E+12,2,9,0,18,0,1,0,0,0,0,0,1,6,1,78,11,1591,1,1,10,3,10
2.02E+12,1,9,0,9,0,6,0,0,0,0,1,1,6,1,56,9,2497,2,21,2,1,2
2.02E+12,2,3,0,18,0,1,0,0,0,0,4,1,6,1,17,4,49,1,1,8,1,8
2.02E+12,2,9,0,18,0,8,0,0,0,0,3,1,6,2,19,4,1149,1,13,3,1,3
2.02E+12,1,9,0,9,0,5,0,0,0,0,2,1,6,2,64,9,1299,1,9,7,1,7
2.02E+12,2,2,0,18,0,8,0,0,0,0,3,1,2,1,24,5,124,1,2,4,1,4
2.02E+12,1,4,0,13,0,8,1,0,0,0,1,1,6,1,19,4,125,1,13,2,3,2
2.02E+12,1,9,0,9,0,6,0,0,0,0,1,1,2,1,58,9,1968,2,4,4,1,4
2.02E+12,2,3,0,14,0,8,0,0,0,0,1,1,2,1,20,4,125,1,9,5,1,5
2.02E+12,1,9,0,18,0,2,1,0,2,10,3,1,6,1,89,11,1796,1,14,4,1,4
2.02E+12,2,9,0,18,0,1,0,0,0,0,1,1,6,2,32,6,1461,2,5,8,1,8
2.02E+12,4,9,0,3,0,2,0,0,0,0,2,1,6,2,19,4,998,1,2,8,3,8
2.02E+12,1,9,0,18,0,6,0,0,0,11,1,1,6,1,26,6,1587,1,18,3,1,3
2.02E+12,1,19,0,10,0,1,0,0,0,0,2,1,1,1,27,6,2198,2,2,6,2,6
2.02E+12,2,9,0,18,0,1,0,0,0,0,1,1,6,1,18,4,999,1,16,9,2,9
2.02E+12,1,9,0,9,0,6,0,0,3,0,1,1,6,2,58,9,1586,1,2,5,1,5
2.02E+12,2,9,0,18,0,8,0,0,0,0,1,1,6,1,56,9,2495,2,22,6,3,6
2.02E+12,1,9,0,4,0,1,0,0,0,0,1,1,6,1,33,6,1796,1,17,7,1,7
2.02E+12,2,21,1,3,0,1,0,0,0,0,2,1,1,1,57,9,12902,2,1,8,2,8
2.02E+12,1,9,0,9,0,5,0,0,0,0,1,1,6,1,30,6,1242,1,3,3,1,3
2.02E+12,1,9,0,18,0,1,0,0,0,0,1,1,6,2,54,8,1595,1,9,1,1,1
2.02E+12,2,9,0,18,0,1,0,0,0,0,2,1,6,2,45,7,1149,1,13,2,1,2
2.02E+12,2,9,0,18,0,8,0,0,0,0,1,1,6,1,42,7,1598,1,9,4,1,4
2.02E+12,2,9,0,18,0,2,0,0,7,1,4,1,1,2,23,5,1360,1,16,3,1,3
2.02E+12,1,9,0,9,0,6,0,0,0,0,1,1,6,2,54,8,973,1,16,1,1,1
2.02E+12,2,9,0,18,0,1,0,0,0,0,1,1,6,1,97,11,1398,2,14,3,1,3
2.02E+12,1,9,0,18,0,2,0,0,0,0,1,1,6,2,43,7,1198,1,5,4,1,4
2.02E+12,2,9,0,18,0,8,1,0,0,0,3,1,6,2,31,6,1242,1,13,7,1,7
2.02E+12,1,9,0,1,9,1,0,0,0,0,2,1,6,1,50,8,1587,1,13,8,1,8
2.02E+12,1,9,0,9,0,4,0,0,0,0,1,1,6,1,40,7,1598,1,7,8,1,8
2.02E+12,1,3,0,13,0,8,0,0,0,0,1,1,6,1,24,5,125,1,1,7,3,7
2.02E+12,2,9,0,9,0,5,0,0,0,0,3,1,6,2,34,6,3628,2,10,9,1,9
2.02E+12,2,9,0,18,0,8,0,0,0,10,3,1,1,2,30,6,1242,1,12,3,1,3
2.02E+12,1,11,0,9,0,5,0,0,0,0,1,1,1,1,48,8,4250,2,11,1,1,1
2.02E+12,2,9,0,18,0,8,0,0,0,0,1,1,6,1,22,5,1422,2,16,6,1,6
2.02E+12,1,9,0,3,0,1,0,0,0,0,2,1,6,1,49,8,1364,1,9,2,1,2
2.02E+12,1,9,0,18,0,8,0,0,0,0,2,1,6,2,26,6,1149,1,15,5,1,5
2.02E+12,1,9,0,9,0,5,0,0,0,0,4,1,6,1,20,4,1968,2,9,3,1,3
2.02E+12,1,9,0,18,0,8,0,0,0,0,2,1,4,1,34,6,2993,2,12,1,1,1
2.02E+12,2,11,0,18,0,8,0,0,0,0,1,1,1,1,31,6,9000,2,13,10,2,10
2.02E+12,1,9,0,9,0,3,0,0,0,0,4,1,6,2,42,7,996,1,8,2,1,2
2.02E+12,2,9,0,18,0,4,0,0,0,0,1,1,6,1,51,8,1896,2,16,8,1,8
2.02E+12,2,9,0,9,0,8,0,0,0,0,1,1,6,2,69,10,1598,1,8,10,1,10
2.02E+12,1,9,0,18,0,8,0,0,0,0,4,1,6,1,44,7,1598,1,8,3,1,3
2.02E+12,1,9,0,14,0,8,0,0,0,0,3,1,6,1,50,8,5700,1,20,2,1,2
2.02E+12,2,11,0,18,0,8,0,0,0,0,3,1,1,1,48,8,4250,2,13,4,1,4
2.02E+12,1,11,0,2,0,8,0,0,0,0,0,1,1,1,49,8,7698,2,2,7,3,7
2.02E+12,2,11,0,14,0,1,0,0,0,0,4,1,1,1,50,8,6370,2,4,2,1,2
2.02E+12,1,4,0,18,0,8,0,0,0,0,4,1,6,1,21,5,124,1,4,5,2,5
2.02E+12,2,9,0,18,0,4,0,0,0,0,1,1,6,1,26,6,1390,1,12,4,1,4
2.02E+12,2,4,0,3,0,4,0,0,0,0,2,1,6,2,17,4,125,1,3,4,1,4
2.02E+12,1,4,0,18,0,1,0,0,0,0,1,1,6,1,32,6,347,1,5,6,3,6
2.02E+12,2,9,4,7,0,5,0,0,0,0,1,1,6,1,68,10,2198,2,3,9,3,9
2.02E+12,1,9,0,5,0,1,0,0,1,0,2,1,6,2,64,9,1364,1,10,1,1,1
2.02E+12,1,9,0,9,0,6,0,0,0,0,1,1,1,1,35,6,1968,2,3,8,3,8
2.02E+12,2,9,0,18,0,8,0,0,0,0,1,1,2,1,44,7,1896,2,10,4,1,4
2.02E+12,1,9,0,18,0,5,0,0,2,7,1,1,6,1,41,7,1997,1,13,9,1,9
2.02E+12,2,19,0,18,0,5,0,0,5,7,3,1,6,1,63,9,1998,2,11,3,2,3
2.02E+12,1,9,0,18,0,1,1,0,0,0,1,1,6,1,20,4,1299,1,15,3,1,3
2.02E+12,2,9,0,3,0,1,0,0,0,0,2,1,6,2,24,5,1968,2,6,10,1,10
2.02E+12,1,8,0,18,0,8,0,0,0,0,1,1,1,1,52,8,1997,2,10,7,1,7
2.02E+12,1,9,0,18,0,7,0,0,0,0,1,1,6,2,86,11,999,1,2,7,1,7
2.02E+12,2,9,0,18,0,7,0,0,0,0,2,1,1,2,52,8,1560,2,3,4,2,4
2.02E+12,1,9,0,5,4,8,0,0,0,0,4,1,1,2,41,7,1997,2,9,10,1,10
2.02E+12,1,9,0,13,0,1,0,0,0,0,1,1,6,1,36,7,1685,2,3,3,1,3
2.02E+12,2,9,0,9,0,8,0,0,7,11,3,1,6,1,41,7,1598,2,1,10,1,10
2.02E+12,1,9,0,17,0,8,0,0,0,0,1,1,6,1,30,6,1586,1,10,7,1,7
2.02E+12,2,9,0,16,0,8,0,0,0,0,1,1,6,1,47,8,3628,2,7,5,3,5
2.02E+12,1,19,0,8,0,8,0,0,0,0,2,1,6,1,35,6,1560,2,3,8,1,8
2.02E+12,1,9,0,5,0,6,0,0,3,10,1,1,6,2,17,4,1299,1,13,5,1,5
2.02E+12,2,9,0,10,0,8,0,0,0,0,3,1,6,1,36,7,1753,2,15,7,3,7
2.02E+12,3,9,0,18,0,8,0,0,0,0,1,1,6,1,43,7,1399,1,9,9,2,9
2.02E+12,1,9,0,5,0,8,0,0,0,0,1,1,6,1,37,7,1998,2,7,3,1,3
2.02E+12,1,9,0,13,0,8,0,0,7,4,1,1,6,2,23,5,1248,2,9,6,1,6
2.02E+12,2,9,0,9,0,8,0,0,0,0,3,1,6,1,18,4,998,1,3,10,1,10
2.02E+12,1,9,0,4,0,1,1,0,0,0,1,1,6,2,33,6,1360,1,9,8,1,8
2.02E+12,2,9,0,3,0,1,0,0,0,0,2,1,6,2,27,6,1598,1,9,1,1,1
2.02E+12,1,9,0,7,0,5,0,10,1,0,1,1,6,2,72,10,1198,1,2,6,1,6
2.02E+12,1,9,0,18,0,1,0,10,7,2,3,1,6,2,71,10,1086,1,7,1,1,1
2.02E+12,1,9,0,5,0,1,0,0,0,0,1,1,6,1,53,8,1995,2,16,10,1,10
2.02E+12,2,9,0,9,0,5,0,0,0,0,3,1,6,1,52,8,1995,2,3,10,1,10
2.02E+12,1,19,0,18,0,1,0,0,0,0,1,1,1,1,36,7,2461,2,6,2,1,2
2.02E+12,2,9,0,10,0,8,0,0,0,0,2,1,6,1,67,10,1400,1,13,6,1,6
2.02E+12,1,9,0,18,0,2,0,0,0,0,1,1,6,2,28,6,1998,1,9,2,1,2
2.02E+12,2,9,0,2,0,2,0,0,0,0,2,1,6,1,45,7,1596,1,8,2,1,2
2.02E+12,1,90,0,18,0,1,0,0,0,0,4,1,6,1,65,9,2198,2,4,5,2,5
2.02E+12,1,9,0,1,0,6,0,0,0,0,2,1,6,1,48,8,1896,2,13,1,1,1
2.02E+12,1,9,0,5,0,8,0,0,0,0,1,1,6,1,27,6,973,1,15,1,1,1
2.02E+12,2,9,0,18,0,8,0,0,1,11,2,1,6,2,37,7,1398,1,12,4,1,4
2.02E+12,1,9,0,9,0,8,0,0,0,0,1,1,6,2,40,7,1995,2,3,7,3,7
2.02E+12,1,9,0,9,0,4,0,0,0,0,1,1,6,1,65,9,1398,2,4,7,1,7
2.02E+12,1,11,0,13,0,8,0,0,0,0,4,1,1,1,49,8,8268,2,14,1,1,1
2.02E+12,1,19,0,4,0,8,0,0,0,0,1,1,1,1,26,6,2198,2,3,6,1,6
2.02E+12,1,9,0,7,0,6,0,0,0,0,1,1,6,2,61,9,1597,2,1,7,1,7
2.02E+12,1,3,0,3,0,1,0,0,0,0,1,1,6,1,63,9,124,1,6,5,1,5
2.02E+12,1,9,0,3,0,4,0,0,0,0,2,1,1,2,20,4,1197,1,6,3,1,3
2.02E+12,1,9,0,1,0,8,0,0,0,0,4,1,6,2,31,6,1956,2,6,2,1,2
2.02E+12,1,9,0,18,0,8,0,0,7,11,1,1,6,1,23,5,1596,1,12,8,3,8
2.02E+12,2,9,0,18,0,6,0,0,0,0,1,1,6,1,17,4,1229,1,3,8,1,8
2.02E+12,1,9,0,12,0,7,0,0,0,0,3,1,6,2,35,6,1595,1,12,3,1,3
2.02E+12,2,9,0,18,0,8,0,0,0,0,4,1,6,1,45,7,2143,2,5,7,1,7
2.02E+12,1,9,0,18,0,2,0,0,0,0,4,1,6,1,56,9,1968,2,7,10,1,10
2.02E+12,1,9,0,9,0,6,0,0,1,0,2,1,6,1,36,7,1798,1,1,2,1,2
2.02E+12,2,9,0,18,0,8,0,0,0,0,1,1,6,1,23,5,1242,1,15,1,1,1
2.02E+12,1,9,0,15,0,8,0,0,1,11,4,1,6,2,77,11,998,1,11,8,2,8