Accident_Index,Vehicle_Reference,Vehicle_Type,Towing_and_Articulation,Vehicle_Manoeuvre,Vehicle_Location-Restricted_Lane,Junction_Location,Skidding_and_Overturning,Hit_Object_in_Carriageway,Vehicle_Leaving_Carriageway,Hit_Object_off_Carriageway,1st_Point_of_Impact,Was_Vehicle_Left_Hand_Drive?,Journey_Purpose_of_Driver,Sex_of_Driver,Age_of_Driver,Age_Band_of_Driver,Engine_Capacity_(CC),Propulsion_Code,Age_of_Vehicle,Driver_IMD_Decile,Driver_Home_Area_Type,Vehicle_IMD_Decile
2.02E+12,1,9,0,18,0,1,0,0,0,0,1,1,6,1,32,6,3246,1,13,9,1,9
2.02E+12,2,9,0,7,0,1,0,0,0,0,2,1,1,1,28,6,1896,2,10,1,1,1
2.02E+12,3,9,0,10,0,1,0,0,0,0,3,1,6,1,78,11,1598,1,9,7,1,7
2.02E+12,1,9,0,6,9,8,0,0,1,0,1,1,6,2,57,9,2191,2,2,6,1,6
2.02E+12,2,9,0,18,0,8,1,0,1,4,1,1,6,1,71,10,998,1,4,10,2,10
2.02E+12,1,5,0,18,0,1,0,0,1,2,4,1,6,1,73,10,803,1,2,9,1,9
2.02E+12,2,5,0,18,0,1,0,0,0,0,3,1,6,1,49,8,450,1,13,8,1,8
2.02E+12,1,9,0,3,0,2,0,0,0,0,2,1,6,2,42,7,1596,1,3,5,2,5
2.02E+12,2,9,0,3,0,2,0,0,0,0,2,1,6,1,51,8,1998,1,12,9,2,9
2.02E+12,3,9,0,18,0,2,1,0,0,0,1,1,6,1,21,5,1242,1,13,3,1,3
2.02E+12,1,2,0,18,0,4,0,10,0,0,1,1,2,1,17,4,124,1,1,7,3,7
2.02E+12,2,9,0,18,0,4,0,0,0,0,3,1,6,2,48,8,1999,2,2,7,3,7
2.02E+12,3,9,0,18,0,4,0,0,0,0,1,1,6,2,24,5,1497,8,5,4,1,4
2.02E+12,1,9,0,9,0,5,0,0,0,0,2,1,6,2,53,8,1598,2,5,1,1,1
2.02E+12,2,5,0,18,0,8,0,0,0,0,1,1,6,1,25,5,599,1,12,7,1,7
2.02E+12,1,9,0,18,0,8,0,0,0,0,1,1,2,1,58,9,1896,2,13,5,3,5
2.02E+12,1,9,0,18,0,4,0,0,0,0,1,1,6,1,22,5,1461,2,3,2,1,2
2.02E+12,2,9,0,18,0,4,0,0,1,11,3,1,6,1,19,4,1229,1,5,2,1,2
2.02E+12,1,9,0,9,0,8,0,0,0,0,1,1,6,1,33,6,1998,1,11,4,1,4
2.02E+12,2,9,0,16,0,1,0,0,0,0,4,1,1,1,53,8,1997,2,7,5,1,5
2.02E+12,1,19,0,18,0,6,0,0,0,0,3,1,6,1,32,6,2143,2,2,1,1,1
2.02E+12,2,3,0,18,0,3,0,0,0,0,2,1,6,1,17,4,115,1,1,1,1,1
2.02E+12,1,9,0,18,0,8,0,0,0,0,1,1,6,1,38,7,1798,1,10,6,3,6
2.02E+12,1,9,0,6,0,1,0,0,0,0,0,1,6,1,34,6,1124,1,15,1,1,1
2.02E+12,2,5,0,18,0,1,0,0,0,0,2,1,6,1,32,6,883,1,2,1,1,1
2.02E+12,1,9,0,18,0,8,0,0,0,0,4,1,6,2,43,7,2231,2,10,4,1,4
2.02E+12,2,9,0,9,0,6,0,0,0,0,1,1,2,1,28,6,1199,1,14,8,1,8
2.02E+12,1,9,0,18,0,8,0,0,0,0,1,1,6,1,18,4,1560,2,10,5,2,5
2.02E+12,2,8,0,18,0,4,0,0,0,0,3,1,1,1,44,7,2499,2,6,2,1,2
2.02E+12,1,19,0,18,0,2,0,0,0,0,1,1,1,1,61,9,1896,2,13,5,2,5
2.02E+12,2,9,0,8,0,1,0,0,0,0,2,1,6,1,67,10,1498,1,1,1,1,1
2.02E+12,2,9,0,18,0,8,0,0,0,0,1,1,2,1,27,6,2993,2,8,7,2,7
2.02E+12,1,11,0,18,0,8,1,0,0,0,2,1,1,1,44,7,9600,2,17,2,1,2
2.02E+12,2,9,0,18,0,8,0,0,0,0,1,1,6,2,36,7,1797,8,6,7,1,7
2.02E+12,1,5,0,13,0,8,1,0,0,0,1,1,6,1,22,5,599,1,3,4,1,4
2.02E+12,2,8,0,9,0,5,0,0,0,0,3,1,6,1,44,7,1998,2,8,6,1,6
2.02E+12,1,9,0,7,0,6,0,0,0,0,1,1,6,2,39,7,1999,2,1,10,2,10
2.02E+12,1,9,0,9,0,6,0,0,0,0,1,1,2,2,28,6,1595,1,11,8,3,8
2.02E+12,2,5,0,14,0,8,0,0,7,9,1,1,1,1,38,7,649,1,2,9,1,9
2.02E+12,1,9,0,9,0,6,0,0,0,0,3,1,6,1,68,10,1339,8,8,3,1,3
2.02E+12,2,9,0,18,0,8,0,0,0,0,1,1,2,1,31,6,996,1,8,7,1,7
2.02E+12,1,9,0,9,0,5,0,0,0,0,1,1,1,1,57,9,1686,2,6,8,1,8
2.02E+12,1,9,0,9,0,8,0,0,0,0,4,1,6,1,29,6,1229,1,12,1,1,1
2.02E+12,2,9,0,18,0,8,0,0,3,2,4,2,6,2,24,5,1896,2,17,1,1,1
2.02E+12,1,19,0,11,0,5,0,0,0,0,4,1,6,1,59,9,2148,2,9,2,1,2
2.02E+12,2,9,0,18,0,8,0,0,0,0,3,1,6,2,72,10,996,1,8,5,1,5
2.02E+12,3,9,0,18,0,5,0,0,0,0,3,1,1,1,66,10,998,1,3,9,1,9
2.02E+12,1,9,0,9,0,6,0,0,0,0,1,1,6,1,56,9,1968,2,10,7,2,7
2.02E+12,1,9,0,18,0,6,0,0,0,0,1,1,6,2,47,8,1398,1,15,6,1,6
2.02E+12,2,9,0,18,0,8,0,0,0,0,1,1,6,1,41,7,1590,1,12,4,1,4
2.02E+12,1,9,0,6,0,8,0,0,0,0,3,1,6,2,67,10,1242,1,5,10,3,10
2.02E+12,1,9,0,18,0,8,1,0,0,0,1,1,6,3,23,5,1368,1,6,2,1,2
2.02E+12,2,9,0,17,0,8,0,0,0,0,1,1,2,1,46,8,1998,2,4,4,1,4
2.02E+12,1,9,0,18,0,8,0,0,0,0,4,1,6,2,45,7,1598,1,9,3,1,3
2.02E+12,1,9,0,18,0,8,0,0,0,0,3,1,6,2,49,8,1390,1,16,10,1,10
2.02E+12,2,9,0,9,0,1,0,0,0,0,1,1,6,2,19,4,1248,2,8,2,1,2
2.02E+12,2,9,0,18,0,8,0,0,0,0,1,1,2,2,62,9,1560,2,10,7,3,7
2.02E+12,1,9,0,9,0,5,0,0,0,0,1,1,6,1,73,10,1997,2,2,9,2,9
2.02E+12,1,9,0,9,0,5,0,0,0,0,1,1,2,2,45,7,1796,1,14,1,1,1
2.02E+12,1,9,0,5,0,1,0,0,0,0,4,1,6,1,66,10,1560,2,8,8,1,8
2.02E+12,1,9,0,18,0,4,0,10,3,0,1,1,6,1,45,7,2979,1,10,2,1,2
2.02E+12,2,9,0,18,0,1,0,0,0,0,3,1,6,1,21,5,1364,1,12,1,1,1
2.02E+12,1,9,0,9,0,6,0,0,0,0,3,2,6,2,33,6,1598,1,13,8,1,8
2.02E+12,2,5,0,18,0,1,0,0,0,0,1,1,2,1,26,6,599,1,22,6,3,6
2.02E+12,1,9,0,7,0,5,0,0,0,0,4,1,6,2,56,9,1591,1,2,1,1,1
2.02E+12,1,10,0,18,0,8,0,0,0,0,1,1,1,1,50,8,2463,2,11,2,1,2
2.02E+12,2,9,0,9,0,6,0,0,0,0,3,1,2,1,37,7,1995,2,3,7,3,7
2.02E+12,1,9,0,18,0,8,1,0,1,3,1,1,6,2,18,4,1124,1,11,6,3,6
2.02E+12,3,9,0,18,0,8,0,0,0,0,1,1,6,1,18,4,1198,1,8,6,1,6
2.02E+12,1,4,0,13,0,8,0,0,7,0,1,1,6,1,36,7,249,1,37,3,1,3
2.02E+12,2,9,0,6,0,8,0,0,0,0,3,1,6,1,33,6,1349,1,8,9,1,9
2.02E+12,1,9,0,9,0,5,0,0,0,0,4,1,2,1,36,7,1461,2,6,3,1,3
2.02E+12,2,8,0,18,2,8,0,0,0,0,1,1,1,1,51,8,1997,2,10,2,1,2
2.02E+12,1,2,0,4,0,1,1,0,0,0,1,1,6,1,16,4,49,1,7,3,1,3
2.02E+12,2,9,0,10,0,1,0,0,0,0,3,1,6,2,31,6,1364,1,7,4,1,4
2.02E+12,2,9,0,18,0,8,1,0,0,0,4,1,6,2,51,8,1198,1,5,10,2,10
2.02E+12,1,9,0,9,0,6,0,0,0,0,1,1,6,2,35,6,2179,2,10,5,3,5
2.02E+12,2,9,0,18,0,8,0,0,0,0,4,1,6,2,18,4,1242,1,7,7,1,7
2.02E+12,1,9,0,9,0,5,0,0,0,0,4,1,6,2,71,10,1497,8,4,4,1,4
2.02E+12,1,9,0,5,0,1,0,0,0,0,1,1,6,2,40,7,1197,1,4,9,1,9
2.02E+12,1,9,0,17,0,8,0,0,0,0,1,1,6,2,21,5,1368,1,7,5,1,5
2.02E+12,2,9,0,9,0,5,5,0,0,0,1,1,6,2,20,4,1199,1,2,4,1,4
2.02E+12,1,9,0,10,0,8,0,0,0,0,2,1,1,1,41,7,1968,2,1,10,1,10
2.02E+12,2,9,0,4,0,8,0,0,0,0,1,1,1,1,41,7,998,1,9,10,1,10
2.02E+12,1,9,0,9,0,6,0,0,0,0,1,1,6,1,76,11,1364,1,7,3,2,3
2.02E+12,1,9,0,14,0,2,0,0,0,0,4,1,6,1,49,8,2000,2,11,1,1,1
2.02E+12,1,9,0,16,0,1,0,0,0,0,1,1,6,2,76,11,1299,1,14,2,1,2
2.02E+12,1,9,0,9,0,4,0,0,0,0,3,1,6,2,19,4,1149,1,8,3,1,3
2.02E+12,2,5,0,18,0,8,0,0,0,0,1,1,6,1,36,7,599,1,12,3,1,3
2.02E+12,1,9,0,18,0,4,0,0,0,0,2,1,6,2,45,7,1596,1,12,4,1,4
2.02E+12,2,9,0,4,0,4,0,0,0,0,1,1,6,1,45,7,1598,1,15,1,1,1
2.02E+12,2,9,0,10,0,8,0,0,0,0,2,1,6,2,51,8,1368,1,1,9,1,9
2.02E+12,1,9,0,9,0,5,0,0,0,0,3,1,6,2,32,6,1870,2,9,1,1,1
2.02E+12,2,9,0,18,0,1,0,0,0,0,1,1,6,1,28,6,1968,2,4,3,1,3
2.02E+12,2,9,0,18,0,8,1,0,0,0,2,1,6,1,40,7,1242,1,1,8,2,8
2.02E+12,1,9,0,10,0,8,0,0,0,0,2,1,6,2,34,6,1796,1,13,2,1,2
2.02E+12,2,9,0,18,0,8,0,0,0,0,1,1,6,1,38,7,2494,1,12,10,1,10
2.02E+12,2,11,0,18,0,8,0,0,0,0,0,1,6,1,49,8,4250,2,8,4,1,4
2.02E+12,2,9,0,18,0,8,0,0,0,0,4,1,6,1,40,7,3982,1,1,9,1,9
2.02E+12,1,9,0,3,0,1,0,0,0,0,2,1,6,1,48,8,1849,2,2,6,1,6
2.02E+12,2,9,0,18,0,1,0,0,0,0,1,1,6,1,20,4,998,1,10,10,1,10
2.02E+12,1,9,0,7,0,6,0,4,0,0,3,1,6,2,34,6,1242,1,15,1,1,1
2.02E+12,2,9,0,18,0,8,0,0,0,0,1,1,6,1,41,7,1596,1,12,3,1,3
2.02E+12,1,9,0,7,0,6,0,0,0,0,3,1,6,1,81,11,1124,1,14,6,1,6
2.02E+12,2,4,0,18,0,8,1,0,0,0,1,1,6,1,39,7,321,1,2,9,1,9
2.02E+12,1,11,0,18,0,8,0,0,0,0,0,1,1,1,23,5,7698,2,2,4,2,4
2.02E+12,1,9,0,18,0,6,0,0,0,0,1,1,6,2,54,8,1150,1,14,10,1,10
2.02E+12,2,9,0,3,0,1,0,0,0,0,2,1,6,2,43,7,1368,1,1,2,1,2
2.02E+12,1,9,0,2,0,2,0,0,0,0,0,1,6,2,32,6,1686,2,6,2,1,2
2.02E+12,2,9,0,18,0,8,1,0,0,0,4,1,6,1,66,10,1998,2,14,3,1,3
2.02E+12,1,9,0,1,0,5,0,0,0,0,2,1,6,1,47,8,1197,1,3,10,2,10
2.02E+12,1,19,0,7,0,5,0,0,0,0,1,1,6,1,32,6,2402,2,14,4,1,4
2.02E+12,2,9,0,3,0,5,0,0,0,0,2,1,6,1,42,7,2979,1,2,4,1,4
2.02E+12,1,19,0,9,0,5,0,0,0,0,0,1,6,1,43,7,2198,2,8,4,1,4
2.02E+12,2,9,0,18,0,8,1,0,1,0,1,1,6,1,77,11,1998,1,14,7,2,7
2.02E+12,3,9,0,10,0,1,0,0,0,0,3,1,6,2,23,5,1896,2,14,8,3,8
2.02E+12,5,9,0,7,0,5,0,0,0,0,3,1,6,2,33,6,1900,2,18,5,3,5
2.02E+12,1,4,0,18,0,8,0,0,0,0,1,1,2,1,50,8,998,1,13,8,1,8
2.02E+12,2,9,0,9,0,8,0,0,0,0,1,1,1,1,48,8,1995,2,8,2,1,2
2.02E+12,1,9,0,9,0,5,0,0,0,0,1,1,6,2,40,7,1422,2,9,6,1,6
2.02E+12,2,9,0,18,0,8,0,0,0,0,1,1,6,1,19,4,1390,1,12,9,1,9
2.02E+12,1,8,0,5,0,6,1,0,0,0,1,1,1,1,62,9,2499,2,9,1,1,1
2.02E+12,1,3,0,13,0,8,0,0,0,0,1,1,6,1,28,6,124,1,13,5,3,5
2.02E+12,1,9,0,18,0,3,0,0,0,0,3,1,6,2,54,8,1582,2,8,1,1,1
2.02E+12,2,9,0,18,0,3,0,0,0,0,4,1,6,2,38,7,1242,1,6,3,1,3
2.02E+12,1,9,0,16,0,8,0,0,0,0,1,1,6,1,20,4,1389,1,22,9,1,9
2.02E+12,1,9,0,1,0,2,0,0,0,0,2,1,6,1,24,5,1686,2,7,2,1,2
2.02E+12,1,9,0,18,0,1,0,0,0,0,1,1,6,2,28,6,1598,1,11,8,1,8
2.02E+12,2,9,0,3,0,1,0,0,0,0,2,1,6,2,55,8,1242,1,1,8,1,8
2.02E+12,1,9,0,1,9,1,0,0,0,0,2,1,6,2,64,9,1598,1,5,5,1,5
2.02E+12,1,9,0,5,0,1,0,0,0,0,1,1,2,2,34,6,1598,1,4,3,1,3
2.02E+12,1,9,0,9,0,5,0,0,0,0,1,1,6,2,21,5,1399,1,11,6,1,6
2.02E+12,2,4,0,18,0,8,0,0,0,0,1,1,6,1,55,8,496,1,37,2,1,2
2.02E+12,1,9,0,5,0,4,0,0,0,0,1,1,6,2,53,8,1390,1,16,7,1,7
2.02E+12,2,9,0,3,0,1,0,0,0,0,2,1,6,1,44,7,1242,1,1,1,1,1
2.02E+12,2,9,0,16,0,3,0,0,0,0,2,1,6,1,47,8,998,1,15,10,2,10
2.02E+12,1,11,0,4,0,2,0,0,0,0,0,1,1,1,51,8,4500,2,1,8,2,8
2.02E+12,1,9,0,16,0,8,0,0,0,0,1,1,6,1,18,4,1598,1,10,2,1,2
2.02E+12,2,9,0,18,0,8,0,0,0,0,3,1,6,2,20,4,1296,1,9,6,1,6
2.02E+12,1,9,0,18,0,1,0,0,0,0,1,1,6,2,61,9,1398,1,15,9,1,9
2.02E+12,1,9,0,14,0,2,0,0,0,0,3,1,6,2,50,8,1398,1,2,3,1,3
2.02E+12,1,9,0,18,0,8,0,0,0,0,4,1,6,1,76,11,1199,1,14,9,1,9
2.02E+12,1,19,0,18,0,1,0,0,0,0,1,1,2,1,34,6,2198,2,5,2,1,2
2.02E+12,2,9,0,3,0,1,0,0,0,1,2,1,6,2,25,5,1229,1,9,4,1,4
2.02E+12,1,9,0,18,0,1,0,0,0,0,1,1,6,1,50,8,1997,2,14,3,1,3
2.02E+12,2,9,0,18,0,2,2,0,0,0,1,1,6,2,31,6,1999,2,1,9,1,9
2.02E+12,1,9,0,9,0,6,0,0,0,0,1,1,6,1,28,6,1968,2,11,5,1,5
2.02E+12,2,5,0,14,0,8,0,0,0,0,1,1,2,1,19,4,599,1,28,5,1,5
2.02E+12,1,9,0,18,0,4,0,0,7,2,1,1,6,1,84,11,1769,1,14,10,1,10
2.02E+12,2,19,0,9,0,3,0,0,0,0,1,1,2,1,20,4,1248,2,3,10,1,10
2.02E+12,1,9,0,18,0,1,0,0,0,0,1,1,6,1,19,4,1686,2,10,2,2,2
2.02E+12,2,9,0,3,0,1,0,0,0,0,2,1,6,2,37,7,1995,2,5,4,1,4
2.02E+12,2,9,0,9,0,5,0,0,1,0,3,1,6,1,21,5,1390,1,4,8,3,8
2.02E+12,2,9,0,18,0,8,1,0,7,11,4,1,6,1,20,4,1598,1,10,9,1,9
2.02E+12,1,9,0,18,0,8,1,0,1,4,2,1,6,2,48,8,2179,2,5,9,1,9
2.02E+12,1,9,0,5,0,4,0,0,0,0,1,1,2,1,57,9,1364,1,10,3,1,3
2.02E+12,2,5,0,18,0,8,0,0,0,0,2,1,1,1,27,6,745,1,9,5,1,5
2.02E+12,2,9,0,16,0,8,0,0,0,0,1,1,6,1,35,6,1781,1,15,5,1,5
2.02E+12,2,9,0,18,0,8,0,0,0,0,3,1,6,2,41,7,1598,1,5,2,1,2
2.02E+12,1,9,0,9,0,8,0,0,0,0,1,1,6,2,36,7,1364,1,3,7,3,7
2.02E+12,2,3,0,18,0,1,0,0,0,0,4,1,6,1,61,9,1050,1,6,7,1,7
2.02E+12,1,9,0,18,0,1,0,0,0,0,3,1,6,2,38,7,1390,1,2,8,1,8
2.02E+12,2,9,0,9,0,8,0,0,0,0,1,1,6,1,54,8,1582,2,3,8,1,8
2.02E+12,1,9,0,18,0,4,0,0,0,0,1,1,6,1,47,8,1799,1,6,7,3,7
2.02E+12,1,9,0,9,0,8,0,0,0,0,1,1,6,1,28,6,1900,2,12,3,1,3
2.02E+12,2,3,0,17,0,8,0,0,0,0,1,1,1,1,20,4,124,1,2,9,1,9
2.02E+12,3,9,0,18,0,8,0,0,0,0,0,1,6,2,61,9,1200,1,2,2,1,2
2.02E+12,5,5,0,18,0,8,0,0,0,0,1,1,6,1,56,9,680,1,7,3,1,3
2.02E+12,1,9,0,17,0,2,0,10,1,10,1,1,6,1,66,10,1461,2,3,10,1,10
2.02E+12,1,5,0,4,0,1,0,0,0,0,1,1,6,1,53,8,599,1,11,4,2,4
2.02E+12,2,9,0,9,0,8,0,0,0,0,3,1,6,1,53,8,1796,1,13,4,1,4
2.02E+12,1,9,0,17,0,8,0,0,0,0,1,1,6,1,29,6,1398,1,1,7,1,7
2.02E+12,2,9,0,9,0,6,0,0,0,0,3,1,6,2,41,7,1995,2,7,8,1,8
2.02E+12,1,9,0,18,0,4,0,9,0,0,1,1,6,1,19,4,1086,1,11,4,1,4
2.02E+12,2,9,0,18,0,1,0,0,0,0,0,1,6,1,18,4,1391,1,21,9,2,9
2.02E+12,3,9,0,18,0,1,0,0,0,0,0,1,6,1,18,4,973,1,15,8,3,8
2.02E+12,1,9,0,5,0,1,0,0,0,0,1,1,6,2,25,5,1398,1,4,10,2,10
2.02E+12,1,9,0,18,0,1,0,0,0,0,1,1,1,1,21,5,1242,1,5,8,1,8
2.02E+12,1,8,0,18,0,4,0,0,0,0,1,1,1,1,65,9,1753,2,11,2,1,2
2.02E+12,1,9,0,7,0,2,0,0,0,0,4,1,3,2,64,9,1598,1,8,9,3,9
2.02E+12,1,9,0,18,0,8,0,0,0,0,1,1,6,2,21,5,1229,1,10,1,1,1
2.02E+12,1,4,0,18,0,1,1,0,0,0,1,1,2,1,20,4,124,1,5,2,1,2
2.02E+12,2,9,0,9,0,8,0,0,0,0,4,1,2,1,19,4,1248,2,9,1,1,1
2.02E+12,1,9,0,18,0,2,0,0,1,11,1,1,6,2,28,6,2179,2,3,9,2,9
2.02E+12,3,9,0,18,0,1,2,0,1,0,4,1,6,1,18,4,1399,2,9,6,1,6
2.02E+12,1,9,0,5,0,6,0,0,0,0,1,1,6,1,19,4,1896,2,15,5,1,5
2.02E+12,1,3,0,18,0,1,0,0,0,0,0,1,6,2,39,7,89,1,24,6,2,6
2.02E+12,1,9,0,18,0,1,0,0,0,0,3,1,6,1,36,7,1968,2,9,1,1,1
2.02E+12,2,9,0,18,0,1,0,0,0,0,1,1,1,1,59,9,2495,2,15,6,2,6
2.02E+12,1,9,0,18,0,1,0,0,0,0,1,1,3,2,31,6,1596,1,6,6,1,6
2.02E+12,1,3,0,13,0,8,0,0,0,0,4,1,2,2,19,4,125,1,4,3,1,3
2.02E+12,2,19,0,9,0,5,0,0,0,0,3,1,1,1,31,6,2298,2,2,3,1,3
2.02E+12,1,9,0,2,0,8,0,0,0,0,1,1,6,1,56,9,1968,2,5,10,1,10
2.02E+12,2,9,0,18,0,8,0,4,0,0,1,1,6,1,69,10,1560,2,6,6,1,6
2.02E+12,1,9,0,9,0,6,0,0,0,0,1,1,6,1,56,9,1968,2,2,8,1,8
2.02E+12,1,9,0,18,0,8,0,0,0,0,4,1,2,2,33,6,1968,2,12,10,2,10
2.02E+12,2,9,0,7,0,6,0,0,0,0,1,1,6,2,25,5,1560,2,2,3,1,3
2.02E+12,1,9,0,5,0,4,0,0,0,0,2,1,2,1,32,6,1598,1,11,5,1,5
2.02E+12,2,9,0,5,0,4,0,0,0,0,1,1,2,1,38,7,2143,2,2,7,1,7
2.02E+12,1,19,0,18,0,1,0,0,0,0,1,1,6,1,47,8,1598,2,2,8,1,8
2.02E+12,1,9,0,18,0,4,0,0,0,0,2,1,6,1,47,8,1560,2,2,3,1,3
2.02E+12,2,9,0,18,0,1,0,0,0,0,1,1,6,2,51,8,1197,1,3,5,1,5
2.02E+12,1,9,0,18,0,8,0,0,0,0,1,1,6,2,17,4,998,1,12,7,1,7
2.02E+12,2,9,0,7,0,6,0,0,0,0,2,1,6,1,29,6,1968,2,7,1,1,1
2.02E+12,2,9,0,9,0,6,0,0,0,0,1,1,6,1,73,10,1753,2,10,6,1,6
2.02E+12,1,9,0,9,0,5,1,10,1,1,4,1,6,2,21,5,1328,1,11,1,1,1
2.02E+12,1,19,0,14,0,8,0,0,0,0,1,1,6,1,53,8,2287,2,6,3,1,3
2.02E+12,1,9,0,13,0,8,0,0,0,0,4,1,1,2,25,5,1686,2,5,1,1,1
2.02E+12,2,9,0,9,0,5,0,0,0,0,3,1,6,1,51,8,1956,2,1,1,1,1
2.02E+12,1,9,0,17,0,8,0,0,0,0,2,1,6,1,19,4,998,1,12,5,1,5
2.02E+12,2,9,0,17,0,8,0,0,0,0,2,1,6,1,52,8,1796,1,18,3,1,3
2.02E+12,3,9,0,17,0,8,0,0,0,0,1,1,6,1,20,4,1390,1,15,2,1,2
2.02E+12,4,9,0,18,0,8,0,0,0,0,1,1,6,1,23,5,1199,2,6,5,1,5
2.02E+12,2,9,0,18,0,1,0,0,0,0,1,1,6,2,32,6,998,1,6,5,1,5
2.02E+12,1,9,0,18,0,2,5,7,0,0,3,1,6,1,19,4,1461,2,8,5,1,5
2.02E+12,1,9,0,9,0,6,0,0,0,0,3,1,6,2,60,9,1198,1,7,7,1,7
2.02E+12,2,5,0,14,0,8,0,0,0,0,1,1,6,1,34,6,1801,1,1,6,3,6
2.02E+12,1,9,0,18,0,6,0,0,0,0,1,1,6,1,73,10,1242,1,8,8,1,8
2.02E+12,2,9,0,18,0,8,0,0,0,0,1,1,6,1,40,7,1598,1,6,4,1,4
2.02E+12,1,4,0,18,0,8,0,0,0,0,1,1,6,1,21,5,471,1,2,9,2,9
2.02E+12,1,9,0,5,0,4,0,0,0,0,4,1,6,2,47,8,1364,1,10,1,1,1
2.02E+12,1,9,0,7,0,8,0,0,0,0,0,1,6,1,30,6,998,1,1,4,1,4
2.02E+12,2,9,0,18,0,1,0,4,0,0,2,1,6,1,37,7,1242,1,2,4,1,4
2.02E+12,2,9,0,3,0,1,0,0,0,0,1,1,6,2,23,5,1390,1,10,3,1,3
2.02E+12,1,9,0,18,0,1,1,0,0,0,1,1,6,1,39,7,1997,2,11,4,1,4
2.02E+12,2,9,0,3,0,8,0,0,0,0,2,1,6,2,54,8,1461,2,3,7,1,7
2.02E+12,3,9,0,10,0,8,0,0,0,0,2,1,6,2,19,4,1199,1,16,2,2,2
2.02E+12,1,9,0,9,0,5,0,0,0,0,4,1,6,1,63,9,1997,2,18,3,1,3
2.02E+12,1,9,0,1,0,8,0,0,0,0,4,1,6,1,87,11,1240,1,14,5,3,5
2.02E+12,1,9,0,17,0,2,1,10,2,11,1,1,6,1,33,6,2171,1,15,3,1,3
2.02E+12,2,9,0,16,0,1,0,0,0,0,1,1,6,2,66,10,1399,2,7,4,2,4
2.02E+12,1,9,0,10,0,1,0,0,0,0,2,1,6,1,32,6,1995,2,10,8,1,8
2.02E+12,3,9,0,4,0,1,0,0,0,0,1,1,6,1,31,6,1796,1,7,7,1,7
2.02E+12,1,9,0,7,0,3,0,0,0,0,1,1,6,1,65,9,1597,2,3,3,3,3
2.02E+12,1,9,0,1,9,8,0,0,0,0,2,1,6,1,46,8,1796,1,11,7,1,7
2.02E+12,1,9,0,18,0,8,0,0,0,0,4,1,2,1,58,9,1388,1,5,7,1,7
2.02E+12,2,9,0,18,0,4,0,0,0,0,1,1,2,1,18,4,998,1,1,5,2,5
2.02E+12,1,9,0,5,0,8,2,0,3,0,1,1,2,1,20,4,1560,2,8,2,1,2
2.02E+12,2,9,0,18,0,1,1,0,1,9,1,1,2,2,37,7,1598,1,9,9,1,9
2.02E+12,2,9,0,9,0,8,0,0,0,0,3,1,6,1,44,7,1120,2,3,9,1,9
2.02E+12,1,9,0,9,0,8,0,0,0,0,1,1,3,1,28,6,1598,2,2,5,1,5
2.02E+12,2,11,0,4,0,1,0,0,0,0,0,1,6,1,33,6,7300,2,8,2,1,2
2.02E+12,1,19,0,9,0,8,0,0,0,0,1,1,2,1,40,7,1248,2,10,8,1,8
2.02E+12,2,4,0,17,0,1,1,0,0,0,1,1,2,1,23,5,125,1,3,5,1,5
2.02E+12,2,3,0,18,0,4,0,0,0,0,1,1,2,1,34,6,124,1,9,8,1,8
2.02E+12,1,9,0,18,0,1,0,0,0,0,1,1,2,1,21,5,1995,2,9,2,1,2
2.02E+12,2,9,0,18,0,1,0,0,0,0,3,1,2,1,62,9,1242,1,7,1,1,1
2.02E+12,3,9,0,9,0,1,0,0,0,0,4,1,3,2,60,9,1398,1,6,3,1,3
2.02E+12,1,9,0,9,0,6,0,0,0,0,1,2,3,2,46,8,1598,2,1,10,1,10
2.02E+12,1,9,0,18,0,8,0,0,0,0,1,1,2,2,43,7,1339,1,12,1,1,1
2.02E+12,2,9,0,9,0,1,0,0,0,0,1,1,2,1,51,8,2179,2,9,7,3,7
2.02E+12,2,9,0,1,0,8,0,0,0,0,2,1,6,1,50,8,1248,1,5,5,1,5
2.02E+12,1,9,0,18,0,1,0,0,0,0,1,1,6,1,56,9,2982,2,2,9,1,9
2.02E+12,1,9,0,4,0,2,0,0,0,0,1,1,2,1,40,7,2993,2,7,9,1,9
2.02E+12,1,9,0,7,0,1,0,0,0,0,4,1,1,1,19,4,1242,1,10,2,1,2
2.02E+12,1,9,0,18,0,1,0,0,0,0,3,1,2,1,23,5,1364,1,10,8,1,8
2.02E+12,1,9,0,9,0,5,0,0,0,0,1,1,6,1,20,4,1229,1,5,4,1,4
2.02E+12,1,8,0,18,0,8,0,0,0,0,3,1,6,1,49,8,1896,2,13,1,1,1
2.02E+12,2,9,0,9,0,1,1,0,1,0,1,1,6,1,33,6,1968,2,9,1,1,1
2.02E+12,1,9,0,5,0,8,0,0,0,0,3,1,6,1,49,8,1762,1,17,3,1,3
2.02E+12,1,8,0,9,0,2,0,0,0,0,1,1,1,1,32,6,1896,2,13,1,1,1
2.02E+12,1,9,0,18,0,8,0,0,0,0,3,1,6,2,24,5,1896,2,9,6,1,6
2.02E+12,2,9,0,9,0,1,0,0,0,0,1,1,6,1,43,7,1896,2,12,2,1,2