Accident_Index,Vehicle_Reference,Vehicle_Type,Towing_and_Articulation,Vehicle_Manoeuvre,Vehicle_Location-Restricted_Lane,Junction_Location,Skidding_and_Overturning,Hit_Object_in_Carriageway,Vehicle_Leaving_Carriageway,Hit_Object_off_Carriageway,1st_Point_of_Impact,Was_Vehicle_Left_Hand_Drive?,Journey_Purpose_of_Driver,Sex_of_Driver,Age_of_Driver,Age_Band_of_Driver,Engine_Capacity_(CC),Propulsion_Code,Age_of_Vehicle,Driver_IMD_Decile,Driver_Home_Area_Type,Vehicle_IMD_Decile
2.02E+12,2,9,0,18,0,8,1,0,0,0,1,1,6,1,54,8,1242,1,13,10,3,10
2.02E+12,1,9,0,18,0,6,0,0,0,0,1,1,6,2,79,11,898,1,1,9,1,9
2.02E+12,1,9,0,7,0,2,0,0,0,0,0,1,6,2,76,11,2290,1,14,9,2,9
2.02E+12,2,11,0,18,0,1,0,0,0,0,0,1,1,1,46,8,7300,2,8,1,1,1
2.02E+12,1,9,0,9,0,1,0,0,0,0,1,1,2,1,36,7,996,1,3,5,1,5
2.02E+12,2,9,0,18,0,1,0,0,0,0,1,1,2,2,42,7,2204,2,9,2,1,2
2.02E+12,1,19,0,18,0,1,0,0,0,0,1,1,2,1,56,9,2198,2,3,9,1,9
2.02E+12,2,9,0,9,0,8,0,0,0,0,1,1,6,2,17,4,999,1,5,10,1,10
2.02E+12,1,9,0,18,0,1,0,0,3,9,4,1,6,1,60,9,1560,2,5,7,3,7
2.02E+12,2,9,0,18,0,1,0,0,0,0,1,1,6,2,52,8,1108,1,12,5,3,5
2.02E+12,1,19,0,18,0,1,0,0,0,0,1,1,6,1,31,6,1998,2,15,2,1,2
2.02E+12,2,9,0,3,0,1,0,0,0,0,2,1,6,2,32,6,1364,1,9,3,1,3
2.02E+12,1,9,0,9,0,4,0,0,0,0,1,1,6,2,27,6,1398,1,7,4,1,4
2.02E+12,2,4,0,9,0,4,0,0,0,0,4,1,6,1,61,9,647,1,12,2,1,2
2.02E+12,1,9,0,9,0,8,0,0,0,0,3,1,2,2,18,4,998,1,3,9,1,9
2.02E+12,2,9,0,18,0,1,0,0,0,0,0,1,1,1,27,6,1799,1,7,8,1,8
2.02E+12,3,9,0,14,0,1,0,0,0,0,1,1,2,1,22,5,1364,1,10,4,1,4
2.02E+12,1,9,0,9,0,5,0,0,0,0,1,1,6,1,80,11,998,1,1,7,3,7
2.02E+12,2,9,0,18,0,8,0,0,0,0,1,1,6,2,72,10,1590,1,12,9,1,9
2.02E+12,1,11,0,4,0,2,0,0,0,0,0,1,1,1,33,6,6871,2,9,2,2,2
2.02E+12,1,9,0,8,0,1,0,0,0,0,1,1,2,2,39,7,1598,1,11,3,1,3
2.02E+12,2,9,0,5,0,2,0,10,7,2,3,1,2,2,43,7,1598,1,2,6,1,6
2.02E+12,1,9,0,18,0,3,0,0,4,6,1,1,6,1,20,4,1242,1,4,8,2,8
2.02E+12,1,21,1,18,0,1,0,0,0,0,4,1,1,1,56,9,12809,2,2,4,1,4
2.02E+12,2,9,0,18,0,1,0,0,1,1,3,1,6,2,53,8,1493,2,9,4,1,4
2.02E+12,1,9,0,7,0,8,0,0,0,0,2,1,6,2,49,8,1995,1,11,2,1,2
2.02E+12,1,19,0,18,0,1,0,0,0,0,1,1,6,1,45,7,2198,2,5,10,1,10
2.02E+12,1,9,0,7,0,3,1,0,7,0,2,1,6,1,52,8,1997,2,13,7,3,7
2.02E+12,1,19,0,18,0,2,0,0,0,0,1,2,2,1,32,6,2198,2,7,9,3,9
2.02E+12,2,9,0,9,0,3,0,0,0,0,4,1,6,1,39,7,2967,2,4,3,1,3
2.02E+12,1,9,0,3,0,1,0,0,0,0,0,1,6,2,22,5,1339,1,9,7,1,7
2.02E+12,2,19,0,18,0,1,1,0,0,0,1,1,2,1,25,5,1461,2,12,9,1,9
2.02E+12,1,9,0,5,0,4,0,0,0,0,1,1,6,1,25,5,1968,2,9,1,1,1
2.02E+12,1,9,0,9,0,6,0,0,0,0,3,1,6,1,42,7,1999,1,2,4,1,4
2.02E+12,1,9,0,9,0,1,0,0,0,0,4,1,6,2,36,7,1390,1,19,6,1,6
2.02E+12,1,9,0,3,0,1,0,0,0,0,2,1,6,1,43,7,2099,2,10,1,1,1
2.02E+12,2,9,0,18,0,8,0,0,0,0,1,1,6,2,30,6,1248,2,3,1,1,1
2.02E+12,3,8,0,13,0,1,0,0,0,0,1,1,1,1,33,6,1596,1,12,1,1,1
2.02E+12,1,9,0,18,0,5,0,0,0,7,1,1,6,1,26,6,2979,1,2,8,1,8
2.02E+12,1,4,0,7,0,1,0,0,0,0,2,1,6,1,57,9,1084,1,15,2,1,2
2.02E+12,2,9,0,8,0,6,0,0,0,0,1,1,6,1,58,9,1596,1,15,2,1,2
2.02E+12,1,19,0,9,0,8,0,0,0,0,0,1,1,1,27,6,2402,2,11,5,1,5
2.02E+12,1,9,0,9,0,8,0,0,0,0,1,1,6,2,52,8,1598,2,5,4,1,4
2.02E+12,1,9,0,10,0,5,0,0,0,0,2,1,6,1,45,7,875,1,1,5,3,5
2.02E+12,2,9,0,18,0,1,0,0,0,0,1,1,2,1,53,8,1998,1,13,8,1,8
2.02E+12,2,9,0,4,0,1,0,4,0,0,2,1,2,2,51,8,1598,2,4,3,1,3
2.02E+12,1,9,0,7,0,8,0,0,0,0,1,1,6,1,59,9,1995,2,4,6,3,6
2.02E+12,1,9,0,7,0,1,0,0,0,0,3,1,2,1,30,6,1794,1,13,5,1,5
2.02E+12,1,9,0,9,0,6,0,0,0,0,1,1,2,1,35,6,1998,2,12,5,1,5
2.02E+12,1,9,0,5,0,1,0,0,1,0,4,1,3,2,60,9,1398,1,1,3,1,3
2.02E+12,2,9,0,18,0,1,0,0,0,0,1,1,2,1,55,8,1197,1,5,5,1,5
2.02E+12,2,9,0,18,0,8,0,0,7,0,4,1,6,2,24,5,998,1,9,6,1,6
2.02E+12,1,9,0,18,0,1,0,0,0,0,1,1,6,1,26,6,1560,2,9,4,1,4
2.02E+12,2,9,0,18,0,1,0,0,0,0,1,1,6,1,55,8,1896,2,7,6,3,6
2.02E+12,3,9,0,10,0,1,0,0,0,0,0,1,6,1,31,6,1956,2,6,10,1,10
2.02E+12,1,9,0,18,0,1,0,0,0,0,1,1,6,2,23,5,1956,2,4,9,1,9
2.02E+12,1,9,0,9,0,6,0,0,0,0,1,1,6,1,34,6,1368,1,7,2,1,2
2.02E+12,2,9,0,17,0,1,0,0,0,0,3,1,6,1,44,7,1360,1,8,2,1,2
2.02E+12,1,8,0,1,0,8,0,0,0,0,3,1,1,1,41,7,1968,2,10,4,1,4
2.02E+12,2,9,0,18,0,1,0,0,0,0,1,1,6,2,73,10,1461,2,11,1,1,1
2.02E+12,1,9,0,5,0,8,0,0,0,0,2,1,6,1,63,9,1796,1,13,8,1,8
2.02E+12,1,9,0,1,9,8,0,0,0,0,2,1,6,1,49,8,1995,2,2,7,3,7
2.02E+12,1,21,1,4,0,1,0,0,0,0,2,1,1,1,32,6,10837,2,1,1,1,1
2.02E+12,2,21,1,4,0,1,0,0,0,0,2,1,1,1,51,8,12809,2,3,1,1,1
2.02E+12,3,19,0,18,0,1,0,0,0,0,1,1,1,1,49,8,12740,2,1,2,1,2
2.02E+12,1,11,0,4,0,8,0,0,0,0,0,1,6,2,46,8,4250,2,8,7,1,7
2.02E+12,1,5,0,18,0,8,0,0,0,0,1,1,2,1,48,8,798,1,4,5,1,5
2.02E+12,2,9,0,9,0,6,0,0,3,0,3,1,2,2,24,5,1560,2,3,5,3,5
2.02E+12,2,2,0,18,0,1,1,0,0,0,1,1,6,1,17,4,49,1,14,4,1,4
2.02E+12,1,21,1,18,0,8,5,0,0,0,3,1,1,1,42,7,11967,2,5,7,1,7
2.02E+12,2,9,0,18,0,8,0,0,0,0,4,1,6,1,39,7,2720,2,12,2,1,2
2.02E+12,1,9,0,18,0,1,0,0,0,0,3,1,6,1,74,10,2179,2,6,6,3,6
2.02E+12,2,9,0,18,0,2,0,0,0,0,1,1,6,1,31,6,1299,1,14,3,1,3
2.02E+12,2,3,0,18,0,1,1,0,0,0,4,1,6,1,46,8,124,1,12,2,1,2
2.02E+12,1,9,0,18,0,2,0,0,7,10,1,1,6,1,38,7,1956,2,6,1,1,1
2.02E+12,2,9,0,18,0,1,0,0,0,0,0,1,6,1,47,8,1598,1,3,1,1,1
2.02E+12,1,9,0,18,0,1,0,0,0,0,1,1,6,1,27,6,1598,1,16,5,1,5
2.02E+12,2,9,0,7,0,6,0,0,0,0,1,1,6,2,55,8,1598,1,11,2,1,2
2.02E+12,1,9,0,16,0,4,0,0,0,0,3,1,6,1,41,7,1896,2,9,6,1,6
2.02E+12,2,9,0,16,0,4,0,0,0,0,4,1,6,2,36,7,1900,2,12,9,1,9
2.02E+12,1,11,0,18,0,1,0,0,0,0,1,1,1,1,54,8,6871,2,9,6,1,6
2.02E+12,2,9,0,3,0,1,0,0,0,0,2,1,6,1,24,5,1198,1,10,7,3,7
2.02E+12,1,21,1,18,0,1,0,0,0,0,1,1,1,1,24,5,12419,2,7,2,1,2
2.02E+12,2,9,0,10,0,1,0,0,0,0,2,1,6,2,24,5,1968,2,6,7,3,7
2.02E+12,2,19,0,5,0,1,0,0,0,0,4,1,1,1,36,7,2497,2,6,2,1,2
2.02E+12,1,9,0,14,0,2,0,0,0,0,1,1,6,1,66,10,1685,2,3,6,3,6
2.02E+12,2,9,0,18,0,1,0,0,0,0,1,1,6,1,59,9,1968,2,4,9,1,9
2.02E+12,1,9,0,18,0,2,0,0,2,10,3,1,6,1,89,11,1796,1,14,4,1,4
2.02E+12,2,9,0,18,0,1,0,0,0,0,1,1,6,2,32,6,1461,2,5,8,1,8
2.02E+12,4,9,0,3,0,1,0,0,0,0,1,1,6,2,19,4,998,1,2,8,3,8
2.02E+12,1,9,0,17,0,2,0,0,1,10,1,1,6,1,66,10,1461,2,3,10,1,10
2.02E+12,1,9,0,5,0,1,0,0,0,0,1,1,1,1,44,7,1499,2,1,2,1,2
2.02E+12,1,19,0,18,0,1,0,7,0,1,1,1,1,1,33,6,2464,2,7,2,1,2
2.02E+12,1,9,0,18,0,8,0,0,7,0,1,1,6,1,17,4,998,1,7,4,3,4
2.02E+12,1,9,0,4,0,1,0,0,0,0,1,1,1,2,52,8,1229,1,10,2,1,2
2.02E+12,1,9,0,7,0,1,0,0,0,0,1,1,2,1,50,8,2688,2,14,3,1,3
2.02E+12,1,9,0,18,0,2,0,0,3,11,1,1,2,1,47,8,1598,1,6,6,3,6
2.02E+12,2,9,0,18,0,1,0,0,0,0,1,1,6,1,63,9,1999,2,1,5,3,5
2.02E+12,1,9,0,18,0,1,0,0,0,0,1,1,6,2,23,5,1598,1,16,2,1,2
2.02E+12,1,9,0,9,0,1,0,0,0,0,1,1,6,1,55,8,1995,2,8,8,3,8
2.02E+12,2,9,0,18,0,8,0,0,0,0,4,1,6,1,23,5,1600,1,13,5,3,5
2.02E+12,1,3,0,3,0,1,0,0,0,0,1,1,2,1,22,5,124,1,6,1,1,1
2.02E+12,2,9,0,9,0,1,0,0,0,0,1,1,1,2,27,6,1685,2,1,10,2,10
2.02E+12,1,9,0,9,0,1,0,0,0,0,0,1,6,2,25,5,1328,1,10,3,1,3
2.02E+12,2,9,0,17,0,1,0,0,0,0,0,1,6,2,52,8,1590,1,1,7,1,7
2.02E+12,2,9,0,18,0,8,0,0,0,0,1,1,6,2,34,6,1360,1,16,3,3,3
2.02E+12,1,9,0,5,0,6,0,0,0,0,3,1,6,2,38,7,1596,1,10,3,3,3
2.02E+12,2,9,0,18,0,1,0,0,0,0,4,1,6,1,64,9,1968,2,4,3,3,3
2.02E+12,1,90,0,3,0,1,0,0,0,0,3,1,1,1,50,8,2999,2,5,8,1,8
2.02E+12,2,4,0,18,0,1,0,0,0,0,1,1,6,1,50,8,125,1,7,8,1,8
2.02E+12,1,9,0,9,0,6,0,0,0,0,1,1,6,2,85,11,998,1,5,4,1,4
2.02E+12,2,5,0,18,0,1,0,0,0,0,4,1,6,1,35,6,803,1,1,1,1,1
2.02E+12,3,9,0,18,0,1,0,0,0,0,0,1,6,1,52,8,1753,2,7,3,1,3
2.02E+12,2,19,0,5,0,8,0,0,0,0,2,1,1,1,34,6,2148,2,9,8,1,8
2.02E+12,1,19,0,18,0,1,0,0,0,0,1,1,1,1,38,7,2299,2,3,4,3,4
2.02E+12,2,9,0,9,0,1,0,0,0,0,2,1,1,1,24,5,1685,2,2,7,2,7
2.02E+12,2,9,0,18,0,2,0,0,7,4,1,1,6,2,67,10,1951,2,12,1,1,1
2.02E+12,1,9,0,18,0,6,0,0,0,0,2,1,2,2,46,8,1997,2,13,5,3,5
2.02E+12,2,5,0,18,0,1,0,0,0,0,1,1,2,1,21,5,599,1,15,5,3,5
2.02E+12,2,9,0,18,0,1,0,0,0,11,1,1,6,2,81,11,998,1,3,8,1,8
2.02E+12,1,9,0,1,9,8,0,0,0,0,2,1,6,2,82,11,999,1,7,8,2,8
2.02E+12,2,9,0,16,0,8,0,0,0,0,2,2,2,2,23,5,1242,1,3,5,3,5
2.02E+12,3,9,0,16,0,8,0,0,0,0,1,2,2,2,45,7,2143,2,1,7,1,7
2.02E+12,1,19,0,9,0,8,0,0,0,0,1,1,1,1,49,8,2198,2,1,8,1,8
2.02E+12,1,3,0,18,0,1,0,0,0,0,1,1,2,1,51,8,125,1,5,6,1,6
2.02E+12,2,21,0,2,0,1,0,0,0,0,1,1,1,1,63,9,12902,2,1,8,1,8
2.02E+12,1,9,0,9,0,8,1,10,0,0,1,1,6,1,20,4,1149,1,7,1,1,1
2.02E+12,2,9,0,9,0,3,0,0,0,0,2,1,6,2,33,6,1956,2,7,9,2,9
2.02E+12,1,9,0,9,0,8,0,0,0,0,1,1,6,1,25,5,998,1,6,5,3,5
2.02E+12,1,9,0,3,0,2,0,0,0,0,1,1,6,1,30,6,1896,2,12,3,3,3
2.02E+12,2,9,0,3,0,2,0,0,0,0,4,1,6,1,26,6,1390,1,15,3,1,3
2.02E+12,1,3,0,7,0,3,0,0,0,0,1,1,6,1,16,4,49,1,11,3,1,3
2.02E+12,2,19,0,18,0,4,0,0,0,0,3,1,1,1,48,8,2143,2,3,2,1,2
2.02E+12,1,9,0,18,0,1,0,0,1,0,1,1,2,1,25,5,1998,2,15,6,3,6
2.02E+12,2,21,1,18,0,1,3,0,1,0,4,1,1,1,29,6,11946,2,5,5,1,5
2.02E+12,1,9,0,18,0,2,0,0,0,0,1,1,6,2,78,11,1240,1,7,1,1,1
2.02E+12,1,3,0,14,0,8,2,0,0,0,4,1,6,1,35,6,124,1,1,1,1,1
2.02E+12,2,9,0,10,0,8,0,0,0,0,3,1,6,1,36,7,1968,2,5,6,2,6
2.02E+12,1,9,0,17,0,1,0,0,0,1,1,1,2,2,18,4,1398,1,13,7,3,7
2.02E+12,2,21,1,16,0,1,0,0,0,0,1,1,1,1,58,9,12777,2,2,5,2,5
2.02E+12,1,9,0,10,0,1,0,0,0,0,2,1,6,1,37,7,1969,2,1,4,1,4
2.02E+12,2,9,0,4,0,1,0,0,0,0,1,1,6,1,19,4,998,1,4,6,1,6
2.02E+12,1,9,0,5,8,1,0,0,0,0,2,1,6,1,44,7,1598,1,9,1,1,1
2.02E+12,2,3,0,18,0,1,5,0,0,0,1,1,6,1,32,6,125,1,3,3,1,3
2.02E+12,1,9,0,8,0,1,0,0,0,0,1,1,2,1,17,4,1198,1,13,1,1,1
2.02E+12,1,9,0,9,0,4,0,0,0,0,1,1,2,2,61,9,1560,2,7,5,3,5
2.02E+12,2,3,0,18,0,3,0,0,7,0,1,1,2,1,17,4,125,1,1,9,2,9
2.02E+12,1,9,0,18,0,1,0,0,0,0,4,1,6,1,39,7,1753,2,8,5,1,5
2.02E+12,1,9,0,9,0,8,0,0,0,0,3,1,6,1,83,11,1339,1,8,8,3,8
2.02E+12,1,9,0,9,0,8,0,0,1,0,3,1,6,2,23,5,1951,2,13,6,3,6
2.02E+12,2,9,0,18,0,8,0,0,0,0,1,1,6,2,25,5,1398,2,14,8,3,8
2.02E+12,2,19,0,18,0,8,1,0,7,4,1,1,1,1,49,8,2143,2,4,2,1,2
2.02E+12,1,9,0,18,0,8,2,0,1,4,1,1,1,2,34,6,1560,2,3,1,1,1
2.02E+12,2,9,0,18,0,8,0,0,0,0,2,1,1,1,53,8,1968,2,1,4,1,4
2.02E+12,2,9,0,9,0,6,0,0,0,0,3,1,6,1,40,7,998,1,15,5,3,5
2.02E+12,1,9,0,3,0,1,0,0,0,0,2,1,6,1,20,4,2967,2,1,3,1,3
2.02E+12,2,9,0,3,0,1,0,0,0,0,1,1,2,1,51,8,1996,1,15,4,1,4
2.02E+12,1,5,0,18,0,2,5,0,1,0,1,1,6,1,50,8,749,1,11,6,3,6
2.02E+12,1,3,0,14,0,8,5,0,0,0,1,1,6,1,28,6,125,1,1,2,1,2
2.02E+12,2,9,0,9,0,6,0,0,0,0,3,1,6,1,47,8,1798,1,12,7,1,7
2.02E+12,3,9,0,3,0,8,0,0,0,0,3,1,6,2,59,9,1328,1,9,8,3,8
2.02E+12,1,9,0,9,0,8,0,0,0,0,1,1,6,1,20,4,1910,2,10,5,3,5
2.02E+12,2,9,0,18,0,1,0,0,0,0,1,1,6,1,57,9,1560,2,11,7,1,7
2.02E+12,1,9,0,18,0,1,0,0,0,0,1,1,3,1,37,7,1685,2,2,7,1,7
2.02E+12,2,9,0,4,0,1,0,0,0,0,2,1,6,1,19,4,1198,1,13,10,3,10
2.02E+12,3,9,0,4,0,1,0,0,0,0,2,1,6,1,76,11,1560,2,2,6,1,6
2.02E+12,2,9,0,3,0,1,0,0,0,0,2,1,6,2,34,6,1329,1,6,10,2,10
2.02E+12,1,3,0,7,0,4,2,0,7,1,1,1,6,1,23,5,125,1,4,6,3,6
2.02E+12,1,9,0,16,9,2,0,0,1,11,4,1,6,1,79,11,2393,1,8,8,2,8
2.02E+12,1,9,0,9,0,8,0,0,0,0,1,1,6,1,18,4,1108,1,14,9,1,9
2.02E+12,2,9,0,18,0,2,0,0,0,0,1,1,6,1,31,6,1968,2,7,9,1,9
2.02E+12,1,19,0,4,0,2,1,0,7,0,1,1,6,1,25,5,1686,2,11,8,1,8
2.02E+12,1,9,0,10,0,1,0,0,0,0,1,1,6,2,20,4,1360,1,14,7,2,7
2.02E+12,2,19,0,18,0,8,0,0,1,7,3,1,1,1,34,6,2402,2,7,1,1,1
2.02E+12,2,9,0,18,0,1,0,0,0,0,2,1,2,1,37,7,2184,2,14,3,1,3
2.02E+12,1,9,0,9,0,5,0,0,0,0,1,1,1,1,27,6,1956,2,2,4,2,4
2.02E+12,2,19,0,18,0,8,0,0,0,0,1,1,1,1,57,9,2998,2,2,7,1,7
2.02E+12,1,9,0,9,0,8,0,0,0,0,3,1,6,2,38,7,1968,2,6,10,1,10
2.02E+12,1,9,0,9,0,5,0,0,0,0,4,1,6,2,76,11,1399,2,8,8,2,8
2.02E+12,1,9,0,14,0,2,0,4,0,0,1,1,2,1,62,9,1686,2,8,4,3,4
2.02E+12,1,9,0,9,0,2,0,0,0,0,1,1,6,1,37,7,1398,1,2,6,2,6
2.02E+12,2,9,0,18,0,1,0,7,1,1,3,1,6,1,63,9,1997,2,14,5,1,5
2.02E+12,1,9,0,5,0,1,0,0,0,0,2,1,6,1,86,11,1198,1,4,3,1,3
2.02E+12,1,9,0,7,4,1,0,0,0,0,1,1,1,2,37,7,1461,2,2,4,1,4
2.02E+12,1,9,0,9,0,8,0,0,0,0,1,1,6,1,20,4,1396,1,2,1,1,1
2.02E+12,2,9,0,18,0,1,1,0,0,0,1,1,6,1,26,6,1242,1,15,8,1,8
2.02E+12,1,9,0,9,0,1,0,0,0,0,1,1,6,2,50,8,1798,1,4,8,1,8
2.02E+12,2,9,0,18,0,2,0,0,0,0,1,1,6,1,65,9,1587,1,12,3,1,3
2.02E+12,1,9,0,18,0,1,0,0,0,0,4,1,6,1,55,8,1997,2,2,6,3,6
2.02E+12,1,9,0,16,0,3,2,0,0,7,1,1,6,2,36,7,1796,1,14,3,1,3
2.02E+12,1,9,0,18,0,3,0,0,0,0,4,1,6,2,26,6,1968,2,7,8,1,8
2.02E+12,1,9,0,5,0,8,0,0,0,0,3,1,2,1,46,8,1896,2,15,3,1,3
2.02E+12,1,9,0,18,0,1,0,0,0,0,3,1,6,1,43,7,1997,2,10,3,1,3
2.02E+12,3,9,0,4,1,1,0,0,0,0,3,1,2,1,53,8,1956,2,7,2,1,2
2.02E+12,1,9,0,18,0,4,0,0,0,0,1,1,6,1,92,11,999,1,5,6,2,6
2.02E+12,2,9,0,18,0,3,0,0,0,0,4,1,6,2,18,4,1242,1,5,9,2,9
2.02E+12,1,9,0,9,0,5,0,0,0,0,1,1,6,2,32,6,999,1,1,4,1,4
2.02E+12,2,9,0,17,0,8,0,0,0,0,1,1,2,1,56,9,1686,2,8,8,2,8
2.02E+12,1,9,0,7,0,6,1,0,0,0,2,1,1,2,21,5,1248,1,4,5,3,5
2.02E+12,1,20,0,9,0,2,0,0,0,0,1,1,1,1,37,7,2143,2,4,1,1,1
2.02E+12,2,9,0,18,0,1,0,0,0,0,4,1,1,2,43,7,1598,1,5,3,3,3
2.02E+12,1,21,0,9,0,1,0,0,0,0,0,1,1,1,28,6,4500,2,2,3,1,3
2.02E+12,2,9,0,18,0,1,0,0,0,0,1,1,6,1,51,8,1124,1,15,4,1,4
2.02E+12,1,9,0,15,0,2,0,0,0,0,1,1,6,2,79,11,1299,1,10,9,2,9
2.02E+12,2,9,0,2,0,2,0,0,7,0,1,1,6,1,54,8,1753,2,13,1,1,1
2.02E+12,2,9,0,18,0,1,0,0,1,0,3,1,2,2,27,6,1360,1,9,5,2,5
2.02E+12,1,9,0,18,0,8,0,0,0,0,1,1,6,2,33,6,1560,2,12,3,1,3
2.02E+12,1,9,0,18,0,1,5,0,6,0,3,1,1,1,29,6,1086,1,8,3,3,3
2.02E+12,2,9,0,18,0,1,0,0,7,11,1,1,6,1,50,8,2198,1,16,4,2,4
2.02E+12,1,9,0,18,0,8,0,0,0,0,4,1,6,1,79,11,998,1,3,2,1,2
2.02E+12,1,5,0,18,0,1,0,0,1,0,1,1,6,1,54,8,1050,1,3,9,1,9
2.02E+12,1,9,0,18,0,4,0,0,0,0,1,1,6,1,27,6,1360,1,14,5,2,5
2.02E+12,1,9,0,18,0,8,2,0,7,1,4,1,6,2,28,6,2198,1,15,3,1,3
2.02E+12,1,5,0,9,0,5,0,0,1,0,0,1,6,1,58,9,955,1,1,5,3,5
2.02E+12,2,9,0,3,0,4,0,0,0,0,2,1,6,1,45,7,1910,2,10,4,3,4
2.02E+12,1,9,0,18,0,2,1,0,7,0,3,1,2,1,41,7,1896,2,10,6,3,6
2.02E+12,1,9,0,18,0,8,0,0,1,4,1,1,6,1,18,4,1390,1,14,8,1,8
2.02E+12,1,5,0,2,9,8,0,0,0,0,1,1,6,1,62,9,748,1,28,3,2,3
2.02E+12,1,9,0,18,0,2,0,0,0,0,2,1,6,1,27,6,1998,2,9,5,1,5
2.02E+12,2,3,0,18,0,8,0,0,0,0,3,1,1,1,48,8,124,1,3,4,1,4
2.02E+12,1,9,0,18,0,5,0,10,1,3,1,2,6,2,81,11,1598,1,10,8,1,8
2.02E+12,1,9,0,9,0,6,0,0,0,0,1,1,4,2,77,11,1390,1,7,8,1,8
2.02E+12,1,9,0,18,0,1,1,9,0,1,1,1,6,1,23,5,1796,1,11,5,3,5
2.02E+12,2,9,0,18,0,3,0,0,0,0,2,1,6,2,32,6,1968,1,12,7,3,7
2.02E+12,1,9,0,5,0,6,0,0,0,0,1,1,6,2,56,9,1242,1,2,6,1,6
2.02E+12,1,9,0,18,0,1,0,0,3,0,1,1,2,2,21,5,1398,1,3,7,1,7
2.02E+12,1,2,0,18,0,1,0,0,0,0,1,1,1,1,45,7,49,1,13,1,1,1
2.02E+12,2,11,0,5,0,6,0,0,0,0,0,1,1,1,41,7,6374,2,7,2,1,2
2.02E+12,1,9,0,4,0,3,0,0,0,0,1,1,6,1,81,11,1396,1,2,4,3,4
2.02E+12,1,9,0,7,0,4,0,0,0,0,1,1,6,1,54,8,1796,1,11,5,1,5
2.02E+12,1,9,0,17,0,2,1,0,1,3,3,1,2,2,23,5,1360,1,18,5,3,5
2.02E+12,1,9,0,9,0,1,0,0,0,0,1,1,2,1,43,7,1997,1,15,3,1,3
2.02E+12,2,9,0,18,0,1,0,0,0,0,1,1,6,1,59,9,2499,1,7,8,3,8
2.02E+12,1,9,0,18,0,1,0,0,0,0,1,1,6,2,51,8,1398,2,2,6,2,6
2.02E+12,1,9,0,9,0,1,0,0,0,0,2,1,6,2,21,5,999,1,16,8,1,8
2.02E+12,1,9,0,18,0,1,0,0,0,0,1,1,6,1,20,4,1796,1,12,4,1,4
2.02E+12,2,9,0,18,0,1,0,0,1,0,1,1,2,1,41,7,1951,2,15,4,1,4
2.02E+12,1,9,0,5,0,6,0,0,0,0,1,1,6,2,50,8,1560,2,8,8,3,8
2.02E+12,1,9,0,18,0,1,0,0,3,0,2,1,1,2,21,5,1124,1,13,3,3,3
2.02E+12,2,9,0,18,0,1,0,0,0,0,1,1,6,1,61,9,1956,2,8,1,1,1
2.02E+12,1,9,0,9,0,5,0,0,0,0,1,1,6,1,26,6,1248,2,6,4,1,4
2.02E+12,2,19,0,3,0,6,0,0,0,0,1,1,6,1,41,7,1248,2,9,2,1,2
2.02E+12,3,9,0,18,0,2,0,0,1,0,1,1,6,1,35,6,1796,1,20,8,2,8
2.02E+12,2,9,0,18,0,1,0,0,0,0,1,1,2,2,28,6,1368,1,10,3,1,3
2.02E+12,1,9,0,4,0,1,0,0,0,0,1,1,6,1,28,6,3227,2,16,1,1,1
2.02E+12,2,9,0,4,0,1,0,0,0,0,2,1,6,1,61,9,1248,1,2,5,1,5
2.02E+12,1,9,0,18,0,3,1,0,1,2,3,1,6,1,35,6,1796,1,18,1,1,1
2.02E+12,1,9,0,18,0,8,0,0,0,0,2,1,6,1,69,10,1997,2,9,7,3,7
2.02E+12,2,9,0,18,0,1,1,0,1,0,1,1,6,1,74,10,1388,1,5,5,2,5
2.02E+12,1,9,0,9,0,8,0,0,0,0,1,1,6,1,42,7,1149,1,12,5,1,5
2.02E+12,1,9,0,18,0,1,0,0,0,0,4,1,6,2,41,7,1598,2,2,4,1,4
2.02E+12,1,9,0,4,0,1,0,11,0,0,1,1,2,2,17,4,1360,1,15,3,2,3
2.02E+12,2,9,0,18,0,1,0,0,0,0,1,1,6,1,73,10,1242,1,5,3,3,3
2.02E+12,1,9,0,18,0,2,0,0,7,10,4,1,6,2,72,10,1388,1,6,6,2,6
2.02E+12,2,9,0,18,0,1,0,0,0,0,1,1,6,1,57,9,1798,8,1,3,3,3
2.02E+12,1,9,0,7,0,1,0,0,0,0,4,1,6,2,22,5,1399,2,11,10,1,10
2.02E+12,1,9,0,5,0,6,0,0,0,0,2,1,2,2,18,4,998,1,8,7,2,7
2.02E+12,2,9,0,18,0,2,0,0,0,0,1,1,6,2,24,5,1389,1,17,6,2,6
2.02E+12,1,9,0,9,0,8,0,0,0,0,4,1,6,1,31,6,1798,1,11,7,1,7
2.02E+12,1,9,0,9,0,8,0,0,0,0,1,1,6,1,40,7,1324,1,18,2,1,2
2.02E+12,2,3,0,18,0,1,0,0,0,0,1,1,1,1,21,5,108,1,1,1,1,1
2.02E+12,1,19,0,18,0,1,0,0,0,0,1,1,6,1,48,8,2499,2,15,3,1,3
2.02E+12,3,9,0,18,0,1,0,0,0,0,2,1,1,1,29,6,2148,2,8,3,1,3