Accident_Index,Vehicle_Reference,Vehicle_Type,Towing_and_Articulation,Vehicle_Manoeuvre,Vehicle_Location-Restricted_Lane,Junction_Location,Skidding_and_Overturning,Hit_Object_in_Carriageway,Vehicle_Leaving_Carriageway,Hit_Object_off_Carriageway,1st_Point_of_Impact,Was_Vehicle_Left_Hand_Drive?,Journey_Purpose_of_Driver,Sex_of_Driver,Age_of_Driver,Age_Band_of_Driver,Engine_Capacity_(CC),Propulsion_Code,Age_of_Vehicle,Driver_IMD_Decile,Driver_Home_Area_Type,Vehicle_IMD_Decile
2.02E+12,1,9,0,9,0,8,0,0,0,0,1,1,6,1,50,8,1461,2,6,8,1,8
2.02E+12,2,9,0,18,0,1,0,0,0,0,1,1,6,2,44,7,1587,1,12,6,2,6
2.02E+12,1,9,0,9,0,1,0,0,0,0,1,1,6,1,45,7,1896,2,11,2,1,2
2.02E+12,2,9,0,16,0,1,0,0,0,0,0,1,6,1,48,8,1796,1,16,2,1,2
2.02E+12,1,21,0,18,0,1,0,5,0,5,1,1,1,1,50,8,12740,2,7,8,1,8
2.02E+12,1,9,0,5,0,4,5,0,0,0,3,1,6,2,42,7,1199,1,13,5,3,5
2.02E+12,2,9,0,18,0,4,0,0,0,0,1,1,6,1,19,4,1390,1,2,2,1,2
2.02E+12,1,9,0,9,0,8,0,0,0,0,1,1,6,2,38,7,1796,1,4,6,1,6
2.02E+12,1,19,0,7,0,1,0,0,0,0,4,1,1,1,26,6,2198,2,1,2,1,2
2.02E+12,1,9,0,18,0,1,0,0,0,0,1,1,2,2,43,7,1910,2,10,2,1,2
2.02E+12,2,9,0,18,0,1,0,0,0,0,2,1,6,2,66,10,1997,2,1,7,3,7
2.02E+12,1,3,0,18,0,8,0,0,0,0,0,1,6,1,25,5,124,1,2,2,2,2
2.02E+12,1,9,0,9,0,6,0,0,0,0,1,1,6,1,29,6,1596,1,6,10,1,10
2.02E+12,2,9,0,18,0,1,0,0,0,0,4,1,2,2,55,8,2000,2,5,4,2,4
2.02E+12,1,8,0,18,0,2,0,0,0,0,1,1,6,1,55,8,2231,2,5,1,1,1
2.02E+12,1,9,0,7,0,6,0,0,0,0,2,1,2,2,30,6,1560,2,7,5,3,5
2.02E+12,1,9,0,17,0,8,1,0,1,10,1,1,6,1,84,11,1242,1,11,1,1,1
2.02E+12,2,9,0,18,0,8,0,0,0,0,1,1,6,2,35,6,1686,2,10,4,1,4
2.02E+12,1,9,0,16,0,3,1,0,7,1,4,1,6,1,32,6,1242,1,13,5,3,5
2.02E+12,2,9,0,18,0,1,0,0,0,0,4,1,6,2,73,10,1398,1,2,7,3,7
2.02E+12,1,9,0,18,0,2,0,0,0,0,1,1,6,2,18,4,998,1,5,6,2,6
2.02E+12,1,9,0,7,0,8,0,0,0,0,3,1,6,1,27,6,1997,2,14,5,2,5
2.02E+12,2,8,0,9,0,8,0,0,0,0,4,1,1,2,31,6,998,1,10,5,2,5
2.02E+12,1,9,0,18,0,8,5,0,0,0,1,1,2,2,20,4,1360,1,12,6,2,6
2.02E+12,2,9,0,18,0,4,0,0,0,0,4,1,6,1,63,9,1248,1,1,2,1,2
2.02E+12,2,9,0,13,0,1,1,7,8,6,4,1,1,1,42,7,2143,2,2,6,2,6
2.02E+12,1,9,0,7,0,6,0,0,0,0,4,1,6,1,88,11,1598,1,16,4,3,4
2.02E+12,2,9,0,18,1,1,0,0,0,0,4,1,6,1,33,6,1799,1,11,9,1,9
2.02E+12,1,9,0,18,0,2,0,0,0,0,3,1,6,1,30,6,2143,2,5,6,2,6
2.02E+12,1,9,0,5,0,8,0,0,0,0,3,1,6,1,19,4,1596,1,12,1,1,1
2.02E+12,1,9,0,12,0,1,0,0,0,0,4,1,6,1,19,4,1997,2,18,4,2,4
2.02E+12,2,9,0,18,0,1,0,0,0,0,1,1,6,1,45,7,998,1,10,2,1,2
2.02E+12,1,9,0,18,0,1,1,0,0,0,1,1,6,1,34,6,1998,2,15,4,1,4
2.02E+12,2,9,0,9,0,8,0,0,7,0,4,1,6,1,57,9,2982,2,3,8,2,8
2.02E+12,1,5,0,18,0,8,0,0,0,0,1,1,6,1,51,8,999,1,9,6,3,6
2.02E+12,1,9,0,18,0,1,0,4,0,0,3,1,6,1,20,4,1796,1,15,1,1,1
2.02E+12,2,9,0,2,0,1,0,0,0,0,3,1,6,1,20,4,1364,1,11,1,1,1
2.02E+12,3,9,0,2,0,1,0,0,0,0,4,1,6,1,52,8,1560,2,6,1,1,1
2.02E+12,4,19,0,2,0,1,0,0,0,0,1,1,6,2,31,6,2151,2,14,3,1,3
2.02E+12,5,9,0,2,0,1,0,0,0,0,1,1,6,1,33,6,1461,2,4,1,1,1
2.02E+12,1,5,0,18,0,1,0,0,0,0,1,1,6,1,29,6,599,1,11,9,3,9
2.02E+12,2,9,0,4,0,1,0,0,0,0,3,1,6,2,64,9,2494,1,12,5,2,5
2.02E+12,2,9,0,9,0,5,0,0,0,0,0,1,2,1,26,6,1753,2,11,1,1,1
2.02E+12,1,9,0,18,0,2,1,0,7,0,3,1,6,2,32,6,1796,1,14,5,2,5
2.02E+12,2,9,0,9,0,1,0,0,0,0,2,1,6,2,34,6,1896,2,14,8,1,8
2.02E+12,1,9,0,13,0,6,0,0,0,0,1,1,6,2,57,9,2199,2,6,9,1,9
2.02E+12,1,9,0,9,0,8,0,0,0,0,2,1,6,1,56,9,1364,1,11,5,2,5
2.02E+12,2,9,0,18,0,1,0,0,0,0,1,1,6,1,35,6,1997,1,12,9,3,9
2.02E+12,1,9,0,7,0,5,0,4,0,0,1,1,2,1,20,4,1560,2,7,6,1,6
2.02E+12,2,9,0,7,3,1,0,0,0,0,1,1,2,2,38,7,2204,2,8,9,1,9
2.02E+12,1,9,0,9,0,6,1,0,0,0,1,1,6,1,41,7,1560,2,12,3,1,3
2.02E+12,2,9,0,9,0,1,0,0,7,1,1,1,6,2,43,7,2143,2,1,6,3,6
2.02E+12,1,9,0,9,0,2,0,0,0,0,3,1,6,2,38,7,1398,1,6,5,3,5
2.02E+12,1,19,0,18,0,1,0,0,7,9,1,1,1,1,55,8,1461,2,12,9,1,9
2.02E+12,2,9,0,9,0,1,0,0,0,0,3,1,6,1,25,5,1998,2,13,6,3,6
2.02E+12,1,9,0,10,0,1,0,0,7,1,4,1,1,2,36,7,1229,1,9,8,1,8
2.02E+12,1,5,0,18,0,3,1,10,0,0,0,1,6,1,54,8,950,1,16,3,1,3
2.02E+12,1,9,0,9,0,8,0,0,0,0,4,1,2,1,55,8,1992,2,11,2,1,2
2.02E+12,1,9,0,9,0,2,0,0,0,0,0,1,6,2,60,9,1991,2,11,4,3,4
2.02E+12,2,19,0,18,0,8,0,0,0,0,2,1,6,1,47,8,1560,2,8,4,3,4
2.02E+12,3,9,0,18,0,8,0,0,0,0,1,1,6,1,52,8,1597,1,18,8,2,8
2.02E+12,1,9,0,9,0,6,0,0,0,0,1,1,6,1,38,7,1560,2,6,8,3,8
2.02E+12,2,19,0,9,0,5,0,0,0,0,1,1,3,1,56,9,1560,2,3,8,3,8
2.02E+12,2,4,0,18,0,1,0,0,7,0,1,1,6,1,56,9,279,1,9,4,3,4
2.02E+12,3,9,0,18,0,1,0,0,0,0,1,1,2,1,52,8,1968,2,8,2,2,2
2.02E+12,1,5,0,16,0,1,1,0,7,0,3,1,6,1,52,8,1441,1,5,4,1,4
2.02E+12,1,9,0,14,0,1,0,0,0,0,4,1,6,2,79,11,1497,8,4,6,2,6
2.02E+12,1,9,0,18,0,2,0,0,0,0,1,1,6,1,50,8,1997,2,14,8,1,8
2.02E+12,2,9,0,18,0,3,0,0,0,0,1,1,2,1,57,9,1991,2,9,8,1,8
2.02E+12,1,9,0,18,0,1,0,4,0,0,1,1,6,1,67,10,998,1,17,7,1,7
2.02E+12,2,9,0,3,0,1,0,4,0,0,2,1,6,1,47,8,2993,2,6,4,3,4
2.02E+12,1,9,0,9,0,5,0,0,0,0,4,1,6,2,22,5,998,1,3,7,1,7
2.02E+12,2,5,0,18,0,1,1,0,0,0,1,1,6,1,27,6,599,1,15,8,3,8
2.02E+12,1,9,0,18,0,1,0,0,0,0,1,1,6,1,87,11,1595,1,4,7,1,7
2.02E+12,2,9,0,3,0,1,0,0,0,0,2,1,6,1,18,4,1199,1,14,2,1,2
2.02E+12,3,9,4,9,0,1,0,0,0,0,0,1,6,1,69,10,1986,2,11,5,3,5
2.02E+12,1,9,0,18,0,8,0,0,0,0,1,1,6,1,34,6,1896,2,10,6,3,6
2.02E+12,2,19,0,9,0,1,1,0,0,0,2,1,2,1,36,7,1868,2,11,9,3,9
2.02E+12,1,9,0,18,0,3,0,0,1,2,1,1,6,1,28,6,1229,1,5,10,1,10
2.02E+12,2,21,0,18,0,4,0,0,0,0,1,1,1,1,36,7,12900,2,8,2,1,2
2.02E+12,1,9,0,3,0,8,0,0,0,0,1,1,6,1,35,6,1598,1,12,3,2,3
2.02E+12,2,9,0,3,0,8,0,0,0,0,2,1,6,2,23,5,1229,1,1,3,3,3
2.02E+12,3,9,0,3,0,8,0,0,0,0,2,1,6,1,23,5,1799,1,11,1,1,1
2.02E+12,1,9,0,17,0,1,0,0,0,0,1,1,6,1,70,10,2179,2,2,4,1,4
2.02E+12,2,5,0,16,0,1,0,0,0,0,4,1,6,1,51,8,652,1,13,6,3,6
2.02E+12,2,5,0,18,0,3,5,0,0,0,2,1,6,1,62,9,1800,1,10,3,1,3
2.02E+12,2,11,0,5,0,8,0,0,0,0,0,1,1,1,55,8,6700,2,8,8,3,8
2.02E+12,1,9,0,9,0,8,0,0,0,0,4,1,6,1,69,10,1753,2,15,5,1,5
2.02E+12,2,9,0,18,0,8,0,0,0,0,1,1,6,1,65,9,2184,2,11,5,1,5
2.02E+12,1,9,0,9,0,5,0,0,0,0,4,1,6,2,36,7,2993,2,1,6,3,6
2.02E+12,2,9,0,18,0,1,1,0,0,0,1,1,6,2,61,9,1998,1,19,3,1,3
2.02E+12,3,9,0,10,0,2,0,0,0,0,1,1,6,1,45,7,1796,1,17,1,1,1
2.02E+12,1,9,0,16,0,1,0,0,0,0,1,1,2,1,57,9,1995,2,5,5,1,5
2.02E+12,1,9,0,9,0,6,0,0,0,0,1,1,6,2,83,11,1124,1,15,8,1,8
2.02E+12,2,19,0,18,0,1,1,0,0,0,1,1,6,1,53,8,2987,2,7,9,1,9
2.02E+12,1,9,0,18,0,8,0,0,0,1,1,1,6,2,78,11,1390,1,14,4,1,4
2.02E+12,1,9,0,18,0,8,0,0,0,0,1,1,2,1,21,5,999,1,1,7,1,7
2.02E+12,3,9,0,9,0,1,0,0,0,0,2,1,6,1,22,5,1968,2,6,7,1,7
2.02E+12,1,9,0,18,0,1,0,0,0,0,3,1,6,2,29,6,1598,1,7,9,3,9
2.02E+12,1,9,0,5,0,8,0,0,0,0,1,1,6,1,87,11,1753,2,8,9,2,9
2.02E+12,2,8,0,18,0,1,2,0,7,9,2,1,1,1,34,6,1968,2,3,4,1,4
2.02E+12,3,17,5,8,0,1,0,0,0,0,1,1,1,1,16,4,5675,2,30,5,3,5
2.02E+12,1,9,0,9,0,1,0,0,0,0,1,1,6,1,55,8,1796,1,8,4,2,4
2.02E+12,1,9,0,18,0,1,0,0,0,0,1,1,6,1,24,5,1229,1,1,4,1,4
2.02E+12,1,9,0,5,0,4,0,0,0,0,1,1,6,1,64,9,1248,1,8,5,1,5
2.02E+12,1,9,0,5,0,6,0,0,0,0,1,1,6,2,40,7,2204,2,11,8,1,8
2.02E+12,1,9,0,18,0,2,0,0,0,0,1,1,6,1,36,7,1596,1,16,2,1,2
2.02E+12,2,9,0,18,0,1,0,0,1,0,1,1,6,1,60,9,1997,2,8,8,1,8
2.02E+12,2,9,0,12,0,1,0,0,0,0,2,1,2,1,49,8,1242,1,8,6,2,6
2.02E+12,1,4,0,18,0,8,1,0,1,10,3,1,2,1,22,5,499,1,12,4,3,4
2.02E+12,1,5,0,5,0,2,0,0,0,0,1,1,2,1,55,8,1000,1,1,3,1,3
2.02E+12,1,5,0,16,0,1,1,0,0,0,0,1,6,1,32,6,1000,1,15,3,1,3
2.02E+12,1,17,4,9,0,5,0,0,0,0,2,1,2,1,32,6,6596,2,1,5,3,5
2.02E+12,2,5,0,17,0,1,0,0,0,0,1,1,6,1,49,8,1285,1,1,5,3,5
2.02E+12,2,9,0,18,0,1,0,0,0,0,1,1,6,2,27,6,1968,2,9,2,1,2
2.02E+12,2,9,0,18,0,8,0,0,7,11,1,1,6,2,55,8,1398,2,10,9,1,9
2.02E+12,1,9,0,5,0,8,0,0,1,0,1,1,2,2,48,8,1910,2,11,3,1,3
2.02E+12,1,3,0,16,0,1,0,0,0,0,3,1,1,1,22,5,108,1,1,9,1,9
2.02E+12,1,9,0,5,0,4,0,0,0,0,1,1,1,2,49,8,1388,1,8,7,1,7
2.02E+12,1,9,0,5,0,8,0,0,0,0,1,1,1,2,31,6,1398,1,3,3,1,3
2.02E+12,2,19,0,18,0,8,0,0,0,0,1,1,1,1,25,5,2143,2,1,1,1,1
2.02E+12,1,19,0,13,0,8,0,0,7,0,1,1,1,1,55,8,2287,2,5,7,1,7
2.02E+12,2,19,0,18,0,8,0,0,7,11,3,1,1,1,54,8,2143,2,2,8,1,8
2.02E+12,2,9,0,3,0,4,0,0,0,0,2,1,6,2,71,10,1598,1,5,10,3,10
2.02E+12,1,19,0,18,0,1,0,0,0,0,1,1,1,1,45,7,2464,2,11,3,3,3
2.02E+12,2,9,0,9,0,8,0,0,0,0,2,1,2,2,37,7,1995,2,3,1,1,1
2.02E+12,2,9,0,4,0,1,0,0,0,0,2,1,2,2,51,8,1341,1,15,6,3,6
2.02E+12,1,9,0,18,0,8,0,0,0,0,3,1,6,1,44,7,1560,2,8,3,1,3
2.02E+12,1,9,0,5,0,6,0,0,0,0,1,1,6,1,83,11,1396,1,12,6,3,6
2.02E+12,2,9,0,18,0,1,0,0,0,0,4,1,6,1,58,9,1598,1,3,1,1,1
2.02E+12,1,9,0,18,0,8,0,11,0,0,1,1,6,1,53,8,1968,2,5,9,1,9
2.02E+12,1,9,0,9,0,8,1,0,7,0,1,1,2,2,30,6,1248,2,8,2,1,2
2.02E+12,2,9,0,18,0,1,0,0,0,0,1,1,6,1,36,7,2980,2,19,10,1,10
2.02E+12,1,9,0,18,0,1,0,0,0,0,1,1,6,1,17,4,1388,1,14,1,1,1
2.02E+12,2,9,0,4,0,1,0,0,0,0,2,1,2,2,52,8,1490,1,11,4,1,4
2.02E+12,2,9,0,18,0,1,0,0,0,0,1,1,6,2,32,6,1796,1,11,6,2,6
2.02E+12,1,9,0,18,0,1,0,4,0,0,1,1,6,1,47,8,1995,2,12,3,1,3
2.02E+12,2,9,0,18,0,1,0,4,0,0,2,1,6,1,33,6,1598,1,14,1,1,1
2.02E+12,3,9,0,18,0,1,0,4,0,0,2,1,6,1,47,8,1997,2,8,3,1,3
2.02E+12,1,9,0,18,0,1,0,0,0,0,3,1,6,1,47,8,1995,2,12,3,1,3
2.02E+12,1,9,0,18,0,8,0,0,0,0,1,1,6,1,53,8,1997,2,13,5,1,5
2.02E+12,2,9,0,18,0,1,0,0,0,0,1,1,6,2,26,6,1496,1,1,9,2,9
2.02E+12,1,9,0,18,0,8,0,0,0,0,1,1,6,1,62,9,1248,1,1,2,1,2
2.02E+12,1,9,0,5,0,4,0,0,0,0,2,1,6,1,22,5,2799,1,17,9,2,9
2.02E+12,2,9,0,5,0,4,0,0,0,0,1,1,6,2,54,8,1598,1,8,1,1,1
2.02E+12,1,9,0,18,0,1,0,0,0,0,1,1,2,2,33,6,1240,1,11,9,3,9
2.02E+12,2,9,0,18,0,1,0,0,0,0,2,1,2,2,33,6,899,1,3,7,1,7
2.02E+12,1,19,0,18,0,1,0,0,0,0,1,1,2,1,50,8,2402,2,9,5,1,5
2.02E+12,2,9,0,9,0,2,0,0,0,0,2,1,3,1,37,7,1796,1,14,7,2,7
2.02E+12,2,11,0,18,0,1,0,0,0,0,1,1,2,1,47,8,6690,2,2,8,3,8
2.02E+12,1,9,0,16,0,2,0,0,0,0,1,1,6,1,81,11,1998,2,12,5,3,5
2.02E+12,2,9,0,18,0,1,0,0,0,0,4,1,6,2,18,4,1198,1,10,9,2,9
2.02E+12,1,9,0,4,0,1,0,0,0,0,1,1,6,2,40,7,1753,2,11,1,1,1
2.02E+12,2,9,0,3,0,1,0,0,0,0,2,1,2,1,34,6,1910,2,10,2,1,2
2.02E+12,1,9,0,18,0,1,0,0,1,0,4,1,1,1,67,10,1998,1,10,7,1,7
2.02E+12,2,9,0,9,0,6,0,0,1,0,1,1,3,2,29,6,1997,2,9,10,1,10
2.02E+12,1,9,0,18,0,1,0,0,0,0,1,1,6,2,90,11,1598,1,15,6,3,6
2.02E+12,1,9,0,5,0,6,0,0,0,0,4,1,6,1,35,6,2204,2,11,4,3,4
2.02E+12,2,9,0,8,0,4,0,0,0,0,2,1,2,1,23,5,1248,1,8,6,1,6
2.02E+12,1,9,0,18,0,8,5,0,1,0,1,1,1,1,20,4,1124,1,13,1,1,1
2.02E+12,1,9,0,17,0,1,0,0,0,0,1,1,2,1,25,5,1586,1,10,7,3,7
2.02E+12,2,19,0,16,0,1,0,0,0,0,1,1,2,1,30,6,2460,2,9,7,1,7
2.02E+12,2,9,0,18,0,1,0,0,0,0,4,1,6,2,33,6,1149,1,16,3,1,3
2.02E+12,1,9,0,18,0,2,0,0,7,9,1,1,6,2,80,11,1497,8,4,6,2,6
2.02E+12,2,9,0,18,0,1,1,0,0,0,1,1,6,1,26,6,1997,2,15,7,1,7
2.02E+12,1,9,0,2,0,2,0,0,0,0,3,1,6,2,48,8,1995,2,6,8,2,8
2.02E+12,2,9,0,18,0,1,1,0,0,0,0,1,1,2,37,7,1968,2,6,9,3,9
2.02E+12,1,9,0,9,0,1,0,0,0,0,4,1,6,2,54,8,1149,1,15,7,1,7
2.02E+12,1,9,0,9,0,8,0,0,0,0,1,1,6,1,70,10,1968,2,8,6,1,6
2.02E+12,1,21,0,9,0,8,0,0,0,0,1,1,1,1,58,9,12809,2,1,3,1,3
2.02E+12,2,9,0,18,0,8,0,0,0,0,3,1,3,2,50,8,1597,2,2,6,3,6
2.02E+12,2,9,0,18,0,1,0,4,0,0,2,1,2,1,36,7,1390,1,12,7,1,7
2.02E+12,1,9,0,9,0,8,0,0,0,0,4,1,6,2,37,7,1395,1,2,10,1,10
2.02E+12,2,3,0,18,0,1,0,0,0,0,1,1,2,1,59,9,125,1,7,8,1,8
2.02E+12,2,9,0,18,0,2,0,0,1,9,0,1,6,2,36,7,996,1,3,1,3,1
2.02E+12,1,9,0,18,0,3,0,0,2,2,4,1,6,1,26,6,1390,1,18,2,2,2
2.02E+12,2,5,0,18,0,1,0,0,0,0,1,1,6,1,64,9,1340,1,1,4,3,4
2.02E+12,1,9,0,18,0,1,1,0,7,2,1,1,6,2,81,11,1364,1,9,9,2,9
2.02E+12,2,9,0,4,0,1,0,0,0,0,2,1,2,2,56,9,1794,1,14,8,1,8
2.02E+12,1,9,0,18,0,8,0,0,0,0,3,1,6,2,29,6,1997,2,1,5,2,5
2.02E+12,1,9,0,5,0,4,0,0,0,0,3,1,6,2,41,7,1364,1,10,4,1,4
2.02E+12,1,9,0,18,0,2,0,0,0,0,3,1,6,2,31,6,1968,2,5,6,3,6
2.02E+12,2,9,0,18,0,1,0,0,0,0,1,1,6,1,32,6,898,1,3,9,2,9
2.02E+12,1,3,0,18,0,1,0,0,0,0,3,1,6,1,17,4,125,1,7,3,3,3
2.02E+12,1,3,0,18,0,1,1,0,0,0,1,1,6,2,21,5,124,1,7,9,1,9
2.02E+12,2,9,0,9,0,8,0,0,0,0,0,1,1,2,34,6,1349,1,5,3,1,3
2.02E+12,1,9,0,17,0,8,2,0,7,4,2,1,6,2,61,9,1560,2,10,6,1,6
2.02E+12,1,9,0,9,0,8,0,0,0,0,1,1,6,2,19,4,1968,2,8,6,1,6
2.02E+12,2,9,0,17,0,8,0,0,0,0,1,1,2,2,26,6,1598,1,10,7,1,7
2.02E+12,1,21,0,18,0,8,0,0,0,0,1,1,1,1,67,10,5900,2,10,2,1,2
2.02E+12,2,9,0,3,0,8,0,0,0,0,1,1,6,2,60,9,875,1,3,9,1,9
2.02E+12,1,9,0,18,0,1,0,0,0,0,1,1,6,2,32,6,1896,2,14,4,1,4
2.02E+12,2,9,0,2,0,8,0,0,0,0,2,1,6,2,45,7,1248,1,1,8,1,8
2.02E+12,1,9,0,8,0,8,0,0,0,0,3,1,2,2,41,7,1998,1,19,6,1,6
2.02E+12,1,9,0,18,0,6,0,0,0,0,1,1,6,1,44,7,1395,1,2,2,1,2
2.02E+12,2,19,0,18,0,8,0,0,0,0,4,1,2,1,50,8,2494,2,9,1,1,1
2.02E+12,1,9,0,18,0,1,0,0,0,0,1,1,2,1,26,6,1796,1,15,7,1,7
2.02E+12,2,9,0,17,0,1,0,0,0,0,4,1,2,1,39,7,2148,2,15,3,1,3
2.02E+12,1,9,0,18,0,1,0,0,0,0,1,1,6,1,78,11,1299,1,17,8,1,8
2.02E+12,2,9,0,4,0,1,0,0,0,0,2,1,6,2,79,11,1229,1,9,5,1,5
2.02E+12,1,9,0,18,0,1,0,0,0,0,1,1,6,1,23,5,2993,2,13,3,1,3
2.02E+12,2,9,0,4,0,1,0,0,0,0,2,1,6,2,63,9,1422,2,8,8,1,8
2.02E+12,1,9,0,5,0,1,0,0,0,0,1,1,6,1,61,9,2495,2,22,7,3,7
2.02E+12,2,9,0,3,0,2,0,0,0,0,2,1,6,2,46,8,1289,1,18,7,1,7
2.02E+12,3,9,0,18,0,8,0,0,0,0,4,1,6,2,58,9,998,1,3,10,1,10
2.02E+12,1,9,0,18,0,2,0,0,0,0,1,1,6,1,23,5,1896,2,20,3,1,3
2.02E+12,2,9,0,18,0,2,0,0,0,0,2,1,6,2,38,7,1461,2,2,2,2,2
2.02E+12,1,9,0,18,0,1,2,10,1,0,4,1,6,1,18,4,1149,1,10,8,1,8
2.02E+12,1,9,0,5,0,2,0,0,0,0,3,1,6,2,19,4,1197,1,2,6,1,6
2.02E+12,1,3,0,14,0,1,0,0,0,0,1,1,6,1,18,4,124,1,7,5,3,5
2.02E+12,2,9,0,9,0,7,0,0,0,0,2,1,6,1,27,6,1998,1,15,2,1,2
2.02E+12,1,3,0,18,0,1,1,0,0,0,1,1,6,1,21,5,125,1,6,6,1,6
2.02E+12,2,9,0,18,0,1,1,0,0,0,2,1,6,2,54,8,1560,2,6,4,3,4
2.02E+12,1,9,0,18,0,2,0,0,0,0,1,1,6,1,58,9,2685,2,15,8,3,8
2.02E+12,2,9,0,18,0,1,0,0,0,0,1,1,2,2,41,7,1329,1,4,2,1,2
2.02E+12,1,9,0,18,0,2,0,0,7,6,1,1,6,1,62,9,1997,2,7,2,1,2
2.02E+12,2,20,0,18,0,2,0,0,0,0,3,1,1,1,41,7,2287,2,4,6,3,6
2.02E+12,1,9,0,5,0,2,0,0,0,0,1,1,6,1,89,11,1991,2,10,7,3,7
2.02E+12,2,9,0,18,0,1,0,0,0,0,1,1,6,2,27,6,1229,1,12,9,1,9
2.02E+12,1,9,0,9,0,2,0,0,1,0,4,1,6,2,58,9,1395,1,1,4,3,4
2.02E+12,2,19,0,18,0,1,0,0,0,0,1,1,2,1,57,9,2461,2,7,6,1,6
2.02E+12,1,9,0,9,0,1,0,0,0,0,4,1,6,1,41,7,1997,2,10,10,1,10
2.02E+12,2,8,0,18,0,1,0,0,0,0,1,1,2,1,47,8,1998,1,10,5,3,5
2.02E+12,1,9,0,9,7,1,0,0,0,0,2,1,6,2,27,6,1596,1,18,4,1,4
2.02E+12,1,9,0,17,0,5,0,0,3,7,1,1,6,1,38,7,1364,1,11,3,1,3
2.02E+12,1,9,0,18,0,1,0,0,0,0,1,1,6,1,61,9,1560,2,4,8,1,8
2.02E+12,1,9,0,18,0,1,0,0,0,0,1,1,6,1,71,10,1598,1,10,4,3,4
2.02E+12,1,5,0,18,0,1,2,0,0,0,1,1,2,1,25,5,649,1,5,3,1,3
2.02E+12,1,5,0,15,0,1,1,0,0,0,4,1,6,1,73,10,1063,1,15,3,1,3
2.02E+12,2,9,0,8,0,6,0,0,0,0,2,2,2,2,50,8,1871,2,16,4,3,4
2.02E+12,1,9,0,5,0,2,0,0,0,0,4,1,6,2,81,11,998,1,5,8,3,8
2.02E+12,1,9,0,18,0,1,0,0,0,0,1,1,6,2,27,6,1997,2,12,4,3,4
2.02E+12,1,9,0,18,0,1,0,0,6,0,1,1,6,1,52,8,1242,1,16,9,1,9
2.02E+12,2,9,0,18,0,1,0,0,0,0,1,1,6,2,46,8,1598,1,2,1,2,1
2.02E+12,2,9,0,17,0,8,0,0,0,0,4,1,6,1,56,9,1997,2,4,5,2,5
2.02E+12,1,9,0,18,0,8,5,0,0,0,4,1,6,1,22,5,1248,2,11,2,1,2
2.02E+12,1,5,0,13,0,1,0,0,7,0,1,1,6,1,45,7,750,1,11,7,1,7
2.02E+12,2,9,0,9,0,1,0,0,0,0,2,1,2,1,19,4,1390,1,4,4,1,4
2.02E+12,1,9,0,18,0,8,0,0,0,0,1,1,6,1,25,5,1560,2,2,4,3,4
2.02E+12,2,9,0,4,6,1,0,0,0,0,2,1,6,2,42,7,1360,1,15,5,2,5
2.02E+12,2,9,0,18,0,1,0,0,0,0,1,1,1,1,46,8,1598,2,1,10,2,10
2.02E+12,3,9,0,3,0,1,0,0,0,0,1,1,6,2,27,6,999,1,4,6,2,6
2.02E+12,1,9,0,18,0,1,0,0,0,0,3,1,6,2,23,5,1242,1,11,8,3,8
2.02E+12,1,9,0,18,0,1,0,0,0,0,1,1,6,2,35,6,1598,1,15,2,1,2
2.02E+12,2,9,0,9,0,1,0,0,0,0,2,1,6,1,32,6,2199,2,8,2,1,2
2.02E+12,2,3,0,9,0,6,0,0,0,0,1,1,6,1,34,6,124,1,3,10,1,10
2.02E+12,1,9,0,18,0,1,0,0,0,0,1,1,6,1,35,6,1995,2,12,4,1,4
2.02E+12,2,9,0,3,0,8,0,0,0,0,2,1,6,1,20,4,1360,1,11,3,3,3
2.02E+12,3,9,0,10,0,8,0,0,0,0,2,1,2,2,49,8,1896,2,15,6,1,6
2.02E+12,1,9,0,9,0,5,0,0,0,0,3,1,6,1,37,7,1299,1,16,2,1,2
2.02E+12,2,9,0,13,0,1,0,0,0,0,4,1,6,1,17,4,999,1,3,7,3,7
2.02E+12,1,8,0,18,0,2,0,0,0,0,1,1,1,1,39,7,1560,2,5,1,1,1
2.02E+12,2,9,0,8,0,1,0,0,0,0,2,1,2,2,36,7,1560,2,7,8,1,8
2.02E+12,1,9,0,9,0,1,0,0,0,0,1,1,6,2,40,7,1596,1,16,1,1,1
2.02E+12,2,3,0,18,0,1,0,0,0,0,3,1,6,1,17,4,125,1,4,2,3,2
2.02E+12,1,9,0,9,0,8,0,0,0,0,1,1,6,1,50,8,1997,2,14,8,1,8
2.02E+12,2,5,0,18,0,1,1,0,7,0,1,1,6,2,61,9,599,1,17,6,1,6
2.02E+12,1,9,0,16,0,1,1,0,7,4,3,1,6,2,18,4,1240,1,13,3,1,3
2.02E+12,1,9,0,13,0,8,0,0,0,0,3,1,4,2,39,7,1360,1,13,3,1,3
2.02E+12,2,9,0,18,0,1,0,0,0,0,1,1,6,2,50,8,1560,2,6,5,3,5
2.02E+12,1,9,0,5,9,6,0,0,0,0,1,1,1,1,41,7,1560,2,4,7,3,7
2.02E+12,2,9,0,18,0,1,0,10,1,3,1,1,2,1,22,5,1598,1,11,4,3,4
2.02E+12,1,9,0,7,0,6,0,0,0,0,4,1,4,1,26,6,1999,1,4,7,1,7
2.02E+12,1,9,0,18,0,1,0,0,0,0,1,1,6,1,47,8,1896,2,11,1,1,1