Accident_Index,Vehicle_Reference,Vehicle_Type,Towing_and_Articulation,Vehicle_Manoeuvre,Vehicle_Location-Restricted_Lane,Junction_Location,Skidding_and_Overturning,Hit_Object_in_Carriageway,Vehicle_Leaving_Carriageway,Hit_Object_off_Carriageway,1st_Point_of_Impact,Was_Vehicle_Left_Hand_Drive?,Journey_Purpose_of_Driver,Sex_of_Driver,Age_of_Driver,Age_Band_of_Driver,Engine_Capacity_(CC),Propulsion_Code,Age_of_Vehicle,Driver_IMD_Decile,Driver_Home_Area_Type,Vehicle_IMD_Decile
2.02E+12,1,3,0,17,0,3,1,0,0,0,3,1,1,1,21,5,123,1,2,8,2,8
2.02E+12,1,9,0,5,0,2,0,0,0,0,1,1,6,2,64,9,998,1,8,5,2,5
2.02E+12,2,9,0,18,0,1,0,0,0,0,1,1,6,2,50,8,1598,2,6,8,3,8
2.02E+12,1,9,0,18,0,1,0,0,0,0,0,1,6,2,32,6,1461,2,3,2,1,2
2.02E+12,2,9,0,18,0,1,0,0,0,0,0,1,6,2,37,7,1149,1,14,2,1,2
2.02E+12,1,9,0,17,0,1,1,0,0,0,1,1,6,1,19,4,1246,1,11,6,2,6
2.02E+12,2,9,0,17,0,1,1,0,1,0,4,1,6,1,50,8,1000,1,17,5,1,5
2.02E+12,1,9,0,18,0,1,0,0,0,0,1,1,6,1,77,11,1796,1,15,8,1,8
2.02E+12,2,19,0,18,0,2,0,0,0,0,2,1,6,1,48,8,2494,2,11,7,1,7
2.02E+12,1,9,0,16,0,8,1,0,0,0,3,1,6,2,65,9,1796,1,8,1,1,1
2.02E+12,2,9,0,17,0,8,1,0,0,0,3,1,6,1,34,6,1998,1,8,1,2,1
2.02E+12,1,9,0,18,0,1,0,0,7,0,3,1,6,1,22,5,1686,2,12,1,1,1
2.02E+12,1,9,0,17,0,8,0,11,0,0,3,1,6,2,24,5,1398,1,2,6,1,6
2.02E+12,1,9,0,9,0,1,0,0,0,0,1,1,2,1,45,7,1796,1,8,7,2,7
2.02E+12,2,9,0,18,0,1,0,0,0,0,4,1,6,2,64,9,1968,2,4,7,2,7
2.02E+12,1,3,0,16,0,8,0,0,0,0,3,1,6,1,50,8,125,1,37,8,3,8
2.02E+12,2,9,0,17,0,8,0,0,0,0,3,1,6,1,62,9,1798,1,4,6,2,6
2.02E+12,1,9,0,18,0,2,0,0,0,0,1,1,6,1,27,6,998,1,2,3,1,3
2.02E+12,1,9,0,14,0,1,0,0,0,0,3,1,2,1,68,10,1699,1,12,8,1,8
2.02E+12,2,5,0,13,0,1,0,0,0,0,4,1,6,1,50,8,865,1,1,3,3,3
2.02E+12,1,9,0,9,0,8,0,0,0,0,1,1,6,1,65,9,1999,1,9,7,1,7
2.02E+12,2,9,0,18,0,8,0,0,0,0,1,1,6,1,57,9,1598,1,11,9,2,9
2.02E+12,1,9,0,18,0,1,0,0,0,0,1,1,6,1,20,4,1781,1,14,4,2,4
2.02E+12,2,9,0,18,0,1,0,0,0,0,1,1,6,1,29,6,1596,1,8,6,1,6
2.02E+12,1,9,0,18,0,1,0,0,0,0,1,1,2,1,53,8,1995,2,3,8,1,8
2.02E+12,2,9,0,18,0,1,0,0,0,0,1,1,3,2,36,7,1591,1,5,8,1,8
2.02E+12,2,9,0,18,0,1,0,0,0,0,2,1,6,1,50,8,1896,2,8,8,1,8
2.02E+12,1,9,0,9,0,8,0,0,0,0,1,1,6,1,35,6,1997,2,10,3,1,3
2.02E+12,2,9,0,18,0,8,0,0,0,0,1,1,6,1,24,5,1598,1,11,2,1,2
2.02E+12,1,9,0,18,0,8,0,0,0,0,3,1,6,1,27,6,1496,1,2,10,1,10
2.02E+12,2,9,0,18,0,8,1,0,0,0,4,1,6,2,33,6,1349,1,2,7,2,7
2.02E+12,1,9,0,10,0,5,1,0,0,0,4,1,6,2,25,5,1398,1,3,3,3,3
2.02E+12,2,9,0,18,0,8,1,0,0,0,1,1,6,1,23,5,1968,2,11,10,1,10
2.02E+12,1,9,0,9,0,1,0,0,0,0,1,1,6,2,38,7,1598,1,7,5,2,5
2.02E+12,1,5,0,15,0,1,5,0,0,0,3,1,6,1,22,5,805,1,18,5,2,5
2.02E+12,2,9,0,7,0,1,0,0,0,0,4,1,2,1,33,6,1968,2,4,4,1,4
2.02E+12,2,9,0,18,0,1,0,0,0,0,1,1,6,2,23,5,1299,1,12,6,3,6
2.02E+12,1,3,0,18,0,3,0,0,0,0,1,1,2,2,24,5,125,1,1,7,1,7
2.02E+12,2,9,0,3,0,1,0,0,0,0,2,1,6,2,38,7,1360,1,11,4,3,4
2.02E+12,2,9,0,18,0,1,1,0,0,0,3,1,6,1,34,6,1995,2,6,2,1,2
2.02E+12,2,5,0,18,0,1,0,0,0,0,0,1,6,1,42,7,954,1,14,3,1,3
2.02E+12,2,19,0,2,0,2,0,0,0,0,1,1,6,1,36,7,1996,2,6,5,2,5
2.02E+12,1,19,0,18,0,1,0,0,0,0,1,1,2,1,38,7,2488,2,11,2,1,2
2.02E+12,2,9,0,4,0,1,0,0,0,0,2,1,2,1,26,6,1896,2,15,6,1,6
2.02E+12,2,9,0,18,0,8,0,0,0,0,3,1,6,2,46,8,1896,2,11,4,3,4
2.02E+12,3,9,0,18,0,8,0,0,0,0,1,1,2,2,19,4,1240,1,11,4,3,4
2.02E+12,2,9,0,8,0,1,0,0,0,0,2,1,6,1,42,7,1598,2,7,4,3,4
2.02E+12,1,9,0,7,0,2,0,0,0,0,1,1,6,2,43,7,2204,2,8,2,1,2
2.02E+12,2,9,0,4,0,2,0,0,0,0,2,1,6,2,35,6,1995,2,10,1,1,1
2.02E+12,1,9,0,7,0,6,0,0,0,0,1,1,6,2,35,6,1461,2,7,7,1,7
2.02E+12,2,4,0,18,0,1,0,0,0,0,4,1,6,1,57,9,125,1,5,10,1,10
2.02E+12,1,9,0,18,0,8,0,0,0,0,3,1,2,1,24,5,1968,2,6,7,3,7
2.02E+12,1,9,0,18,0,6,0,0,0,0,3,1,6,1,47,8,1242,1,6,6,3,6
2.02E+12,2,9,0,18,0,8,0,0,0,0,1,1,6,2,65,9,1598,1,13,10,1,10
2.02E+12,2,9,0,18,0,1,0,0,0,0,2,1,6,2,23,5,1120,2,1,5,2,5
2.02E+12,1,9,0,18,0,3,0,0,1,11,0,1,6,1,56,9,2497,2,8,8,3,8
2.02E+12,2,9,0,4,0,8,0,0,0,0,2,1,6,2,54,8,1596,1,13,7,1,7
2.02E+12,1,9,0,9,0,8,0,0,0,0,4,1,6,2,67,10,1560,2,8,1,1,1
2.02E+12,2,2,0,18,0,1,0,0,0,0,1,1,6,1,17,4,49,1,1,2,1,2
2.02E+12,2,9,0,3,0,1,0,0,0,0,2,1,6,2,65,9,1582,2,10,8,3,8
2.02E+12,3,9,0,3,0,1,0,0,0,0,2,1,6,2,49,8,1997,2,1,5,2,5
2.02E+12,1,9,0,18,0,4,0,0,0,0,1,1,6,1,74,10,1968,2,6,6,1,6
2.02E+12,2,9,5,18,0,3,0,0,0,0,4,1,6,1,41,7,1388,1,7,3,1,3
2.02E+12,2,9,0,18,0,2,0,0,1,0,4,1,6,1,37,7,1598,1,3,5,3,5
2.02E+12,1,9,0,3,0,6,5,0,3,1,3,1,2,1,32,6,1997,2,1,7,2,7
2.02E+12,2,9,0,18,0,1,0,0,7,0,1,1,2,1,63,9,1997,2,9,7,1,7
2.02E+12,1,9,0,9,0,8,0,0,0,0,1,1,6,1,42,7,2497,2,12,9,2,9
2.02E+12,2,9,0,18,0,8,0,0,0,0,1,1,6,2,31,6,1360,1,11,3,3,3
2.02E+12,3,9,0,10,0,8,0,0,0,0,1,1,6,2,36,7,1587,1,11,10,2,10
2.02E+12,1,9,0,9,0,8,0,0,0,0,1,1,6,2,40,7,1598,2,2,6,2,6
2.02E+12,2,5,0,18,0,1,1,0,0,0,1,1,6,1,31,6,1084,1,18,4,1,4
2.02E+12,1,9,0,18,0,8,0,0,0,0,0,1,2,2,34,6,1461,2,2,3,1,3
2.02E+12,2,9,0,18,0,8,0,0,0,0,3,1,6,1,72,10,1560,2,5,5,3,5
2.02E+12,1,9,0,18,0,1,0,0,0,0,2,1,1,2,28,6,1560,2,7,3,1,3
2.02E+12,2,9,0,2,0,1,0,0,0,0,0,1,1,1,28,6,1596,1,1,8,3,8
2.02E+12,1,9,0,9,0,6,0,0,0,0,1,1,2,1,36,7,1956,2,5,2,1,2
2.02E+12,1,9,0,9,0,5,0,0,0,0,1,1,6,1,56,9,1242,1,14,5,2,5
2.02E+12,2,9,0,18,0,1,0,0,0,0,1,1,6,1,23,5,1360,1,9,5,3,5
2.02E+12,1,9,0,18,0,2,0,0,0,0,4,1,6,1,31,6,1796,1,12,4,1,4
2.02E+12,1,19,0,4,0,1,0,0,1,4,1,1,6,1,42,7,2148,2,7,1,1,1
2.02E+12,1,21,0,4,0,1,1,0,0,0,1,1,1,1,57,9,12419,2,4,6,3,6
2.02E+12,2,9,0,9,0,8,0,0,0,0,2,1,3,2,29,6,1560,2,7,4,3,4
2.02E+12,1,9,0,9,0,6,0,0,0,0,1,1,6,1,21,5,1398,1,5,5,1,5
2.02E+12,2,9,0,16,0,8,0,0,0,0,3,1,2,2,51,8,1240,1,7,5,1,5
2.02E+12,1,9,0,16,0,2,2,0,7,3,3,1,2,2,27,6,1229,1,11,4,3,4
2.02E+12,1,9,0,18,0,2,0,0,7,3,1,1,6,2,50,8,1390,1,14,1,1,1
2.02E+12,1,9,0,18,0,1,0,0,0,0,1,1,6,2,25,5,1461,2,3,9,1,9
2.02E+12,2,9,0,9,0,1,0,0,0,0,1,1,6,2,70,10,1596,1,16,5,3,5
2.02E+12,2,9,0,10,0,8,0,0,0,0,2,1,2,2,42,7,1595,1,13,7,2,7
2.02E+12,1,9,0,18,0,8,0,0,0,0,3,1,6,1,69,10,1598,1,9,1,1,1
2.02E+12,2,9,0,18,0,8,0,0,0,0,3,1,6,2,50,8,1248,2,5,2,1,2
2.02E+12,1,9,0,7,0,8,0,0,0,0,1,1,6,1,38,7,998,1,4,6,1,6
2.02E+12,1,9,0,18,0,1,0,0,0,0,4,1,6,1,66,10,1242,1,8,1,1,1
2.02E+12,2,9,0,18,0,1,0,0,0,0,1,1,6,2,23,5,1388,1,7,6,1,6
2.02E+12,2,9,0,18,0,1,0,0,0,0,1,1,6,1,87,11,1198,1,3,10,2,10
2.02E+12,1,3,0,18,0,1,0,0,0,0,1,1,2,1,28,6,125,1,6,2,1,2
2.02E+12,2,9,0,10,0,1,0,0,0,0,2,1,6,2,46,8,1997,2,15,3,1,3
2.02E+12,1,9,0,18,0,1,0,0,0,0,1,1,6,1,36,7,2967,1,16,8,1,8
2.02E+12,2,9,0,18,0,1,0,0,0,0,2,1,6,1,46,8,1242,1,11,9,1,9
2.02E+12,1,9,0,18,0,1,0,7,0,1,1,1,6,2,26,6,1560,2,3,4,3,4
2.02E+12,2,9,0,18,0,1,0,0,0,0,0,1,6,1,46,8,1997,2,10,5,1,5
2.02E+12,1,9,0,18,0,2,0,0,0,0,1,1,6,1,58,9,1910,2,9,1,1,1
2.02E+12,1,11,0,18,0,1,0,0,0,0,1,1,3,1,50,8,8300,2,10,7,2,7
2.02E+12,2,9,0,9,0,6,0,0,0,0,3,1,6,1,58,9,1364,1,10,10,2,10
2.02E+12,2,9,0,18,0,2,0,0,0,0,2,1,2,2,36,7,1200,1,2,5,1,5
2.02E+12,1,9,0,18,0,1,0,0,0,0,1,1,2,2,55,8,1598,2,4,5,3,5
2.02E+12,1,9,0,18,0,1,0,0,1,4,1,1,6,2,65,9,2979,1,14,10,3,10
2.02E+12,1,19,0,9,0,6,0,0,0,0,1,1,1,1,71,10,1298,1,12,5,3,5
2.02E+12,1,9,0,9,0,5,0,0,0,0,4,1,6,2,22,5,1686,2,12,5,3,5
2.02E+12,2,9,0,18,0,1,0,0,0,0,1,1,6,2,52,8,1397,1,17,8,1,8
2.02E+12,1,9,3,1,0,2,0,0,0,0,2,1,6,1,71,10,1598,2,6,4,2,4
2.02E+12,1,9,0,5,0,1,0,0,0,0,1,1,2,2,24,5,1995,2,8,2,1,2
2.02E+12,2,9,0,4,0,1,0,0,0,0,2,1,6,2,56,9,1686,2,4,9,3,9
2.02E+12,3,9,0,10,0,1,0,0,0,0,2,1,6,1,35,6,1560,2,12,3,1,3
2.02E+12,1,19,0,18,0,3,0,0,0,0,3,1,2,1,43,7,1868,2,14,2,1,2
2.02E+12,2,9,0,18,0,8,0,0,0,0,3,1,6,2,39,7,1986,2,10,7,3,7
2.02E+12,1,5,0,18,0,4,0,0,0,0,1,1,6,1,30,6,900,1,1,4,1,4
2.02E+12,2,5,0,4,0,3,0,0,0,0,2,1,6,1,29,6,865,1,2,4,1,4
2.02E+12,1,11,0,18,0,6,0,0,0,0,0,1,1,2,27,6,9000,2,8,1,1,1
2.02E+12,1,9,0,5,0,6,0,0,0,0,1,1,6,1,20,4,1798,1,12,1,1,1
2.02E+12,2,9,0,18,0,1,1,0,1,9,1,1,6,1,78,11,1318,1,1,3,3,3
2.02E+12,1,9,0,6,0,1,0,0,0,0,3,1,6,1,40,7,1598,1,13,3,1,3
2.02E+12,2,19,0,18,0,1,0,0,0,0,1,1,6,1,23,5,2198,2,8,6,2,6
2.02E+12,2,9,0,17,0,2,0,0,7,0,1,1,6,2,76,11,1598,1,1,4,3,4
2.02E+12,2,9,0,18,0,1,0,0,0,0,1,1,6,2,53,8,1149,1,9,8,1,8
2.02E+12,1,9,0,9,0,1,0,0,0,0,4,1,6,1,70,10,1299,1,16,4,1,4
2.02E+12,1,9,0,9,0,8,0,0,0,0,0,1,6,2,46,8,1796,1,7,10,1,10
2.02E+12,1,9,0,9,0,8,0,0,0,0,1,1,6,1,45,7,1968,2,7,8,1,8
2.02E+12,2,9,0,18,0,8,0,0,0,0,1,1,2,1,28,6,1968,2,4,8,3,8
2.02E+12,1,9,0,18,0,2,0,0,0,0,1,1,6,2,18,4,1248,2,9,2,3,2
2.02E+12,2,9,0,18,0,4,0,0,0,0,2,1,6,2,58,9,1422,2,8,9,2,9
2.02E+12,1,9,0,18,0,1,0,0,0,0,1,1,6,1,43,7,1399,2,9,3,3,3
2.02E+12,1,9,0,18,0,2,1,0,1,3,3,1,6,1,20,4,1229,1,12,5,3,5
2.02E+12,1,9,0,5,0,8,0,0,0,0,3,1,6,1,18,4,1368,1,10,8,2,8
2.02E+12,2,9,0,18,0,2,0,0,0,0,1,1,6,2,22,5,1398,2,4,2,3,2
2.02E+12,1,9,0,5,0,4,0,0,0,0,1,1,6,1,17,4,1398,2,13,3,1,3
2.02E+12,2,9,0,18,0,4,0,0,0,0,2,1,6,1,19,4,698,1,14,7,3,7
2.02E+12,1,9,0,18,0,1,0,0,0,0,1,1,6,2,55,8,1498,1,1,9,3,9
2.02E+12,1,9,0,9,0,1,0,0,0,0,3,1,6,2,17,4,1360,1,10,7,1,7
2.02E+12,2,5,0,13,0,1,0,0,0,0,4,1,6,1,29,6,883,1,11,2,1,2
2.02E+12,1,2,0,18,0,6,0,0,0,0,4,1,6,2,52,8,781,1,17,7,1,7
2.02E+12,1,9,0,5,0,6,1,0,0,0,1,1,6,1,81,11,1598,2,1,9,2,9
2.02E+12,1,9,0,18,0,2,0,0,0,0,1,1,6,1,72,10,1364,1,2,8,2,8
2.02E+12,1,9,0,3,0,1,0,0,0,0,2,1,6,2,60,9,1240,1,10,3,1,3
2.02E+12,1,3,0,18,0,8,1,0,3,0,1,1,6,1,21,5,124,1,2,7,3,7
2.02E+12,1,9,0,18,0,1,0,0,0,0,4,1,3,2,28,6,1560,2,4,8,1,8
2.02E+12,1,19,0,16,0,8,0,0,0,0,1,1,1,1,24,5,2298,2,3,2,1,2
2.02E+12,2,19,0,16,0,1,0,0,0,0,1,1,1,1,55,8,1995,2,3,1,3,1
2.02E+12,1,3,0,7,0,5,2,10,1,0,1,1,6,1,24,5,124,1,2,9,1,9
2.02E+12,1,9,0,7,0,1,0,0,0,1,1,1,6,2,65,9,2967,2,1,9,1,9
2.02E+12,1,9,0,17,9,1,0,0,2,1,1,1,6,2,33,6,1560,2,6,1,2,1
2.02E+12,1,9,0,18,0,1,0,0,0,0,4,1,6,1,55,8,1598,1,15,1,1,1
2.02E+12,1,8,0,4,0,1,0,0,0,0,0,1,1,1,63,9,1997,2,6,8,1,8
2.02E+12,2,9,0,18,0,2,0,0,0,0,1,1,2,2,66,10,1318,1,2,1,1,1
2.02E+12,1,9,0,3,0,1,0,0,0,0,2,1,1,1,36,7,1968,2,3,9,3,9
2.02E+12,2,9,0,18,0,1,0,0,0,0,1,1,6,1,24,5,1242,1,17,5,1,5
2.02E+12,1,9,0,18,0,2,0,0,1,0,1,1,6,1,19,4,998,1,4,9,3,9
2.02E+12,2,9,0,4,0,8,0,0,1,0,2,1,1,1,62,9,1968,2,2,1,3,1
2.02E+12,1,90,0,18,0,1,0,0,0,0,4,1,1,1,49,8,6370,2,6,6,1,6
2.02E+12,1,9,0,5,0,2,0,0,0,0,1,1,6,2,55,8,1248,1,2,4,2,4
2.02E+12,1,9,0,18,0,8,1,11,1,4,3,1,1,1,25,5,2143,2,3,6,2,6
2.02E+12,2,9,0,18,0,1,0,11,7,1,4,1,6,1,73,10,2987,2,6,8,3,8
2.02E+12,1,9,0,18,0,1,0,0,0,0,3,1,6,1,81,11,1895,1,16,7,2,7
2.02E+12,2,9,0,18,0,1,1,0,0,0,1,1,6,1,22,5,2979,1,10,3,3,3
2.02E+12,1,9,0,9,0,6,0,0,0,0,1,1,6,2,21,5,1997,2,12,4,1,4
2.02E+12,2,9,0,17,0,1,5,0,0,0,1,1,6,1,76,11,1339,1,4,2,3,2
2.02E+12,1,3,0,5,0,1,0,0,0,0,1,1,6,1,17,4,124,1,1,1,1,1
2.02E+12,1,9,0,9,0,2,0,0,0,0,1,1,6,2,73,10,1242,1,12,9,2,9
2.02E+12,2,9,0,18,0,8,0,0,0,0,3,1,6,2,18,4,1341,1,12,1,1,1
2.02E+12,2,9,0,18,0,7,0,0,0,0,4,1,6,1,28,6,1229,1,9,7,1,7
2.02E+12,1,9,0,18,0,2,0,4,0,0,4,1,6,1,51,8,1597,2,1,1,1,1
2.02E+12,2,9,0,13,0,8,0,10,0,0,4,1,6,1,24,5,2143,2,5,2,1,2
2.02E+12,1,9,0,18,0,2,5,7,0,7,4,1,6,1,25,5,1995,2,10,7,3,7
2.02E+12,2,9,0,18,0,2,0,0,0,0,0,1,6,2,37,7,1686,2,3,4,1,4
2.02E+12,1,9,0,9,0,8,0,0,0,0,1,1,6,1,69,10,1598,2,2,2,1,2
2.02E+12,1,9,0,18,0,1,0,0,7,11,1,1,6,2,28,6,1686,2,12,5,3,5
2.02E+12,1,2,0,18,0,8,0,0,0,0,4,1,2,1,17,4,49,1,13,8,1,8
2.02E+12,2,9,0,9,0,1,0,0,0,0,3,1,1,2,22,5,1598,2,4,7,1,7
2.02E+12,1,9,0,7,0,2,0,0,3,0,1,1,6,1,69,10,1598,1,10,1,1,1
2.02E+12,2,9,0,18,0,1,0,0,0,0,1,1,6,2,49,8,1598,2,4,10,1,10
2.02E+12,1,9,0,9,0,8,0,0,0,0,1,1,6,1,20,4,1799,1,11,3,1,3
2.02E+12,1,9,0,18,0,1,0,0,7,9,1,1,6,2,78,11,1339,1,10,10,1,10
2.02E+12,2,9,0,9,0,1,0,0,1,0,1,1,6,2,50,8,1753,2,11,5,3,5
2.02E+12,1,9,0,9,0,1,0,0,0,0,4,1,6,1,78,11,1124,1,13,3,1,3
2.02E+12,1,9,0,17,0,1,0,0,0,0,1,1,6,1,50,8,1364,1,2,6,1,6
2.02E+12,2,9,0,10,0,8,0,0,0,0,3,1,6,2,44,7,1596,1,16,9,3,9
2.02E+12,1,9,0,14,0,1,0,4,0,0,1,1,6,1,35,6,1596,1,15,5,3,5
2.02E+12,2,9,0,2,0,1,0,0,0,0,1,1,6,2,24,5,998,1,3,3,1,3
2.02E+12,1,9,0,18,0,6,0,0,0,0,3,1,6,1,52,8,1248,2,9,6,3,6
2.02E+12,2,9,0,18,0,1,0,0,0,0,0,1,6,2,52,8,998,1,3,8,1,8
2.02E+12,2,19,0,9,0,5,0,0,0,0,3,1,1,1,58,9,2402,2,9,4,3,4
2.02E+12,1,9,0,18,0,1,5,0,0,9,1,1,6,1,21,5,1998,1,18,6,3,6
2.02E+12,2,9,0,18,0,1,0,0,0,0,1,1,6,2,31,6,1995,2,12,6,1,6
2.02E+12,1,19,0,5,0,4,0,0,0,0,1,1,6,1,61,9,2148,2,12,6,1,6
2.02E+12,2,9,0,18,0,8,0,0,0,0,4,1,6,2,29,6,1390,1,8,3,1,3
2.02E+12,1,3,0,9,0,2,2,0,0,0,3,1,6,1,52,8,125,1,1,2,1,2
2.02E+12,2,5,0,18,0,1,0,0,0,0,1,1,6,1,45,7,998,1,11,6,3,6
2.02E+12,1,9,0,4,0,8,0,0,0,0,2,1,6,1,32,6,2497,2,15,3,1,3
2.02E+12,2,9,0,18,0,8,0,0,0,0,1,1,6,2,36,7,1997,2,12,9,3,9
2.02E+12,1,9,0,18,0,2,5,10,3,9,1,1,6,2,40,7,1995,2,2,8,1,8
2.02E+12,2,9,0,18,0,2,0,0,0,0,3,1,6,2,35,6,1753,2,10,4,1,4
2.02E+12,1,9,0,5,0,4,0,0,0,0,4,1,6,1,28,6,1994,1,12,10,1,10
2.02E+12,2,5,0,5,0,4,0,0,0,0,3,1,6,1,51,8,1164,1,13,8,1,8
2.02E+12,1,9,0,5,0,6,1,0,0,0,1,1,6,1,87,11,1797,8,3,9,3,9
2.02E+12,1,9,0,17,0,6,0,0,0,0,1,1,6,2,23,5,1397,1,16,3,1,3
2.02E+12,2,5,0,18,0,1,1,0,0,0,4,1,6,1,31,6,598,1,20,7,1,7
2.02E+12,1,5,0,18,0,1,1,0,0,0,4,1,6,1,28,6,998,1,15,5,1,5
2.02E+12,2,9,0,5,0,6,0,0,0,0,3,1,6,2,33,6,1560,2,8,4,1,4
2.02E+12,1,9,0,5,0,6,0,0,0,0,3,1,6,2,45,7,1598,1,15,3,1,3
2.02E+12,2,5,0,14,0,1,0,0,0,0,1,1,6,1,53,8,999,1,6,10,2,10
2.02E+12,2,9,0,9,0,5,0,0,0,0,2,1,2,2,60,9,1242,1,3,5,3,5
2.02E+12,1,9,0,9,0,6,0,0,1,10,2,1,6,2,70,10,1598,1,3,4,1,4
2.02E+12,2,9,0,18,0,1,1,0,0,0,1,1,1,1,32,6,1686,2,3,1,1,1
2.02E+12,1,9,0,9,0,1,0,0,0,0,1,1,6,2,61,9,1999,1,5,7,1,7
2.02E+12,2,9,0,18,0,2,0,0,0,0,1,1,6,1,64,9,1360,1,12,4,1,4
2.02E+12,2,9,0,3,0,4,0,0,0,0,2,1,6,1,55,8,2149,2,10,7,3,7
2.02E+12,2,9,0,18,0,4,0,0,0,0,2,1,6,2,41,7,1598,2,2,9,3,9
2.02E+12,1,9,0,7,0,1,0,0,0,0,1,1,6,1,53,8,1995,2,2,9,2,9
2.02E+12,2,9,0,2,0,1,0,0,0,0,1,1,6,2,53,8,1248,2,11,1,1,1
2.02E+12,2,9,0,3,0,3,0,0,0,0,2,1,6,2,56,9,998,1,11,3,1,3
2.02E+12,1,9,0,5,0,6,0,0,0,0,1,1,6,2,24,5,1618,1,3,3,1,3
2.02E+12,1,9,0,7,0,8,0,0,0,0,3,1,6,1,24,5,1997,2,7,5,3,5
2.02E+12,2,9,0,9,0,8,0,0,0,0,3,1,6,2,37,7,1398,1,16,5,3,5
2.02E+12,2,9,0,18,0,8,0,0,0,0,1,1,6,2,57,9,1797,8,7,8,1,8
2.02E+12,1,9,0,9,0,1,0,0,0,0,1,1,6,2,78,11,998,1,4,10,1,10
2.02E+12,2,9,0,18,0,1,0,0,0,0,1,1,6,2,56,9,1461,2,7,8,2,8
2.02E+12,2,5,0,13,0,3,0,0,0,0,1,1,6,1,29,6,689,1,1,5,1,5
2.02E+12,2,9,0,16,0,8,0,0,0,0,2,1,6,1,68,10,1796,1,8,3,1,3
2.02E+12,1,9,0,8,0,4,0,0,0,0,2,1,6,2,19,4,973,1,14,5,1,5
2.02E+12,1,9,0,14,0,2,5,0,7,0,1,1,6,1,72,10,1368,1,5,9,2,9
2.02E+12,2,9,0,9,0,1,0,0,7,0,3,1,6,2,24,5,1461,2,5,7,1,7
2.02E+12,1,9,0,18,0,1,0,0,0,0,1,1,6,1,81,11,2290,1,18,9,3,9
2.02E+12,2,9,0,10,0,8,0,0,0,0,3,1,6,2,65,9,2980,2,20,5,3,5
2.02E+12,2,9,0,18,0,1,0,0,0,0,0,1,6,2,35,6,1998,2,10,4,3,4
2.02E+12,1,9,0,9,0,5,0,0,0,0,2,1,6,1,29,6,1956,2,2,5,1,5
2.02E+12,1,20,0,18,0,1,0,0,0,0,1,1,1,1,22,5,2143,2,2,7,1,7
2.02E+12,1,9,0,18,0,1,0,0,0,0,1,1,6,2,21,5,1248,2,8,8,2,8
2.02E+12,1,9,0,18,0,6,0,0,0,0,3,1,6,1,40,7,1390,1,14,1,1,1
2.02E+12,2,9,0,18,0,8,0,0,0,0,1,1,6,2,39,7,1968,2,1,5,3,5
2.02E+12,1,9,0,15,9,1,1,0,7,11,1,1,6,1,37,7,2231,2,9,1,1,1
2.02E+12,2,9,0,18,0,1,0,0,0,0,1,1,6,2,61,9,1461,2,3,9,3,9
2.02E+12,1,9,0,16,0,4,0,0,0,0,1,1,2,2,21,5,1149,1,5,7,3,7
2.02E+12,1,9,0,18,0,1,0,0,0,0,1,1,6,1,45,7,1968,2,10,3,1,3
2.02E+12,2,19,0,9,0,8,0,0,0,0,2,1,1,1,42,7,1248,2,4,2,1,2
2.02E+12,2,9,0,18,0,1,0,0,0,0,4,1,6,1,55,8,1598,2,4,9,2,9
2.02E+12,1,9,0,18,0,8,0,0,7,0,1,1,6,1,41,7,1242,1,14,9,3,9
2.02E+12,2,9,0,18,0,1,0,0,0,0,2,1,6,1,41,7,4163,1,11,1,1,1
2.02E+12,3,9,0,18,0,8,0,0,0,0,1,1,1,2,53,8,2184,2,11,1,1,1
2.02E+12,1,9,0,18,0,1,0,12,0,0,4,1,6,1,23,5,1598,1,11,4,2,4
2.02E+12,1,9,0,18,0,4,0,0,0,0,1,1,6,1,37,7,1798,1,6,2,1,2
2.02E+12,1,9,0,18,0,8,0,0,0,0,1,1,6,1,30,6,999,1,2,5,1,5
2.02E+12,1,5,0,17,0,1,1,0,1,0,3,1,6,1,36,7,645,1,16,9,1,9
2.02E+12,2,17,0,8,0,1,0,0,0,0,3,1,1,1,66,10,6788,2,3,4,3,4
2.02E+12,1,9,0,18,0,1,0,0,0,0,1,1,6,1,28,6,1560,2,8,4,1,4
2.02E+12,2,9,0,18,0,1,0,0,0,0,2,1,6,1,18,4,1390,1,6,3,1,3
2.02E+12,1,9,0,11,0,1,1,0,0,0,1,1,6,1,18,4,1390,1,9,7,3,7
2.02E+12,2,9,0,3,0,1,0,0,0,0,2,1,6,2,54,8,1560,2,6,4,3,4
2.02E+12,3,3,0,4,0,8,0,0,0,0,2,1,2,1,25,5,125,1,3,3,1,3
2.02E+12,4,9,0,3,0,8,0,0,0,0,2,1,6,1,38,7,2498,1,19,5,1,5
2.02E+12,1,9,0,12,0,4,0,0,0,0,3,1,2,1,21,5,1242,1,6,8,1,8
2.02E+12,1,9,0,4,0,1,0,0,0,0,1,1,6,2,57,9,1368,1,6,6,3,6
2.02E+12,2,9,0,4,0,1,0,0,0,0,2,1,6,2,38,7,1389,1,13,3,3,3
2.02E+12,1,19,0,18,0,1,0,0,0,0,1,1,6,1,28,6,2198,2,5,5,1,5