Accident_Index,Vehicle_Reference,Vehicle_Type,Towing_and_Articulation,Vehicle_Manoeuvre,Vehicle_Location-Restricted_Lane,Junction_Location,Skidding_and_Overturning,Hit_Object_in_Carriageway,Vehicle_Leaving_Carriageway,Hit_Object_off_Carriageway,1st_Point_of_Impact,Was_Vehicle_Left_Hand_Drive?,Journey_Purpose_of_Driver,Sex_of_Driver,Age_of_Driver,Age_Band_of_Driver,Engine_Capacity_(CC),Propulsion_Code,Age_of_Vehicle,Driver_IMD_Decile,Driver_Home_Area_Type,Vehicle_IMD_Decile
2.02E+12,1,9,0,18,0,1,0,0,0,0,1,1,6,1,68,10,1560,2,2,5,1,5
2.02E+12,2,9,0,10,0,1,0,0,0,0,2,2,6,1,45,7,2835,2,20,3,3,3
2.02E+12,1,9,0,18,0,1,0,0,0,0,1,1,6,1,23,5,1995,2,7,2,1,2
2.02E+12,1,9,0,9,0,5,0,0,0,0,2,1,6,1,38,7,1242,1,12,5,1,5
2.02E+12,2,5,0,18,0,1,1,0,7,0,1,1,6,1,56,9,599,1,9,3,1,3
2.02E+12,1,9,0,9,0,8,0,0,0,0,4,1,6,1,62,9,2143,2,1,9,3,9
2.02E+12,2,3,0,18,0,8,0,0,0,0,4,1,6,2,25,5,124,1,6,6,1,6
2.02E+12,1,5,0,4,0,1,0,0,0,0,2,1,6,1,33,6,803,1,3,7,1,7
2.02E+12,1,9,0,18,0,1,0,0,0,0,1,1,6,1,46,8,1998,2,11,1,1,1
2.02E+12,2,9,0,3,0,1,0,0,0,0,2,1,6,1,58,9,1798,1,3,7,1,7
2.02E+12,2,9,0,12,0,8,0,0,0,0,2,1,6,2,71,10,1242,1,10,6,3,6
2.02E+12,1,9,0,7,0,8,0,0,0,0,2,1,6,1,18,4,1388,1,14,4,2,4
2.02E+12,1,9,0,9,0,6,0,0,0,0,3,1,6,1,50,8,2401,2,13,7,3,7
2.02E+12,1,9,0,9,0,1,5,10,7,0,4,1,6,2,27,6,998,1,4,3,2,3
2.02E+12,2,9,0,18,0,8,0,0,0,0,1,1,6,1,54,8,1896,2,12,2,1,2
2.02E+12,2,5,0,17,0,1,5,0,1,0,3,1,6,1,45,7,998,1,9,2,2,2
2.02E+12,1,5,0,13,0,1,0,0,1,9,1,1,6,1,25,5,750,1,2,3,2,3
2.02E+12,1,19,0,18,0,1,2,0,1,0,1,1,1,1,24,5,1461,2,13,3,3,3
2.02E+12,2,21,0,18,0,2,0,0,0,0,4,1,1,1,58,9,11120,2,1,10,2,10
2.02E+12,1,9,0,9,0,8,0,0,0,0,3,1,1,1,31,6,1598,1,11,1,1,1
2.02E+12,2,9,0,18,0,1,0,0,0,0,1,1,6,2,25,5,1399,2,9,9,3,9
2.02E+12,1,19,0,9,0,6,0,0,0,0,1,1,6,1,38,7,2298,2,5,7,1,7
2.02E+12,2,9,0,9,0,5,0,0,0,0,3,1,6,2,56,9,1461,2,7,10,3,10
2.02E+12,2,9,0,18,0,8,1,0,1,0,4,1,6,2,39,7,1997,1,14,9,3,9
2.02E+12,1,3,0,9,0,2,0,0,0,0,1,1,6,2,17,4,125,1,2,5,1,5
2.02E+12,2,9,0,18,0,1,0,0,0,0,4,1,6,1,83,11,1364,1,11,3,3,3
2.02E+12,2,9,0,18,0,1,0,0,0,0,1,1,6,2,42,7,1995,1,8,9,1,9
2.02E+12,1,4,0,18,0,1,0,0,0,0,3,1,1,1,19,4,296,1,3,1,1,1
2.02E+12,1,5,0,18,0,1,0,0,1,0,1,1,6,1,39,7,649,1,8,2,3,2
2.02E+12,2,9,0,18,0,1,0,0,0,0,2,1,6,1,69,10,2495,1,14,4,2,4
2.02E+12,1,9,0,9,0,2,0,0,0,0,3,1,6,2,34,6,1597,1,8,9,2,9
2.02E+12,2,9,0,3,0,1,0,0,0,0,2,1,6,2,47,8,1461,2,12,6,3,6
2.02E+12,1,9,0,9,0,8,0,0,0,0,1,1,6,1,75,10,1968,2,9,6,2,6
2.02E+12,1,9,0,5,0,6,0,0,0,0,3,1,6,2,74,10,1598,2,3,1,1,1
2.02E+12,2,9,0,18,0,1,0,0,0,0,1,1,6,1,70,10,2359,1,9,4,1,4
2.02E+12,1,9,0,5,0,6,0,0,0,0,1,1,6,2,32,6,1490,1,11,5,2,5
2.02E+12,2,9,0,18,0,1,5,0,1,0,1,1,6,2,22,5,1229,1,3,3,3,3
2.02E+12,1,3,0,18,0,8,1,0,0,0,0,1,6,1,17,4,124,1,16,10,2,10
2.02E+12,1,9,0,9,0,8,0,0,0,0,3,1,6,1,63,9,1796,1,12,6,3,6
2.02E+12,2,9,0,18,0,1,0,0,0,0,1,1,6,1,45,7,1229,1,12,2,1,2
2.02E+12,1,9,0,5,0,2,0,0,0,0,1,1,2,1,22,5,1968,2,2,2,1,2
2.02E+12,2,9,0,18,0,4,0,0,0,0,2,1,6,1,78,11,1598,1,8,3,2,3
2.02E+12,3,9,0,18,0,4,0,0,0,0,2,1,6,2,36,7,1799,1,11,4,3,4
2.02E+12,1,9,0,18,0,1,0,0,0,0,1,1,6,1,62,9,1998,2,10,8,1,8
2.02E+12,2,9,0,16,0,1,0,0,0,0,2,1,6,2,28,6,1598,2,5,7,2,7
2.02E+12,1,9,0,7,0,8,0,0,0,0,1,1,6,1,52,8,1686,2,15,3,1,3
2.02E+12,2,9,0,15,0,8,0,0,0,0,3,1,6,1,60,9,999,1,8,1,1,1
2.02E+12,1,5,0,18,0,1,0,0,1,10,1,1,6,1,19,4,599,1,18,6,2,6
2.02E+12,2,9,0,18,0,1,0,0,1,0,3,1,6,1,70,10,1560,2,6,7,1,7
2.02E+12,1,9,0,18,0,2,0,0,1,10,1,1,6,1,29,6,1951,2,16,7,3,7
2.02E+12,1,9,0,18,0,1,0,0,0,0,1,1,1,1,23,5,1560,2,12,2,1,2
2.02E+12,2,9,0,8,0,1,0,0,0,0,2,1,6,2,45,7,1984,1,7,6,2,6
2.02E+12,2,9,0,18,0,1,0,0,0,0,2,1,6,1,41,7,1998,1,15,1,2,1
2.02E+12,3,9,0,18,0,1,0,0,0,0,2,1,6,1,20,4,1198,1,13,1,2,1
2.02E+12,1,5,0,17,0,1,0,0,1,1,3,1,6,1,41,7,748,1,26,4,1,4
2.02E+12,1,9,0,9,0,5,0,0,0,0,1,1,1,1,78,11,1999,1,14,4,3,4
2.02E+12,2,9,0,18,0,1,0,0,1,0,1,1,6,1,37,7,1685,2,3,7,1,7
2.02E+12,1,9,0,7,0,8,0,0,0,0,1,1,6,2,42,7,1299,1,16,3,3,3
2.02E+12,2,11,0,18,0,2,0,0,0,0,1,1,1,2,54,8,7300,2,12,2,1,2
2.02E+12,1,9,0,18,0,1,0,0,0,0,1,1,6,2,53,8,1388,1,14,6,2,6
2.02E+12,2,19,0,18,0,8,0,0,0,0,4,1,1,1,49,8,2143,2,1,7,1,7
2.02E+12,2,9,0,18,0,1,0,0,1,0,1,1,2,2,61,9,1499,2,1,6,3,6
2.02E+12,1,21,0,18,0,1,1,0,0,0,1,1,1,1,27,6,10837,2,4,3,3,3
2.02E+12,2,3,0,9,0,8,0,0,0,0,2,1,1,1,19,4,124,1,10,8,3,8
2.02E+12,3,9,0,18,0,1,0,0,0,0,3,1,6,1,53,8,1995,2,6,8,1,8
2.02E+12,1,9,0,18,0,1,0,0,1,0,1,1,6,1,28,6,1995,2,14,5,3,5
2.02E+12,2,9,0,18,0,4,0,0,0,0,3,1,6,2,24,5,1124,1,11,9,1,9
2.02E+12,1,9,0,16,0,1,0,0,0,0,1,1,6,2,47,8,1364,2,14,1,1,1
2.02E+12,2,9,0,17,0,1,0,0,0,0,1,1,4,2,37,7,1299,1,14,3,3,3
2.02E+12,1,9,0,18,0,1,0,0,0,0,1,1,6,2,34,6,1275,1,17,2,2,2
2.02E+12,2,9,0,9,0,1,0,0,0,0,2,1,6,1,29,6,998,1,6,8,1,8
2.02E+12,1,3,0,15,2,1,0,0,0,0,1,1,6,1,37,7,125,1,1,8,1,8
2.02E+12,1,9,0,9,0,8,0,0,0,0,1,1,6,1,33,6,1969,2,1,9,1,9
2.02E+12,2,9,0,9,0,8,0,0,0,0,2,1,2,2,51,8,1242,1,2,9,1,9
2.02E+12,1,9,0,18,0,1,0,0,0,0,4,1,6,2,76,11,1390,1,6,8,1,8
2.02E+12,1,9,0,7,0,2,0,0,0,0,1,1,1,2,31,6,1598,1,9,1,1,1
2.02E+12,2,3,0,18,0,1,1,0,0,0,1,1,1,1,36,7,125,1,17,7,3,7
2.02E+12,1,9,0,9,0,8,0,0,0,0,2,1,6,2,58,9,1598,1,12,6,1,6
2.02E+12,2,9,0,18,0,2,0,0,0,0,1,1,6,2,34,6,1968,2,11,3,1,3
2.02E+12,1,9,0,9,0,1,0,0,0,0,1,1,2,2,25,5,1598,2,4,4,1,4
2.02E+12,1,9,0,18,0,1,1,0,0,0,1,1,6,2,33,6,1360,1,15,6,3,6
2.02E+12,2,9,0,18,0,1,0,0,0,0,3,1,6,2,19,4,1124,1,13,3,3,3
2.02E+12,3,9,0,18,0,1,0,0,0,0,0,1,6,2,30,6,1598,1,4,4,1,4
2.02E+12,4,9,0,18,0,1,0,0,0,0,0,1,6,2,38,7,1956,2,6,4,1,4
2.02E+12,1,9,0,4,0,1,0,0,0,0,2,2,6,1,61,9,1396,2,6,9,1,9
2.02E+12,2,9,0,4,0,1,0,0,0,0,1,2,1,1,46,8,1997,2,7,6,1,6
2.02E+12,1,9,0,3,0,1,0,0,0,0,1,1,6,1,18,4,1995,1,15,3,3,3
2.02E+12,1,9,0,18,0,1,0,0,0,0,1,1,6,1,47,8,1560,2,8,3,2,3
2.02E+12,2,9,0,18,0,1,0,0,0,0,1,1,6,2,70,10,998,1,3,8,2,8
2.02E+12,3,9,0,4,0,1,0,0,0,0,1,1,6,1,22,5,1398,1,5,4,1,4
2.02E+12,4,9,0,9,0,8,0,0,0,0,2,1,6,1,57,9,2179,2,9,5,3,5
2.02E+12,1,9,0,5,0,6,0,0,0,0,1,1,2,2,22,5,1596,1,10,7,1,7
2.02E+12,1,9,0,18,0,2,0,0,0,0,3,1,6,1,77,11,1796,1,11,4,3,4
2.02E+12,2,9,0,18,0,1,0,0,0,0,1,1,1,1,32,6,2720,2,11,5,3,5
2.02E+12,1,9,0,18,8,1,0,0,1,3,1,1,6,2,20,4,1399,1,11,7,3,7
2.02E+12,1,9,0,3,0,5,0,0,0,0,1,1,6,2,41,7,1685,2,1,1,1,1
2.02E+12,2,9,0,18,0,6,0,0,0,0,1,1,6,1,29,6,1990,1,28,5,2,5
2.02E+12,1,9,0,4,0,4,0,0,0,0,3,1,6,1,61,9,1796,1,14,6,1,6
2.02E+12,2,9,0,16,0,4,1,0,0,0,4,1,6,1,20,4,1399,2,12,9,3,9
2.02E+12,1,9,0,9,0,2,0,0,0,0,1,1,6,1,34,6,1590,1,9,3,1,3
2.02E+12,1,9,0,18,0,1,5,4,0,0,1,1,6,1,27,6,1527,2,22,1,1,1
2.02E+12,2,9,0,2,0,8,0,0,0,0,3,1,6,1,46,8,1896,2,10,3,2,3
2.02E+12,1,9,0,9,0,8,0,0,0,0,3,1,6,1,76,11,1910,2,14,1,1,1
2.02E+12,2,9,0,18,0,8,0,0,0,0,3,1,6,2,20,4,1364,1,12,8,1,8
2.02E+12,1,9,0,17,0,8,0,0,0,0,1,1,2,1,22,5,1398,1,5,5,1,5
2.02E+12,2,21,0,18,0,8,0,0,0,0,4,1,1,1,51,8,4461,2,8,3,1,3
2.02E+12,1,9,0,18,0,1,0,0,0,0,1,1,6,1,24,5,1149,1,10,6,3,6
2.02E+12,2,9,0,1,9,1,0,0,0,0,2,1,6,2,49,8,1798,1,10,4,1,4
2.02E+12,1,9,0,18,0,1,0,0,0,0,1,1,6,2,78,11,1108,1,8,2,1,2
2.02E+12,2,9,0,18,0,1,0,0,0,0,1,1,6,1,49,8,1796,1,15,5,3,5
2.02E+12,2,9,0,18,0,1,0,0,0,0,1,1,1,1,63,9,1598,1,16,3,3,3
2.02E+12,1,9,0,18,0,1,0,0,0,0,1,1,6,1,49,8,1596,1,3,7,3,7
2.02E+12,1,9,0,13,0,1,0,0,0,0,1,1,1,2,45,7,1968,2,2,7,2,7
2.02E+12,2,9,0,17,0,1,0,0,0,0,1,1,2,1,48,8,1968,2,5,4,3,4
2.02E+12,2,9,0,17,0,6,0,0,0,0,1,1,6,1,58,9,996,1,5,3,3,3
2.02E+12,1,9,0,18,0,1,5,4,7,0,4,1,6,2,25,5,1229,1,5,8,1,8
2.02E+12,2,9,0,2,0,2,0,0,0,0,4,1,6,2,28,6,1242,1,7,2,1,2
2.02E+12,1,21,0,7,0,5,2,0,7,9,0,1,1,1,27,6,6870,2,5,2,1,2
2.02E+12,1,9,0,18,0,1,0,0,0,0,1,1,6,1,56,9,2148,2,11,5,2,5
2.02E+12,2,9,0,9,0,1,0,0,0,0,1,1,3,2,41,7,1596,1,9,5,3,5
2.02E+12,1,9,0,18,0,1,0,0,0,0,4,1,1,1,21,5,3947,1,19,7,3,7
2.02E+12,2,19,0,9,0,5,0,0,0,0,2,1,1,2,46,8,1598,2,2,6,3,6
2.02E+12,3,9,0,3,0,1,0,0,0,0,1,1,1,2,41,7,1598,1,14,1,1,1
2.02E+12,4,9,0,3,0,7,0,0,0,0,0,1,6,2,38,7,1997,2,3,9,1,9
2.02E+12,1,9,0,18,0,8,0,0,0,0,1,1,6,1,78,11,1397,1,15,5,2,5
2.02E+12,1,9,0,9,0,8,0,0,0,0,1,1,6,2,25,5,998,1,5,2,1,2
2.02E+12,1,9,0,9,0,2,0,0,0,0,1,1,1,2,46,8,1598,2,7,3,1,3
2.02E+12,2,3,0,15,0,1,5,0,0,0,1,1,1,1,24,5,124,1,9,6,3,6
2.02E+12,2,9,0,18,0,1,0,0,0,0,1,1,2,2,40,7,996,1,4,3,3,3
2.02E+12,3,19,0,18,0,1,0,0,0,0,1,1,1,1,40,7,2198,2,9,8,1,8
2.02E+12,1,9,0,5,0,6,0,0,0,0,1,1,6,2,22,5,1242,1,2,2,1,2
2.02E+12,2,9,0,18,0,1,0,0,0,0,1,1,6,2,39,7,2993,2,2,4,3,4
2.02E+12,1,9,0,16,0,2,0,0,0,0,4,1,6,1,83,11,1200,1,3,6,1,6
2.02E+12,1,9,0,18,0,1,0,0,0,0,1,1,6,2,32,6,1596,1,6,3,1,3
2.02E+12,1,9,0,18,0,1,0,0,0,0,1,1,6,1,48,8,1598,1,9,5,2,5
2.02E+12,2,9,0,18,0,1,0,0,0,0,2,1,1,2,37,7,1598,2,2,6,3,6
2.02E+12,1,3,0,18,0,1,0,0,0,0,1,1,6,1,20,4,124,1,10,2,1,2
2.02E+12,2,9,0,18,0,8,0,0,0,0,3,1,6,2,31,6,1242,1,9,1,1,1
2.02E+12,1,19,0,9,0,6,0,0,0,0,1,1,2,1,66,10,1753,2,11,2,3,2
2.02E+12,1,9,0,4,0,2,0,0,0,0,1,1,2,1,44,7,2987,2,1,5,1,5
2.02E+12,1,9,0,18,0,8,0,0,0,0,1,1,6,1,33,6,1997,2,12,1,1,1
2.02E+12,1,3,0,18,0,8,0,0,0,0,1,1,6,1,55,8,125,1,1,7,1,7
2.02E+12,2,9,0,18,0,1,0,0,0,0,1,1,1,2,52,8,2171,2,14,7,3,7
2.02E+12,2,19,0,18,0,3,1,0,2,1,4,1,1,2,53,8,1248,2,1,9,1,9
2.02E+12,1,21,0,18,0,1,1,0,7,11,1,1,1,1,47,8,9290,2,3,2,1,2
2.02E+12,2,9,0,7,0,2,0,0,0,0,3,1,6,1,33,6,1597,2,4,9,1,9
2.02E+12,1,9,0,15,0,1,0,0,0,0,1,1,6,1,50,8,1390,1,9,7,1,7
2.02E+12,2,9,0,8,0,1,0,0,0,0,1,1,6,2,51,8,1591,1,3,7,2,7
2.02E+12,1,9,0,9,0,8,0,0,0,0,3,1,6,1,79,11,1364,1,9,3,1,3
2.02E+12,1,9,0,18,0,8,0,0,0,0,3,1,6,2,32,6,1598,1,16,3,3,3
2.02E+12,2,5,0,18,0,8,0,0,0,0,1,1,6,1,45,7,647,1,17,8,1,8
2.02E+12,1,19,0,9,0,1,0,0,0,0,4,1,1,1,36,7,2148,2,10,4,1,4
2.02E+12,2,9,0,18,0,1,0,0,0,0,1,1,2,2,45,7,1598,1,8,10,1,10
2.02E+12,1,9,0,18,0,1,0,0,0,0,1,1,6,1,26,6,1968,2,12,1,1,1
2.02E+12,2,9,0,4,0,1,0,0,0,0,2,1,6,2,31,6,1596,1,17,1,1,1
2.02E+12,1,9,0,9,0,2,0,0,0,0,1,1,6,1,29,6,1984,1,15,1,1,1
2.02E+12,2,9,0,9,0,1,0,0,0,0,4,1,6,2,64,9,1796,1,15,3,2,3
2.02E+12,1,9,0,18,0,1,0,0,1,1,1,1,6,1,19,4,1149,1,14,4,3,4
2.02E+12,2,9,0,18,0,1,0,0,0,0,2,1,6,2,40,7,1388,1,14,3,1,3
2.02E+12,1,9,0,17,0,8,0,0,1,4,1,1,6,1,28,6,1343,1,15,3,1,3
2.02E+12,1,21,0,17,0,1,0,0,0,0,1,1,1,1,29,6,7146,2,9,6,1,6
2.02E+12,1,9,0,13,0,1,5,0,7,0,1,1,2,1,56,9,1229,1,11,6,2,6
2.02E+12,2,9,4,9,0,5,3,0,0,0,1,1,1,1,42,7,2495,2,15,3,3,3
2.02E+12,2,9,0,16,0,1,0,0,1,0,3,1,6,1,56,9,1398,1,7,3,3,3
2.02E+12,1,9,0,18,0,1,0,0,0,0,1,1,6,1,73,10,1560,2,7,1,2,1
2.02E+12,2,9,0,18,0,1,0,0,0,0,3,1,6,2,64,9,1397,1,8,1,2,1
2.02E+12,1,9,0,8,0,1,0,0,0,0,1,1,6,1,19,4,1796,1,17,1,1,1
2.02E+12,1,9,0,3,0,1,0,0,0,0,2,1,3,2,43,7,1686,2,5,2,1,2
2.02E+12,1,9,0,9,0,8,0,0,0,0,3,1,6,2,38,7,1597,2,1,7,1,7
2.02E+12,2,9,0,3,0,1,0,0,0,0,2,1,6,2,38,7,1197,1,1,6,2,6
2.02E+12,1,9,0,18,0,8,0,0,0,0,4,1,6,2,52,8,1870,2,13,4,1,4
2.02E+12,1,3,0,18,0,1,0,0,0,0,1,1,6,1,20,4,125,1,10,2,1,2
2.02E+12,1,9,0,18,0,4,0,0,0,0,2,1,6,2,46,8,1560,2,2,8,1,8
2.02E+12,2,9,0,18,0,4,0,0,0,0,1,1,6,1,25,5,1968,2,2,9,1,9
2.02E+12,1,9,0,18,0,1,0,0,0,0,1,1,6,2,36,7,1596,1,12,5,3,5
2.02E+12,2,9,0,18,0,1,0,0,0,0,2,1,6,1,29,6,1988,2,12,2,1,2
2.02E+12,3,9,0,18,0,1,0,0,0,0,2,1,6,1,29,6,1910,2,12,8,1,8
2.02E+12,1,9,0,18,1,2,0,0,0,0,1,1,6,1,69,10,1364,1,11,4,1,4
2.02E+12,2,9,0,18,0,1,0,0,0,0,1,1,2,2,23,5,1248,1,3,7,2,7
2.02E+12,2,2,0,9,0,4,5,0,0,0,2,1,6,1,17,4,50,1,3,2,1,2
2.02E+12,1,9,0,9,0,8,0,0,0,0,4,1,6,2,72,10,1598,2,1,5,1,5
2.02E+12,2,9,0,18,0,8,0,0,0,0,1,1,6,2,34,6,1360,1,11,7,1,7
2.02E+12,3,9,0,9,0,8,0,0,0,0,1,1,6,1,53,8,1968,2,1,3,3,3
2.02E+12,1,9,0,7,0,1,0,0,0,0,1,1,6,2,46,8,1796,2,3,7,1,7
2.02E+12,1,9,0,18,0,1,0,0,3,0,3,1,6,1,52,8,1560,2,8,5,1,5
2.02E+12,2,8,0,18,0,1,0,0,0,0,1,1,6,1,62,9,1560,2,4,6,3,6
2.02E+12,1,9,0,18,0,1,0,0,0,0,4,1,6,2,48,8,1398,2,4,7,3,7
2.02E+12,2,9,0,2,0,4,0,0,0,0,2,1,6,2,52,8,1339,8,5,8,3,8
2.02E+12,2,9,0,4,0,1,0,0,0,0,2,1,6,1,35,6,1998,1,8,8,1,8
2.02E+12,1,9,0,9,0,8,0,0,0,0,3,1,6,1,73,10,2204,2,7,8,1,8
2.02E+12,2,3,0,18,0,1,0,0,0,0,1,1,6,1,21,5,124,1,3,3,1,3
2.02E+12,3,9,0,4,0,1,0,0,0,0,1,1,6,1,80,11,1969,2,2,6,1,6
2.02E+12,1,9,0,12,0,2,0,0,0,0,1,1,6,1,49,8,4367,2,2,8,2,8
2.02E+12,2,11,0,18,0,1,0,0,0,0,1,1,6,1,32,6,8268,2,14,2,1,2
2.02E+12,1,9,0,9,8,6,0,0,1,0,1,1,6,1,42,7,1999,1,11,8,2,8
2.02E+12,2,9,0,18,0,2,1,0,1,4,4,1,6,2,23,5,1197,1,1,5,3,5
2.02E+12,1,9,0,5,0,2,0,0,0,0,1,1,6,2,38,7,2231,2,6,8,2,8
2.02E+12,2,9,0,18,0,1,0,0,0,0,3,2,6,2,60,9,1149,1,6,7,3,7
2.02E+12,1,9,0,17,0,1,5,0,1,5,1,1,6,2,23,5,1124,1,10,1,2,1
2.02E+12,3,9,0,18,0,1,0,0,0,0,1,1,6,2,30,6,1968,2,10,4,1,4
2.02E+12,1,9,0,9,0,1,0,0,0,0,4,1,2,2,18,4,1598,1,12,7,2,7
2.02E+12,2,9,0,18,0,1,0,0,0,0,2,1,2,2,19,4,998,1,3,9,2,9
2.02E+12,1,9,0,18,0,2,0,0,7,0,4,1,6,1,80,11,999,1,2,7,3,7
2.02E+12,2,17,0,9,0,2,0,0,0,0,1,1,6,1,21,5,6728,2,3,4,1,4
2.02E+12,1,9,0,18,0,1,0,0,0,0,3,1,6,1,47,8,1560,2,3,8,1,8
2.02E+12,1,9,0,5,9,6,0,0,0,0,1,1,6,1,85,11,1998,2,9,8,3,8
2.02E+12,2,9,0,18,0,1,0,0,0,0,1,1,6,2,45,7,998,1,9,8,1,8
2.02E+12,1,9,0,9,9,1,0,0,0,0,1,1,6,2,46,8,1995,2,7,8,3,8
2.02E+12,2,9,0,9,0,8,0,0,0,0,1,1,6,1,69,10,1968,2,4,8,1,8
2.02E+12,1,9,0,9,0,1,0,0,0,0,4,1,6,1,67,10,998,1,5,3,3,3
2.02E+12,2,5,0,18,0,1,5,0,0,0,1,1,6,1,19,4,645,1,13,4,3,4
2.02E+12,1,8,0,3,0,1,0,0,0,0,1,1,1,1,56,9,1910,2,9,8,1,8
2.02E+12,2,9,0,5,0,1,0,0,3,0,2,1,2,1,45,7,1598,2,1,6,1,6
2.02E+12,1,9,0,9,0,8,0,0,0,0,1,1,6,2,63,9,1149,1,11,4,1,4
2.02E+12,2,9,0,18,0,1,0,0,0,0,1,1,6,1,44,7,1968,2,4,5,3,5
2.02E+12,3,9,0,10,0,8,0,0,0,0,1,1,6,1,68,10,1995,2,2,1,1,1
2.02E+12,1,4,0,16,0,1,1,7,0,0,4,1,6,1,25,5,249,1,6,5,1,5
2.02E+12,2,9,0,5,0,6,0,0,0,0,0,1,6,1,31,6,2926,2,16,2,1,2
2.02E+12,1,9,0,18,0,2,0,0,0,0,1,1,6,1,27,6,1686,2,6,7,1,7
2.02E+12,1,9,0,9,0,1,0,0,0,0,1,1,6,2,40,7,1248,2,10,7,3,7
2.02E+12,2,9,0,18,0,1,1,0,1,0,1,1,6,2,61,9,1598,2,6,5,3,5
2.02E+12,1,9,0,9,0,5,0,0,0,0,1,1,6,1,27,6,1598,1,12,5,1,5
2.02E+12,1,9,0,5,0,8,0,0,0,0,0,1,6,1,57,9,1598,2,1,5,1,5
2.02E+12,1,5,0,17,0,2,0,0,7,0,4,1,1,1,64,9,897,1,6,4,3,4
2.02E+12,1,5,0,18,0,8,5,0,0,0,4,1,2,1,23,5,652,1,10,10,1,10
2.02E+12,2,9,0,9,0,1,0,0,0,0,3,1,2,1,69,10,2993,2,6,7,3,7
2.02E+12,1,9,0,18,0,1,0,0,0,0,1,1,6,1,81,11,1797,8,7,9,3,9
2.02E+12,2,9,0,2,0,1,0,0,0,0,2,1,6,2,45,7,1598,1,3,8,3,8
2.02E+12,1,9,0,5,0,6,0,0,0,0,2,1,6,1,38,7,1598,1,10,2,1,2
2.02E+12,1,9,0,9,0,8,0,0,0,0,1,1,6,1,83,11,1598,1,8,10,2,10
2.02E+12,2,9,0,18,0,1,0,0,0,0,1,1,6,2,54,8,1229,1,5,7,3,7
2.02E+12,1,9,0,18,0,8,0,0,0,0,1,1,6,1,24,5,1995,2,11,6,3,6
2.02E+12,1,9,0,5,0,1,0,0,0,1,1,1,2,2,24,5,1242,1,13,10,3,10
2.02E+12,2,9,0,4,0,1,0,0,0,0,2,1,6,2,29,6,1997,2,7,2,1,2
2.02E+12,2,9,0,9,0,1,0,0,0,0,1,1,6,2,37,7,1995,2,7,5,1,5
2.02E+12,1,9,0,17,0,6,0,0,0,0,1,1,6,2,56,9,1363,2,14,10,2,10
2.02E+12,1,9,0,18,0,1,0,0,0,0,1,1,6,2,24,5,1998,1,1,3,3,3
2.02E+12,1,9,0,18,0,8,1,0,1,1,3,1,6,1,21,5,1229,1,8,5,1,5
2.02E+12,2,9,0,18,0,8,0,0,0,0,4,1,6,1,34,6,1999,1,10,3,1,3
2.02E+12,1,9,0,16,0,8,0,0,1,0,1,1,6,1,27,6,998,1,10,4,3,4
2.02E+12,1,9,0,18,0,1,0,0,0,0,3,1,6,2,44,7,1896,2,14,5,3,5
2.02E+12,2,9,0,18,0,1,0,0,1,0,2,1,6,1,34,6,1597,2,4,5,3,5
2.02E+12,1,9,0,18,0,1,0,0,0,0,1,1,2,1,42,7,1598,1,8,5,3,5
2.02E+12,2,9,0,18,0,1,0,0,0,0,2,1,6,2,44,7,2902,2,13,4,1,4
2.02E+12,3,19,0,18,0,1,0,0,0,0,2,1,1,1,58,9,2198,2,3,3,3,3
2.02E+12,1,9,0,17,0,1,0,0,0,0,1,1,6,1,42,7,1997,2,1,5,2,5
2.02E+12,2,9,0,3,0,1,0,0,0,0,2,1,6,2,30,6,1229,1,10,7,1,7
2.02E+12,3,9,0,18,0,1,0,0,0,0,2,1,6,1,28,6,1560,2,7,9,2,9
2.02E+12,1,9,0,18,0,2,0,0,1,2,1,1,6,1,18,4,1398,2,14,4,3,4
2.02E+12,1,9,0,18,0,4,0,0,0,0,2,1,6,1,21,5,2000,1,11,5,1,5
2.02E+12,2,9,0,12,0,4,0,0,0,0,1,1,6,1,21,5,2198,2,11,1,1,1
2.02E+12,1,9,0,18,0,2,0,0,0,0,1,1,2,1,75,10,1497,8,7,10,1,10
2.02E+12,2,9,0,18,0,2,0,0,0,0,4,1,2,2,32,6,1896,2,9,3,1,3
2.02E+12,1,9,0,5,0,6,0,0,0,0,1,1,6,2,18,4,1240,1,12,9,3,9
2.02E+12,2,2,0,18,0,1,0,0,7,0,4,1,6,2,17,4,49,1,6,8,3,8
2.02E+12,1,9,0,9,0,8,0,0,0,0,2,1,6,2,48,8,1560,2,8,3,1,3
2.02E+12,2,9,0,9,0,8,0,0,0,0,1,1,6,1,56,9,1997,2,8,4,3,4
2.02E+12,1,9,0,5,0,4,0,0,0,0,3,1,6,1,76,11,1242,1,10,6,2,6
2.02E+12,2,9,0,18,0,1,0,0,0,0,1,1,6,1,72,10,2685,2,15,2,3,2
2.02E+12,2,5,0,8,0,1,5,0,0,0,2,1,6,1,56,9,1649,1,4,10,1,10
2.02E+12,1,9,0,9,0,8,0,0,0,0,1,1,2,1,65,9,1329,1,3,7,2,7
2.02E+12,1,9,0,18,0,2,0,4,0,0,1,2,1,1,29,6,1598,2,6,2,1,2
2.02E+12,1,9,0,18,0,1,0,0,0,0,1,1,6,1,53,8,1560,2,6,8,1,8
2.02E+12,1,9,0,7,0,8,0,0,0,0,1,1,6,1,29,6,1595,2,7,8,1,8