Accident_Index,Vehicle_Reference,Vehicle_Type,Towing_and_Articulation,Vehicle_Manoeuvre,Vehicle_Location-Restricted_Lane,Junction_Location,Skidding_and_Overturning,Hit_Object_in_Carriageway,Vehicle_Leaving_Carriageway,Hit_Object_off_Carriageway,1st_Point_of_Impact,Was_Vehicle_Left_Hand_Drive?,Journey_Purpose_of_Driver,Sex_of_Driver,Age_of_Driver,Age_Band_of_Driver,Engine_Capacity_(CC),Propulsion_Code,Age_of_Vehicle,Driver_IMD_Decile,Driver_Home_Area_Type,Vehicle_IMD_Decile
2.02E+12,2,9,0,7,0,1,0,0,0,0,1,1,6,2,42,7,1198,1,3,4,3,4
2.02E+12,1,9,0,18,0,8,0,0,1,11,1,1,6,1,54,8,1599,1,12,5,1,5
2.02E+12,1,9,0,5,0,2,0,0,0,0,4,1,6,1,79,11,998,1,4,10,1,10
2.02E+12,2,9,0,18,0,1,5,0,1,4,1,1,6,1,18,4,1900,2,12,7,2,7
2.02E+12,1,9,0,9,0,8,0,0,0,0,4,1,6,1,21,5,1149,1,8,9,1,9
2.02E+12,2,3,0,18,0,8,0,0,0,0,1,1,6,1,46,8,125,1,42,7,1,7
2.02E+12,1,9,0,18,0,2,0,0,3,11,1,1,1,1,37,7,1598,2,3,1,1,1
2.02E+12,2,9,0,18,0,8,1,4,7,11,4,1,6,1,18,4,999,1,1,1,3,1
2.02E+12,1,9,0,18,0,4,0,0,0,0,1,1,2,2,26,6,1197,1,3,6,1,6
2.02E+12,2,9,0,18,0,4,0,0,0,0,2,1,6,2,27,6,2967,2,5,6,1,6
2.02E+12,1,9,0,3,0,8,0,0,0,0,1,1,3,2,40,7,1398,1,5,9,1,9
2.02E+12,1,9,0,9,0,6,0,0,0,0,1,1,3,2,51,8,1948,1,16,8,3,8
2.02E+12,2,9,0,18,0,1,0,0,0,0,1,1,1,2,39,7,1686,2,7,10,1,10
2.02E+12,2,19,0,18,0,1,5,0,1,4,3,1,1,1,35,6,1399,2,6,9,2,9
2.02E+12,1,9,0,7,0,6,0,0,0,0,3,1,6,1,19,4,999,1,1,9,1,9
2.02E+12,2,9,0,18,0,1,0,0,0,0,1,1,1,2,58,9,1399,2,13,6,2,6
2.02E+12,2,5,0,18,0,1,0,0,0,0,1,1,2,1,50,8,1062,1,14,3,3,3
2.02E+12,1,9,0,5,0,6,0,0,0,0,0,1,6,1,45,7,1598,1,10,6,2,6
2.02E+12,1,9,0,16,0,1,1,0,1,1,1,1,6,2,73,10,1598,1,10,3,3,3
2.02E+12,1,9,0,5,0,1,0,0,0,0,1,1,6,1,69,10,1968,2,4,7,3,7
2.02E+12,2,2,0,18,0,1,0,0,0,0,4,1,6,1,16,4,50,1,1,3,3,3
2.02E+12,1,9,0,4,0,1,0,0,0,0,2,1,6,1,56,9,1587,1,13,4,2,4
2.02E+12,2,19,0,16,0,1,0,0,0,0,1,1,6,1,54,8,1870,2,11,2,1,2
2.02E+12,1,9,0,9,0,6,0,0,0,0,1,1,6,2,68,10,1242,1,9,2,1,2
2.02E+12,2,9,0,18,0,1,0,0,7,0,4,1,6,1,32,6,1686,2,12,3,1,3
2.02E+12,1,9,0,18,0,1,1,0,3,0,1,1,2,1,31,6,1796,1,14,2,1,2
2.02E+12,2,9,0,18,0,8,5,0,1,11,3,1,6,1,31,6,1968,2,8,2,1,2
2.02E+12,1,9,0,9,0,1,0,0,7,0,1,1,6,1,66,10,998,1,9,6,3,6
2.02E+12,2,9,0,18,0,1,0,0,0,0,1,1,6,2,36,7,2179,2,8,5,3,5
2.02E+12,1,9,0,18,0,8,0,0,0,0,1,1,6,1,19,4,1596,1,18,3,3,3
2.02E+12,2,9,0,3,0,8,0,0,0,0,2,1,6,2,36,7,1896,2,14,6,1,6
2.02E+12,3,9,0,9,0,8,0,0,0,0,2,1,6,1,29,6,1242,1,15,3,3,3
2.02E+12,2,9,0,18,0,8,0,0,0,0,3,1,6,1,72,10,1598,1,8,2,2,2
2.02E+12,1,3,0,18,0,8,1,0,0,0,0,1,2,1,26,6,125,1,2,1,1,1
2.02E+12,1,9,0,16,0,1,0,0,0,0,1,1,2,1,20,4,1968,2,4,7,1,7
2.02E+12,1,9,0,9,0,8,0,0,0,0,3,1,6,2,18,4,1242,1,4,2,1,2
2.02E+12,2,2,0,18,0,8,0,0,0,0,1,1,6,1,16,4,50,1,14,2,1,2
2.02E+12,1,9,0,9,0,1,0,0,0,0,4,1,6,1,33,6,4394,1,11,6,3,6
2.02E+12,2,9,0,18,0,8,0,0,0,0,1,1,6,1,35,6,1968,2,1,9,2,9
2.02E+12,1,9,0,9,0,1,0,0,0,0,1,1,6,1,23,5,1968,2,11,3,1,3
2.02E+12,2,9,0,18,0,1,0,0,0,0,1,1,6,1,63,9,1999,1,8,8,2,8
2.02E+12,2,21,0,8,0,1,0,0,0,0,2,1,1,1,26,6,12740,2,3,2,1,2
2.02E+12,1,9,0,7,0,1,0,0,1,11,1,1,6,1,86,11,1596,1,8,9,1,9
2.02E+12,2,9,0,18,0,1,2,0,1,0,4,1,6,2,20,4,1199,1,15,4,1,4
2.02E+12,1,9,0,9,0,8,0,0,0,0,2,1,6,2,54,8,1796,1,4,3,1,3
2.02E+12,2,9,0,18,0,1,0,0,0,0,1,1,2,1,53,8,1968,2,9,1,1,1
2.02E+12,1,9,0,9,0,1,0,0,0,0,1,1,6,2,21,5,1364,2,12,9,2,9
2.02E+12,2,9,0,18,0,1,1,0,0,0,1,1,6,2,36,7,1396,1,5,3,1,3
2.02E+12,3,9,0,2,0,5,0,0,0,0,0,1,6,2,19,4,1598,1,3,9,1,9
2.02E+12,1,3,0,17,0,1,1,0,1,0,4,1,6,1,24,5,125,1,5,3,3,3
2.02E+12,1,19,0,16,0,1,0,0,7,0,1,1,6,1,43,7,1870,2,10,3,3,3
2.02E+12,2,9,0,18,0,1,0,0,0,0,1,1,6,1,77,11,1299,1,12,5,3,5
2.02E+12,3,9,0,18,0,1,0,0,0,0,0,1,6,2,62,9,1587,1,10,6,3,6
2.02E+12,4,9,0,18,0,1,0,0,0,0,0,1,6,2,48,8,1560,2,8,2,1,2
2.02E+12,5,9,0,18,0,1,0,0,0,0,0,1,6,1,72,10,2720,2,9,4,3,4
2.02E+12,1,9,0,9,0,8,0,0,0,0,1,1,6,1,22,5,1560,2,8,9,1,9
2.02E+12,1,19,0,9,0,6,0,0,0,0,0,1,2,1,53,8,1560,2,2,8,1,8
2.02E+12,2,9,0,18,0,1,0,0,7,9,1,1,6,1,33,6,1905,2,21,6,1,6
2.02E+12,2,9,0,18,0,1,0,0,0,0,1,1,2,2,35,6,1956,2,6,5,3,5
2.02E+12,2,9,0,3,0,1,0,0,0,0,2,1,6,1,67,10,1461,2,4,5,3,5
2.02E+12,3,9,0,3,0,1,0,0,0,0,2,1,6,2,55,8,1596,1,11,8,1,8
2.02E+12,2,9,0,18,0,2,0,0,0,0,1,1,6,2,28,6,1299,1,12,1,1,1
2.02E+12,1,9,0,14,0,1,0,0,0,0,3,1,6,1,52,8,1248,2,8,7,2,7
2.02E+12,1,21,0,18,0,1,0,0,0,0,1,1,1,1,40,7,4461,2,8,6,3,6
2.02E+12,2,9,0,9,0,8,1,0,0,0,2,1,6,1,43,7,1849,2,3,2,1,2
2.02E+12,2,21,4,18,0,1,0,0,0,0,2,1,1,1,42,7,11705,2,12,6,1,6
2.02E+12,1,9,0,18,0,2,0,0,0,0,1,1,1,2,51,8,1560,2,5,1,1,1
2.02E+12,1,9,0,9,0,4,0,0,0,0,1,1,6,2,75,10,1560,2,3,6,3,6
2.02E+12,1,9,0,9,0,1,0,11,0,0,1,1,6,1,47,8,1968,2,5,4,3,4
2.02E+12,2,9,0,18,0,2,0,0,7,0,1,1,6,1,77,11,1588,1,13,3,3,3
2.02E+12,2,9,0,18,0,1,0,0,0,0,1,1,6,1,32,6,1493,2,12,7,1,7
2.02E+12,1,2,0,18,0,1,1,0,0,0,1,1,6,1,18,4,50,1,2,7,3,7
2.02E+12,1,9,0,18,0,1,0,0,0,0,2,1,2,2,22,5,1398,1,3,3,2,3
2.02E+12,2,9,0,18,0,1,0,0,0,0,2,1,6,2,27,6,998,1,11,1,1,1
2.02E+12,3,19,0,18,0,1,1,0,0,0,1,1,2,1,24,5,2198,2,9,1,1,1
2.02E+12,4,9,0,18,0,1,0,0,0,0,1,1,6,1,30,6,1560,2,3,3,3,3
2.02E+12,1,9,0,9,0,8,0,0,0,0,1,1,6,2,49,8,1124,1,11,7,1,7
2.02E+12,2,9,0,18,0,1,0,0,0,0,3,1,6,2,18,4,1299,1,15,3,1,3
2.02E+12,1,3,0,18,0,1,1,0,0,0,1,1,2,1,22,5,125,1,2,10,1,10
2.02E+12,2,9,0,18,0,1,0,0,0,0,2,1,1,1,59,9,1997,2,15,8,3,8
2.02E+12,1,9,0,17,0,1,0,0,1,2,1,1,6,2,25,5,1686,2,3,5,1,5
2.02E+12,2,9,0,18,0,1,0,0,0,0,2,1,6,1,29,6,1995,1,11,3,1,3
2.02E+12,1,9,0,9,0,8,0,0,0,0,1,1,6,1,83,11,1242,1,15,9,3,9
2.02E+12,1,9,0,18,0,1,1,0,1,1,1,1,2,1,58,9,1686,2,8,7,3,7
2.02E+12,1,9,0,18,0,1,0,0,0,0,1,1,2,2,47,8,1400,2,13,5,1,5
2.02E+12,2,9,0,18,0,8,0,0,0,0,3,1,6,2,17,4,1360,1,11,8,1,8
2.02E+12,1,9,0,4,0,1,0,0,0,0,1,1,2,2,20,4,998,1,9,8,2,8
2.02E+12,2,9,0,17,0,1,0,0,0,0,1,1,6,1,53,8,1753,2,9,9,3,9
2.02E+12,1,9,0,5,0,8,0,0,0,0,2,1,6,1,24,5,1229,1,6,2,1,2
2.02E+12,2,9,0,18,0,1,0,0,0,0,1,1,6,2,29,6,1461,2,7,1,1,1
2.02E+12,1,9,0,18,0,1,0,0,0,0,1,1,6,2,32,6,1910,2,9,1,1,1
2.02E+12,1,9,0,9,0,8,0,0,0,0,1,1,6,1,53,8,1339,1,2,1,1,1
2.02E+12,1,9,0,17,0,1,0,0,0,0,1,1,6,2,20,4,1229,1,10,8,2,8
2.02E+12,2,9,0,16,0,8,0,0,0,0,1,1,6,2,50,8,1796,1,14,9,2,9
2.02E+12,1,9,0,5,0,6,0,0,0,0,0,1,6,1,81,11,1999,1,16,6,3,6
2.02E+12,2,9,0,18,0,1,0,0,0,6,3,1,2,2,21,5,2494,1,17,2,1,2
2.02E+12,1,9,0,18,0,2,0,0,0,0,1,1,6,2,48,8,1997,2,1,7,1,7
2.02E+12,1,9,0,18,0,8,0,0,0,0,1,1,6,1,58,9,1598,1,8,8,1,8
2.02E+12,2,9,0,18,0,8,0,0,7,11,1,1,6,1,58,9,1560,2,9,6,1,6
2.02E+12,1,9,0,18,0,1,0,0,3,11,1,1,6,1,54,8,1596,1,1,7,2,7
2.02E+12,1,19,0,18,0,1,0,0,0,0,1,1,1,1,38,7,1560,2,3,2,1,2
2.02E+12,1,9,0,9,0,6,0,0,0,0,1,1,6,2,43,7,1598,1,17,7,3,7
2.02E+12,1,9,0,9,0,8,0,0,0,1,3,1,2,1,47,8,1998,2,12,3,1,3
2.02E+12,2,9,0,18,0,8,0,0,0,0,1,1,2,1,57,9,2143,2,3,5,2,5
2.02E+12,1,9,0,9,0,6,0,0,0,0,3,1,1,2,23,5,1598,1,4,9,2,9
2.02E+12,1,9,0,7,0,8,0,0,0,0,1,1,6,1,21,5,1796,1,13,7,1,7
2.02E+12,2,9,0,9,0,8,0,0,0,0,1,1,6,1,38,7,2000,1,12,9,1,9
2.02E+12,3,9,0,6,0,2,0,0,0,0,0,1,1,1,30,6,1598,2,1,4,1,4
2.02E+12,2,9,0,18,0,1,0,0,0,0,1,1,6,2,36,7,1998,1,1,4,2,4
2.02E+12,1,9,0,9,0,1,0,0,0,0,1,1,6,2,37,7,1596,1,14,4,2,4
2.02E+12,2,9,0,18,0,1,0,0,0,0,1,1,2,2,55,8,1339,1,11,7,3,7
2.02E+12,1,9,0,17,0,1,1,0,1,9,1,1,2,1,51,8,1796,1,14,5,2,5
2.02E+12,1,9,0,18,0,8,0,0,0,0,1,1,6,2,41,7,1461,2,3,5,1,5
2.02E+12,2,5,0,17,0,8,5,0,0,0,4,1,6,1,56,9,1200,1,16,7,3,7
2.02E+12,1,9,0,18,0,1,0,0,0,0,1,1,6,1,17,4,1242,1,11,3,3,3
2.02E+12,2,9,0,10,0,8,0,4,0,0,2,1,6,2,31,6,1596,1,3,1,1,1
2.02E+12,2,9,0,18,0,1,0,0,0,0,1,1,6,2,18,4,1299,1,18,9,3,9
2.02E+12,3,21,0,2,0,1,0,1,0,0,4,1,1,1,32,6,11705,2,9,9,3,9
2.02E+12,1,9,0,9,0,2,0,0,0,0,1,1,6,1,24,5,1390,1,17,3,1,3
2.02E+12,1,19,0,9,0,5,0,0,0,0,1,1,6,1,30,6,1753,2,8,9,2,9
2.02E+12,1,9,0,7,0,6,0,0,0,0,3,1,6,2,18,4,998,1,6,3,2,3
2.02E+12,2,9,0,18,0,1,0,0,0,0,4,1,1,1,55,8,1560,2,3,2,1,2
2.02E+12,1,21,0,18,0,8,0,0,0,0,1,1,1,1,49,8,12740,2,7,1,1,1
2.02E+12,2,9,0,18,0,8,0,0,0,0,2,1,6,1,50,8,2998,1,1,4,1,4
2.02E+12,1,9,0,18,0,8,0,0,0,0,1,1,6,1,28,6,1527,2,19,1,1,1
2.02E+12,2,9,0,9,0,8,0,0,0,0,1,1,6,1,79,11,995,1,9,3,1,3
2.02E+12,3,9,0,9,0,8,0,0,0,0,3,1,1,2,44,7,1242,1,2,4,1,4
2.02E+12,1,9,0,9,0,1,0,0,0,0,1,1,1,1,55,8,2720,2,11,7,1,7
2.02E+12,1,9,0,18,0,1,1,0,0,0,1,1,6,1,69,10,1398,2,13,5,3,5
2.02E+12,2,9,0,18,0,8,1,0,7,4,4,1,6,2,37,7,1968,2,5,5,3,5
2.02E+12,1,9,0,1,0,1,0,0,0,0,1,1,6,1,93,11,1240,1,14,2,1,2
2.02E+12,1,9,0,18,0,1,0,0,0,0,1,1,6,1,48,8,1686,2,11,5,1,5
2.02E+12,2,9,0,18,0,1,0,0,0,0,1,1,6,1,64,9,1461,2,1,10,1,10
2.02E+12,1,3,0,18,0,1,2,0,0,0,0,1,2,2,28,6,124,1,3,8,1,8
2.02E+12,1,9,0,16,0,1,1,0,1,4,1,1,2,2,20,4,998,1,11,4,1,4
2.02E+12,2,9,0,18,0,4,0,0,0,0,2,1,6,2,43,7,1498,1,10,7,1,7
2.02E+12,1,9,0,7,0,1,0,0,0,0,1,1,6,1,74,10,1995,2,6,4,2,4
2.02E+12,2,3,0,14,0,2,0,0,0,0,3,1,2,1,46,8,124,1,1,6,2,6
2.02E+12,1,5,0,16,9,1,0,0,7,0,3,1,6,1,37,7,865,1,4,3,1,3
2.02E+12,1,9,0,9,0,1,0,0,0,0,4,1,6,1,61,9,1461,2,3,7,1,7
2.02E+12,2,3,0,18,0,1,0,0,0,0,1,1,2,1,45,7,124,1,3,8,1,8
2.02E+12,1,9,0,18,0,8,0,0,0,0,3,1,6,1,17,4,1229,1,4,5,2,5
2.02E+12,1,9,0,9,0,1,0,0,0,0,1,1,6,1,22,5,1796,1,11,1,1,1
2.02E+12,2,9,0,18,0,1,0,0,0,0,1,1,6,2,70,10,1149,1,12,3,1,3
2.02E+12,2,9,0,9,0,6,0,0,0,0,3,1,6,1,72,10,998,1,13,6,1,6
2.02E+12,1,9,0,7,0,1,1,0,0,0,1,1,6,2,25,5,1968,2,6,9,1,9
2.02E+12,1,9,0,10,0,1,0,0,0,0,2,1,6,2,49,8,1598,1,7,3,3,3
2.02E+12,1,9,0,18,0,6,0,0,0,0,3,1,6,1,73,10,2902,2,14,4,3,4
2.02E+12,2,9,0,18,0,1,0,0,0,0,1,1,2,2,50,8,2993,2,4,3,3,3
2.02E+12,1,9,0,18,0,3,0,0,0,0,1,1,6,1,58,9,1599,1,9,3,1,3
2.02E+12,2,9,0,2,0,2,0,0,0,0,2,1,6,1,37,7,1998,2,12,1,1,1
2.02E+12,1,9,0,7,0,7,0,0,0,0,1,1,6,2,49,8,1242,1,9,1,1,1
2.02E+12,2,9,0,16,0,1,0,0,0,0,4,1,6,1,19,4,973,1,14,6,1,6
2.02E+12,1,9,0,18,0,1,0,0,0,0,1,1,6,2,33,6,1598,1,12,7,1,7
2.02E+12,1,9,0,9,0,6,0,0,0,0,1,1,6,2,21,5,1388,1,10,3,1,3
2.02E+12,2,8,0,18,0,8,1,0,0,0,1,1,1,1,53,8,1910,2,9,8,3,8
2.02E+12,1,9,0,18,0,2,0,0,0,0,1,1,6,1,71,10,1240,1,13,3,3,3
2.02E+12,2,9,0,18,0,4,0,0,0,0,3,1,6,2,48,8,1388,1,14,6,2,6
2.02E+12,2,9,0,18,0,8,0,0,0,0,1,1,6,2,60,9,1560,2,5,6,3,6
2.02E+12,2,9,0,18,0,8,0,0,0,0,1,1,6,2,26,6,1389,1,12,5,3,5
2.02E+12,1,2,0,18,0,1,1,0,0,0,4,1,6,2,45,7,49,1,3,9,2,9
2.02E+12,1,9,0,5,0,6,0,0,0,0,3,1,6,2,23,5,1461,2,3,4,2,4
2.02E+12,1,3,0,18,0,1,0,0,0,0,4,1,6,1,17,4,124,1,8,8,1,8
2.02E+12,2,9,0,7,0,2,0,0,0,0,1,1,6,2,76,11,998,1,3,6,1,6
2.02E+12,1,9,0,9,0,8,0,0,0,2,1,1,6,2,30,6,1248,1,5,10,3,10
2.02E+12,2,9,0,18,0,1,0,0,0,0,1,1,6,1,28,6,1753,2,14,2,1,2
2.02E+12,1,9,0,18,0,1,0,0,0,0,3,1,2,1,23,5,1560,2,3,4,2,4
2.02E+12,2,9,0,18,0,1,0,0,0,0,4,1,6,2,38,7,1975,1,7,9,1,9
2.02E+12,1,4,0,9,9,2,1,0,7,11,1,1,6,1,19,4,249,1,26,1,1,1
2.02E+12,1,9,0,18,0,8,0,0,0,0,1,1,6,1,85,11,1299,1,16,4,1,4
2.02E+12,2,9,0,18,0,8,0,0,0,0,1,1,6,1,35,6,1229,1,6,3,1,3
2.02E+12,1,9,0,18,0,4,1,9,3,1,1,1,6,1,29,6,1149,1,18,4,1,4
2.02E+12,1,9,0,18,0,1,0,0,0,0,1,1,6,2,25,5,1599,1,14,4,2,4
2.02E+12,1,9,0,9,0,2,0,0,0,0,1,1,2,1,46,8,1596,1,14,5,1,5
2.02E+12,1,9,0,7,0,6,0,0,0,0,3,1,1,1,42,7,1796,1,12,3,1,3
2.02E+12,1,9,0,16,0,1,0,0,1,1,1,1,2,1,56,9,1598,2,3,7,3,7
2.02E+12,1,9,0,4,0,2,0,0,0,0,1,1,6,2,47,8,1968,2,6,10,1,10
2.02E+12,2,9,0,18,0,2,0,0,0,0,4,1,6,2,34,6,1362,1,3,5,3,5
2.02E+12,2,9,0,18,0,1,0,0,0,0,1,1,6,2,52,8,1560,2,6,7,2,7
2.02E+12,2,9,0,9,0,1,0,0,0,0,2,1,1,1,47,8,1686,2,4,10,1,10
2.02E+12,1,3,0,18,0,2,2,0,0,10,1,1,6,1,24,5,125,1,1,1,1,1
2.02E+12,1,9,0,9,9,5,0,0,0,0,1,1,2,2,50,8,1339,1,5,10,1,10
2.02E+12,1,9,0,9,0,4,0,0,0,0,3,1,6,1,33,6,1950,2,1,7,1,7
2.02E+12,1,3,0,4,0,1,1,0,0,0,1,1,2,1,60,9,124,1,2,5,1,5
2.02E+12,2,9,0,2,0,1,0,0,0,0,2,1,2,1,28,6,1560,2,10,4,1,4
2.02E+12,3,9,0,2,0,2,0,0,0,0,0,1,1,1,48,8,1598,2,1,3,1,3
2.02E+12,1,9,0,18,0,2,0,0,0,0,1,1,6,2,42,7,1396,1,4,5,1,5
2.02E+12,1,9,0,3,0,1,0,0,0,0,2,1,6,1,52,8,1995,2,14,4,1,4
2.02E+12,1,9,0,16,0,2,0,0,0,0,0,1,6,1,18,4,1362,1,5,7,2,7
2.02E+12,2,9,0,16,0,2,1,10,1,0,3,1,6,2,18,4,1598,1,12,10,2,10
2.02E+12,1,9,0,3,0,2,0,0,0,0,2,1,6,2,60,9,1975,1,10,2,1,2
2.02E+12,2,20,0,9,0,2,0,0,0,0,1,1,1,1,55,8,4461,2,5,9,1,9
2.02E+12,1,9,0,5,0,6,0,0,0,0,3,1,6,1,28,6,1422,2,13,3,1,3
2.02E+12,2,9,0,3,0,8,0,0,0,0,1,1,6,1,35,6,2231,2,11,1,1,1
2.02E+12,1,9,0,7,0,4,0,0,0,0,2,1,1,1,19,4,1242,1,11,7,1,7
2.02E+12,1,9,0,18,0,8,0,0,7,10,4,1,6,1,93,11,1588,1,16,3,1,3
2.02E+12,2,9,0,18,0,8,0,0,0,0,1,1,6,1,31,6,1999,1,12,1,1,1
2.02E+12,1,9,0,4,0,8,0,0,0,0,1,1,6,2,32,6,2000,2,12,2,1,2
2.02E+12,2,9,0,9,0,6,1,0,0,0,1,1,6,1,24,5,1796,1,13,1,1,1
2.02E+12,1,9,0,18,0,8,0,0,0,0,2,1,6,2,26,6,1995,2,11,9,1,9
2.02E+12,1,9,0,18,0,8,0,0,0,0,1,1,6,2,42,7,1388,1,11,4,1,4
2.02E+12,1,9,0,18,0,6,0,0,0,0,3,1,1,1,52,8,2143,2,3,4,1,4
2.02E+12,1,9,0,3,0,1,0,0,0,0,0,1,6,1,26,6,1229,1,10,10,1,10
2.02E+12,1,9,0,18,0,1,0,0,0,0,1,1,6,1,32,6,998,1,3,8,2,8
2.02E+12,1,9,0,4,0,8,0,0,7,1,2,1,2,2,36,7,1242,1,17,6,1,6
2.02E+12,2,9,0,4,0,8,1,0,0,0,1,1,6,1,52,8,1198,1,3,1,1,1
2.02E+12,1,9,0,4,0,1,0,0,0,0,2,1,6,2,53,8,1598,1,5,7,1,7
2.02E+12,2,9,0,4,0,1,1,0,1,0,1,1,6,1,23,5,1248,2,12,4,1,4
2.02E+12,1,9,0,9,0,5,0,0,0,0,4,1,2,2,25,5,1560,2,2,2,1,2
2.02E+12,1,9,0,7,0,6,0,0,0,0,1,1,6,1,59,9,1596,1,7,7,1,7
2.02E+12,2,9,0,7,0,6,0,0,0,0,1,1,6,1,45,7,1240,1,7,1,1,1
2.02E+12,1,9,0,9,0,8,0,0,0,0,1,1,6,2,31,6,1399,2,11,1,1,1
2.02E+12,1,9,0,18,0,8,1,0,0,0,1,1,6,2,35,6,1997,2,14,10,1,10
2.02E+12,2,9,0,9,0,5,0,0,0,0,4,1,6,1,76,11,1461,2,5,7,2,7
2.02E+12,1,9,0,5,0,1,0,0,0,0,1,1,6,2,24,5,1596,1,13,7,1,7
2.02E+12,1,9,0,13,0,1,0,0,0,0,3,1,6,1,23,5,1199,1,14,4,1,4
2.02E+12,3,9,0,16,0,2,0,0,0,0,3,1,6,1,26,6,1995,2,9,7,1,7
2.02E+12,1,5,0,18,0,8,0,0,7,0,3,1,2,1,34,6,998,1,12,9,1,9
2.02E+12,1,9,0,3,0,1,0,0,0,0,2,1,2,1,31,6,1896,2,13,4,1,4
2.02E+12,1,9,0,12,0,7,1,0,1,0,1,1,6,1,20,4,1360,1,12,6,2,6
2.02E+12,2,9,0,4,0,7,1,0,0,0,2,1,6,2,43,7,1598,1,9,7,2,7
2.02E+12,1,9,0,18,0,4,0,0,0,0,1,1,1,1,34,6,2495,2,14,9,1,9
2.02E+12,2,3,0,7,0,3,0,0,0,0,3,1,1,1,22,5,125,1,2,9,1,9
2.02E+12,2,9,0,3,0,1,0,0,0,0,2,1,6,1,21,5,1995,2,12,8,1,8
2.02E+12,2,19,0,5,0,6,5,0,2,3,3,1,1,1,23,5,1598,2,2,8,1,8
2.02E+12,1,9,0,18,0,1,0,0,0,0,1,1,6,1,32,6,2000,1,8,2,1,2
2.02E+12,3,9,0,18,0,2,0,0,0,0,4,1,6,1,59,9,1299,1,15,3,1,3
2.02E+12,2,9,0,18,0,8,0,0,0,0,1,1,6,2,34,6,1364,1,10,8,2,8
2.02E+12,1,3,0,18,0,8,0,0,0,0,1,1,6,1,17,4,124,1,3,1,1,1
2.02E+12,1,9,0,2,0,2,0,0,0,0,2,1,6,1,80,11,1242,1,6,3,1,3
2.02E+12,1,9,0,18,0,2,1,0,7,11,2,1,1,1,31,6,1390,1,3,3,1,3
2.02E+12,1,9,0,18,0,7,0,0,0,0,2,1,6,2,60,9,1560,2,5,10,1,10
2.02E+12,2,9,0,11,0,8,0,0,0,0,1,1,2,1,59,9,1275,1,19,4,1,4
2.02E+12,1,3,0,18,0,8,0,0,0,0,1,1,6,1,33,6,125,1,8,1,1,1
2.02E+12,2,9,0,9,0,5,0,0,0,0,1,1,6,2,38,7,2179,2,6,1,1,1
2.02E+12,1,9,0,14,0,2,0,0,0,0,4,1,6,1,46,8,1299,1,15,2,1,2
2.02E+12,1,8,0,3,0,1,0,0,0,0,2,1,1,1,32,6,1798,8,1,5,1,5
2.02E+12,1,9,0,15,0,1,0,0,0,0,1,1,6,1,22,5,1598,2,2,6,1,6
2.02E+12,1,9,0,7,0,5,0,0,0,0,4,1,6,2,38,7,1995,2,4,3,1,3
2.02E+12,1,9,0,18,0,8,0,0,7,0,4,1,6,2,65,9,1199,1,14,1,1,1
2.02E+12,1,9,0,10,0,1,0,0,0,0,2,1,6,2,40,7,1560,2,4,8,1,8
2.02E+12,2,9,0,17,0,8,0,0,0,0,3,1,2,2,60,9,1398,2,8,10,1,10
2.02E+12,1,9,0,5,0,6,0,0,0,0,3,1,6,1,63,9,1956,2,2,8,2,8
2.02E+12,1,9,0,9,0,6,0,0,0,0,4,1,1,1,22,5,1796,1,16,7,1,7
2.02E+12,1,5,0,14,0,8,0,0,0,0,1,1,6,1,46,8,748,1,26,1,1,1
2.02E+12,2,9,0,9,0,8,0,0,0,0,3,1,6,2,39,7,1796,1,16,1,1,1
2.02E+12,1,9,0,9,0,6,0,0,0,0,3,1,6,1,58,9,1596,1,12,10,1,10
2.02E+12,2,9,0,18,0,8,0,0,0,0,1,1,3,2,56,9,1248,1,1,7,3,7
2.02E+12,1,9,0,18,0,8,1,10,0,0,3,1,6,2,47,8,1497,1,13,2,1,2
2.02E+12,1,9,0,9,0,5,0,0,0,0,4,1,6,2,92,11,1396,1,16,9,1,9
2.02E+12,2,9,0,18,0,8,0,0,0,0,1,1,6,1,25,5,1396,1,17,2,1,2
2.02E+12,1,3,0,14,0,2,0,0,0,0,1,1,6,1,20,4,125,1,3,1,1,1
2.02E+12,1,9,0,7,0,6,0,0,0,0,1,1,6,1,24,5,1968,2,2,10,1,10
2.02E+12,2,9,0,18,0,8,0,0,0,0,4,1,6,1,26,6,1229,1,9,2,1,2
2.02E+12,2,9,0,9,0,8,0,0,0,0,1,1,6,1,30,6,1590,1,14,8,1,8
2.02E+12,1,9,0,13,0,1,5,0,0,0,3,1,2,1,39,7,1199,1,13,1,1,1
2.02E+12,2,5,0,13,0,1,0,0,0,0,1,1,2,1,40,7,955,1,17,7,1,7
2.02E+12,1,9,0,18,0,3,0,0,0,0,4,1,1,2,43,7,1587,1,7,6,1,6
2.02E+12,2,9,0,2,0,1,0,0,0,0,2,1,6,2,41,7,1461,2,5,7,1,7
2.02E+12,1,9,0,3,0,3,0,0,0,0,2,1,6,2,50,8,1198,1,3,8,1,8
2.02E+12,2,9,0,4,0,3,0,0,0,0,1,1,6,1,47,8,1968,2,2,9,1,9
2.02E+12,1,9,0,9,0,5,0,0,0,0,1,1,1,1,68,10,1997,2,9,9,2,9
2.02E+12,1,9,0,5,0,8,1,0,0,0,1,1,6,1,18,4,1200,1,1,8,3,8
2.02E+12,1,9,0,5,0,8,0,0,0,0,2,1,2,2,58,9,1198,1,2,7,2,7