Accident_Index,Vehicle_Reference,Vehicle_Type,Towing_and_Articulation,Vehicle_Manoeuvre,Vehicle_Location-Restricted_Lane,Junction_Location,Skidding_and_Overturning,Hit_Object_in_Carriageway,Vehicle_Leaving_Carriageway,Hit_Object_off_Carriageway,1st_Point_of_Impact,Was_Vehicle_Left_Hand_Drive?,Journey_Purpose_of_Driver,Sex_of_Driver,Age_of_Driver,Age_Band_of_Driver,Engine_Capacity_(CC),Propulsion_Code,Age_of_Vehicle,Driver_IMD_Decile,Driver_Home_Area_Type,Vehicle_IMD_Decile
2.02E+12,2,19,0,5,0,8,0,0,0,0,1,1,6,1,36,7,2494,2,12,4,1,4
2.02E+12,2,9,0,18,0,1,0,0,0,0,3,1,6,1,23,5,1799,1,7,10,2,10
2.02E+12,1,9,0,3,0,1,0,0,0,0,2,1,6,2,26,6,1596,1,9,8,1,8
2.02E+12,2,20,0,4,0,1,1,0,0,0,1,1,1,1,57,9,2982,2,6,9,1,9
2.02E+12,1,9,0,18,0,2,0,0,0,0,1,1,3,2,44,7,998,1,8,1,1,1
2.02E+12,1,9,0,4,0,1,0,0,0,0,1,1,6,1,24,5,1399,2,8,2,1,2
2.02E+12,1,9,0,16,0,2,0,0,0,0,1,1,6,1,89,11,1390,1,15,3,1,3
2.02E+12,1,9,0,9,0,2,0,0,0,0,4,1,6,1,34,6,2967,2,5,8,1,8
2.02E+12,1,9,0,10,0,1,0,0,0,0,2,1,1,2,39,7,1984,1,14,4,1,4
2.02E+12,1,9,0,9,0,6,0,0,0,0,1,1,6,2,37,7,1798,1,7,8,3,8
2.02E+12,2,9,0,4,0,8,0,0,0,0,1,1,6,1,32,6,2987,2,1,5,2,5
2.02E+12,1,9,0,18,0,8,0,0,1,0,1,1,1,1,23,5,1686,2,10,9,3,9
2.02E+12,2,9,0,5,0,6,0,0,0,0,3,1,6,2,33,6,1596,1,13,7,2,7
2.02E+12,2,4,0,9,0,8,0,0,0,0,4,1,1,1,33,6,398,1,12,8,3,8
2.02E+12,1,9,0,5,0,1,0,0,0,0,1,1,6,2,32,6,1398,1,13,2,1,2
2.02E+12,2,9,0,18,0,8,0,0,0,0,4,1,6,1,20,4,1275,1,24,1,1,1
2.02E+12,1,9,0,16,0,2,1,0,7,11,1,1,6,1,28,6,1999,1,11,2,1,2
2.02E+12,2,9,0,7,0,6,0,0,0,0,1,1,6,2,25,5,1242,1,5,8,1,8
2.02E+12,1,9,0,16,0,8,0,0,0,0,1,1,6,2,33,6,1596,1,13,6,1,6
2.02E+12,2,9,0,5,0,6,0,0,0,0,3,1,6,2,55,8,1124,1,10,4,1,4
2.02E+12,1,11,0,18,0,1,0,0,0,0,1,1,1,1,48,8,4500,2,7,1,1,1
2.02E+12,1,9,0,4,0,1,0,0,0,0,1,1,6,2,59,9,1399,2,6,7,2,7
2.02E+12,2,9,0,4,0,1,0,0,0,0,2,1,6,1,28,6,1560,2,8,7,2,7
2.02E+12,1,9,0,9,0,5,0,0,0,0,3,1,6,1,43,7,1896,2,13,1,1,1
2.02E+12,2,3,0,4,0,8,0,0,0,0,1,1,6,1,37,7,124,1,2,3,1,3
2.02E+12,1,19,0,18,0,8,0,0,0,0,1,1,1,1,33,6,1996,2,3,10,2,10
2.02E+12,2,19,0,18,0,6,0,0,0,0,4,1,1,1,26,6,1995,2,5,7,2,7
2.02E+12,1,19,0,9,0,5,0,0,0,0,4,1,1,1,47,8,2143,2,4,9,2,9
2.02E+12,2,9,0,13,0,8,0,0,0,0,1,1,1,1,59,9,1560,2,4,5,3,5
2.02E+12,1,9,0,9,0,8,0,0,0,0,1,1,6,1,36,7,3246,1,12,5,1,5
2.02E+12,1,9,0,9,0,5,0,0,0,0,1,1,6,2,44,7,1396,1,13,6,1,6
2.02E+12,1,9,0,18,0,8,0,10,0,0,3,1,6,1,43,7,1390,1,6,2,1,2
2.02E+12,2,19,0,5,0,6,0,0,0,0,1,1,6,1,36,7,1560,2,2,1,1,1
2.02E+12,1,9,0,18,0,3,0,7,0,0,3,1,2,2,30,6,1798,1,9,8,2,8
2.02E+12,1,9,0,18,0,8,0,0,0,0,1,1,1,2,29,6,1422,2,1,10,3,10
2.02E+12,1,9,0,18,0,8,0,0,0,0,1,1,6,1,45,7,1124,1,18,8,2,8
2.02E+12,2,9,0,7,0,6,0,0,0,0,1,1,6,2,19,4,1149,1,14,1,1,1
2.02E+12,1,9,0,9,0,5,0,0,0,0,3,1,6,2,39,7,1598,2,5,2,1,2
2.02E+12,2,9,0,18,0,8,0,0,0,0,1,1,6,2,49,8,998,1,3,4,1,4
2.02E+12,1,9,0,16,0,3,5,10,0,0,3,1,6,1,30,6,2143,2,4,4,1,4
2.02E+12,1,9,0,3,0,1,0,0,0,0,2,1,6,1,37,7,1497,8,9,1,1,1
2.02E+12,1,9,0,3,0,8,0,0,0,0,3,1,6,1,41,7,1598,1,10,3,1,3
2.02E+12,1,9,0,18,0,8,0,0,0,0,1,1,1,2,27,6,1560,2,10,6,1,6
2.02E+12,1,9,0,9,0,5,0,0,0,0,1,1,6,1,37,7,1995,1,11,8,1,8
2.02E+12,2,3,0,18,0,8,0,0,0,0,1,1,6,1,24,5,125,1,10,9,2,9
2.02E+12,2,9,0,17,0,1,0,0,0,0,1,1,6,1,19,4,1390,1,13,1,1,1
2.02E+12,3,9,0,4,0,1,0,0,0,0,2,1,6,1,61,9,998,1,14,3,1,3
2.02E+12,1,9,0,18,0,8,0,0,0,0,1,1,6,2,53,8,1360,1,14,7,1,7
2.02E+12,2,19,0,9,0,5,0,0,0,0,4,1,1,1,28,6,2198,2,1,5,1,5
2.02E+12,1,9,0,18,0,2,0,0,0,0,1,1,6,2,38,7,1360,1,9,1,1,1
2.02E+12,1,9,0,10,0,8,0,0,0,0,2,1,6,2,26,6,1242,1,5,10,2,10
2.02E+12,2,9,0,18,0,8,0,0,0,0,1,1,1,2,51,8,1461,2,3,10,2,10
2.02E+12,1,9,0,3,0,1,0,0,0,0,2,1,6,1,26,6,1299,1,15,6,1,6
2.02E+12,1,9,0,18,0,8,0,0,4,2,1,1,6,1,26,6,3387,1,10,2,1,2
2.02E+12,1,5,0,17,0,8,1,0,0,0,1,1,6,1,20,4,599,1,13,9,1,9
2.02E+12,1,9,0,18,0,1,0,0,0,0,1,1,2,1,49,8,973,1,20,9,1,9
2.02E+12,1,9,0,18,0,4,0,0,0,0,1,1,1,1,56,9,1598,1,16,7,1,7
2.02E+12,1,19,0,9,0,5,0,0,0,0,1,1,6,1,42,7,1753,2,12,7,3,7
2.02E+12,1,9,0,18,0,1,0,0,0,0,1,1,6,1,21,5,1560,2,4,8,1,8
2.02E+12,1,9,0,3,0,1,0,0,0,0,2,1,2,2,48,8,996,1,4,5,2,5
2.02E+12,1,9,0,18,0,4,2,9,0,0,1,1,6,1,38,7,1598,1,9,7,1,7
2.02E+12,2,8,0,7,4,6,0,0,0,0,1,1,1,1,37,7,1797,8,5,1,1,1
2.02E+12,1,9,0,8,0,1,0,0,0,0,2,1,6,1,42,7,1597,2,1,8,3,8
2.02E+12,1,9,0,9,0,8,0,0,0,0,3,1,6,2,39,7,1396,1,15,5,1,5
2.02E+12,1,9,0,18,0,1,0,0,7,10,1,1,6,1,85,11,1596,1,15,5,1,5
2.02E+12,2,9,0,18,0,1,0,0,0,0,2,1,6,1,49,8,2000,2,12,10,1,10
2.02E+12,1,9,0,18,0,8,0,0,0,0,3,1,6,1,25,5,1299,1,16,7,1,7
2.02E+12,1,9,0,16,0,8,0,0,0,0,1,1,3,2,35,6,1399,2,12,2,1,2
2.02E+12,1,9,0,10,0,1,0,0,0,0,2,1,6,1,37,7,6208,1,4,3,1,3
2.02E+12,2,9,0,3,0,1,0,0,0,0,2,1,6,1,50,8,1998,2,13,3,1,3
2.02E+12,3,9,0,18,0,1,0,0,0,0,1,1,6,1,17,4,1398,2,9,6,1,6
2.02E+12,1,9,0,9,0,8,0,0,0,0,3,1,6,2,55,8,1398,2,10,8,1,8
2.02E+12,2,21,1,13,0,8,0,0,0,0,1,1,1,1,48,8,10837,2,6,7,1,7
2.02E+12,1,9,0,18,0,6,0,0,0,0,1,2,2,2,52,8,1600,2,15,4,1,4
2.02E+12,2,9,0,18,0,8,0,0,0,0,3,1,2,1,21,5,1986,2,10,4,1,4
2.02E+12,1,21,0,18,0,1,0,0,0,0,3,1,1,1,53,8,3900,2,14,1,1,1
2.02E+12,1,9,0,5,0,8,0,0,0,0,1,1,2,1,37,7,2295,1,15,9,2,9
2.02E+12,2,3,0,18,0,8,1,0,0,0,1,1,6,1,21,5,124,1,2,9,2,9
2.02E+12,2,9,0,18,0,1,0,0,0,0,2,1,6,1,26,6,2000,1,9,2,1,2
2.02E+12,1,3,0,9,0,8,0,0,0,0,1,1,1,1,23,5,125,1,3,6,1,6
2.02E+12,1,9,0,18,0,1,0,0,0,0,1,1,6,1,69,10,1798,2,7,5,3,5
2.02E+12,2,9,0,9,0,4,0,0,0,0,1,1,6,2,36,7,1596,1,3,1,1,1
2.02E+12,1,8,0,18,0,6,0,0,0,0,1,1,1,1,50,8,1998,2,10,5,1,5
2.02E+12,2,9,0,18,0,8,0,0,4,4,4,1,6,2,50,8,1762,1,19,2,1,2
2.02E+12,1,9,0,18,0,6,0,0,1,0,3,1,6,1,20,4,1968,2,1,10,1,10
2.02E+12,2,9,0,18,0,8,0,0,7,0,1,1,6,1,22,5,1598,1,14,9,1,9
2.02E+12,1,9,0,18,0,8,0,0,1,2,3,1,1,1,45,7,1598,2,2,6,1,6
2.02E+12,2,19,0,7,0,8,0,0,0,0,4,1,1,1,23,5,2998,2,11,6,1,6
2.02E+12,1,5,0,18,0,2,1,4,0,0,1,1,2,1,70,10,1298,1,12,3,1,3
2.02E+12,1,11,0,5,0,8,0,0,0,0,0,1,1,2,32,6,3900,2,15,6,1,6
2.02E+12,1,9,0,18,0,8,0,0,0,0,4,1,6,1,40,7,1896,2,17,1,1,1
2.02E+12,1,3,0,3,0,1,0,0,0,0,2,1,1,1,18,4,125,1,2,2,1,2
2.02E+12,2,11,0,4,0,1,1,0,0,0,1,1,1,1,77,11,1045,2,32,1,1,1
2.02E+12,1,9,0,4,0,8,0,0,0,0,1,1,6,1,88,11,2922,1,24,8,1,8
2.02E+12,2,19,0,10,0,8,0,0,0,0,2,1,6,1,39,7,1870,2,14,10,1,10
2.02E+12,1,9,0,2,0,1,0,0,0,0,3,1,6,1,64,9,1248,1,8,3,1,3
2.02E+12,1,9,0,18,0,8,0,0,1,0,1,1,6,2,31,6,1596,1,2,8,1,8
2.02E+12,2,9,0,9,0,6,0,0,1,10,4,1,6,1,46,8,1339,1,10,3,1,3
2.02E+12,1,9,0,13,0,8,2,0,7,9,3,1,2,1,52,8,1398,2,14,5,1,5
2.02E+12,2,9,0,9,0,6,0,0,0,0,1,1,2,2,60,9,1390,1,10,10,2,10
2.02E+12,1,9,0,18,0,8,0,0,0,0,4,1,6,1,29,6,2143,2,6,4,1,4
2.02E+12,1,9,0,9,0,8,0,0,0,0,1,1,6,2,50,8,1422,2,8,3,1,3
2.02E+12,2,9,0,18,0,8,0,0,0,0,1,1,6,2,61,9,1388,1,14,6,1,6
2.02E+12,1,9,0,12,0,8,0,0,0,0,1,1,6,1,25,5,1590,1,14,1,1,1
2.02E+12,1,9,0,9,0,6,0,0,0,0,1,1,2,2,50,8,989,1,11,6,2,6
2.02E+12,2,9,0,18,0,8,0,0,0,0,1,1,1,2,38,7,1108,1,7,8,1,8
2.02E+12,1,9,0,4,0,8,0,0,0,0,2,1,3,2,49,8,1339,8,9,6,1,6
2.02E+12,1,9,0,9,0,5,0,0,0,0,2,1,6,1,28,6,1995,2,4,3,1,3
2.02E+12,1,9,0,18,0,5,0,0,0,0,1,1,3,1,36,7,2148,2,15,4,1,4
2.02E+12,1,9,0,7,0,6,2,0,0,0,3,1,1,1,37,7,1590,1,12,9,3,9
2.02E+12,1,9,0,1,0,6,0,0,0,0,2,1,1,1,55,8,1560,2,3,7,1,7
2.02E+12,1,9,0,18,0,1,0,0,7,11,1,1,6,1,76,11,1329,1,2,7,2,7
2.02E+12,1,9,0,9,0,5,1,7,0,0,0,1,6,2,26,6,1248,2,8,7,3,7
2.02E+12,2,9,0,18,0,8,0,0,0,0,1,1,6,1,31,6,1995,1,14,2,1,2
2.02E+12,1,9,0,18,0,1,0,0,0,0,1,1,6,1,21,5,1598,1,8,5,1,5
2.02E+12,1,9,0,7,0,6,0,0,0,0,1,1,6,2,40,7,1753,2,12,9,1,9
2.02E+12,1,9,0,18,0,1,0,0,0,0,1,1,6,2,34,6,2926,2,15,2,1,2
2.02E+12,2,9,0,10,0,1,0,0,0,0,2,1,6,1,28,6,1968,2,1,1,1,1
2.02E+12,1,9,0,11,0,1,0,0,0,0,2,1,6,2,57,9,1598,1,16,2,1,2
2.02E+12,2,9,0,15,0,1,0,0,0,0,1,1,6,1,20,4,1968,2,4,8,1,8
2.02E+12,1,9,0,18,0,2,0,0,0,0,1,1,6,1,30,6,1870,2,15,6,1,6
2.02E+12,1,9,0,9,4,5,0,0,0,0,4,1,3,1,34,6,1398,2,14,4,1,4
2.02E+12,1,9,0,18,0,8,0,0,0,0,1,1,6,1,73,10,2179,2,3,10,1,10
2.02E+12,1,9,0,9,0,5,0,0,0,0,1,1,6,2,36,7,1968,2,3,7,1,7
2.02E+12,2,9,0,18,0,8,0,0,0,0,1,1,6,1,44,7,1598,1,15,1,1,1
2.02E+12,1,21,1,14,0,2,0,0,0,0,4,1,1,1,38,7,12902,2,4,6,1,6
2.02E+12,2,9,0,5,0,6,0,0,0,0,1,1,6,1,50,8,1390,1,9,8,1,8
2.02E+12,2,9,0,18,0,8,0,4,1,0,3,1,6,1,55,8,1242,1,2,3,1,3
2.02E+12,1,9,0,9,0,8,0,0,0,0,1,1,1,2,37,7,1397,1,14,1,1,1
2.02E+12,2,19,0,9,0,8,0,0,0,0,1,1,1,1,31,6,1560,2,4,8,1,8
2.02E+12,1,9,0,9,0,2,0,0,0,0,1,1,1,1,27,6,1398,1,6,8,1,8
2.02E+12,1,9,0,18,0,1,1,0,7,0,4,1,6,2,72,10,1591,1,1,6,1,6
2.02E+12,2,9,0,13,0,1,2,4,0,0,1,1,6,1,25,5,1995,2,12,6,1,6
2.02E+12,2,9,0,3,0,1,0,0,0,0,3,1,6,2,35,6,1364,1,7,6,3,6
2.02E+12,2,2,0,10,0,8,0,0,0,0,2,1,2,1,20,4,49,1,4,5,1,5
2.02E+12,1,9,0,18,0,8,0,0,0,0,1,1,1,2,56,9,1587,1,14,10,1,10
2.02E+12,1,9,0,7,0,6,0,0,0,0,1,1,1,1,41,7,2401,2,11,6,1,6
2.02E+12,1,9,0,18,0,8,0,0,0,0,1,1,1,1,38,7,1685,2,3,2,1,2
2.02E+12,2,9,0,9,0,8,0,0,0,0,1,1,6,2,41,7,1791,8,6,8,3,8
2.02E+12,1,9,0,18,0,8,0,0,0,0,2,1,2,2,57,9,998,1,1,7,3,7
2.02E+12,1,9,0,17,0,8,2,0,7,10,1,1,6,2,23,5,1995,1,7,8,1,8
2.02E+12,2,5,0,9,0,8,0,0,0,0,1,1,6,1,46,8,600,1,17,7,1,7
2.02E+12,1,9,0,18,0,6,0,0,0,0,3,1,6,2,58,9,1598,1,9,8,3,8
2.02E+12,2,9,0,9,0,6,0,0,0,0,1,1,6,1,35,6,1796,1,10,5,1,5
2.02E+12,1,9,0,18,0,6,0,0,0,0,1,1,1,1,53,8,2494,2,6,9,2,9
2.02E+12,2,9,0,18,0,8,0,0,0,0,3,1,6,1,25,5,995,1,10,10,2,10
2.02E+12,1,9,0,16,0,8,0,0,0,0,1,1,6,1,71,10,2720,2,12,8,3,8
2.02E+12,2,9,0,6,0,8,0,0,0,0,2,1,6,2,43,7,1598,2,3,10,1,10
2.02E+12,1,9,0,18,0,6,1,0,0,0,1,1,6,2,25,5,1587,1,14,8,1,8
2.02E+12,2,9,0,18,0,8,1,0,0,0,1,1,6,1,57,9,1896,2,16,3,1,3
2.02E+12,1,9,0,18,0,2,0,0,0,0,4,1,6,2,33,6,1998,1,8,9,1,9
2.02E+12,1,3,0,18,0,8,0,0,0,0,1,1,6,1,19,4,124,1,7,6,2,6
2.02E+12,2,8,0,5,0,4,0,0,0,0,3,1,6,1,28,6,1968,2,8,1,1,1
2.02E+12,1,9,0,4,0,1,0,0,0,0,2,1,6,1,43,7,3498,1,12,6,1,6
2.02E+12,3,9,0,18,0,1,0,0,0,0,2,1,6,1,45,7,1995,2,5,9,1,9
2.02E+12,4,9,0,4,0,1,0,0,0,0,1,1,6,2,56,9,1499,2,3,9,2,9
2.02E+12,1,9,0,9,0,8,0,0,0,0,2,1,6,1,32,6,1968,2,6,4,1,4
2.02E+12,2,9,0,6,0,8,0,0,0,0,1,1,6,1,36,7,1896,2,10,6,1,6
2.02E+12,1,9,0,18,0,8,0,0,0,0,1,1,6,1,53,8,1386,1,4,8,3,8
2.02E+12,2,9,0,18,0,8,0,0,0,0,4,1,6,1,51,8,1999,2,2,8,1,8
2.02E+12,1,9,0,18,0,8,0,0,0,0,4,1,6,1,52,8,2088,2,27,8,1,8
2.02E+12,1,9,0,18,0,1,0,0,0,0,1,1,6,1,52,8,1794,1,11,3,1,3
2.02E+12,1,9,0,18,0,8,1,10,4,1,4,1,6,1,49,8,1560,2,7,10,2,10
2.02E+12,2,9,0,9,0,5,0,0,0,0,1,1,2,1,27,6,1560,2,12,2,1,2
2.02E+12,1,9,0,18,0,8,0,0,0,0,1,1,6,2,30,6,1995,2,10,5,1,5
2.02E+12,1,9,0,18,0,6,0,0,0,0,1,1,6,1,35,6,1968,2,8,8,1,8
2.02E+12,2,9,0,18,0,8,0,0,0,0,4,1,6,2,35,6,1598,1,10,4,1,4
2.02E+12,2,9,0,18,0,8,0,0,0,0,1,1,6,1,18,4,1198,1,15,6,3,6
2.02E+12,1,9,0,9,0,4,0,0,0,0,1,1,6,1,58,9,2360,1,13,4,1,4
2.02E+12,2,9,0,18,0,8,0,0,0,0,1,1,6,1,25,5,1149,1,15,8,1,8
2.02E+12,1,9,0,9,0,8,0,0,0,0,4,1,6,1,71,10,1997,2,6,9,1,9
2.02E+12,2,17,0,7,0,6,0,0,0,0,1,1,1,1,33,6,3387,2,1,7,1,7
2.02E+12,1,9,0,18,0,2,0,0,0,0,0,1,6,1,52,8,1493,2,12,1,1,1
2.02E+12,2,5,0,18,0,2,0,0,0,0,3,1,6,1,39,7,883,1,6,7,1,7
2.02E+12,3,5,0,18,0,2,0,0,0,0,4,1,6,1,27,6,883,1,8,9,1,9
2.02E+12,1,3,0,18,0,8,0,0,0,0,1,1,1,1,18,4,124,1,16,1,1,1
2.02E+12,2,9,0,9,0,8,0,0,0,0,4,1,1,1,45,7,1896,2,14,8,1,8
2.02E+12,1,9,0,18,0,1,0,0,0,0,1,1,6,1,37,7,1590,1,14,6,1,6
2.02E+12,2,9,0,4,0,1,0,0,0,0,2,1,6,1,58,9,1968,2,1,6,1,6
2.02E+12,2,9,0,5,0,4,0,0,0,0,1,1,2,1,30,6,1995,1,16,3,1,3
2.02E+12,2,9,0,18,0,8,5,0,0,0,4,1,2,2,56,9,1461,2,4,7,3,7
2.02E+12,1,9,0,9,0,5,0,0,0,0,1,1,6,1,40,7,2993,2,11,8,1,8
2.02E+12,1,9,0,18,0,8,0,9,3,1,1,1,6,2,33,6,1995,2,5,9,3,9
2.02E+12,1,8,0,9,0,6,0,0,0,0,1,1,1,1,38,7,1997,2,1,4,1,4
2.02E+12,2,9,0,18,0,8,0,0,0,0,4,1,6,2,53,8,1998,2,12,7,1,7
2.02E+12,2,9,0,16,0,1,0,0,0,0,1,1,6,1,77,11,1339,1,2,7,1,7
2.02E+12,1,9,0,10,0,8,0,0,0,0,2,1,6,1,66,10,1995,2,11,5,2,5
2.02E+12,2,21,1,18,0,8,1,0,0,0,1,1,1,1,50,8,12902,2,2,9,1,9
2.02E+12,1,9,0,3,0,1,0,0,0,0,0,1,6,2,29,6,1896,2,12,5,1,5
2.02E+12,2,9,0,16,0,1,0,0,0,0,1,1,6,2,26,6,1396,1,8,4,1,4
2.02E+12,1,9,4,9,0,5,0,0,0,0,1,1,1,1,52,8,1968,2,8,8,3,8
2.02E+12,2,9,0,18,0,8,0,0,1,0,1,1,6,1,67,10,1199,1,13,5,1,5
2.02E+12,1,5,0,16,0,1,0,0,0,0,1,1,6,1,71,10,650,1,5,10,1,10
2.02E+12,2,9,0,7,0,2,0,0,0,0,3,1,6,2,34,6,1796,1,21,7,3,7
2.02E+12,2,8,0,18,0,8,0,0,0,0,1,1,1,1,32,6,2499,2,7,3,1,3
2.02E+12,1,9,0,18,0,2,0,0,4,6,1,1,6,1,42,7,1839,1,13,1,1,1
2.02E+12,1,9,0,16,0,2,0,12,0,0,1,1,6,2,62,9,1796,2,3,10,1,10
2.02E+12,1,5,0,18,0,1,0,0,0,0,1,1,6,1,34,6,998,1,13,1,1,1
2.02E+12,2,9,0,4,0,1,0,0,0,0,2,1,6,1,53,8,1905,2,19,1,1,1
2.02E+12,1,9,0,18,0,6,0,0,0,0,4,1,6,2,39,7,1582,2,8,9,1,9
2.02E+12,2,9,0,18,0,8,0,0,0,0,1,1,6,1,73,10,1796,1,9,6,3,6
2.02E+12,1,9,0,18,0,8,2,0,1,10,1,1,6,1,57,9,1598,1,12,6,1,6
2.02E+12,2,8,0,9,0,8,0,0,0,0,1,1,1,1,28,6,1791,8,6,1,1,1
2.02E+12,1,9,0,18,0,4,0,0,0,0,1,1,6,2,69,10,1329,1,2,10,2,10
2.02E+12,1,9,0,16,0,8,0,0,0,0,1,1,2,1,23,5,1984,1,7,4,1,4
2.02E+12,2,9,0,9,0,6,0,0,0,0,3,1,2,1,35,6,1399,1,8,6,3,6
2.02E+12,2,9,0,17,0,8,0,0,0,0,1,1,2,1,32,6,1396,1,19,8,2,8
2.02E+12,1,9,0,5,0,6,0,0,0,0,1,1,6,1,45,7,1461,2,4,8,1,8
2.02E+12,2,9,0,9,0,5,0,0,0,0,1,1,6,1,22,5,1199,1,16,1,1,1
2.02E+12,1,9,0,18,0,8,0,0,0,0,3,1,2,2,24,5,1364,1,8,10,1,10
2.02E+12,1,9,0,18,0,8,0,0,0,0,1,1,6,2,28,6,1360,1,13,1,1,1
2.02E+12,2,8,0,18,0,6,0,0,0,0,4,1,1,1,28,6,1968,2,8,4,1,4
2.02E+12,1,9,0,3,0,1,0,0,0,0,2,1,3,2,29,6,1896,2,14,7,3,7
2.02E+12,1,9,0,18,0,2,0,0,0,0,3,1,6,1,28,6,1995,2,8,6,3,6
2.02E+12,1,9,0,18,0,8,0,0,0,0,1,1,6,1,60,9,2148,2,8,5,1,5
2.02E+12,2,9,0,9,0,6,0,0,0,0,3,1,6,2,24,5,1910,2,9,9,1,9
2.02E+12,3,9,0,10,0,8,0,0,0,0,3,1,6,1,33,6,1396,1,15,3,1,3
2.02E+12,1,9,0,9,0,8,0,0,0,0,0,1,3,2,33,6,1598,2,3,5,2,5
2.02E+12,2,3,0,13,0,8,0,0,7,0,1,1,6,1,21,5,124,1,2,8,1,8
2.02E+12,1,9,0,18,0,1,1,0,2,11,1,1,6,1,19,4,1242,1,10,3,2,3
2.02E+12,1,9,0,18,0,8,0,0,0,0,1,1,6,2,41,7,1956,2,7,3,1,3
2.02E+12,2,9,0,18,0,8,0,10,1,11,1,1,6,1,19,4,1229,1,9,6,1,6
2.02E+12,1,9,0,10,0,8,0,0,0,0,2,1,6,2,60,9,1299,1,12,5,1,5
2.02E+12,2,9,0,16,0,8,0,0,0,0,1,1,6,1,49,8,1753,2,10,6,1,6
2.02E+12,1,9,0,16,0,2,0,0,1,4,1,1,1,2,29,6,1598,1,9,5,1,5
2.02E+12,2,9,0,18,0,8,1,0,4,6,1,1,6,1,32,6,2143,2,4,8,2,8
2.02E+12,1,9,0,1,0,6,0,0,0,0,2,1,1,2,35,6,1910,2,11,2,1,2
2.02E+12,2,5,0,18,0,8,0,0,0,0,1,1,1,1,45,7,645,1,4,7,1,7
2.02E+12,2,9,0,9,0,5,0,0,0,0,3,1,2,2,32,6,1560,2,13,10,2,10
2.02E+12,1,9,0,18,0,1,0,0,0,0,2,1,1,1,58,9,1587,1,12,1,1,1
2.02E+12,2,9,0,2,0,1,0,0,0,0,2,1,1,1,52,8,1997,2,8,1,1,1
2.02E+12,3,9,0,3,0,1,0,0,0,0,1,1,2,2,48,8,1197,1,1,3,1,3
2.02E+12,2,8,0,9,2,6,0,0,0,0,3,1,1,1,60,9,1798,8,1,2,1,2
2.02E+12,1,9,0,17,0,8,0,0,1,10,3,1,6,2,60,9,1197,1,7,5,1,5
2.02E+12,1,9,0,18,0,1,0,0,0,0,1,1,2,1,59,9,1596,1,7,1,1,1
2.02E+12,1,9,0,7,0,6,0,0,0,0,1,1,6,1,81,11,1896,2,15,5,1,5
2.02E+12,3,21,0,10,0,1,0,0,0,0,1,1,1,1,63,9,9290,2,5,5,1,5
2.02E+12,1,9,0,3,0,8,0,0,0,0,1,1,6,1,29,6,1198,1,9,6,3,6
2.02E+12,2,9,0,17,0,8,0,0,0,0,3,1,6,1,24,5,1596,1,19,9,1,9
2.02E+12,1,9,0,18,0,4,0,0,0,0,1,1,6,2,31,6,1596,1,2,5,2,5
2.02E+12,1,19,0,18,0,8,0,0,0,0,4,1,3,1,37,7,1598,2,2,3,1,3
2.02E+12,1,19,0,18,0,8,0,0,0,0,1,1,1,1,45,7,1686,2,5,7,2,7
2.02E+12,2,9,0,4,0,8,0,0,0,0,2,1,2,2,54,8,1198,1,3,8,1,8
2.02E+12,1,9,0,7,0,6,0,0,0,0,4,1,1,2,21,5,1242,1,4,1,1,1
2.02E+12,1,9,0,3,0,1,0,0,0,0,2,1,6,1,53,8,1198,1,4,8,2,8
2.02E+12,2,9,0,16,0,1,0,0,0,0,1,1,6,1,19,4,1390,1,12,2,1,2
2.02E+12,1,8,0,9,0,6,0,0,0,0,1,1,1,1,51,8,1997,2,3,3,1,3
2.02E+12,1,8,0,18,0,1,1,0,1,11,2,1,1,1,38,7,1797,8,6,2,1,2
2.02E+12,1,9,0,18,0,8,0,0,0,0,1,1,1,2,28,6,1598,1,12,7,1,7
2.02E+12,2,9,0,18,0,6,0,10,2,4,3,1,1,2,27,6,998,1,17,3,1,3
2.02E+12,1,9,0,11,0,8,0,0,0,0,4,1,6,1,30,6,2204,2,10,3,1,3
2.02E+12,2,3,0,18,0,8,0,0,0,0,3,1,6,1,20,4,124,1,2,3,1,3
2.02E+12,1,9,0,7,0,2,0,0,0,0,1,1,2,1,21,5,1248,1,3,2,1,2
2.02E+12,1,9,0,9,0,6,0,0,0,0,1,1,6,1,24,5,1995,2,8,4,2,4
2.02E+12,1,9,0,7,0,8,0,0,0,0,1,1,6,1,34,6,1598,2,7,6,1,6
2.02E+12,1,9,0,7,0,8,0,0,0,0,1,1,6,2,59,9,1998,8,1,7,2,7
2.02E+12,2,9,0,18,0,8,0,0,0,0,4,1,6,1,43,7,1560,2,5,3,1,3
2.02E+12,1,9,0,13,0,8,0,0,0,0,4,1,6,2,50,8,1991,2,12,6,1,6
2.02E+12,1,9,0,7,0,8,0,9,0,0,1,1,6,1,31,6,1994,1,15,3,1,3
2.02E+12,2,8,0,7,2,5,0,0,0,0,4,1,3,1,52,8,1797,8,7,5,1,5
2.02E+12,2,9,0,18,0,8,0,0,0,0,3,1,6,2,24,5,1796,1,9,8,1,8
2.02E+12,2,9,0,18,0,2,0,0,0,0,1,1,6,1,83,11,1587,1,15,7,1,7
2.02E+12,1,21,0,18,0,8,0,0,0,0,1,1,1,1,62,9,4500,2,1,1,1,1