Accident_Index,Vehicle_Reference,Vehicle_Type,Towing_and_Articulation,Vehicle_Manoeuvre,Vehicle_Location-Restricted_Lane,Junction_Location,Skidding_and_Overturning,Hit_Object_in_Carriageway,Vehicle_Leaving_Carriageway,Hit_Object_off_Carriageway,1st_Point_of_Impact,Was_Vehicle_Left_Hand_Drive?,Journey_Purpose_of_Driver,Sex_of_Driver,Age_of_Driver,Age_Band_of_Driver,Engine_Capacity_(CC),Propulsion_Code,Age_of_Vehicle,Driver_IMD_Decile,Driver_Home_Area_Type,Vehicle_IMD_Decile
2.02E+12,2,8,0,6,0,8,0,0,0,0,3,1,1,1,55,8,1997,2,11,1,1,1
2.02E+12,1,9,0,18,0,1,0,0,0,0,4,1,6,2,23,5,1149,1,9,1,1,1
2.02E+12,1,3,0,18,0,8,0,0,0,0,4,1,1,1,25,5,124,1,14,1,1,1
2.02E+12,1,9,0,9,0,5,0,0,0,0,4,1,6,1,22,5,1396,1,16,6,1,6
2.02E+12,2,9,0,5,0,8,0,0,0,0,1,1,6,2,22,5,1390,1,8,3,1,3
2.02E+12,1,9,0,9,0,6,0,0,0,0,3,1,2,1,61,9,1968,2,1,5,3,5
2.02E+12,2,8,0,3,0,1,0,0,0,0,3,1,1,1,36,7,1956,2,4,4,1,4
2.02E+12,1,9,0,18,0,8,1,0,0,0,1,1,6,2,50,8,1364,2,7,7,1,7
2.02E+12,2,9,0,7,0,5,0,0,0,0,4,1,1,2,28,6,1769,1,12,2,1,2
2.02E+12,3,9,0,8,0,1,0,0,0,0,3,1,6,1,53,8,1560,2,7,6,1,6
2.02E+12,1,9,0,18,0,8,0,0,0,0,3,1,6,1,32,6,1360,1,14,5,1,5
2.02E+12,1,9,0,18,0,8,0,0,0,0,1,1,6,1,41,7,1984,1,11,9,1,9
2.02E+12,2,9,0,9,0,5,0,0,0,0,1,1,6,1,22,5,1598,1,15,5,1,5
2.02E+12,3,9,0,8,0,1,0,0,0,0,1,1,6,2,54,8,1390,1,10,6,1,6
2.02E+12,1,9,0,4,0,3,1,0,0,0,4,1,6,1,27,6,1299,1,18,3,1,3
2.02E+12,2,9,0,3,0,1,0,0,0,0,3,1,6,1,26,6,2000,1,9,8,1,8
2.02E+12,2,9,0,18,0,8,0,0,0,0,3,1,1,1,33,6,1968,2,6,1,1,1
2.02E+12,1,5,0,18,0,8,0,0,0,0,1,1,6,1,54,8,645,1,11,2,1,2
2.02E+12,2,9,0,18,0,8,0,0,0,0,2,1,2,2,23,5,1995,2,4,4,1,4
2.02E+12,1,9,0,10,0,1,0,0,0,0,2,1,1,2,56,9,1997,2,16,8,1,8
2.02E+12,2,9,0,18,0,8,0,0,0,0,1,1,6,2,42,7,2295,1,15,6,1,6
2.02E+12,1,9,0,9,0,8,0,0,0,0,1,1,6,1,43,7,2987,2,11,4,1,4
2.02E+12,1,9,0,9,0,5,0,0,0,0,1,1,6,1,45,7,2000,2,12,4,2,4
2.02E+12,2,3,0,18,0,8,1,0,0,0,1,1,6,1,35,6,124,1,11,9,2,9
2.02E+12,1,5,0,18,0,8,0,0,0,0,1,1,6,1,34,6,656,1,11,5,1,5
2.02E+12,1,9,0,18,0,6,0,0,7,10,4,1,6,1,53,8,1364,2,6,6,1,6
2.02E+12,2,9,0,18,0,8,0,0,0,0,1,1,6,2,75,10,1399,1,12,3,1,3
2.02E+12,1,9,0,3,0,1,0,0,0,0,2,1,6,1,50,8,1995,1,11,6,1,6
2.02E+12,2,9,0,4,0,1,0,0,0,0,1,1,6,2,27,6,1461,2,5,6,1,6
2.02E+12,1,9,0,18,0,2,0,0,0,0,1,1,2,2,60,9,1349,1,6,9,1,9
2.02E+12,1,9,0,1,0,6,0,0,0,0,2,1,6,2,24,5,1597,2,4,5,1,5
2.02E+12,1,9,0,18,0,8,0,0,0,0,1,1,6,1,43,7,1389,1,13,3,1,3
2.02E+12,2,9,0,9,0,6,0,0,0,0,3,1,6,2,20,4,1229,1,9,3,1,3
2.02E+12,1,9,0,3,0,2,0,0,0,0,2,1,6,1,55,8,1905,2,19,9,3,9
2.02E+12,1,9,0,10,0,1,0,0,0,0,2,1,6,2,27,6,1596,1,11,1,1,1
2.02E+12,1,9,0,3,0,2,0,0,0,0,2,1,6,1,22,5,1149,1,12,3,1,3
2.02E+12,2,9,0,4,0,2,0,0,0,0,1,1,6,1,29,6,1870,2,15,5,1,5
2.02E+12,1,5,0,13,0,8,1,0,7,9,1,1,6,1,36,7,645,1,8,10,2,10
2.02E+12,1,9,0,18,0,2,0,0,1,0,1,1,6,1,83,11,1399,1,8,1,1,1
2.02E+12,2,9,0,4,0,2,0,0,0,0,2,1,3,2,35,6,1197,1,1,4,1,4
2.02E+12,3,9,0,4,0,2,0,0,0,0,2,1,6,2,59,9,998,1,18,2,1,2
2.02E+12,2,5,0,18,0,8,0,0,0,0,1,1,6,1,34,6,1085,1,17,2,1,2
2.02E+12,1,9,0,9,0,6,0,0,0,0,1,1,6,1,48,8,1596,1,15,1,1,1
2.02E+12,2,9,0,18,0,8,0,0,0,0,4,1,6,1,72,10,1995,2,5,9,1,9
2.02E+12,1,19,0,18,9,8,0,0,0,0,1,1,1,1,46,8,2463,2,11,9,1,9
2.02E+12,2,9,0,18,0,8,0,0,0,0,1,1,6,1,45,7,1396,1,15,2,1,2
2.02E+12,1,9,0,9,0,5,0,0,7,1,3,1,6,2,66,10,1596,1,10,8,1,8
2.02E+12,2,9,0,18,0,8,0,0,0,0,1,1,6,1,59,9,1396,1,18,3,1,3
2.02E+12,2,9,0,18,0,8,0,0,0,0,1,1,6,1,41,7,1956,2,5,3,1,3
2.02E+12,1,9,0,18,0,8,0,0,0,0,3,1,1,1,55,8,1598,1,4,10,2,10
2.02E+12,2,9,0,18,0,6,0,0,0,0,1,1,6,1,17,4,1598,1,14,7,3,7
2.02E+12,1,9,0,4,0,6,1,0,0,0,1,1,6,1,26,6,1200,1,4,5,2,5
2.02E+12,2,9,0,18,0,8,1,0,7,9,4,1,6,1,35,6,1896,2,8,7,1,7
2.02E+12,1,9,0,18,0,8,0,0,0,0,1,1,6,1,59,9,1896,2,18,2,1,2
2.02E+12,2,9,0,9,0,6,0,0,0,0,2,1,6,1,69,10,1298,1,15,6,1,6
2.02E+12,3,19,0,3,0,1,0,0,0,0,1,1,1,1,49,8,2287,2,6,4,1,4
2.02E+12,1,9,0,9,0,5,0,0,0,0,3,1,6,2,35,6,998,1,7,1,1,1
2.02E+12,2,9,0,9,0,6,0,0,0,0,4,1,6,1,32,6,1796,1,6,8,1,8
2.02E+12,1,9,0,18,0,6,0,0,3,4,1,1,6,2,58,9,1999,1,11,7,1,7
2.02E+12,1,9,0,8,0,1,0,0,1,2,2,1,6,1,30,6,2496,2,14,2,1,2
2.02E+12,1,9,0,7,9,6,0,0,0,0,1,1,6,2,37,7,1596,1,11,4,1,4
2.02E+12,1,9,0,9,0,8,0,0,0,0,3,1,1,1,42,7,1686,2,4,1,1,1
2.02E+12,1,19,0,18,0,8,0,0,1,0,1,1,1,1,51,8,2461,2,13,9,3,9
2.02E+12,2,9,0,7,0,5,0,0,1,0,4,1,1,2,42,7,1399,2,5,6,1,6
2.02E+12,1,9,0,4,0,8,0,0,0,0,1,1,6,2,54,8,1560,2,3,10,2,10
2.02E+12,2,9,0,3,0,8,0,0,0,0,2,1,6,2,33,6,1598,2,2,10,1,10
2.02E+12,2,9,0,10,0,1,0,0,0,0,1,1,6,1,66,10,1797,8,4,6,1,6
2.02E+12,1,9,0,3,0,2,0,0,0,0,2,1,6,2,50,8,1298,1,10,9,1,9
2.02E+12,2,9,0,18,0,2,0,0,0,0,1,1,1,2,24,5,1995,2,2,10,1,10
2.02E+12,1,9,0,9,0,6,0,0,0,0,3,1,2,1,52,8,1968,2,6,7,1,7
2.02E+12,2,5,0,18,0,8,0,0,0,0,1,1,6,1,53,8,1450,1,17,8,3,8
2.02E+12,1,3,0,18,0,1,1,0,0,0,2,1,6,1,19,4,125,1,5,1,1,1
2.02E+12,2,9,0,11,0,1,0,0,0,0,1,1,6,1,62,9,2148,2,13,5,1,5
2.02E+12,1,9,0,9,0,5,0,0,0,0,4,1,6,2,31,6,1598,2,6,9,2,9
2.02E+12,1,9,0,9,0,8,0,0,0,0,1,1,2,2,60,9,1395,1,3,10,1,10
2.02E+12,2,9,0,15,0,8,1,0,0,0,3,1,6,2,33,6,2179,2,2,3,1,3
2.02E+12,1,9,0,18,0,8,0,0,0,0,1,1,6,2,26,6,1198,1,4,9,3,9
2.02E+12,1,5,0,4,0,4,1,0,0,0,3,1,1,1,22,5,689,1,1,7,1,7
2.02E+12,1,9,0,11,0,3,1,0,0,0,4,1,6,2,17,4,1124,1,13,10,1,10
2.02E+12,2,9,0,18,0,4,1,0,0,0,1,1,6,1,28,6,2521,1,8,7,1,7
2.02E+12,2,19,0,18,0,1,0,0,0,0,2,1,1,1,57,9,2198,2,2,1,2,1
2.02E+12,1,9,0,13,0,1,0,0,0,0,1,1,2,1,23,5,1896,2,14,2,1,2
2.02E+12,2,19,0,18,0,2,0,0,0,0,1,1,6,1,46,8,1998,2,12,5,1,5
2.02E+12,3,9,0,18,0,1,0,0,0,0,3,1,6,2,20,4,1587,1,12,8,1,8
2.02E+12,2,19,0,18,0,8,0,0,0,0,1,1,2,1,25,5,1560,2,8,6,1,6
2.02E+12,1,9,0,9,0,6,0,0,3,0,3,1,6,2,81,11,1390,1,18,8,3,8
2.02E+12,2,9,0,18,0,8,0,0,0,0,1,1,6,1,37,7,1560,2,8,2,1,2
2.02E+12,1,5,0,9,0,5,0,0,0,0,1,1,6,1,55,8,1050,1,1,10,1,10
2.02E+12,1,9,0,7,0,3,0,0,0,0,3,1,2,1,58,9,1956,2,3,6,1,6
2.02E+12,2,5,0,18,0,3,0,0,0,0,3,1,2,2,31,6,790,1,13,6,1,6
2.02E+12,1,9,0,9,0,5,0,0,0,0,4,1,2,1,22,5,998,1,1,6,1,6
2.02E+12,2,9,0,3,0,8,0,0,0,0,3,1,6,1,39,7,1686,2,7,3,1,3
2.02E+12,2,9,0,18,0,8,0,0,0,0,1,1,6,1,50,8,1560,2,7,7,2,7
2.02E+12,1,9,0,18,0,1,0,0,0,0,1,1,1,2,39,7,1984,2,5,9,1,9
2.02E+12,1,9,0,18,0,1,0,4,0,0,1,1,6,1,35,6,1995,2,12,4,1,4
2.02E+12,2,9,0,2,0,1,0,0,0,0,2,1,6,1,67,10,1197,1,5,7,2,7
2.02E+12,1,9,0,18,0,8,0,0,0,0,4,1,2,1,58,9,1598,1,5,2,1,2
2.02E+12,1,9,0,5,0,6,0,0,0,0,3,1,6,2,25,5,1598,1,11,4,1,4
2.02E+12,1,90,0,6,0,8,0,0,0,0,3,1,6,2,77,11,2000,2,13,1,1,1
2.02E+12,2,9,0,18,0,8,0,0,0,0,1,1,1,1,35,6,1598,2,1,10,1,10
2.02E+12,1,9,0,18,0,8,1,10,0,0,3,1,6,1,18,4,1229,1,10,8,2,8
2.02E+12,1,9,0,18,0,1,0,0,0,0,1,1,1,1,25,5,1984,1,11,1,1,1
2.02E+12,1,9,0,9,0,3,0,0,0,0,1,1,2,1,24,5,3239,1,20,3,1,3
2.02E+12,1,19,0,18,0,8,1,0,0,0,1,1,6,1,29,6,1995,2,9,10,1,10
2.02E+12,2,9,0,18,0,8,0,0,1,1,3,1,2,2,22,5,1598,1,5,8,2,8
2.02E+12,1,9,0,18,0,8,0,0,0,0,3,1,6,1,74,10,1560,2,5,3,1,3
2.02E+12,2,20,1,9,0,6,0,0,0,0,1,1,1,1,46,8,3920,2,7,1,1,1
2.02E+12,1,9,0,18,0,2,0,0,0,0,1,1,6,1,38,7,1896,2,15,2,1,2
2.02E+12,2,9,0,3,0,2,0,0,0,0,2,1,6,2,23,5,1896,2,13,10,2,10
2.02E+12,2,9,0,7,0,5,0,0,0,0,2,1,6,1,46,8,1997,2,4,9,1,9
2.02E+12,1,19,0,9,0,5,0,0,0,0,1,1,1,1,70,10,1248,2,1,8,2,8
2.02E+12,2,5,0,16,0,8,1,0,0,0,1,1,6,1,51,8,1050,1,9,9,1,9
2.02E+12,2,9,0,18,0,8,0,0,3,0,1,1,6,2,50,8,1968,2,10,5,1,5
2.02E+12,1,9,0,18,0,8,0,0,0,0,1,1,2,2,26,6,1398,2,7,5,1,5
2.02E+12,1,9,0,11,0,8,0,0,0,0,1,1,6,1,46,8,999,1,1,1,1,1
2.02E+12,1,19,0,4,0,1,0,0,0,0,2,1,1,1,54,8,1560,2,1,7,1,7
2.02E+12,1,3,0,4,0,8,1,0,0,0,1,1,1,1,32,6,125,1,2,2,1,2
2.02E+12,1,9,0,18,0,8,0,0,1,10,3,1,1,2,51,8,1598,1,5,10,1,10
2.02E+12,1,9,0,16,0,2,1,7,0,0,1,1,6,2,23,5,1198,1,3,10,1,10
2.02E+12,1,9,0,18,0,3,0,7,0,0,1,1,6,2,34,6,1598,1,12,4,1,4
2.02E+12,1,9,0,9,0,5,0,0,0,0,1,1,6,2,50,8,1461,2,3,5,2,5
2.02E+12,1,5,0,13,0,8,0,0,0,0,1,1,6,1,24,5,849,1,26,3,1,3
2.02E+12,2,9,0,9,0,5,0,0,0,0,3,1,6,1,63,9,1997,2,3,10,2,10
2.02E+12,1,9,0,18,0,4,0,0,0,0,1,1,6,1,79,11,999,1,4,9,1,9
2.02E+12,2,9,0,18,0,8,0,0,0,0,1,1,1,1,25,5,2198,2,3,8,3,8
2.02E+12,2,9,0,5,0,4,0,0,0,0,0,1,6,1,35,6,1149,1,8,9,1,9
2.02E+12,1,9,0,3,0,1,0,0,0,0,3,1,6,2,30,6,1799,1,8,4,1,4
2.02E+12,2,9,0,18,0,8,0,0,0,0,1,1,6,2,47,8,1560,2,5,4,1,4
2.02E+12,1,8,0,18,0,1,0,0,0,0,1,1,1,1,48,8,1797,8,4,8,1,8
2.02E+12,2,9,0,9,0,8,0,0,0,0,4,1,6,2,27,6,1240,1,12,8,1,8
2.02E+12,1,9,0,13,0,8,0,0,7,10,4,1,6,1,73,10,2997,1,9,9,2,9
2.02E+12,2,9,0,9,0,8,0,0,0,0,3,1,6,1,35,6,1461,2,9,5,1,5
2.02E+12,3,9,0,18,0,8,0,0,0,0,3,1,1,2,44,7,1598,2,4,4,3,4
2.02E+12,2,9,0,3,0,1,0,0,0,0,2,1,6,2,50,8,1461,2,4,9,1,9
2.02E+12,1,3,0,18,0,1,0,0,0,0,1,1,6,1,36,7,125,1,1,1,1,1
2.02E+12,1,3,0,4,0,1,0,0,0,0,1,1,6,1,19,4,124,1,7,2,1,2
2.02E+12,2,8,0,9,0,8,0,0,0,0,3,1,6,1,46,8,1364,1,2,4,1,4
2.02E+12,1,9,0,9,0,5,0,0,0,0,4,1,6,2,37,7,3200,2,10,3,1,3
2.02E+12,2,9,0,7,0,6,0,0,0,0,1,1,1,1,21,5,1598,1,15,6,1,6
2.02E+12,1,9,0,18,0,8,0,0,0,0,1,1,3,1,66,10,2720,2,11,4,1,4
2.02E+12,1,9,0,18,0,8,0,0,0,0,3,1,2,2,65,9,1386,1,5,7,1,7
2.02E+12,1,9,0,5,0,6,0,0,0,0,3,1,6,1,50,8,1396,1,18,6,1,6
2.02E+12,2,9,0,18,0,8,0,0,0,0,1,1,6,2,67,10,1198,1,4,6,1,6
2.02E+12,1,9,0,18,0,8,1,0,7,11,1,1,6,1,55,8,2495,2,16,5,3,5
2.02E+12,1,8,0,18,2,8,0,0,0,0,1,1,1,1,52,8,1197,1,6,6,1,6
2.02E+12,2,9,0,9,2,5,0,0,0,0,1,1,6,2,22,5,1360,1,16,3,1,3
2.02E+12,1,3,0,18,0,8,0,0,0,0,3,1,6,2,49,8,124,1,4,5,2,5
2.02E+12,2,9,0,18,0,8,0,0,0,0,1,1,6,1,25,5,1796,1,10,2,1,2
2.02E+12,1,9,0,4,0,1,0,0,0,0,2,1,6,2,64,9,1968,2,3,1,1,1
2.02E+12,2,9,0,18,0,1,0,0,0,0,1,1,6,2,33,6,1398,1,13,7,1,7
2.02E+12,2,9,0,5,0,1,0,0,0,0,1,1,6,1,38,7,1198,1,13,1,1,1
2.02E+12,1,9,0,3,0,8,0,0,0,0,2,1,3,2,34,6,1596,1,11,8,1,8
2.02E+12,2,9,0,3,0,8,0,0,0,0,2,1,2,2,65,9,1299,1,16,8,1,8
2.02E+12,3,9,0,18,0,8,0,0,0,0,1,1,3,2,40,7,2143,2,5,2,1,2
2.02E+12,2,4,0,14,0,8,0,0,0,0,4,1,6,1,68,10,248,1,12,9,1,9
2.02E+12,1,9,0,4,0,1,0,0,3,9,1,1,6,1,70,10,3456,8,5,5,1,5
2.02E+12,1,9,0,6,0,8,0,0,0,0,4,1,6,1,74,10,1796,1,12,10,3,10
2.02E+12,2,9,0,16,0,8,0,0,0,0,1,1,1,1,36,7,1339,8,7,3,1,3
2.02E+12,1,9,0,18,0,8,0,0,0,0,1,1,1,1,61,9,1783,1,15,8,2,8
2.02E+12,2,9,0,9,0,5,0,0,0,0,4,1,1,1,54,8,1968,2,4,9,2,9
2.02E+12,1,19,0,4,0,1,0,0,0,0,1,1,6,1,31,6,1686,2,14,10,1,10
2.02E+12,2,9,0,18,0,2,0,0,0,0,1,1,6,2,57,9,1753,2,13,8,1,8
2.02E+12,1,5,0,18,0,1,0,0,0,0,1,1,6,1,35,6,998,1,12,7,1,7
2.02E+12,2,9,0,18,0,8,0,0,0,0,4,1,1,1,43,7,1968,2,5,2,1,2
2.02E+12,1,9,0,6,0,1,0,0,0,0,1,1,6,1,59,9,2204,2,10,1,1,1
2.02E+12,2,9,0,18,0,1,0,0,0,0,3,1,6,2,22,5,1086,1,12,1,1,1
2.02E+12,2,9,0,18,0,8,0,0,0,0,1,1,6,2,20,4,1991,2,8,2,1,2
2.02E+12,1,4,0,7,0,6,0,0,0,0,3,1,6,1,73,10,248,1,19,9,3,9
2.02E+12,2,9,0,18,0,8,0,0,0,0,1,1,6,2,25,5,1896,2,9,5,1,5
2.02E+12,1,9,0,18,0,8,1,0,1,4,1,1,6,1,55,8,1753,2,9,6,1,6
2.02E+12,2,9,0,9,0,6,1,0,0,0,4,1,6,1,25,5,2000,2,12,7,1,7
2.02E+12,1,5,0,5,0,8,1,9,0,0,1,1,6,1,30,6,689,1,1,2,1,2
2.02E+12,1,5,0,18,0,8,0,0,1,9,1,1,1,1,23,5,600,1,20,7,3,7
2.02E+12,2,21,1,9,0,6,0,0,0,0,3,1,1,1,47,8,12902,2,4,7,1,7
2.02E+12,1,3,0,18,0,8,0,0,0,0,1,1,2,1,50,8,124,1,7,5,1,5
2.02E+12,1,9,0,9,0,5,0,0,0,0,2,1,6,1,37,7,1598,1,4,2,1,2
2.02E+12,2,9,0,16,0,8,0,0,0,0,1,1,6,1,18,4,998,1,1,3,2,3
2.02E+12,1,5,0,17,0,8,1,0,1,1,1,1,6,1,26,6,781,1,17,1,1,1
2.02E+12,2,3,0,18,0,8,0,0,0,0,1,1,6,1,29,6,125,1,9,1,1,1
2.02E+12,1,9,0,9,0,6,1,0,1,0,1,1,3,2,58,9,1590,1,12,3,1,3
2.02E+12,2,9,0,18,0,8,0,0,0,0,3,1,6,1,20,4,1995,2,5,10,1,10
2.02E+12,1,9,0,18,0,8,0,0,1,0,1,1,6,2,22,5,1496,2,1,1,1,1
2.02E+12,1,2,0,5,0,8,0,0,0,0,4,1,6,1,50,8,49,1,5,8,1,8
2.02E+12,1,9,0,4,0,1,1,0,1,4,3,1,2,2,45,7,1686,2,12,5,2,5
2.02E+12,2,21,0,18,0,2,0,0,0,0,3,1,1,1,59,9,12902,2,2,1,1,1
2.02E+12,1,9,0,9,0,8,0,0,0,0,3,1,1,1,29,6,2179,2,4,8,1,8
2.02E+12,1,9,0,18,0,8,0,0,0,0,1,1,6,1,35,6,1598,1,17,6,1,6
2.02E+12,2,9,0,4,0,8,0,0,0,0,2,1,6,2,37,7,1389,1,13,6,1,6
2.02E+12,1,9,0,3,0,1,0,0,0,0,2,1,6,2,62,9,998,1,6,8,1,8
2.02E+12,1,9,0,7,0,3,0,0,0,0,2,1,2,2,43,7,2143,2,7,8,3,8
2.02E+12,1,9,0,9,0,5,0,0,0,0,4,1,6,2,36,7,1596,1,10,8,1,8
2.02E+12,2,9,0,18,0,8,0,0,0,0,1,1,6,1,62,9,1364,1,3,5,1,5
2.02E+12,1,9,0,7,0,4,1,9,0,0,1,1,6,1,59,9,1968,2,1,4,1,4
2.02E+12,2,9,0,4,0,4,0,0,0,0,2,1,2,2,32,6,1390,1,12,8,1,8
2.02E+12,1,9,0,4,0,1,0,0,0,0,1,1,6,2,75,10,1461,2,8,8,2,8
2.02E+12,2,9,0,4,0,1,0,0,0,0,1,1,6,2,48,8,1598,2,3,4,1,4
2.02E+12,3,9,0,4,0,1,0,0,0,0,2,1,6,2,40,7,1364,1,8,3,1,3
2.02E+12,1,9,0,5,0,8,1,0,7,1,3,1,6,1,60,9,1976,1,6,7,1,7
2.02E+12,1,9,0,4,0,1,0,0,1,11,4,1,6,1,43,7,2493,8,4,3,1,3
2.02E+12,1,9,0,17,0,2,1,10,8,11,1,1,6,2,24,5,1299,1,17,8,2,8
2.02E+12,1,9,0,9,0,5,0,0,0,0,3,1,3,2,35,6,1598,1,15,9,1,9
2.02E+12,1,9,0,7,4,3,0,0,0,0,4,1,6,2,22,5,1598,1,5,3,1,3
2.02E+12,2,9,0,17,0,2,0,0,0,0,1,1,3,1,40,7,2204,2,10,1,1,1
2.02E+12,1,3,0,4,0,1,0,0,0,0,1,1,6,1,23,5,125,1,8,2,1,2
2.02E+12,2,9,0,3,0,1,0,0,0,0,2,1,6,2,57,9,2231,2,11,6,1,6
2.02E+12,1,3,0,18,0,3,0,0,0,0,4,1,2,1,20,4,125,1,1,1,1,1
2.02E+12,2,9,0,9,0,8,0,0,0,0,3,1,2,1,42,7,1598,1,9,2,1,2
2.02E+12,1,9,0,9,0,6,0,0,0,0,1,1,1,2,66,10,1995,2,1,8,2,8
2.02E+12,2,9,0,9,0,5,0,0,0,0,1,1,6,2,84,11,1339,1,11,10,3,10
2.02E+12,1,19,0,4,0,8,0,0,0,0,2,1,1,1,22,5,2198,2,7,2,1,2
2.02E+12,2,9,0,18,0,8,0,0,0,0,1,1,2,1,47,8,1998,1,13,5,1,5
2.02E+12,3,9,0,18,0,8,0,0,0,0,1,1,2,2,27,6,1242,1,10,5,1,5
2.02E+12,1,9,0,5,0,1,0,0,0,0,1,1,2,1,20,4,1390,1,7,5,1,5
2.02E+12,2,9,0,5,0,1,0,0,0,0,2,1,2,1,38,7,1248,1,1,8,2,8
2.02E+12,3,9,0,5,0,1,0,0,0,0,2,1,2,2,34,6,1596,1,7,9,1,9
2.02E+12,4,19,0,5,0,1,0,0,0,0,2,1,2,1,41,7,2198,2,6,10,1,10
2.02E+12,1,9,0,18,0,8,0,0,0,0,1,1,6,1,64,9,1498,1,1,8,3,8
2.02E+12,1,9,0,18,0,1,0,0,0,0,1,1,6,2,30,6,973,1,18,4,1,4
2.02E+12,2,9,0,18,0,1,0,0,0,0,2,1,6,2,48,8,1360,1,11,5,1,5
2.02E+12,3,9,0,18,0,1,0,0,0,0,2,1,6,1,67,10,1242,1,11,6,1,6
2.02E+12,1,9,0,18,0,1,0,0,0,0,1,1,6,1,26,6,1149,1,13,8,1,8
2.02E+12,2,9,0,3,0,1,0,0,0,0,2,1,6,1,52,8,1896,2,13,4,1,4
2.02E+12,1,9,0,5,0,6,1,0,0,0,3,1,6,2,66,10,2184,2,10,10,1,10
2.02E+12,2,19,0,18,0,8,1,0,7,9,1,1,1,1,37,7,2198,2,5,10,3,10
2.02E+12,1,9,0,3,0,1,0,0,0,0,2,1,2,2,34,6,1598,1,7,8,1,8
2.02E+12,2,9,0,3,0,1,0,0,0,0,2,1,2,1,22,5,1968,2,6,9,2,9
2.02E+12,1,9,0,18,0,2,0,0,0,0,1,1,6,2,72,10,1396,1,14,4,1,4
2.02E+12,3,9,0,4,0,2,0,0,0,0,2,1,6,2,57,9,1587,1,13,9,3,9
2.02E+12,1,9,0,18,0,8,0,0,0,0,3,1,6,1,80,11,998,1,4,7,1,7
2.02E+12,2,9,0,18,0,8,0,0,0,0,1,1,1,2,31,6,998,1,16,4,1,4
2.02E+12,1,8,0,9,0,8,0,0,0,0,1,1,6,1,59,9,1596,1,8,1,1,1
2.02E+12,1,9,0,18,0,8,0,0,0,0,1,1,6,1,35,6,1796,1,8,3,1,3
2.02E+12,2,9,0,9,0,8,0,0,0,0,4,1,6,1,18,4,973,1,15,7,1,7
2.02E+12,1,19,0,4,0,4,1,0,0,0,1,1,6,1,28,6,1598,2,6,10,1,10
2.02E+12,2,9,0,18,0,8,0,0,0,0,4,1,6,2,39,7,1968,2,2,9,3,9
2.02E+12,1,8,0,9,0,8,0,0,0,0,1,1,1,1,47,8,1797,8,4,8,1,8
2.02E+12,1,9,0,7,0,8,1,10,3,11,1,1,6,1,40,7,1910,2,12,3,1,3
2.02E+12,1,9,0,18,0,6,0,0,7,0,1,1,6,1,49,8,1968,2,8,8,2,8
2.02E+12,2,9,0,16,0,8,0,0,1,1,3,1,6,1,74,10,1596,1,17,5,1,5
2.02E+12,2,9,0,18,0,8,0,0,0,0,1,1,6,2,45,7,1896,2,14,3,1,3
2.02E+12,1,9,0,18,0,2,0,0,0,0,1,1,6,1,18,4,995,1,11,9,1,9
2.02E+12,1,19,0,6,0,6,0,0,0,0,4,1,6,1,32,6,1995,2,4,7,3,7
2.02E+12,2,9,0,18,0,8,0,0,0,0,1,1,6,1,17,4,1199,1,13,3,1,3
2.02E+12,1,9,0,18,0,2,0,7,0,0,1,1,2,2,56,9,1598,1,13,8,1,8
2.02E+12,1,9,0,9,0,5,0,7,0,0,4,1,6,1,59,9,1794,1,16,5,1,5
2.02E+12,1,9,0,4,0,1,1,10,7,10,2,1,6,1,22,5,1587,1,12,9,1,9
2.02E+12,1,9,0,3,0,8,0,0,0,0,2,1,6,1,65,9,1598,1,10,3,1,3
2.02E+12,2,9,0,3,0,8,0,0,0,0,2,1,6,2,22,5,1240,1,12,8,2,8
2.02E+12,1,9,0,18,0,8,0,0,7,0,3,1,6,2,50,8,1600,1,6,7,1,7
2.02E+12,1,9,0,18,0,4,0,0,0,0,4,1,6,2,20,4,1398,1,3,1,1,1
2.02E+12,1,9,0,18,0,1,0,0,0,0,1,1,2,1,35,6,1560,2,4,4,1,4
2.02E+12,1,9,0,18,0,8,0,0,0,0,1,1,6,2,58,9,2000,2,8,7,1,7
2.02E+12,2,9,0,5,0,6,0,0,0,0,1,1,6,1,18,4,1390,1,12,7,1,7
2.02E+12,1,9,0,9,0,5,0,0,0,0,4,1,6,1,53,8,1242,1,9,5,1,5
2.02E+12,1,19,0,4,0,2,1,0,0,0,1,1,1,1,37,7,2998,2,11,3,1,3
2.02E+12,2,9,0,4,0,8,0,0,0,0,1,1,2,2,20,4,1198,1,4,5,1,5
2.02E+12,1,9,0,18,0,8,0,0,0,0,4,1,6,2,21,5,1587,1,13,6,1,6
2.02E+12,2,8,0,18,0,6,0,0,0,0,1,1,6,1,41,7,1598,2,5,1,1,1
2.02E+12,1,9,0,9,0,6,0,10,1,0,4,1,1,1,36,7,1341,1,14,3,1,3
2.02E+12,1,11,0,18,0,8,0,0,3,10,1,1,1,1,57,9,4250,2,11,1,1,1
2.02E+12,1,9,0,5,0,1,0,0,0,0,1,1,6,2,80,11,2148,2,9,6,1,6
2.02E+12,1,9,0,3,0,1,0,0,0,0,2,1,6,2,40,7,1461,2,13,3,1,3
2.02E+12,2,5,0,9,0,8,1,0,0,0,0,1,6,1,22,5,600,1,23,10,2,10