Accident_Index,Vehicle_Reference,Vehicle_Type,Towing_and_Articulation,Vehicle_Manoeuvre,Vehicle_Location-Restricted_Lane,Junction_Location,Skidding_and_Overturning,Hit_Object_in_Carriageway,Vehicle_Leaving_Carriageway,Hit_Object_off_Carriageway,1st_Point_of_Impact,Was_Vehicle_Left_Hand_Drive?,Journey_Purpose_of_Driver,Sex_of_Driver,Age_of_Driver,Age_Band_of_Driver,Engine_Capacity_(CC),Propulsion_Code,Age_of_Vehicle,Driver_IMD_Decile,Driver_Home_Area_Type,Vehicle_IMD_Decile
2.02E+12,1,9,0,11,0,1,0,0,0,0,3,1,2,1,26,6,1598,2,3,6,3,6
2.02E+12,1,9,0,8,0,1,0,0,0,0,2,1,2,1,44,7,1984,1,10,6,3,6
2.02E+12,1,9,0,18,0,1,0,7,0,0,1,1,1,1,40,7,1797,8,4,1,1,1
2.02E+12,1,9,0,9,0,6,1,0,0,0,1,1,1,2,34,6,1598,2,5,10,2,10
2.02E+12,2,5,0,17,0,8,1,0,0,0,1,1,6,1,34,6,918,1,18,8,2,8
2.02E+12,1,9,0,18,0,1,1,0,0,0,1,1,2,1,24,5,1956,2,3,5,1,5
2.02E+12,1,9,0,18,0,8,0,0,0,0,1,1,1,2,29,6,1242,1,8,2,1,2
2.02E+12,1,9,0,9,0,6,0,0,0,0,4,1,6,1,22,5,1242,1,5,10,1,10
2.02E+12,2,9,0,18,0,8,0,0,0,0,4,1,6,1,33,6,1997,2,5,3,1,3
2.02E+12,2,19,0,16,0,8,0,0,0,0,4,1,6,1,58,9,1560,2,1,5,1,5
2.02E+12,1,5,0,16,0,8,0,0,1,0,3,1,6,1,54,8,1170,1,11,5,1,5
2.02E+12,1,9,0,9,0,5,0,0,0,0,1,1,6,1,21,5,1496,1,2,7,1,7
2.02E+12,1,9,0,18,0,1,1,10,1,10,1,1,6,1,21,5,1997,1,15,1,1,1
2.02E+12,1,9,0,18,0,8,0,0,0,0,1,1,6,1,27,6,1242,1,4,8,1,8
2.02E+12,2,11,0,18,0,2,0,0,0,0,1,1,1,1,57,9,9200,2,11,4,1,4
2.02E+12,1,21,0,2,0,1,0,0,0,0,3,1,1,1,32,6,9290,2,7,2,1,2
2.02E+12,2,9,0,9,0,2,0,0,0,0,4,1,2,1,39,7,1199,1,13,6,1,6
2.02E+12,1,9,0,18,0,2,0,10,1,10,1,1,6,1,37,7,1796,1,10,8,1,8
2.02E+12,1,9,0,4,0,2,0,0,0,0,2,1,6,1,43,7,1991,2,10,6,1,6
2.02E+12,2,9,0,7,0,3,0,0,0,0,1,1,6,2,37,7,2143,2,7,5,1,5
2.02E+12,2,9,0,17,0,8,0,0,0,0,4,1,6,1,73,10,1896,2,9,6,1,6
2.02E+12,2,3,0,9,0,8,0,0,0,0,3,1,6,2,36,7,124,1,14,2,1,2
2.02E+12,1,9,0,4,0,8,0,0,3,11,1,1,6,2,51,8,1598,1,8,3,1,3
2.02E+12,2,2,0,18,0,8,0,0,0,0,1,1,2,1,17,4,49,1,9,6,1,6
2.02E+12,1,9,0,18,0,2,0,0,0,0,1,1,2,1,55,8,1798,1,10,7,1,7
2.02E+12,1,9,0,18,0,8,1,0,1,2,2,1,6,2,52,8,1390,1,14,5,1,5
2.02E+12,2,9,0,18,0,8,0,0,0,0,1,1,6,2,50,8,1595,1,3,5,1,5
2.02E+12,1,9,0,5,0,1,0,0,0,0,1,1,6,1,66,10,1329,1,8,3,1,3
2.02E+12,1,9,0,18,0,2,5,0,0,0,1,1,1,2,31,6,1206,1,6,5,1,5
2.02E+12,2,9,0,18,0,1,0,0,1,0,1,1,1,1,29,6,1461,2,2,8,2,8
2.02E+12,1,9,0,18,0,8,0,0,3,0,4,1,6,1,21,5,1199,1,14,8,1,8
2.02E+12,2,9,0,18,0,8,0,0,1,0,1,1,6,1,50,8,998,1,1,8,1,8
2.02E+12,1,5,0,18,0,8,0,0,0,0,4,1,6,1,28,6,883,1,3,10,1,10
2.02E+12,1,9,0,12,0,2,0,0,0,0,1,1,6,2,45,7,1396,1,4,4,1,4
2.02E+12,2,9,0,18,0,2,2,0,1,10,1,1,6,1,33,6,1984,1,3,5,1,5
2.02E+12,3,9,0,18,0,2,0,0,0,0,0,1,6,1,28,6,1995,2,5,5,1,5
2.02E+12,1,21,0,7,0,6,0,0,0,0,4,1,1,1,48,8,12900,2,5,3,1,3
2.02E+12,1,9,0,5,0,6,0,0,0,0,1,1,6,2,38,7,1497,1,15,3,1,3
2.02E+12,1,9,0,9,0,8,0,0,0,0,3,1,6,1,37,7,1798,1,15,6,1,6
2.02E+12,1,9,0,4,0,1,0,0,0,0,1,1,6,1,51,8,1998,2,7,9,2,9
2.02E+12,2,9,0,3,0,1,0,0,0,0,2,1,6,1,23,5,1422,2,16,10,1,10
2.02E+12,3,9,0,3,0,1,0,0,0,0,1,1,1,1,38,7,1995,2,1,4,1,4
2.02E+12,1,9,0,7,0,3,0,0,0,0,4,1,6,2,28,6,998,1,11,7,1,7
2.02E+12,2,9,0,9,0,8,0,0,0,0,3,1,6,2,51,8,1388,1,6,6,1,6
2.02E+12,1,9,0,5,0,6,0,0,0,0,4,1,6,1,74,10,1299,1,12,9,3,9
2.02E+12,2,9,0,18,0,8,1,0,4,1,1,1,6,1,42,7,2231,2,10,1,1,1
2.02E+12,1,9,0,18,0,8,0,0,0,0,1,1,6,2,29,6,1995,1,9,2,1,2
2.02E+12,1,9,0,18,0,6,0,0,0,0,1,1,6,1,45,7,1587,1,14,2,1,2
2.02E+12,1,9,0,5,0,6,0,0,0,0,3,1,6,2,51,8,1968,2,6,2,1,2
2.02E+12,1,9,0,9,0,6,0,0,0,0,3,1,6,1,56,9,5000,1,8,7,1,7
2.02E+12,2,9,0,18,0,8,0,0,0,0,1,1,6,1,30,6,1497,1,12,5,1,5
2.02E+12,1,9,0,18,0,8,0,0,0,0,1,1,6,2,39,7,1397,1,15,1,1,1
2.02E+12,2,8,0,9,0,5,0,0,0,0,1,1,1,1,35,6,1560,2,10,4,1,4
2.02E+12,1,9,0,9,0,8,0,0,0,0,4,1,6,2,43,7,1582,2,9,1,1,1
2.02E+12,1,9,0,10,0,1,0,0,0,0,4,1,6,1,52,8,1461,2,2,2,1,2
2.02E+12,1,9,0,3,0,1,0,0,0,0,2,1,6,2,37,7,1995,2,2,9,1,9
2.02E+12,2,9,0,7,0,8,0,0,0,0,3,1,6,2,45,7,1968,2,10,6,1,6
2.02E+12,3,9,0,3,0,8,0,0,0,0,2,1,1,1,55,8,1796,1,12,10,2,10
2.02E+12,4,9,0,10,0,8,0,0,0,0,0,1,2,2,40,7,2987,2,10,1,1,1
2.02E+12,1,9,0,18,0,8,0,10,1,1,1,1,6,2,19,4,998,1,6,1,1,1
2.02E+12,1,19,0,18,0,6,0,0,0,0,1,1,6,1,38,7,2198,2,2,1,1,1
2.02E+12,3,9,0,18,0,8,0,0,0,0,1,1,6,2,60,9,1242,1,2,7,3,7
2.02E+12,1,9,0,18,0,4,0,0,0,0,1,1,1,2,22,5,1242,1,3,6,1,6
2.02E+12,1,9,0,9,0,8,0,0,0,0,1,1,6,2,25,5,998,1,2,2,1,2
2.02E+12,2,9,0,18,0,8,0,0,0,0,1,1,6,2,27,6,1997,2,8,4,1,4
2.02E+12,1,5,0,7,0,8,1,0,0,0,3,1,6,1,57,9,1171,1,18,4,2,4
2.02E+12,1,3,0,17,0,8,0,0,0,0,1,1,6,1,26,6,124,1,3,4,1,4
2.02E+12,1,9,0,10,0,1,0,0,0,0,2,1,6,1,45,7,2295,1,17,1,1,1
2.02E+12,2,9,0,18,0,1,0,0,0,0,1,1,6,1,57,9,2497,1,15,2,1,2
2.02E+12,1,5,0,18,0,8,1,0,0,0,1,1,6,1,24,5,599,1,10,4,1,4
2.02E+12,2,9,0,9,0,5,1,0,0,0,4,1,6,1,44,7,1587,1,15,4,1,4
2.02E+12,2,9,0,18,0,8,0,0,1,0,2,1,6,1,69,10,1248,1,8,9,1,9
2.02E+12,3,9,0,18,0,8,0,0,0,0,3,1,1,1,48,8,1197,1,7,7,1,7
2.02E+12,4,9,0,18,0,8,0,0,0,0,1,1,6,1,41,7,1229,1,10,7,1,7
2.02E+12,2,21,0,4,0,1,0,0,0,0,2,1,6,1,47,8,3920,2,11,7,1,7
2.02E+12,1,9,0,18,0,1,0,0,0,0,1,1,2,1,52,8,1398,1,11,2,1,2
2.02E+12,1,9,0,6,0,1,0,0,0,0,3,1,6,2,21,5,1598,1,9,8,1,8
2.02E+12,1,9,0,4,0,6,0,0,0,0,1,1,6,1,18,4,998,1,13,6,1,6
2.02E+12,2,9,0,18,0,8,0,0,7,11,4,1,6,2,29,6,1388,1,12,6,1,6
2.02E+12,1,9,0,9,0,5,0,0,0,0,1,1,6,1,26,6,1995,2,4,1,1,1
2.02E+12,2,3,0,18,0,8,0,0,0,0,1,1,6,1,25,5,124,1,8,1,1,1
2.02E+12,1,9,0,5,0,4,0,0,0,0,1,1,2,1,61,9,1398,2,12,5,1,5
2.02E+12,2,4,0,9,0,8,0,0,0,0,1,1,6,1,65,9,499,1,19,7,1,7
2.02E+12,1,9,0,18,0,8,0,0,0,0,1,1,6,1,19,4,1686,2,9,3,1,3
2.02E+12,2,9,0,9,0,6,0,0,0,0,1,1,6,2,44,7,1198,1,6,1,1,1
2.02E+12,1,9,0,18,0,8,0,0,1,4,1,1,2,1,19,4,1396,1,15,4,1,4
2.02E+12,1,9,0,4,0,1,1,0,0,0,1,1,6,1,24,5,1124,1,16,9,2,9
2.02E+12,2,9,0,3,0,1,0,0,0,0,2,1,6,2,23,5,1364,1,11,4,1,4
2.02E+12,2,19,0,9,0,4,0,0,0,0,3,1,1,1,49,8,1560,2,3,3,2,3
2.02E+12,1,19,0,1,0,1,0,0,0,0,2,1,1,1,59,9,2402,2,12,6,1,6
2.02E+12,1,9,0,18,0,6,5,0,0,0,1,1,6,2,48,8,3311,8,11,4,1,4
2.02E+12,2,9,0,18,0,8,1,7,1,1,3,1,6,1,35,6,1991,2,8,9,3,9
2.02E+12,2,9,0,9,0,8,0,0,0,0,1,1,6,1,23,5,1398,1,1,5,1,5
2.02E+12,1,9,0,18,0,6,0,0,3,11,1,1,6,1,68,10,2400,2,5,7,3,7
2.02E+12,1,9,0,18,0,1,0,0,0,0,1,1,1,1,48,8,1956,2,5,8,1,8
2.02E+12,1,9,0,18,0,6,1,0,7,9,4,1,2,1,44,7,1560,2,4,8,3,8
2.02E+12,2,9,0,18,0,8,1,0,1,0,1,1,6,1,79,11,1086,1,9,7,3,7
2.02E+12,1,9,0,18,0,8,0,0,0,0,3,1,6,1,19,4,1198,1,12,2,1,2
2.02E+12,2,9,0,9,0,6,0,0,0,0,1,1,6,2,46,8,1794,1,13,3,1,3
2.02E+12,2,9,0,18,0,8,2,0,1,0,3,1,6,1,21,5,1149,1,6,10,1,10
2.02E+12,1,17,4,7,0,2,0,0,0,0,0,1,1,1,26,6,6702,2,7,8,3,8
2.02E+12,2,9,0,18,0,1,0,11,0,0,1,1,6,1,44,7,2393,1,13,6,3,6
2.02E+12,1,3,0,18,0,1,1,10,0,0,1,1,6,1,17,4,124,1,16,4,1,4
2.02E+12,1,9,0,18,0,8,1,0,1,0,1,1,6,1,36,7,1461,2,10,2,1,2
2.02E+12,1,9,0,3,0,1,0,0,0,0,2,1,6,1,68,10,1796,1,9,2,1,2
2.02E+12,1,9,0,3,0,1,0,0,0,0,2,1,6,1,31,6,1598,2,6,1,1,1
2.02E+12,3,9,0,18,0,1,0,0,0,0,1,1,6,2,34,6,1390,1,12,1,1,1
2.02E+12,1,19,0,3,0,1,0,0,0,0,0,1,1,1,28,6,2143,2,3,5,1,5
2.02E+12,2,5,0,5,0,6,0,0,0,0,1,1,6,2,54,8,798,1,2,8,2,8
2.02E+12,2,9,0,9,0,6,0,0,0,0,3,1,6,1,28,6,1360,1,13,1,1,1
2.02E+12,1,8,0,7,0,8,0,0,0,0,1,1,1,1,40,7,1598,2,3,1,1,1
2.02E+12,1,9,0,9,0,5,0,0,0,0,1,1,6,2,40,7,1997,2,13,1,1,1
2.02E+12,2,9,0,18,0,2,0,0,0,0,1,1,6,1,25,5,1364,1,2,7,1,7
2.02E+12,1,9,0,9,0,5,0,0,0,0,1,1,1,1,35,6,1360,1,16,4,2,4
2.02E+12,1,9,0,18,0,1,0,0,0,0,4,1,6,1,28,6,2997,1,13,6,1,6
2.02E+12,1,9,0,18,0,6,0,0,7,9,4,1,1,2,64,9,2143,2,7,9,2,9
2.02E+12,2,9,0,18,0,8,0,0,1,1,1,1,1,2,39,7,4367,2,6,10,1,10
2.02E+12,1,9,0,5,0,6,0,0,0,0,4,1,6,1,39,7,1910,2,7,9,1,9
2.02E+12,2,3,0,18,0,8,0,0,0,0,1,1,6,1,18,4,124,1,8,1,1,1
2.02E+12,1,19,0,9,0,8,0,0,0,0,3,1,1,1,49,8,2198,2,6,6,1,6
2.02E+12,1,9,0,7,0,6,0,0,0,0,1,1,6,1,20,4,1598,1,9,6,1,6
2.02E+12,2,9,0,4,0,8,0,0,7,0,1,1,6,1,58,9,1388,1,13,2,1,2
2.02E+12,3,9,0,18,0,8,0,0,0,0,1,1,6,1,57,9,1910,2,9,7,1,7
2.02E+12,1,5,0,13,0,3,0,0,0,0,1,1,6,1,29,6,1255,1,9,7,1,7
2.02E+12,2,9,0,18,0,3,0,10,0,0,4,1,6,2,27,6,1242,1,3,10,1,10
2.02E+12,1,19,0,9,0,5,0,0,0,0,1,1,2,1,43,7,2151,2,14,10,1,10
2.02E+12,1,9,0,5,0,6,0,0,0,0,1,1,6,1,80,11,1200,1,1,8,1,8
2.02E+12,2,9,0,18,0,8,0,0,1,11,4,1,6,1,63,9,1910,2,10,9,1,9
2.02E+12,1,9,0,9,0,8,0,0,0,0,3,1,6,2,46,8,1199,1,16,4,1,4
2.02E+12,1,9,0,18,0,8,0,0,0,0,1,1,2,1,19,4,1595,1,12,2,1,2
2.02E+12,2,19,0,9,0,8,0,0,0,0,4,1,2,1,56,9,2287,2,6,1,1,1
2.02E+12,1,9,0,18,0,4,0,0,0,0,3,1,1,2,22,5,1248,2,6,4,1,4
2.02E+12,1,9,0,18,0,8,0,0,0,0,3,1,6,2,58,9,1590,1,17,1,1,1
2.02E+12,2,11,0,9,0,6,0,0,0,0,4,1,1,1,55,8,7300,2,12,1,1,1
2.02E+12,2,9,0,5,0,8,0,0,0,0,4,1,6,2,29,6,1997,2,12,10,1,10
2.02E+12,1,9,0,18,0,8,0,0,0,0,1,1,6,1,18,4,1242,1,1,6,1,6
2.02E+12,2,9,0,9,0,8,0,0,0,0,4,1,6,1,29,6,1995,2,11,9,1,9
2.02E+12,1,9,0,18,0,8,5,0,0,0,4,2,6,1,54,8,3500,1,9,5,1,5
2.02E+12,2,9,0,16,0,8,0,0,0,0,1,1,6,1,82,11,1360,1,16,7,1,7
2.02E+12,2,9,0,9,0,6,1,0,0,0,1,1,1,1,43,7,1560,2,6,9,3,9
2.02E+12,1,9,0,18,0,1,1,0,2,10,1,1,6,1,20,4,2494,1,18,1,1,1
2.02E+12,1,9,0,9,0,6,0,0,0,0,2,1,6,1,29,6,1200,1,1,1,1,1
2.02E+12,1,9,0,18,0,8,0,0,7,0,1,1,6,1,66,10,2477,2,10,9,3,9
2.02E+12,2,9,0,18,0,8,0,0,1,0,1,1,6,2,48,8,1598,2,1,10,1,10
2.02E+12,1,9,0,9,0,5,0,0,0,0,1,1,6,2,72,10,1396,1,13,10,1,10
2.02E+12,1,9,0,9,0,8,0,0,0,0,1,1,3,2,35,6,2685,2,13,2,1,2
2.02E+12,2,3,0,14,0,8,0,0,0,0,1,1,2,1,21,5,125,1,2,8,2,8
2.02E+12,1,9,0,12,0,2,1,10,4,0,2,1,6,2,55,8,1242,1,11,3,1,3
2.02E+12,2,9,0,11,0,2,0,0,0,0,1,1,6,1,55,8,1995,2,9,6,1,6
2.02E+12,1,9,0,9,0,5,0,0,0,0,4,1,1,1,51,8,1798,1,9,9,2,9
2.02E+12,2,9,0,5,0,8,0,0,0,0,4,1,2,2,46,8,1242,1,10,7,1,7
2.02E+12,1,9,0,18,0,2,0,0,0,0,1,1,6,1,47,8,1598,1,17,8,1,8
2.02E+12,1,9,0,9,0,2,0,0,0,0,4,1,6,1,39,7,1364,2,12,3,1,3
2.02E+12,1,9,0,9,0,6,0,0,0,0,1,1,6,1,21,5,973,1,15,10,1,10
2.02E+12,1,11,0,9,0,8,0,0,0,0,1,1,1,1,59,9,9360,2,8,10,1,10
2.02E+12,1,9,0,3,0,1,0,0,0,0,2,1,6,1,25,5,1598,1,6,6,1,6
2.02E+12,2,9,0,13,0,8,0,0,0,0,1,1,2,1,29,6,2171,1,13,5,3,5
2.02E+12,2,9,0,18,0,8,0,0,0,0,1,1,6,1,27,6,1248,1,6,10,2,10
2.02E+12,1,9,0,9,0,2,0,0,0,0,1,1,6,2,29,6,1560,2,10,2,1,2
2.02E+12,1,9,0,18,0,6,0,0,7,11,4,1,6,1,21,5,1596,1,8,4,1,4
2.02E+12,2,19,0,18,0,8,0,0,0,0,1,1,6,1,29,6,2299,2,1,8,1,8
2.02E+12,1,9,0,18,0,1,2,0,0,0,1,1,6,1,36,7,2792,1,20,3,1,3
2.02E+12,2,9,0,10,0,1,1,0,0,0,2,1,6,2,31,6,1461,2,1,6,1,6
2.02E+12,3,9,0,10,0,1,0,0,0,0,1,1,6,1,24,5,1598,1,7,1,1,1
2.02E+12,1,9,0,12,8,7,1,0,1,9,3,1,6,2,27,6,1598,1,12,9,1,9
2.02E+12,2,9,0,11,0,8,1,0,1,9,4,1,6,2,36,7,1388,1,13,2,1,2
2.02E+12,1,9,0,5,0,6,0,0,0,0,1,1,1,2,18,4,1242,1,14,10,2,10
2.02E+12,2,9,0,18,0,8,0,0,0,0,4,1,1,2,22,5,1242,1,8,8,3,8
2.02E+12,1,9,0,18,0,8,0,0,0,0,1,1,6,1,29,6,1461,2,15,4,1,4
2.02E+12,1,9,0,9,0,8,0,0,0,0,1,1,6,2,18,4,998,1,10,2,1,2
2.02E+12,2,9,0,18,0,6,0,0,1,0,1,1,6,2,29,6,1360,1,10,4,1,4
2.02E+12,1,9,0,9,0,8,0,0,0,0,4,1,6,2,23,5,1598,1,15,2,1,2
2.02E+12,1,9,0,18,0,8,0,0,0,0,1,1,1,1,33,6,1686,2,3,8,1,8
2.02E+12,1,9,0,5,0,6,0,0,0,0,1,1,6,1,49,8,1896,2,12,1,1,1
2.02E+12,2,5,0,18,0,8,0,0,0,0,1,1,6,1,33,6,620,1,24,6,1,6
2.02E+12,1,9,0,18,0,8,0,0,0,0,1,1,1,1,19,4,1299,1,15,4,3,4
2.02E+12,1,21,1,18,0,1,0,0,0,0,1,1,1,1,39,7,12419,2,3,2,1,2
2.02E+12,1,9,0,9,0,4,0,0,0,0,1,1,6,1,40,7,1968,2,12,7,1,7
2.02E+12,1,3,0,18,0,8,0,0,0,0,1,1,6,1,17,4,125,1,12,9,1,9
2.02E+12,1,21,1,7,0,6,0,12,0,0,1,1,1,1,33,6,6692,2,8,7,3,7
2.02E+12,2,3,0,18,0,8,1,0,0,0,1,1,6,2,18,4,124,1,1,7,2,7
2.02E+12,1,9,0,9,0,5,0,0,0,0,2,1,2,1,38,7,1560,2,8,1,1,1
2.02E+12,1,9,0,18,0,8,0,0,0,0,1,1,2,2,42,7,1998,1,2,7,1,7
2.02E+12,1,9,0,13,0,8,1,0,7,1,1,1,2,1,26,6,1422,2,15,6,1,6
2.02E+12,1,9,0,18,0,8,0,0,7,0,1,1,6,1,34,6,1951,2,13,8,1,8
2.02E+12,3,9,0,2,9,2,0,0,0,0,3,1,1,2,46,8,2179,2,5,3,1,3
2.02E+12,1,17,0,18,0,2,0,0,0,0,1,1,1,1,43,7,4400,2,2,10,1,10
2.02E+12,1,19,0,1,9,8,0,0,0,0,2,1,1,1,62,9,1968,2,1,9,3,9
2.02E+12,1,9,0,18,0,8,0,0,0,0,1,1,6,2,20,4,1299,1,15,6,3,6
2.02E+12,1,10,0,10,0,8,0,0,0,0,1,1,3,1,55,8,2143,2,6,10,1,10
2.02E+12,2,9,0,7,0,8,0,0,0,0,1,1,6,1,30,6,1596,1,13,9,2,9
2.02E+12,2,9,0,9,0,5,0,0,0,0,1,1,6,1,17,4,1061,1,12,1,1,1
2.02E+12,1,4,0,5,0,4,0,0,0,0,2,1,6,1,46,8,399,1,18,5,1,5
2.02E+12,2,9,0,18,0,4,0,0,0,0,1,1,6,1,25,5,1229,1,11,3,1,3
2.02E+12,1,9,0,18,0,8,0,0,0,0,1,1,6,2,69,10,998,1,17,9,1,9
2.02E+12,2,9,0,5,0,6,0,0,0,0,3,1,6,2,27,6,1679,1,19,3,1,3
2.02E+12,1,9,0,9,0,5,0,0,0,0,1,1,6,2,90,11,998,1,15,9,1,9
2.02E+12,1,9,0,5,9,8,0,0,0,0,1,1,6,1,76,11,1396,1,2,8,1,8
2.02E+12,1,90,0,7,0,5,0,0,0,0,0,1,1,1,34,6,6692,2,9,3,1,3
2.02E+12,1,9,0,18,0,8,0,0,0,0,4,1,6,1,32,6,1590,1,15,2,1,2
2.02E+12,2,9,0,10,0,8,0,0,0,0,2,1,6,2,33,6,1461,2,3,8,1,8
2.02E+12,2,9,0,3,0,1,0,0,0,0,2,1,6,1,38,7,1850,1,17,8,2,8
2.02E+12,1,9,0,3,0,1,0,0,0,0,2,1,6,1,26,6,1598,2,1,7,2,7
2.02E+12,1,9,0,18,0,8,0,0,0,0,1,1,6,2,42,7,1582,2,8,8,2,8
2.02E+12,2,9,0,9,0,5,0,0,0,0,4,1,2,1,29,6,1242,1,11,6,1,6
2.02E+12,1,9,0,18,0,8,0,0,0,0,3,1,6,2,21,5,1598,2,6,1,1,1
2.02E+12,1,9,0,18,0,2,0,0,1,4,1,1,6,2,51,8,998,1,16,3,1,3
2.02E+12,1,9,0,18,0,8,0,0,0,0,4,1,6,2,31,6,1598,2,1,9,1,9
2.02E+12,2,9,0,18,0,8,0,0,0,0,1,1,2,1,22,5,1242,1,14,10,2,10
2.02E+12,1,19,0,4,0,1,0,0,0,0,1,1,1,1,34,6,2143,2,3,5,1,5
2.02E+12,1,9,0,18,0,8,0,0,0,0,4,1,2,1,26,6,1242,1,11,8,1,8
2.02E+12,1,5,0,18,0,8,0,0,1,0,1,1,6,1,47,8,998,1,11,9,3,9
2.02E+12,2,9,0,9,0,6,0,0,0,0,3,1,6,1,57,9,1598,1,3,9,1,9
2.02E+12,1,9,0,7,0,1,0,0,0,0,1,1,6,2,68,10,1197,1,1,10,1,10
2.02E+12,1,9,0,18,0,1,0,0,0,0,2,1,3,2,23,5,1229,1,3,3,1,3
2.02E+12,1,9,0,9,0,8,2,0,0,0,4,1,6,2,17,4,1124,1,14,9,1,9
2.02E+12,2,8,0,18,0,8,0,0,0,0,1,1,1,1,54,8,1956,2,6,6,1,6
2.02E+12,2,9,0,18,0,8,0,0,0,0,1,1,2,1,19,4,1229,1,12,10,1,10
2.02E+12,1,90,0,15,2,8,0,0,0,0,1,1,1,2,56,9,2999,2,5,5,1,5
2.02E+12,2,9,0,9,2,5,0,0,0,0,4,1,6,1,71,10,1796,1,10,3,1,3
2.02E+12,1,9,0,9,0,6,0,0,0,0,3,1,1,1,22,5,1596,1,16,9,1,9
2.02E+12,1,9,0,18,0,8,0,0,0,0,1,1,6,2,23,5,1686,2,6,4,1,4
2.02E+12,2,19,0,18,0,8,0,2,0,0,3,1,2,1,40,7,2198,2,9,3,1,3
2.02E+12,3,9,0,2,0,1,0,0,0,0,3,1,6,1,39,7,1560,2,4,2,1,2
2.02E+12,1,9,0,5,0,6,0,0,0,0,1,1,2,2,18,4,1299,1,12,7,3,7
2.02E+12,1,9,0,12,0,1,0,0,0,0,2,1,6,1,36,7,1398,1,16,5,1,5
2.02E+12,1,9,0,18,0,8,0,0,0,0,0,1,6,1,28,6,1686,2,3,3,1,3
2.02E+12,2,9,0,18,0,8,0,7,0,0,1,1,6,1,61,9,1596,1,9,7,1,7
2.02E+12,1,3,0,4,0,1,1,0,0,0,0,1,6,1,18,4,124,1,6,7,1,7
2.02E+12,1,9,0,9,0,8,0,0,1,1,1,1,6,1,27,6,2979,1,14,5,1,5
2.02E+12,1,11,0,9,0,5,0,10,7,4,1,1,1,1,58,9,4461,2,2,9,1,9
2.02E+12,2,9,0,8,0,1,0,0,1,0,1,1,2,2,59,9,1995,2,1,8,2,8
2.02E+12,3,9,0,8,0,1,0,0,1,0,2,1,2,2,45,7,1995,2,1,5,1,5
2.02E+12,4,9,0,2,9,1,0,0,0,0,3,1,6,2,42,7,1997,2,3,8,3,8
2.02E+12,1,9,0,18,0,8,0,0,0,0,1,1,1,1,51,8,1587,1,14,6,2,6
2.02E+12,2,9,0,3,0,6,0,0,0,0,1,1,1,1,32,6,998,1,3,10,1,10
2.02E+12,1,9,0,5,0,4,0,0,0,0,1,1,2,1,27,6,1995,2,1,2,1,2
2.02E+12,1,9,0,18,0,2,0,0,0,0,1,1,2,1,63,9,1997,2,16,2,1,2
2.02E+12,2,9,0,18,0,1,0,0,0,0,1,1,2,1,50,8,1997,2,12,2,1,2
2.02E+12,1,9,0,18,0,8,0,0,0,0,1,1,6,1,70,10,1796,1,10,7,1,7
2.02E+12,2,19,0,9,0,5,0,0,0,0,4,1,6,1,27,6,1560,2,1,6,1,6
2.02E+12,1,3,0,18,0,8,1,0,0,0,1,1,6,1,30,6,125,1,3,4,1,4
2.02E+12,1,9,0,9,0,8,0,10,1,1,1,1,6,1,21,5,1598,1,13,2,1,2
2.02E+12,1,9,0,5,0,6,0,0,0,0,1,1,6,1,47,8,2231,2,8,8,1,8
2.02E+12,2,9,0,17,0,8,0,0,7,11,1,1,6,1,24,5,1890,2,16,10,1,10
2.02E+12,1,9,0,18,0,6,0,0,0,0,1,1,1,2,36,7,1388,1,12,3,1,3
2.02E+12,2,9,0,18,0,8,0,0,0,0,4,1,6,1,25,5,2495,2,23,3,1,3
2.02E+12,3,9,0,2,0,1,0,0,0,0,1,1,6,1,72,10,1595,1,6,8,1,8
2.02E+12,1,9,0,18,0,8,0,0,1,2,1,1,6,2,34,6,1332,1,12,8,1,8
2.02E+12,1,5,0,13,0,8,0,0,0,0,1,1,6,1,59,9,942,1,2,5,1,5
2.02E+12,2,9,0,9,0,5,0,0,0,0,3,1,6,1,41,7,1998,2,11,6,1,6
2.02E+12,1,9,0,9,0,5,0,0,0,0,1,1,6,1,60,9,1390,1,12,3,1,3
2.02E+12,1,9,0,7,0,5,0,0,0,0,4,1,6,1,42,7,999,1,4,2,1,2
2.02E+12,1,9,0,3,0,1,0,0,0,0,2,1,6,1,39,7,1296,1,11,2,1,2
2.02E+12,1,9,0,9,0,5,0,0,0,0,1,1,6,2,85,11,1240,1,12,4,1,4
2.02E+12,2,9,0,5,0,8,0,0,0,0,1,1,6,1,52,8,2979,1,15,9,1,9
2.02E+12,1,9,0,18,0,8,0,0,0,0,4,1,6,2,64,9,1686,2,7,5,1,5
2.02E+12,1,9,0,5,0,6,0,0,0,0,1,1,2,1,17,4,1596,1,9,9,1,9
2.02E+12,1,9,0,18,0,2,0,0,1,0,1,1,2,1,47,8,4297,1,7,8,1,8
2.02E+12,1,9,0,9,0,6,0,0,0,0,1,1,6,2,56,9,2993,2,5,8,3,8
2.02E+12,1,9,0,18,0,1,0,0,0,0,3,1,6,1,18,4,1398,1,1,3,1,3
2.02E+12,2,9,0,18,0,8,0,0,0,0,1,1,2,1,29,6,1229,1,11,6,1,6
2.02E+12,1,9,0,9,0,5,0,10,7,0,1,1,6,1,32,6,1124,1,11,2,1,2