Accident_Index,Vehicle_Reference,Vehicle_Type,Towing_and_Articulation,Vehicle_Manoeuvre,Vehicle_Location-Restricted_Lane,Junction_Location,Skidding_and_Overturning,Hit_Object_in_Carriageway,Vehicle_Leaving_Carriageway,Hit_Object_off_Carriageway,1st_Point_of_Impact,Was_Vehicle_Left_Hand_Drive?,Journey_Purpose_of_Driver,Sex_of_Driver,Age_of_Driver,Age_Band_of_Driver,Engine_Capacity_(CC),Propulsion_Code,Age_of_Vehicle,Driver_IMD_Decile,Driver_Home_Area_Type,Vehicle_IMD_Decile
2.02E+12,1,9,0,6,0,6,0,0,0,0,3,1,6,2,60,9,2996,1,6,10,2,10
2.02E+12,2,3,0,16,0,8,0,0,0,0,1,1,6,1,27,6,124,1,4,1,1,1
2.02E+12,1,5,0,18,0,8,0,0,1,0,3,1,6,1,57,9,1043,1,4,1,1,1
2.02E+12,2,9,0,10,0,8,0,0,0,0,2,1,6,2,61,9,1769,1,14,2,1,2
2.02E+12,2,9,0,9,0,6,0,0,0,0,3,1,6,1,35,6,1242,1,7,2,1,2
2.02E+12,1,9,0,5,9,8,0,0,0,0,1,1,6,1,62,9,1896,2,14,6,2,6
2.02E+12,2,19,0,2,0,8,0,0,0,0,3,1,1,1,28,6,2402,2,8,3,1,3
2.02E+12,1,9,0,4,0,1,0,0,0,0,1,1,2,2,40,7,1995,2,6,10,1,10
2.02E+12,2,9,0,8,0,1,0,0,0,0,2,1,6,1,40,7,2967,2,8,8,3,8
2.02E+12,1,9,0,4,0,5,1,0,1,1,1,1,1,2,19,4,1149,1,8,10,3,10
2.02E+12,1,9,0,9,0,3,0,0,0,0,1,1,6,1,60,9,998,1,2,8,1,8
2.02E+12,1,9,0,4,0,1,0,0,1,11,1,1,6,2,19,4,1390,1,16,7,1,7
2.02E+12,1,9,0,7,0,6,0,0,0,0,3,1,6,1,67,10,998,1,15,2,1,2
2.02E+12,1,9,0,5,0,6,0,0,0,0,1,1,6,1,73,10,2496,1,13,7,1,7
2.02E+12,1,9,0,4,0,1,1,0,0,0,1,1,1,1,35,6,2402,2,8,6,3,6
2.02E+12,2,9,0,3,0,1,0,0,0,0,2,1,2,1,20,4,1968,2,4,9,3,9
2.02E+12,3,9,0,10,0,1,0,0,0,0,2,1,6,1,74,10,1398,2,5,4,1,4
2.02E+12,1,9,0,5,0,1,0,0,0,0,1,1,6,1,46,8,1685,2,4,3,1,3
2.02E+12,2,5,0,3,0,1,0,0,0,0,2,1,6,1,48,8,750,1,34,3,1,3
2.02E+12,1,9,0,8,0,1,0,0,0,0,2,1,6,1,28,6,1328,1,7,3,1,3
2.02E+12,2,9,0,5,0,1,0,0,0,0,1,1,6,2,25,5,1299,1,15,4,1,4
2.02E+12,1,19,0,9,0,5,0,0,0,0,1,1,6,1,39,7,2143,2,4,5,2,5
2.02E+12,2,9,0,3,0,1,0,0,0,0,2,1,6,1,41,7,1360,1,16,1,1,1
2.02E+12,1,9,0,16,0,8,0,0,0,0,1,1,6,1,21,5,1590,1,12,3,1,3
2.02E+12,2,5,0,5,0,8,0,0,0,0,1,1,6,1,43,7,1215,1,3,8,3,8
2.02E+12,1,9,0,18,0,1,0,0,0,0,1,1,6,1,45,7,1796,1,11,9,1,9
2.02E+12,2,9,0,3,0,1,0,0,0,0,2,1,6,1,25,5,1398,1,7,9,2,9
2.02E+12,3,9,0,9,0,8,0,0,0,0,4,1,6,2,61,9,1560,2,8,9,1,9
2.02E+12,1,9,0,4,0,1,0,0,0,0,4,1,2,1,56,9,1596,1,15,8,1,8
2.02E+12,1,9,0,9,0,2,0,0,0,0,3,1,6,2,36,7,1560,2,8,7,1,7
2.02E+12,1,19,0,17,0,2,2,0,1,4,1,1,1,1,45,7,1997,2,1,2,1,2
2.02E+12,1,9,0,4,0,2,0,0,0,0,1,1,1,1,43,7,2179,2,6,5,1,5
2.02E+12,1,9,0,5,0,1,0,0,0,0,1,1,6,2,36,7,1598,1,9,6,1,6
2.02E+12,1,9,0,13,0,8,0,0,7,4,1,1,6,1,25,5,1896,2,14,8,1,8
2.02E+12,2,9,0,9,0,5,0,0,0,0,3,1,6,1,25,5,1796,1,11,8,1,8
2.02E+12,1,9,0,18,0,3,1,0,2,0,1,1,2,2,42,7,1299,1,10,10,1,10
2.02E+12,2,21,1,11,0,3,0,0,0,0,4,1,1,1,25,5,10677,2,2,4,3,4
2.02E+12,1,9,0,18,0,1,0,0,0,0,3,1,6,1,24,5,1998,1,3,1,1,1
2.02E+12,1,9,0,9,0,6,0,0,0,0,1,1,2,1,21,5,1598,1,5,3,1,3
2.02E+12,1,9,0,7,0,5,0,0,0,0,1,1,1,1,40,7,1956,2,7,1,1,1
2.02E+12,1,9,0,18,0,6,0,0,0,0,1,1,2,1,22,5,1390,1,4,7,1,7
2.02E+12,2,9,0,18,0,8,0,0,7,1,4,1,6,2,48,8,1598,1,4,10,1,10
2.02E+12,1,9,0,9,0,2,0,0,0,0,1,1,6,1,42,7,1798,1,5,5,1,5
2.02E+12,1,9,0,18,0,8,0,0,7,9,3,1,6,1,77,11,1598,1,8,10,2,10
2.02E+12,2,19,0,9,0,8,0,0,0,0,1,1,6,1,26,6,1995,2,10,5,1,5
2.02E+12,1,11,0,4,0,1,0,0,0,0,0,1,1,1,57,9,6370,2,8,6,1,6
2.02E+12,1,9,0,18,0,2,0,0,0,0,1,1,6,1,26,6,1149,1,14,8,2,8
2.02E+12,2,5,0,18,0,8,0,0,0,0,1,1,2,1,25,5,1050,1,12,8,1,8
2.02E+12,2,9,0,18,0,8,0,0,0,0,1,1,2,1,24,5,1199,1,16,1,1,1
2.02E+12,1,90,0,18,0,8,0,0,0,0,1,1,1,2,50,8,2999,2,5,9,1,9
2.02E+12,2,9,0,18,0,8,0,0,0,0,3,1,6,1,67,10,1999,1,10,2,1,2
2.02E+12,1,9,0,9,0,8,0,0,0,0,3,1,6,1,46,8,1997,2,27,2,1,2
2.02E+12,2,5,0,13,0,8,0,0,0,0,1,1,2,1,29,6,599,1,14,1,1,1
2.02E+12,2,8,0,3,0,1,0,0,0,0,2,1,1,1,46,8,1797,8,3,4,1,4
2.02E+12,1,9,0,9,0,5,0,0,0,0,1,1,6,1,25,5,1997,2,8,8,2,8
2.02E+12,1,9,0,14,0,2,0,0,0,0,1,1,2,2,38,7,1596,1,7,4,1,4
2.02E+12,1,9,0,8,0,1,0,0,0,0,2,1,6,2,62,9,1299,1,15,4,1,4
2.02E+12,2,9,0,4,0,1,1,0,0,0,1,1,2,1,27,6,2143,2,1,9,1,9
2.02E+12,1,9,0,9,0,5,0,0,0,0,4,1,2,2,48,8,1497,1,15,9,3,9
2.02E+12,1,11,0,18,0,2,0,0,0,0,3,1,1,1,23,5,6696,2,3,1,1,1
2.02E+12,2,19,0,5,0,6,0,0,0,0,1,1,6,1,60,9,1686,2,18,7,1,7
2.02E+12,2,9,0,3,0,2,0,0,0,0,2,1,6,1,25,5,2000,2,8,3,1,3
2.02E+12,1,9,0,4,0,2,0,0,0,0,4,1,6,1,38,7,2000,1,11,2,1,2
2.02E+12,1,19,0,7,0,5,0,0,0,0,4,1,1,1,28,6,1461,2,12,6,3,6
2.02E+12,1,9,0,9,0,5,0,0,0,0,1,1,6,2,21,5,1242,1,8,1,1,1
2.02E+12,2,3,0,18,0,8,0,0,0,0,1,1,1,1,24,5,108,1,1,6,1,6
2.02E+12,1,9,0,9,0,5,0,0,0,0,1,1,6,1,24,5,1149,1,9,2,1,2
2.02E+12,2,9,0,4,0,6,0,0,0,0,1,1,6,2,30,6,1339,1,11,2,1,2
2.02E+12,1,9,0,9,0,6,0,0,3,11,3,1,6,2,25,5,1398,1,6,5,1,5
2.02E+12,1,9,0,8,0,1,0,0,0,0,2,1,6,2,56,9,1796,1,16,3,1,3
2.02E+12,2,8,0,16,0,8,0,0,1,1,3,1,1,1,51,8,1956,2,5,6,1,6
2.02E+12,1,20,0,9,0,8,0,0,0,0,3,1,1,1,22,5,10837,2,2,3,1,3
2.02E+12,2,9,0,18,0,8,0,0,0,0,1,1,6,1,64,9,1397,1,5,9,2,9
2.02E+12,1,9,0,5,0,1,0,0,0,0,4,1,6,2,36,7,2000,2,8,8,1,8
2.02E+12,1,9,0,18,0,3,0,0,0,0,1,1,6,1,33,6,1998,1,12,7,1,7
2.02E+12,2,9,0,4,0,3,0,0,0,0,2,1,6,1,50,8,1364,2,7,6,1,6
2.02E+12,1,9,0,9,0,6,0,0,0,0,3,1,1,1,63,9,2184,2,13,6,1,6
2.02E+12,2,3,0,18,0,8,0,0,0,0,0,1,1,1,22,5,124,1,7,2,1,2
2.02E+12,2,9,0,18,0,8,0,0,0,0,1,1,6,1,45,7,1248,2,10,3,1,3
2.02E+12,1,9,0,3,0,1,0,0,0,0,2,1,6,2,53,8,1299,1,20,8,1,8
2.02E+12,2,9,0,18,0,1,0,0,0,0,1,1,6,2,54,8,1200,1,4,1,1,1
2.02E+12,2,9,0,18,0,8,0,0,0,0,1,1,6,1,30,6,4163,1,10,5,1,5
2.02E+12,1,9,0,9,0,6,0,0,0,0,4,1,6,2,81,11,1399,2,14,8,3,8
2.02E+12,1,9,0,5,9,8,0,0,0,0,1,1,6,1,40,7,1560,2,7,2,1,2
2.02E+12,1,9,0,5,0,1,0,0,0,0,1,1,2,1,33,6,1984,1,15,9,1,9
2.02E+12,1,3,0,14,0,8,0,0,0,0,4,1,6,2,23,5,124,1,3,6,3,6
2.02E+12,2,9,0,9,0,8,0,0,0,0,1,1,6,1,50,8,2987,2,4,7,1,7
2.02E+12,1,9,0,5,0,8,0,0,0,0,1,1,6,2,40,7,1398,1,14,3,1,3
2.02E+12,2,3,0,18,0,8,0,0,0,0,3,1,6,1,26,6,124,1,6,6,1,6
2.02E+12,1,9,0,18,0,8,0,0,0,0,1,1,6,2,81,11,3474,1,19,9,1,9
2.02E+12,2,9,0,9,0,6,0,0,0,0,3,1,6,1,72,10,1399,1,6,10,1,10
2.02E+12,1,9,0,9,0,8,0,0,1,10,4,1,2,1,47,8,1296,1,10,3,1,3
2.02E+12,1,9,0,5,0,4,0,0,0,0,3,1,6,2,81,11,1598,1,10,5,1,5
2.02E+12,1,9,0,4,0,1,0,0,0,0,1,1,6,2,42,7,2987,2,5,4,1,4
2.02E+12,1,9,0,4,0,6,0,0,0,0,1,1,6,2,19,4,1598,1,4,9,2,9
2.02E+12,2,9,0,18,0,8,0,0,0,0,4,1,6,1,85,11,1390,1,11,1,1,1
2.02E+12,1,9,0,4,0,6,1,0,0,0,3,1,6,1,45,7,2926,2,12,9,3,9
2.02E+12,2,9,0,18,0,8,0,0,0,0,1,1,6,2,66,10,1798,1,12,6,1,6
2.02E+12,1,9,0,18,0,8,0,0,0,0,1,1,6,1,22,5,1229,1,12,10,1,10
2.02E+12,1,9,0,18,0,8,1,10,2,10,1,1,2,2,48,8,1360,1,16,8,3,8
2.02E+12,2,9,0,7,0,8,0,0,0,0,1,1,3,2,41,7,1199,1,15,5,1,5
2.02E+12,2,9,0,18,0,8,0,0,0,0,1,1,6,2,61,9,1360,1,11,2,1,2
2.02E+12,1,9,0,18,0,8,0,0,0,0,1,1,2,2,36,7,1896,2,7,3,1,3
2.02E+12,2,8,0,18,0,6,0,0,0,0,1,1,2,1,35,6,1997,2,9,4,1,4
2.02E+12,1,9,0,7,0,3,0,7,7,2,1,1,6,1,88,11,1086,1,14,8,2,8
2.02E+12,1,9,0,7,0,6,0,0,0,0,3,1,6,2,63,9,1198,1,8,9,1,9
2.02E+12,1,9,0,18,0,8,5,0,0,0,4,1,6,2,74,10,1299,1,14,9,2,9
2.02E+12,2,9,0,7,0,6,0,0,0,0,3,1,2,1,25,5,1242,1,4,5,1,5
2.02E+12,1,9,0,9,0,8,0,0,0,0,1,1,6,2,40,7,1998,1,12,3,1,3
2.02E+12,1,9,0,4,0,6,0,0,0,0,1,1,6,1,48,8,1597,1,7,8,1,8
2.02E+12,2,9,0,18,0,8,0,0,0,0,1,1,6,1,69,10,1598,2,7,4,1,4
2.02E+12,1,9,0,18,0,8,5,0,1,1,1,1,6,1,18,4,1198,1,4,10,1,10
2.02E+12,2,9,0,18,0,8,0,0,0,0,1,1,6,2,63,9,1582,2,7,2,1,2
2.02E+12,2,3,0,18,0,8,0,0,4,0,1,1,6,1,20,4,124,1,8,10,1,10
2.02E+12,1,9,0,2,0,8,2,0,1,4,2,1,6,1,73,10,1896,2,16,9,1,9
2.02E+12,1,9,0,18,0,8,0,0,0,0,1,1,1,1,45,7,1598,2,6,3,1,3
2.02E+12,1,9,0,7,0,8,2,10,7,2,3,1,6,1,32,6,1995,2,3,1,1,1
2.02E+12,1,9,0,9,0,5,0,0,0,0,1,1,6,2,59,9,1587,1,12,10,1,10
2.02E+12,2,9,0,16,0,8,0,0,0,0,3,1,6,1,51,8,1896,2,14,6,1,6
2.02E+12,1,19,0,9,0,5,0,0,0,0,1,1,1,1,29,6,2198,2,2,9,1,9
2.02E+12,2,9,0,13,0,8,1,0,1,4,4,1,1,1,61,9,1461,2,11,7,3,7
2.02E+12,1,9,0,18,0,2,0,0,0,0,1,1,2,2,55,8,998,1,13,8,1,8
2.02E+12,1,9,0,18,0,8,0,0,0,0,1,1,2,1,55,8,1895,6,18,1,1,1
2.02E+12,2,9,0,3,0,1,0,0,0,0,1,1,6,1,50,8,2993,2,2,6,1,6
2.02E+12,3,9,0,9,0,5,0,0,0,0,1,1,6,2,81,11,1248,2,8,6,1,6
2.02E+12,1,9,0,7,0,3,0,0,0,0,1,1,6,1,28,6,1560,2,13,1,1,1
2.02E+12,1,9,0,3,0,1,0,0,0,0,2,1,6,1,40,7,1598,2,1,8,1,8
2.02E+12,2,9,0,11,0,1,0,0,0,0,1,1,3,2,33,6,1398,1,3,1,1,1
2.02E+12,1,9,0,17,0,8,0,0,0,0,1,1,2,2,30,6,1995,2,7,10,1,10
2.02E+12,2,9,0,5,0,6,0,0,0,0,3,1,2,2,64,9,1596,1,5,7,1,7
2.02E+12,1,9,0,18,0,8,0,0,0,0,4,1,1,2,51,8,1242,1,4,10,1,10
2.02E+12,2,9,0,10,0,8,0,0,0,0,1,1,6,1,30,6,998,1,18,5,1,5
2.02E+12,1,9,0,18,0,8,0,0,0,0,4,1,6,1,50,8,1598,2,2,8,1,8
2.02E+12,1,9,5,2,0,8,0,0,0,0,2,1,6,1,55,8,2495,2,14,7,3,7
2.02E+12,1,19,0,9,0,8,0,0,0,0,3,1,6,1,28,6,2143,2,4,2,1,2
2.02E+12,1,9,0,9,0,6,0,0,0,0,3,1,6,2,66,10,1461,2,4,1,1,1
2.02E+12,2,9,0,18,0,8,0,0,0,0,1,1,6,2,19,4,1388,1,7,5,1,5
2.02E+12,1,9,0,4,0,8,0,0,1,11,4,1,6,1,24,5,1796,1,25,4,1,4
2.02E+12,2,9,0,18,0,8,0,0,1,11,1,1,2,2,32,6,1598,1,3,9,1,9
2.02E+12,1,19,0,4,0,1,1,0,0,0,1,1,1,1,31,6,2198,2,3,6,1,6
2.02E+12,2,9,0,4,0,1,0,0,0,0,2,1,6,1,63,9,1997,1,3,7,1,7
2.02E+12,2,9,0,9,0,6,0,0,0,0,3,1,2,1,40,7,1910,2,11,4,1,4
2.02E+12,1,9,0,14,0,8,0,0,0,0,1,1,3,2,39,7,1396,1,15,1,1,1
2.02E+12,1,9,0,9,0,8,0,0,0,0,3,1,6,2,56,9,1596,1,11,9,1,9
2.02E+12,1,9,0,3,0,1,0,0,0,0,1,1,6,2,37,7,1388,1,7,4,1,4
2.02E+12,1,4,0,3,0,1,0,0,0,0,2,1,2,1,54,8,399,1,8,7,1,7
2.02E+12,2,9,0,4,0,1,1,0,0,0,1,1,6,1,35,6,1997,2,12,8,1,8
2.02E+12,1,9,0,1,0,2,0,0,0,0,2,1,6,2,66,10,1198,1,2,6,3,6
2.02E+12,1,9,0,6,0,8,0,0,1,0,4,1,2,1,50,8,1896,2,16,1,1,1
2.02E+12,1,9,0,18,0,8,0,0,0,0,1,1,6,1,48,8,1896,2,10,1,1,1
2.02E+12,2,9,0,7,0,6,0,0,0,0,1,1,6,1,31,6,1229,1,11,5,3,5
2.02E+12,1,19,0,18,0,1,0,0,0,0,1,1,1,1,36,7,2402,2,13,4,1,4
2.02E+12,2,9,0,5,0,1,0,7,0,0,2,1,1,2,41,7,1995,2,3,10,2,10
2.02E+12,1,19,0,9,0,5,0,0,0,0,1,1,1,1,19,4,1598,2,1,4,1,4
2.02E+12,2,5,0,18,0,8,0,0,0,0,4,1,6,1,43,7,599,1,10,10,2,10
2.02E+12,1,9,0,18,0,1,0,0,0,0,1,1,2,2,31,6,1612,1,5,10,1,10
2.02E+12,3,9,0,3,0,1,0,0,0,0,2,1,6,1,54,8,1598,2,6,4,1,4
2.02E+12,2,9,0,5,0,6,0,0,0,0,3,1,2,2,19,4,1198,1,8,1,1,1
2.02E+12,1,9,0,13,0,8,0,0,0,0,4,1,6,1,20,4,1242,1,9,8,2,8
2.02E+12,2,9,0,9,0,5,0,0,0,0,3,1,6,2,51,8,1388,1,13,8,3,8
2.02E+12,1,9,0,9,0,5,1,0,7,11,2,1,6,2,52,8,1596,1,11,8,1,8
2.02E+12,2,9,0,18,0,8,0,0,0,0,3,1,6,1,20,4,1461,2,11,5,2,5
2.02E+12,3,9,0,18,0,8,1,10,1,9,1,1,6,1,31,6,1598,2,5,8,1,8
2.02E+12,1,9,0,9,0,5,0,0,0,0,1,1,6,3,38,7,998,1,14,3,1,3
2.02E+12,2,9,0,18,0,8,0,0,0,0,1,1,1,1,23,5,998,1,1,9,3,9
2.02E+12,1,9,0,7,0,8,0,10,0,0,1,1,1,2,42,7,999,1,15,5,1,5
2.02E+12,1,9,0,9,0,3,1,0,1,2,1,1,6,1,66,10,1598,2,3,5,1,5
2.02E+12,1,9,0,9,0,6,0,0,0,0,1,1,3,1,43,7,1968,2,9,7,1,7
2.02E+12,1,9,0,3,0,1,0,0,0,0,2,1,6,2,39,7,1995,2,1,7,1,7
2.02E+12,2,9,0,12,0,1,0,0,0,0,1,1,6,1,18,4,998,1,5,1,1,1
2.02E+12,1,9,0,5,0,6,0,0,0,0,1,1,6,1,61,9,1399,1,8,8,1,8
2.02E+12,1,9,0,12,0,1,5,10,1,4,1,1,6,2,19,4,1399,1,12,9,2,9
2.02E+12,1,9,0,11,0,8,0,0,0,0,3,1,6,2,29,6,1956,2,5,6,1,6
2.02E+12,2,9,0,4,0,8,0,0,0,0,1,1,6,1,32,6,1398,2,12,9,1,9
2.02E+12,3,9,0,4,0,8,0,0,0,0,3,1,6,2,45,7,1968,2,4,8,3,8
2.02E+12,1,9,0,15,0,8,0,0,1,4,1,1,1,1,38,7,1461,2,10,1,1,1
2.02E+12,2,9,0,7,0,5,0,0,0,0,4,1,6,1,28,6,1995,2,12,8,1,8
2.02E+12,1,5,0,5,0,4,0,0,1,0,4,1,1,1,20,4,649,1,9,9,1,9
2.02E+12,1,9,0,5,8,1,0,0,0,0,1,1,6,1,58,9,1794,1,12,10,1,10
2.02E+12,1,9,0,18,0,1,0,0,0,0,3,1,6,2,27,6,1587,1,11,3,1,3
2.02E+12,1,9,0,9,0,6,0,0,0,0,1,1,6,1,19,4,998,1,13,10,1,10
2.02E+12,2,8,0,18,0,8,0,0,7,10,1,1,1,1,41,7,1968,2,5,3,1,3
2.02E+12,1,9,0,18,0,8,0,0,0,0,4,1,6,2,53,8,1397,1,16,2,1,2
2.02E+12,1,9,0,3,0,1,0,0,0,0,2,1,1,1,71,10,1596,1,5,10,2,10
2.02E+12,2,9,0,18,0,1,0,0,0,0,1,1,1,1,67,10,998,1,22,6,1,6
2.02E+12,1,9,0,9,0,8,0,0,0,0,4,1,1,1,41,7,1796,1,3,4,1,4
2.02E+12,2,9,0,18,0,8,0,0,0,0,1,1,6,1,79,11,1086,1,13,1,1,1
2.02E+12,1,9,0,18,0,2,0,0,0,0,1,1,6,1,74,10,1364,1,9,4,1,4
2.02E+12,1,9,0,18,0,8,0,0,0,0,1,1,1,1,59,9,1794,1,9,4,1,4
2.02E+12,1,9,0,18,0,2,0,0,0,0,1,1,6,2,29,6,2993,2,3,4,1,4
2.02E+12,2,9,0,5,0,6,0,0,7,0,3,1,2,2,50,8,1422,1,11,10,1,10
2.02E+12,1,9,0,1,9,6,0,0,0,0,2,1,6,2,34,6,1956,2,3,4,1,4
2.02E+12,2,9,0,5,0,1,0,0,0,0,1,1,6,1,41,7,1398,1,17,3,1,3
2.02E+12,1,3,0,4,0,1,0,0,0,0,3,1,1,1,26,6,125,1,2,5,1,5
2.02E+12,1,9,0,18,0,8,0,0,7,4,3,1,6,1,23,5,1124,1,16,1,1,1
2.02E+12,2,9,0,18,0,4,0,0,0,0,3,1,1,1,21,5,1198,1,5,8,1,8
2.02E+12,1,9,0,11,0,1,0,0,0,0,1,1,6,1,23,5,1799,1,10,4,1,4
2.02E+12,1,9,0,1,0,1,0,0,0,0,2,1,6,1,23,5,2993,2,13,1,1,1
2.02E+12,1,9,0,9,0,8,1,0,0,0,1,1,6,1,34,6,1998,1,17,6,2,6
2.02E+12,2,9,0,18,0,8,0,0,0,0,3,1,6,1,36,7,1198,1,11,7,1,7
2.02E+12,1,9,0,9,0,2,0,0,0,0,1,1,6,1,74,10,1998,2,10,3,1,3
2.02E+12,1,9,0,18,0,1,0,0,0,0,1,1,5,1,29,6,1390,1,20,1,1,1
2.02E+12,2,19,0,4,0,8,0,0,0,0,2,1,5,1,42,7,1998,2,16,2,3,2
2.02E+12,1,9,0,18,0,1,0,0,0,0,3,1,5,1,81,11,999,1,1,8,2,8
2.02E+12,1,9,0,18,0,4,5,9,3,10,1,1,5,1,21,5,1968,2,9,3,1,3
2.02E+12,1,9,0,18,0,1,0,0,0,0,1,1,5,1,65,9,1968,2,1,9,1,9
2.02E+12,2,9,0,3,0,1,0,0,0,0,2,1,5,2,33,6,1598,2,4,6,1,6
2.02E+12,3,9,0,3,0,1,0,0,0,0,2,1,1,1,41,7,2171,1,15,5,1,5
2.02E+12,1,9,0,18,0,1,0,0,3,0,1,1,5,2,32,6,1199,1,13,10,3,10
2.02E+12,1,9,0,18,0,8,0,0,0,0,4,1,6,2,18,4,1461,2,11,3,1,3
2.02E+12,2,9,0,18,0,4,0,0,0,0,1,1,6,2,38,7,1299,1,13,4,3,4
2.02E+12,2,9,0,3,0,3,0,0,0,0,3,1,2,2,48,8,1149,1,8,8,3,8
2.02E+12,2,9,0,3,0,7,0,0,0,0,2,1,6,2,24,5,1388,1,9,3,1,3
2.02E+12,1,9,0,9,0,2,0,0,0,0,1,1,6,1,31,6,1598,2,2,7,1,7
2.02E+12,2,9,0,18,0,1,0,0,1,0,3,1,2,2,51,8,1229,1,12,7,2,7
2.02E+12,1,9,0,7,0,6,0,0,0,0,1,1,2,1,49,8,1995,1,12,9,3,9
2.02E+12,1,5,0,18,0,1,1,0,0,0,1,1,5,1,53,8,996,1,18,5,2,5
2.02E+12,2,9,0,9,0,1,0,0,0,0,2,1,5,1,18,4,1198,1,3,7,1,7
2.02E+12,1,9,0,9,0,8,0,0,0,0,1,1,6,1,72,10,1951,2,13,10,1,10
2.02E+12,1,9,0,13,0,1,0,0,0,0,1,1,5,1,26,6,1298,1,15,2,1,2
2.02E+12,2,9,0,18,0,1,0,0,0,0,1,1,5,2,35,6,1798,1,8,2,1,2
2.02E+12,1,9,0,18,0,8,1,0,0,0,1,1,5,1,41,7,1994,1,17,4,3,4
2.02E+12,2,9,0,18,0,8,0,0,7,2,4,1,5,1,33,6,1796,1,9,6,2,6
2.02E+12,1,9,0,9,0,8,0,0,0,0,1,1,6,1,82,11,2982,2,10,10,1,10
2.02E+12,2,19,0,9,0,8,0,0,0,0,2,1,6,1,41,7,1560,2,5,10,3,10
2.02E+12,1,9,0,12,0,3,0,0,0,0,2,1,2,2,40,7,1598,1,10,4,1,4
2.02E+12,2,9,0,2,0,8,0,0,0,0,2,1,6,2,24,5,1197,1,5,9,3,9
2.02E+12,1,9,0,12,0,7,0,0,0,0,1,1,5,1,58,9,1995,2,1,1,1,1
2.02E+12,2,9,0,18,0,2,0,0,0,0,2,1,5,1,32,6,2996,2,8,3,1,3
2.02E+12,1,10,0,9,0,8,0,0,0,0,2,1,1,1,57,9,3920,2,6,3,1,3
2.02E+12,1,9,0,16,0,1,0,0,0,0,4,1,6,2,58,9,1242,1,2,9,2,9
2.02E+12,1,9,0,18,0,1,1,0,1,0,0,1,2,1,30,6,1794,1,16,8,3,8
2.02E+12,1,9,0,9,0,8,0,0,0,0,1,1,6,2,22,5,1397,1,9,10,2,10
2.02E+12,2,9,0,18,0,8,0,0,0,0,1,1,6,1,29,6,1910,2,10,3,1,3
2.02E+12,1,9,0,9,0,1,0,0,0,0,3,1,2,1,59,9,1870,2,8,1,1,1
2.02E+12,2,9,0,18,0,1,0,0,0,0,1,1,2,1,44,7,1753,2,8,5,1,5
2.02E+12,1,9,0,9,0,8,0,0,0,0,1,1,5,1,46,8,1796,1,6,9,1,9
2.02E+12,1,9,0,7,0,2,0,4,0,0,1,1,5,1,49,8,2499,2,18,2,1,2
2.02E+12,2,9,0,2,0,2,0,0,0,0,2,1,5,2,31,6,1598,1,13,4,1,4
2.02E+12,1,9,0,5,0,6,0,0,0,0,3,1,6,1,41,7,1368,1,4,8,3,8
2.02E+12,2,9,0,4,0,1,0,0,0,0,2,1,5,2,63,9,1998,1,2,4,3,4
2.02E+12,3,9,0,18,0,1,0,0,0,0,1,1,5,2,25,5,1598,1,2,9,1,9
2.02E+12,4,21,1,18,0,1,0,0,0,0,1,1,1,1,36,7,12777,2,2,3,1,3
2.02E+12,1,9,0,18,0,1,0,0,0,0,4,1,6,2,32,6,998,1,1,6,1,6
2.02E+12,2,9,0,18,0,8,0,0,0,0,3,1,6,2,43,7,1560,2,6,7,2,7
2.02E+12,1,9,0,18,0,2,0,0,0,0,1,1,5,2,45,7,1496,2,3,8,3,8
2.02E+12,1,90,0,18,0,2,1,0,0,0,1,1,1,1,47,8,2987,2,3,8,3,8
2.02E+12,2,9,0,18,0,8,0,0,0,0,3,1,5,1,56,9,1997,2,12,7,2,7
2.02E+12,1,8,0,9,0,1,0,0,0,0,2,1,2,1,48,8,2143,2,3,7,1,7
2.02E+12,2,9,0,18,0,1,0,0,0,0,1,1,6,1,27,6,1596,1,13,8,1,8
2.02E+12,1,9,0,4,0,1,0,0,0,0,1,1,6,2,21,5,1364,1,10,1,1,1
2.02E+12,2,9,0,3,0,1,0,0,0,0,2,1,6,2,30,6,1461,2,5,10,3,10
2.02E+12,1,21,0,18,0,3,0,0,0,0,1,1,1,1,49,8,3920,2,3,4,1,4
2.02E+12,1,9,0,18,0,8,0,0,0,0,1,1,5,2,46,8,1386,1,11,6,3,6
2.02E+12,2,9,0,18,0,8,0,0,0,0,3,1,5,2,32,6,1560,2,4,6,1,6
2.02E+12,1,9,0,4,0,1,0,0,3,0,1,1,2,2,26,6,1598,1,11,8,1,8
2.02E+12,1,19,0,9,0,2,0,0,0,0,1,1,6,1,25,5,2198,2,4,7,1,7
2.02E+12,2,3,0,18,0,8,5,0,0,0,3,1,6,1,31,6,125,1,2,1,1,1
2.02E+12,2,9,0,5,0,4,0,0,0,0,2,1,2,2,29,6,1149,1,9,6,3,6
2.02E+12,1,9,0,18,0,2,0,0,0,0,1,1,2,1,29,6,2967,2,5,10,2,10
2.02E+12,1,9,0,17,0,1,1,0,0,0,4,1,1,2,59,9,1364,1,2,5,3,5
2.02E+12,2,9,0,5,0,8,0,0,0,0,1,1,1,2,21,5,1798,8,1,5,2,5
2.02E+12,2,9,0,3,0,4,0,0,0,0,2,1,6,2,63,9,1364,1,11,6,2,6
2.02E+12,1,9,0,8,0,4,0,0,0,0,2,1,5,2,65,9,1399,2,9,8,3,8