Accident_Index,Vehicle_Reference,Vehicle_Type,Towing_and_Articulation,Vehicle_Manoeuvre,Vehicle_Location-Restricted_Lane,Junction_Location,Skidding_and_Overturning,Hit_Object_in_Carriageway,Vehicle_Leaving_Carriageway,Hit_Object_off_Carriageway,1st_Point_of_Impact,Was_Vehicle_Left_Hand_Drive?,Journey_Purpose_of_Driver,Sex_of_Driver,Age_of_Driver,Age_Band_of_Driver,Engine_Capacity_(CC),Propulsion_Code,Age_of_Vehicle,Driver_IMD_Decile,Driver_Home_Area_Type,Vehicle_IMD_Decile
2.02E+12,2,9,0,18,0,1,2,0,0,0,1,1,5,1,81,11,1798,1,10,9,2,9
2.02E+12,2,9,0,3,0,1,0,0,0,0,2,1,6,2,48,8,1968,2,7,3,1,3
2.02E+12,1,9,0,3,0,1,0,0,0,0,2,1,6,1,76,11,1560,2,3,1,1,1
2.02E+12,2,9,0,11,0,3,0,0,0,0,4,1,5,2,38,7,1796,1,15,9,2,9
2.02E+12,2,9,0,7,0,8,0,0,0,0,1,1,6,1,59,9,1689,2,16,7,1,7
2.02E+12,1,21,1,1,0,8,0,0,0,0,2,1,1,1,46,8,12902,2,3,4,1,4
2.02E+12,2,9,0,18,0,1,0,0,1,0,1,1,6,1,77,11,2099,1,12,10,2,10
2.02E+12,1,9,0,18,0,3,1,10,7,4,4,1,5,1,31,6,1560,2,8,2,1,2
2.02E+12,1,9,0,18,0,8,0,0,0,0,3,1,6,1,17,4,1900,2,13,1,1,1
2.02E+12,2,9,0,9,0,8,0,0,0,0,1,1,6,2,39,7,1198,1,7,4,1,4
2.02E+12,1,9,0,18,0,2,0,0,0,0,1,1,6,2,70,10,1968,2,12,9,2,9
2.02E+12,2,9,0,17,0,1,0,0,0,0,1,1,3,1,40,7,1461,2,3,9,3,9
2.02E+12,1,9,0,4,0,1,0,0,0,0,1,1,5,1,49,8,1910,2,11,8,3,8
2.02E+12,2,9,0,3,0,1,0,0,0,0,2,1,5,1,67,10,1968,2,2,8,1,8
2.02E+12,1,9,0,18,0,8,0,0,0,0,1,1,5,1,46,8,1998,2,11,5,2,5
2.02E+12,2,9,0,18,0,1,0,0,0,0,2,1,6,1,63,9,1968,2,11,2,1,2
2.02E+12,1,9,0,5,0,4,0,0,0,0,3,1,5,1,28,6,1461,2,4,1,1,1
2.02E+12,2,3,0,18,0,8,5,0,0,0,1,1,1,1,52,8,125,1,5,2,1,2
2.02E+12,1,9,0,5,0,8,0,0,0,0,1,1,3,1,33,6,1364,1,13,2,1,2
2.02E+12,1,9,0,11,0,5,5,0,1,0,1,1,1,1,54,8,1398,2,11,1,1,1
2.02E+12,1,3,0,7,0,1,0,0,0,0,0,1,4,1,18,4,125,1,1,3,3,3
2.02E+12,1,3,0,16,0,3,1,0,0,0,4,1,6,1,17,4,125,1,5,9,2,9
2.02E+12,1,9,0,9,0,8,0,0,0,0,1,1,6,2,34,6,1596,1,12,5,1,5
2.02E+12,1,9,0,9,0,2,0,0,1,0,4,1,2,2,37,7,998,1,34,8,3,8
2.02E+12,2,19,0,18,0,8,1,0,1,0,3,1,2,1,45,7,2402,2,6,3,1,3
2.02E+12,1,9,0,9,0,8,0,0,0,0,1,1,6,2,50,8,1900,2,12,10,1,10
2.02E+12,1,9,0,7,0,8,0,0,0,0,3,1,5,1,21,5,1388,1,14,5,1,5
2.02E+12,1,9,0,18,0,6,0,0,0,0,1,1,5,1,69,10,1598,1,10,5,2,5
2.02E+12,1,9,0,3,0,1,0,0,7,0,2,1,5,2,27,6,1968,2,9,4,1,4
2.02E+12,2,3,0,18,0,1,0,0,0,0,1,1,5,1,18,4,124,1,1,5,1,5
2.02E+12,2,9,0,7,0,4,0,0,0,0,1,1,6,1,36,7,1390,1,13,8,1,8
2.02E+12,1,9,0,5,0,4,0,0,0,0,1,1,6,1,62,9,995,1,7,8,2,8
2.02E+12,1,9,0,18,0,1,0,0,0,0,1,1,6,2,45,7,1679,1,17,10,2,10
2.02E+12,2,9,0,5,0,1,0,0,0,0,2,1,6,1,45,7,1598,2,8,10,2,10
2.02E+12,3,9,0,5,0,1,0,0,0,0,2,1,6,2,45,7,1364,1,10,8,2,8
2.02E+12,2,9,0,4,0,3,0,0,0,0,1,1,6,1,65,9,1596,1,10,3,1,3
2.02E+12,1,9,0,18,0,4,0,0,0,0,1,1,5,1,60,9,1988,2,13,1,1,1
2.02E+12,2,3,0,9,0,8,0,0,0,0,4,1,1,1,31,6,108,1,1,4,1,4
2.02E+12,1,9,0,9,0,2,0,0,0,0,1,1,6,1,24,5,2495,1,22,7,1,7
2.02E+12,2,9,0,18,0,1,0,0,0,0,1,1,6,1,35,6,1499,2,1,3,1,3
2.02E+12,2,9,0,18,0,1,0,0,0,0,1,1,6,1,24,5,1390,2,16,7,1,7
2.02E+12,1,9,0,18,0,8,0,0,0,0,1,1,6,2,57,9,1796,1,10,7,1,7
2.02E+12,1,9,0,5,0,6,0,0,0,0,1,1,6,2,37,7,1598,1,14,1,1,1
2.02E+12,2,9,0,8,0,1,0,0,0,0,2,1,5,1,45,7,1988,1,13,4,2,4
2.02E+12,1,19,0,18,0,4,0,0,0,0,3,1,5,1,44,7,1997,2,6,7,1,7
2.02E+12,2,5,0,9,0,8,0,0,0,0,4,1,5,1,52,8,980,1,24,8,1,8
2.02E+12,1,8,0,18,9,1,0,0,0,0,4,1,1,1,20,4,2684,2,14,2,1,2
2.02E+12,2,9,0,18,0,1,0,0,0,0,1,1,6,2,56,9,1560,2,3,9,2,9
2.02E+12,1,9,0,7,0,2,0,4,7,10,1,1,5,1,16,4,1896,2,15,1,1,1
2.02E+12,1,2,0,18,0,1,2,0,0,0,1,1,5,1,16,4,49,1,6,8,1,8
2.02E+12,2,9,0,9,0,1,0,0,0,0,2,1,5,2,38,7,1798,1,3,10,1,10
2.02E+12,1,9,0,9,0,6,0,0,0,0,1,1,5,1,45,7,1360,1,10,2,1,2
2.02E+12,1,9,0,18,0,1,0,0,0,0,1,1,5,1,24,5,1896,2,8,7,1,7
2.02E+12,1,19,0,6,0,1,0,0,0,0,3,1,1,1,28,6,1461,2,12,2,3,2
2.02E+12,2,3,0,18,0,1,0,0,0,0,1,1,2,1,23,5,124,1,9,3,1,3
2.02E+12,1,5,0,3,0,1,0,0,0,0,1,1,6,1,31,6,599,1,13,10,1,10
2.02E+12,2,9,0,17,0,8,0,0,0,0,3,1,1,1,43,7,1896,2,8,3,1,3
2.02E+12,1,9,0,3,0,1,0,0,0,0,2,1,5,1,47,8,1461,2,10,5,2,5
2.02E+12,2,3,0,3,0,1,0,0,0,0,2,1,6,1,26,6,125,1,12,3,1,3
2.02E+12,1,21,1,18,0,1,0,0,0,0,1,1,6,1,60,9,12902,2,2,5,2,5
2.02E+12,2,9,0,3,0,1,0,0,0,0,2,1,5,1,48,8,2967,2,10,4,3,4
2.02E+12,2,9,0,3,0,8,0,0,0,0,3,1,6,2,24,5,1461,2,11,6,1,6
2.02E+12,2,19,0,9,0,8,0,0,0,0,4,1,6,1,38,7,2198,2,7,6,2,6
2.02E+12,1,9,0,18,0,1,0,0,0,0,1,1,2,1,28,6,1896,2,13,2,1,2
2.02E+12,2,9,0,9,0,5,0,0,7,0,4,1,2,2,59,9,1582,2,1,5,3,5
2.02E+12,1,9,0,5,0,6,1,0,1,0,3,1,2,2,61,9,1598,1,8,9,3,9
2.02E+12,2,9,0,18,0,8,0,0,0,0,1,1,2,1,51,8,1598,2,2,10,1,10
2.02E+12,1,9,0,9,0,8,0,0,0,0,4,1,5,1,17,4,1360,1,11,10,2,10
2.02E+12,2,9,0,18,0,8,0,0,0,0,1,1,5,1,55,8,1388,1,10,7,1,7
2.02E+12,1,3,0,17,0,1,2,0,0,0,3,1,5,1,23,5,125,1,6,6,3,6
2.02E+12,2,9,0,3,0,1,0,0,0,0,2,1,1,1,25,5,2143,2,2,10,1,10
2.02E+12,1,3,0,9,0,8,0,0,0,0,3,1,5,2,19,4,125,1,2,7,3,7
2.02E+12,2,9,0,18,0,8,0,0,0,0,4,1,5,1,71,10,1598,1,12,1,1,1
2.02E+12,2,9,0,3,0,1,0,0,0,0,2,1,5,1,29,6,1956,2,7,2,1,2
2.02E+12,1,9,0,5,0,8,0,0,0,0,1,1,6,1,59,9,1198,1,8,8,1,8
2.02E+12,2,9,0,4,0,1,0,0,0,0,2,1,5,1,46,8,1910,2,12,9,3,9
2.02E+12,1,9,0,16,0,8,0,0,0,0,1,1,5,1,73,10,1998,1,15,6,1,6
2.02E+12,2,21,1,18,0,3,0,0,0,0,2,1,1,1,43,7,12902,2,2,4,3,4
2.02E+12,1,9,0,18,0,8,0,0,0,0,2,1,6,2,20,4,1242,1,6,5,1,5
2.02E+12,2,19,0,18,0,8,0,0,0,0,1,1,6,1,36,7,1560,2,1,10,2,10
2.02E+12,1,9,0,18,0,2,0,0,0,0,1,1,2,2,23,5,1248,1,6,9,2,9
2.02E+12,2,20,0,18,0,1,2,0,0,0,3,1,1,1,27,6,2998,2,9,1,1,1
2.02E+12,1,9,0,10,0,6,1,0,0,0,1,1,2,2,32,6,1595,1,9,9,1,9
2.02E+12,2,9,0,16,0,1,1,0,0,0,4,1,3,1,46,8,1596,1,10,7,1,7
2.02E+12,3,9,0,16,0,1,0,0,0,0,4,1,2,1,19,4,1229,1,2,6,3,6
2.02E+12,2,9,0,10,0,1,0,0,1,0,2,1,2,1,36,7,1995,2,12,10,2,10
2.02E+12,3,9,0,18,0,1,0,0,0,0,1,1,2,2,34,6,998,1,3,1,1,1
2.02E+12,4,9,0,18,0,1,0,0,0,0,1,1,6,2,33,6,1968,2,3,6,1,6
2.02E+12,1,9,0,9,0,8,0,0,0,0,3,1,6,2,19,4,1596,1,2,6,3,6
2.02E+12,2,9,0,18,0,8,0,0,0,0,4,1,6,1,40,7,1896,2,12,3,1,3
2.02E+12,1,9,0,18,0,4,0,0,0,0,1,1,6,2,61,9,1339,1,7,1,1,1
2.02E+12,1,9,0,9,0,2,0,4,0,0,2,1,6,2,34,6,1598,1,12,9,2,9
2.02E+12,2,9,0,18,0,2,0,0,0,0,1,1,6,1,24,5,2993,2,3,8,1,8
2.02E+12,3,9,0,2,0,2,0,0,0,0,2,1,6,2,25,5,1956,2,2,8,1,8
2.02E+12,1,9,0,5,0,8,0,0,0,0,1,1,6,1,65,9,1896,2,14,6,1,6
2.02E+12,1,9,0,9,0,6,0,0,0,0,1,1,5,1,53,8,2393,1,14,7,1,7
2.02E+12,1,9,0,18,0,1,0,0,0,0,1,1,5,2,77,11,1587,1,12,8,3,8
2.02E+12,2,9,0,3,0,1,0,0,0,0,2,1,5,1,33,6,1000,1,2,9,2,9
2.02E+12,3,9,0,3,0,1,0,0,0,0,2,1,5,1,61,9,1590,1,17,8,3,8
2.02E+12,1,9,0,4,0,1,0,0,0,0,1,1,5,1,42,7,1986,2,8,9,2,9
2.02E+12,2,9,0,4,0,1,0,0,0,0,2,1,5,1,59,9,1329,1,6,1,1,1
2.02E+12,1,9,0,9,0,6,0,0,2,6,1,1,5,2,56,9,1197,1,3,4,1,4
2.02E+12,2,9,0,9,0,6,0,0,7,0,4,1,1,2,28,6,1997,2,1,4,3,4
2.02E+12,2,9,0,2,0,8,0,0,0,0,3,1,6,2,49,8,1896,2,11,8,1,8
2.02E+12,1,9,0,18,0,8,0,0,0,0,1,1,6,1,17,4,1598,2,3,8,3,8
2.02E+12,1,9,0,18,9,2,0,0,1,0,1,1,6,1,51,8,1951,2,15,3,1,3
2.02E+12,1,9,0,4,0,1,0,0,0,0,2,1,6,1,33,6,1896,2,12,1,1,1
2.02E+12,2,9,0,4,0,1,0,0,0,0,1,1,6,2,26,6,1242,1,18,4,3,4
2.02E+12,1,9,0,5,0,1,0,0,0,0,1,1,6,1,22,5,1248,2,10,5,3,5
2.02E+12,2,3,0,3,0,1,0,0,0,0,2,1,1,1,40,7,123,1,1,7,1,7
2.02E+12,1,11,0,18,0,8,0,0,0,0,4,1,1,1,30,6,4461,2,3,3,1,3
2.02E+12,2,9,0,9,0,8,0,0,0,0,1,1,6,2,28,6,1242,1,10,7,3,7
2.02E+12,1,9,0,18,0,1,0,0,0,0,1,1,5,1,21,5,1199,1,16,1,1,1
2.02E+12,2,9,0,18,0,1,0,0,0,0,2,1,5,1,52,8,1910,2,11,6,1,6
2.02E+12,2,9,0,18,0,8,0,0,0,0,4,1,5,1,57,9,1995,2,13,3,1,3
2.02E+12,1,9,0,18,0,1,5,0,0,0,4,1,6,1,59,9,2495,2,13,7,1,7
2.02E+12,1,9,0,18,0,2,2,0,1,2,1,1,6,1,30,6,1395,8,1,10,1,10
2.02E+12,1,21,0,7,0,8,0,0,0,0,4,1,1,1,26,6,9186,2,5,4,3,4
2.02E+12,1,9,0,3,0,1,0,0,0,0,2,1,6,2,30,6,998,1,6,5,1,5
2.02E+12,2,9,0,18,0,1,0,0,0,0,1,1,6,1,82,11,1560,2,8,10,1,10
2.02E+12,1,21,0,7,0,3,0,0,0,0,1,1,1,1,53,8,12740,2,1,7,2,7
2.02E+12,1,19,0,18,0,1,0,0,0,0,1,1,2,1,51,8,1598,2,2,5,2,5
2.02E+12,2,9,0,4,0,1,0,0,0,0,2,1,2,1,26,6,1598,2,3,4,3,4
2.02E+12,1,9,0,2,0,1,0,0,0,0,3,1,5,2,20,4,1497,1,12,10,1,10
2.02E+12,2,8,0,3,0,1,0,0,0,0,4,1,1,1,44,7,1968,2,2,10,2,10
2.02E+12,1,9,0,5,0,4,0,0,0,0,0,1,1,1,40,7,1597,2,4,5,1,5
2.02E+12,1,9,0,1,0,8,0,0,0,0,4,1,5,1,34,6,1799,1,11,5,3,5
2.02E+12,2,9,0,18,0,1,0,0,0,0,1,1,5,1,41,7,2987,2,7,9,1,9
2.02E+12,1,9,0,5,0,8,0,0,0,0,1,1,6,1,27,6,4163,1,9,4,1,4
2.02E+12,1,9,0,3,0,1,0,0,0,0,2,1,6,2,34,6,1796,1,7,6,3,6
2.02E+12,1,9,0,9,0,5,0,0,0,0,4,1,1,1,54,8,998,1,17,3,1,3
2.02E+12,1,9,0,18,0,1,0,0,0,0,1,1,6,2,26,6,1598,1,2,6,1,6
2.02E+12,2,5,0,12,0,1,0,0,0,0,3,1,6,1,34,6,675,1,2,5,1,5
2.02E+12,1,9,0,18,0,1,1,0,0,0,1,1,6,1,39,7,2993,2,1,1,1,1
2.02E+12,2,9,0,4,0,1,0,0,0,0,2,1,5,2,34,6,1968,2,1,8,3,8
2.02E+12,1,9,0,5,0,8,0,0,0,0,1,1,6,1,17,4,1200,1,13,7,3,7
2.02E+12,1,9,0,9,0,8,0,0,0,0,1,1,6,2,53,8,1968,2,8,8,3,8
2.02E+12,2,3,0,18,0,8,0,0,0,0,3,1,6,1,21,5,123,1,1,9,1,9
2.02E+12,1,19,0,9,0,4,0,0,0,0,1,1,1,1,33,6,1560,2,2,5,1,5
2.02E+12,1,9,0,9,0,8,0,0,0,0,1,1,2,1,23,5,1390,1,7,10,1,10
2.02E+12,1,9,0,2,0,1,0,0,0,0,3,1,2,1,47,8,1910,2,11,2,1,2
2.02E+12,2,9,0,17,0,1,0,0,0,0,1,1,5,1,20,4,1896,2,16,4,2,4
2.02E+12,2,9,0,10,0,8,0,0,0,0,2,1,5,2,62,9,998,1,13,4,2,4
2.02E+12,1,19,0,18,0,2,0,0,0,0,1,1,1,1,64,9,2402,2,6,3,1,3
2.02E+12,2,8,0,12,0,7,0,0,0,0,3,1,5,1,30,6,1896,2,8,5,1,5
2.02E+12,1,9,0,18,0,1,0,0,7,0,1,1,6,2,29,6,1598,1,3,8,2,8
2.02E+12,1,9,0,18,0,6,0,0,0,0,4,1,6,1,65,9,1598,2,2,10,3,10
2.02E+12,2,9,0,3,0,1,0,0,0,0,2,1,6,1,30,6,1399,2,7,4,1,4
2.02E+12,1,9,0,18,0,1,0,0,0,0,1,1,5,2,89,11,1329,1,7,10,1,10
2.02E+12,1,9,0,7,0,2,0,0,0,0,1,1,6,1,18,4,1461,2,7,6,1,6
2.02E+12,2,9,0,18,0,8,0,0,0,0,1,1,5,2,60,9,1390,1,6,10,2,10
2.02E+12,2,19,0,3,0,1,0,0,0,0,2,1,5,1,56,9,1870,2,15,3,1,3
2.02E+12,1,5,0,14,0,1,0,0,0,0,1,1,5,1,70,10,689,1,1,10,1,10
2.02E+12,2,19,4,10,0,1,0,0,0,0,3,1,5,1,68,10,2460,2,10,8,3,8
2.02E+12,1,9,0,9,0,8,0,0,0,0,1,1,6,2,25,5,1149,1,14,5,1,5
2.02E+12,2,11,0,8,0,1,0,0,0,0,0,1,6,2,51,8,6870,2,16,4,3,4
2.02E+12,3,9,0,18,0,3,0,0,0,0,3,1,6,1,67,10,1596,1,6,6,3,6
2.02E+12,1,9,0,3,0,1,0,0,0,0,4,1,2,1,46,8,1794,1,13,9,1,9
2.02E+12,1,9,0,9,0,1,0,0,0,0,3,1,6,2,35,6,1390,1,13,6,2,6
2.02E+12,2,9,0,18,0,1,1,0,0,0,4,1,6,2,76,11,1200,1,3,10,1,10
2.02E+12,2,19,0,3,0,1,0,0,0,0,2,1,1,1,37,7,1995,2,8,6,1,6
2.02E+12,1,9,0,5,0,1,0,0,0,0,1,1,6,2,78,11,1199,1,16,9,3,9
2.02E+12,1,9,0,7,0,8,0,0,0,0,1,1,1,2,26,6,1998,1,14,2,1,2
2.02E+12,1,9,0,10,0,1,0,0,0,0,2,1,5,2,39,7,1397,1,5,9,1,9
2.02E+12,2,9,0,3,0,1,0,0,0,0,2,1,5,2,31,6,1956,2,1,8,1,8
2.02E+12,3,9,0,18,0,1,0,0,0,0,1,1,5,2,17,4,1390,1,10,7,3,7
2.02E+12,1,9,0,9,0,1,0,0,0,0,3,1,5,1,75,10,1397,1,15,1,1,1
2.02E+12,2,9,0,18,0,1,0,0,0,0,1,1,2,1,44,7,1896,2,13,1,1,1
2.02E+12,1,9,0,9,0,8,1,0,0,0,1,1,6,1,20,4,1242,1,5,9,2,9
2.02E+12,2,9,0,18,0,8,1,0,0,0,1,1,6,1,37,7,1598,1,5,6,3,6
2.02E+12,3,9,0,10,0,1,0,0,0,0,3,1,1,1,37,7,1798,8,2,6,1,6
2.02E+12,1,9,0,9,0,8,0,0,0,0,1,1,5,1,20,4,1388,1,15,8,2,8
2.02E+12,2,9,0,18,0,8,5,0,0,0,1,1,2,1,59,9,1242,1,8,10,2,10
2.02E+12,1,9,0,4,0,1,0,0,0,0,1,1,5,2,69,10,1598,1,2,4,1,4
2.02E+12,2,9,0,3,0,1,0,0,0,0,2,1,5,1,72,10,1560,2,9,6,2,6
2.02E+12,1,9,0,9,0,2,0,0,0,0,4,1,6,2,69,10,1596,1,12,6,2,6
2.02E+12,2,3,0,14,0,8,0,0,0,0,4,1,1,1,19,4,124,1,1,4,1,4
2.02E+12,1,9,0,9,0,6,0,0,0,0,1,1,6,2,55,8,1149,1,1,3,1,3
2.02E+12,2,9,0,5,0,6,0,0,0,0,1,1,6,2,77,11,1582,2,3,3,3,3
2.02E+12,1,9,0,13,0,1,5,0,0,0,1,1,2,1,49,8,898,1,1,6,1,6
2.02E+12,2,9,0,9,0,1,0,0,0,0,3,1,6,2,31,6,1560,2,3,10,1,10
2.02E+12,1,9,0,9,0,1,0,0,0,0,4,1,1,1,58,9,1242,1,5,10,2,10
2.02E+12,1,9,0,18,0,1,0,0,0,0,1,1,5,2,42,7,1560,2,2,10,2,10
2.02E+12,2,9,0,4,0,1,0,0,0,0,2,1,5,1,40,7,2179,2,11,2,1,2
2.02E+12,1,19,0,9,0,8,0,0,0,0,0,1,5,1,27,6,2198,2,1,8,2,8
2.02E+12,2,9,0,3,0,4,0,0,0,0,2,1,6,1,26,6,1229,1,4,3,1,3
2.02E+12,1,9,0,18,0,8,0,0,0,0,1,1,6,1,19,4,1349,1,12,2,1,2
2.02E+12,1,9,0,15,0,1,0,0,0,0,1,1,6,1,39,7,1390,1,4,1,1,1
2.02E+12,1,9,0,5,0,1,0,0,0,0,1,1,6,2,48,8,998,1,2,2,1,2
2.02E+12,2,9,0,3,0,1,0,0,0,0,2,1,6,2,38,7,1198,1,3,6,1,6
2.02E+12,2,9,0,18,0,8,0,0,0,0,3,1,6,2,28,6,1360,1,16,3,3,3
2.02E+12,1,9,0,9,0,6,1,0,0,0,3,1,2,2,56,9,1896,2,7,6,1,6
2.02E+12,2,9,0,18,0,1,1,0,7,0,1,1,2,1,68,10,1997,2,14,2,1,2
2.02E+12,1,9,0,5,0,4,0,0,0,0,1,1,1,1,30,6,1396,1,14,7,1,7
2.02E+12,1,9,0,9,0,8,0,0,3,0,1,1,2,1,37,7,1968,2,1,6,2,6
2.02E+12,2,9,0,18,0,8,0,0,7,0,1,1,5,2,78,11,2204,2,11,5,3,5
2.02E+12,1,5,0,13,0,1,1,0,0,0,0,1,1,1,55,8,599,1,17,7,1,7
2.02E+12,2,9,0,9,0,8,0,0,0,0,0,1,1,2,32,6,1587,1,10,5,2,5
2.02E+12,1,9,0,18,0,8,1,7,8,0,2,1,6,1,23,5,1598,1,9,4,1,4
2.02E+12,1,9,0,3,0,1,0,0,0,0,2,1,6,1,41,7,2231,2,11,1,1,1
2.02E+12,2,9,0,5,0,1,0,0,0,0,1,1,6,2,23,5,1598,2,6,8,1,8
2.02E+12,1,19,0,9,0,8,0,0,0,0,1,1,1,1,37,7,1995,2,9,4,1,4
2.02E+12,2,9,0,18,0,8,0,0,0,0,1,1,1,2,18,4,1399,2,14,10,3,10
2.02E+12,1,9,0,18,0,4,0,0,0,0,1,1,5,1,89,11,1598,1,18,2,1,2
2.02E+12,2,9,0,18,0,3,0,0,0,0,4,1,5,2,55,8,3600,1,16,9,1,9
2.02E+12,1,9,0,9,0,6,1,0,0,0,1,1,6,1,19,4,1598,2,6,5,3,5
2.02E+12,2,9,0,18,0,8,1,0,0,0,1,1,2,1,52,8,1686,2,9,9,1,9
2.02E+12,3,9,0,18,0,1,1,0,0,0,1,1,6,1,36,7,1598,2,2,8,3,8
2.02E+12,1,9,0,18,0,4,0,0,0,0,1,1,2,2,39,7,1595,1,14,10,2,10
2.02E+12,2,5,0,18,0,8,0,0,0,0,4,1,2,1,68,10,1170,1,4,10,1,10
2.02E+12,1,9,0,18,0,2,0,0,0,0,1,1,5,2,36,7,1968,2,9,5,1,5
2.02E+12,1,9,0,9,0,8,0,0,0,0,1,1,6,2,31,6,1595,1,8,10,1,10
2.02E+12,2,9,0,18,0,1,0,0,0,0,4,1,6,2,48,8,1242,1,11,9,3,9
2.02E+12,1,9,0,9,0,8,0,0,0,0,4,1,2,2,60,9,1560,2,7,8,3,8
2.02E+12,2,9,0,18,0,8,0,0,0,0,1,1,2,2,24,5,1299,1,16,4,3,4
2.02E+12,1,9,0,7,0,1,0,0,0,0,1,1,1,1,34,6,1896,2,8,3,1,3
2.02E+12,2,9,0,9,0,2,0,0,0,0,4,1,5,2,18,4,1390,1,12,5,3,5
2.02E+12,1,9,0,5,0,6,0,0,1,4,3,1,6,2,70,10,1968,2,4,9,3,9
2.02E+12,2,9,0,18,0,8,2,0,4,6,1,1,6,2,54,8,999,1,8,9,3,9
2.02E+12,1,9,0,18,0,2,0,0,0,0,1,1,5,2,25,5,1598,1,8,10,2,10
2.02E+12,1,9,0,9,0,5,0,0,0,0,4,1,6,2,31,6,1596,1,7,10,2,10
2.02E+12,2,9,0,18,0,8,0,0,1,0,3,1,6,2,43,7,1686,2,5,5,2,5
2.02E+12,1,9,0,18,0,4,0,0,0,0,1,1,2,2,38,7,1197,1,1,5,3,5
2.02E+12,2,19,0,18,0,4,0,0,0,0,1,1,2,1,50,8,1248,2,12,7,1,7
2.02E+12,2,9,0,18,0,8,0,0,0,0,1,1,6,1,73,10,1596,1,11,7,1,7
2.02E+12,1,9,0,9,0,8,0,0,0,0,1,1,5,2,53,8,1796,1,13,9,1,9
2.02E+12,2,9,0,7,0,8,0,0,0,0,3,1,6,2,48,8,998,1,1,2,1,2
2.02E+12,1,9,0,18,0,4,0,0,0,0,1,1,6,1,34,6,1560,2,7,1,1,1
2.02E+12,2,9,0,4,0,4,0,0,7,0,2,1,5,1,19,4,1197,1,4,6,1,6
2.02E+12,1,9,0,18,0,8,0,0,0,0,1,1,5,2,44,7,2993,2,1,8,3,8
2.02E+12,2,9,0,18,0,8,2,0,7,0,4,1,5,1,70,10,1686,2,7,10,2,10
2.02E+12,1,9,0,9,0,3,0,0,1,0,1,1,6,2,44,7,1364,1,9,4,1,4
2.02E+12,2,9,0,3,0,4,0,0,1,0,3,1,6,1,45,7,1991,8,1,8,3,8
2.02E+12,3,9,0,3,0,4,0,0,0,0,3,1,6,1,62,9,1587,1,11,8,2,8
2.02E+12,1,9,0,16,0,8,5,10,0,0,4,1,2,2,24,5,1242,1,15,6,2,6
2.02E+12,2,9,0,18,0,1,0,0,0,0,1,1,1,2,56,9,1061,1,12,2,1,2
2.02E+12,1,9,0,18,0,1,0,0,0,0,1,1,6,1,35,6,1686,2,9,8,2,8
2.02E+12,2,9,0,18,0,8,0,0,0,0,4,1,5,1,93,11,1995,1,13,8,3,8
2.02E+12,1,9,0,9,0,8,0,0,0,0,3,1,5,2,82,11,1275,1,19,7,3,7
2.02E+12,2,21,0,18,0,8,1,0,0,0,1,1,1,1,24,5,6700,2,2,2,1,2
2.02E+12,1,19,0,9,0,8,0,0,0,0,0,1,1,1,27,6,2402,2,10,6,3,6
2.02E+12,2,9,0,12,0,2,0,0,0,0,1,1,5,2,38,7,1596,1,3,7,2,7
2.02E+12,3,9,0,18,0,1,0,0,0,0,1,1,5,2,25,5,1329,1,3,9,2,9
2.02E+12,1,19,0,4,0,8,0,0,0,0,1,1,1,1,36,7,2143,2,1,3,1,3
2.02E+12,2,9,0,4,0,2,0,0,0,0,2,1,5,2,42,7,1798,1,15,1,1,1
2.02E+12,1,8,0,18,0,8,0,0,0,0,3,1,1,1,50,8,2143,2,5,5,1,5
2.02E+12,2,9,0,9,0,8,0,0,0,0,1,1,2,2,19,4,1200,1,1,5,1,5
2.02E+12,2,11,0,5,0,1,0,0,0,0,1,1,1,2,52,8,6700,2,6,2,1,2
2.02E+12,2,9,0,18,0,1,0,0,0,0,1,1,6,1,60,9,1289,1,18,2,3,2
2.02E+12,1,5,0,18,0,8,0,0,0,0,4,1,6,1,21,5,998,1,30,1,1,1
2.02E+12,2,9,0,9,0,4,0,0,0,0,1,1,6,2,56,9,1995,2,5,1,1,1
2.02E+12,1,9,0,4,0,1,1,0,0,0,0,1,5,1,57,9,1299,1,19,8,3,8
2.02E+12,1,9,0,9,0,8,0,0,0,0,4,1,6,1,65,9,1995,2,8,7,3,7
2.02E+12,2,9,0,3,0,1,0,0,0,0,2,1,6,1,25,5,1200,1,2,10,1,10
2.02E+12,1,19,0,9,0,8,0,0,0,0,1,1,6,1,62,9,1560,2,2,2,1,2
2.02E+12,2,5,0,18,0,8,2,0,0,0,1,1,6,1,22,5,599,1,18,1,1,1
2.02E+12,1,9,0,9,0,8,0,0,0,0,1,1,6,1,63,9,1997,1,20,9,2,9
2.02E+12,2,9,0,18,0,8,0,0,0,0,1,1,1,1,42,7,1997,2,12,9,2,9
2.02E+12,3,9,0,8,0,1,0,0,0,0,1,1,1,1,38,7,1799,1,9,9,1,9
2.02E+12,2,9,0,18,0,8,0,0,0,0,1,1,6,1,27,6,1299,1,17,1,1,1
2.02E+12,1,5,0,16,0,8,1,0,7,7,1,1,5,1,29,6,599,1,11,2,3,2
2.02E+12,2,5,0,16,0,8,1,0,0,0,4,1,5,1,24,5,599,1,19,2,3,2
2.02E+12,2,9,0,9,0,8,0,0,0,0,1,1,1,1,25,5,2179,2,6,1,1,1