Accident_Index,Vehicle_Reference,Vehicle_Type,Towing_and_Articulation,Vehicle_Manoeuvre,Vehicle_Location-Restricted_Lane,Junction_Location,Skidding_and_Overturning,Hit_Object_in_Carriageway,Vehicle_Leaving_Carriageway,Hit_Object_off_Carriageway,1st_Point_of_Impact,Was_Vehicle_Left_Hand_Drive?,Journey_Purpose_of_Driver,Sex_of_Driver,Age_of_Driver,Age_Band_of_Driver,Engine_Capacity_(CC),Propulsion_Code,Age_of_Vehicle,Driver_IMD_Decile,Driver_Home_Area_Type,Vehicle_IMD_Decile
2.02E+12,1,9,0,7,0,8,0,0,0,0,3,1,6,1,37,7,1598,2,3,5,3,5
2.02E+12,1,9,0,8,0,1,0,0,0,0,1,1,1,1,67,10,1994,2,10,6,3,6
2.02E+12,1,9,0,9,0,2,0,0,0,0,1,1,5,2,29,6,1200,1,1,6,1,6
2.02E+12,2,19,0,18,0,8,0,0,0,0,1,1,6,1,45,7,2499,2,1,6,3,6
2.02E+12,1,9,0,18,0,1,0,0,7,0,1,1,6,1,60,9,998,1,3,6,1,6
2.02E+12,2,9,0,10,0,1,0,0,0,0,0,1,6,2,33,6,1388,1,10,6,1,6
2.02E+12,2,9,0,3,0,1,0,0,0,0,2,1,5,2,57,9,1197,1,2,10,1,10
2.02E+12,2,9,0,18,0,8,0,10,0,0,0,1,6,2,34,6,1582,2,2,8,1,8
2.02E+12,1,9,0,9,0,1,0,0,0,0,3,1,1,1,43,7,2967,2,2,6,1,6
2.02E+12,2,9,0,3,0,4,0,0,0,0,2,1,5,1,43,7,1997,2,7,4,1,4
2.02E+12,2,9,0,10,0,1,0,0,0,0,3,1,5,2,28,6,1461,2,2,4,3,4
2.02E+12,3,9,0,18,0,1,0,0,0,0,4,1,6,1,59,9,1596,1,5,10,2,10
2.02E+12,2,9,0,9,0,6,0,0,0,0,3,1,5,1,31,6,1560,2,8,4,1,4
2.02E+12,1,9,0,9,0,6,0,0,0,0,3,1,5,2,78,11,1598,1,10,8,3,8
2.02E+12,1,9,0,18,0,8,0,0,0,0,3,1,5,2,72,10,1984,1,8,5,3,5
2.02E+12,2,9,0,18,0,8,0,0,0,0,1,1,5,1,33,6,1910,2,11,3,2,3
2.02E+12,1,9,0,18,0,1,0,0,0,0,1,1,6,1,20,4,2967,2,1,4,3,4
2.02E+12,2,9,0,3,0,1,0,0,0,0,2,1,6,2,43,7,1461,2,2,8,2,8
2.02E+12,1,9,0,18,0,1,0,0,0,0,1,1,6,2,60,9,1390,1,13,9,1,9
2.02E+12,2,9,0,3,0,1,0,0,0,0,2,1,6,1,50,8,4196,2,24,9,1,9
2.02E+12,1,9,0,18,0,2,5,0,7,2,1,1,6,1,31,6,1984,1,14,5,3,5
2.02E+12,1,9,0,18,0,8,1,0,0,0,3,1,5,2,44,7,1339,1,15,3,2,3
2.02E+12,2,9,0,9,0,8,0,0,0,0,3,1,5,1,17,4,1242,1,16,9,1,9
2.02E+12,1,9,0,18,0,8,0,0,0,0,1,1,6,2,35,6,1973,1,18,6,2,6
2.02E+12,1,9,0,18,0,1,0,0,0,0,3,1,6,1,31,6,1596,1,15,7,1,7
2.02E+12,2,9,0,9,0,8,0,0,0,0,3,1,5,1,88,11,1398,2,6,9,1,9
2.02E+12,1,9,0,7,0,8,0,0,0,0,3,1,5,1,19,4,1242,1,17,3,1,3
2.02E+12,1,9,0,18,0,8,0,0,0,0,1,1,5,2,24,5,1198,1,15,7,1,7
2.02E+12,2,19,0,5,0,8,0,0,0,0,3,1,1,1,22,5,1248,2,3,4,1,4
2.02E+12,1,9,0,9,0,8,0,0,0,0,0,1,5,1,21,5,1328,1,16,4,1,4
2.02E+12,2,9,0,18,0,8,0,0,1,10,1,1,5,1,34,6,1998,1,1,4,3,4
2.02E+12,1,9,0,9,0,6,0,0,0,0,1,1,6,2,66,10,1299,1,17,5,3,5
2.02E+12,2,9,0,18,0,1,5,0,0,0,1,1,6,2,27,6,1968,2,10,5,1,5
2.02E+12,1,9,0,7,0,6,0,0,0,0,3,1,6,1,42,7,1598,1,17,2,3,2
2.02E+12,1,9,0,18,0,1,0,0,0,0,3,1,1,1,46,8,1753,2,11,6,2,6
2.02E+12,1,9,0,18,0,1,0,0,0,0,1,1,1,1,41,7,1560,2,7,2,1,2
2.02E+12,2,9,0,10,0,1,0,0,0,0,2,1,1,2,22,5,999,1,1,9,2,9
2.02E+12,1,9,0,9,0,1,0,0,0,0,1,1,6,1,56,9,1242,1,11,1,1,1
2.02E+12,1,4,0,18,0,1,2,0,0,0,0,1,1,1,45,7,279,1,9,5,1,5
2.02E+12,2,9,0,16,0,1,1,0,0,0,1,1,5,1,19,4,1400,2,11,6,3,6
2.02E+12,2,9,0,4,0,1,0,0,0,0,2,1,1,2,51,8,1598,1,6,8,3,8
2.02E+12,1,9,0,9,0,8,0,0,0,0,3,1,5,1,22,5,1686,2,12,1,1,1
2.02E+12,1,9,0,9,0,8,0,0,0,0,1,1,5,1,38,7,1598,2,7,8,1,8
2.02E+12,2,9,0,18,0,8,0,0,0,0,3,1,6,1,30,6,1968,2,2,10,2,10
2.02E+12,1,9,0,5,0,4,0,0,0,0,2,1,5,1,61,9,1998,1,18,5,2,5
2.02E+12,2,19,0,5,0,4,0,0,0,0,1,1,1,1,54,8,2402,2,14,5,2,5
2.02E+12,2,9,0,18,0,1,0,0,3,0,1,1,5,1,30,6,1970,1,13,4,3,4
2.02E+12,1,9,0,17,0,1,0,0,0,0,4,1,2,2,35,6,1364,2,3,8,3,8
2.02E+12,1,9,0,18,0,1,0,4,0,0,1,1,1,1,44,7,1397,1,8,7,3,7
2.02E+12,1,9,0,18,0,8,0,0,0,0,4,1,5,2,58,9,1200,1,3,4,3,4
2.02E+12,2,9,0,18,0,8,0,0,0,0,1,1,5,2,30,6,1390,1,10,5,3,5
2.02E+12,1,9,0,18,0,1,0,0,0,0,1,1,5,2,65,9,1560,2,6,6,3,6
2.02E+12,2,9,0,4,0,1,0,0,0,0,2,1,2,1,41,7,1968,2,10,3,1,3
2.02E+12,1,9,0,7,0,8,0,0,0,0,1,1,5,1,21,5,1896,2,17,4,2,4
2.02E+12,1,9,0,5,0,4,0,0,0,0,3,1,6,2,30,6,1587,1,15,1,1,1
2.02E+12,2,19,0,18,0,8,0,0,0,0,1,1,6,1,33,6,1686,2,14,9,1,9
2.02E+12,1,2,0,18,0,1,0,0,0,0,1,1,2,1,17,4,49,1,2,7,1,7
2.02E+12,1,9,0,3,0,4,0,0,0,0,1,1,6,1,59,9,1364,1,2,9,1,9
2.02E+12,1,9,0,5,0,1,0,0,0,0,1,1,6,1,50,8,1998,2,13,6,1,6
2.02E+12,2,9,0,16,0,1,0,0,0,0,1,1,6,2,64,9,1364,1,2,9,2,9
2.02E+12,1,9,0,16,0,1,1,0,0,0,1,1,5,2,52,8,1560,2,5,9,3,9
2.02E+12,2,19,0,17,0,1,0,0,0,0,1,1,5,1,66,10,1995,2,11,7,3,7
2.02E+12,1,9,0,9,0,4,0,0,0,0,1,1,6,1,22,5,1598,1,11,7,3,7
2.02E+12,1,9,0,5,0,1,0,0,0,0,1,1,1,1,31,6,1598,1,18,9,1,9
2.02E+12,2,4,0,5,0,1,5,0,0,0,2,1,5,1,37,7,330,1,4,2,1,2
2.02E+12,1,9,0,9,0,8,0,0,0,0,1,1,6,1,75,10,1596,1,4,9,2,9
2.02E+12,2,9,0,18,0,1,0,0,0,0,1,1,6,1,58,9,1951,2,15,5,3,5
2.02E+12,1,9,0,18,0,1,0,0,0,0,1,1,6,1,23,5,1984,1,6,1,1,1
2.02E+12,2,19,0,9,0,8,0,0,0,0,3,1,6,1,48,8,1598,2,2,8,1,8
2.02E+12,1,9,0,18,0,1,5,0,0,0,1,1,5,1,36,7,2777,2,7,5,3,5
2.02E+12,2,9,0,5,0,1,0,0,0,0,0,1,5,2,48,8,2400,2,7,6,1,6
2.02E+12,1,9,0,9,0,8,0,0,0,0,1,1,5,1,26,6,1149,1,18,1,1,1
2.02E+12,2,9,0,18,0,1,0,0,0,0,1,1,5,2,29,6,1199,1,17,3,1,3
2.02E+12,1,9,0,9,0,6,0,0,0,0,1,1,5,1,33,6,2982,2,4,6,3,6
2.02E+12,2,9,0,18,0,1,0,0,0,0,3,1,2,2,36,7,1995,2,1,6,3,6
2.02E+12,2,21,0,18,0,8,0,0,0,0,1,1,6,1,55,8,10837,2,2,5,3,5
2.02E+12,1,9,0,18,0,8,0,0,0,0,4,1,5,1,81,11,1242,1,11,8,1,8
2.02E+12,1,9,0,9,0,8,0,0,0,0,4,1,6,1,35,6,1975,1,12,7,1,7
2.02E+12,1,9,0,7,0,6,0,0,0,0,2,1,1,1,53,8,3696,1,7,6,1,6
2.02E+12,2,21,0,18,0,1,0,0,0,0,1,1,1,1,56,9,9365,2,11,3,1,3
2.02E+12,2,9,0,7,0,8,0,0,0,0,2,1,6,1,41,7,1242,1,8,9,3,9
2.02E+12,3,9,0,5,0,1,0,0,0,0,0,1,6,1,43,7,1968,2,4,6,3,6
2.02E+12,1,9,0,3,0,8,0,0,0,0,3,1,6,2,50,8,1124,1,14,1,1,1
2.02E+12,1,9,0,18,0,1,0,0,0,0,3,1,5,1,26,6,1598,1,13,1,1,1
2.02E+12,2,8,0,18,0,1,0,0,0,0,3,1,1,1,37,7,1598,2,4,1,1,1
2.02E+12,1,5,0,9,0,8,1,0,0,0,1,1,6,1,42,7,600,1,12,6,3,6
2.02E+12,1,9,0,18,9,1,0,7,1,10,1,1,6,1,43,7,1984,1,6,8,3,8
2.02E+12,1,9,0,17,0,8,0,0,0,0,1,1,5,1,20,4,1360,1,13,3,1,3
2.02E+12,2,9,0,4,0,8,0,0,0,0,2,1,3,2,37,7,1339,1,7,5,1,5
2.02E+12,1,9,0,18,0,8,0,0,1,9,4,1,5,1,69,10,1997,1,2,5,2,5
2.02E+12,1,9,0,5,0,1,0,0,0,0,1,1,6,2,25,5,1586,1,4,1,1,1
2.02E+12,1,9,0,9,0,8,0,0,0,0,4,1,6,1,89,11,1229,1,4,10,1,10
2.02E+12,1,9,0,9,0,8,0,0,0,0,4,1,6,2,27,6,1399,2,6,4,3,4
2.02E+12,2,9,0,18,0,1,0,0,0,0,1,1,6,2,26,6,1248,2,4,10,1,10
2.02E+12,1,9,0,18,0,8,0,0,0,0,1,1,6,2,35,6,1598,1,11,2,1,2
2.02E+12,1,9,0,9,0,6,0,0,0,0,3,1,5,2,55,8,989,1,14,2,1,2
2.02E+12,2,9,0,18,0,1,0,0,0,0,1,1,3,2,38,7,1598,2,4,10,1,10
2.02E+12,3,9,0,9,0,8,0,0,0,0,2,1,5,2,41,7,1200,1,2,2,1,2
2.02E+12,1,9,0,18,0,8,0,0,0,0,1,1,5,2,33,6,1197,1,5,1,1,1
2.02E+12,2,9,0,18,0,8,0,0,0,0,1,1,5,1,55,8,1248,2,9,10,2,10
2.02E+12,2,9,0,4,0,1,5,0,1,0,1,1,2,2,31,6,1360,1,13,3,2,3
2.02E+12,1,9,0,18,0,1,2,0,1,11,1,1,6,1,41,7,2000,1,13,2,1,2
2.02E+12,1,9,0,9,0,8,0,0,0,0,4,1,5,1,23,5,1560,2,3,3,3,3
2.02E+12,2,3,0,18,0,8,5,0,0,0,1,1,2,1,27,6,124,1,14,2,2,2
2.02E+12,1,9,0,9,0,8,0,0,0,0,4,1,5,1,89,11,998,1,7,2,1,2
2.02E+12,1,3,0,18,0,8,5,0,0,0,1,1,6,1,26,6,125,1,2,2,1,2
2.02E+12,2,9,0,9,0,8,0,0,0,0,1,1,3,2,41,7,1368,1,1,3,1,3
2.02E+12,1,9,0,5,0,4,0,0,0,0,3,1,2,1,67,10,1998,2,13,7,3,7
2.02E+12,2,3,0,9,0,4,5,0,0,0,4,1,2,1,22,5,124,1,6,2,3,2
2.02E+12,1,9,0,9,0,1,0,0,0,0,1,1,5,1,57,9,2494,1,18,4,2,4
2.02E+12,2,9,0,18,0,1,0,0,0,0,1,1,5,2,32,6,1560,2,10,9,3,9
2.02E+12,1,11,0,9,0,8,0,0,0,0,0,1,1,1,59,9,9400,2,11,10,2,10
2.02E+12,2,21,1,18,0,8,0,0,0,0,1,1,1,1,61,9,10837,2,7,2,3,2
2.02E+12,1,9,0,17,0,8,0,0,0,0,1,1,2,2,23,5,998,1,14,3,1,3
2.02E+12,2,9,0,16,0,8,0,0,0,0,1,1,5,1,44,7,1995,2,3,10,2,10
2.02E+12,1,9,0,18,0,1,0,0,0,0,1,1,5,1,52,8,1596,1,11,3,1,3
2.02E+12,1,5,0,17,0,1,2,0,1,9,1,1,5,1,28,6,996,1,20,5,3,5
2.02E+12,1,9,0,5,0,2,0,0,0,0,3,1,6,2,18,4,1598,1,15,4,3,4
2.02E+12,1,9,0,9,0,8,0,0,0,0,1,1,6,2,46,8,1299,1,13,2,1,2
2.02E+12,2,9,0,18,0,1,0,0,0,0,4,1,6,2,65,9,1198,1,4,3,1,3
2.02E+12,1,9,0,9,0,6,0,0,0,0,3,1,5,2,51,8,1422,2,1,9,1,9
2.02E+12,1,19,0,18,0,1,0,0,0,0,1,1,1,1,61,9,1998,2,11,5,3,5
2.02E+12,2,19,0,9,0,6,0,0,0,0,3,1,2,1,30,6,1868,2,17,9,2,9
2.02E+12,3,9,0,9,0,6,0,0,0,0,1,1,2,2,33,6,998,1,11,9,2,9
2.02E+12,1,9,0,18,0,1,0,0,0,0,1,1,2,1,56,9,1248,2,3,9,2,9
2.02E+12,1,9,0,18,0,1,0,0,0,0,3,1,5,2,32,6,1598,1,17,1,1,1
2.02E+12,2,9,0,18,0,1,0,0,0,0,1,1,5,2,56,9,1364,1,3,8,2,8
2.02E+12,1,9,0,9,0,8,0,0,0,0,1,1,6,2,42,7,1248,1,4,3,1,3
2.02E+12,2,9,0,18,2,1,0,0,0,0,1,1,6,1,27,6,1995,1,11,4,1,4
2.02E+12,1,3,0,18,0,1,0,0,0,0,1,1,6,2,40,7,124,1,4,1,1,1
2.02E+12,2,9,0,3,0,1,0,0,0,0,2,1,6,2,25,5,1587,1,13,1,1,1
2.02E+12,1,9,0,9,0,6,0,0,0,0,3,1,2,1,27,6,1399,2,5,4,1,4
2.02E+12,2,2,0,18,0,1,5,0,0,0,1,1,4,1,16,4,49,1,12,5,1,5
2.02E+12,1,9,0,5,0,8,0,0,0,0,3,1,6,2,30,6,1598,1,14,5,1,5
2.02E+12,2,9,0,18,0,1,0,0,0,0,1,1,6,2,28,6,1398,1,1,4,1,4
2.02E+12,1,9,0,5,0,6,0,0,0,0,1,1,5,1,70,10,1596,1,2,6,3,6
2.02E+12,2,9,0,7,0,1,0,0,0,0,1,1,5,2,46,8,1461,2,7,8,1,8
2.02E+12,1,9,0,4,0,1,0,0,0,0,1,1,6,2,58,9,1769,1,13,8,3,8
2.02E+12,2,9,0,4,0,1,0,0,0,0,2,1,6,1,45,7,1896,2,10,9,2,9
2.02E+12,1,9,0,4,0,1,0,0,0,0,1,1,6,2,19,4,1587,1,11,6,2,6
2.02E+12,1,9,0,3,0,1,0,0,0,0,2,1,1,2,44,7,1986,2,12,6,2,6
2.02E+12,2,9,0,18,0,1,0,0,0,0,1,1,5,1,59,9,1399,1,1,4,2,4
2.02E+12,1,9,0,16,0,1,0,0,0,0,1,1,5,2,35,6,1995,2,13,6,3,6
2.02E+12,2,9,0,17,0,1,0,0,0,0,1,1,2,1,56,9,1493,2,12,8,3,8
2.02E+12,1,9,0,10,0,1,0,0,0,0,1,1,2,1,54,8,1395,1,1,7,1,7
2.02E+12,2,9,0,10,0,1,0,0,0,0,2,1,2,2,28,6,1598,2,1,6,3,6
2.02E+12,1,9,0,18,0,1,0,0,0,0,1,1,6,1,45,7,1995,2,13,4,2,4
2.02E+12,3,9,0,10,0,1,0,0,0,0,2,1,6,1,33,6,1149,1,15,7,2,7
2.02E+12,1,9,0,9,0,6,0,0,0,0,1,1,6,2,23,5,1198,1,4,7,1,7
2.02E+12,2,3,0,18,0,1,0,0,0,0,4,1,6,2,18,4,108,1,2,9,2,9
2.02E+12,1,9,0,9,0,1,0,0,0,0,1,1,5,1,30,6,1242,1,16,9,1,9
2.02E+12,1,9,0,18,0,1,0,0,0,0,4,1,5,2,23,5,1560,2,5,5,3,5
2.02E+12,2,3,0,18,0,1,5,0,0,0,1,1,2,1,32,6,124,1,4,2,3,2
2.02E+12,1,9,0,3,0,1,0,0,1,0,1,1,6,2,79,11,1242,1,13,10,1,10
2.02E+12,1,8,0,18,0,1,0,0,0,0,3,1,1,1,56,9,1956,2,5,2,1,2
2.02E+12,1,9,0,18,0,1,0,0,0,0,1,1,5,1,53,8,1798,1,9,6,1,6
2.02E+12,1,9,0,18,0,1,0,0,0,0,4,1,6,2,27,6,1956,2,6,5,3,5
2.02E+12,1,20,0,18,0,1,0,0,0,0,0,1,1,1,55,8,4250,2,11,4,3,4
2.02E+12,2,9,0,18,0,1,0,0,0,0,3,1,5,2,51,8,1242,1,8,5,2,5
2.02E+12,1,19,0,18,0,1,0,0,0,0,1,1,6,1,29,6,1997,2,7,1,1,1
2.02E+12,1,9,0,7,0,1,0,0,0,0,1,1,5,2,41,7,1598,2,6,6,3,6
2.02E+12,1,9,0,13,0,1,1,0,7,0,1,1,6,1,31,6,1997,2,12,4,3,4
2.02E+12,2,9,0,18,0,1,1,0,1,0,1,1,6,1,42,7,2967,1,17,9,1,9
2.02E+12,1,5,0,17,0,3,0,0,0,0,1,1,6,1,56,9,1199,1,3,10,1,10
2.02E+12,2,9,0,16,0,3,0,0,0,0,3,1,6,1,72,10,1968,2,2,6,3,6
2.02E+12,1,9,0,5,0,4,0,0,0,0,3,1,6,1,36,7,1598,1,9,4,1,4
2.02E+12,1,9,0,18,0,1,0,0,0,0,1,1,6,1,19,4,1490,1,10,6,1,6
2.02E+12,2,9,0,3,0,1,0,0,0,0,2,1,6,1,40,7,1498,1,1,3,1,3
2.02E+12,1,9,0,18,0,1,0,0,0,0,1,1,6,2,54,8,1769,1,15,1,1,1
2.02E+12,1,9,0,7,0,1,0,0,0,0,1,1,6,1,70,10,3200,2,15,9,2,9
2.02E+12,2,19,0,10,0,1,0,0,0,0,1,1,1,1,24,5,1598,2,1,4,3,4
2.02E+12,1,9,0,9,0,8,0,0,0,0,3,1,6,1,73,10,1795,1,19,4,1,4
2.02E+12,2,9,0,18,0,8,0,0,0,0,4,1,2,1,22,5,1390,1,17,8,2,8
2.02E+12,1,9,0,18,0,1,0,0,0,0,1,1,5,1,26,6,2967,1,17,5,3,5
2.02E+12,2,9,0,4,0,1,0,0,0,0,2,1,6,2,48,8,2435,1,10,8,1,8
2.02E+12,1,9,0,5,0,6,1,0,0,0,1,1,5,2,24,5,1995,1,10,5,1,5
2.02E+12,2,9,0,18,0,1,0,0,0,0,4,1,5,2,30,6,1587,1,10,5,3,5
2.02E+12,1,9,0,2,0,1,0,0,0,0,0,1,1,1,49,8,2720,2,9,4,3,4
2.02E+12,2,9,0,18,0,1,0,0,0,0,1,1,6,2,42,7,1598,2,3,6,1,6
2.02E+12,2,9,0,18,0,5,0,0,0,0,1,1,6,2,51,8,1461,2,1,3,3,3
2.02E+12,1,9,0,18,0,1,0,11,0,0,1,1,5,2,53,8,1968,2,12,6,3,6
2.02E+12,2,2,0,14,0,1,5,0,0,0,4,1,6,1,16,4,49,1,3,5,2,5
2.02E+12,2,9,0,18,0,8,0,0,0,0,1,1,5,1,65,9,2999,2,14,7,2,7
2.02E+12,1,9,0,9,0,5,0,0,0,0,4,1,5,1,58,9,1242,1,9,5,3,5
2.02E+12,2,9,0,18,0,1,0,0,0,0,4,1,2,2,39,7,1461,2,7,6,3,6
2.02E+12,1,9,0,18,0,1,0,0,0,0,1,1,2,1,52,8,1598,2,2,6,3,6
2.02E+12,2,19,0,10,0,1,0,0,0,0,2,1,2,1,27,6,2198,2,5,6,3,6
2.02E+12,1,9,0,18,0,8,0,0,0,0,1,1,6,1,28,6,1998,1,13,8,1,8
2.02E+12,2,9,0,5,0,8,0,0,0,0,3,1,6,2,36,7,1968,2,2,10,1,10
2.02E+12,1,9,0,7,0,8,0,0,0,0,1,1,5,2,61,9,1598,2,6,8,3,8
2.02E+12,2,9,0,14,0,1,0,0,0,0,3,1,5,2,36,7,1339,1,8,7,3,7
2.02E+12,1,9,0,18,0,1,0,0,0,0,1,1,5,1,20,4,1400,1,17,7,3,7
2.02E+12,2,9,0,18,0,1,0,0,0,0,1,1,5,2,32,6,1598,1,8,10,3,10
2.02E+12,3,9,0,3,0,1,0,0,0,0,1,1,5,1,56,9,2000,2,12,3,3,3
2.02E+12,1,19,0,18,0,8,0,0,0,0,4,1,6,1,23,5,2299,2,3,6,1,6
2.02E+12,2,9,0,18,0,8,0,0,0,0,1,1,6,2,60,9,1242,1,10,5,3,5
2.02E+12,1,9,0,18,0,1,1,0,0,0,1,1,6,2,31,6,1956,2,7,8,1,8
2.02E+12,2,9,0,4,0,1,0,0,0,0,2,1,6,1,62,9,1560,2,10,4,1,4
2.02E+12,4,9,0,4,0,1,0,0,0,0,2,1,6,2,36,7,1997,2,10,2,1,2
2.02E+12,1,9,0,18,0,6,0,0,0,0,1,1,5,2,18,4,1242,1,8,5,3,5
2.02E+12,2,19,0,18,0,1,0,0,7,9,3,1,1,1,40,7,2402,2,11,10,1,10
2.02E+12,1,9,0,18,0,1,0,0,0,0,1,1,5,1,68,10,1998,2,6,7,1,7
2.02E+12,1,9,0,18,0,1,0,0,0,0,1,1,5,1,18,4,1299,1,16,4,3,4
2.02E+12,2,9,0,3,0,1,0,0,0,0,2,1,1,2,24,5,1598,2,1,9,1,9
2.02E+12,1,9,0,9,0,5,0,0,0,0,4,1,6,2,38,7,2935,1,22,2,1,2
2.02E+12,2,4,0,18,0,1,5,0,0,0,1,1,5,1,21,5,399,1,25,5,1,5
2.02E+12,1,9,0,18,0,1,0,0,0,0,1,1,6,1,81,11,1388,1,10,9,3,9
2.02E+12,2,9,0,3,0,1,0,0,0,0,2,1,5,1,22,5,2495,2,22,7,3,7
2.02E+12,3,9,0,3,0,1,0,0,0,0,2,1,6,1,51,8,1364,2,2,5,2,5
2.02E+12,2,9,0,18,0,1,0,0,0,0,1,1,6,1,50,8,2143,2,1,9,1,9
2.02E+12,1,9,0,18,0,1,0,0,0,0,1,1,5,1,33,6,2494,1,19,6,3,6
2.02E+12,1,9,0,18,0,1,0,0,0,0,1,1,5,2,66,10,1390,1,8,6,3,6
2.02E+12,2,2,0,18,0,1,0,0,0,0,3,1,5,2,16,4,49,1,4,8,1,8
2.02E+12,1,9,0,9,0,2,0,0,0,0,1,1,5,2,21,5,1248,1,6,8,1,8
2.02E+12,2,5,0,18,0,1,0,0,0,0,1,1,2,1,30,6,649,1,10,6,1,6
2.02E+12,1,9,0,18,0,8,0,0,0,0,1,1,6,1,71,10,1248,2,10,7,3,7
2.02E+12,2,5,0,18,0,1,0,0,0,0,1,1,6,1,51,8,781,1,17,6,3,6
2.02E+12,1,9,0,18,0,4,0,0,0,0,3,1,5,1,81,11,996,1,3,6,2,6
2.02E+12,2,9,0,9,0,8,0,0,0,0,4,1,5,1,85,11,1598,1,15,1,1,1
2.02E+12,3,9,0,17,0,8,0,0,0,0,3,1,5,2,54,8,1587,1,13,4,3,4
2.02E+12,1,5,0,18,0,1,1,0,0,0,1,1,5,1,52,8,800,1,6,6,2,6
2.02E+12,2,9,0,18,0,1,0,0,0,0,1,1,5,1,68,10,1396,2,6,8,1,8
2.02E+12,1,9,0,18,0,1,0,0,0,0,4,1,5,1,20,4,1598,1,11,6,1,6
2.02E+12,2,9,0,18,0,2,0,0,0,0,1,1,6,2,37,7,1968,2,10,10,1,10
2.02E+12,2,9,0,10,0,1,0,0,0,0,3,1,5,1,57,9,1197,1,1,7,1,7
2.02E+12,1,9,0,9,0,6,0,0,0,0,3,1,6,2,39,7,998,1,6,4,1,4
2.02E+12,2,19,0,18,0,1,0,0,0,0,1,1,6,1,68,10,1870,2,12,3,1,3
2.02E+12,1,9,0,18,0,2,0,0,0,0,4,1,6,2,23,5,1242,1,7,4,3,4
2.02E+12,1,9,0,18,0,4,0,0,0,0,1,1,6,1,55,8,2400,2,2,10,1,10
2.02E+12,2,9,0,18,0,8,0,0,0,0,4,1,6,1,37,7,1388,1,11,9,2,9
2.02E+12,1,9,0,18,0,1,5,0,0,0,1,1,5,1,28,6,1968,2,2,9,2,9
2.02E+12,1,9,0,18,0,1,0,0,0,0,3,1,2,1,19,4,1999,1,10,6,3,6
2.02E+12,2,9,0,4,0,1,0,0,0,0,2,1,6,2,62,9,1198,1,5,8,2,8
2.02E+12,1,9,0,9,0,5,0,0,0,0,3,1,6,2,43,7,1598,1,13,5,1,5
2.02E+12,2,3,0,13,0,1,5,0,0,0,4,1,6,2,27,6,125,1,2,4,1,4
2.02E+12,1,9,0,18,0,1,0,0,0,0,1,1,6,1,45,7,3956,1,18,4,3,4
2.02E+12,2,9,0,4,0,1,0,0,0,0,2,1,6,1,51,8,1242,1,5,6,2,6
2.02E+12,1,2,0,18,0,1,5,0,0,0,1,1,6,1,20,4,49,1,1,2,1,2
2.02E+12,2,9,0,10,0,5,0,0,0,0,2,1,6,2,36,7,1560,2,13,2,1,2
2.02E+12,1,3,0,5,0,4,0,0,0,0,1,1,6,1,56,9,125,1,3,6,3,6
2.02E+12,1,9,0,9,0,8,0,0,0,0,1,1,5,2,26,6,1086,1,9,3,1,3
2.02E+12,1,3,0,9,0,8,2,0,1,1,3,1,2,1,62,9,108,1,2,9,1,9
2.02E+12,2,9,0,18,0,8,0,0,0,0,0,1,5,1,75,10,1598,1,3,9,1,9
2.02E+12,1,11,0,4,0,1,0,0,0,0,0,1,1,2,54,8,8268,2,15,4,1,4
2.02E+12,2,9,0,7,0,2,0,0,0,0,2,1,5,1,47,8,1997,2,12,5,1,5
2.02E+12,1,9,0,16,0,2,0,0,0,0,1,1,5,1,20,4,1229,1,5,6,3,6
2.02E+12,1,19,0,9,0,6,0,0,0,0,1,1,1,1,29,6,1995,2,4,5,1,5
2.02E+12,1,19,0,18,0,1,0,0,0,0,1,1,1,1,34,6,1598,2,2,3,1,3
2.02E+12,2,9,0,4,0,1,0,0,0,0,2,1,5,2,63,9,1582,2,1,8,2,8
2.02E+12,3,9,0,3,0,1,0,0,0,0,1,1,1,1,41,7,1968,2,1,7,3,7
2.02E+12,1,9,0,18,0,8,0,0,0,0,1,1,5,1,29,6,1332,1,18,2,1,2
2.02E+12,2,9,0,18,0,1,5,0,0,0,4,1,1,2,64,9,999,1,8,2,1,2
2.02E+12,2,9,0,18,0,1,0,0,0,0,1,1,2,2,29,6,1753,2,9,2,1,2
2.02E+12,1,19,0,18,0,1,0,0,0,0,1,1,2,1,30,6,1870,2,14,1,1,1
2.02E+12,2,9,0,3,0,2,0,0,0,0,2,1,5,2,64,9,1796,1,14,4,1,4
2.02E+12,2,9,0,10,0,1,0,0,0,0,3,1,6,1,26,6,1388,1,13,3,1,3
2.02E+12,3,9,0,4,0,1,0,0,0,0,3,1,6,1,55,8,1229,1,2,4,3,4
2.02E+12,1,9,0,9,0,1,0,0,0,0,1,1,2,2,31,6,1995,2,11,1,1,1
2.02E+12,1,9,0,6,0,1,0,0,0,0,1,1,6,2,83,11,1587,1,15,5,2,5
2.02E+12,1,11,0,14,0,1,0,0,0,0,0,1,3,1,41,7,12600,2,10,2,3,2
2.02E+12,2,9,0,4,0,2,0,0,0,0,2,1,5,1,61,9,1956,2,2,1,1,1
2.02E+12,3,2,0,18,0,2,5,0,0,0,1,1,2,1,16,4,49,1,2,7,3,7
2.02E+12,1,9,0,10,0,1,0,0,0,0,1,1,5,1,92,11,1388,1,13,7,2,7