Accident_Index,Vehicle_Reference,Vehicle_Type,Towing_and_Articulation,Vehicle_Manoeuvre,Vehicle_Location-Restricted_Lane,Junction_Location,Skidding_and_Overturning,Hit_Object_in_Carriageway,Vehicle_Leaving_Carriageway,Hit_Object_off_Carriageway,1st_Point_of_Impact,Was_Vehicle_Left_Hand_Drive?,Journey_Purpose_of_Driver,Sex_of_Driver,Age_of_Driver,Age_Band_of_Driver,Engine_Capacity_(CC),Propulsion_Code,Age_of_Vehicle,Driver_IMD_Decile,Driver_Home_Area_Type,Vehicle_IMD_Decile
2.02E+12,2,9,0,18,0,1,0,0,0,0,1,1,5,2,36,7,1910,2,11,1,1,1
2.02E+12,1,9,0,18,0,1,0,0,0,0,1,1,2,2,48,8,1461,2,2,7,1,7
2.02E+12,2,9,0,4,0,1,0,0,0,0,1,1,5,2,20,4,1598,2,5,4,1,4
2.02E+12,3,9,0,4,0,1,0,0,0,0,2,1,5,1,30,6,1796,1,11,4,1,4
2.02E+12,2,9,0,3,0,1,0,0,0,0,2,1,5,1,63,9,1461,2,7,9,2,9
2.02E+12,2,9,0,18,0,8,0,0,0,0,1,1,1,1,66,10,1796,1,9,4,3,4
2.02E+12,1,9,0,18,0,8,0,0,0,0,1,1,5,1,26,6,1910,2,10,1,1,1
2.02E+12,2,9,0,18,0,8,0,0,0,0,2,1,5,1,49,8,1600,1,17,4,3,4
2.02E+12,3,9,0,18,0,8,0,0,0,0,2,1,5,1,28,6,1753,2,7,3,1,3
2.02E+12,1,9,0,4,0,1,0,0,0,0,1,1,6,1,43,7,1598,1,13,5,2,5
2.02E+12,2,9,0,4,0,1,0,0,0,0,2,1,6,2,36,7,1086,1,11,6,1,6
2.02E+12,1,9,0,18,0,8,0,0,0,0,1,1,5,1,25,5,2495,2,14,5,3,5
2.02E+12,2,9,0,3,0,8,0,0,0,0,2,1,5,1,62,9,998,1,4,5,1,5
2.02E+12,3,9,0,18,0,8,0,0,0,0,2,1,5,2,72,10,1598,1,13,8,2,8
2.02E+12,1,9,0,18,0,1,0,0,0,0,1,1,6,1,23,5,1200,1,1,8,3,8
2.02E+12,2,9,0,4,0,1,0,0,0,0,2,1,6,1,21,5,1149,1,13,5,3,5
2.02E+12,3,9,0,10,0,1,0,0,0,0,2,1,6,1,54,8,1997,2,7,5,3,5
2.02E+12,1,9,0,9,0,1,0,0,0,0,1,1,5,1,44,7,1388,1,7,5,1,5
2.02E+12,1,9,0,9,0,1,0,0,0,0,3,1,5,1,54,8,1242,1,4,5,1,5
2.02E+12,1,9,0,7,0,1,0,0,0,0,1,1,5,2,22,5,1299,1,9,5,3,5
2.02E+12,1,9,0,18,0,1,0,0,0,0,1,1,6,2,58,9,1498,1,9,5,2,5
2.02E+12,3,9,0,10,0,1,0,0,7,0,4,1,6,2,71,10,996,1,6,10,1,10
2.02E+12,1,9,0,4,0,1,0,0,0,0,1,1,6,1,47,8,1995,2,4,4,3,4
2.02E+12,2,9,0,4,0,1,0,0,0,0,2,1,6,1,23,5,1242,1,9,5,1,5
2.02E+12,1,19,0,4,0,1,0,0,0,0,1,1,5,1,34,6,2198,2,8,2,1,2
2.02E+12,2,9,0,18,0,1,0,0,0,0,1,1,5,1,63,9,1997,1,14,3,1,3
2.02E+12,1,9,0,3,0,1,0,0,0,0,3,1,2,2,33,6,1753,2,11,8,3,8
2.02E+12,2,9,0,18,0,1,0,0,0,0,1,1,5,2,39,7,1598,1,14,4,1,4
2.02E+12,1,9,0,18,0,1,0,0,0,0,3,1,5,2,90,11,1289,1,22,4,3,4
2.02E+12,2,9,0,4,0,1,0,0,0,0,1,1,5,2,33,6,1968,2,7,5,3,5
2.02E+12,1,9,0,18,0,1,1,0,3,0,4,1,6,1,57,9,1560,2,4,3,3,3
2.02E+12,2,9,0,18,0,2,0,0,0,0,3,1,6,1,73,10,1560,2,6,8,1,8
2.02E+12,1,3,0,18,0,8,5,0,0,0,3,1,5,1,48,8,125,1,2,8,3,8
2.02E+12,2,9,0,18,0,8,0,0,0,0,4,1,5,3,22,5,1998,2,11,3,1,3
2.02E+12,1,19,0,18,0,1,0,0,0,0,3,1,1,2,53,8,1560,2,8,4,1,4
2.02E+12,1,9,0,18,0,1,0,0,0,0,3,1,5,1,21,5,1149,1,10,8,1,8
2.02E+12,2,9,0,18,0,1,0,0,0,0,3,1,5,2,46,8,1364,1,10,7,2,7
2.02E+12,1,9,0,18,0,1,0,0,0,0,4,1,5,1,68,10,1900,2,18,6,3,6
2.02E+12,1,9,0,18,0,1,1,0,1,0,1,1,5,2,31,6,1229,1,6,2,1,2
2.02E+12,1,9,0,18,0,8,0,0,0,0,3,1,5,2,66,10,1598,2,5,3,3,3
2.02E+12,2,9,0,18,0,1,0,0,0,0,3,1,5,1,56,9,2231,2,11,10,2,10
2.02E+12,1,9,0,7,0,1,0,0,0,0,4,1,6,1,53,8,1998,2,12,2,1,2
2.02E+12,1,9,0,18,0,1,0,0,0,0,4,1,5,1,48,8,1968,2,7,1,1,1
2.02E+12,2,9,0,18,0,1,0,0,0,0,1,1,6,1,45,7,2295,1,14,4,3,4
2.02E+12,1,19,0,18,0,1,5,0,0,0,4,1,6,1,43,7,2198,2,3,7,1,7
2.02E+12,2,9,0,18,0,1,0,0,0,0,1,1,6,1,39,7,1995,2,13,8,1,8
2.02E+12,1,9,0,18,0,1,0,0,0,0,1,1,6,1,28,6,2191,2,4,9,2,9
2.02E+12,2,9,0,4,0,1,0,0,0,0,2,1,6,2,48,8,1598,1,1,8,1,8
2.02E+12,1,9,0,18,0,1,0,0,0,0,4,1,6,1,37,7,1951,2,13,8,1,8
2.02E+12,1,9,0,9,0,1,0,0,0,0,3,1,6,1,31,6,1986,2,9,2,1,2
2.02E+12,2,3,0,18,0,1,0,0,0,0,1,1,6,1,19,4,125,1,2,4,3,4
2.02E+12,3,9,0,3,0,1,0,0,0,0,2,1,6,1,29,6,1995,2,5,8,3,8
2.02E+12,4,9,0,18,0,1,0,0,0,0,1,1,6,1,30,6,1390,1,16,8,1,8
2.02E+12,5,9,0,18,0,1,0,0,0,0,1,1,6,1,33,6,1753,2,8,5,1,5
2.02E+12,1,9,0,5,0,8,0,0,0,0,1,1,1,1,59,9,1998,1,7,3,1,3
2.02E+12,1,9,0,9,0,6,0,0,0,0,1,1,5,1,31,6,1781,1,15,4,1,4
2.02E+12,2,19,0,18,0,1,0,0,0,0,1,1,1,1,44,7,2148,2,11,2,2,2
2.02E+12,1,9,0,18,0,1,0,0,0,0,1,1,5,2,67,10,996,1,8,7,2,7
2.02E+12,2,9,0,3,0,1,0,0,0,0,2,1,5,2,59,9,1364,1,7,1,1,1
2.02E+12,1,9,0,18,0,8,0,0,0,0,3,1,6,1,30,6,1870,2,14,7,3,7
2.02E+12,2,9,0,9,0,8,0,0,0,0,1,1,6,2,42,7,1997,2,8,4,3,4
2.02E+12,2,9,0,2,0,1,0,0,0,0,2,1,5,2,31,6,1995,2,8,6,1,6
2.02E+12,2,9,0,9,0,8,0,0,0,0,1,1,2,1,28,6,1685,2,1,4,1,4
2.02E+12,1,9,0,18,0,8,5,0,3,0,1,1,5,1,18,4,599,1,15,6,3,6
2.02E+12,1,5,0,13,0,1,5,0,0,0,4,1,5,1,34,6,790,1,12,3,1,3
2.02E+12,2,21,0,12,0,1,0,0,0,0,3,1,1,1,72,10,12902,2,2,4,1,4
2.02E+12,1,9,0,5,0,6,5,0,0,0,3,1,6,1,65,9,1199,1,17,8,1,8
2.02E+12,1,9,0,10,0,1,0,0,0,0,1,1,6,2,17,4,999,1,1,7,3,7
2.02E+12,2,9,0,18,0,1,0,0,0,0,3,1,5,2,69,10,796,1,7,6,2,6
2.02E+12,3,9,0,18,0,1,0,0,1,10,3,1,5,1,66,10,1798,1,1,6,2,6
2.02E+12,1,19,0,18,0,1,0,0,0,0,1,1,6,1,30,6,1560,2,5,6,2,6
2.02E+12,2,9,0,18,0,1,0,0,0,0,3,1,6,2,26,6,1461,2,5,3,3,3
2.02E+12,1,9,0,18,0,8,0,0,0,0,1,1,5,2,31,6,1598,1,13,4,1,4
2.02E+12,1,9,0,18,0,8,0,0,0,0,4,1,5,1,48,8,1797,8,2,8,1,8
2.02E+12,1,9,0,18,0,2,5,9,0,0,1,1,6,1,19,4,1587,1,13,1,1,1
2.02E+12,1,9,0,9,0,1,0,0,0,0,1,1,1,1,20,4,1149,1,14,5,3,5
2.02E+12,1,9,0,18,0,6,0,0,0,0,1,1,5,2,32,6,1598,1,13,1,1,1
2.02E+12,1,9,0,18,0,1,0,0,0,0,1,1,2,1,32,6,1968,2,10,3,1,3
2.02E+12,3,19,0,18,0,1,0,0,0,0,1,1,1,1,30,6,1997,2,11,7,3,7
2.02E+12,4,3,0,18,0,1,0,0,0,0,0,1,5,2,18,4,115,1,1,6,3,6
2.02E+12,1,9,0,18,0,8,0,0,0,0,3,1,1,1,20,4,1198,1,14,2,1,2
2.02E+12,1,9,0,5,0,8,0,0,0,0,1,1,5,1,17,4,1248,2,9,6,2,6
2.02E+12,1,3,0,18,0,8,0,0,0,0,1,1,2,1,25,5,124,1,6,8,3,8
2.02E+12,2,9,0,18,0,8,0,0,0,0,4,1,5,2,62,9,1368,1,5,9,1,9
2.02E+12,1,9,3,18,0,3,0,0,0,0,3,1,6,1,44,7,1997,2,4,10,1,10
2.02E+12,1,19,0,9,0,1,0,0,0,0,1,1,1,1,65,9,1461,2,4,4,3,4
2.02E+12,2,5,0,18,0,1,0,0,0,0,4,1,5,1,26,6,599,1,12,2,1,2
2.02E+12,1,9,0,9,0,6,0,0,0,0,1,1,5,1,75,10,1997,2,1,4,1,4
2.02E+12,2,20,0,18,0,1,0,0,0,0,1,1,5,2,51,8,2000,2,32,6,1,6
2.02E+12,1,9,0,9,0,8,0,0,0,0,1,1,6,2,54,8,1587,1,11,2,1,2
2.02E+12,1,9,0,18,0,1,0,0,1,0,1,1,5,1,29,6,1398,1,15,10,1,10
2.02E+12,2,9,0,7,0,1,0,0,0,0,2,1,5,1,56,9,1389,1,11,6,2,6
2.02E+12,1,9,0,18,0,1,0,0,0,0,1,1,2,1,32,6,1997,2,12,1,1,1
2.02E+12,1,9,0,18,0,2,0,0,0,0,1,1,5,2,44,7,1796,1,10,4,1,4
2.02E+12,2,21,1,2,0,1,0,0,0,0,3,1,6,1,49,8,12809,2,1,8,3,8
2.02E+12,3,9,0,18,0,8,0,0,0,0,0,1,6,1,61,9,1368,1,1,6,3,6
2.02E+12,1,9,0,9,0,8,0,0,0,0,3,1,1,1,56,9,1685,2,1,5,3,5
2.02E+12,1,9,0,16,0,1,2,0,1,9,1,1,5,1,25,5,1753,2,17,3,1,3
2.02E+12,1,9,0,9,0,1,0,0,0,0,1,1,6,1,20,4,1598,1,11,6,1,6
2.02E+12,1,9,0,9,0,6,0,0,0,0,3,1,5,2,54,8,998,1,3,6,1,6
2.02E+12,2,3,0,18,0,1,5,0,0,0,1,1,5,1,33,6,125,1,15,2,2,2
2.02E+12,1,9,0,14,0,1,0,0,0,0,1,1,6,1,24,5,3528,1,31,6,3,6
2.02E+12,2,9,0,18,0,1,0,0,0,0,1,1,6,2,64,9,1975,1,11,9,3,9
2.02E+12,3,9,0,4,0,1,0,0,0,0,0,1,6,1,36,7,1998,1,8,5,3,5
2.02E+12,1,9,4,18,0,2,0,0,0,0,1,1,5,1,31,6,1560,2,8,3,1,3
2.02E+12,2,19,0,4,0,1,0,0,0,0,2,1,6,1,49,8,1560,2,1,2,1,2
2.02E+12,1,3,0,3,0,6,0,0,0,0,4,1,1,1,23,5,125,1,3,1,1,1
2.02E+12,1,9,0,7,0,6,0,0,0,0,2,1,5,2,82,11,1339,1,10,3,3,3
2.02E+12,2,9,0,18,0,1,0,0,0,0,1,1,5,1,65,9,3498,1,10,7,3,7
2.02E+12,2,5,0,18,0,8,0,0,0,0,3,1,2,1,47,8,918,1,18,4,2,4
2.02E+12,1,9,0,18,0,1,1,0,7,11,1,1,5,1,21,5,1896,2,16,1,1,1
2.02E+12,2,9,0,3,0,1,0,0,0,0,1,1,2,1,57,9,1796,1,15,1,1,1
2.02E+12,1,21,1,9,0,5,0,0,0,0,4,1,1,1,21,5,10518,2,8,6,3,6
2.02E+12,1,9,0,7,0,6,0,0,0,0,1,1,6,1,40,7,1999,1,2,8,1,8
2.02E+12,2,9,0,4,0,2,0,0,0,0,2,1,2,1,20,4,1242,1,10,5,1,5
2.02E+12,1,9,0,9,0,8,0,0,0,0,1,1,5,2,80,11,1499,1,1,6,2,6
2.02E+12,2,9,0,9,0,8,0,0,0,0,2,1,5,2,59,9,1248,1,3,4,3,4
2.02E+12,1,9,0,18,0,4,5,0,0,0,1,1,5,2,43,7,1995,2,2,5,3,5
2.02E+12,1,9,0,18,0,8,0,0,0,0,0,1,5,2,50,8,1796,1,15,4,2,4
2.02E+12,1,9,0,5,0,1,0,0,0,0,2,1,5,1,46,8,1560,2,2,3,1,3
2.02E+12,2,9,0,18,0,1,0,0,0,0,1,1,5,1,52,8,1999,1,16,7,3,7
2.02E+12,1,9,0,18,0,8,5,0,1,1,4,1,5,1,37,7,1998,1,13,5,2,5
2.02E+12,1,9,0,8,0,2,0,0,0,0,4,1,5,1,19,4,1796,1,16,2,3,2
2.02E+12,1,9,0,17,0,1,5,0,1,3,1,1,5,1,46,8,2495,2,15,5,3,5
2.02E+12,1,19,0,14,0,1,0,0,0,0,4,1,1,1,44,7,2198,2,1,2,1,2
2.02E+12,1,9,0,9,0,8,0,0,0,0,1,1,5,1,20,4,1796,1,8,1,1,1
2.02E+12,2,9,0,18,0,1,5,0,0,0,1,1,3,1,18,4,1242,1,7,7,3,7
2.02E+12,2,9,0,18,0,8,0,0,0,0,1,1,6,2,43,7,1796,1,8,4,1,4
2.02E+12,1,9,0,9,0,8,0,0,0,0,1,1,5,1,24,5,1995,2,9,2,1,2
2.02E+12,2,9,0,18,0,8,0,0,0,0,1,1,1,1,32,6,1997,2,4,2,2,2
2.02E+12,3,9,0,18,0,8,0,0,0,0,3,1,5,2,23,5,1198,1,1,6,2,6
2.02E+12,1,9,0,18,0,1,1,0,2,0,3,1,5,1,54,8,1999,2,1,3,1,3
2.02E+12,2,9,0,4,0,4,0,0,0,0,2,1,1,2,41,7,998,1,10,7,2,7
2.02E+12,3,9,0,4,0,1,0,0,0,0,1,1,6,1,43,7,1997,2,12,6,1,6
2.02E+12,1,9,0,18,0,8,0,0,1,0,2,1,5,2,42,7,999,1,18,2,1,2
2.02E+12,2,9,0,18,0,8,0,0,0,0,1,1,5,2,70,10,4999,1,7,6,3,6
2.02E+12,1,9,0,18,0,8,0,0,0,0,1,1,5,1,20,4,1390,1,15,6,3,6
2.02E+12,2,9,0,9,0,8,0,0,0,0,1,1,5,2,28,6,1582,2,4,10,1,10
2.02E+12,1,9,0,9,0,6,0,0,0,0,1,1,5,1,93,11,2387,2,14,4,1,4
2.02E+12,2,5,0,18,0,1,5,0,0,0,1,1,5,1,30,6,1690,1,2,6,3,6
2.02E+12,3,5,0,18,0,1,5,0,0,0,1,1,5,1,56,9,1690,1,3,7,1,7
2.02E+12,1,9,0,18,0,3,0,0,0,0,1,1,5,1,81,11,2400,2,4,10,3,10
2.02E+12,2,9,0,18,0,3,0,0,0,0,1,1,5,1,21,5,1999,1,12,8,3,8
2.02E+12,1,9,0,18,0,2,0,0,0,0,1,1,5,1,24,5,1968,2,10,6,3,6
2.02E+12,2,9,0,18,0,1,0,0,0,0,4,1,5,2,27,6,1910,2,8,6,3,6
2.02E+12,1,9,0,9,0,8,0,0,0,0,4,1,5,1,42,7,1900,2,17,4,1,4
2.02E+12,2,4,0,18,0,8,5,0,0,0,1,1,5,1,58,9,500,1,55,3,1,3
2.02E+12,1,5,0,17,0,1,2,0,0,0,4,1,5,1,59,9,1157,1,21,6,1,6
2.02E+12,1,9,0,7,0,2,0,0,0,0,1,1,5,1,48,8,2967,2,2,5,3,5
2.02E+12,2,9,0,18,0,1,0,0,0,0,1,1,6,1,72,10,1896,2,13,10,1,10
2.02E+12,2,9,0,18,0,1,0,0,0,0,1,1,5,1,28,6,1598,1,13,1,1,1
2.02E+12,3,9,0,2,0,2,0,0,0,0,3,1,5,1,38,7,2993,2,13,3,1,3
2.02E+12,1,9,0,9,0,2,0,0,0,0,2,1,6,2,28,6,1998,1,13,6,1,6
2.02E+12,2,9,0,18,0,1,0,0,0,0,1,1,6,1,59,9,1598,1,10,2,1,2
2.02E+12,1,9,0,9,0,1,0,0,0,0,1,1,6,1,50,8,2993,2,12,8,1,8
2.02E+12,2,5,0,18,0,1,5,0,0,0,1,1,6,1,55,8,1043,1,2,9,1,9
2.02E+12,1,9,0,18,0,1,0,0,0,0,1,1,5,2,40,7,1598,2,5,1,1,1
2.02E+12,2,9,0,4,0,1,0,0,0,0,2,1,5,1,24,5,1332,1,20,10,1,10
2.02E+12,1,21,0,18,0,1,0,0,0,0,1,1,1,1,52,8,9290,2,5,7,1,7
2.02E+12,2,9,0,9,0,1,0,0,0,0,2,1,5,2,22,5,1968,2,11,6,3,6
2.02E+12,2,9,0,5,0,4,0,0,0,0,2,1,6,2,44,7,1598,1,5,1,1,1
2.02E+12,1,19,0,18,0,1,0,0,0,0,1,1,6,1,48,8,1560,2,2,9,1,9
2.02E+12,2,9,0,3,0,1,0,0,0,0,2,1,6,1,50,8,1364,1,3,7,1,7
2.02E+12,3,9,0,3,0,1,0,0,0,0,2,1,5,1,57,9,1197,1,3,7,2,7
2.02E+12,1,9,0,7,0,1,1,0,0,0,1,1,5,1,68,10,1397,1,9,3,3,3
2.02E+12,2,9,0,18,0,1,2,0,1,9,4,1,2,2,23,5,1598,1,11,4,2,4
2.02E+12,2,9,0,18,0,1,0,0,0,0,1,1,6,1,36,7,2987,2,10,7,1,7
2.02E+12,1,9,0,10,0,1,0,0,0,0,4,1,5,2,89,11,1598,1,9,8,1,8
2.02E+12,1,9,0,3,0,1,0,0,0,0,1,1,5,2,60,9,1600,1,18,10,1,10
2.02E+12,1,9,0,5,0,7,0,0,0,0,4,1,5,1,75,10,1753,2,7,8,1,8
2.02E+12,2,9,0,18,0,8,0,4,0,0,3,1,5,2,54,8,1360,1,12,2,1,2
2.02E+12,1,9,5,18,0,2,0,0,0,0,1,1,5,1,34,6,1997,1,16,1,1,1
2.02E+12,1,9,0,5,0,1,0,0,0,0,1,1,2,1,47,8,1360,1,23,3,2,3
2.02E+12,1,9,0,9,0,1,0,0,0,0,4,1,2,1,22,5,998,1,4,7,1,7
2.02E+12,1,9,0,5,0,8,0,0,0,0,1,1,1,1,63,9,1997,2,7,7,3,7
2.02E+12,2,9,0,9,0,1,0,0,0,0,3,1,2,1,27,6,1560,2,5,2,2,2
2.02E+12,1,9,0,9,0,8,0,0,0,0,3,1,6,1,24,5,1461,2,4,5,3,5
2.02E+12,1,9,0,9,0,5,0,0,0,0,1,1,5,1,20,4,1600,1,13,5,3,5
2.02E+12,2,5,0,17,0,1,5,0,0,0,1,1,5,1,47,8,998,1,1,7,1,7
2.02E+12,1,9,0,18,0,1,0,0,0,0,1,1,5,1,68,10,1796,1,13,7,1,7
2.02E+12,1,9,0,18,0,1,0,0,0,0,1,1,6,2,19,4,998,1,8,10,3,10
2.02E+12,2,9,0,9,0,1,0,0,0,0,1,1,6,1,28,6,1149,1,10,10,1,10
2.02E+12,1,9,0,5,0,6,0,0,0,0,3,1,5,2,17,4,998,1,14,3,1,3
2.02E+12,2,9,0,18,0,1,0,0,0,0,1,1,5,1,26,6,2494,1,21,1,1,1
2.02E+12,1,9,0,12,0,1,0,0,0,0,1,1,5,1,61,9,1995,1,15,6,2,6
2.02E+12,1,9,0,5,0,8,0,0,0,0,4,1,2,2,55,8,1149,1,6,7,3,7
2.02E+12,1,9,0,9,0,8,0,0,0,0,3,1,2,2,31,6,1910,2,10,5,3,5
2.02E+12,2,5,0,18,0,8,5,0,0,0,1,1,2,1,25,5,599,1,12,8,3,8
2.02E+12,1,19,0,18,0,1,0,0,0,0,0,1,5,1,44,7,1998,2,13,4,1,4
2.02E+12,3,9,0,18,0,1,0,0,0,0,3,1,5,1,38,7,1587,1,13,2,1,2
2.02E+12,1,9,0,9,0,1,0,0,0,0,1,1,5,1,55,8,1998,2,10,4,2,4
2.02E+12,2,9,0,18,0,8,0,0,0,0,4,1,4,2,62,9,1997,2,6,5,1,5
2.02E+12,1,9,0,18,0,6,0,0,0,0,3,1,5,2,59,9,998,1,5,4,3,4
2.02E+12,2,9,0,5,9,1,0,0,0,0,4,1,2,2,47,8,999,1,3,8,1,8
2.02E+12,1,5,0,5,0,4,2,0,0,0,1,1,6,1,54,8,1215,1,4,8,2,8
2.02E+12,1,9,0,18,0,8,2,0,7,0,2,1,5,2,18,4,998,1,10,7,1,7
2.02E+12,2,9,0,18,0,8,2,0,0,0,1,1,5,1,35,6,1598,1,11,10,2,10
2.02E+12,1,9,0,18,0,1,0,0,0,0,1,1,5,1,59,9,1422,2,8,9,1,9
2.02E+12,1,9,0,9,0,2,0,0,0,0,1,1,6,2,73,10,1242,1,8,6,2,6
2.02E+12,1,9,0,18,0,8,0,0,0,0,1,1,5,1,78,11,1560,2,9,7,3,7
2.02E+12,2,9,0,18,0,8,0,0,0,0,1,1,5,1,37,7,1975,1,12,4,1,4
2.02E+12,1,20,0,18,0,1,1,0,0,0,3,1,1,1,40,7,4462,2,4,8,3,8
2.02E+12,2,9,0,18,0,1,0,0,0,0,1,1,6,2,27,6,1390,1,19,6,3,6
2.02E+12,2,9,0,3,0,1,0,0,0,0,2,1,2,2,57,9,1242,1,2,7,3,7
2.02E+12,1,9,0,13,0,1,0,0,0,0,3,1,6,1,82,11,1398,1,5,5,3,5
2.02E+12,1,9,0,16,0,8,0,0,0,0,1,1,5,1,21,5,1781,1,14,7,1,7
2.02E+12,2,9,0,17,0,8,0,0,0,0,3,1,5,1,54,8,2000,2,6,1,1,1
2.02E+12,1,9,0,9,0,6,0,0,0,0,3,1,5,1,45,7,1686,2,10,7,1,7
2.02E+12,2,9,0,18,0,1,0,0,0,0,1,1,5,2,63,9,1699,1,10,4,3,4
2.02E+12,1,9,0,13,0,1,0,0,0,0,1,1,1,2,31,6,1364,1,10,4,1,4
2.02E+12,1,9,0,9,0,8,0,0,0,0,3,1,1,1,60,9,1896,2,8,6,1,6
2.02E+12,2,3,0,18,0,1,0,0,0,0,1,1,5,1,19,4,125,1,1,1,1,1
2.02E+12,1,9,0,18,0,1,0,0,0,0,1,1,6,1,24,5,1797,8,2,2,1,2
2.02E+12,2,9,0,18,0,1,0,0,0,0,3,1,6,2,29,6,1796,1,11,7,1,7
2.02E+12,1,9,0,13,0,1,0,0,0,0,1,1,5,1,67,10,3311,8,12,8,3,8
2.02E+12,2,9,0,9,0,1,1,0,7,0,3,1,5,2,45,7,1597,2,4,3,3,3
2.02E+12,2,9,0,18,0,1,0,0,0,0,1,1,6,2,56,9,1299,1,13,2,1,2
2.02E+12,1,9,0,9,0,8,0,0,0,0,3,1,3,2,52,8,1560,2,4,5,1,5
2.02E+12,1,9,0,18,0,1,0,0,0,0,1,1,5,1,67,10,1197,1,3,8,1,8
2.02E+12,1,9,0,18,0,2,0,0,0,0,1,1,6,1,58,9,1997,2,10,9,2,9
2.02E+12,2,9,0,18,0,1,0,0,0,0,1,1,6,1,46,8,1870,2,11,8,1,8
2.02E+12,1,9,0,9,0,1,0,0,0,0,0,1,5,2,35,6,1598,2,5,5,2,5
2.02E+12,2,9,0,18,0,1,0,0,1,10,1,1,5,1,80,11,1398,1,6,8,1,8
2.02E+12,1,9,0,9,0,1,0,0,0,0,1,1,6,1,37,7,1995,2,6,3,1,3
2.02E+12,1,9,0,9,0,8,0,0,0,0,1,1,5,1,27,6,1994,1,12,4,3,4
2.02E+12,2,9,0,18,0,8,0,0,7,9,4,1,5,2,52,8,1461,2,6,4,3,4
2.02E+12,2,9,0,18,0,1,0,0,0,0,1,1,5,1,75,10,2184,2,12,3,1,3
2.02E+12,1,9,0,9,0,5,0,0,0,0,4,1,5,1,30,6,1598,2,7,1,1,1
2.02E+12,2,9,0,18,0,1,0,0,0,0,1,1,5,2,78,11,1198,1,3,5,3,5
2.02E+12,1,5,0,4,0,8,0,0,0,0,1,1,5,1,26,6,749,1,12,3,1,3
2.02E+12,2,9,0,4,0,8,0,0,0,0,2,1,5,2,22,5,998,1,2,4,1,4
2.02E+12,2,9,0,3,0,8,0,0,0,0,2,1,5,1,28,6,1299,1,15,5,1,5
2.02E+12,1,9,0,18,0,1,0,0,0,0,4,1,5,2,47,8,2231,2,9,6,3,6
2.02E+12,2,3,0,18,0,1,5,0,0,0,1,1,5,1,19,4,125,1,10,4,3,4
2.02E+12,1,9,0,16,0,2,0,0,0,0,3,1,5,1,54,8,1995,2,5,7,2,7
2.02E+12,2,9,0,18,0,1,0,0,0,0,1,1,5,1,44,7,1896,2,16,4,3,4
2.02E+12,1,9,0,18,0,1,0,0,0,0,3,1,5,1,90,11,1749,1,13,6,3,6
2.02E+12,2,5,0,18,0,1,0,0,0,0,1,1,5,1,50,8,645,1,10,4,3,4
2.02E+12,1,9,0,18,0,2,0,0,0,0,1,1,6,1,52,8,1598,2,1,7,1,7
2.02E+12,2,9,0,3,0,1,0,0,0,0,3,1,6,2,81,11,2199,2,7,7,2,7
2.02E+12,3,9,0,3,0,1,0,0,0,0,3,1,6,2,50,8,1598,1,4,10,1,10
2.02E+12,1,9,0,9,0,1,0,0,0,0,0,1,6,1,75,10,2496,1,14,7,1,7
2.02E+12,1,9,0,9,0,1,0,0,0,0,3,1,5,1,65,9,1798,8,1,6,3,6
2.02E+12,2,9,0,18,0,1,0,0,0,0,1,1,5,1,21,5,3498,1,13,6,3,6
2.02E+12,1,9,0,9,0,8,0,0,0,0,4,1,6,1,48,8,2000,2,17,7,1,7
2.02E+12,2,9,0,18,0,8,0,0,0,0,1,1,5,1,18,4,1198,1,15,1,1,1
2.02E+12,1,9,0,16,0,2,0,0,0,0,1,1,6,1,49,8,2184,2,12,6,3,6
2.02E+12,2,19,0,17,0,1,0,0,0,0,1,1,5,1,57,9,1598,2,2,4,3,4
2.02E+12,1,9,0,4,0,1,0,0,0,0,2,1,6,2,82,11,1985,1,18,7,3,7
2.02E+12,2,9,0,18,0,1,0,0,0,0,1,1,6,2,27,6,1360,1,18,2,1,2
2.02E+12,1,11,0,18,0,1,0,0,0,0,0,1,5,1,47,8,9400,2,12,9,2,9
2.02E+12,1,9,0,9,0,1,0,0,0,0,1,1,5,2,67,10,1896,2,13,6,1,6
2.02E+12,2,9,0,9,0,1,0,0,0,0,3,1,5,1,19,4,1296,1,41,2,1,2
2.02E+12,1,9,0,18,0,1,0,0,0,0,4,1,1,1,22,5,998,1,12,6,2,6
2.02E+12,1,9,0,18,0,1,0,0,0,0,3,1,6,1,58,9,1560,2,1,6,3,6
2.02E+12,2,9,0,18,0,1,0,0,0,0,1,1,6,2,55,8,1799,1,10,2,1,2
2.02E+12,1,9,0,7,0,6,0,0,0,0,3,1,1,1,44,7,1598,2,3,6,1,6
2.02E+12,2,9,0,18,0,1,0,0,0,0,1,1,1,2,52,8,1395,1,1,4,2,4
2.02E+12,2,9,0,10,0,8,0,0,0,0,2,1,5,2,52,8,1396,1,26,3,3,3
2.02E+12,3,9,0,18,0,8,0,0,0,0,1,1,5,2,59,9,2179,2,2,5,3,5
2.02E+12,1,9,0,18,0,2,0,0,0,0,1,1,5,1,55,8,1995,1,7,8,1,8
2.02E+12,2,9,0,4,0,2,0,0,0,0,2,1,5,1,69,10,1364,1,6,7,2,7
2.02E+12,1,9,0,5,0,1,0,0,0,0,1,1,5,1,18,4,1229,1,7,5,1,5
2.02E+12,1,9,0,9,0,6,0,0,0,0,1,1,5,1,44,7,1796,1,16,3,2,3