Accident_Index,Vehicle_Reference,Vehicle_Type,Towing_and_Articulation,Vehicle_Manoeuvre,Vehicle_Location-Restricted_Lane,Junction_Location,Skidding_and_Overturning,Hit_Object_in_Carriageway,Vehicle_Leaving_Carriageway,Hit_Object_off_Carriageway,1st_Point_of_Impact,Was_Vehicle_Left_Hand_Drive?,Journey_Purpose_of_Driver,Sex_of_Driver,Age_of_Driver,Age_Band_of_Driver,Engine_Capacity_(CC),Propulsion_Code,Age_of_Vehicle,Driver_IMD_Decile,Driver_Home_Area_Type,Vehicle_IMD_Decile
2.02E+12,1,9,5,18,0,1,0,0,0,0,1,1,5,1,44,7,1596,1,5,4,1,4
2.02E+12,1,9,0,18,0,2,0,0,0,0,4,1,5,1,74,10,998,1,9,6,3,6
2.02E+12,1,9,0,18,0,2,0,0,0,0,1,1,5,2,17,4,1390,1,15,4,1,4
2.02E+12,1,9,0,18,0,4,1,0,3,9,1,1,5,1,35,6,1968,2,10,3,1,3
2.02E+12,2,9,0,18,0,1,0,0,0,0,1,1,6,1,28,6,1910,2,12,6,3,6
2.02E+12,2,9,0,18,0,1,0,0,0,0,3,1,6,2,45,7,1598,1,10,8,1,8
2.02E+12,1,9,0,18,0,1,0,0,0,0,1,1,5,1,31,6,1390,1,16,1,1,1
2.02E+12,2,9,0,10,0,1,0,0,0,0,1,1,2,2,38,7,1198,1,12,6,2,6
2.02E+12,3,9,0,3,0,1,0,0,0,0,1,1,5,1,36,7,1896,2,16,4,1,4
2.02E+12,1,9,0,18,0,4,0,0,0,0,1,1,5,2,86,11,1587,1,27,6,1,6
2.02E+12,2,9,0,18,0,8,0,0,0,0,4,1,5,2,63,9,1598,2,6,7,3,7
2.02E+12,1,21,0,18,0,1,0,0,0,0,1,1,1,1,74,10,11946,2,7,6,2,6
2.02E+12,2,9,0,10,0,1,0,0,0,0,2,1,5,2,34,6,1686,2,12,1,1,1
2.02E+12,1,9,0,18,0,1,0,0,0,0,4,1,6,1,68,10,1598,1,12,8,1,8
2.02E+12,2,9,0,18,0,8,1,0,0,0,1,1,5,1,28,6,1968,2,1,4,3,4
2.02E+12,2,3,0,13,0,8,0,0,0,0,1,1,3,1,17,4,125,1,2,6,3,6
2.02E+12,1,9,5,9,0,1,0,0,0,0,1,1,5,2,50,8,1388,1,11,8,1,8
2.02E+12,2,9,0,9,0,1,0,0,0,0,3,1,5,1,79,11,1248,1,2,3,1,3
2.02E+12,1,9,0,18,0,1,0,0,0,0,1,1,5,1,65,9,1997,1,1,8,1,8
2.02E+12,1,9,0,18,0,8,0,0,0,0,1,1,5,2,38,7,1560,2,13,4,3,4
2.02E+12,2,9,0,18,0,8,0,0,0,0,1,1,5,1,79,11,1396,1,12,4,3,4
2.02E+12,2,9,0,1,0,1,0,0,0,0,0,1,2,2,24,5,1248,2,5,5,1,5
2.02E+12,1,9,0,18,0,1,0,0,0,0,1,1,5,1,75,10,2400,2,1,6,2,6
2.02E+12,2,9,0,18,0,1,0,0,0,0,1,1,5,2,23,5,1422,2,3,5,3,5
2.02E+12,1,9,0,18,0,8,0,0,3,10,1,1,5,1,45,7,1598,1,14,3,2,3
2.02E+12,1,9,0,18,0,2,5,0,0,0,1,1,5,1,40,7,1461,2,2,4,2,4
2.02E+12,1,9,0,18,0,2,0,0,0,0,1,1,5,2,24,5,1360,1,14,2,1,2
2.02E+12,1,9,0,18,0,8,2,0,1,4,1,1,5,1,30,6,1796,1,15,4,1,4
2.02E+12,2,9,0,18,0,8,0,0,0,0,4,1,2,2,26,6,1598,2,1,7,3,7
2.02E+12,1,9,0,3,0,1,0,0,0,0,2,1,6,1,30,6,1956,2,7,5,2,5
2.02E+12,1,9,0,4,0,1,0,0,0,0,4,1,5,1,39,7,1984,1,8,2,1,2
2.02E+12,1,11,0,18,0,1,0,0,0,0,1,1,5,1,29,6,4500,2,1,1,1,1
2.02E+12,1,19,0,9,0,1,0,0,0,0,4,1,1,1,51,8,2402,2,9,7,3,7
2.02E+12,1,9,0,18,0,8,0,0,0,0,1,1,5,1,24,5,2204,2,9,9,3,9
2.02E+12,2,9,0,18,0,8,0,0,7,9,1,1,2,1,65,9,2401,2,11,6,2,6
2.02E+12,3,9,0,18,0,8,0,0,7,0,3,1,5,1,71,10,998,1,13,7,1,7
2.02E+12,2,9,0,18,0,8,5,0,7,9,1,1,5,2,59,9,1248,2,8,4,1,4
2.02E+12,1,4,0,18,0,8,0,0,0,0,4,1,5,1,52,8,198,1,22,3,1,3
2.02E+12,2,9,0,10,0,1,0,0,0,0,2,1,6,2,25,5,1299,1,15,3,3,3
2.02E+12,1,3,0,18,0,8,0,0,0,0,1,1,5,2,26,6,124,1,3,3,3,3
2.02E+12,2,2,0,3,0,8,0,0,0,0,2,1,5,1,16,4,49,1,3,6,2,6
2.02E+12,1,9,0,18,0,1,0,0,0,0,3,1,6,1,63,9,1798,1,5,7,1,7
2.02E+12,2,9,0,18,0,1,0,0,0,0,1,1,6,1,84,11,1997,2,3,9,1,9
2.02E+12,1,9,0,18,0,1,0,0,1,9,1,1,5,1,30,6,1968,2,9,3,1,3
2.02E+12,1,9,0,18,0,1,0,0,0,0,1,1,5,2,24,5,1242,1,12,10,3,10
2.02E+12,1,3,0,18,0,2,5,0,0,0,1,1,2,1,55,8,125,1,15,3,1,3
2.02E+12,2,19,0,18,0,1,0,0,0,0,1,1,1,1,59,9,2187,2,15,4,3,4
2.02E+12,1,9,0,18,0,1,1,0,7,0,0,1,5,2,64,9,1242,1,14,7,3,7
2.02E+12,1,19,0,18,0,1,0,0,0,0,1,1,1,1,37,7,2198,2,1,4,3,4
2.02E+12,2,9,0,7,0,1,2,0,1,0,3,1,5,2,67,10,1587,1,9,7,3,7
2.02E+12,1,9,0,18,0,8,0,0,0,0,1,1,6,1,40,7,1229,1,3,7,2,7
2.02E+12,2,9,0,18,0,8,0,0,0,0,4,1,5,1,37,7,1598,2,8,6,3,6
2.02E+12,2,9,0,18,0,1,0,0,0,0,1,1,6,2,51,8,1242,1,16,5,3,5
2.02E+12,1,9,0,18,0,1,0,0,0,0,1,1,5,2,50,8,1198,1,3,9,2,9
2.02E+12,1,9,0,9,0,8,0,0,0,0,1,1,6,1,27,6,1229,1,11,9,1,9
2.02E+12,1,9,0,5,0,6,0,0,0,0,2,1,5,2,18,4,1298,1,9,4,2,4
2.02E+12,1,9,0,18,0,1,0,0,0,0,1,1,5,1,86,11,1591,1,3,5,3,5
2.02E+12,2,9,0,3,0,1,0,0,0,0,2,1,5,1,60,9,1995,2,1,5,1,5
2.02E+12,4,9,0,4,0,1,0,0,0,0,2,1,5,1,30,6,1560,2,9,7,1,7
2.02E+12,1,9,0,10,0,1,0,0,0,0,2,1,5,1,20,4,1598,1,12,1,1,1
2.02E+12,2,9,0,4,0,1,0,0,0,0,2,1,5,1,23,5,1900,2,17,9,3,9
2.02E+12,3,9,0,18,0,1,0,0,0,0,1,1,5,1,72,10,1896,2,11,8,1,8
2.02E+12,1,9,0,18,0,2,0,0,0,0,1,1,2,2,33,6,2179,2,5,4,1,4
2.02E+12,2,9,0,4,0,2,0,0,0,0,2,1,6,2,42,7,2967,2,3,10,2,10
2.02E+12,1,9,0,5,0,8,0,0,0,0,1,1,2,2,20,4,1997,2,7,5,3,5
2.02E+12,1,9,0,18,0,2,0,0,0,0,1,1,6,2,48,8,1248,1,1,7,2,7
2.02E+12,2,9,0,10,0,1,0,0,0,0,2,1,6,2,49,8,1997,2,3,2,1,2
2.02E+12,1,9,0,18,0,8,0,0,0,0,1,1,5,2,24,5,1390,1,8,2,1,2
2.02E+12,2,3,0,9,0,1,5,0,0,0,2,1,5,1,50,8,125,1,9,5,2,5
2.02E+12,2,9,0,4,0,1,0,0,0,0,2,1,5,1,67,10,1896,2,8,3,3,3
2.02E+12,2,5,0,8,0,1,5,0,0,0,2,1,5,1,55,8,1584,1,10,4,1,4
2.02E+12,1,19,0,7,0,6,0,0,0,0,3,1,5,1,62,9,2496,2,20,3,3,3
2.02E+12,2,5,0,18,0,8,5,0,1,10,1,1,5,1,32,6,599,1,17,2,1,2
2.02E+12,3,9,0,18,0,8,0,0,0,0,3,1,5,1,27,6,1995,2,6,5,1,5
2.02E+12,2,5,0,3,0,1,5,0,0,0,4,1,5,1,32,6,942,1,8,7,1,7
2.02E+12,1,9,0,9,0,8,0,0,0,0,1,1,6,1,29,6,1796,1,11,4,3,4
2.02E+12,2,9,0,18,0,1,0,0,0,0,1,1,1,1,61,9,1968,2,2,2,1,2
2.02E+12,1,9,0,18,0,1,0,0,0,0,1,1,1,1,34,6,998,1,15,3,1,3
2.02E+12,2,9,0,2,0,8,0,0,0,0,2,1,5,2,50,8,1398,2,9,4,1,4
2.02E+12,1,9,0,9,0,8,0,0,0,0,4,1,2,2,19,4,1242,1,2,6,3,6
2.02E+12,1,19,0,9,0,8,0,0,0,0,1,1,1,1,44,7,1997,2,15,5,3,5
2.02E+12,1,9,0,18,0,2,0,0,0,0,3,1,2,1,18,4,1396,1,13,5,3,5
2.02E+12,1,9,0,18,0,8,0,0,0,0,1,1,2,2,33,6,989,1,12,6,1,6
2.02E+12,1,9,0,18,0,2,0,0,0,0,1,1,6,1,74,10,1242,1,7,6,2,6
2.02E+12,1,90,0,2,0,8,0,0,0,0,1,1,6,1,25,5,3990,2,2,4,2,4
2.02E+12,1,9,0,9,0,8,0,0,0,0,1,1,2,1,18,4,1390,1,16,8,2,8
2.02E+12,2,9,0,18,0,8,0,0,0,0,1,1,2,2,38,7,1242,1,4,9,2,9
2.02E+12,1,9,0,10,0,1,0,0,0,0,2,1,1,2,25,5,998,1,4,8,1,8
2.02E+12,1,9,5,18,0,2,0,0,0,0,1,1,5,2,71,10,1997,2,2,4,1,4
2.02E+12,1,9,0,4,0,1,0,0,0,0,1,1,6,1,73,10,1598,1,5,9,2,9
2.02E+12,1,9,0,18,0,1,0,0,7,4,1,1,2,1,47,8,1596,1,6,8,1,8
2.02E+12,2,19,0,18,0,1,1,0,0,0,4,1,6,1,37,7,2464,2,9,2,1,2
2.02E+12,1,9,0,18,0,1,0,0,0,0,1,1,6,1,32,6,2987,2,5,1,1,1
2.02E+12,1,9,0,18,0,8,0,0,0,0,4,1,5,1,49,8,1198,1,13,3,3,3
2.02E+12,2,9,0,18,0,8,0,0,0,0,1,1,5,2,73,10,996,1,3,5,3,5
2.02E+12,1,19,0,18,0,8,0,0,0,0,1,1,2,1,23,5,1968,2,8,8,2,8
2.02E+12,2,9,0,18,0,8,0,0,0,0,1,1,2,1,29,6,1799,1,6,6,3,6
2.02E+12,4,9,0,8,0,8,0,0,0,0,3,1,5,2,53,8,1248,2,5,4,3,4
2.02E+12,1,9,0,18,0,2,0,0,0,0,4,1,5,1,69,10,1994,2,10,1,1,1
2.02E+12,1,9,0,18,0,1,0,0,0,0,3,1,5,2,19,4,1299,1,12,6,3,6
2.02E+12,2,9,0,18,0,1,1,4,0,0,1,1,5,2,78,11,1699,1,10,3,2,3
2.02E+12,1,9,0,9,0,2,0,0,0,0,3,1,5,1,74,10,1968,2,4,5,2,5
2.02E+12,2,21,1,18,0,2,0,0,0,0,3,1,1,1,49,8,12740,2,4,5,3,5
2.02E+12,2,9,5,7,0,2,0,0,0,0,1,1,2,1,38,7,1560,2,13,3,3,3
2.02E+12,2,9,0,9,0,8,0,0,0,0,3,1,5,1,32,6,1598,1,3,9,2,9
2.02E+12,1,9,0,18,0,1,0,0,0,0,1,1,5,1,21,5,1493,2,11,5,3,5
2.02E+12,1,9,0,9,0,1,0,0,0,0,3,1,5,2,29,6,1399,2,12,3,1,3
2.02E+12,2,9,0,9,0,8,0,0,0,0,2,1,5,2,25,5,1149,1,12,6,1,6
2.02E+12,2,9,0,18,0,1,0,0,0,0,1,1,5,2,19,4,1490,1,11,5,3,5
2.02E+12,1,21,0,5,0,4,0,0,0,0,1,1,1,1,54,8,5880,2,10,7,2,7
2.02E+12,2,9,0,3,0,4,0,0,0,0,2,1,6,2,49,8,1560,2,9,4,1,4
2.02E+12,1,9,0,9,0,5,0,0,0,0,1,1,6,2,42,7,1995,2,6,4,2,4
2.02E+12,1,9,0,9,0,8,0,0,0,0,4,1,5,2,69,10,1598,1,6,3,3,3
2.02E+12,2,5,0,18,0,8,5,0,0,0,1,1,6,1,31,6,600,1,18,3,2,3
2.02E+12,3,9,0,18,0,1,1,0,0,0,1,1,5,2,45,7,1910,2,12,4,2,4
2.02E+12,1,9,0,9,0,6,0,0,0,0,3,1,3,2,45,7,1988,1,16,3,3,3
2.02E+12,2,9,0,18,0,1,0,0,0,0,1,1,5,1,83,11,1149,1,4,8,2,8
2.02E+12,1,19,0,18,0,2,0,0,0,0,1,1,5,1,25,5,1248,2,1,6,2,6
2.02E+12,2,5,0,18,0,1,2,0,0,0,0,1,5,1,19,4,745,1,4,1,1,1
2.02E+12,1,9,0,18,0,8,0,0,0,0,3,1,5,1,77,11,1360,1,11,6,2,6
2.02E+12,1,9,0,7,0,2,0,0,0,0,1,1,6,1,70,10,1582,2,8,5,2,5
2.02E+12,1,9,0,18,0,5,0,0,0,0,4,1,6,1,32,6,1968,2,6,5,1,5
2.02E+12,2,9,0,4,0,1,0,0,0,0,2,1,5,1,19,4,1995,2,7,3,1,3
2.02E+12,2,9,0,18,0,1,0,0,0,0,3,1,2,1,49,8,1560,2,6,7,2,7
2.02E+12,1,9,0,3,0,4,0,0,0,0,1,1,5,2,33,6,1796,1,15,10,1,10
2.02E+12,2,9,0,3,0,4,0,0,0,0,2,1,5,1,60,9,1395,1,3,5,1,5
2.02E+12,1,9,0,18,0,4,0,0,0,0,1,1,5,1,43,7,1968,2,12,9,1,9
2.02E+12,1,9,0,18,0,8,0,0,0,0,1,1,5,2,55,8,3199,1,14,6,3,6
2.02E+12,2,19,0,10,0,8,0,0,0,0,2,1,5,1,51,8,1560,2,3,4,1,4
2.02E+12,2,3,0,18,0,1,5,0,0,0,1,1,6,1,36,7,124,1,2,4,1,4
2.02E+12,1,9,0,7,0,8,0,0,1,11,1,1,5,1,38,7,1368,1,7,9,1,9
2.02E+12,2,9,0,18,0,1,0,0,1,11,1,1,5,1,69,10,998,1,4,9,1,9
2.02E+12,1,9,0,5,0,4,0,0,0,0,1,1,6,1,59,9,1753,2,11,3,1,3
2.02E+12,1,21,0,10,0,1,0,0,0,0,1,1,1,1,40,7,4461,2,6,3,1,3
2.02E+12,2,9,0,18,0,1,0,0,0,0,1,1,5,2,27,6,1390,1,4,2,1,2
2.02E+12,1,9,0,5,0,7,0,0,0,0,1,1,6,1,44,7,1870,2,14,10,2,10
2.02E+12,2,5,0,5,0,7,5,0,0,0,2,1,5,1,60,9,656,1,4,6,3,6
2.02E+12,1,9,0,9,0,8,0,0,0,0,1,1,5,2,70,10,1248,2,10,8,3,8
2.02E+12,2,9,0,18,0,8,1,0,4,1,1,1,5,1,57,9,2720,2,9,9,3,9
2.02E+12,1,9,0,5,0,6,0,0,0,0,3,1,5,1,50,8,2987,2,2,9,1,9
2.02E+12,2,9,0,18,0,1,0,0,0,0,4,1,5,2,19,4,1242,1,5,7,1,7
2.02E+12,1,9,0,18,0,8,0,0,0,0,4,1,5,1,27,6,1796,1,10,6,3,6
2.02E+12,2,3,0,18,0,8,5,0,0,0,1,1,2,1,20,4,125,1,8,7,1,7
2.02E+12,1,9,0,18,0,8,0,0,0,0,3,1,5,1,40,7,2204,2,11,4,1,4
2.02E+12,2,9,0,18,0,8,0,0,0,0,1,1,1,1,26,6,1997,2,10,2,1,2
2.02E+12,1,9,0,18,0,8,0,0,0,0,0,1,5,1,66,10,1997,2,13,7,1,7
2.02E+12,2,3,0,18,0,1,2,0,0,0,0,1,6,1,23,5,125,1,3,8,1,8
2.02E+12,1,9,0,5,0,4,0,0,0,0,3,1,5,2,37,7,1910,2,11,8,1,8
2.02E+12,1,9,0,18,0,2,0,0,0,0,1,1,6,1,69,10,2401,2,14,3,1,3
2.02E+12,4,9,0,2,0,1,0,0,0,0,2,1,5,2,61,9,1997,2,8,1,1,1
2.02E+12,1,19,0,4,0,4,1,0,0,0,1,1,5,1,41,7,1461,2,12,3,1,3
2.02E+12,2,9,0,3,0,4,0,0,0,0,2,1,6,2,51,8,2685,2,14,5,1,5
2.02E+12,1,9,0,5,0,8,0,0,0,0,1,1,6,2,21,5,1388,1,11,10,1,10
2.02E+12,2,9,0,3,0,8,0,0,0,0,2,1,6,2,29,6,1242,1,1,6,1,6
2.02E+12,2,9,0,18,0,8,0,0,0,0,1,1,6,1,62,9,1596,1,17,4,3,4
2.02E+12,1,9,0,18,0,1,0,0,0,0,1,1,6,2,91,11,1396,1,11,6,2,6
2.02E+12,2,9,0,3,0,1,0,0,0,0,2,1,1,1,63,9,1560,2,4,6,3,6
2.02E+12,1,9,0,18,0,1,1,0,0,0,1,1,2,2,48,8,1910,2,9,8,3,8
2.02E+12,2,9,0,18,0,1,0,0,0,0,1,1,5,2,40,7,1896,2,15,6,3,6
2.02E+12,3,9,0,18,0,1,0,0,0,0,0,1,5,2,76,11,1199,1,13,6,3,6
2.02E+12,1,9,0,5,0,8,0,0,0,0,1,1,5,2,26,6,1598,1,11,7,3,7
2.02E+12,2,9,0,18,0,8,0,0,0,0,1,1,6,2,40,7,1598,2,3,7,1,7
2.02E+12,1,9,0,1,0,6,0,0,0,0,2,1,3,2,41,7,1461,2,10,4,1,4
2.02E+12,2,9,0,18,0,1,0,0,0,0,4,1,2,2,43,7,1242,1,7,3,1,3
2.02E+12,1,9,0,9,0,8,0,0,0,0,3,1,6,2,20,4,1598,1,13,10,1,10
2.02E+12,1,21,1,18,0,1,0,0,0,0,1,1,5,1,65,9,12902,2,4,5,3,5
2.02E+12,2,9,0,7,0,1,0,0,0,0,2,1,5,1,50,8,1596,1,7,5,1,5
2.02E+12,1,9,0,9,0,8,0,0,0,0,3,1,5,1,41,7,2261,1,11,7,1,7
2.02E+12,2,2,0,18,0,1,5,0,0,0,1,1,5,1,18,4,49,1,12,8,2,8
2.02E+12,1,9,0,7,0,8,0,0,0,0,1,1,6,2,27,6,1997,2,6,1,1,1
2.02E+12,1,9,0,18,0,1,1,0,0,0,1,1,6,2,40,7,1124,1,14,6,3,6
2.02E+12,2,9,0,18,0,1,0,0,0,0,3,1,6,1,56,9,4164,2,13,7,3,7
2.02E+12,2,9,0,18,0,1,0,0,0,0,3,1,6,2,58,9,2000,2,10,7,3,7
2.02E+12,1,9,0,7,0,2,0,0,0,0,1,1,6,1,72,10,1586,1,4,7,3,7
2.02E+12,2,9,0,18,0,1,0,0,0,0,1,1,6,2,50,8,1360,1,12,7,3,7
2.02E+12,1,9,0,18,0,8,0,0,0,0,4,1,6,1,49,8,1598,2,2,7,1,7
2.02E+12,2,9,0,18,0,8,0,0,0,0,1,1,6,1,52,8,998,1,18,8,3,8
2.02E+12,1,9,0,5,0,4,0,0,0,0,1,1,6,2,52,8,1969,2,2,8,2,8
2.02E+12,1,9,0,9,0,8,0,0,0,0,1,1,5,2,45,7,1598,2,2,6,3,6
2.02E+12,2,9,0,18,0,1,0,0,0,0,1,1,1,1,28,6,998,1,3,5,1,5
2.02E+12,1,9,0,18,0,4,0,0,0,0,3,1,5,1,37,7,1360,1,13,4,1,4
2.02E+12,2,9,0,4,0,1,0,0,0,0,2,1,6,1,51,8,2143,12,4,6,1,6
2.02E+12,1,9,0,18,0,1,0,0,0,0,1,1,6,1,42,7,998,1,3,8,1,8
2.02E+12,2,9,0,3,0,4,0,0,0,0,2,1,6,2,32,6,1995,1,10,5,2,5
2.02E+12,2,9,0,5,0,1,0,0,0,0,3,1,6,2,35,6,2720,2,12,5,1,5
2.02E+12,1,9,0,9,0,1,0,0,0,0,1,1,5,2,82,11,1396,1,13,8,2,8
2.02E+12,2,9,0,18,0,1,0,0,0,0,1,1,2,1,57,9,1995,2,5,7,3,7
2.02E+12,1,9,0,18,0,4,0,0,0,0,1,1,5,1,18,4,999,1,3,6,3,6
2.02E+12,2,8,0,18,0,4,0,0,0,0,1,1,1,1,34,6,3227,2,15,4,1,4
2.02E+12,1,9,0,18,0,4,0,0,0,0,3,1,1,1,72,10,3222,2,12,8,2,8
2.02E+12,1,9,0,9,0,6,0,0,0,0,3,1,5,2,43,7,2720,2,9,9,3,9
2.02E+12,1,9,0,18,0,2,0,0,0,0,1,1,6,1,62,9,1598,1,16,5,3,5
2.02E+12,1,9,0,5,0,8,0,0,0,0,1,1,6,2,25,5,1397,1,9,6,3,6
2.02E+12,2,21,0,18,0,1,0,0,0,0,1,1,6,1,63,9,4580,2,8,4,1,4
2.02E+12,1,9,0,18,0,1,0,0,0,0,0,1,6,1,84,11,1588,1,15,9,1,9
2.02E+12,1,9,0,5,0,1,0,0,0,0,1,1,5,1,51,8,1968,2,3,9,2,9
2.02E+12,2,9,0,8,0,1,0,0,0,0,2,1,5,2,17,4,1124,1,14,9,2,9
2.02E+12,1,9,0,18,0,1,0,0,0,0,1,1,5,1,32,6,2493,8,3,3,1,3
2.02E+12,1,9,0,18,0,3,0,0,0,0,4,1,6,2,40,7,998,1,2,7,1,7
2.02E+12,1,9,0,9,0,4,0,0,0,0,3,1,5,2,35,6,2295,1,15,5,3,5
2.02E+12,2,9,0,9,0,8,0,0,0,0,1,1,5,2,43,7,998,1,5,5,3,5
2.02E+12,1,9,0,18,0,4,0,0,0,0,1,1,6,2,33,6,1975,1,12,6,3,6
2.02E+12,2,9,0,9,0,8,0,0,0,0,4,1,5,1,24,5,1598,2,3,9,1,9
2.02E+12,2,9,0,18,0,1,0,0,0,0,4,1,5,2,39,7,2776,2,12,7,2,7
2.02E+12,3,9,0,2,0,1,0,0,0,0,2,1,5,1,51,8,2987,2,3,9,3,9
2.02E+12,1,9,0,7,0,4,0,0,1,0,1,1,6,1,31,6,1248,1,4,7,3,7
2.02E+12,2,9,0,9,0,8,0,0,0,0,4,1,6,1,27,6,2171,1,15,3,1,3
2.02E+12,1,9,0,7,0,1,0,0,0,0,1,1,5,1,47,8,2199,2,7,6,3,6
2.02E+12,1,9,0,18,0,1,0,0,8,4,1,1,5,1,30,6,1242,1,14,6,2,6
2.02E+12,2,9,0,18,0,1,0,0,0,0,3,1,5,2,43,7,1956,2,2,7,1,7
2.02E+12,1,9,0,5,0,4,0,0,0,0,1,1,5,1,76,11,1560,2,7,8,1,8
2.02E+12,2,3,0,3,0,4,5,0,0,0,2,1,5,2,45,7,125,1,2,1,1,1
2.02E+12,1,9,0,18,0,8,0,0,0,0,1,1,5,2,62,9,1968,2,1,6,3,6
2.02E+12,2,4,0,18,0,8,5,0,0,0,1,1,5,1,56,9,399,1,34,7,3,7
2.02E+12,1,9,0,5,0,3,0,0,0,0,1,1,5,2,88,11,1299,1,19,6,3,6
2.02E+12,2,9,0,18,0,3,0,0,0,0,1,1,5,2,39,7,1360,1,14,3,1,3
2.02E+12,1,11,0,18,0,1,0,0,0,0,1,1,1,1,60,9,4461,2,1,7,1,7
2.02E+12,1,9,0,18,0,1,0,0,0,0,1,1,6,2,36,7,1560,2,9,1,1,1
2.02E+12,2,9,0,18,0,1,0,0,0,0,2,1,5,1,58,9,1968,2,11,3,1,3
2.02E+12,1,9,0,1,0,1,0,0,0,0,0,1,6,1,55,8,1796,1,15,7,1,7
2.02E+12,1,9,0,9,0,1,0,0,0,0,3,1,6,2,33,6,1598,1,14,4,1,4
2.02E+12,2,2,0,18,0,1,0,0,0,0,3,1,6,1,41,7,49,1,9,9,1,9
2.02E+12,1,9,0,18,0,4,0,0,0,0,1,1,5,2,67,10,996,1,6,3,1,3
2.02E+12,1,9,0,3,0,1,0,0,0,0,2,1,5,2,82,11,2148,2,13,9,2,9
2.02E+12,2,19,0,3,0,1,0,0,0,0,1,1,1,1,34,6,2198,2,5,2,1,2
2.02E+12,1,9,0,18,0,1,0,0,0,0,3,1,6,1,21,5,1560,2,1,3,1,3
2.02E+12,1,9,0,5,0,6,0,0,0,0,3,1,6,1,19,4,1086,1,13,5,3,5
2.02E+12,2,9,0,18,0,1,2,0,0,0,1,1,6,1,47,8,1364,2,4,8,3,8
2.02E+12,1,9,0,7,0,1,0,0,0,0,1,1,1,1,26,6,1910,2,12,5,3,5
2.02E+12,2,9,0,7,0,1,0,0,0,0,1,1,5,2,21,5,1364,1,13,10,1,10
2.02E+12,1,3,0,18,0,8,1,0,0,0,3,1,6,1,22,5,124,1,11,5,3,5
2.02E+12,2,9,0,9,0,8,0,0,0,0,2,1,6,2,40,7,1360,1,11,1,1,1
2.02E+12,1,9,0,4,0,1,0,0,0,0,3,1,5,1,61,9,1242,1,11,7,3,7
2.02E+12,1,9,0,18,0,3,1,0,0,0,2,1,5,1,31,6,3999,1,6,6,1,6
2.02E+12,2,9,0,18,0,1,0,0,0,0,1,1,5,1,53,8,2143,2,2,7,1,7
2.02E+12,1,9,0,18,0,1,0,0,0,0,1,1,5,2,35,6,1686,2,4,9,1,9
2.02E+12,1,9,0,18,0,8,0,0,0,0,3,1,6,1,49,8,2435,1,17,5,1,5
2.02E+12,2,5,0,18,0,8,5,0,0,0,1,1,6,1,50,8,1854,1,5,4,1,4
2.02E+12,1,9,0,18,0,3,0,0,0,0,1,1,6,2,22,5,1390,1,6,8,1,8
2.02E+12,1,19,0,18,0,1,0,0,0,0,0,1,1,1,32,6,1560,2,2,7,3,7
2.02E+12,1,9,0,7,0,1,0,0,0,0,3,1,2,2,46,8,1242,1,6,5,2,5
2.02E+12,2,3,0,17,0,1,0,0,0,0,1,1,2,1,25,5,125,1,4,6,2,6
2.02E+12,1,9,0,9,0,8,0,0,0,0,1,1,6,1,59,9,1968,2,6,10,1,10
2.02E+12,2,9,0,18,0,1,0,0,0,0,1,1,6,2,26,6,1499,1,1,10,1,10
2.02E+12,1,9,0,7,0,3,0,0,0,0,1,1,1,2,44,7,1248,1,2,8,1,8
2.02E+12,2,9,0,3,0,1,0,0,0,0,2,1,1,2,46,8,1998,2,13,6,3,6
2.02E+12,1,9,0,18,0,1,0,0,0,0,1,1,6,2,43,7,1998,1,13,9,1,9
2.02E+12,2,9,0,18,0,1,0,0,0,0,2,1,6,2,63,9,1598,1,11,9,1,9
2.02E+12,1,9,0,9,0,1,0,0,0,0,3,1,6,1,80,11,1796,1,12,8,1,8
2.02E+12,2,5,0,14,0,1,0,0,0,0,4,1,6,1,51,8,1441,1,1,2,1,2
2.02E+12,1,9,0,17,0,1,2,0,0,0,1,1,5,2,17,4,1229,1,10,6,2,6
2.02E+12,2,9,0,3,0,1,0,0,0,0,2,1,3,1,37,7,1995,2,15,2,1,2
2.02E+12,3,9,0,4,0,1,0,0,0,0,2,1,1,2,35,6,1390,1,5,6,1,6
2.02E+12,1,19,0,5,0,1,0,0,0,0,1,1,1,1,30,6,1753,2,12,6,1,6
2.02E+12,2,9,0,4,0,1,0,0,0,0,2,1,5,1,71,10,1595,1,5,6,3,6
2.02E+12,2,9,0,18,0,1,0,0,0,0,3,1,5,2,22,5,1396,1,19,8,1,8
2.02E+12,2,9,0,18,0,8,0,0,0,0,4,1,2,2,47,8,1968,2,5,10,3,10
2.02E+12,1,9,0,5,0,6,0,0,0,0,1,1,2,2,43,7,1984,1,1,10,1,10
2.02E+12,2,9,0,5,0,6,0,0,0,0,2,1,1,2,48,8,1560,2,10,9,1,9
2.02E+12,1,9,0,9,0,5,0,0,0,0,0,1,5,1,22,5,1968,2,9,9,1,9
2.02E+12,2,5,0,18,0,1,2,0,0,0,0,1,5,1,44,7,892,1,20,10,1,10
2.02E+12,1,9,0,18,0,1,0,0,0,0,1,1,6,2,44,7,1587,1,15,5,2,5
2.02E+12,1,9,0,4,0,3,0,0,0,0,2,1,6,1,80,11,1598,1,12,9,1,9