Accident_Index,Vehicle_Reference,Vehicle_Type,Towing_and_Articulation,Vehicle_Manoeuvre,Vehicle_Location-Restricted_Lane,Junction_Location,Skidding_and_Overturning,Hit_Object_in_Carriageway,Vehicle_Leaving_Carriageway,Hit_Object_off_Carriageway,1st_Point_of_Impact,Was_Vehicle_Left_Hand_Drive?,Journey_Purpose_of_Driver,Sex_of_Driver,Age_of_Driver,Age_Band_of_Driver,Engine_Capacity_(CC),Propulsion_Code,Age_of_Vehicle,Driver_IMD_Decile,Driver_Home_Area_Type,Vehicle_IMD_Decile
2.02E+12,1,9,0,9,0,2,0,0,0,0,1,1,2,2,56,9,2231,2,9,7,3,7
2.02E+12,1,9,0,17,0,1,0,0,0,0,4,1,6,1,53,8,1229,1,9,4,1,4
2.02E+12,1,4,0,9,0,4,0,0,0,0,4,1,5,1,51,8,471,1,3,7,1,7
2.02E+12,1,9,0,17,0,1,1,0,7,0,1,1,5,1,45,7,2295,1,16,3,1,3
2.02E+12,2,9,0,4,0,5,1,0,0,0,1,1,5,2,22,5,1242,1,17,7,1,7
2.02E+12,1,9,0,9,0,2,0,0,0,0,4,1,6,1,72,10,2000,1,13,10,1,10
2.02E+12,1,3,0,17,0,8,1,0,0,0,3,1,5,1,52,8,124,1,10,3,1,3
2.02E+12,1,11,0,5,0,4,0,0,0,0,1,1,6,1,50,8,4580,2,9,4,1,4
2.02E+12,1,9,0,18,0,3,0,0,0,0,4,1,5,1,30,6,1910,2,10,10,1,10
2.02E+12,1,9,0,18,0,1,0,0,0,0,4,1,6,1,26,6,1329,1,7,9,1,9
2.02E+12,2,9,0,18,0,1,0,0,1,0,3,1,5,2,81,11,1242,1,5,9,2,9
2.02E+12,1,9,0,13,0,1,0,0,7,1,4,1,5,1,25,5,1598,2,4,6,1,6
2.02E+12,2,9,0,9,0,5,0,0,7,0,3,1,5,1,38,7,1299,1,13,4,3,4
2.02E+12,2,19,0,18,0,8,0,0,0,0,1,1,6,1,67,10,1998,2,15,7,2,7
2.02E+12,1,9,0,17,0,1,2,0,1,0,4,1,5,1,22,5,1328,1,10,9,1,9
2.02E+12,2,9,0,18,0,3,0,0,0,0,3,1,5,1,31,6,1997,2,4,4,1,4
2.02E+12,1,9,0,3,0,8,0,0,0,0,2,1,5,1,58,9,1968,2,2,5,1,5
2.02E+12,1,9,0,9,0,1,0,0,0,0,1,1,6,2,55,8,1124,1,15,9,2,9
2.02E+12,2,9,0,17,0,1,0,0,0,0,1,1,6,1,30,6,2993,2,3,10,2,10
2.02E+12,3,9,0,16,0,1,0,0,0,0,1,1,6,2,55,8,1197,1,2,6,1,6
2.02E+12,2,9,0,3,0,2,0,0,0,0,2,1,6,1,53,8,1598,1,11,2,1,2
2.02E+12,1,9,0,9,0,6,0,0,0,0,3,1,2,2,40,7,1229,1,7,8,2,8
2.02E+12,2,3,0,18,0,2,0,0,0,0,1,1,2,1,59,9,124,1,7,8,2,8
2.02E+12,2,9,0,18,0,1,0,0,0,0,1,1,1,2,41,7,1956,2,2,7,1,7
2.02E+12,1,9,0,18,0,1,0,0,0,0,1,1,5,2,63,9,1229,1,6,4,1,4
2.02E+12,2,9,0,7,0,8,0,7,0,0,4,1,6,1,52,8,2000,2,13,6,1,6
2.02E+12,1,9,0,4,0,1,0,0,0,0,1,1,1,1,25,5,1998,1,14,8,1,8
2.02E+12,2,9,0,4,0,1,0,0,0,0,2,1,1,1,33,6,1910,2,13,8,1,8
2.02E+12,1,9,0,18,0,8,0,0,0,0,1,1,1,1,53,8,1395,1,1,10,3,10
2.02E+12,2,9,0,9,0,7,0,0,0,0,3,1,1,1,22,5,998,1,1,10,2,10
2.02E+12,2,9,0,3,0,1,0,0,0,0,2,1,6,2,18,4,1229,1,11,4,1,4
2.02E+12,1,9,0,12,0,1,0,0,0,0,4,1,5,1,80,11,1598,1,11,7,1,7
2.02E+12,2,9,0,12,0,1,0,0,0,0,3,1,1,1,39,7,2143,2,5,8,1,8
2.02E+12,1,9,0,7,0,2,0,0,0,0,1,1,1,1,55,8,1968,2,2,7,1,7
2.02E+12,2,9,0,9,0,8,0,0,0,0,1,1,6,2,23,5,1999,1,10,7,1,7
2.02E+12,1,9,0,3,0,6,0,0,0,0,1,1,6,1,33,6,998,1,5,9,1,9
2.02E+12,2,9,0,18,0,1,0,0,0,0,3,1,6,2,18,4,1399,1,11,6,1,6
2.02E+12,1,9,0,18,0,2,0,0,0,0,1,1,6,2,58,9,1596,1,10,3,1,3
2.02E+12,1,90,0,9,0,8,5,10,1,0,4,1,1,1,46,8,9290,2,4,10,1,10
2.02E+12,1,9,0,18,0,2,0,0,0,0,1,1,5,1,30,6,1686,2,4,4,1,4
2.02E+12,2,9,0,3,0,2,0,0,0,0,2,1,5,2,33,6,1998,1,14,3,1,3
2.02E+12,3,9,0,3,0,2,0,0,0,0,2,1,5,1,25,5,1995,1,9,7,1,7
2.02E+12,1,9,0,4,0,1,1,0,0,0,1,1,5,1,20,4,998,1,14,4,1,4
2.02E+12,2,9,0,3,0,1,0,0,0,0,2,1,1,1,56,9,1560,2,1,9,1,9
2.02E+12,2,5,0,18,0,1,5,0,0,0,3,1,2,1,30,6,660,1,6,10,1,10
2.02E+12,1,9,0,5,0,4,0,0,0,0,3,1,2,1,44,7,1796,1,1,4,1,4
2.02E+12,2,3,0,18,0,8,0,0,0,0,1,1,6,1,65,9,108,1,6,6,1,6
2.02E+12,1,9,0,9,0,6,0,0,0,0,4,1,1,1,36,7,1390,1,16,10,1,10
2.02E+12,2,9,0,18,0,1,0,0,0,0,1,1,2,1,50,8,3199,1,14,9,1,9
2.02E+12,3,9,0,3,0,1,0,0,0,0,1,1,5,1,45,7,1796,1,14,4,1,4
2.02E+12,2,9,0,9,0,5,0,0,0,0,3,1,5,1,55,8,998,1,7,9,1,9
2.02E+12,3,9,0,3,0,1,0,0,0,0,1,1,5,1,52,8,3189,1,10,5,1,5
2.02E+12,1,9,0,18,0,3,1,0,1,0,3,1,5,2,24,5,1390,1,16,4,1,4
2.02E+12,1,9,0,18,0,1,2,7,0,0,1,1,3,2,63,9,1598,2,3,10,1,10
2.02E+12,1,9,0,9,0,6,0,0,1,0,1,1,5,2,56,9,2996,1,5,10,1,10
2.02E+12,2,9,0,18,0,1,1,0,7,0,1,1,2,1,33,6,1870,2,12,7,1,7
2.02E+12,1,9,0,18,0,1,0,0,0,0,1,1,5,1,63,9,1242,1,2,3,1,3
2.02E+12,2,9,0,18,0,3,0,0,0,0,1,1,2,1,37,7,1197,1,1,6,1,6
2.02E+12,1,9,0,9,0,2,0,0,0,0,4,1,2,1,40,7,2179,2,3,6,1,6
2.02E+12,1,9,0,18,0,1,1,0,1,7,3,1,2,2,33,6,1975,1,14,6,1,6
2.02E+12,1,9,0,18,0,1,0,0,0,0,0,1,1,2,38,7,1339,1,9,5,1,5
2.02E+12,2,9,0,9,0,2,0,0,0,0,3,1,6,2,56,9,1242,1,15,6,1,6
2.02E+12,1,9,0,18,0,8,0,0,0,0,3,1,5,2,85,11,1796,1,10,10,1,10
2.02E+12,2,3,0,18,0,8,0,0,0,0,3,1,6,1,51,8,125,1,10,10,1,10
2.02E+12,1,8,0,18,0,1,0,0,0,0,1,1,6,1,34,6,1998,2,5,4,1,4
2.02E+12,2,9,0,4,0,1,0,0,0,0,2,1,1,2,26,6,2231,2,10,6,1,6
2.02E+12,1,8,0,5,0,4,0,0,0,0,3,1,1,1,67,10,1997,2,7,6,1,6
2.02E+12,1,9,0,18,0,1,0,0,0,0,4,1,2,1,30,6,1910,2,10,4,1,4
2.02E+12,1,9,0,5,0,8,0,0,0,0,1,1,5,1,66,10,1794,1,10,8,1,8
2.02E+12,1,9,0,18,0,4,0,0,0,0,1,1,6,1,18,4,1499,2,2,10,1,10
2.02E+12,2,9,0,18,0,4,1,0,1,0,1,1,6,2,75,10,1339,1,6,10,1,10
2.02E+12,2,9,0,18,0,1,0,0,2,0,3,1,5,1,30,6,2000,1,8,3,1,3
2.02E+12,1,9,0,9,0,8,0,0,0,0,3,1,5,2,20,4,1124,1,13,7,1,7
2.02E+12,2,3,0,18,0,1,0,0,0,0,4,1,5,1,21,5,125,1,2,5,1,5
2.02E+12,1,9,0,9,0,6,0,0,0,0,3,1,2,1,34,6,1461,2,2,6,1,6
2.02E+12,2,3,0,14,0,1,0,0,0,0,1,1,2,1,24,5,124,1,2,5,1,5
2.02E+12,3,9,0,3,0,1,0,0,0,0,0,1,2,1,29,6,1968,2,10,5,1,5
2.02E+12,1,9,0,4,0,2,0,0,0,0,1,1,1,1,42,7,1968,2,7,2,1,2
2.02E+12,1,19,0,5,0,6,0,0,0,0,1,1,1,1,28,6,2198,2,5,7,3,7
2.02E+12,1,9,0,3,0,4,0,0,0,0,1,1,1,2,21,5,998,1,1,3,1,3
2.02E+12,2,9,0,3,0,1,0,0,0,0,2,1,2,2,42,7,698,1,11,9,1,9
2.02E+12,1,9,0,4,0,1,0,0,0,0,2,1,6,2,39,7,1995,2,2,7,1,7
2.02E+12,2,21,1,18,0,1,0,0,0,0,1,1,6,1,46,8,12809,2,4,5,1,5
2.02E+12,3,21,1,18,0,1,0,0,0,0,1,1,6,1,47,8,6692,2,5,10,3,10
2.02E+12,2,9,0,3,0,1,0,0,0,0,2,1,6,2,55,8,1596,1,13,7,1,7
2.02E+12,3,9,0,3,0,1,0,0,0,0,2,1,2,1,45,7,1598,2,3,5,1,5
2.02E+12,1,9,0,16,0,8,0,0,0,0,4,1,6,1,20,4,1598,1,15,8,3,8
2.02E+12,1,9,0,4,0,1,0,0,0,0,1,1,6,2,40,7,1339,1,8,9,1,9
2.02E+12,1,9,0,3,0,2,0,0,0,0,2,1,5,2,26,6,1242,1,1,7,1,7
2.02E+12,2,9,0,18,0,2,0,0,0,0,1,1,5,2,50,8,1956,2,5,3,1,3
2.02E+12,1,9,0,9,0,8,0,0,0,0,3,1,6,2,52,8,1242,1,5,6,1,6
2.02E+12,2,9,0,14,0,1,0,0,0,0,4,1,6,1,17,4,998,1,11,9,1,9
2.02E+12,1,9,0,7,0,6,0,0,0,0,1,1,1,2,60,9,1686,2,5,6,1,6
2.02E+12,3,9,0,18,0,1,0,0,0,0,1,1,5,2,40,7,1997,2,9,7,2,7
2.02E+12,1,9,0,9,0,8,0,0,0,0,1,1,6,2,48,8,1560,2,6,10,2,10
2.02E+12,2,9,0,18,0,8,0,0,2,0,3,1,6,1,78,11,1590,1,14,9,3,9
2.02E+12,2,9,0,17,0,8,0,0,0,0,3,1,1,1,32,6,2143,2,6,6,1,6
2.02E+12,1,3,0,4,0,1,0,0,0,0,2,1,6,2,45,7,124,1,3,4,1,4
2.02E+12,1,9,0,18,0,4,0,0,0,0,1,1,2,2,53,8,1364,1,9,2,1,2
2.02E+12,2,9,0,18,0,8,0,0,3,0,4,1,6,2,22,5,1388,1,13,5,1,5
2.02E+12,1,9,0,18,0,3,0,0,0,0,1,1,6,1,77,11,1596,1,22,9,1,9
2.02E+12,1,9,0,16,0,8,0,0,0,0,1,1,6,1,41,7,1199,1,16,6,1,6
2.02E+12,2,9,0,17,0,8,0,0,0,0,1,1,5,1,43,7,1560,2,10,2,1,2
2.02E+12,1,9,0,18,0,8,1,0,1,0,4,1,5,1,47,8,1598,1,15,10,3,10
2.02E+12,1,9,0,18,0,1,0,0,0,0,4,1,5,1,33,6,1560,2,4,5,1,5
2.02E+12,1,9,0,5,0,6,0,0,0,0,1,1,6,2,19,4,998,1,10,2,1,2
2.02E+12,2,3,0,18,0,1,2,0,0,0,1,1,1,1,45,7,124,1,12,4,1,4
2.02E+12,1,9,0,18,0,1,1,0,0,0,1,1,5,1,20,4,1598,1,15,4,1,4
2.02E+12,2,9,0,4,0,1,0,0,0,0,2,1,5,1,61,9,1753,2,10,8,3,8
2.02E+12,1,9,0,9,0,5,0,0,0,0,4,1,5,1,39,7,2480,1,2,9,1,9
2.02E+12,2,3,0,18,0,1,0,0,0,0,1,1,5,1,17,4,124,1,2,6,1,6
2.02E+12,1,2,0,18,0,1,5,0,0,0,1,1,6,1,22,5,49,1,4,10,1,10
2.02E+12,1,9,0,13,0,2,0,0,0,0,4,1,6,2,72,10,3199,1,15,10,1,10
2.02E+12,3,5,0,18,0,8,5,0,0,0,3,1,6,1,61,9,865,1,5,7,1,7
2.02E+12,1,9,0,18,0,4,2,0,5,0,1,1,2,1,56,9,1598,1,4,10,1,10
2.02E+12,1,9,0,18,0,1,0,0,0,0,1,1,1,2,55,8,1948,1,16,7,3,7
2.02E+12,2,9,0,7,0,3,0,0,0,0,1,1,6,2,49,8,1587,1,11,6,1,6
2.02E+12,1,9,0,4,0,1,0,0,0,0,4,1,5,1,39,7,1995,2,1,5,1,5
2.02E+12,1,21,1,4,0,1,0,0,0,0,1,1,1,1,61,9,10837,2,3,2,1,2
2.02E+12,2,9,0,4,0,1,0,0,0,0,2,1,1,1,33,6,1597,2,2,5,1,5
2.02E+12,3,9,0,3,0,1,0,0,0,0,2,1,1,1,54,8,1598,1,5,10,1,10
2.02E+12,1,3,0,4,0,1,0,0,0,0,2,1,2,2,22,5,124,1,2,4,1,4
2.02E+12,1,9,0,3,0,1,0,0,0,0,1,1,5,2,29,6,998,1,4,3,1,3
2.02E+12,2,9,0,3,0,1,0,0,0,0,2,1,5,2,34,6,998,1,2,9,1,9
2.02E+12,1,9,0,18,0,8,0,0,0,0,1,1,6,1,32,6,2401,2,10,4,1,4
2.02E+12,1,9,0,18,0,1,0,0,0,0,1,1,2,1,28,6,1591,1,8,10,2,10
2.02E+12,1,11,0,18,0,1,0,0,0,0,1,1,1,1,39,7,6700,2,9,4,1,4
2.02E+12,1,9,0,18,0,8,0,0,0,0,1,1,5,2,49,8,1390,1,5,9,1,9
2.02E+12,2,9,0,9,0,1,0,0,0,0,3,1,5,2,55,8,1910,2,10,3,1,3
2.02E+12,1,9,0,5,0,1,0,0,0,0,3,1,6,2,77,11,1753,2,14,10,1,10
2.02E+12,1,19,0,18,0,2,0,0,0,0,2,1,6,1,38,7,2198,2,3,5,1,5
2.02E+12,2,9,0,18,0,2,0,0,0,0,1,1,1,2,23,5,1229,1,7,8,1,8
2.02E+12,1,9,0,18,0,2,5,0,7,0,3,1,6,1,23,5,3498,1,13,3,1,3
2.02E+12,1,9,0,9,0,6,0,0,0,0,3,1,6,2,56,9,1248,1,8,9,1,9
2.02E+12,2,5,0,18,0,8,0,0,0,0,1,1,6,1,69,10,892,1,15,4,1,4
2.02E+12,1,9,0,18,0,1,0,0,0,0,1,1,5,1,18,4,1229,1,5,8,3,8
2.02E+12,1,9,0,18,0,1,0,0,0,0,1,1,2,1,59,9,1461,2,13,8,1,8
2.02E+12,2,9,0,10,0,1,0,0,0,0,2,1,2,2,54,8,1997,1,12,6,1,6
2.02E+12,1,9,0,4,0,1,0,0,0,0,1,1,1,2,27,6,5000,1,6,3,1,3
2.02E+12,2,9,0,3,0,1,0,0,0,0,2,1,6,2,55,8,1596,1,6,10,1,10
2.02E+12,2,3,0,14,0,1,1,0,0,0,1,1,2,1,29,6,124,1,2,6,1,6
2.02E+12,1,19,0,7,0,2,0,0,0,0,1,1,1,1,67,10,2298,2,3,10,1,10
2.02E+12,1,9,0,18,0,8,0,0,0,0,1,1,5,1,24,5,1242,1,9,4,1,4
2.02E+12,1,9,0,5,0,8,0,0,0,0,1,1,5,1,41,7,2179,2,6,4,1,4
2.02E+12,1,9,0,18,0,4,0,0,0,0,3,1,5,1,61,9,1596,1,10,4,1,4
2.02E+12,2,21,1,9,0,8,0,0,0,0,4,1,1,1,49,8,10837,2,5,9,1,9
2.02E+12,1,9,0,7,0,4,0,0,0,0,1,1,6,1,45,7,1798,1,12,3,1,3
2.02E+12,2,9,0,9,0,8,0,0,0,0,4,1,6,1,22,5,1242,1,3,7,1,7
2.02E+12,1,9,0,10,0,4,0,0,0,0,1,1,5,2,24,5,1799,1,9,5,1,5
2.02E+12,1,9,0,9,0,8,0,0,0,0,1,1,5,2,59,9,1598,1,12,8,1,8
2.02E+12,1,21,0,12,0,7,0,0,0,0,3,1,1,1,34,6,6870,2,10,2,1,2
2.02E+12,2,9,0,18,0,8,0,0,0,0,4,1,6,1,48,8,1995,2,14,5,1,5
2.02E+12,4,21,1,18,0,7,0,0,0,0,2,1,1,1,25,5,11967,2,4,5,1,5
2.02E+12,1,9,0,18,0,1,0,0,0,0,3,1,5,2,34,6,1461,2,6,7,1,7
2.02E+12,2,9,0,3,0,1,0,0,0,0,2,1,2,2,29,6,1275,1,19,3,1,3
2.02E+12,1,11,0,18,0,4,0,0,0,0,0,1,1,1,52,8,6700,2,9,3,1,3
2.02E+12,1,19,0,5,0,4,0,0,0,0,1,1,1,1,36,7,2143,2,5,3,1,3
2.02E+12,1,9,0,16,0,4,0,0,0,0,2,1,2,2,34,6,1596,1,11,7,1,7
2.02E+12,2,9,0,5,0,4,0,0,0,0,1,1,6,1,62,9,1198,1,15,10,2,10
2.02E+12,2,9,0,3,0,1,0,0,0,0,2,1,5,2,25,5,1242,1,7,2,1,2
2.02E+12,1,9,0,18,0,8,0,0,0,0,1,1,6,1,40,7,2993,2,5,6,1,6
2.02E+12,2,9,0,9,0,6,0,0,1,1,3,1,6,1,79,11,1796,1,13,4,1,4
2.02E+12,1,9,0,17,0,1,0,0,0,0,4,1,5,2,28,6,1242,1,5,7,1,7
2.02E+12,1,9,0,4,0,4,1,0,0,0,1,1,5,2,49,8,1598,1,14,8,1,8
2.02E+12,2,9,0,4,0,4,1,0,0,0,0,1,5,2,43,7,2204,2,8,9,1,9
2.02E+12,2,9,0,9,0,8,0,0,0,0,3,1,2,2,27,6,1461,2,4,4,1,4
2.02E+12,1,9,0,9,0,5,0,0,0,0,3,1,2,1,37,7,2000,2,6,6,1,6
2.02E+12,2,9,0,7,0,1,0,0,0,0,3,1,6,2,43,7,2000,2,9,9,3,9
2.02E+12,1,9,0,18,0,1,0,0,0,0,1,1,5,1,33,6,1240,1,14,9,1,9
2.02E+12,2,9,0,9,0,8,0,0,0,0,4,1,5,2,23,5,1397,1,8,10,1,10
2.02E+12,1,9,0,5,0,1,0,0,0,0,1,1,3,2,45,7,2143,2,5,9,1,9
2.02E+12,2,9,0,9,0,8,0,0,0,0,4,1,5,1,21,5,1596,1,18,4,1,4
2.02E+12,1,9,0,9,0,8,0,0,0,0,1,1,5,1,40,7,1849,2,2,5,1,5
2.02E+12,2,9,0,18,0,8,0,0,0,0,1,1,5,1,56,9,1368,1,10,4,1,4
2.02E+12,2,3,0,14,0,8,0,0,0,0,4,1,2,1,17,4,124,1,4,7,1,7
2.02E+12,1,9,0,7,0,4,0,0,0,0,1,1,6,2,53,8,1198,1,9,9,1,9
2.02E+12,3,9,0,7,0,4,0,0,0,0,1,1,6,1,35,6,1896,2,12,6,1,6
2.02E+12,2,3,0,18,0,3,1,0,0,0,2,1,2,1,34,6,124,1,3,7,1,7
2.02E+12,2,9,0,3,0,1,0,0,0,0,2,1,5,2,28,6,2616,1,11,6,1,6
2.02E+12,1,9,0,18,0,1,0,0,0,0,1,1,6,1,69,10,1984,1,11,10,1,10
2.02E+12,1,9,0,5,0,6,0,0,0,0,1,1,1,1,73,10,1248,2,12,7,1,7
2.02E+12,2,4,0,18,0,8,0,0,7,0,4,1,1,1,19,4,471,1,1,8,2,8
2.02E+12,1,19,0,7,0,1,0,0,0,0,2,1,5,1,56,9,1399,2,7,3,1,3
2.02E+12,2,9,0,5,0,1,0,0,0,0,1,1,5,2,44,7,2231,2,10,8,1,8
2.02E+12,1,9,0,18,0,1,0,0,0,0,1,1,6,1,23,5,1198,1,12,5,1,5
2.02E+12,1,9,0,12,0,2,0,0,7,2,1,1,5,1,22,5,1388,1,5,6,1,6
2.02E+12,1,9,0,18,0,8,0,0,0,0,1,1,2,1,69,10,1995,1,11,6,1,6
2.02E+12,2,9,0,9,0,8,0,0,0,0,3,1,2,2,54,8,2231,2,12,5,1,5
2.02E+12,1,9,0,18,0,1,0,0,0,0,1,1,6,1,39,7,1560,2,5,7,1,7
2.02E+12,2,9,0,3,0,4,0,0,0,0,2,1,6,1,34,6,1968,2,5,7,1,7
2.02E+12,2,9,0,18,0,8,0,0,0,0,4,1,1,2,56,9,1248,2,2,8,1,8
2.02E+12,1,19,4,18,0,1,1,0,0,0,1,1,1,1,44,7,2198,2,4,3,1,3
2.02E+12,2,9,0,3,0,1,0,0,0,0,2,1,6,2,29,6,599,1,14,5,1,5
2.02E+12,2,9,0,3,0,1,0,0,0,0,2,1,1,2,35,6,1799,1,7,7,3,7
2.02E+12,1,9,0,4,0,1,1,0,0,0,1,1,1,2,18,4,1998,1,16,3,1,3
2.02E+12,2,9,0,3,0,1,0,0,0,0,2,1,1,1,25,5,1968,2,7,5,1,5
2.02E+12,3,9,0,3,0,1,0,0,0,0,2,1,1,1,32,6,1396,1,14,2,1,2
2.02E+12,2,9,0,3,0,1,0,0,0,0,2,1,1,2,24,5,1596,1,7,6,1,6
2.02E+12,3,9,0,7,0,8,0,0,0,0,2,1,5,1,52,8,2198,2,8,9,1,9
2.02E+12,1,9,0,18,0,1,0,0,0,0,1,1,5,2,39,7,1984,2,5,10,1,10
2.02E+12,1,19,0,7,0,6,0,0,0,0,3,1,5,1,26,6,2198,2,5,7,1,7
2.02E+12,2,9,0,18,0,1,0,0,0,0,1,1,5,2,40,7,1390,1,7,7,2,7
2.02E+12,1,9,0,9,0,8,0,0,0,0,1,1,2,2,28,6,1197,1,2,6,1,6
2.02E+12,2,9,0,18,0,1,0,0,0,0,3,1,2,1,59,9,2400,2,7,8,1,8
2.02E+12,1,19,0,5,0,1,0,0,0,0,1,1,1,2,59,9,1248,2,2,6,1,6
2.02E+12,2,19,0,3,0,1,0,0,0,0,2,1,1,1,35,6,2287,2,6,7,1,7
2.02E+12,1,9,0,9,0,8,0,0,0,0,4,1,6,2,36,7,1995,2,5,10,1,10
2.02E+12,2,9,0,18,0,8,0,0,1,1,1,1,6,1,56,9,3189,1,13,9,2,9
2.02E+12,1,9,0,18,0,4,0,0,0,0,1,1,1,2,35,6,996,1,6,6,1,6
2.02E+12,2,9,0,18,0,3,0,0,0,0,4,1,6,1,22,5,1995,1,12,10,1,10
2.02E+12,1,9,0,9,0,8,0,0,0,0,1,1,5,2,21,5,998,1,5,5,1,5
2.02E+12,2,9,0,5,0,8,0,0,0,0,1,1,5,1,37,7,1956,2,2,7,1,7
2.02E+12,2,9,0,3,0,2,0,0,0,0,2,1,6,2,38,7,1390,1,6,5,1,5
2.02E+12,3,9,0,3,0,2,0,0,0,0,2,1,6,2,22,5,998,1,3,9,1,9
2.02E+12,1,9,0,9,0,1,0,0,0,0,3,1,5,1,23,5,998,1,2,9,1,9
2.02E+12,1,9,0,18,0,3,0,0,0,0,4,1,1,1,32,6,1248,2,3,4,1,4
2.02E+12,2,9,0,18,0,4,0,0,0,0,1,1,2,2,53,8,998,1,2,5,1,5
2.02E+12,1,9,0,7,0,2,0,0,0,0,1,1,2,2,22,5,1199,1,15,5,1,5
2.02E+12,2,9,0,4,0,1,0,0,0,0,1,1,2,1,40,7,1598,1,8,10,1,10
2.02E+12,2,9,0,18,0,1,0,0,0,0,1,1,6,1,39,7,1798,8,3,8,1,8
2.02E+12,1,9,0,17,0,8,1,9,0,0,4,1,1,2,21,5,1796,1,13,5,1,5
2.02E+12,1,9,0,9,0,4,0,0,0,0,1,1,3,2,30,6,1598,2,2,5,1,5
2.02E+12,2,3,0,18,0,8,0,0,0,0,1,1,1,2,31,6,124,1,2,4,1,4
2.02E+12,2,9,0,18,0,1,0,0,0,0,0,1,6,1,35,6,2204,2,8,4,1,4
2.02E+12,1,9,0,18,0,8,0,0,0,0,4,1,5,2,30,6,1461,2,2,7,1,7
2.02E+12,1,19,0,18,0,1,0,0,0,0,1,1,1,1,19,4,2198,2,5,2,1,2
2.02E+12,2,9,0,4,0,1,0,0,0,0,2,1,1,2,44,7,1242,1,3,4,1,4
2.02E+12,1,9,0,18,0,1,1,0,1,0,1,1,6,1,20,4,2480,1,8,10,1,10
2.02E+12,2,9,0,9,0,1,0,0,7,0,2,1,6,2,35,6,1595,1,18,10,2,10
2.02E+12,2,9,0,18,0,2,0,0,0,0,3,1,2,2,29,6,1598,1,16,5,1,5
2.02E+12,1,9,0,8,0,1,0,0,0,0,2,1,2,1,44,7,1596,1,15,6,1,6
2.02E+12,1,9,0,9,0,8,0,0,0,0,1,1,5,2,26,6,1753,2,17,7,1,7
2.02E+12,2,9,0,16,0,1,0,0,7,4,4,1,5,1,43,7,1995,1,13,10,1,10
2.02E+12,2,9,0,10,0,1,0,0,0,0,2,1,6,1,52,8,1956,2,1,6,1,6
2.02E+12,2,9,0,8,0,1,0,0,0,0,2,1,5,2,26,6,999,1,3,10,1,10
2.02E+12,1,9,0,17,0,3,0,0,1,2,1,1,2,2,43,7,998,1,11,4,1,4
2.02E+12,1,9,0,18,0,8,0,0,0,0,1,1,5,2,51,8,1591,1,2,4,1,4
2.02E+12,1,9,0,18,0,2,0,10,7,1,3,1,5,1,24,5,1995,2,9,4,1,4
2.02E+12,2,8,0,3,0,1,0,0,0,0,2,1,1,1,44,7,1968,2,7,7,1,7
2.02E+12,1,9,0,18,0,1,0,0,0,0,1,1,5,1,33,6,1398,1,1,6,1,6
2.02E+12,1,9,0,5,0,2,0,0,0,0,1,1,5,1,39,7,1968,2,5,10,1,10
2.02E+12,2,3,0,17,0,1,0,0,0,0,4,1,5,2,31,6,125,1,1,9,1,9
2.02E+12,1,9,0,9,0,8,0,0,0,0,1,1,5,1,61,9,1598,1,5,9,1,9
2.02E+12,1,9,0,18,0,8,0,0,0,0,3,1,6,1,21,5,1124,1,15,10,1,10
2.02E+12,2,9,0,18,0,8,0,0,0,0,1,1,6,2,35,6,1497,8,1,7,1,7
2.02E+12,1,9,0,5,0,4,0,0,0,0,1,1,1,1,48,8,1560,2,4,9,1,9
2.02E+12,1,9,0,18,0,1,0,0,0,0,1,1,6,1,34,6,1799,1,9,10,3,10
2.02E+12,2,9,0,9,0,8,0,0,7,2,1,1,6,1,70,10,999,1,8,7,1,7
2.02E+12,1,9,0,18,0,4,0,0,0,0,1,1,6,1,44,7,1968,2,5,6,1,6
2.02E+12,1,9,0,3,0,1,0,0,0,0,1,1,2,2,45,7,1995,2,5,5,1,5
2.02E+12,1,11,0,18,0,2,0,0,0,0,1,1,1,1,52,8,5132,2,1,7,1,7
2.02E+12,2,9,0,2,0,2,0,0,0,0,4,1,2,1,40,7,1591,1,2,7,1,7
2.02E+12,1,9,0,18,0,4,0,0,0,0,4,1,5,1,80,11,1994,1,13,7,1,7
2.02E+12,1,9,0,5,0,6,0,0,0,0,1,1,3,2,18,4,1149,1,11,6,3,6
2.02E+12,2,9,0,18,0,1,1,0,0,0,1,1,5,1,82,11,1197,1,1,6,1,6
2.02E+12,2,9,0,4,0,1,1,0,0,0,1,1,2,2,27,6,998,1,4,4,1,4
2.02E+12,1,9,0,4,0,1,0,0,0,0,1,1,2,1,24,5,1388,1,14,10,2,10
2.02E+12,2,9,0,4,0,1,0,0,0,0,2,1,6,2,31,6,1560,2,6,10,1,10
2.02E+12,1,9,0,10,0,1,0,0,0,0,0,1,5,1,45,7,1998,2,5,7,1,7
2.02E+12,2,3,0,18,0,1,0,10,0,0,0,1,5,1,17,4,124,1,1,6,1,6
2.02E+12,2,9,0,18,0,1,0,0,1,0,1,1,5,2,73,10,1596,1,14,9,1,9
2.02E+12,1,9,0,10,0,1,0,0,0,0,4,1,1,1,36,7,1390,1,3,8,1,8
2.02E+12,1,9,0,9,0,5,0,0,0,0,3,1,2,1,48,8,1343,1,14,10,2,10
2.02E+12,1,11,0,9,0,6,0,0,0,0,1,1,5,1,25,5,3900,2,14,3,1,3