Accident_Index,Vehicle_Reference,Vehicle_Type,Towing_and_Articulation,Vehicle_Manoeuvre,Vehicle_Location-Restricted_Lane,Junction_Location,Skidding_and_Overturning,Hit_Object_in_Carriageway,Vehicle_Leaving_Carriageway,Hit_Object_off_Carriageway,1st_Point_of_Impact,Was_Vehicle_Left_Hand_Drive?,Journey_Purpose_of_Driver,Sex_of_Driver,Age_of_Driver,Age_Band_of_Driver,Engine_Capacity_(CC),Propulsion_Code,Age_of_Vehicle,Driver_IMD_Decile,Driver_Home_Area_Type,Vehicle_IMD_Decile
2.02E+12,1,9,0,4,0,8,0,0,0,0,2,1,6,2,36,7,1596,1,7,2,1,2
2.02E+12,2,9,0,18,0,4,0,0,0,0,1,1,6,1,18,4,1199,1,14,4,1,4
2.02E+12,1,9,0,18,0,1,0,0,0,0,1,1,6,1,23,5,2143,2,7,8,1,8
2.02E+12,2,9,0,3,0,1,0,0,0,0,2,1,6,2,86,11,1389,1,19,8,1,8
2.02E+12,3,9,0,10,0,1,0,0,0,0,2,1,6,2,26,6,1368,1,8,7,1,7
2.02E+12,1,9,0,18,0,1,0,0,0,0,1,1,6,1,23,5,1598,1,12,5,1,5
2.02E+12,2,9,0,17,0,1,0,0,0,0,1,1,5,2,75,10,1240,1,7,4,1,4
2.02E+12,1,5,0,13,0,1,0,0,0,0,1,1,6,1,45,7,599,1,8,6,1,6
2.02E+12,2,9,0,9,0,2,0,0,0,0,1,1,6,2,21,5,1461,2,2,10,3,10
2.02E+12,1,9,0,18,0,4,0,0,0,0,1,1,5,1,40,7,1242,1,18,6,1,6
2.02E+12,2,9,0,18,0,4,0,0,0,0,2,1,5,1,36,7,1598,1,14,5,1,5
2.02E+12,1,9,0,5,0,8,0,0,0,0,1,1,5,2,74,10,1200,1,1,10,2,10
2.02E+12,2,9,0,18,0,8,0,0,0,0,4,1,5,2,36,7,1598,1,15,5,1,5
2.02E+12,1,19,0,9,0,8,0,0,0,0,1,1,1,1,23,5,2143,2,2,3,1,3
2.02E+12,2,3,0,3,0,1,0,0,0,0,2,1,6,2,26,6,125,1,1,7,1,7
2.02E+12,1,9,0,5,0,4,0,0,0,0,1,1,5,1,28,6,1998,1,17,4,1,4
2.02E+12,2,5,0,4,0,4,0,0,0,0,2,1,5,1,30,6,649,1,1,9,1,9
2.02E+12,1,9,0,17,0,1,2,10,1,4,4,1,5,2,40,7,1598,1,11,6,2,6
2.02E+12,1,9,0,7,0,8,0,0,0,0,1,1,6,2,48,8,1499,1,1,8,1,8
2.02E+12,1,9,0,9,0,8,0,0,0,0,1,1,5,1,28,6,1783,1,16,8,1,8
2.02E+12,1,5,0,13,0,8,1,0,0,0,1,1,5,1,24,5,599,1,10,10,1,10
2.02E+12,2,9,0,9,0,8,0,0,0,0,3,1,5,1,28,6,1995,2,2,7,1,7
2.02E+12,3,19,0,18,0,3,0,0,0,0,1,1,2,1,49,8,1998,2,13,3,1,3
2.02E+12,1,9,0,18,0,8,0,0,0,0,3,1,2,2,51,8,1199,2,7,10,1,10
2.02E+12,1,19,0,3,0,1,0,0,0,0,2,1,1,1,42,7,2148,2,13,10,1,10
2.02E+12,1,9,0,18,0,4,0,0,0,0,3,1,5,1,23,5,1498,1,3,7,1,7
2.02E+12,1,5,0,4,0,1,0,0,0,0,1,1,2,1,26,6,599,1,24,6,1,6
2.02E+12,2,9,0,4,0,1,0,0,0,0,2,1,6,2,37,7,1360,1,11,9,1,9
2.02E+12,1,9,0,18,0,1,0,0,0,0,1,1,1,1,31,6,1248,2,14,7,1,7
2.02E+12,2,19,0,4,0,1,0,0,0,0,2,1,2,1,22,5,1499,2,1,3,1,3
2.02E+12,1,9,0,18,0,1,0,0,0,0,1,1,5,1,55,8,5935,1,11,9,1,9
2.02E+12,2,9,0,3,0,4,0,0,0,0,2,1,2,2,23,5,1229,1,4,9,1,9
2.02E+12,2,9,0,17,0,8,0,0,0,0,3,1,6,2,62,9,998,1,3,8,1,8
2.02E+12,2,9,0,10,0,1,0,0,0,0,2,1,6,2,30,6,1198,1,5,9,1,9
2.02E+12,1,9,0,3,0,1,0,0,0,0,2,1,6,2,35,6,1968,2,1,6,1,6
2.02E+12,1,9,0,7,0,2,0,0,0,0,1,1,6,1,29,6,999,1,3,4,3,4
2.02E+12,1,9,0,2,0,2,0,0,0,0,3,1,3,2,31,6,2460,2,13,6,1,6
2.02E+12,2,9,0,18,0,8,0,0,0,0,1,1,3,2,37,7,1997,2,12,3,1,3
2.02E+12,2,3,0,18,0,8,0,0,0,0,4,1,5,1,19,4,124,1,5,2,1,2
2.02E+12,1,9,0,9,0,8,0,0,0,0,1,1,6,1,47,8,1984,1,15,4,1,4
2.02E+12,2,3,0,18,0,8,0,0,0,0,1,1,2,1,20,4,124,1,1,3,1,3
2.02E+12,1,9,0,9,0,8,0,0,0,0,1,1,5,2,20,4,1390,1,5,6,1,6
2.02E+12,2,9,0,18,0,8,0,0,0,0,1,1,5,2,33,6,1753,2,9,1,1,1
2.02E+12,1,9,0,7,0,2,0,0,0,0,1,1,5,1,18,4,1390,1,15,5,1,5
2.02E+12,1,9,0,18,0,1,0,0,0,0,1,1,5,2,31,6,1598,1,14,4,1,4
2.02E+12,2,9,0,3,0,4,0,0,0,0,2,1,5,2,41,7,2179,2,4,8,2,8
2.02E+12,3,9,0,4,0,1,0,0,0,0,3,1,5,1,30,6,1999,2,1,8,1,8
2.02E+12,1,9,0,18,0,8,0,0,0,0,1,1,5,1,25,5,1598,2,5,3,1,3
2.02E+12,2,19,0,9,0,8,0,0,0,0,1,1,2,1,30,6,1598,2,1,5,1,5
2.02E+12,1,9,0,5,0,1,0,0,0,0,1,1,5,1,30,6,2720,2,9,6,1,6
2.02E+12,1,2,0,7,0,5,0,0,0,0,4,1,4,1,17,4,49,1,1,5,1,5
2.02E+12,2,9,0,4,0,1,0,0,0,0,2,1,6,1,29,6,3189,1,11,5,1,5
2.02E+12,4,19,0,4,0,1,0,0,0,0,4,1,5,1,36,7,2402,2,5,5,1,5
2.02E+12,1,9,0,5,0,8,0,0,0,0,3,1,5,2,53,8,1149,1,12,8,1,8
2.02E+12,2,9,0,18,0,1,0,0,0,0,4,1,5,1,32,6,1686,2,12,5,1,5
2.02E+12,1,9,0,18,0,1,1,0,2,1,1,1,2,1,46,8,1598,1,11,4,1,4
2.02E+12,1,9,0,12,0,1,0,0,0,0,4,1,2,2,42,7,1229,1,5,9,1,9
2.02E+12,1,9,0,18,0,1,0,0,0,0,1,1,6,1,19,4,998,1,7,9,1,9
2.02E+12,1,9,0,1,0,1,0,0,0,0,2,1,5,1,34,6,1596,1,13,8,2,8
2.02E+12,2,9,0,4,0,1,0,0,0,0,2,1,3,2,60,9,1997,2,6,7,1,7
2.02E+12,1,9,0,7,0,8,0,0,0,0,3,1,6,1,72,10,2461,2,20,10,1,10
2.02E+12,2,9,0,18,0,8,0,0,0,0,1,1,6,2,57,9,2290,1,12,5,1,5
2.02E+12,1,9,0,18,0,4,0,0,0,0,3,1,6,1,49,8,1598,1,8,5,1,5
2.02E+12,1,5,0,9,0,8,5,0,0,0,3,1,6,1,19,4,600,1,5,5,1,5
2.02E+12,2,9,0,18,0,8,0,0,0,0,1,1,6,1,35,6,1598,1,11,8,3,8
2.02E+12,1,9,0,9,0,8,0,0,0,0,1,1,5,2,35,6,1329,1,8,6,3,6
2.02E+12,1,9,0,18,0,1,0,0,0,0,1,1,5,1,57,9,1390,1,15,7,1,7
2.02E+12,1,9,0,5,0,4,0,0,0,0,1,1,1,1,27,6,1299,1,15,7,1,7
2.02E+12,1,9,0,12,0,4,0,0,0,0,3,1,6,2,41,7,1390,1,9,9,1,9
2.02E+12,2,9,0,18,0,4,0,0,0,0,4,1,6,1,23,5,1995,2,5,6,1,6
2.02E+12,2,9,0,9,0,8,0,0,0,0,1,1,6,1,26,6,1242,1,11,5,1,5
2.02E+12,1,3,0,18,0,2,0,0,0,0,3,1,6,2,58,9,114,1,3,5,1,5
2.02E+12,1,9,0,18,0,1,0,0,0,0,1,1,6,1,50,8,1995,2,10,6,1,6
2.02E+12,2,9,0,4,0,4,0,0,0,0,2,1,6,1,30,6,1560,2,11,6,1,6
2.02E+12,1,9,0,18,0,8,1,0,1,0,1,1,1,2,54,8,1339,1,11,5,1,5
2.02E+12,1,3,0,18,0,8,0,0,0,0,4,1,2,1,28,6,125,1,2,6,1,6
2.02E+12,1,9,0,18,0,1,0,0,0,0,1,1,3,1,51,8,1598,1,11,9,1,9
2.02E+12,2,9,0,9,0,2,0,0,0,0,1,1,6,1,42,7,1299,1,15,2,1,2
2.02E+12,1,9,0,4,0,1,0,0,0,0,2,1,3,2,44,7,2663,2,15,7,1,7
2.02E+12,2,9,0,18,0,1,0,0,0,0,1,1,3,2,46,8,1598,1,4,7,1,7
2.02E+12,1,9,0,18,0,1,0,0,0,0,1,1,6,1,44,7,2204,2,10,10,1,10
2.02E+12,2,9,0,3,0,1,0,0,0,0,2,1,6,1,25,5,1388,1,6,9,1,9
2.02E+12,4,9,0,10,0,1,0,0,0,0,2,1,6,2,24,5,998,1,4,9,1,9
2.02E+12,2,9,0,16,0,1,0,0,0,0,1,1,5,1,19,4,1388,1,13,5,1,5
2.02E+12,1,9,0,18,0,1,0,7,1,10,4,1,5,2,71,10,1364,1,11,3,1,3
2.02E+12,1,9,0,9,0,4,0,0,0,0,3,1,6,1,34,6,1799,1,11,5,1,5
2.02E+12,2,9,0,18,0,8,0,0,0,0,1,1,6,1,62,9,1590,1,3,9,2,9
2.02E+12,1,9,0,9,0,8,0,0,0,0,1,1,6,1,70,10,3724,1,13,8,1,8
2.02E+12,2,3,0,18,0,8,0,0,0,0,3,1,5,1,26,6,124,1,7,7,1,7
2.02E+12,1,9,0,7,0,8,0,0,0,0,1,1,5,2,71,10,1318,1,1,7,1,7
2.02E+12,2,19,0,18,0,8,0,0,0,0,4,1,1,2,71,10,2198,2,2,10,1,10
2.02E+12,1,9,0,4,0,2,0,0,0,0,2,1,6,2,23,5,1598,1,7,6,1,6
2.02E+12,2,9,0,18,0,2,0,0,0,0,1,1,6,1,54,8,1995,1,14,3,1,3
2.02E+12,1,9,0,9,0,8,0,0,0,0,1,1,1,1,42,7,1560,2,1,3,1,3
2.02E+12,2,5,0,18,0,8,5,0,0,0,4,1,5,1,46,8,865,1,4,3,1,3
2.02E+12,2,9,0,18,0,1,0,0,0,0,1,1,1,1,38,7,1896,2,13,4,1,4
2.02E+12,1,9,0,12,0,1,1,0,5,6,3,1,5,1,38,7,1950,2,17,9,1,9
2.02E+12,1,9,0,18,0,8,0,0,0,0,2,1,6,2,17,4,1498,1,1,4,1,4
2.02E+12,2,9,0,18,0,8,0,0,0,0,1,1,6,1,30,6,1995,2,1,6,1,6
2.02E+12,3,9,0,18,0,8,0,0,0,0,2,1,5,1,48,8,1582,2,4,10,1,10
2.02E+12,2,9,0,18,0,1,0,0,0,0,1,1,2,2,19,4,996,1,5,6,1,6
2.02E+12,2,9,0,4,0,1,0,0,0,0,2,1,5,2,36,7,1461,2,4,10,1,10
2.02E+12,2,9,0,3,0,1,0,0,0,0,2,1,6,2,19,4,998,1,10,4,1,4
2.02E+12,1,9,0,18,0,6,0,4,0,0,4,1,6,1,27,6,1968,2,11,9,2,9
2.02E+12,2,9,0,9,0,6,0,0,0,0,1,1,5,1,47,8,1991,2,14,6,1,6
2.02E+12,2,2,0,18,0,8,1,0,0,0,2,1,5,1,16,4,49,1,4,9,1,9
2.02E+12,1,9,0,5,0,4,0,0,0,0,3,1,5,2,78,11,1198,1,2,10,1,10
2.02E+12,2,20,0,18,0,8,0,0,0,0,1,1,1,1,45,7,2998,2,9,3,1,3
2.02E+12,1,9,0,12,0,7,1,0,4,6,4,1,2,1,23,5,2494,1,17,2,1,2
2.02E+12,2,9,0,18,0,8,0,0,4,6,4,1,2,2,52,8,1248,2,8,8,1,8
2.02E+12,1,9,0,18,0,1,0,10,8,1,1,1,5,2,45,7,2967,1,16,7,3,7
2.02E+12,2,9,0,18,0,3,0,0,0,0,1,1,5,1,56,9,2148,2,14,4,1,4
2.02E+12,1,9,0,9,0,8,1,0,0,0,1,1,6,1,17,4,1597,1,9,10,1,10
2.02E+12,2,5,0,18,0,1,0,0,0,0,1,1,2,1,36,7,599,1,22,4,1,4
2.02E+12,1,9,0,18,0,8,0,0,0,0,4,1,5,1,19,4,998,1,5,10,1,10
2.02E+12,2,9,0,5,0,4,0,0,0,0,1,1,5,1,71,10,5000,1,8,10,1,10
2.02E+12,1,9,0,18,0,8,0,0,1,2,1,1,6,2,29,6,1995,1,10,9,1,9
2.02E+12,1,9,0,10,0,1,0,0,0,0,2,1,5,1,64,9,1997,1,12,6,1,6
2.02E+12,2,9,0,18,0,1,0,0,0,0,1,1,5,1,59,9,1968,2,7,9,1,9
2.02E+12,1,9,0,18,0,4,0,0,0,0,3,1,2,2,54,8,1679,1,16,7,1,7
2.02E+12,2,19,0,18,0,1,0,4,0,0,2,1,5,1,58,9,1598,2,4,6,1,6
2.02E+12,1,5,0,14,0,1,0,0,0,0,1,1,2,1,21,5,645,1,12,5,1,5
2.02E+12,2,9,0,9,0,5,0,0,0,0,3,1,2,2,57,9,1329,1,5,8,2,8
2.02E+12,2,3,0,18,0,8,0,0,0,0,4,1,6,1,26,6,108,1,3,10,1,10
2.02E+12,1,9,0,9,0,8,0,0,0,0,4,1,2,2,70,10,1984,1,1,9,1,9
2.02E+12,1,9,0,18,0,2,0,0,0,0,1,1,2,1,27,6,1968,2,3,10,1,10
2.02E+12,2,19,0,18,0,1,0,0,0,0,1,1,2,1,52,8,1995,2,1,10,1,10
2.02E+12,2,9,0,14,0,5,0,0,0,0,4,1,1,1,20,4,1242,1,10,6,1,6
2.02E+12,2,9,0,18,0,1,0,0,0,0,1,1,2,2,53,8,1686,2,5,8,1,8
2.02E+12,1,9,0,18,0,4,0,10,3,2,1,1,6,2,21,5,998,1,3,7,1,7
2.02E+12,1,9,0,18,0,1,0,0,0,0,1,1,5,1,31,6,1598,2,2,8,1,8
2.02E+12,2,9,0,3,0,1,0,0,0,0,2,1,1,1,28,6,2143,2,2,2,1,2
2.02E+12,3,9,0,10,0,1,0,0,0,0,2,1,6,1,32,6,1598,2,5,10,1,10
2.02E+12,2,9,0,3,0,1,0,0,0,0,2,1,5,2,32,6,1598,1,4,10,1,10
2.02E+12,1,9,0,7,0,2,0,0,0,0,2,1,1,1,67,10,1497,8,4,9,1,9
2.02E+12,2,4,0,18,0,8,2,0,7,0,1,1,6,1,22,5,350,1,1,9,1,9
2.02E+12,1,9,0,5,0,6,0,0,0,0,3,1,5,1,78,11,1799,1,19,7,1,7
2.02E+12,1,9,0,4,0,5,0,0,0,0,0,1,1,1,21,5,1248,2,5,7,1,7
2.02E+12,1,9,0,18,0,8,0,0,0,0,1,1,5,1,65,9,2179,2,8,3,1,3
2.02E+12,1,9,0,9,0,5,0,0,0,0,4,1,6,1,30,6,1997,2,9,4,1,4
2.02E+12,2,9,0,4,0,1,0,0,0,0,1,1,6,1,23,5,1900,2,11,4,1,4
2.02E+12,1,9,0,9,0,8,0,0,0,0,1,1,2,2,37,7,1598,1,7,7,1,7
2.02E+12,1,9,0,5,0,4,0,0,0,0,1,1,2,1,31,6,2204,2,10,10,1,10
2.02E+12,1,9,0,5,0,4,0,0,0,0,1,1,2,2,24,5,1242,1,2,4,1,4
2.02E+12,1,9,0,13,0,1,0,0,7,2,4,1,5,2,62,9,1997,2,12,9,1,9
2.02E+12,1,9,0,9,0,2,0,0,0,0,1,1,5,2,26,6,1598,1,14,7,1,7
2.02E+12,2,9,0,18,0,1,0,0,0,0,1,1,2,2,49,8,1461,2,1,3,1,3
2.02E+12,1,9,0,18,0,1,1,0,0,0,1,1,5,1,21,5,2698,2,8,8,1,8
2.02E+12,2,9,0,4,0,1,0,0,0,0,2,1,5,1,73,10,1117,1,27,4,1,4
2.02E+12,3,9,0,18,0,1,1,0,0,0,1,1,5,1,55,8,1364,1,3,8,1,8
2.02E+12,1,9,0,11,0,1,0,0,0,0,4,1,1,1,54,8,1968,2,2,1,1,1
2.02E+12,3,9,0,4,0,1,0,0,0,0,2,1,5,1,30,6,2179,2,4,10,1,10
2.02E+12,1,9,0,7,0,1,0,0,0,0,1,1,5,1,20,4,1590,1,13,10,1,10
2.02E+12,2,9,0,5,0,1,0,0,0,0,4,1,5,1,30,6,1598,1,7,10,1,10
2.02E+12,1,9,0,7,0,4,1,0,0,0,1,1,5,1,17,4,1061,1,13,9,1,9
2.02E+12,1,5,0,18,0,1,0,0,0,0,1,1,6,1,46,8,988,1,23,3,1,3
2.02E+12,2,19,0,10,0,1,0,0,0,0,2,1,5,1,70,10,1560,2,3,10,1,10
2.02E+12,2,9,0,7,0,5,0,0,0,0,4,1,2,2,23,5,1997,2,8,7,1,7
2.02E+12,1,3,0,18,0,4,0,0,0,0,1,1,5,1,21,5,124,1,2,8,1,8
2.02E+12,1,9,0,12,0,8,0,0,0,0,3,1,6,2,21,5,1395,1,1,7,1,7
2.02E+12,2,9,0,11,0,8,0,0,0,0,4,1,3,1,35,6,1997,1,4,6,1,6
2.02E+12,1,9,0,18,0,1,0,0,0,0,2,1,6,2,46,8,2494,8,1,9,1,9
2.02E+12,2,9,0,18,0,1,0,0,0,0,2,1,6,1,26,6,1998,1,9,5,1,5
2.02E+12,4,9,0,18,0,1,0,0,0,0,1,1,6,2,19,4,1398,1,7,10,1,10
2.02E+12,1,9,0,3,0,1,0,0,0,0,1,1,6,2,74,10,1582,2,3,2,1,2
2.02E+12,2,5,0,3,0,1,5,0,0,0,2,1,6,1,30,6,1293,1,5,3,1,3
2.02E+12,2,9,0,9,0,8,0,0,0,0,3,1,6,2,38,7,998,1,2,7,1,7
2.02E+12,1,9,0,5,0,1,0,0,0,0,4,1,1,2,27,6,1896,2,10,8,2,8
2.02E+12,1,9,0,18,0,4,0,0,0,0,0,1,1,1,56,9,2179,2,5,6,1,6
2.02E+12,1,9,0,9,0,3,0,0,1,1,1,1,6,2,17,4,1560,2,10,4,1,4
2.02E+12,1,9,0,18,0,8,0,0,0,0,3,1,6,2,71,10,1999,2,1,7,3,7
2.02E+12,2,5,0,18,0,8,0,0,0,0,1,1,6,1,55,8,781,1,19,10,3,10
2.02E+12,1,19,0,16,0,3,5,0,0,0,2,1,1,1,43,7,1399,2,7,5,1,5
2.02E+12,1,9,0,18,0,8,0,0,0,0,3,1,5,2,46,8,1834,1,12,9,1,9
2.02E+12,2,9,0,10,0,5,0,0,0,0,1,1,5,1,30,6,1686,2,7,9,1,9
2.02E+12,2,9,0,5,0,1,0,0,0,0,2,1,6,2,51,8,999,1,4,9,2,9
2.02E+12,2,9,0,9,1,1,0,0,0,0,0,1,3,2,52,8,1586,1,4,5,1,5
2.02E+12,1,19,0,9,0,6,0,0,0,0,1,1,6,1,26,6,1686,2,14,5,1,5
2.02E+12,1,2,0,9,0,4,0,0,0,0,4,1,4,1,16,4,49,1,2,8,2,8
2.02E+12,2,9,0,17,0,3,0,0,0,0,1,1,6,1,46,8,1999,2,1,10,1,10
2.02E+12,2,9,0,10,0,1,0,0,0,0,2,1,6,2,39,7,1388,1,14,1,1,1
2.02E+12,1,9,0,3,0,1,0,0,0,0,2,1,2,2,21,5,1242,1,11,7,1,7
2.02E+12,1,9,0,18,0,1,0,0,0,0,1,1,3,1,49,8,1797,8,5,9,3,9
2.02E+12,1,9,0,3,0,2,0,0,0,0,3,1,5,2,55,8,1968,2,11,9,3,9
2.02E+12,1,9,0,18,0,1,0,11,7,0,1,1,2,2,52,8,2179,2,3,10,1,10
2.02E+12,2,9,0,18,0,1,0,0,7,0,1,1,2,1,49,8,1390,1,10,9,1,9
2.02E+12,1,9,0,12,0,1,0,0,3,0,1,1,6,1,29,6,1968,2,1,5,1,5
2.02E+12,1,9,0,9,0,8,0,0,0,0,1,1,5,1,22,5,1686,2,15,6,1,6
2.02E+12,1,9,0,18,0,8,0,0,0,0,4,1,5,2,27,6,1591,1,2,8,3,8
2.02E+12,3,9,0,3,0,1,0,0,0,0,2,1,6,1,66,10,1995,2,4,10,1,10
2.02E+12,4,9,0,3,0,1,0,0,0,0,2,1,6,2,45,7,1398,1,6,4,1,4
2.02E+12,5,9,0,3,0,3,0,0,0,0,2,1,2,2,56,9,1560,2,3,7,1,7
2.02E+12,1,9,0,9,0,1,0,0,0,0,1,1,1,1,36,7,1997,2,4,3,1,3
2.02E+12,3,9,0,18,0,1,0,0,0,0,3,1,1,1,31,6,1968,2,3,7,1,7
2.02E+12,1,9,0,7,0,5,0,0,0,0,1,1,1,1,57,9,1956,2,5,8,1,8
2.02E+12,1,9,0,4,0,1,0,0,0,0,2,1,5,2,50,8,998,1,1,9,1,9
2.02E+12,2,9,0,4,0,1,0,0,0,0,1,1,5,1,54,8,2993,2,7,3,1,3
2.02E+12,1,9,0,18,0,8,5,0,7,1,4,1,5,2,22,5,1061,1,13,9,1,9
2.02E+12,2,9,0,18,0,8,0,0,1,0,1,1,5,1,21,5,1395,1,2,10,1,10
2.02E+12,1,9,0,3,0,4,0,0,0,0,1,1,6,2,43,7,1968,2,7,9,1,9
2.02E+12,2,9,0,5,0,4,0,0,0,0,2,1,1,1,34,6,1598,2,2,10,1,10
2.02E+12,2,3,0,18,0,8,0,0,0,0,4,1,6,1,39,7,125,1,16,7,1,7
2.02E+12,1,9,0,18,0,4,0,0,1,0,1,1,5,1,83,11,1196,1,24,6,1,6
2.02E+12,2,9,0,9,0,8,0,0,0,0,0,1,6,2,67,10,1685,2,4,10,1,10
2.02E+12,2,9,0,18,0,1,0,0,0,0,1,1,1,1,60,9,1995,2,3,8,1,8
2.02E+12,2,9,0,18,0,1,0,0,0,0,2,1,6,2,38,7,1560,2,6,6,1,6
2.02E+12,1,9,0,18,0,4,0,0,0,0,1,1,5,2,28,6,1461,2,3,7,3,7
2.02E+12,1,9,0,18,0,2,0,0,0,0,4,1,6,2,88,11,1598,1,4,7,1,7
2.02E+12,1,9,0,13,0,1,5,0,7,0,4,1,5,1,44,7,2600,1,23,5,1,5
2.02E+12,2,9,0,9,0,1,0,0,0,0,3,1,5,2,51,8,1598,1,7,7,1,7
2.02E+12,1,9,0,9,0,8,0,0,0,0,3,1,5,1,31,6,1499,1,2,10,3,10
2.02E+12,1,9,0,5,0,4,0,0,0,0,0,1,1,2,22,5,1461,2,1,5,1,5
2.02E+12,2,9,0,4,0,4,0,0,0,0,2,1,5,2,25,5,1560,2,6,7,1,7
2.02E+12,1,5,0,13,0,8,5,0,0,0,1,1,5,1,35,6,600,1,13,7,1,7
2.02E+12,2,11,0,7,0,8,0,0,0,0,1,1,1,1,30,6,7300,2,4,5,1,5
2.02E+12,1,19,0,3,0,1,0,0,0,0,2,1,5,1,36,7,2198,2,6,6,1,6
2.02E+12,2,9,0,3,0,1,0,0,0,0,1,1,1,2,62,9,2996,1,11,7,3,7
2.02E+12,2,9,0,18,0,8,0,0,0,0,3,1,5,2,76,11,1242,1,6,5,1,5
2.02E+12,1,9,0,18,0,1,0,0,1,0,1,1,5,2,64,9,1399,2,11,6,1,6
2.02E+12,2,9,0,3,0,1,0,0,0,0,3,1,6,1,47,8,1599,1,10,7,3,7
2.02E+12,1,5,0,18,0,1,1,0,0,0,4,1,5,1,45,7,599,1,9,6,1,6
2.02E+12,2,9,0,4,0,1,0,0,0,0,0,1,5,2,58,9,1900,2,10,8,1,8
2.02E+12,1,3,0,18,0,3,1,0,0,0,1,1,5,1,25,5,124,1,3,4,1,4
2.02E+12,2,9,0,3,0,2,0,0,0,0,2,1,1,1,34,6,1956,2,2,2,1,2
2.02E+12,1,9,0,17,0,2,1,0,7,0,4,1,6,2,62,9,1124,1,9,7,1,7
2.02E+12,2,8,0,18,0,1,0,0,0,0,1,1,5,1,52,8,2402,2,15,10,2,10
2.02E+12,1,9,0,18,0,1,1,7,2,0,1,1,6,1,16,4,1794,1,14,9,1,9
2.02E+12,2,9,0,18,0,1,0,0,0,0,0,1,1,1,28,6,1499,2,2,8,1,8
2.02E+12,1,9,0,18,0,2,0,0,0,0,1,1,5,2,36,7,1997,2,2,8,1,8
2.02E+12,1,9,0,5,0,2,0,0,0,0,4,1,6,2,33,6,995,1,6,8,1,8
2.02E+12,2,9,0,18,0,1,0,0,0,0,1,1,6,1,27,6,1124,1,16,3,1,3
2.02E+12,1,9,0,17,0,8,0,0,0,0,1,1,6,1,24,5,1490,1,9,7,1,7
2.02E+12,2,9,0,3,0,8,0,0,0,0,2,1,6,2,45,7,1968,2,3,9,1,9
2.02E+12,1,9,0,18,0,2,0,0,0,0,4,1,5,2,81,11,1399,1,7,9,2,9
2.02E+12,1,9,0,9,0,8,0,0,0,0,3,1,5,1,50,8,1988,2,13,4,1,4
2.02E+12,1,19,0,18,0,7,1,0,0,0,3,1,1,1,37,7,2299,2,6,7,1,7
2.02E+12,2,9,0,18,0,8,0,0,0,0,1,1,2,1,45,7,1798,1,13,6,1,6
2.02E+12,1,9,0,18,0,1,1,0,1,0,3,1,2,1,45,7,1753,2,11,1,3,1
2.02E+12,2,21,1,5,0,2,0,0,0,0,3,1,1,1,58,9,12900,2,8,4,1,4
2.02E+12,3,9,0,18,0,1,1,1,7,3,3,1,5,1,38,7,1587,1,14,5,3,5
2.02E+12,1,9,0,18,0,6,0,10,3,4,1,1,5,1,84,11,1390,1,6,9,1,9
2.02E+12,1,9,0,18,0,5,0,0,0,0,2,1,6,1,54,8,1753,2,17,4,1,4
2.02E+12,2,21,0,11,0,5,0,0,0,0,1,1,6,1,33,6,6370,2,5,5,1,5
2.02E+12,1,9,0,9,0,4,0,0,0,0,1,1,2,1,56,9,1995,2,6,6,1,6
2.02E+12,2,9,0,18,0,1,0,0,0,0,2,1,1,1,48,8,1995,2,5,7,1,7
2.02E+12,1,9,0,9,0,1,1,0,0,0,1,1,5,1,22,5,1299,1,16,5,1,5
2.02E+12,2,8,0,18,0,1,1,0,1,0,1,1,1,1,59,9,1999,1,6,3,1,3
2.02E+12,1,90,0,18,0,8,0,0,0,0,1,1,1,1,31,6,8970,2,16,5,1,5
2.02E+12,2,9,0,18,0,8,0,0,0,0,1,1,5,1,38,7,1798,1,8,5,1,5
2.02E+12,1,9,0,18,0,1,0,0,0,0,1,1,5,2,38,7,1560,2,9,3,1,3
2.02E+12,1,9,0,18,0,1,0,0,0,0,1,1,6,2,36,7,1968,2,11,4,1,4
2.02E+12,1,9,0,5,0,2,0,0,0,0,1,1,2,2,28,6,1197,1,3,4,1,4
2.02E+12,1,9,0,7,0,5,0,10,0,0,1,1,5,1,24,5,1597,1,9,8,1,8
2.02E+12,1,9,0,9,0,1,0,0,0,0,1,1,5,1,20,4,1390,1,12,6,3,6
2.02E+12,2,9,0,18,0,1,0,0,0,0,1,1,5,1,35,6,1995,2,5,1,1,1
2.02E+12,3,9,0,18,0,1,0,0,0,0,1,1,5,1,51,8,1999,1,8,6,2,6
2.02E+12,1,9,0,5,2,2,0,0,0,0,1,1,6,1,59,9,2204,2,10,8,1,8
2.02E+12,1,9,0,18,0,4,0,0,0,0,1,1,5,1,28,6,1596,1,13,4,1,4
2.02E+12,2,9,0,7,0,3,0,0,0,0,3,1,5,1,19,4,1368,1,3,4,1,4
2.02E+12,1,9,0,18,0,8,1,0,0,0,3,1,1,2,40,7,1560,2,4,1,1,1
2.02E+12,2,9,0,18,4,8,0,0,0,0,1,1,5,1,83,11,1398,2,14,3,1,3
2.02E+12,1,9,0,9,0,8,0,0,0,0,4,1,1,1,27,6,1995,2,9,6,3,6
2.02E+12,2,9,0,18,0,8,0,0,5,6,1,1,6,1,33,6,1594,1,15,3,1,3