Accident_Index,Vehicle_Reference,Vehicle_Type,Towing_and_Articulation,Vehicle_Manoeuvre,Vehicle_Location-Restricted_Lane,Junction_Location,Skidding_and_Overturning,Hit_Object_in_Carriageway,Vehicle_Leaving_Carriageway,Hit_Object_off_Carriageway,1st_Point_of_Impact,Was_Vehicle_Left_Hand_Drive?,Journey_Purpose_of_Driver,Sex_of_Driver,Age_of_Driver,Age_Band_of_Driver,Engine_Capacity_(CC),Propulsion_Code,Age_of_Vehicle,Driver_IMD_Decile,Driver_Home_Area_Type,Vehicle_IMD_Decile
2.02E+12,3,9,0,3,0,8,0,0,0,0,3,1,6,2,41,7,2400,2,5,8,1,8
2.02E+12,4,9,0,18,0,1,0,11,5,6,1,1,6,2,30,6,1598,1,6,1,1,1
2.02E+12,1,9,0,18,0,8,0,0,0,0,1,1,6,1,47,8,2494,1,17,3,1,3
2.02E+12,2,9,0,3,0,8,0,0,0,0,2,1,2,2,31,6,1997,2,4,10,1,10
2.02E+12,1,9,0,9,0,6,0,0,0,0,1,1,2,2,46,8,999,1,2,9,1,9
2.02E+12,2,5,0,14,0,8,5,0,0,0,1,1,2,1,59,9,649,1,6,7,1,7
2.02E+12,1,9,0,9,0,2,0,0,0,0,1,1,2,1,48,8,1781,1,16,8,1,8
2.02E+12,1,9,0,18,0,8,0,0,1,0,1,1,5,1,86,11,1781,1,21,7,3,7
2.02E+12,1,9,0,16,0,2,0,0,0,0,1,1,5,2,46,8,1399,2,12,3,1,3
2.02E+12,2,9,0,16,0,2,0,0,0,0,0,1,5,1,65,9,2435,1,22,8,1,8
2.02E+12,3,9,0,16,0,2,0,0,0,0,0,1,5,2,17,4,1108,1,13,9,1,9
2.02E+12,4,9,0,16,0,1,0,0,0,0,0,1,5,1,50,8,1242,1,13,6,1,6
2.02E+12,1,9,0,9,0,8,0,0,0,0,3,1,5,1,61,9,3123,1,11,5,1,5
2.02E+12,1,19,0,18,0,1,0,0,0,0,1,1,5,1,46,8,2198,2,8,6,1,6
2.02E+12,2,9,0,18,0,1,0,0,0,0,1,1,5,1,35,6,1560,2,9,6,2,6
2.02E+12,1,9,0,4,0,1,0,0,0,0,1,1,5,1,37,7,1984,1,8,3,3,3
2.02E+12,2,9,0,3,0,1,0,0,0,0,2,1,6,2,22,5,1995,2,3,6,3,6
2.02E+12,2,9,0,3,0,8,0,0,0,0,2,1,1,1,28,6,1198,1,13,6,1,6
2.02E+12,1,9,0,9,0,6,0,0,0,0,1,1,6,2,35,6,1950,2,1,7,1,7
2.02E+12,2,9,0,18,0,8,1,0,1,0,4,1,6,2,54,8,1685,2,5,8,2,8
2.02E+12,1,9,0,9,0,8,0,0,0,0,1,1,5,2,23,5,899,1,2,3,1,3
2.02E+12,2,9,0,18,0,1,0,0,0,0,2,1,5,2,48,8,998,1,9,5,1,5
2.02E+12,1,90,0,14,0,2,0,0,0,0,1,1,1,1,53,8,2198,2,3,3,1,3
2.02E+12,2,9,0,4,0,1,0,0,0,0,2,1,6,2,34,6,1753,2,7,7,1,7
2.02E+12,3,9,0,4,0,1,0,0,0,0,2,1,6,1,52,8,1596,1,14,8,1,8
2.02E+12,2,9,0,9,0,1,0,0,0,0,1,1,5,2,49,8,998,1,18,1,1,1
2.02E+12,1,9,0,5,0,3,0,0,0,0,3,1,5,2,39,7,1598,1,7,4,2,4
2.02E+12,1,3,0,9,0,3,0,0,0,0,1,1,1,1,28,6,124,1,10,1,1,1
2.02E+12,2,9,0,7,0,3,0,0,0,0,4,1,5,1,26,6,898,1,4,2,1,2
2.02E+12,2,9,0,4,0,1,1,0,0,0,1,1,5,2,45,7,1797,8,5,2,1,2
2.02E+12,1,9,0,9,0,1,0,0,0,0,4,1,6,1,45,7,1998,1,1,8,1,8
2.02E+12,1,9,0,4,0,3,0,11,0,0,1,1,6,2,34,6,1796,1,16,4,1,4
2.02E+12,2,9,0,4,0,3,0,11,0,0,2,1,5,1,54,8,1560,2,12,1,2,1
2.02E+12,1,9,0,18,0,1,1,0,7,0,1,1,5,1,32,6,1798,1,11,3,1,3
2.02E+12,2,9,0,4,0,1,0,0,1,0,2,1,5,2,73,10,1390,1,20,5,2,5
2.02E+12,1,3,0,18,0,2,1,0,0,0,3,1,5,1,47,8,123,1,9,9,1,9
2.02E+12,2,9,0,4,0,2,0,0,0,0,2,1,5,1,17,4,1149,1,13,1,1,1
2.02E+12,1,9,0,18,0,8,0,0,0,0,1,1,2,1,28,6,1197,1,1,9,1,9
2.02E+12,2,9,0,5,0,8,0,0,0,0,4,1,2,1,30,6,1598,2,5,10,1,10
2.02E+12,1,9,0,18,0,4,0,0,0,0,1,1,6,1,57,9,3498,1,6,8,1,8
2.02E+12,2,3,0,17,0,8,0,0,0,0,4,1,6,2,36,7,124,1,15,2,1,2
2.02E+12,1,20,0,18,0,1,0,0,0,0,1,1,1,1,39,7,4461,2,9,5,1,5
2.02E+12,2,19,0,11,0,1,0,0,0,0,2,1,1,1,56,9,1560,2,2,9,1,9
2.02E+12,1,9,0,9,0,5,0,0,0,0,1,1,1,2,37,7,2143,2,2,1,1,1
2.02E+12,2,9,0,18,0,1,0,0,0,0,1,1,1,1,60,9,1598,2,3,2,1,2
2.02E+12,1,9,0,16,0,1,1,0,7,0,1,1,2,1,39,7,1781,1,17,6,2,6
2.02E+12,1,9,0,9,0,8,0,0,0,0,0,1,6,1,37,7,1910,2,10,9,1,9
2.02E+12,1,19,0,4,0,1,1,0,0,0,1,1,6,1,32,6,2198,2,2,9,1,9
2.02E+12,2,8,0,10,0,5,0,0,7,0,2,1,6,2,50,8,1956,2,2,10,1,10
2.02E+12,1,9,0,5,0,6,0,0,1,1,1,1,5,2,35,6,1999,1,9,2,1,2
2.02E+12,2,9,0,18,0,1,0,0,0,0,4,1,5,1,63,9,2987,2,2,5,1,5
2.02E+12,1,9,0,9,0,5,0,0,0,0,1,1,6,1,44,7,1598,1,6,2,1,2
2.02E+12,1,9,0,16,0,1,1,0,1,0,1,1,5,1,20,4,1598,1,15,8,1,8
2.02E+12,1,9,0,12,0,3,0,0,0,0,3,1,2,1,38,7,1596,1,11,3,1,3
2.02E+12,1,9,0,9,0,1,0,0,0,0,4,1,5,1,31,6,2290,1,15,3,1,3
2.02E+12,2,9,0,18,0,1,0,0,0,0,1,1,5,1,46,8,1242,1,16,1,1,1
2.02E+12,1,9,0,5,0,4,0,0,0,0,1,1,6,1,31,6,2204,2,10,4,1,4
2.02E+12,1,8,0,5,0,1,0,0,0,0,4,1,1,1,38,7,1560,2,4,5,1,5
2.02E+12,1,9,0,9,0,6,0,0,0,0,1,1,3,1,46,8,1242,1,4,9,3,9
2.02E+12,1,9,0,18,0,8,0,0,0,0,1,1,6,2,58,9,998,1,1,10,1,10
2.02E+12,1,9,0,9,0,8,0,0,0,0,1,1,6,2,24,5,1242,1,2,9,1,9
2.02E+12,1,9,0,18,0,8,0,0,0,0,1,1,3,1,43,7,1798,1,9,8,2,8
2.02E+12,2,9,0,18,0,8,0,0,0,0,1,1,2,2,20,4,1360,1,18,6,3,6
2.02E+12,1,9,0,9,0,6,0,0,0,0,3,1,6,2,21,5,1149,1,15,10,1,10
2.02E+12,2,9,0,18,0,1,0,0,0,0,1,1,6,2,24,5,1560,2,7,2,1,2
2.02E+12,1,9,0,9,0,1,0,0,0,0,1,1,5,1,20,4,1229,1,10,8,1,8
2.02E+12,2,3,0,18,0,1,0,0,0,0,1,1,5,1,32,6,125,1,9,4,1,4
2.02E+12,2,9,0,18,0,3,0,0,0,0,4,1,5,1,46,8,1598,1,3,2,1,2
2.02E+12,1,8,0,18,0,1,0,0,0,0,1,1,6,1,47,8,1797,8,8,9,1,9
2.02E+12,1,9,0,3,0,1,0,0,0,0,2,1,6,2,26,6,1598,1,5,2,1,2
2.02E+12,1,9,0,9,0,8,0,0,0,0,4,1,6,1,76,11,1242,1,19,9,2,9
2.02E+12,2,4,0,18,0,8,0,0,0,0,1,1,6,1,20,4,321,1,2,10,1,10
2.02E+12,1,9,0,16,0,1,1,0,0,0,1,1,2,1,30,6,1995,1,10,5,1,5
2.02E+12,2,9,0,4,0,1,1,0,0,0,1,1,3,2,49,8,1598,1,1,6,1,6
2.02E+12,1,9,0,10,0,6,0,0,0,0,1,1,5,1,60,9,3456,8,9,3,1,3
2.02E+12,2,5,0,18,0,8,0,0,0,0,1,1,5,1,33,6,599,1,14,2,1,2
2.02E+12,1,5,0,18,0,7,0,0,0,0,1,1,5,1,27,6,680,1,7,5,1,5
2.02E+12,1,19,0,12,0,1,1,0,0,0,1,1,1,1,40,7,1598,2,3,6,1,6
2.02E+12,2,9,0,3,0,5,0,0,0,0,2,1,2,1,51,8,1984,1,1,9,1,9
2.02E+12,1,9,0,16,0,1,1,0,0,0,1,1,1,2,43,7,998,1,2,8,1,8
2.02E+12,1,9,0,9,0,6,0,0,0,0,1,1,5,2,34,6,1997,2,12,3,1,3
2.02E+12,1,9,0,18,5,6,0,0,0,0,4,1,1,1,26,6,1399,2,8,1,1,1
2.02E+12,1,9,0,9,0,3,0,0,0,0,4,1,5,2,32,6,1749,1,14,4,1,4
2.02E+12,1,9,0,18,0,4,1,9,0,0,1,1,2,1,62,9,1461,2,1,2,1,2
2.02E+12,1,9,0,18,0,3,0,0,0,0,2,1,5,2,38,7,1461,2,12,6,1,6
2.02E+12,2,9,0,18,0,3,0,0,0,0,1,1,5,1,72,10,2295,1,15,10,1,10
2.02E+12,1,9,0,9,0,8,0,0,0,0,1,1,6,2,22,5,1242,1,5,10,2,10
2.02E+12,2,9,0,18,0,1,0,0,7,0,1,1,6,2,20,4,1242,1,3,9,3,9
2.02E+12,1,5,0,17,0,2,1,0,0,0,0,1,5,1,36,7,636,1,11,3,1,3
2.02E+12,1,9,0,18,0,1,0,0,0,0,4,1,6,2,41,7,1397,1,7,1,1,1
2.02E+12,1,19,0,18,0,1,0,0,0,0,1,1,6,1,26,6,2198,2,2,7,1,7
2.02E+12,2,9,0,4,0,1,0,0,0,0,2,1,6,2,34,6,2776,2,12,5,1,5
2.02E+12,1,9,0,18,0,1,0,0,0,0,1,1,2,2,24,5,1149,1,15,2,1,2
2.02E+12,3,8,0,3,0,1,0,0,0,0,2,1,1,1,58,9,1968,2,2,8,2,8
2.02E+12,1,9,0,4,0,1,0,0,0,0,1,1,6,1,56,9,998,1,18,9,1,9
2.02E+12,1,9,0,7,0,4,0,0,0,0,1,1,6,1,67,10,998,1,12,7,1,7
2.02E+12,1,9,0,9,0,4,0,0,0,0,1,1,6,2,19,4,1242,1,6,8,1,8
2.02E+12,2,9,0,18,0,3,2,0,7,10,4,1,2,2,46,8,1461,2,13,8,1,8
2.02E+12,1,11,0,18,0,1,0,0,0,0,1,1,1,1,58,9,3900,2,12,1,1,1
2.02E+12,1,9,0,5,0,1,0,0,0,0,1,1,6,1,26,6,1984,1,9,7,1,7
2.02E+12,2,9,0,18,0,1,0,0,0,0,1,1,5,2,53,8,2148,2,12,6,1,6
2.02E+12,2,9,0,3,0,1,0,0,0,0,2,1,2,1,54,8,1753,2,8,3,1,3
2.02E+12,3,9,0,3,0,1,0,0,0,0,2,1,2,1,46,8,1461,2,2,2,1,2
2.02E+12,4,9,0,3,0,1,0,0,0,0,2,1,2,1,51,8,1984,1,9,9,1,9
2.02E+12,1,9,0,5,0,4,0,0,0,0,2,1,5,1,60,9,998,1,18,4,3,4
2.02E+12,2,11,0,5,0,4,0,0,0,0,1,1,1,1,61,9,11630,2,19,1,1,1
2.02E+12,1,9,0,18,0,2,0,0,0,0,1,1,6,2,46,8,998,1,3,7,1,7
2.02E+12,2,9,0,18,0,1,0,0,0,0,1,1,6,2,39,7,1998,1,15,2,1,2
2.02E+12,1,9,0,9,0,4,0,0,0,0,3,1,5,2,43,7,1390,1,14,2,1,2
2.02E+12,2,9,0,17,0,1,0,0,0,0,1,1,5,2,27,6,1198,1,11,1,1,1
2.02E+12,1,9,0,9,0,8,0,0,0,0,1,1,5,1,84,11,1198,1,11,5,1,5
2.02E+12,2,9,0,18,0,1,0,0,0,0,1,1,5,1,74,10,1360,1,14,2,1,2
2.02E+12,1,9,0,18,0,7,0,0,0,0,1,1,3,2,35,6,1968,2,3,6,3,6
2.02E+12,1,9,0,18,0,1,1,0,0,0,1,1,6,1,30,6,1910,2,11,5,1,5
2.02E+12,2,9,0,18,0,2,0,0,0,0,4,1,6,1,28,6,2000,2,6,6,1,6
2.02E+12,1,9,0,7,0,8,0,0,0,0,4,1,6,2,51,8,1242,1,10,8,2,8
2.02E+12,1,9,0,18,0,1,0,0,1,11,1,1,5,1,51,8,1896,2,13,5,3,5
2.02E+12,1,9,0,9,0,8,0,0,0,0,3,1,6,1,29,6,1900,2,10,10,1,10
2.02E+12,2,9,0,17,0,1,0,0,0,0,1,1,5,2,30,6,1596,1,11,3,1,3
2.02E+12,1,9,0,18,0,1,0,0,0,0,1,1,6,2,19,4,1242,1,15,8,2,8
2.02E+12,1,5,0,18,0,3,0,0,0,0,1,1,5,1,28,6,998,1,9,3,1,3
2.02E+12,1,9,0,18,0,1,0,0,0,0,3,1,6,1,44,7,2359,1,6,7,1,7
2.02E+12,2,9,0,5,0,1,0,0,0,0,1,1,6,2,35,6,1596,1,8,10,1,10
2.02E+12,1,9,0,9,0,8,0,0,0,0,3,1,6,1,30,6,2495,2,31,6,3,6
2.02E+12,2,9,0,18,0,1,0,0,0,0,1,1,6,2,25,5,1461,2,1,5,1,5
2.02E+12,1,9,0,10,0,1,0,0,0,0,1,1,6,2,46,8,1461,2,4,2,1,2
2.02E+12,1,9,0,5,0,8,0,0,0,0,1,1,6,1,62,9,1493,2,12,4,1,4
2.02E+12,2,9,0,18,0,1,5,0,1,0,3,1,6,1,24,5,1490,1,11,6,2,6
2.02E+12,1,9,0,18,0,4,0,0,0,0,1,1,6,1,21,5,1399,1,13,2,1,2
2.02E+12,1,11,0,5,0,1,0,0,0,0,4,1,1,2,66,10,3900,2,15,5,1,5
2.02E+12,1,9,0,18,0,1,0,0,7,0,4,1,6,1,42,7,1124,1,16,3,1,3
2.02E+12,2,9,0,18,0,1,0,0,0,0,3,1,6,2,64,9,1598,1,12,5,1,5
2.02E+12,3,9,0,18,0,1,0,0,0,0,0,1,1,1,43,7,2993,2,4,8,3,8
2.02E+12,4,9,0,18,0,1,0,0,0,0,0,1,1,1,50,8,1997,2,1,7,3,7
2.02E+12,1,9,0,18,0,1,0,0,0,0,3,1,6,2,77,11,898,1,4,4,1,4
2.02E+12,2,9,0,18,0,1,0,0,0,0,1,1,2,2,63,9,1596,1,10,9,2,9
2.02E+12,1,9,0,18,0,8,0,4,0,0,1,1,5,1,86,11,998,1,10,3,2,3
2.02E+12,1,3,0,9,0,3,1,0,0,0,0,1,2,1,22,5,124,1,5,8,1,8
2.02E+12,1,19,0,9,0,8,0,0,0,0,3,1,1,1,64,9,2148,2,10,5,1,5
2.02E+12,2,21,0,18,0,8,0,0,0,0,1,1,1,1,41,7,10837,2,2,9,1,9
2.02E+12,3,9,0,10,0,1,0,0,0,0,3,1,2,1,46,8,1998,2,12,1,2,1
2.02E+12,1,9,0,18,0,4,0,0,0,0,1,1,5,1,17,4,1364,1,12,7,1,7
2.02E+12,2,5,0,18,0,3,2,0,0,0,3,1,6,1,53,8,1000,1,17,6,1,6
2.02E+12,2,9,0,18,0,8,0,0,0,0,4,1,5,2,56,9,1149,1,8,7,1,7
2.02E+12,1,9,0,4,0,3,0,0,0,0,1,1,1,2,36,7,1397,1,7,8,1,8
2.02E+12,1,9,0,9,0,2,0,0,0,0,3,1,3,1,37,7,1968,2,2,9,1,9
2.02E+12,2,9,0,18,0,8,0,0,0,0,1,1,6,1,25,5,1595,1,12,7,1,7
2.02E+12,1,9,0,7,0,3,1,0,4,6,1,1,6,2,29,6,1995,2,3,8,1,8
2.02E+12,1,9,0,18,0,1,0,0,0,0,2,1,6,1,30,6,1332,1,18,9,1,9
2.02E+12,2,9,0,18,0,1,0,0,0,0,1,1,6,1,32,6,1596,1,4,7,1,7
2.02E+12,1,9,0,18,0,8,0,0,0,0,3,1,6,1,70,10,1598,1,2,8,1,8
2.02E+12,1,9,0,9,0,2,0,0,0,0,1,1,5,2,47,8,1461,2,2,5,3,5
2.02E+12,2,5,0,18,0,1,0,0,0,0,1,1,5,1,62,9,750,1,22,5,2,5
2.02E+12,1,3,0,18,0,8,0,0,0,0,1,1,6,1,18,4,124,1,14,3,1,3
2.02E+12,1,9,0,5,0,6,0,0,0,0,1,1,6,2,20,4,1242,1,10,7,3,7
2.02E+12,2,8,0,18,0,8,0,0,0,0,1,1,6,1,33,6,1896,2,13,8,1,8
2.02E+12,1,9,0,18,0,2,0,0,0,0,1,1,6,1,22,5,1199,1,14,7,2,7
2.02E+12,1,9,0,9,0,6,0,0,1,9,1,1,6,2,60,9,998,1,5,4,3,4
2.02E+12,2,19,0,18,0,1,0,0,0,0,1,1,1,1,26,6,1598,2,1,4,1,4
2.02E+12,1,9,0,9,0,1,0,0,0,0,1,1,6,2,42,7,1968,2,3,2,1,2
2.02E+12,1,9,0,14,0,1,0,0,0,0,1,1,2,2,23,5,1388,1,14,3,1,3
2.02E+12,2,9,0,10,0,1,0,0,0,0,3,1,2,1,34,6,1968,2,5,5,2,5
2.02E+12,3,19,0,18,0,1,0,0,0,0,1,1,1,1,71,10,2464,2,8,6,1,6
2.02E+12,1,9,0,18,0,1,0,10,0,0,4,1,6,1,58,9,1997,1,13,2,1,2
2.02E+12,2,9,0,10,0,1,0,0,0,0,3,1,6,2,56,9,1560,2,6,2,1,2
2.02E+12,3,9,0,18,0,3,0,0,0,0,4,1,6,1,44,7,1599,1,11,4,1,4
2.02E+12,1,9,0,9,0,8,0,0,7,0,1,1,5,2,19,4,1349,1,3,6,1,6
2.02E+12,2,9,0,18,0,8,0,0,0,0,1,1,5,1,20,4,1997,2,3,7,3,7
2.02E+12,1,19,0,18,0,1,1,0,0,0,1,1,2,1,24,5,1753,2,13,5,1,5
2.02E+12,2,9,0,4,0,1,0,0,0,0,2,1,6,1,78,11,1248,2,3,2,1,2
2.02E+12,1,9,0,7,0,3,0,0,0,0,4,1,2,1,36,7,1796,2,4,7,1,7
2.02E+12,1,9,0,18,0,1,0,0,0,0,1,1,6,2,30,6,1685,2,6,3,1,3
2.02E+12,2,9,0,10,0,1,0,0,0,0,2,1,6,2,42,7,1360,1,10,8,1,8
2.02E+12,1,9,0,18,0,4,0,0,0,0,1,1,6,2,38,7,1199,2,6,5,2,5
2.02E+12,2,3,0,17,0,8,5,0,0,0,4,1,2,1,42,7,125,1,6,6,1,6
2.02E+12,1,9,0,5,0,4,0,0,0,0,1,1,6,1,53,8,1248,1,4,4,1,4
2.02E+12,1,9,0,18,0,1,0,0,0,0,1,1,6,2,28,6,998,1,16,10,1,10
2.02E+12,1,9,0,18,0,1,0,0,0,0,1,1,6,1,53,8,1598,2,5,7,3,7
2.02E+12,2,9,0,3,0,1,0,0,0,0,2,1,6,1,27,6,1995,2,11,1,1,1
2.02E+12,3,9,0,3,0,1,0,0,0,0,2,1,6,1,34,6,2143,2,2,9,1,9
2.02E+12,1,9,0,18,0,4,0,0,0,0,1,1,6,2,50,8,998,1,16,8,2,8
2.02E+12,2,9,0,18,0,8,0,0,0,0,4,1,2,2,32,6,1496,2,2,8,1,8
2.02E+12,2,9,0,8,0,4,0,0,0,0,2,1,6,2,37,7,1242,1,1,8,1,8
2.02E+12,2,9,0,10,0,1,0,0,0,0,2,1,5,1,53,8,1995,2,14,4,1,4
2.02E+12,1,9,0,9,0,1,0,0,0,0,1,1,6,1,48,8,2290,1,17,3,1,3
2.02E+12,2,9,0,5,0,1,0,0,0,0,4,1,6,2,29,6,2792,1,16,6,1,6
2.02E+12,1,11,0,4,0,1,0,0,0,0,1,1,1,1,26,6,5850,2,15,1,1,1
2.02E+12,1,9,0,5,0,6,0,0,0,0,3,1,5,2,78,11,1240,1,8,4,1,4
2.02E+12,1,9,0,18,0,8,0,0,0,0,4,1,5,2,30,6,1598,7,13,4,2,4
2.02E+12,2,9,0,18,0,8,0,0,0,0,1,1,5,2,80,11,1240,1,14,8,1,8
2.02E+12,1,9,0,18,0,3,0,0,0,0,1,1,6,1,46,8,1498,1,12,3,1,3
2.02E+12,1,9,0,18,0,4,0,0,0,0,1,1,5,2,49,8,1396,2,2,3,1,3
2.02E+12,2,21,1,18,0,3,0,0,0,0,2,1,1,1,28,6,12809,2,2,3,1,3
2.02E+12,1,19,0,9,0,8,0,0,0,0,1,1,1,1,25,5,2198,2,3,4,1,4
2.02E+12,2,9,0,18,0,1,0,0,0,0,3,1,6,2,40,7,1686,2,3,5,3,5
2.02E+12,3,19,0,18,0,2,0,0,0,0,4,1,2,1,47,8,1461,2,3,7,3,7
2.02E+12,4,9,0,18,0,1,0,0,0,0,2,1,6,1,29,6,1598,1,8,2,1,2
2.02E+12,1,9,0,7,0,8,0,0,0,0,4,1,5,2,22,5,1242,1,4,1,1,1
2.02E+12,1,9,0,7,0,6,0,0,0,0,1,1,1,1,41,7,2295,1,16,1,1,1
2.02E+12,2,19,0,18,0,1,0,0,0,0,4,1,1,1,44,7,2461,2,9,4,1,4
2.02E+12,1,9,0,9,0,8,0,0,0,0,1,1,5,2,18,4,1198,1,1,5,1,5
2.02E+12,1,3,0,4,0,1,2,0,0,0,1,1,5,1,22,5,125,1,1,4,3,4
2.02E+12,2,9,0,9,0,1,0,0,0,0,2,1,6,1,32,6,1870,2,13,3,3,3
2.02E+12,3,9,0,9,0,8,0,0,0,0,1,1,5,2,78,11,996,1,4,7,1,7
2.02E+12,1,9,0,9,0,5,0,0,0,0,1,1,5,2,72,10,998,1,4,10,2,10
2.02E+12,2,9,0,18,0,8,0,0,0,0,1,1,5,2,27,6,999,1,3,10,1,10
2.02E+12,1,19,0,4,0,8,1,0,0,0,1,1,1,1,41,7,2148,2,10,4,1,4
2.02E+12,2,9,0,10,0,5,0,0,0,0,3,1,2,1,48,8,2188,2,12,9,3,9
2.02E+12,1,9,0,18,0,1,1,0,0,0,1,1,6,2,39,7,2495,2,15,6,3,6
2.02E+12,2,9,0,10,0,1,0,0,0,0,2,1,6,2,38,7,2993,2,4,7,3,7
2.02E+12,3,9,0,18,0,1,0,0,0,0,1,1,6,1,19,4,1388,1,15,6,2,6
2.02E+12,1,9,0,18,0,1,0,0,0,0,1,1,5,1,21,5,998,1,3,8,1,8
2.02E+12,2,9,0,18,0,8,0,0,0,0,1,1,5,1,53,8,1364,1,10,2,1,2
2.02E+12,1,9,0,18,0,1,0,0,0,0,1,1,2,2,44,7,1198,1,6,1,1,1
2.02E+12,1,9,0,18,0,1,0,0,0,0,1,1,2,1,30,6,1997,2,9,2,1,2
2.02E+12,2,9,0,10,0,8,0,0,0,0,2,1,2,2,26,6,998,1,6,5,3,5
2.02E+12,1,9,0,9,0,6,0,0,0,0,1,1,6,2,76,11,998,1,14,5,2,5
2.02E+12,2,9,0,10,0,8,0,0,0,0,3,1,6,2,51,8,3628,2,8,9,2,9
2.02E+12,1,9,0,18,0,3,0,0,0,0,1,1,5,2,28,6,1798,1,9,7,1,7
2.02E+12,1,9,0,7,0,8,0,0,0,0,4,1,5,2,48,8,1199,1,16,5,1,5
2.02E+12,1,9,0,9,0,4,0,0,0,0,1,1,5,1,37,7,2993,2,5,6,1,6
2.02E+12,2,3,0,17,0,8,0,0,0,0,4,1,2,2,27,6,125,1,5,8,1,8
2.02E+12,1,9,0,18,0,1,0,0,1,11,3,1,6,1,21,5,1598,2,2,7,1,7
2.02E+12,2,11,0,5,0,2,0,0,0,0,3,1,1,1,41,7,4250,2,15,10,1,10
2.02E+12,1,9,0,9,0,8,0,0,0,0,1,1,5,1,20,4,1994,1,15,5,1,5
2.02E+12,2,9,0,18,0,1,0,0,1,0,1,1,5,2,26,6,998,1,3,4,1,4
2.02E+12,1,9,0,18,0,4,0,0,0,0,1,1,5,1,75,10,2493,1,14,1,1,1
2.02E+12,1,9,0,4,0,1,0,0,0,0,1,1,6,1,35,6,2993,2,11,1,1,1
2.02E+12,2,9,0,4,0,1,0,0,0,0,3,1,5,1,43,7,2993,2,10,4,1,4
2.02E+12,1,3,0,7,0,1,0,0,0,0,1,1,5,1,22,5,124,1,8,3,1,3
2.02E+12,2,9,0,18,0,1,0,0,0,0,1,1,1,2,62,9,1560,2,5,3,1,3
2.02E+12,1,9,0,18,0,1,0,0,0,0,1,1,6,2,18,4,1388,1,11,8,1,8
2.02E+12,2,9,0,7,0,1,0,0,0,0,2,1,6,2,43,7,1364,1,9,5,3,5
2.02E+12,1,9,0,18,0,1,1,4,0,0,3,1,5,2,43,7,1399,2,10,1,1,1
2.02E+12,2,9,0,5,0,1,0,0,0,0,1,1,6,1,46,8,1390,1,10,9,1,9
2.02E+12,1,9,0,18,0,8,0,0,0,0,1,1,5,1,71,10,1242,1,2,4,1,4
2.02E+12,2,9,0,18,0,8,0,0,0,0,4,1,5,1,55,8,2993,2,7,4,1,4
2.02E+12,1,9,0,9,0,8,0,0,0,0,3,1,5,2,69,10,998,1,11,9,1,9
2.02E+12,2,2,0,18,0,1,0,0,0,0,1,1,6,1,16,4,49,1,8,4,1,4
2.02E+12,1,9,0,18,0,8,0,0,0,0,2,1,6,1,28,6,1781,1,15,10,1,10
2.02E+12,1,9,0,5,0,1,0,0,0,0,1,1,5,1,27,6,1995,1,10,9,1,9
2.02E+12,1,19,0,5,0,6,0,0,0,0,1,1,5,1,72,10,2402,2,6,8,1,8
2.02E+12,2,9,0,14,0,1,0,0,0,0,3,1,5,2,27,6,1248,2,1,4,2,4
2.02E+12,1,9,0,5,0,8,0,0,0,0,1,1,5,2,70,10,1999,1,3,5,1,5
2.02E+12,2,9,0,18,0,8,1,10,0,0,3,1,5,2,53,8,1997,2,14,6,1,6
2.02E+12,1,9,0,9,0,8,0,0,0,0,1,1,5,1,83,11,1461,2,12,5,2,5
2.02E+12,1,9,0,18,0,2,0,0,0,0,1,1,1,1,68,10,1997,2,3,7,1,7
2.02E+12,2,9,0,18,0,2,0,0,0,0,1,1,6,1,23,5,1988,1,17,5,1,5
2.02E+12,1,9,0,8,0,2,0,0,0,0,1,1,1,2,23,5,998,1,1,4,1,4
2.02E+12,2,9,0,18,0,1,0,0,0,0,4,1,6,2,83,11,998,1,2,10,1,10
2.02E+12,1,19,0,4,0,1,0,0,0,0,1,1,1,1,24,5,2198,2,1,10,1,10
2.02E+12,2,9,0,3,0,1,0,0,0,0,2,1,6,2,36,7,1598,2,6,3,1,3
2.02E+12,1,9,0,8,0,1,0,0,0,0,1,1,5,2,67,10,1590,1,20,9,1,9
2.02E+12,2,9,0,3,0,1,0,0,0,0,2,1,5,1,52,8,998,1,1,9,2,9
2.02E+12,1,9,0,18,0,3,0,0,0,0,1,1,6,1,20,4,1229,1,2,9,1,9
2.02E+12,2,9,0,18,0,3,0,0,0,0,1,1,6,1,23,5,1339,1,10,7,1,7
2.02E+12,1,19,0,18,0,1,1,0,0,0,1,1,1,1,49,8,2198,2,3,9,1,9
2.02E+12,1,9,0,18,0,4,0,0,0,0,1,1,5,1,67,10,3150,2,18,4,1,4
2.02E+12,1,9,0,3,0,2,0,0,0,0,1,1,5,2,79,11,1275,1,20,7,1,7
2.02E+12,2,9,0,18,0,1,0,0,0,0,1,1,5,1,34,6,1995,1,9,2,1,2
2.02E+12,1,9,0,9,0,8,0,0,1,0,1,1,6,2,68,10,1596,1,11,6,3,6
2.02E+12,2,9,0,18,0,1,0,0,0,0,1,1,6,1,17,4,1388,1,14,6,3,6
2.02E+12,3,9,0,4,0,1,0,0,0,0,1,1,6,2,27,6,1242,1,3,6,2,6
2.02E+12,1,9,0,17,0,8,1,0,0,0,1,1,2,1,25,5,1686,2,12,2,1,2