Accident_Index,Vehicle_Reference,Vehicle_Type,Towing_and_Articulation,Vehicle_Manoeuvre,Vehicle_Location-Restricted_Lane,Junction_Location,Skidding_and_Overturning,Hit_Object_in_Carriageway,Vehicle_Leaving_Carriageway,Hit_Object_off_Carriageway,1st_Point_of_Impact,Was_Vehicle_Left_Hand_Drive?,Journey_Purpose_of_Driver,Sex_of_Driver,Age_of_Driver,Age_Band_of_Driver,Engine_Capacity_(CC),Propulsion_Code,Age_of_Vehicle,Driver_IMD_Decile,Driver_Home_Area_Type,Vehicle_IMD_Decile
2.02E+12,2,9,0,16,0,8,0,0,0,0,1,1,5,1,58,9,1896,2,15,4,3,4
2.02E+12,1,9,0,18,0,1,0,0,0,0,1,1,6,1,57,9,1299,1,14,3,1,3
2.02E+12,2,9,0,3,0,1,0,0,0,0,2,1,6,2,18,4,1596,1,2,7,1,7
2.02E+12,1,9,0,9,0,6,0,0,0,0,3,1,5,2,32,6,1598,1,4,10,1,10
2.02E+12,2,9,0,18,0,8,0,0,0,0,1,1,5,1,27,6,1686,2,4,8,1,8
2.02E+12,1,9,0,5,0,2,0,0,0,0,1,1,5,1,28,6,1396,1,6,3,1,3
2.02E+12,1,9,0,5,8,6,0,0,0,0,1,1,6,2,19,4,1242,1,1,2,1,2
2.02E+12,2,3,0,5,0,1,1,0,0,0,2,1,2,1,30,6,125,1,1,2,1,2
2.02E+12,1,9,0,5,0,8,0,0,0,0,1,1,5,2,30,6,1299,1,17,8,1,8
2.02E+12,2,9,0,18,0,1,0,0,0,0,1,1,6,2,24,5,1956,2,3,9,1,9
2.02E+12,2,9,0,18,0,1,0,0,0,0,3,1,6,1,24,5,2521,1,11,9,1,9
2.02E+12,1,9,0,18,0,1,0,4,0,0,1,1,6,1,18,4,1910,2,10,4,1,4
2.02E+12,2,9,0,18,0,1,0,0,0,0,4,1,6,1,44,7,1086,1,11,4,1,4
2.02E+12,2,9,0,4,0,8,0,0,0,0,1,1,1,1,40,7,1499,2,2,4,1,4
2.02E+12,1,9,0,18,0,1,0,0,0,0,1,1,6,2,20,4,1995,2,5,5,3,5
2.02E+12,2,9,0,3,0,1,0,0,0,0,2,1,1,2,49,8,1499,2,2,3,1,3
2.02E+12,1,9,0,18,0,1,0,0,0,0,1,1,6,1,36,7,2099,1,15,8,1,8
2.02E+12,1,21,0,9,0,8,5,0,0,0,4,1,1,1,41,7,7201,2,5,5,1,5
2.02E+12,1,3,0,4,0,1,1,0,0,0,1,1,2,1,19,4,124,1,5,5,3,5
2.02E+12,2,9,0,10,0,5,0,0,0,0,2,2,6,2,54,8,1493,2,7,8,3,8
2.02E+12,1,9,0,16,0,3,1,0,0,0,4,1,5,1,18,4,1229,1,8,8,3,8
2.02E+12,2,9,0,18,0,3,0,0,0,0,3,1,2,2,41,7,1598,2,2,8,3,8
2.02E+12,1,9,0,5,0,2,0,0,0,0,4,1,5,1,25,5,1360,1,11,8,2,8
2.02E+12,1,9,0,9,0,4,0,0,0,0,3,1,6,1,64,9,1560,2,6,8,1,8
2.02E+12,2,3,0,18,0,4,0,0,0,0,1,1,6,1,25,5,125,1,2,8,1,8
2.02E+12,1,9,0,18,0,8,0,0,0,0,1,1,5,1,27,6,1398,1,1,1,1,1
2.02E+12,2,9,0,18,0,8,0,0,0,0,3,1,5,1,71,10,1242,1,5,3,1,3
2.02E+12,1,9,0,5,0,4,0,0,0,0,1,1,5,1,59,9,1390,1,15,1,1,1
2.02E+12,2,9,0,3,0,4,0,0,0,0,2,1,5,2,39,7,1596,1,11,7,1,7
2.02E+12,1,9,0,9,0,6,0,0,0,0,1,1,5,2,23,5,1364,1,9,5,1,5
2.02E+12,2,9,0,18,0,1,1,0,1,2,4,1,3,2,29,6,1799,1,9,4,1,4
2.02E+12,1,9,0,9,0,2,0,0,0,0,1,1,5,1,47,8,1461,2,3,2,1,2
2.02E+12,2,9,0,18,0,2,0,0,0,0,4,1,5,2,33,6,1560,2,9,2,1,2
2.02E+12,1,9,0,18,0,1,0,0,0,0,4,1,3,2,43,7,1896,2,11,7,1,7
2.02E+12,1,9,0,5,0,8,0,0,0,0,1,1,1,2,52,8,1149,1,1,3,1,3
2.02E+12,1,19,0,5,0,6,0,0,0,0,4,1,1,1,49,8,2499,2,15,5,1,5
2.02E+12,2,9,0,9,0,5,0,0,0,0,3,1,1,1,41,7,1998,1,11,10,1,10
2.02E+12,1,9,0,18,0,1,0,0,0,0,1,1,5,2,33,6,1299,1,12,1,1,1
2.02E+12,2,9,0,10,0,1,0,0,0,0,2,1,5,1,48,8,1242,1,15,10,1,10
2.02E+12,3,9,0,10,0,1,0,0,0,0,2,1,5,1,38,7,1999,1,12,2,1,2
2.02E+12,1,20,0,9,0,1,0,0,0,0,1,1,1,1,43,7,4461,2,7,1,1,1
2.02E+12,2,9,0,18,0,1,0,0,0,0,1,1,6,1,44,7,1995,2,2,3,1,3
2.02E+12,1,19,0,7,0,5,0,0,0,0,3,1,2,1,53,8,1248,2,4,10,1,10
2.02E+12,1,21,1,18,0,1,5,0,6,0,3,1,1,1,45,7,12902,2,2,6,3,6
2.02E+12,1,9,0,9,0,6,0,0,0,0,1,1,6,2,17,4,998,1,12,8,2,8
2.02E+12,2,9,0,18,0,1,0,0,7,0,1,1,6,2,26,6,1968,2,1,6,3,6
2.02E+12,3,9,0,10,0,1,0,0,0,0,0,1,6,1,57,9,1461,2,2,4,1,4
2.02E+12,1,9,0,3,0,1,0,0,0,0,1,1,2,1,34,6,1598,1,10,6,2,6
2.02E+12,2,9,0,18,0,8,0,0,0,0,4,1,6,2,50,8,2720,2,10,8,1,8
2.02E+12,1,9,0,18,0,3,0,0,0,0,1,1,6,1,34,6,1998,1,16,3,1,3
2.02E+12,2,9,0,3,0,3,0,0,0,0,2,1,6,1,28,6,1199,1,13,6,1,6
2.02E+12,1,9,0,12,0,1,0,0,0,0,1,1,5,1,37,7,1598,1,10,2,1,2
2.02E+12,1,8,0,18,0,2,0,0,0,0,1,1,1,2,47,8,1582,2,6,9,2,9
2.02E+12,1,9,0,18,0,8,0,0,8,7,1,1,2,2,30,6,1560,2,9,3,1,3
2.02E+12,2,9,0,9,0,8,0,0,0,0,1,1,2,1,54,8,1242,1,18,3,1,3
2.02E+12,1,9,0,12,0,7,1,0,0,0,1,1,5,2,26,6,1598,1,8,4,1,4
2.02E+12,1,9,0,7,0,8,1,9,7,0,1,1,6,1,23,5,1124,1,17,10,1,10
2.02E+12,1,9,0,5,0,7,0,0,0,0,1,1,6,2,23,5,1595,1,3,3,1,3
2.02E+12,2,9,0,18,0,1,0,0,0,0,1,1,6,2,43,7,1348,1,15,7,3,7
2.02E+12,1,9,0,18,0,3,0,0,0,0,1,1,5,1,85,11,1199,1,2,3,1,3
2.02E+12,2,9,0,18,0,3,0,0,0,0,1,1,5,1,72,10,1598,1,7,8,2,8
2.02E+12,1,19,0,18,0,8,0,0,0,0,1,1,1,1,22,5,2299,2,2,4,3,4
2.02E+12,2,9,0,4,0,8,0,0,0,0,2,1,6,1,44,7,2179,2,8,8,3,8
2.02E+12,4,9,0,4,0,8,0,0,0,0,2,1,6,1,26,6,2993,2,6,10,2,10
2.02E+12,1,9,0,9,0,1,0,0,0,0,1,1,2,2,31,6,998,1,5,6,1,6
2.02E+12,1,9,0,18,0,1,0,0,0,0,1,1,6,2,51,8,1598,1,10,7,3,7
2.02E+12,3,9,0,8,0,1,0,0,0,0,3,1,6,1,39,7,1781,1,14,6,1,6
2.02E+12,1,9,0,16,0,1,1,0,0,0,1,1,5,1,52,8,2993,2,12,5,2,5
2.02E+12,2,9,0,18,0,2,0,0,0,0,1,1,5,1,75,10,2400,2,3,6,3,6
2.02E+12,1,9,0,18,0,1,0,0,0,0,1,1,6,1,29,6,1560,2,2,5,2,5
2.02E+12,2,9,0,18,0,1,0,0,0,0,2,1,6,1,43,7,1360,1,6,2,1,2
2.02E+12,3,9,0,10,0,5,0,0,0,0,2,1,6,2,24,5,1598,2,4,4,1,4
2.02E+12,1,9,0,5,0,4,0,0,0,0,3,1,6,1,38,7,1995,2,2,3,1,3
2.02E+12,2,9,0,5,0,4,0,0,0,0,4,1,6,1,47,8,1995,2,2,6,2,6
2.02E+12,1,9,0,4,0,1,0,0,0,0,1,1,2,1,34,6,1598,1,15,8,2,8
2.02E+12,1,5,0,14,0,8,0,0,0,0,1,1,6,1,29,6,953,1,13,5,1,5
2.02E+12,3,9,0,4,0,8,0,0,0,0,1,1,6,2,45,7,1999,1,14,3,1,3
2.02E+12,1,19,0,18,0,1,0,0,1,4,1,1,1,1,29,6,2198,2,5,2,1,2
2.02E+12,2,9,0,10,0,1,0,0,0,0,2,1,1,1,45,7,999,1,1,8,2,8
2.02E+12,3,9,0,18,0,1,0,0,0,0,1,1,1,1,50,8,1995,1,2,8,1,8
2.02E+12,1,9,0,9,0,2,0,0,0,0,1,1,6,1,17,4,1229,1,3,6,3,6
2.02E+12,2,19,0,18,0,1,0,0,0,0,1,1,6,1,35,6,1995,2,3,9,1,9
2.02E+12,1,9,0,9,0,8,0,0,0,0,1,1,1,1,52,8,2487,2,17,8,2,8
2.02E+12,2,9,0,18,0,1,0,0,0,0,1,1,6,1,37,7,1598,2,1,6,2,6
2.02E+12,1,9,0,7,0,4,0,0,0,0,1,1,6,1,28,6,1984,1,11,7,3,7
2.02E+12,2,3,0,9,0,3,0,0,0,0,4,1,6,1,21,5,124,1,2,7,2,7
2.02E+12,1,9,0,18,0,8,0,0,0,0,3,1,5,1,75,10,998,1,12,10,1,10
2.02E+12,1,9,0,11,0,5,0,0,0,0,0,1,6,1,44,7,2143,2,3,1,1,1
2.02E+12,2,4,0,18,0,1,2,0,4,6,1,1,2,1,30,6,499,1,18,7,2,7
2.02E+12,1,9,0,9,0,8,0,0,0,0,1,1,6,2,31,6,1149,1,12,9,1,9
2.02E+12,2,9,0,18,0,1,1,0,0,0,1,1,6,1,32,6,1400,1,12,3,1,3
2.02E+12,3,9,0,18,0,1,0,0,0,0,1,1,6,2,46,8,1198,1,3,8,1,8
2.02E+12,1,9,0,4,0,1,0,0,0,0,1,1,5,2,74,10,1240,1,12,6,2,6
2.02E+12,2,9,0,18,0,1,0,0,0,0,1,1,5,1,53,8,1598,1,5,7,2,7
2.02E+12,1,9,0,9,0,8,0,0,0,0,1,1,6,2,25,5,1995,2,3,6,1,6
2.02E+12,2,9,0,17,0,8,0,0,0,0,1,1,6,1,19,4,998,1,9,6,1,6
2.02E+12,1,9,0,5,0,2,0,0,0,0,1,1,2,2,61,9,1596,1,6,10,2,10
2.02E+12,1,9,0,18,0,8,1,0,0,0,1,1,6,1,23,5,1242,1,11,7,1,7
2.02E+12,2,9,0,18,0,8,0,0,0,0,4,1,6,1,44,7,1596,1,10,1,1,1
2.02E+12,1,9,0,9,0,8,0,0,0,0,1,1,6,1,66,10,1197,1,3,9,2,9
2.02E+12,2,9,0,18,0,8,0,0,0,0,1,1,2,1,22,5,1596,1,11,10,2,10
2.02E+12,3,19,0,10,0,8,0,0,0,0,3,1,1,1,35,6,2299,2,2,3,3,3
2.02E+12,1,9,0,17,0,8,1,0,1,9,1,1,6,1,18,4,1242,1,11,4,3,4
2.02E+12,1,9,0,18,0,2,0,0,0,0,4,1,5,1,50,8,898,1,1,3,1,3
2.02E+12,1,9,0,18,0,6,0,0,0,0,4,1,6,2,68,10,1198,1,9,1,1,1
2.02E+12,2,9,0,18,0,3,0,0,0,0,4,1,5,1,75,10,2143,2,3,6,1,6
2.02E+12,2,9,0,18,0,6,0,0,0,0,1,1,5,1,28,6,1499,2,2,2,1,2
2.02E+12,1,9,0,18,0,4,0,0,0,0,4,1,5,2,36,7,1560,2,9,8,2,8
2.02E+12,1,9,0,9,0,6,0,0,0,0,1,1,6,1,56,9,1794,1,15,1,1,1
2.02E+12,1,9,0,5,0,6,0,0,0,0,3,1,6,2,46,8,1199,1,13,6,1,6
2.02E+12,1,9,0,16,0,2,0,0,7,0,1,1,2,1,66,10,2494,2,11,6,2,6
2.02E+12,1,3,0,18,0,1,0,0,0,0,4,1,1,1,36,7,124,1,1,4,1,4
2.02E+12,2,9,0,5,0,8,0,0,0,0,1,1,1,1,59,9,2997,1,19,3,1,3
2.02E+12,1,9,0,3,0,1,0,0,0,0,2,1,5,2,28,6,998,1,2,8,1,8
2.02E+12,1,9,0,18,9,2,1,0,7,0,4,1,5,1,20,4,1364,1,12,5,1,5
2.02E+12,2,8,0,18,0,8,0,0,0,0,1,1,1,1,69,10,1896,2,12,4,1,4
2.02E+12,1,9,0,18,0,1,0,0,0,0,1,1,6,1,30,6,1560,2,7,4,1,4
2.02E+12,2,9,0,18,0,4,0,0,1,0,1,1,6,1,64,9,1364,1,1,3,1,3
2.02E+12,1,9,0,9,0,4,0,0,0,0,1,1,6,2,37,7,1596,1,11,9,2,9
2.02E+12,1,21,0,9,0,1,0,0,0,0,3,1,1,1,64,9,12777,2,10,7,1,7
2.02E+12,2,9,0,17,0,8,0,0,0,0,4,1,6,1,73,10,1598,1,14,7,1,7
2.02E+12,1,9,0,10,0,1,0,0,0,0,2,1,6,2,51,8,1360,1,11,4,1,4
2.02E+12,2,9,0,4,0,8,0,0,0,0,1,1,6,1,25,5,1396,1,14,2,1,2
2.02E+12,1,9,0,11,0,2,0,0,0,0,1,1,2,1,38,7,1590,1,14,9,1,9
2.02E+12,2,9,0,4,0,2,0,0,0,0,2,1,2,1,66,10,1796,1,9,9,2,9
2.02E+12,2,9,0,18,0,1,0,0,0,0,1,1,6,2,18,4,1398,1,1,10,1,10
2.02E+12,1,9,0,9,0,8,0,0,0,0,4,1,6,1,79,11,1794,1,15,6,1,6
2.02E+12,2,5,0,18,0,1,1,0,0,0,1,1,6,1,38,7,599,1,9,1,1,1
2.02E+12,1,9,0,5,0,1,0,0,0,0,1,1,6,1,93,11,1997,1,14,9,1,9
2.02E+12,2,9,0,18,0,1,0,0,0,0,1,1,6,2,64,9,998,1,4,6,1,6
2.02E+12,1,9,0,10,0,1,0,0,0,0,1,1,6,2,70,10,1390,1,7,8,1,8
2.02E+12,2,9,0,18,0,1,0,0,0,0,1,1,3,2,31,6,2143,2,3,6,1,6
2.02E+12,1,9,0,6,0,8,0,0,0,0,3,1,2,1,28,6,1595,1,12,2,1,2
2.02E+12,2,9,0,18,0,8,0,0,0,0,1,1,6,2,44,7,1560,2,2,7,3,7
2.02E+12,1,9,0,4,0,1,0,0,0,0,3,1,5,2,83,11,1248,1,7,6,2,6
2.02E+12,1,9,0,7,0,1,0,0,0,0,3,1,6,2,19,4,1461,2,5,4,1,4
2.02E+12,2,5,0,18,0,1,0,0,0,0,1,1,6,1,23,5,598,1,21,5,1,5
2.02E+12,1,4,0,18,0,8,1,0,0,0,1,1,6,1,22,5,498,1,18,4,1,4
2.02E+12,2,9,0,9,0,6,0,0,0,0,3,1,6,1,26,6,1598,2,6,4,1,4
2.02E+12,1,9,0,13,0,1,0,0,7,0,1,1,5,1,43,7,1399,2,12,9,2,9
2.02E+12,2,19,0,9,0,5,0,0,7,0,1,1,1,2,44,7,1560,2,2,6,3,6
2.02E+12,1,9,0,9,0,8,0,0,0,0,1,1,6,1,31,6,1988,1,15,10,2,10
2.02E+12,2,9,0,18,0,8,0,0,0,0,1,1,6,1,19,4,1242,1,9,5,3,5
2.02E+12,1,9,0,18,0,8,2,0,0,0,3,1,5,1,26,6,4999,1,12,10,1,10
2.02E+12,2,19,0,18,0,8,0,0,0,0,3,1,6,1,32,6,1248,2,2,7,1,7
2.02E+12,2,9,0,18,0,8,0,0,0,0,4,1,6,2,30,6,1299,1,15,2,1,2
2.02E+12,1,9,0,9,0,8,0,0,0,0,1,1,5,1,94,11,1360,1,11,7,3,7
2.02E+12,1,9,0,5,0,4,0,0,0,0,1,1,6,1,79,11,1364,1,8,5,1,5
2.02E+12,2,3,0,7,0,3,0,0,0,0,1,1,2,1,36,7,124,1,4,2,1,2
2.02E+12,1,19,0,7,0,1,0,0,0,0,1,1,1,1,37,7,2143,2,4,4,1,4
2.02E+12,1,9,0,5,0,2,0,0,0,0,1,1,1,2,22,5,1360,1,12,3,1,3
2.02E+12,2,19,0,18,0,1,0,0,0,0,1,1,1,1,50,8,1995,2,1,9,1,9
2.02E+12,1,9,0,7,0,8,0,0,0,0,4,1,6,2,58,9,1999,1,7,4,1,4
2.02E+12,2,2,0,15,0,8,0,0,0,0,3,1,4,2,17,4,50,1,11,4,3,4
2.02E+12,1,9,0,5,0,1,0,0,0,0,1,1,1,2,23,5,1388,1,14,8,2,8
2.02E+12,1,9,0,9,0,1,0,0,0,0,3,1,6,2,45,7,1596,1,10,5,1,5
2.02E+12,2,9,0,18,0,1,0,0,0,0,4,1,6,2,39,7,1598,1,13,9,1,9
2.02E+12,1,9,0,18,0,1,0,0,0,0,1,1,6,1,21,5,1299,1,15,1,1,1
2.02E+12,2,9,0,4,0,1,0,0,0,0,2,1,6,2,37,7,1685,2,3,8,1,8
2.02E+12,1,9,0,4,0,1,0,0,0,0,4,1,5,1,37,7,1598,1,10,4,1,4
2.02E+12,1,9,0,9,0,8,0,0,3,0,1,1,6,1,89,11,2497,1,11,6,3,6
2.02E+12,1,9,0,17,0,8,0,0,0,0,1,1,5,1,24,5,1587,1,16,7,1,7
2.02E+12,2,9,0,16,0,8,0,0,0,0,1,1,5,1,67,10,1360,1,16,8,1,8
2.02E+12,1,9,0,5,0,4,0,0,0,0,1,1,6,2,61,9,1248,1,3,7,3,7
2.02E+12,2,9,0,7,0,3,0,0,0,0,4,1,6,2,63,9,1198,1,5,1,1,1
2.02E+12,1,9,0,5,8,1,0,0,0,0,1,1,6,1,72,10,1798,1,9,7,1,7
2.02E+12,1,9,0,4,0,1,0,0,0,0,1,1,5,1,61,9,1329,1,7,5,1,5
2.02E+12,1,9,0,11,0,3,0,0,0,0,4,1,6,2,49,8,1997,2,5,9,1,9
2.02E+12,2,5,0,18,0,3,0,0,0,0,3,1,6,1,57,9,953,1,13,6,1,6
2.02E+12,2,9,0,18,0,8,1,0,0,0,3,1,2,2,53,8,1229,1,5,4,1,4
2.02E+12,1,9,0,1,0,8,0,0,0,0,2,1,6,1,89,11,1339,1,7,6,2,6
2.02E+12,1,19,0,18,0,8,0,0,0,0,1,1,1,1,33,6,1560,2,2,4,1,4
2.02E+12,2,9,0,9,0,8,0,0,0,0,4,1,5,2,24,5,1299,1,15,4,2,4
2.02E+12,3,9,0,8,0,1,0,0,0,0,3,1,5,2,43,7,1560,2,7,6,1,6
2.02E+12,1,21,1,4,0,1,0,0,0,0,1,1,1,1,27,6,12777,2,4,2,1,2
2.02E+12,2,9,0,3,0,1,0,0,0,0,2,1,2,2,35,6,1995,2,1,7,1,7
2.02E+12,1,9,0,18,0,1,0,0,1,0,1,1,6,1,64,9,1461,2,6,3,1,3
2.02E+12,1,9,0,4,0,1,0,0,0,0,1,1,5,2,48,8,1242,1,1,10,1,10
2.02E+12,2,9,0,3,0,1,0,0,0,0,2,1,5,1,28,6,999,1,1,3,1,3
2.02E+12,3,9,0,3,0,1,0,0,0,0,2,1,6,2,29,6,1242,1,2,6,1,6
2.02E+12,1,9,0,3,0,2,0,0,0,0,1,1,6,1,67,10,1560,2,3,10,1,10
2.02E+12,2,9,0,3,0,2,0,0,0,0,2,1,6,2,52,8,1598,1,13,10,1,10
2.02E+12,1,19,0,9,0,5,0,0,0,0,0,1,1,1,52,8,2143,2,2,4,1,4
2.02E+12,2,9,0,17,0,1,0,0,0,0,1,1,3,1,43,7,1896,2,10,5,1,5
2.02E+12,3,9,0,4,0,1,0,0,0,0,2,1,5,2,55,8,1364,1,3,7,3,7
2.02E+12,1,9,0,9,0,5,0,0,0,0,1,1,2,1,44,7,2494,1,13,6,1,6
2.02E+12,2,9,0,18,0,8,0,0,0,0,1,1,2,2,48,8,1388,1,9,2,1,2
2.02E+12,1,9,0,18,0,8,0,0,0,0,3,1,6,2,39,7,2980,2,21,3,1,3
2.02E+12,2,9,0,9,0,8,0,0,0,0,1,1,6,2,55,8,1596,1,12,9,1,9
2.02E+12,1,9,0,18,0,1,0,0,0,0,1,1,5,2,24,5,1242,1,13,2,1,2
2.02E+12,2,2,0,18,0,3,0,0,0,0,1,1,1,1,39,7,49,1,6,3,1,3
2.02E+12,2,9,0,3,0,2,0,0,0,0,2,1,6,2,27,6,1388,1,14,7,1,7
2.02E+12,1,9,0,3,0,1,0,0,0,0,3,1,6,2,29,6,1560,2,4,1,1,1
2.02E+12,2,9,0,18,0,2,2,0,1,0,3,1,1,1,27,6,1461,2,3,4,1,4
2.02E+12,1,5,0,15,0,1,5,0,0,0,1,1,1,1,38,7,998,1,6,5,1,5
2.02E+12,2,19,0,9,0,2,0,0,0,0,3,1,1,2,25,5,1560,2,3,5,1,5
2.02E+12,1,9,0,7,0,7,2,0,1,0,1,1,6,1,32,6,1599,1,14,6,1,6
2.02E+12,2,9,0,18,0,1,0,0,0,0,1,1,6,1,58,9,1390,1,8,9,1,9
2.02E+12,1,9,0,3,0,1,0,0,0,0,2,1,3,1,49,8,1596,1,15,2,1,2
2.02E+12,1,2,0,5,0,4,0,0,0,0,1,1,6,2,16,4,49,1,2,5,1,5
2.02E+12,2,11,0,18,0,1,0,0,0,0,1,1,1,1,40,7,7300,2,12,9,3,9
2.02E+12,1,9,0,4,0,1,0,0,0,0,1,1,6,1,58,9,1685,2,2,6,1,6
2.02E+12,1,9,0,4,0,1,0,0,0,0,1,1,5,2,85,11,1388,1,14,5,2,5
2.02E+12,2,9,0,3,0,1,0,0,0,0,2,1,5,1,70,10,1798,1,12,7,1,7
2.02E+12,1,20,0,18,0,8,0,0,0,0,1,1,6,1,52,8,4250,2,6,6,3,6
2.02E+12,2,9,0,4,0,8,0,0,0,0,2,1,1,2,33,6,1400,1,10,8,1,8
2.02E+12,1,9,0,9,0,6,0,0,0,0,3,1,3,2,40,7,1364,1,8,5,1,5
2.02E+12,2,9,0,18,0,1,0,0,0,0,1,1,3,2,42,7,1499,2,2,6,2,6
2.02E+12,1,9,0,7,0,7,0,0,1,0,1,1,5,2,19,4,998,1,7,4,1,4
2.02E+12,1,5,0,18,0,7,1,0,0,0,4,1,2,1,31,6,998,1,1,4,1,4
2.02E+12,1,9,0,18,0,4,0,0,0,0,3,1,5,2,48,8,1242,1,1,4,1,4
2.02E+12,2,9,0,11,0,3,2,0,0,0,4,1,5,2,21,5,1299,1,16,7,1,7
2.02E+12,1,9,0,9,0,8,0,0,0,0,1,1,5,1,82,11,1994,2,12,9,1,9
2.02E+12,1,8,0,5,0,1,0,0,0,0,1,1,1,1,75,10,2993,2,12,8,2,8
2.02E+12,1,9,0,7,0,6,0,0,0,0,1,1,2,1,41,7,2597,1,14,8,1,8
2.02E+12,1,9,0,18,0,1,0,0,0,0,1,1,5,2,56,9,1395,1,3,6,1,6
2.02E+12,1,9,0,12,0,2,0,0,0,0,3,1,1,1,51,8,1968,2,2,8,3,8
2.02E+12,1,3,0,18,0,3,0,0,0,0,1,1,6,1,18,4,125,1,10,5,1,5
2.02E+12,2,9,0,18,0,3,0,0,0,0,3,1,6,1,47,8,2987,2,5,7,3,7
2.02E+12,1,9,0,9,0,4,5,9,5,0,3,1,5,1,38,7,1997,2,18,4,1,4
2.02E+12,1,5,0,16,0,2,5,4,0,0,1,1,5,1,20,4,645,1,6,2,1,2
2.02E+12,2,9,0,3,0,2,0,0,0,0,3,1,5,1,74,10,2993,2,8,7,2,7
2.02E+12,3,9,0,18,0,2,0,0,0,0,1,1,5,1,62,9,1998,1,12,5,3,5
2.02E+12,1,9,0,18,0,2,0,0,0,0,4,1,5,2,34,6,1968,2,4,4,1,4
2.02E+12,1,3,0,18,0,3,0,0,0,0,1,1,5,1,19,4,125,1,8,2,1,2
2.02E+12,2,9,0,3,0,1,0,0,0,0,1,1,5,1,60,9,1991,2,12,3,1,3
2.02E+12,3,9,0,3,0,1,0,0,0,0,0,1,1,1,39,7,1560,2,3,8,1,8
2.02E+12,1,9,0,18,0,2,0,0,0,0,1,1,4,1,18,4,998,1,12,2,1,2
2.02E+12,2,5,0,3,0,2,0,0,0,0,2,1,5,1,42,7,583,1,20,2,1,2
2.02E+12,1,9,0,18,0,3,1,0,0,0,4,1,5,1,55,8,1896,2,12,1,1,1
2.02E+12,1,2,0,13,0,2,0,0,0,0,1,1,2,1,16,4,50,1,13,1,1,1
2.02E+12,2,9,0,10,0,1,0,0,0,0,1,1,3,2,40,7,1461,2,3,3,1,3
2.02E+12,1,9,0,18,0,1,0,0,1,0,4,1,5,1,72,10,2143,2,3,10,1,10
2.02E+12,2,9,0,18,0,1,5,0,1,0,3,1,5,2,32,6,1242,1,8,8,1,8
2.02E+12,1,9,0,5,0,4,0,0,0,0,4,1,6,2,68,10,1598,1,16,9,1,9
2.02E+12,1,19,0,4,0,1,0,0,0,0,1,1,5,1,52,8,2500,2,10,5,1,5
2.02E+12,2,9,0,3,0,1,0,0,0,0,2,1,5,1,32,6,2143,2,3,6,1,6
2.02E+12,1,9,0,1,7,5,0,0,1,0,2,1,6,2,71,10,1364,1,10,6,3,6
2.02E+12,1,9,0,18,0,4,1,0,1,0,3,1,5,1,22,5,3969,1,23,7,3,7
2.02E+12,1,3,0,18,0,2,1,0,7,0,1,1,4,2,19,4,123,1,2,4,1,4
2.02E+12,3,9,0,18,0,1,0,0,0,0,0,1,1,1,34,6,2993,2,4,6,1,6
2.02E+12,1,9,0,5,0,4,0,0,0,0,1,1,6,2,54,8,1242,1,1,6,1,6
2.02E+12,2,5,0,18,0,8,0,0,0,0,2,1,1,1,36,7,1250,1,8,5,1,5
2.02E+12,1,9,0,5,0,1,0,0,0,0,1,1,2,2,30,6,1969,2,2,7,1,7
2.02E+12,2,9,0,9,0,1,0,0,0,0,3,1,5,2,41,7,1997,2,11,5,2,5
2.02E+12,1,9,0,9,0,8,0,0,0,0,1,1,5,2,78,11,998,1,6,7,1,7
2.02E+12,2,9,0,18,0,8,0,0,0,0,1,1,5,1,18,4,1229,1,12,3,1,3
2.02E+12,2,9,0,4,0,1,0,0,0,0,2,1,5,1,60,9,1753,2,8,8,1,8
2.02E+12,1,9,0,5,0,8,0,0,0,0,3,1,6,1,18,4,1229,1,10,6,1,6
2.02E+12,2,9,0,18,0,8,1,0,7,2,1,1,6,1,33,6,1796,1,14,2,1,2
2.02E+12,1,9,0,18,0,8,0,0,0,0,0,1,2,2,48,8,1598,1,14,10,3,10
2.02E+12,1,19,0,18,0,1,0,0,0,0,1,1,5,1,65,9,2402,2,12,3,1,3
2.02E+12,2,21,1,4,0,1,0,0,0,0,2,1,1,1,33,6,12740,2,4,5,1,5
2.02E+12,1,9,0,7,0,8,0,0,0,0,1,1,2,2,18,4,1242,1,2,1,1,1
2.02E+12,1,9,0,18,0,1,1,4,0,0,1,1,6,1,79,11,1229,1,9,10,1,10
2.02E+12,2,9,0,3,0,1,0,0,0,0,2,1,6,2,37,7,1997,2,9,6,1,6
2.02E+12,3,9,4,3,0,1,0,0,0,0,2,1,6,2,47,8,1896,2,17,7,3,7
2.02E+12,1,9,0,5,0,4,0,0,0,0,1,1,2,1,27,6,1796,1,7,5,1,5
2.02E+12,2,9,0,5,0,4,0,0,0,0,2,1,5,1,75,10,2997,1,17,2,1,2
2.02E+12,1,9,0,18,0,8,0,0,1,0,1,1,6,2,29,6,1998,1,12,1,1,1
2.02E+12,1,9,0,14,0,8,0,0,0,0,1,1,6,1,72,10,1461,2,7,5,1,5
2.02E+12,1,9,0,9,0,4,0,0,0,0,3,1,5,1,65,9,1399,2,9,6,3,6
2.02E+12,1,9,0,18,0,8,0,0,0,0,4,1,6,2,29,6,1796,1,14,1,1,1