Accident_Index,Vehicle_Reference,Vehicle_Type,Towing_and_Articulation,Vehicle_Manoeuvre,Vehicle_Location-Restricted_Lane,Junction_Location,Skidding_and_Overturning,Hit_Object_in_Carriageway,Vehicle_Leaving_Carriageway,Hit_Object_off_Carriageway,1st_Point_of_Impact,Was_Vehicle_Left_Hand_Drive?,Journey_Purpose_of_Driver,Sex_of_Driver,Age_of_Driver,Age_Band_of_Driver,Engine_Capacity_(CC),Propulsion_Code,Age_of_Vehicle,Driver_IMD_Decile,Driver_Home_Area_Type,Vehicle_IMD_Decile
2.02E+12,1,19,0,18,0,2,0,0,0,0,1,1,1,1,41,7,2143,2,3,2,1,2
2.02E+12,2,9,0,18,0,1,0,0,0,0,3,1,5,1,45,7,1598,1,13,2,1,2
2.02E+12,2,9,0,18,0,4,0,0,0,0,1,1,5,1,30,6,1364,1,7,3,1,3
2.02E+12,1,9,0,17,0,2,0,0,0,0,3,1,5,2,45,7,1796,2,5,8,2,8
2.02E+12,2,9,0,16,0,1,0,0,0,0,1,1,1,1,30,6,1997,2,9,1,1,1
2.02E+12,1,3,0,16,0,2,0,0,0,0,1,1,5,1,25,5,125,1,4,2,1,2
2.02E+12,2,9,0,17,0,2,0,0,0,0,1,1,5,1,54,8,2400,2,8,9,1,9
2.02E+12,1,9,0,18,0,8,5,0,2,2,1,1,5,1,70,10,1596,1,11,7,3,7
2.02E+12,1,9,0,18,0,1,0,0,0,0,1,1,5,2,20,4,1598,1,10,2,1,2
2.02E+12,2,9,0,4,0,1,0,0,0,0,2,1,5,1,35,6,1495,1,9,4,1,4
2.02E+12,3,9,0,10,0,1,0,0,0,0,2,1,5,2,26,6,1499,2,1,7,1,7
2.02E+12,1,9,0,18,0,1,1,0,0,0,1,1,2,1,33,6,1991,1,1,10,1,10
2.02E+12,2,9,0,18,0,2,1,0,0,0,1,1,5,2,45,7,1598,1,12,4,1,4
2.02E+12,1,9,0,18,0,1,5,0,1,4,4,1,5,1,22,5,1360,1,13,5,1,5
2.02E+12,1,9,0,5,0,4,0,0,0,0,3,1,2,1,57,9,2967,1,16,4,1,4
2.02E+12,2,9,0,2,0,1,0,0,0,0,3,1,5,2,29,6,1360,1,11,2,1,2
2.02E+12,1,9,0,4,0,1,0,0,0,0,1,1,6,2,31,6,2993,2,4,9,1,9
2.02E+12,2,9,0,2,0,1,0,0,0,0,2,1,5,2,83,11,1198,1,4,10,1,10
2.02E+12,1,9,0,9,0,8,0,0,0,0,1,1,5,2,44,7,1995,2,5,10,3,10
2.02E+12,2,9,0,18,0,1,0,0,0,0,3,1,5,1,30,6,1781,1,13,5,1,5
2.02E+12,1,9,0,10,0,4,0,0,2,0,4,1,6,1,82,11,1390,1,4,5,2,5
2.02E+12,2,9,0,10,0,4,0,0,0,0,3,1,5,2,48,8,1364,1,12,2,1,2
2.02E+12,1,9,0,18,0,8,0,0,0,0,1,1,5,2,26,6,998,1,2,3,3,3
2.02E+12,2,9,0,7,0,8,0,0,0,0,2,1,5,1,55,8,1999,1,6,6,3,6
2.02E+12,3,19,0,8,0,1,0,0,0,0,1,1,5,1,56,9,1560,2,3,6,3,6
2.02E+12,2,9,0,18,0,3,0,0,1,0,2,1,5,2,46,8,1591,1,4,4,1,4
2.02E+12,1,9,0,17,0,8,0,0,0,0,1,1,2,2,50,8,796,1,10,1,1,1
2.02E+12,2,5,0,7,0,3,1,0,1,0,4,1,5,1,25,5,1188,1,27,1,1,1
2.02E+12,1,9,0,9,0,6,0,0,0,0,1,1,6,2,21,5,999,1,1,9,2,9
2.02E+12,2,9,0,18,0,8,0,0,0,0,1,1,6,2,17,4,987,1,25,10,2,10
2.02E+12,1,9,0,5,0,6,0,0,0,0,1,1,5,2,64,9,998,1,1,2,1,2
2.02E+12,1,9,0,9,0,6,0,0,0,0,1,1,6,2,18,4,998,1,9,4,1,4
2.02E+12,1,9,0,3,0,1,0,0,0,0,2,1,2,1,37,7,3226,2,17,2,1,2
2.02E+12,2,9,0,4,0,1,0,0,0,0,2,1,6,2,21,5,1896,2,13,10,1,10
2.02E+12,2,9,0,5,0,4,0,0,0,0,1,1,6,2,22,5,998,1,8,8,1,8
2.02E+12,1,11,0,18,0,4,0,0,0,0,1,1,1,2,54,8,12000,2,13,3,1,3
2.02E+12,2,9,0,3,0,4,0,0,0,0,2,1,5,2,60,9,998,1,7,7,3,7
2.02E+12,1,9,0,18,0,1,0,0,0,0,1,1,5,2,20,4,1599,1,13,10,1,10
2.02E+12,2,9,0,18,0,1,0,0,0,0,1,1,5,1,75,10,1997,1,12,3,1,3
2.02E+12,1,9,0,5,0,6,0,0,7,0,3,1,6,2,28,6,1995,2,5,5,1,5
2.02E+12,2,9,0,18,0,8,0,0,7,0,1,1,6,1,32,6,2521,1,11,7,2,7
2.02E+12,1,2,0,18,0,2,1,0,0,0,3,1,6,1,16,4,49,1,5,5,1,5
2.02E+12,1,9,0,18,0,8,0,0,0,0,1,1,6,3,67,10,1910,2,11,4,2,4
2.02E+12,2,9,0,18,0,8,0,0,0,0,3,1,5,1,26,6,1796,1,18,4,1,4
2.02E+12,1,19,0,9,0,6,0,0,0,0,1,1,2,1,29,6,1910,2,9,7,2,7
2.02E+12,2,9,0,16,0,8,5,0,0,0,1,1,6,2,63,9,999,1,2,6,3,6
2.02E+12,1,9,0,7,0,3,2,0,4,1,3,1,5,1,20,4,1149,1,12,3,1,3
2.02E+12,2,9,0,18,0,8,0,0,0,0,1,1,5,1,23,5,1596,1,8,5,1,5
2.02E+12,1,9,0,9,0,6,0,0,0,0,1,1,5,2,65,9,1240,1,11,5,1,5
2.02E+12,2,19,0,18,0,8,0,0,0,0,4,1,1,1,46,8,2298,2,3,8,1,8
2.02E+12,2,9,0,3,0,6,0,0,0,0,2,1,6,2,53,8,1388,1,9,6,1,6
2.02E+12,1,9,0,5,0,6,0,0,0,0,1,1,5,1,37,7,2204,2,9,6,1,6
2.02E+12,2,19,0,18,0,1,5,0,0,0,1,1,1,1,22,5,1997,2,11,8,1,8
2.02E+12,1,9,0,5,0,6,0,0,0,0,4,1,5,2,38,7,2143,2,1,5,3,5
2.02E+12,2,9,0,18,0,1,0,0,0,0,1,1,5,2,34,6,1598,1,10,7,2,7
2.02E+12,1,9,0,18,0,3,0,0,0,0,4,1,6,1,18,4,1389,1,14,4,1,4
2.02E+12,1,9,0,18,0,6,0,0,2,11,4,1,2,1,33,6,1598,2,6,5,1,5
2.02E+12,2,9,0,18,0,1,0,0,0,0,1,1,2,2,40,7,1968,2,9,7,1,7
2.02E+12,1,9,0,18,0,1,0,0,0,0,3,1,5,1,70,10,1364,1,1,4,1,4
2.02E+12,2,9,0,3,0,1,0,0,0,0,2,1,6,2,24,5,1124,1,10,5,3,5
2.02E+12,1,9,0,9,0,2,0,0,0,0,3,1,5,1,19,4,2480,1,3,9,1,9
2.02E+12,1,9,0,9,0,1,0,0,0,0,3,1,2,1,28,6,1229,1,8,4,1,4
2.02E+12,2,9,0,18,0,8,0,0,1,11,3,1,2,1,25,5,995,1,10,4,2,4
2.02E+12,1,9,0,5,0,6,0,0,0,0,3,1,2,2,28,6,998,1,7,8,1,8
2.02E+12,2,4,0,18,0,1,2,0,0,0,1,1,2,1,53,8,471,1,2,3,1,3
2.02E+12,1,5,0,13,0,1,1,0,0,0,1,1,5,1,64,9,805,1,12,3,3,3
2.02E+12,1,9,0,17,0,2,1,0,1,0,1,1,2,1,29,6,1360,1,14,2,1,2
2.02E+12,2,21,0,5,0,6,0,0,0,0,0,1,1,1,49,8,12580,2,12,5,2,5
2.02E+12,1,9,0,13,0,1,0,0,0,0,1,1,5,2,29,6,1390,1,3,6,3,6
2.02E+12,1,9,0,9,0,6,0,0,0,0,4,1,5,1,34,6,1968,2,1,4,1,4
2.02E+12,1,9,0,18,0,1,0,0,0,0,1,1,6,1,22,5,998,1,4,2,1,2
2.02E+12,1,9,0,9,0,6,0,0,0,0,3,1,5,1,58,9,1598,2,2,8,1,8
2.02E+12,2,9,0,18,0,1,0,0,0,0,1,1,5,2,73,10,1598,1,10,7,2,7
2.02E+12,1,9,0,5,0,8,0,0,0,0,1,1,5,1,61,9,998,1,2,8,1,8
2.02E+12,2,19,0,18,0,1,0,0,0,0,1,1,1,1,71,10,2402,2,13,6,3,6
2.02E+12,1,9,0,5,0,1,0,0,0,0,1,1,2,2,28,6,2143,2,5,6,1,6
2.02E+12,2,9,0,3,0,1,0,0,0,0,2,1,3,2,58,9,1586,1,11,1,1,1
2.02E+12,1,9,0,3,0,1,0,0,0,0,1,1,5,1,50,8,2170,2,12,7,3,7
2.02E+12,1,9,0,18,0,4,5,0,3,4,3,1,5,2,36,7,1598,1,11,6,1,6
2.02E+12,1,9,0,4,0,1,0,0,0,0,1,1,6,1,33,6,2993,2,1,10,2,10
2.02E+12,2,9,0,4,0,1,0,0,0,0,2,1,5,2,36,7,1988,1,13,5,1,5
2.02E+12,1,19,0,17,0,2,1,0,0,0,1,1,1,1,28,6,2198,2,2,3,1,3
2.02E+12,2,9,0,16,0,1,0,0,0,0,1,1,5,2,50,8,1560,2,6,7,3,7
2.02E+12,1,9,0,9,0,5,0,10,0,0,1,1,6,2,22,5,1242,1,3,9,1,9
2.02E+12,3,9,0,12,0,7,0,0,0,0,2,1,2,1,18,4,1598,1,12,10,1,10
2.02E+12,4,9,0,18,0,1,1,0,0,0,1,1,5,2,61,9,1999,1,10,6,1,6
2.02E+12,1,19,0,18,0,1,0,0,0,0,1,1,2,1,22,5,1896,2,8,2,1,2
2.02E+12,2,9,0,18,0,1,0,0,1,0,1,1,5,2,57,9,1242,1,16,9,1,9
2.02E+12,1,9,0,5,0,8,0,0,0,0,1,1,6,2,52,8,1686,2,5,5,1,5
2.02E+12,1,9,0,9,0,8,0,0,0,0,1,1,5,1,33,6,1769,1,13,7,1,7
2.02E+12,2,9,0,18,0,1,0,0,0,0,1,1,5,2,29,6,1968,2,11,5,2,5
2.02E+12,1,9,0,18,0,4,0,0,0,0,1,1,5,1,88,11,1798,1,15,7,1,7
2.02E+12,2,9,0,5,0,8,0,0,0,0,4,1,6,1,56,9,2496,2,13,6,1,6
2.02E+12,2,4,0,5,0,4,5,11,0,0,2,1,6,1,50,8,498,1,13,4,1,4
2.02E+12,2,19,0,10,0,1,0,0,0,0,3,1,1,1,28,6,2198,2,3,8,3,8
2.02E+12,1,9,0,18,0,8,0,0,1,1,1,1,6,2,25,5,1390,1,5,7,1,7
2.02E+12,1,9,0,9,0,5,0,0,0,0,4,1,5,2,45,7,1999,2,2,5,2,5
2.02E+12,1,9,0,9,0,8,0,0,0,0,3,1,5,2,46,8,1560,2,4,9,2,9
2.02E+12,2,3,0,18,0,8,0,0,0,0,1,1,5,1,26,6,124,1,1,4,1,4
2.02E+12,1,19,0,10,0,1,0,0,0,0,3,1,5,2,53,8,1296,1,16,8,1,8
2.02E+12,1,8,0,12,0,2,0,0,4,0,1,1,1,1,35,6,1796,1,3,5,1,5
2.02E+12,1,9,0,18,0,4,0,0,0,0,1,1,6,2,47,8,1149,1,7,7,1,7
2.02E+12,2,9,0,3,0,4,0,0,0,0,2,1,6,1,62,9,1598,1,9,1,1,1
2.02E+12,1,19,0,4,0,2,0,0,0,0,1,1,6,1,35,6,2198,2,2,1,1,1
2.02E+12,3,19,0,4,0,2,0,0,0,0,2,1,6,1,33,6,2198,2,1,2,1,2
2.02E+12,5,9,0,3,0,2,0,0,0,0,2,1,5,2,30,6,1598,1,7,6,1,6
2.02E+12,1,9,0,9,0,8,1,0,0,0,1,1,6,1,35,6,2198,2,12,5,1,5
2.02E+12,1,9,0,5,0,1,0,0,0,0,1,1,5,2,19,4,1248,2,8,4,1,4
2.02E+12,2,9,0,4,0,1,0,0,1,0,2,1,2,2,31,6,1242,1,3,4,1,4
2.02E+12,1,9,0,17,0,1,0,0,0,0,1,1,2,1,41,7,1870,2,12,3,1,3
2.02E+12,2,9,0,18,0,1,0,0,1,0,1,1,2,1,48,8,2000,2,11,5,1,5
2.02E+12,1,19,0,18,0,4,0,0,1,10,1,1,1,1,46,8,1997,2,1,3,1,3
2.02E+12,2,9,0,18,0,8,0,0,0,0,4,1,5,1,58,9,1396,1,1,5,1,5
2.02E+12,2,9,0,18,0,8,1,10,0,0,1,1,6,1,35,6,1461,2,7,4,1,4
2.02E+12,1,9,0,13,0,1,0,0,0,0,4,1,2,2,33,6,1896,2,7,5,1,5
2.02E+12,2,9,0,9,0,1,0,0,0,0,1,1,2,2,35,6,1388,1,12,6,1,6
2.02E+12,1,9,0,18,0,1,0,0,0,0,1,1,6,1,36,7,1299,1,15,1,1,1
2.02E+12,2,9,0,3,0,1,0,0,0,0,2,1,2,1,42,7,1995,2,8,7,1,7
2.02E+12,1,3,0,18,0,3,0,0,0,0,1,1,6,1,20,4,124,1,3,9,1,9
2.02E+12,2,9,0,3,0,3,0,0,0,0,2,1,5,2,78,11,1596,1,5,5,1,5
2.02E+12,2,9,0,3,0,4,0,0,0,0,2,1,5,1,78,11,1242,1,2,8,1,8
2.02E+12,1,9,0,9,0,1,0,0,0,0,1,1,5,1,38,7,1596,1,17,2,1,2
2.02E+12,2,3,0,18,0,1,0,0,0,0,1,1,6,1,40,7,124,1,13,2,1,2
2.02E+12,1,9,0,18,7,5,5,10,3,2,1,1,2,1,39,7,3200,1,10,9,1,9
2.02E+12,1,9,0,18,0,1,0,0,0,0,1,1,5,1,72,10,1997,2,4,6,2,6
2.02E+12,1,9,0,5,0,4,0,0,0,0,1,1,2,2,67,10,1332,1,9,9,1,9
2.02E+12,2,9,0,18,0,8,0,0,0,0,3,1,6,2,44,7,1498,1,10,8,1,8
2.02E+12,1,9,0,18,0,1,5,4,0,0,4,1,6,1,19,4,1229,1,9,3,1,3
2.02E+12,1,9,0,7,0,6,0,0,0,0,1,1,5,1,25,5,1368,1,8,2,1,2
2.02E+12,2,9,0,18,0,1,0,0,0,0,1,1,5,2,58,9,1560,2,7,3,1,3
2.02E+12,1,9,0,9,0,6,0,0,0,0,1,1,3,2,39,7,1590,1,13,1,1,1
2.02E+12,2,9,0,18,0,8,0,0,1,10,4,1,5,1,55,8,1386,1,10,9,1,9
2.02E+12,1,9,0,7,0,6,0,0,0,0,3,1,6,1,26,6,1995,2,12,7,1,7
2.02E+12,2,9,0,18,0,8,0,0,7,3,1,1,6,1,24,5,2495,2,15,9,1,9
2.02E+12,3,9,0,18,0,1,0,0,0,0,1,1,6,2,50,8,1199,1,17,5,1,5
2.02E+12,2,9,0,18,0,8,1,0,7,0,3,1,2,2,35,6,1299,1,16,5,2,5
2.02E+12,3,9,0,18,0,8,0,0,0,0,3,1,2,1,36,7,1896,2,12,3,1,3
2.02E+12,1,9,0,5,0,4,0,0,0,0,1,1,5,1,58,9,1910,2,11,9,1,9
2.02E+12,2,5,0,18,0,3,0,0,0,0,2,1,5,1,58,9,790,1,15,8,2,8
2.02E+12,1,9,0,3,0,1,0,0,0,0,1,1,6,1,17,4,1595,1,11,3,1,3
2.02E+12,3,9,0,4,0,1,0,0,0,0,3,1,1,1,50,8,1968,2,4,6,1,6
2.02E+12,4,9,0,4,0,1,0,0,0,0,0,1,1,1,35,6,2993,2,2,9,3,9
2.02E+12,1,9,0,5,0,3,2,0,7,0,1,1,5,1,64,9,2995,1,3,4,1,4
2.02E+12,2,9,0,5,0,3,0,0,0,0,1,1,5,1,48,8,1598,1,10,6,1,6
2.02E+12,2,3,0,7,0,8,0,0,0,0,2,1,5,1,21,5,124,1,5,4,1,4
2.02E+12,1,9,0,12,0,7,0,0,0,0,2,1,2,1,19,4,1499,1,1,7,1,7
2.02E+12,1,9,0,18,0,1,0,0,0,0,4,1,2,1,64,9,1997,2,4,4,1,4
2.02E+12,2,9,0,18,0,1,0,0,7,0,3,1,2,2,23,5,1197,1,2,10,1,10
2.02E+12,1,9,0,18,0,3,0,0,0,0,1,1,6,1,20,4,1390,1,11,7,1,7
2.02E+12,2,9,0,18,0,3,0,0,0,0,3,1,1,2,23,5,1560,2,8,3,1,3
2.02E+12,1,11,0,9,0,6,0,0,0,0,1,1,1,1,23,5,3900,2,12,5,1,5
2.02E+12,1,9,0,18,0,4,5,10,3,0,1,1,5,1,41,7,1998,1,15,3,1,3
2.02E+12,1,5,0,14,0,1,0,0,0,0,1,1,2,1,34,6,599,1,15,10,1,10
2.02E+12,2,9,0,10,0,1,0,0,0,0,3,1,2,2,54,8,1587,1,13,5,1,5
2.02E+12,1,5,0,3,0,1,1,0,0,0,1,1,6,1,20,4,600,1,14,5,1,5
2.02E+12,2,9,0,3,0,1,0,0,0,0,2,1,1,1,29,6,1995,2,1,10,1,10
2.02E+12,2,9,0,18,0,1,0,0,1,7,1,1,2,1,22,5,1399,2,7,1,1,1
2.02E+12,1,19,0,9,0,1,0,0,0,0,0,1,6,1,33,6,1995,2,8,9,2,9
2.02E+12,1,9,0,5,0,1,0,0,0,0,4,1,2,2,36,7,1796,1,14,4,1,4
2.02E+12,2,9,0,18,0,1,0,0,0,0,1,1,5,1,49,8,1242,1,11,2,1,2
2.02E+12,2,9,0,7,0,2,0,0,1,0,3,1,6,1,67,10,1956,2,1,2,1,2
2.02E+12,1,9,0,18,0,1,0,0,0,0,4,1,2,2,19,4,998,1,10,3,1,3
2.02E+12,1,9,0,5,0,6,0,0,0,0,1,1,6,2,27,6,1796,1,16,3,1,3
2.02E+12,2,9,0,18,0,8,0,0,0,0,1,1,6,2,69,10,1968,2,11,2,1,2
2.02E+12,1,11,0,4,0,2,0,0,0,0,1,1,1,1,62,9,4461,2,4,4,1,4
2.02E+12,2,9,0,18,0,8,0,11,0,0,1,1,6,1,43,7,1591,1,3,8,1,8
2.02E+12,2,9,0,18,0,8,0,0,0,0,3,1,5,2,37,7,1798,1,8,6,3,6
2.02E+12,2,3,0,18,0,1,2,0,0,0,1,1,5,1,23,5,125,1,2,5,3,5
2.02E+12,1,8,0,18,0,1,1,0,0,0,1,1,1,1,45,7,1968,2,5,9,1,9
2.02E+12,2,9,0,18,0,1,0,0,0,0,1,1,6,1,41,7,2720,2,9,5,1,5
2.02E+12,3,9,0,10,0,8,0,0,0,0,0,1,6,1,51,8,2926,2,15,4,1,4
2.02E+12,1,9,0,5,0,6,0,0,0,0,3,1,6,2,19,4,1229,1,5,8,1,8
2.02E+12,2,9,0,18,0,1,0,0,0,0,1,1,6,1,68,10,1461,2,1,4,1,4
2.02E+12,1,9,0,18,0,8,0,0,0,0,1,1,2,1,31,6,1596,1,3,1,1,1
2.02E+12,1,9,0,18,0,4,0,0,0,0,1,1,5,1,25,5,1995,1,14,2,1,2
2.02E+12,2,9,0,9,0,4,0,0,0,0,3,1,5,2,73,10,1560,2,2,4,3,4
2.02E+12,1,9,0,3,0,1,0,0,0,0,1,1,3,2,32,6,1968,2,9,6,3,6
2.02E+12,2,9,0,3,0,1,0,0,0,0,2,1,6,2,28,6,1596,1,11,5,2,5
2.02E+12,2,9,0,18,0,1,0,0,0,0,4,1,6,2,46,8,1685,2,1,3,1,3
2.02E+12,1,9,0,7,0,5,0,0,0,0,4,1,5,1,54,8,1598,2,3,9,1,9
2.02E+12,1,9,0,9,0,1,0,0,0,0,1,1,6,1,41,7,1753,2,10,3,1,3
2.02E+12,1,9,0,4,0,1,0,0,0,0,0,1,1,1,32,6,1560,2,3,4,1,4
2.02E+12,2,3,0,18,0,2,1,0,0,0,4,1,6,1,17,4,124,1,2,5,1,5
2.02E+12,1,9,0,9,0,6,0,0,0,0,3,1,2,1,32,6,1328,1,13,8,1,8
2.02E+12,2,19,0,18,0,1,0,0,0,0,1,1,5,2,57,9,1598,2,2,8,1,8
2.02E+12,1,9,0,18,0,8,0,0,0,0,3,1,6,2,19,4,998,1,14,3,3,3
2.02E+12,1,9,0,18,0,2,2,0,3,0,1,1,5,1,19,4,998,1,1,5,3,5
2.02E+12,1,9,0,9,0,8,0,0,0,0,1,1,2,1,29,6,1796,1,13,3,1,3
2.02E+12,2,9,0,18,0,1,1,0,0,0,1,1,6,2,51,8,998,1,14,7,1,7
2.02E+12,2,9,0,3,0,1,0,0,0,0,2,1,6,1,41,7,1560,2,11,2,1,2
2.02E+12,1,9,0,18,0,8,0,0,0,0,1,1,5,2,23,5,1248,2,8,7,1,7
2.02E+12,2,9,0,5,0,8,0,0,0,0,1,1,2,2,34,6,1242,1,5,5,1,5
2.02E+12,1,9,0,18,0,1,0,0,0,0,1,1,6,2,40,7,1398,1,5,6,3,6
2.02E+12,2,9,0,6,0,8,0,0,0,0,3,1,6,1,58,9,1598,1,9,6,2,6
2.02E+12,1,9,0,12,0,8,0,0,0,0,3,1,5,2,32,6,1598,1,3,7,3,7
2.02E+12,1,9,0,9,0,1,1,0,0,0,1,1,6,1,89,11,1850,1,16,8,1,8
2.02E+12,2,9,0,18,0,1,1,0,0,0,1,1,6,2,51,8,1995,1,12,5,1,5
2.02E+12,1,9,0,5,0,4,0,0,0,0,1,1,6,2,22,5,1242,1,13,9,1,9
2.02E+12,2,9,0,9,0,8,0,0,0,0,4,1,6,1,31,6,1896,2,14,5,1,5
2.02E+12,1,9,0,9,0,1,0,0,0,0,4,1,6,1,62,9,1242,1,4,10,2,10
2.02E+12,1,9,0,5,0,6,0,0,0,0,3,1,6,2,21,5,1242,1,18,6,1,6
2.02E+12,2,5,0,18,0,8,5,0,0,0,1,1,6,1,42,7,645,1,1,6,1,6
2.02E+12,1,9,0,18,0,8,2,0,7,1,3,1,6,2,27,6,1199,1,14,2,1,2
2.02E+12,1,19,0,7,0,4,0,0,0,0,3,1,5,1,21,5,1968,2,12,6,1,6
2.02E+12,2,3,0,18,0,8,1,10,0,0,1,1,6,1,23,5,123,1,3,6,1,6
2.02E+12,1,9,0,5,0,3,0,0,0,0,1,1,5,1,42,7,1599,1,13,3,1,3
2.02E+12,1,9,0,9,0,2,1,0,0,0,1,1,5,2,69,10,1328,1,15,10,1,10
2.02E+12,1,9,0,18,0,1,0,0,0,0,1,1,5,1,27,6,1995,2,10,3,1,3
2.02E+12,2,9,0,5,0,2,0,0,0,0,3,1,5,1,19,4,1595,1,13,8,1,8
2.02E+12,1,9,0,3,0,4,0,0,0,0,1,1,2,2,33,6,1598,1,12,8,1,8
2.02E+12,1,9,0,7,0,3,2,0,5,7,1,1,6,1,31,6,1984,1,13,1,1,1
2.02E+12,2,9,0,18,0,1,0,0,0,0,1,1,5,1,41,7,1560,2,4,6,1,6
2.02E+12,1,9,0,18,0,4,0,0,0,0,1,1,5,2,55,8,999,1,1,9,2,9
2.02E+12,1,9,0,18,0,8,0,0,0,0,1,1,5,1,20,4,1598,1,5,3,1,3
2.02E+12,1,9,0,18,0,4,0,0,0,0,1,1,2,1,54,8,1560,2,4,5,1,5
2.02E+12,2,19,0,3,0,1,0,0,0,0,3,1,2,1,49,8,1995,2,7,7,1,7
2.02E+12,1,9,0,9,0,8,0,0,0,0,1,1,5,2,49,8,1149,1,2,3,1,3
2.02E+12,2,5,0,18,0,8,0,0,0,0,1,1,1,1,46,8,999,1,3,10,1,10
2.02E+12,1,9,0,10,0,1,0,0,0,0,1,1,1,1,18,4,1388,1,13,7,2,7
2.02E+12,2,9,0,18,0,1,0,0,0,0,1,1,5,1,57,9,1991,2,11,3,1,3
2.02E+12,1,9,0,12,0,7,0,0,0,0,1,1,5,1,60,9,2987,2,11,2,1,2
2.02E+12,2,9,0,12,0,7,0,0,0,0,2,1,5,1,50,8,1197,1,3,7,1,7
2.02E+12,2,9,0,18,0,8,0,0,0,0,3,1,2,2,29,6,1499,2,1,5,2,5
2.02E+12,1,11,0,18,0,1,0,0,0,0,1,1,1,1,30,6,4760,2,4,1,1,1
2.02E+12,1,9,0,17,0,1,5,0,1,4,1,1,6,2,72,10,1124,1,16,3,1,3
2.02E+12,1,5,0,16,0,8,1,0,7,0,1,1,5,1,47,8,749,1,5,5,1,5
2.02E+12,1,9,0,3,0,1,0,0,0,0,1,1,5,1,20,4,3200,1,10,3,1,3
2.02E+12,2,9,0,3,0,1,0,0,0,0,2,1,5,1,24,5,1595,1,13,9,1,9
2.02E+12,1,9,0,16,0,3,1,0,1,2,3,1,5,1,20,4,1242,1,10,9,1,9
2.02E+12,1,21,1,5,0,4,0,0,0,0,4,1,1,1,45,7,10518,2,5,3,1,3
2.02E+12,2,9,0,3,0,4,0,0,0,0,3,1,5,2,47,8,1988,1,13,4,1,4
2.02E+12,1,9,0,9,0,1,0,0,0,0,1,1,5,1,43,7,1596,1,15,5,2,5
2.02E+12,2,9,0,18,0,1,0,0,0,0,1,1,5,2,41,7,1968,2,8,9,2,9
2.02E+12,1,8,0,18,0,2,0,0,0,0,1,1,2,1,50,8,1598,2,8,6,3,6
2.02E+12,2,19,0,18,0,2,0,0,0,0,1,1,5,1,50,8,2198,2,3,9,1,9
2.02E+12,3,9,0,18,0,2,0,0,0,0,1,1,1,2,40,7,1560,2,4,6,3,6
2.02E+12,1,9,0,7,0,6,0,0,0,0,1,1,5,1,46,8,2000,2,12,6,1,6
2.02E+12,2,9,0,18,0,8,0,0,0,0,1,1,5,1,80,11,1598,1,3,5,1,5
2.02E+12,2,8,0,5,0,1,0,0,0,0,0,1,1,1,50,8,1798,1,7,9,1,9
2.02E+12,1,9,0,9,0,6,0,0,0,0,3,1,5,1,18,4,1388,1,13,9,1,9
2.02E+12,2,9,0,4,0,8,0,0,0,0,1,1,5,2,32,6,2926,2,16,7,1,7
2.02E+12,1,9,0,18,0,8,0,0,0,0,1,1,6,1,69,10,1951,2,11,5,1,5
2.02E+12,2,9,0,18,0,8,0,4,0,0,3,1,5,1,48,8,2993,2,7,6,1,6
2.02E+12,1,9,0,18,0,4,0,0,0,0,1,1,5,1,18,4,1364,1,7,2,1,2
2.02E+12,1,9,0,9,0,8,0,0,0,0,1,1,1,2,43,7,1998,1,14,1,1,1
2.02E+12,2,9,0,18,0,8,0,0,0,0,1,1,6,1,62,9,2495,2,18,8,1,8
2.02E+12,1,9,0,4,0,8,0,0,0,0,1,1,5,1,34,6,1796,1,11,9,2,9
2.02E+12,2,9,0,4,0,1,0,0,0,0,2,1,5,1,20,4,1364,1,9,2,1,2
2.02E+12,1,8,0,18,0,8,0,7,0,0,1,1,1,1,48,8,2143,2,3,3,1,3
2.02E+12,1,9,0,7,0,4,0,0,0,0,1,1,1,1,87,11,1596,1,9,2,1,2
2.02E+12,1,9,0,18,0,6,0,0,0,0,1,1,6,1,30,6,1364,1,2,7,2,7
2.02E+12,1,9,0,7,0,1,0,0,0,0,1,1,5,2,83,11,1299,1,12,6,1,6
2.02E+12,3,9,0,9,0,1,0,0,0,0,3,1,5,2,79,11,1318,1,1,8,1,8
2.02E+12,1,9,0,9,0,5,0,0,0,0,3,1,5,1,21,5,1396,1,12,10,1,10
2.02E+12,2,9,0,18,0,8,0,0,0,0,3,1,6,1,56,9,998,1,4,8,1,8
2.02E+12,1,9,0,3,0,1,0,0,0,0,2,1,1,2,38,7,1396,1,7,2,1,2
2.02E+12,2,9,0,3,0,1,0,0,0,0,2,1,1,1,57,9,2148,2,8,7,2,7
2.02E+12,3,9,0,3,0,1,0,0,0,0,2,1,5,2,40,7,1997,2,4,8,1,8
2.02E+12,1,9,0,9,0,8,0,0,1,0,1,1,6,2,54,8,1388,1,14,10,1,10
2.02E+12,2,9,0,18,0,8,0,0,0,0,3,1,6,1,59,9,1598,1,17,4,1,4
2.02E+12,1,19,0,18,0,3,0,0,0,0,1,1,1,1,43,7,1968,2,7,9,1,9
2.02E+12,2,9,0,3,0,3,0,0,0,0,2,1,3,1,36,7,3199,1,16,10,1,10
2.02E+12,1,9,0,18,0,1,0,0,0,0,4,1,6,1,26,6,1968,2,6,3,1,3