Accident_Index,Vehicle_Reference,Vehicle_Type,Towing_and_Articulation,Vehicle_Manoeuvre,Vehicle_Location-Restricted_Lane,Junction_Location,Skidding_and_Overturning,Hit_Object_in_Carriageway,Vehicle_Leaving_Carriageway,Hit_Object_off_Carriageway,1st_Point_of_Impact,Was_Vehicle_Left_Hand_Drive?,Journey_Purpose_of_Driver,Sex_of_Driver,Age_of_Driver,Age_Band_of_Driver,Engine_Capacity_(CC),Propulsion_Code,Age_of_Vehicle,Driver_IMD_Decile,Driver_Home_Area_Type,Vehicle_IMD_Decile
2.02E+12,1,9,0,18,0,1,0,0,0,0,1,1,5,2,61,9,1999,1,13,9,3,9
2.02E+12,2,9,0,9,0,6,0,0,0,0,3,1,5,1,43,7,1388,1,10,8,1,8
2.02E+12,1,9,0,18,0,4,0,0,0,0,3,1,2,2,19,4,1329,1,8,8,3,8
2.02E+12,2,9,0,9,0,5,0,0,0,0,3,1,6,1,28,6,1498,1,1,2,1,2
2.02E+12,1,9,0,7,0,8,0,0,0,0,4,2,6,2,29,6,1582,2,2,5,1,5
2.02E+12,1,9,0,5,0,6,0,0,0,0,3,1,5,1,80,11,1368,1,7,7,2,7
2.02E+12,1,3,0,18,0,2,5,0,1,0,2,1,5,1,19,4,125,1,12,5,1,5
2.02E+12,1,9,0,9,0,8,0,0,0,0,3,1,5,1,46,8,1968,2,9,4,1,4
2.02E+12,2,4,0,18,0,1,1,0,0,0,1,1,5,1,25,5,296,1,3,7,1,7
2.02E+12,1,21,1,11,0,8,0,0,0,0,4,1,1,1,29,6,10837,2,2,4,1,4
2.02E+12,2,9,0,18,0,8,0,0,0,0,3,1,5,2,44,7,1390,1,10,4,1,4
2.02E+12,1,9,0,9,0,5,0,0,0,0,4,1,5,2,42,7,2400,2,8,5,2,5
2.02E+12,1,9,0,18,0,2,0,0,0,0,1,1,6,2,39,7,1390,1,10,1,1,1
2.02E+12,2,9,0,18,0,1,0,0,0,0,2,1,5,2,32,6,1998,1,14,4,1,4
2.02E+12,1,9,0,9,0,5,0,0,0,0,4,1,6,1,80,11,998,1,4,8,1,8
2.02E+12,2,5,0,18,0,1,0,0,0,0,1,1,6,1,48,8,998,1,36,7,1,7
2.02E+12,2,9,0,5,0,4,0,0,0,0,1,1,6,1,37,7,1395,1,1,5,3,5
2.02E+12,2,9,0,18,0,2,0,0,0,0,1,1,5,2,33,6,998,1,9,6,1,6
2.02E+12,2,9,0,17,0,2,0,0,0,0,1,1,6,1,52,8,1753,2,11,10,2,10
2.02E+12,1,21,1,11,0,2,0,0,0,0,4,1,1,1,46,8,12580,2,11,4,1,4
2.02E+12,2,9,0,18,0,2,0,0,5,0,3,1,6,2,30,6,1198,1,6,9,1,9
2.02E+12,1,8,0,18,0,2,0,0,0,0,4,1,6,1,50,8,1753,2,7,6,1,6
2.02E+12,1,9,0,18,0,1,1,0,0,0,1,1,6,2,53,8,1560,2,4,7,1,7
2.02E+12,2,9,0,4,0,1,0,0,0,0,2,1,6,1,39,7,1995,2,5,6,1,6
2.02E+12,1,19,0,4,0,1,0,0,0,0,1,1,5,1,28,6,1560,2,1,6,1,6
2.02E+12,2,9,0,5,0,4,0,0,0,0,2,1,5,1,79,11,1299,1,10,2,1,2
2.02E+12,2,19,0,18,0,8,0,0,7,0,4,1,1,1,20,4,2198,2,2,8,2,8
2.02E+12,1,9,0,3,0,2,0,0,0,0,2,1,5,2,52,8,1595,1,3,4,3,4
2.02E+12,2,9,0,3,0,1,0,4,0,0,1,1,2,1,30,6,1896,2,13,6,1,6
2.02E+12,1,2,0,9,0,6,0,0,0,0,1,1,5,1,16,4,49,1,10,1,1,1
2.02E+12,1,19,0,6,0,1,0,0,0,0,4,1,1,1,36,7,2198,2,3,3,1,3
2.02E+12,2,5,0,18,0,1,1,0,0,0,1,1,5,1,18,4,955,1,17,3,1,3
2.02E+12,1,9,0,4,0,3,0,0,0,0,1,1,5,2,18,4,1199,1,15,6,3,6
2.02E+12,1,9,0,4,0,1,0,0,0,0,1,1,5,1,62,9,2148,2,10,10,1,10
2.02E+12,1,9,0,18,0,1,0,0,0,0,1,1,5,2,71,10,1388,1,13,7,3,7
2.02E+12,2,9,0,3,0,1,0,0,0,0,2,1,5,2,65,9,1598,1,17,5,1,5
2.02E+12,3,9,0,10,0,1,0,0,0,0,2,1,5,2,48,8,1968,2,8,7,3,7
2.02E+12,2,9,0,18,0,1,2,0,0,0,4,1,6,2,64,9,999,1,2,6,1,6
2.02E+12,1,9,0,9,0,2,0,0,0,0,1,1,2,2,35,6,1995,2,7,4,1,4
2.02E+12,2,9,0,9,0,8,0,0,0,0,3,1,5,2,47,8,1396,1,8,5,1,5
2.02E+12,1,21,1,1,0,6,0,0,0,0,2,1,1,1,47,8,12900,2,10,7,3,7
2.02E+12,1,19,0,18,0,8,0,0,0,0,4,1,1,1,31,6,2143,2,4,2,1,2
2.02E+12,1,9,0,4,0,1,0,0,1,0,1,1,5,1,26,6,1796,1,14,7,3,7
2.02E+12,2,9,0,17,0,7,0,0,7,0,1,1,5,1,75,10,1753,2,7,7,3,7
2.02E+12,1,9,0,18,0,1,1,0,1,0,4,1,2,1,50,8,1995,2,1,2,2,2
2.02E+12,1,9,0,18,0,1,0,0,7,0,1,1,5,2,76,11,1339,1,12,4,1,4
2.02E+12,1,9,0,5,0,3,0,0,0,0,1,1,6,2,41,7,1598,1,9,10,2,10
2.02E+12,1,9,0,13,0,1,0,0,0,0,4,1,6,2,18,4,1149,1,17,6,3,6
2.02E+12,1,9,0,18,0,8,5,7,1,10,3,1,6,1,19,4,1398,1,12,4,1,4
2.02E+12,1,9,0,9,0,6,0,0,0,0,1,1,5,2,25,5,2179,2,5,5,3,5
2.02E+12,2,5,0,16,0,8,5,0,7,0,4,1,6,1,74,10,650,1,46,5,3,5
2.02E+12,1,9,0,10,0,6,0,0,0,0,1,1,5,1,81,11,1200,1,2,6,1,6
2.02E+12,2,9,0,18,0,2,0,0,0,0,3,1,5,2,46,8,1796,1,14,2,1,2
2.02E+12,3,9,0,3,0,6,0,0,0,0,1,1,5,2,47,8,998,1,2,2,1,2
2.02E+12,1,9,0,18,0,1,0,0,0,0,1,1,5,2,67,10,1753,2,9,6,2,6
2.02E+12,2,19,0,18,0,1,0,0,0,0,1,1,1,1,68,10,2198,2,4,6,3,6
2.02E+12,2,9,0,18,0,1,0,0,0,0,1,1,2,1,31,6,1796,1,13,7,1,7
2.02E+12,3,19,0,18,0,1,1,0,0,0,1,1,2,1,29,6,1560,2,3,7,1,7
2.02E+12,2,9,0,9,0,8,0,0,0,0,3,1,6,1,21,5,1229,1,12,4,3,4
2.02E+12,1,9,0,18,0,1,0,0,0,0,1,1,5,2,34,6,1995,2,2,10,1,10
2.02E+12,1,9,0,9,0,6,0,0,0,0,4,1,5,1,55,8,1968,2,10,5,1,5
2.02E+12,2,9,0,18,0,8,0,0,7,11,4,1,6,1,25,5,2792,1,11,3,1,3
2.02E+12,2,9,0,18,0,3,0,0,0,0,3,1,5,1,22,5,1397,1,9,3,1,3
2.02E+12,1,9,0,18,0,8,0,0,0,0,3,1,5,2,75,10,998,1,5,2,1,2
2.02E+12,1,9,0,9,0,5,0,0,0,0,1,1,1,1,22,5,799,2,7,6,1,6
2.02E+12,2,5,0,18,0,8,0,0,0,0,1,1,2,1,59,9,748,1,36,2,1,2
2.02E+12,2,9,0,18,0,1,0,0,0,0,1,1,2,1,52,8,1597,1,17,1,1,1
2.02E+12,1,3,0,18,0,1,0,4,0,0,1,1,6,1,16,4,125,1,3,2,1,2
2.02E+12,1,9,0,5,0,2,0,0,0,0,3,1,5,2,61,9,1598,1,10,7,1,7
2.02E+12,2,9,0,16,0,8,0,0,0,0,1,1,6,2,53,8,1364,1,9,1,1,1
2.02E+12,2,9,0,3,0,1,0,0,0,0,2,1,5,1,21,5,1229,1,1,8,1,8
2.02E+12,2,5,0,3,0,1,0,0,0,0,2,1,5,1,65,9,1584,1,8,10,1,10
2.02E+12,1,9,0,18,0,2,0,0,0,0,1,1,5,1,26,6,1998,1,18,9,1,9
2.02E+12,2,9,0,5,0,2,0,0,0,0,1,1,5,1,19,4,1388,1,7,9,1,9
2.02E+12,1,9,0,5,0,4,0,0,0,0,3,1,2,2,56,9,1560,2,7,4,1,4
2.02E+12,2,3,0,9,0,3,0,0,0,0,4,1,2,1,56,9,125,1,1,4,1,4
2.02E+12,2,9,0,17,0,1,0,0,0,0,3,1,1,1,65,9,1896,2,16,6,3,6
2.02E+12,3,9,0,16,0,2,0,0,0,0,3,1,2,1,31,6,1968,2,11,2,1,2
2.02E+12,1,9,0,18,0,3,0,0,0,0,1,1,2,2,42,7,899,1,4,3,1,3
2.02E+12,2,9,0,4,0,4,0,0,0,0,2,1,5,2,47,8,1388,1,5,10,1,10
2.02E+12,1,9,0,18,0,1,0,10,1,0,1,1,5,1,66,10,1995,2,3,8,2,8
2.02E+12,1,9,0,5,0,3,0,0,0,0,3,1,2,1,57,9,998,1,5,8,1,8
2.02E+12,2,9,0,11,0,3,0,0,0,0,1,1,5,2,45,7,1240,1,13,9,1,9
2.02E+12,2,9,0,18,0,8,0,0,0,0,1,1,6,2,30,6,1242,1,10,10,1,10
2.02E+12,1,9,0,3,9,2,0,0,1,0,1,1,5,1,82,11,1397,1,14,3,1,3
2.02E+12,1,9,0,13,0,1,0,0,0,0,4,1,5,1,38,7,1799,1,10,5,2,5
2.02E+12,1,9,0,4,0,2,0,0,0,0,1,1,1,2,22,5,1560,2,4,9,1,9
2.02E+12,2,9,0,4,0,2,0,0,0,0,2,1,5,2,49,8,1598,1,2,9,1,9
2.02E+12,1,3,0,7,0,8,0,0,0,0,1,1,5,1,52,8,124,1,16,4,1,4
2.02E+12,2,9,0,18,0,1,0,0,0,0,1,1,6,1,72,10,1560,2,4,7,2,7
2.02E+12,1,9,0,3,0,1,0,0,0,0,2,1,5,1,55,8,1956,2,2,4,1,4
2.02E+12,3,9,0,3,0,8,0,0,0,0,2,1,5,1,42,7,998,1,4,6,1,6
2.02E+12,1,5,0,18,0,1,2,0,0,0,3,1,6,1,29,6,1078,1,8,1,1,1
2.02E+12,2,9,0,9,0,8,0,0,0,0,3,1,6,1,53,8,1968,2,7,1,1,1
2.02E+12,2,3,0,4,0,1,1,10,0,0,3,1,6,1,32,6,125,1,1,3,2,3
2.02E+12,1,9,0,18,0,2,0,0,0,0,1,1,5,1,38,7,2996,1,9,2,1,2
2.02E+12,2,9,0,4,0,2,0,0,0,0,2,1,5,2,43,7,2496,2,14,8,2,8
2.02E+12,1,9,0,18,0,4,2,9,3,0,1,1,6,1,20,4,1995,2,5,1,1,1
2.02E+12,1,9,0,18,0,2,0,0,0,0,1,1,5,1,30,6,1596,1,13,1,2,1
2.02E+12,1,9,0,5,0,4,0,0,0,0,1,1,5,1,30,6,1591,1,6,2,1,2
2.02E+12,2,8,0,5,0,4,0,0,0,0,2,1,5,1,56,9,1968,2,3,3,1,3
2.02E+12,1,9,0,18,0,1,2,0,5,0,2,1,6,1,25,5,2148,2,7,2,1,2
2.02E+12,1,9,0,5,0,1,0,0,0,0,1,1,6,2,22,5,1242,1,9,2,1,2
2.02E+12,2,9,0,18,0,1,0,0,0,0,4,1,2,1,62,9,1753,2,17,4,1,4
2.02E+12,1,9,0,18,0,8,1,0,7,1,1,1,6,1,21,5,1896,2,15,9,1,9
2.02E+12,2,9,0,18,0,8,0,0,7,4,4,1,2,1,50,8,1597,2,2,6,1,6
2.02E+12,1,9,0,9,0,8,0,0,0,0,1,1,6,2,32,6,1242,1,12,6,1,6
2.02E+12,2,9,0,18,0,8,0,0,0,0,1,1,5,1,20,4,1590,1,12,5,1,5
2.02E+12,1,9,0,18,0,8,0,0,0,0,1,1,6,1,55,8,2143,2,4,3,1,3
2.02E+12,1,9,0,9,0,2,0,0,0,0,4,1,5,2,78,11,1242,1,16,8,3,8
2.02E+12,2,9,0,18,0,8,0,0,1,0,1,1,5,1,23,5,999,1,1,8,2,8
2.02E+12,1,9,0,9,0,8,0,0,0,0,4,1,5,1,21,5,1398,1,1,10,1,10
2.02E+12,2,3,0,18,0,8,1,0,0,0,1,1,5,2,20,4,124,1,7,10,1,10
2.02E+12,1,20,0,18,0,8,0,0,0,0,1,1,1,1,52,8,5880,2,4,1,1,1
2.02E+12,2,9,0,18,0,8,0,0,4,0,2,1,2,2,19,4,1397,1,8,7,3,7
2.02E+12,1,9,0,9,0,1,0,0,0,0,3,1,2,1,48,8,1968,2,1,9,1,9
2.02E+12,1,9,0,9,0,5,0,0,0,0,1,1,5,2,71,10,1598,1,17,4,2,4
2.02E+12,2,9,0,18,0,1,0,0,0,0,1,1,5,1,51,8,1796,1,13,5,2,5
2.02E+12,1,9,0,5,0,2,0,0,0,0,2,1,6,1,27,6,2000,2,12,10,3,10
2.02E+12,2,9,0,4,0,2,0,0,0,0,1,1,6,1,20,4,1248,2,4,9,3,9
2.02E+12,3,9,0,18,0,1,0,0,1,0,3,1,6,2,54,8,1240,1,11,6,1,6
2.02E+12,1,9,0,18,0,1,1,0,1,10,1,1,5,2,60,9,1388,1,14,7,1,7
2.02E+12,1,9,0,9,0,4,0,0,0,0,3,1,5,2,46,8,1598,1,10,9,1,9
2.02E+12,1,9,0,5,0,4,0,0,0,0,1,1,6,2,52,8,1390,1,6,6,3,6
2.02E+12,1,9,0,18,0,1,0,0,0,0,1,1,2,2,57,9,1388,1,8,8,1,8
2.02E+12,1,9,0,10,0,1,0,0,0,0,1,1,2,2,37,7,1781,1,16,10,1,10
2.02E+12,1,9,0,1,0,1,0,0,0,0,3,1,5,1,27,6,2143,2,4,5,1,5
2.02E+12,1,19,0,3,0,1,0,0,0,0,2,1,1,1,42,7,1753,2,13,8,1,8
2.02E+12,2,9,0,5,0,1,0,0,0,0,1,1,6,1,35,6,2143,2,1,6,1,6
2.02E+12,1,9,0,9,0,8,0,0,0,0,1,1,5,1,72,10,1149,1,14,3,1,3
2.02E+12,1,9,0,18,0,1,0,0,7,0,1,1,6,1,33,6,1598,1,16,4,1,4
2.02E+12,1,9,0,9,0,8,0,0,0,0,1,1,6,1,24,5,1905,2,18,3,1,3
2.02E+12,1,9,0,18,0,1,2,4,0,0,1,1,6,1,19,4,1596,1,7,10,2,10
2.02E+12,1,9,0,18,0,4,1,0,7,0,4,1,6,1,25,5,1149,1,10,7,1,7
2.02E+12,2,8,0,18,0,8,1,0,0,0,4,1,1,1,76,11,1997,2,3,7,1,7
2.02E+12,1,9,0,9,0,6,0,0,1,0,4,1,5,2,90,11,1242,1,6,9,2,9
2.02E+12,2,9,0,18,0,1,5,0,1,0,1,1,5,1,29,6,1598,1,13,6,1,6
2.02E+12,1,9,0,5,0,1,0,0,0,0,2,1,5,2,39,7,1596,1,16,5,1,5
2.02E+12,2,9,0,5,0,1,0,0,0,0,2,1,6,2,23,5,1108,1,9,4,1,4
2.02E+12,1,9,0,18,0,2,0,0,0,0,3,1,5,1,21,5,1388,1,9,10,1,10
2.02E+12,2,9,0,18,0,2,0,0,0,0,3,1,5,2,59,9,1499,2,1,8,1,8
2.02E+12,1,9,0,18,0,1,0,0,0,0,3,1,5,2,59,9,1598,1,11,10,1,10
2.02E+12,1,9,0,1,8,6,0,0,1,9,2,1,6,1,45,7,1560,2,13,7,1,7
2.02E+12,2,9,0,18,0,1,0,0,0,0,1,1,6,1,83,11,1997,2,2,7,1,7
2.02E+12,1,9,0,5,0,8,0,0,0,0,3,1,6,1,72,10,1999,1,9,7,3,7
2.02E+12,2,19,0,18,0,8,0,0,0,0,1,1,1,1,23,5,1998,2,13,6,1,6
2.02E+12,2,19,0,18,0,8,0,0,0,0,3,1,6,1,37,7,2402,2,7,1,1,1
2.02E+12,1,9,0,5,0,6,0,0,0,0,1,1,5,2,58,9,1124,1,13,7,1,7
2.02E+12,2,9,0,18,0,1,0,0,1,0,4,1,5,1,22,5,998,1,13,3,1,3
2.02E+12,1,9,0,9,0,6,0,0,0,0,3,1,5,1,88,11,1596,1,11,5,1,5
2.02E+12,2,9,0,18,0,1,0,0,0,0,1,1,5,2,63,9,1999,1,9,6,1,6
2.02E+12,2,9,0,3,0,1,0,0,0,0,2,1,2,2,37,7,1598,2,6,8,1,8
2.02E+12,3,9,0,3,0,1,0,0,0,0,2,1,2,2,53,8,1984,1,12,9,3,9
2.02E+12,1,9,0,18,0,8,0,0,0,0,1,1,6,1,45,7,998,1,1,4,1,4
2.02E+12,1,9,0,9,9,2,1,0,1,11,1,1,5,1,20,4,1796,1,15,4,1,4
2.02E+12,1,4,0,7,0,3,2,0,0,0,1,1,5,1,77,11,399,1,17,4,2,4
2.02E+12,2,11,0,18,0,3,0,0,0,0,3,1,1,1,62,9,12600,2,13,3,1,3
2.02E+12,2,9,0,3,0,1,0,0,0,0,2,1,2,1,41,7,1995,2,1,5,3,5
2.02E+12,3,9,0,3,0,1,0,0,0,0,2,1,5,1,84,11,1360,1,15,8,1,8
2.02E+12,1,19,0,9,0,8,0,0,0,0,1,1,1,1,55,8,2287,2,1,1,1,1
2.02E+12,2,9,0,18,0,8,0,0,0,0,1,1,5,1,20,4,1242,1,7,7,2,7
2.02E+12,1,9,0,1,0,8,0,0,0,0,2,1,2,2,44,7,1560,2,12,7,1,7
2.02E+12,2,9,0,18,0,2,0,0,0,0,4,1,2,1,24,5,1995,1,14,9,2,9
2.02E+12,2,9,0,18,0,8,0,0,0,0,1,1,5,1,19,4,1229,1,4,3,1,3
2.02E+12,2,5,0,18,0,1,0,0,0,0,1,1,5,1,50,8,1215,1,3,7,1,7
2.02E+12,1,9,0,18,0,4,0,0,0,0,1,1,5,2,35,6,1685,2,2,4,1,4
2.02E+12,2,9,0,18,0,8,0,0,0,0,4,1,5,2,21,5,1388,1,8,4,1,4
2.02E+12,1,9,0,18,0,8,0,0,0,0,3,1,2,2,50,8,1910,2,9,6,3,6
2.02E+12,1,8,0,4,0,1,0,0,0,0,1,1,1,1,69,10,1461,2,4,6,1,6
2.02E+12,1,9,0,4,0,1,0,0,0,0,1,1,2,2,29,6,1388,1,8,5,1,5
2.02E+12,1,9,0,7,0,1,1,7,7,11,1,1,5,2,19,4,1299,1,12,9,1,9
2.02E+12,1,9,0,18,0,8,0,0,0,0,1,1,5,1,27,6,2616,1,10,3,1,3
2.02E+12,1,19,0,9,0,1,0,0,0,0,1,1,1,2,36,7,2287,2,5,3,1,3
2.02E+12,2,9,0,18,0,1,0,0,0,0,4,1,5,2,19,4,1200,1,1,10,1,10
2.02E+12,2,3,0,18,0,1,0,0,0,0,1,1,5,1,21,5,125,1,1,3,2,3
2.02E+12,2,9,0,3,0,1,0,0,0,0,3,1,5,1,71,10,1598,2,3,8,2,8
2.02E+12,3,9,0,3,0,1,0,0,0,0,2,1,5,1,17,4,1364,2,1,10,3,10
2.02E+12,4,9,0,3,0,1,0,0,0,0,2,1,5,2,22,5,1199,1,13,9,2,9
2.02E+12,1,19,0,5,0,3,0,0,0,0,1,1,2,1,35,6,2198,2,2,6,2,6
2.02E+12,1,9,0,18,0,1,0,0,0,0,1,1,5,1,72,10,1248,1,5,8,1,8
2.02E+12,1,9,0,3,0,4,0,0,0,0,1,1,6,2,46,8,1396,1,13,7,3,7
2.02E+12,1,4,0,9,0,8,0,0,0,0,3,1,2,1,24,5,249,1,6,3,1,3
2.02E+12,1,9,0,18,0,1,0,0,1,0,1,1,5,2,26,6,1248,2,8,8,2,8
2.02E+12,2,9,0,9,0,1,0,0,0,0,4,1,5,2,34,6,1999,1,6,8,3,8
2.02E+12,1,9,0,1,0,2,0,0,0,0,2,1,5,1,42,7,1988,1,14,6,2,6
2.02E+12,2,9,0,18,0,3,0,0,0,0,4,1,5,2,18,4,1240,1,12,9,1,9
2.02E+12,1,9,0,4,0,1,0,0,0,0,1,1,6,1,47,8,2148,2,10,3,1,3
2.02E+12,1,9,0,9,0,8,0,0,0,0,4,1,5,2,18,4,998,1,4,4,1,4
2.02E+12,2,3,0,18,0,1,0,0,0,0,1,1,5,1,17,4,124,1,5,6,1,6
2.02E+12,1,9,0,18,0,4,2,0,3,0,1,1,5,1,68,10,1560,2,7,5,1,5
2.02E+12,1,9,0,18,0,1,0,0,0,0,1,1,2,1,40,7,1598,1,10,9,1,9
2.02E+12,1,9,0,18,0,1,0,0,0,0,1,1,1,1,40,7,2993,2,3,10,1,10
2.02E+12,2,9,0,9,0,1,0,0,0,0,2,1,5,1,25,5,1199,1,14,8,1,8
2.02E+12,1,9,0,5,0,8,0,0,7,0,3,1,6,1,72,10,1598,1,10,7,1,7
2.02E+12,2,9,0,18,0,8,0,0,0,0,1,1,6,1,61,9,2972,1,23,5,3,5
2.02E+12,2,9,0,18,0,8,0,0,0,0,4,1,6,2,64,9,1598,1,15,3,1,3
2.02E+12,1,3,0,13,0,1,0,0,2,0,1,1,6,1,32,6,124,1,9,2,1,2
2.02E+12,2,9,0,9,0,1,0,0,0,0,1,1,5,1,36,7,1229,1,9,1,1,1
2.02E+12,3,19,0,10,0,1,0,0,0,0,1,1,5,1,46,8,1686,2,15,8,1,8
2.02E+12,4,19,0,18,0,1,0,0,0,0,0,1,1,1,51,8,2287,2,3,1,1,1
2.02E+12,1,9,0,5,0,8,0,0,0,0,3,1,5,1,30,6,1781,1,14,5,1,5
2.02E+12,1,9,0,18,0,1,0,0,0,0,1,1,6,2,84,11,1588,1,16,9,1,9
2.02E+12,2,9,0,5,0,6,0,0,0,0,2,1,6,2,45,7,2993,2,5,10,1,10
2.02E+12,1,3,0,7,0,6,0,0,0,0,1,1,5,2,49,8,125,1,1,8,1,8
2.02E+12,2,9,0,18,0,1,0,0,0,0,4,1,6,1,55,8,1364,1,3,10,2,10
2.02E+12,1,9,0,18,0,8,0,0,0,0,1,2,6,1,46,8,1796,1,17,4,1,4
2.02E+12,2,9,0,18,0,8,0,0,0,0,1,1,6,1,74,10,1560,2,1,3,1,3
2.02E+12,2,9,0,17,0,2,0,0,0,0,1,1,5,1,71,10,2488,1,14,8,2,8
2.02E+12,1,2,0,5,0,6,0,0,0,0,1,1,5,1,28,6,49,1,3,9,1,9
2.02E+12,1,19,0,3,0,4,0,0,0,0,1,1,1,1,58,9,1997,2,6,9,3,9
2.02E+12,2,9,0,3,0,4,0,0,0,0,2,1,5,2,27,6,1997,2,5,4,1,4
2.02E+12,1,19,0,18,0,1,0,0,0,0,1,1,1,1,27,6,1598,2,2,3,1,3
2.02E+12,2,9,0,3,0,1,0,0,0,0,2,1,2,1,27,6,1753,2,10,4,1,4
2.02E+12,3,9,0,3,0,1,0,0,0,0,2,1,2,1,47,8,1390,1,5,8,1,8
2.02E+12,4,9,0,3,0,1,0,0,0,0,2,1,2,1,30,6,1598,1,8,8,1,8
2.02E+12,6,9,0,3,0,1,0,0,0,0,2,1,2,1,46,8,1998,2,11,2,1,2
2.02E+12,7,9,0,3,0,1,0,0,0,0,2,1,2,1,40,7,1598,2,3,9,1,9
2.02E+12,2,9,0,18,0,1,0,0,0,0,3,1,6,1,19,4,1198,1,13,6,1,6
2.02E+12,1,9,0,16,0,1,2,0,7,7,1,1,5,1,33,6,973,1,19,6,2,6
2.02E+12,1,9,0,3,0,1,0,0,0,0,1,1,6,1,60,9,1999,1,11,8,3,8
2.02E+12,2,9,0,4,0,1,0,0,0,0,2,1,6,2,26,6,1248,2,10,4,1,4
2.02E+12,1,9,0,9,0,8,0,0,0,0,1,1,5,1,25,5,1497,8,6,10,1,10
2.02E+12,2,3,0,18,0,8,0,0,0,0,4,1,2,1,58,9,125,1,1,2,1,2
2.02E+12,1,9,0,9,0,8,0,0,0,0,3,1,2,2,29,6,1796,2,5,4,1,4
2.02E+12,2,3,0,18,0,8,2,0,0,0,2,1,2,1,25,5,124,1,10,1,1,1
2.02E+12,1,9,0,18,9,8,5,0,1,10,1,1,2,1,25,5,1248,1,1,10,1,10
2.02E+12,1,9,0,18,0,1,0,0,0,0,1,1,5,1,23,5,1398,2,9,9,3,9
2.02E+12,2,9,5,9,0,2,0,0,0,0,3,1,5,2,71,10,1390,1,5,10,2,10
2.02E+12,1,19,0,9,0,6,0,0,0,0,1,1,6,1,43,7,1996,2,5,3,1,3
2.02E+12,1,9,0,18,0,2,0,0,0,0,1,1,3,1,21,5,1595,1,3,5,1,5
2.02E+12,2,9,0,3,0,2,0,0,0,0,2,1,5,2,18,4,996,1,5,7,1,7
2.02E+12,1,9,0,9,0,2,0,0,0,0,1,1,5,2,17,4,1198,1,2,10,1,10
2.02E+12,2,9,0,18,0,2,0,0,0,0,1,1,5,1,20,4,1198,1,12,6,1,6
2.02E+12,1,9,0,5,0,4,0,0,0,0,3,1,5,1,33,6,1197,1,3,3,1,3
2.02E+12,1,8,0,9,0,1,0,0,0,0,1,1,2,1,33,6,1896,2,9,8,1,8
2.02E+12,1,3,0,4,0,1,5,7,0,0,1,1,2,1,18,4,125,1,2,5,1,5
2.02E+12,1,9,0,18,0,1,0,0,0,0,1,1,2,2,22,5,1199,1,14,3,1,3
2.02E+12,2,9,0,10,0,1,0,0,1,0,2,1,6,2,43,7,1995,2,4,9,2,9
2.02E+12,2,9,0,18,0,8,0,0,0,0,3,1,2,1,50,8,1242,1,2,3,1,3
2.02E+12,3,9,0,18,0,1,0,0,0,0,3,1,6,2,31,6,998,1,2,5,3,5
2.02E+12,1,9,0,9,0,1,0,0,0,0,4,1,5,2,51,8,1299,1,14,3,1,3
2.02E+12,2,9,0,18,0,1,0,0,0,0,1,1,5,1,28,6,1799,1,11,3,1,3
2.02E+12,1,9,0,18,0,1,0,0,0,0,1,1,5,2,18,4,973,1,15,2,1,2
2.02E+12,2,9,0,9,0,8,0,0,0,0,3,1,2,1,39,7,1975,1,9,4,1,4
2.02E+12,1,9,0,9,0,8,0,0,0,0,1,1,2,2,51,8,998,1,1,8,2,8
2.02E+12,2,9,0,18,0,8,0,0,7,0,1,1,5,1,87,11,1461,2,3,10,2,10
2.02E+12,2,8,0,18,0,3,1,0,0,0,1,1,1,1,66,10,1598,2,5,4,1,4
2.02E+12,3,9,0,18,0,3,1,0,0,0,3,1,6,2,28,6,1499,2,2,9,1,9
2.02E+12,2,9,0,18,0,1,2,0,0,0,4,1,6,1,25,5,1598,1,12,9,1,9
2.02E+12,1,19,0,9,0,8,0,0,0,0,1,1,5,1,18,4,2298,2,5,7,3,7
2.02E+12,2,8,0,18,0,8,0,0,0,0,1,1,1,1,32,6,1995,2,4,9,1,9
2.02E+12,1,9,0,9,0,8,0,0,0,0,1,1,5,2,29,6,1796,1,7,9,1,9
2.02E+12,2,5,0,18,0,8,0,0,0,0,4,1,5,1,34,6,806,1,1,2,1,2
2.02E+12,1,9,0,18,0,1,0,0,0,0,3,1,5,1,43,7,1461,2,2,9,1,9
2.02E+12,1,9,0,18,0,1,0,0,0,0,1,1,6,2,23,5,1398,1,3,2,1,2
2.02E+12,2,9,0,3,0,1,0,0,0,0,2,1,5,1,50,8,1994,2,15,10,1,10
2.02E+12,3,9,0,3,0,1,0,0,0,0,2,1,6,2,26,6,1598,1,4,6,3,6
2.02E+12,2,9,0,18,0,1,0,0,0,0,2,1,1,1,35,6,2993,2,2,4,1,4
2.02E+12,1,9,0,9,0,2,0,0,0,0,3,1,5,2,32,6,1796,1,12,1,1,1
2.02E+12,1,9,0,18,0,1,0,0,0,0,1,1,5,2,87,11,998,1,15,6,1,6
2.02E+12,2,9,0,18,0,1,0,0,0,0,2,1,5,1,80,11,1753,2,11,6,2,6
2.02E+12,1,10,0,9,0,2,0,0,0,0,1,1,3,2,27,6,2198,2,2,3,1,3
2.02E+12,1,9,0,5,0,8,0,0,0,0,2,1,5,1,44,7,1997,2,1,8,1,8
2.02E+12,2,9,0,5,0,8,0,0,0,0,1,1,5,2,26,6,1240,1,14,9,1,9