Accident_Index,Vehicle_Reference,Vehicle_Type,Towing_and_Articulation,Vehicle_Manoeuvre,Vehicle_Location-Restricted_Lane,Junction_Location,Skidding_and_Overturning,Hit_Object_in_Carriageway,Vehicle_Leaving_Carriageway,Hit_Object_off_Carriageway,1st_Point_of_Impact,Was_Vehicle_Left_Hand_Drive?,Journey_Purpose_of_Driver,Sex_of_Driver,Age_of_Driver,Age_Band_of_Driver,Engine_Capacity_(CC),Propulsion_Code,Age_of_Vehicle,Driver_IMD_Decile,Driver_Home_Area_Type,Vehicle_IMD_Decile
2.02E+12,1,9,0,5,0,8,0,0,0,0,1,1,2,1,38,7,1461,2,2,3,1,3
2.02E+12,1,9,0,5,0,6,0,0,0,0,3,1,5,1,75,10,875,1,2,7,3,7
2.02E+12,1,5,0,18,0,2,0,0,0,0,1,1,2,1,29,6,998,1,18,2,1,2
2.02E+12,1,19,0,18,0,1,0,0,0,0,3,1,1,1,22,5,2198,2,1,9,1,9
2.02E+12,2,9,0,11,0,8,0,0,0,0,4,1,6,2,34,6,1995,1,5,8,2,8
2.02E+12,1,9,0,5,0,6,0,0,0,0,4,1,5,2,73,10,1390,1,6,8,2,8
2.02E+12,2,8,0,18,0,1,0,0,0,0,3,1,1,1,58,9,1596,1,4,3,1,3
2.02E+12,2,9,0,18,0,2,0,0,0,0,4,1,5,2,31,6,1399,2,7,4,1,4
2.02E+12,1,9,0,18,0,8,0,0,0,0,1,1,2,1,51,8,1798,8,1,8,1,8
2.02E+12,2,9,0,18,0,8,0,0,0,0,3,1,2,2,50,8,1991,2,6,8,1,8
2.02E+12,1,9,0,18,0,8,0,0,0,0,1,1,6,2,28,6,1596,1,13,3,1,3
2.02E+12,1,9,0,9,0,3,0,0,0,0,3,1,6,2,33,6,1798,1,6,3,1,3
2.02E+12,2,5,0,18,0,3,0,0,0,0,4,1,1,1,61,9,599,1,20,5,2,5
2.02E+12,1,9,0,5,9,6,0,0,0,0,1,1,2,1,45,7,1995,2,5,9,2,9
2.02E+12,1,9,0,5,0,1,0,0,0,0,1,1,1,2,30,6,1242,1,1,6,1,6
2.02E+12,2,3,0,14,0,1,0,0,1,11,3,1,2,1,54,8,124,1,3,4,1,4
2.02E+12,1,3,0,18,0,2,0,0,0,0,1,1,2,1,22,5,125,1,9,7,1,7
2.02E+12,2,9,0,18,0,2,0,0,0,0,2,1,5,2,42,7,1997,2,3,8,1,8
2.02E+12,2,19,0,4,0,8,1,0,0,0,1,1,2,1,43,7,2402,2,8,4,1,4
2.02E+12,1,9,0,9,0,6,0,0,0,0,1,1,6,2,32,6,1598,2,3,7,1,7
2.02E+12,1,4,0,4,0,8,0,0,0,0,1,1,5,1,41,7,499,1,24,8,1,8
2.02E+12,2,5,0,4,0,8,0,0,0,0,2,1,5,1,58,9,647,1,19,9,1,9
2.02E+12,2,9,0,18,0,8,0,0,0,0,1,1,5,1,23,5,1229,1,12,4,1,4
2.02E+12,1,9,0,18,0,1,0,0,0,0,3,1,6,1,58,9,1199,1,17,8,1,8
2.02E+12,1,9,0,18,0,2,0,0,0,0,4,1,5,1,33,6,1984,1,10,8,1,8
2.02E+12,2,9,0,18,0,1,0,0,0,0,1,1,6,1,56,9,1461,2,1,2,1,2
2.02E+12,1,9,0,10,0,1,0,0,0,0,1,1,5,2,60,9,1560,2,2,7,1,7
2.02E+12,1,9,0,18,0,1,0,0,0,0,1,1,5,1,29,6,1149,1,9,5,1,5
2.02E+12,2,9,0,3,0,1,0,0,0,0,2,1,5,1,63,9,2429,1,12,5,3,5
2.02E+12,1,9,0,5,0,3,0,0,0,0,2,1,6,1,26,6,2143,2,6,3,1,3
2.02E+12,2,9,0,5,0,3,0,0,0,0,1,1,6,1,34,6,1600,2,7,5,1,5
2.02E+12,3,9,0,5,0,3,0,0,0,0,1,1,6,1,52,8,1998,1,9,4,1,4
2.02E+12,4,9,0,5,0,3,0,0,0,0,1,1,6,2,49,8,998,1,3,4,1,4
2.02E+12,2,9,0,18,0,1,0,0,0,0,1,1,6,1,60,9,1598,1,16,10,1,10
2.02E+12,2,3,0,18,0,1,0,0,0,0,1,1,6,1,20,4,125,1,1,7,1,7
2.02E+12,2,9,0,3,0,8,0,0,0,0,2,1,6,2,25,5,1595,2,7,9,1,9
2.02E+12,1,9,0,9,0,2,0,0,0,0,1,1,2,1,65,9,1984,1,9,10,1,10
2.02E+12,2,9,0,18,0,1,0,0,0,0,4,1,3,1,26,6,899,1,4,5,1,5
2.02E+12,1,3,0,9,0,1,0,0,0,0,3,1,2,1,20,4,125,1,2,4,1,4
2.02E+12,1,19,0,5,0,4,0,0,0,0,3,1,2,1,49,8,2446,2,20,4,1,4
2.02E+12,3,9,0,3,0,4,0,0,0,0,1,1,5,2,30,6,1368,1,2,3,1,3
2.02E+12,3,9,0,18,0,1,0,0,1,0,1,1,5,1,69,10,996,1,5,6,1,6
2.02E+12,1,9,0,5,0,1,0,0,0,0,4,1,5,1,43,7,1783,1,14,3,1,3
2.02E+12,2,9,0,7,0,1,0,0,0,0,4,1,6,1,46,8,1499,1,1,5,1,5
2.02E+12,1,9,0,5,0,6,0,0,0,0,3,1,5,2,20,4,1388,1,14,10,1,10
2.02E+12,2,9,0,18,0,1,0,0,0,0,1,1,5,1,64,9,1299,1,12,9,1,9
2.02E+12,1,9,0,2,9,1,0,0,3,11,2,1,6,2,39,7,1595,1,5,9,1,9
2.02E+12,1,9,0,9,0,8,0,0,0,0,1,1,6,1,18,4,1242,1,13,6,3,6
2.02E+12,2,9,0,17,0,8,0,0,0,0,1,1,5,2,42,7,1984,1,11,6,2,6
2.02E+12,1,19,0,16,0,3,0,0,0,0,4,1,1,1,60,9,2143,2,5,8,1,8
2.02E+12,2,9,0,18,0,8,0,0,0,0,1,1,5,1,38,7,1497,1,16,1,1,1
2.02E+12,1,19,0,4,0,4,0,0,0,0,1,1,6,1,23,5,1598,2,4,9,1,9
2.02E+12,2,9,0,4,0,4,0,0,0,0,2,1,6,2,30,6,2179,2,7,9,1,9
2.02E+12,1,9,0,18,0,8,0,0,0,0,1,1,6,2,19,4,1242,1,9,4,1,4
2.02E+12,2,9,0,9,0,8,0,0,0,0,4,1,6,1,79,11,1198,1,2,6,1,6
2.02E+12,1,9,0,18,0,1,0,0,0,0,4,1,6,2,45,7,1248,2,9,3,1,3
2.02E+12,1,9,0,18,0,4,0,0,0,0,0,1,3,2,28,6,2401,2,12,3,1,3
2.02E+12,1,9,0,18,0,1,0,0,0,0,1,1,6,2,45,7,1686,2,10,7,1,7
2.02E+12,2,9,0,9,0,6,0,0,0,0,3,1,6,1,49,8,1598,1,11,3,1,3
2.02E+12,2,9,0,18,0,1,0,0,0,0,1,1,5,1,17,4,998,1,2,10,2,10
2.02E+12,4,9,0,2,0,8,1,0,0,0,3,1,5,2,23,5,1198,1,11,4,1,4
2.02E+12,1,9,0,18,0,1,2,4,0,0,1,1,5,1,76,11,1242,1,8,3,1,3
2.02E+12,1,9,0,1,0,1,0,0,0,0,2,1,5,1,43,7,1360,1,11,1,1,1
2.02E+12,2,9,0,3,0,7,0,0,0,0,2,1,5,2,36,7,1497,8,1,3,1,3
2.02E+12,1,3,0,18,0,1,0,0,0,0,4,1,5,1,19,4,124,1,12,3,1,3
2.02E+12,2,9,0,9,0,2,0,0,0,0,1,1,5,1,65,9,2204,2,9,5,1,5
2.02E+12,1,9,0,9,0,3,0,0,0,0,3,1,5,1,25,5,1229,1,3,8,1,8
2.02E+12,1,9,0,18,0,3,0,0,7,11,1,1,6,1,39,7,2143,2,8,5,1,5
2.02E+12,1,9,0,7,0,1,0,0,0,0,2,1,5,1,32,6,1596,1,13,1,1,1
2.02E+12,2,9,0,3,0,1,0,0,0,0,2,1,6,2,67,10,1200,1,5,4,1,4
2.02E+12,2,9,0,10,0,5,0,0,0,0,2,1,5,2,35,6,1595,1,11,7,1,7
2.02E+12,1,9,0,9,0,1,0,0,0,0,4,1,6,1,47,8,1997,2,1,4,1,4
2.02E+12,2,9,0,18,0,1,0,0,0,0,1,1,6,2,34,6,1560,2,5,10,1,10
2.02E+12,3,9,0,18,0,1,0,0,0,0,3,1,1,1,19,4,1242,1,10,9,1,9
2.02E+12,1,9,0,9,0,6,0,0,0,0,3,1,5,1,36,7,1995,2,13,6,1,6
2.02E+12,1,9,0,2,0,8,0,0,1,7,4,1,5,1,68,10,1299,1,10,4,1,4
2.02E+12,1,9,0,18,0,2,0,0,0,0,1,1,2,2,34,6,1598,1,11,7,1,7
2.02E+12,2,19,0,18,0,1,0,0,0,0,3,1,1,1,35,6,2148,2,8,4,1,4
2.02E+12,1,9,0,18,0,2,0,0,0,0,3,1,2,1,21,5,998,1,1,7,1,7
2.02E+12,1,9,0,9,0,6,0,0,0,0,3,1,5,2,19,4,1299,1,15,5,1,5
2.02E+12,2,9,0,18,0,2,0,0,0,0,3,1,5,2,47,8,2198,2,3,6,3,6
2.02E+12,1,9,0,18,0,2,0,0,0,0,1,1,5,2,65,9,1388,1,11,4,1,4
2.02E+12,2,9,0,5,0,8,0,0,0,0,4,1,6,2,25,5,1984,1,15,2,3,2
2.02E+12,1,9,0,9,0,5,0,0,0,0,3,1,2,1,51,8,1497,8,11,4,1,4
2.02E+12,1,9,0,18,0,1,0,0,1,0,1,1,5,2,87,11,999,1,1,8,2,8
2.02E+12,2,9,0,18,0,8,1,0,0,0,4,1,6,1,44,7,1753,2,14,5,1,5
2.02E+12,2,9,0,4,0,1,0,0,0,0,0,1,5,2,68,10,1997,2,4,7,1,7
2.02E+12,1,9,0,9,0,8,0,0,1,2,4,1,6,2,88,11,1398,1,2,1,1,1
2.02E+12,1,9,0,7,0,4,0,0,0,0,1,1,5,1,51,8,1598,2,4,6,1,6
2.02E+12,2,11,0,9,0,8,0,0,0,0,3,1,1,1,49,8,9000,2,13,3,1,3
2.02E+12,1,3,0,18,0,2,2,10,3,11,4,1,5,1,21,5,125,1,2,2,1,2
2.02E+12,1,9,0,9,0,1,0,0,0,0,1,1,5,1,34,6,2993,2,4,8,2,8
2.02E+12,2,5,0,18,0,1,2,0,0,0,1,1,6,1,41,7,998,1,14,10,3,10
2.02E+12,1,9,0,9,0,6,0,0,0,0,1,1,6,2,67,10,1995,2,2,4,3,4
2.02E+12,1,9,0,7,0,2,0,0,0,0,2,1,5,1,79,11,1998,1,20,8,1,8
2.02E+12,2,3,0,18,0,1,0,0,0,0,1,1,2,1,21,5,125,1,6,1,1,1
2.02E+12,1,9,0,18,0,4,0,0,0,0,1,1,6,1,58,9,1896,2,12,5,3,5
2.02E+12,2,3,0,18,0,8,5,0,0,0,1,1,5,1,17,4,125,1,11,4,1,4
2.02E+12,1,5,0,18,0,1,2,10,7,0,3,1,6,1,21,5,645,1,8,2,1,2
2.02E+12,2,9,0,9,0,8,0,0,0,0,1,1,5,2,22,5,2143,2,1,6,3,6
2.02E+12,1,9,0,4,0,1,0,0,0,0,1,1,6,1,31,6,1796,1,13,1,1,1
2.02E+12,1,19,0,18,0,8,0,0,0,0,1,1,1,1,36,7,2198,2,1,3,1,3
2.02E+12,2,9,0,18,0,8,0,0,0,0,1,1,5,2,48,8,1398,1,3,4,1,4
2.02E+12,1,9,0,18,0,8,0,0,0,0,1,1,5,2,24,5,1242,1,12,4,2,4
2.02E+12,2,9,0,18,0,8,0,0,0,0,1,1,5,1,54,8,1910,2,10,7,1,7
2.02E+12,3,9,0,3,0,1,0,0,0,0,1,1,5,2,40,7,1910,2,7,4,1,4
2.02E+12,1,8,0,7,0,1,0,0,0,0,3,1,1,1,57,9,1499,2,1,2,1,2
2.02E+12,1,9,0,18,0,1,0,0,0,0,1,1,5,2,62,9,1364,1,8,7,1,7
2.02E+12,2,9,0,4,0,1,0,0,0,0,2,1,6,2,37,7,1560,2,5,8,1,8
2.02E+12,1,3,0,18,0,3,0,0,0,0,3,1,5,1,25,5,125,1,2,4,1,4
2.02E+12,1,9,0,4,0,1,0,0,0,0,2,1,5,2,55,8,1896,2,16,1,2,1
2.02E+12,2,9,0,5,0,1,0,0,0,0,1,1,6,2,63,9,1399,2,11,1,2,1
2.02E+12,2,9,0,18,0,8,0,0,0,0,4,1,5,1,52,8,1598,2,1,9,1,9
2.02E+12,1,5,0,18,0,1,2,12,0,0,1,1,2,1,51,8,1261,1,15,8,3,8
2.02E+12,2,9,0,4,0,1,0,0,0,0,3,1,6,1,71,10,1461,2,3,6,3,6
2.02E+12,3,9,0,18,0,1,0,4,0,0,1,1,6,1,60,9,2184,2,1,8,2,8
2.02E+12,1,9,0,9,0,1,0,0,0,0,3,1,6,2,38,7,1995,2,10,3,1,3
2.02E+12,2,9,0,18,0,1,0,0,0,0,1,1,1,1,29,6,1398,2,14,9,1,9
2.02E+12,2,3,0,18,0,1,2,0,0,0,0,1,5,1,21,5,124,1,6,9,1,9
2.02E+12,1,9,0,9,0,5,0,0,7,0,3,1,5,2,22,5,1390,1,11,10,1,10
2.02E+12,2,9,0,5,0,1,0,0,0,0,3,1,2,1,29,6,999,1,2,10,1,10
2.02E+12,1,9,0,9,0,8,0,0,0,0,4,1,5,2,70,10,1198,1,2,9,2,9
2.02E+12,2,5,0,18,0,8,5,0,0,0,1,1,5,1,28,6,599,1,11,6,3,6
2.02E+12,1,9,0,9,0,6,0,0,0,0,1,1,5,1,62,9,1995,1,19,5,1,5
2.02E+12,2,5,0,18,0,8,0,0,0,0,4,1,5,1,57,9,675,1,8,8,1,8
2.02E+12,1,9,0,5,0,1,0,0,0,0,1,1,6,2,42,7,1499,2,1,2,1,2
2.02E+12,2,9,0,18,0,1,0,0,0,0,4,1,6,1,28,6,1398,1,1,4,3,4
2.02E+12,1,3,0,17,0,1,2,0,0,0,4,1,2,1,21,5,125,1,5,9,1,9
2.02E+12,1,5,0,5,0,4,0,0,0,0,0,1,5,1,62,9,1584,1,9,2,3,2
2.02E+12,1,9,0,4,0,1,0,0,0,0,1,1,2,2,55,8,1499,2,1,5,1,5
2.02E+12,1,9,0,4,0,8,0,0,0,0,1,1,2,1,23,5,1799,1,10,6,1,6
2.02E+12,2,9,0,4,0,1,0,0,0,0,2,1,6,2,18,4,1590,1,7,5,1,5
2.02E+12,2,9,0,3,0,8,0,0,0,0,2,1,6,1,41,7,2494,8,2,4,1,4
2.02E+12,2,9,0,18,0,8,0,0,1,1,1,1,5,2,22,5,998,1,9,9,1,9
2.02E+12,2,9,0,9,0,8,0,0,0,0,3,1,2,1,31,6,998,1,11,10,1,10
2.02E+12,1,19,0,9,0,2,0,0,0,0,3,1,1,1,28,6,2148,2,8,1,1,1
2.02E+12,2,3,0,18,0,1,2,0,0,0,1,1,5,2,25,5,124,1,13,10,1,10
2.02E+12,1,9,0,5,0,6,0,0,0,0,0,1,6,2,48,8,1998,1,16,8,2,8
2.02E+12,2,3,0,18,0,8,1,0,0,0,0,1,6,1,34,6,124,1,7,5,1,5
2.02E+12,1,9,0,9,0,1,0,0,0,0,1,1,2,2,25,5,1596,1,11,3,3,3
2.02E+12,2,9,0,9,0,1,0,0,0,0,3,1,2,2,18,4,1397,1,7,6,3,6
2.02E+12,1,9,0,9,0,5,1,0,8,3,1,1,5,1,22,5,1995,2,5,8,1,8
2.02E+12,1,9,0,16,0,1,1,0,7,0,1,1,5,1,24,5,999,1,3,9,2,9
2.02E+12,1,9,0,7,0,5,1,0,2,0,1,1,5,1,20,4,1598,1,10,8,2,8
2.02E+12,2,9,0,18,0,1,0,0,0,0,1,1,2,2,50,8,1299,1,15,2,1,2
2.02E+12,1,9,0,9,0,1,0,0,0,0,1,1,6,2,83,11,1388,1,15,5,1,5
2.02E+12,2,9,0,3,0,1,0,0,0,0,1,1,6,2,75,10,2685,2,13,5,1,5
2.02E+12,1,9,0,9,0,5,0,0,0,0,1,1,6,1,23,5,1229,1,2,7,3,7
2.02E+12,2,9,0,18,0,8,0,0,0,0,1,1,6,1,65,9,1598,1,4,10,3,10
2.02E+12,3,9,0,4,0,1,0,0,0,0,1,1,6,1,71,10,1598,1,3,10,3,10
2.02E+12,1,9,0,18,0,8,0,0,0,0,1,1,5,1,83,11,1596,1,11,9,1,9
2.02E+12,2,9,0,18,0,8,0,0,0,0,4,1,5,1,52,8,1796,1,10,9,1,9
2.02E+12,1,9,0,18,0,2,0,0,0,0,0,1,5,1,27,6,2143,2,4,4,1,4
2.02E+12,2,9,0,18,0,2,0,0,0,0,4,1,5,1,27,6,2985,2,11,10,1,10
2.02E+12,1,9,0,9,0,6,1,0,1,0,1,1,6,2,75,10,599,1,15,5,1,5
2.02E+12,2,9,0,18,0,1,1,0,7,4,1,1,6,1,22,5,1995,2,8,4,1,4
2.02E+12,1,9,0,9,0,6,0,0,0,0,3,1,5,1,71,10,1997,2,9,9,1,9
2.02E+12,1,9,0,12,0,8,0,0,0,0,3,1,5,1,21,5,1360,1,8,7,1,7
2.02E+12,2,5,0,18,0,3,0,0,0,0,1,1,5,1,51,8,1130,1,15,7,3,7
2.02E+12,1,3,0,18,0,1,0,0,0,0,4,1,5,1,20,4,108,1,1,4,1,4
2.02E+12,2,9,0,7,0,6,0,0,0,0,2,1,6,1,26,6,1596,1,14,2,1,2
2.02E+12,2,3,0,13,0,1,0,0,7,0,1,1,6,1,24,5,125,1,2,8,1,8
2.02E+12,2,3,0,7,0,8,5,0,0,0,1,1,6,1,22,5,125,1,5,9,2,9
2.02E+12,1,9,0,1,0,1,0,0,0,0,1,1,5,1,88,11,998,1,1,9,1,9
2.02E+12,1,19,0,18,0,2,0,0,0,0,1,1,2,1,37,7,1968,2,2,7,1,7
2.02E+12,3,19,0,3,0,2,0,0,0,0,2,1,2,1,38,7,1968,2,1,4,3,4
2.02E+12,4,9,0,3,0,2,0,0,0,0,2,1,2,2,56,9,1461,2,1,7,1,7
2.02E+12,1,9,0,18,0,1,0,0,0,0,1,1,5,2,61,9,1753,2,15,3,1,3
2.02E+12,2,9,0,3,0,1,0,0,0,0,2,2,5,2,58,9,599,1,17,5,2,5
2.02E+12,1,9,0,17,0,1,0,0,0,0,1,1,6,2,43,7,1242,1,5,6,1,6
2.02E+12,2,9,0,18,0,1,0,0,0,0,1,1,6,1,72,10,1896,2,16,7,3,7
2.02E+12,1,9,0,18,0,8,0,0,0,0,3,1,5,2,56,9,1368,1,2,8,2,8
2.02E+12,2,9,0,10,0,8,0,0,0,0,3,1,5,1,28,6,1124,1,12,9,3,9
2.02E+12,2,9,0,3,0,2,0,0,0,0,2,1,5,1,86,11,1329,1,7,7,2,7
2.02E+12,1,9,0,9,0,8,0,0,0,0,3,1,2,1,51,8,2993,2,2,5,1,5
2.02E+12,2,9,0,18,0,1,0,0,0,0,1,1,5,1,62,9,1587,1,13,4,1,4
2.02E+12,2,9,0,18,0,1,0,0,0,0,3,1,2,2,46,8,1398,1,2,7,1,7
2.02E+12,2,9,0,18,0,3,0,0,0,0,3,1,6,1,20,4,2148,2,9,3,1,3
2.02E+12,2,9,0,18,0,8,0,0,0,0,3,1,5,1,47,8,2401,2,11,2,1,2
2.02E+12,2,9,0,18,0,1,0,0,0,0,1,1,2,1,40,7,1991,8,1,10,3,10
2.02E+12,2,9,0,18,0,1,1,0,1,0,4,1,5,1,73,10,1498,1,2,4,1,4
2.02E+12,1,9,0,5,0,6,0,0,0,0,1,1,2,2,44,7,1598,1,4,10,1,10
2.02E+12,1,9,0,18,0,2,0,0,0,0,1,1,5,1,49,8,2179,2,8,10,1,10
2.02E+12,1,19,0,9,0,8,0,0,0,0,1,1,1,1,56,9,2198,2,2,5,1,5
2.02E+12,1,9,0,9,0,8,0,0,0,0,1,1,5,1,20,4,998,1,2,4,1,4
2.02E+12,2,9,0,18,0,8,0,0,0,0,1,1,5,1,19,4,1388,1,11,3,1,3
2.02E+12,1,9,0,18,0,8,0,0,0,0,1,1,2,1,25,5,1590,1,14,2,1,2
2.02E+12,1,9,0,17,0,8,1,0,1,11,1,1,5,2,64,9,998,1,10,4,1,4
2.02E+12,2,9,0,4,0,1,0,0,0,0,1,1,5,2,71,10,1198,1,7,9,1,9
2.02E+12,1,9,0,5,0,8,0,0,0,0,1,1,1,1,63,9,1797,8,5,2,1,2
2.02E+12,2,9,0,5,0,8,0,0,0,0,1,1,6,2,18,4,1360,1,8,8,1,8
2.02E+12,1,3,0,16,0,2,5,0,0,0,1,1,6,1,25,5,124,1,1,7,1,7
2.02E+12,2,9,0,17,0,1,0,0,0,0,0,1,5,1,42,7,1995,2,2,9,2,9
2.02E+12,3,19,0,17,0,1,0,0,0,0,1,1,5,1,20,4,5480,2,19,7,3,7
2.02E+12,1,9,0,16,0,3,0,0,4,0,3,1,6,1,19,4,1598,1,5,7,1,7
2.02E+12,1,3,0,18,0,3,0,0,0,0,3,1,5,2,19,4,125,1,7,6,1,6
2.02E+12,1,3,0,18,0,1,0,0,0,0,1,1,5,1,53,8,124,1,11,3,1,3
2.02E+12,2,9,0,4,0,1,0,0,0,0,2,1,5,2,47,8,1240,1,11,6,1,6
2.02E+12,1,9,0,5,0,4,0,0,0,0,1,1,5,2,40,7,1870,2,8,2,1,2
2.02E+12,1,9,0,9,0,6,0,0,0,0,1,1,6,1,57,9,2544,1,17,3,1,3
2.02E+12,2,9,0,17,0,8,0,0,0,0,1,1,6,1,44,7,1598,1,12,4,1,4
2.02E+12,2,9,0,3,0,1,0,0,0,0,2,1,6,2,32,6,998,1,15,4,1,4
2.02E+12,2,9,0,18,0,8,0,0,0,0,1,1,2,1,25,5,1984,1,10,10,3,10
2.02E+12,2,9,0,18,0,8,0,0,0,0,1,1,5,2,23,5,1598,2,4,4,1,4
2.02E+12,1,19,0,4,0,1,2,0,1,9,4,1,1,1,54,8,5193,2,5,4,1,4
2.02E+12,2,9,0,18,0,8,0,0,0,0,2,1,5,1,33,6,1198,1,1,10,1,10
2.02E+12,1,19,0,9,0,1,0,0,0,0,4,1,1,1,37,7,2198,2,5,3,1,3
2.02E+12,2,9,0,18,0,1,0,0,0,0,1,1,6,2,31,6,1461,2,8,10,3,10
2.02E+12,1,9,0,18,0,1,0,0,0,0,1,1,5,1,31,6,2143,2,1,7,1,7
2.02E+12,2,9,0,3,0,1,0,0,0,0,2,1,5,1,65,9,1499,2,1,4,1,4
2.02E+12,3,9,0,3,0,1,0,0,0,0,2,1,6,2,46,8,1598,1,8,1,1,1
2.02E+12,1,9,0,7,0,1,0,0,0,0,4,1,3,1,50,8,1587,1,10,4,1,4
2.02E+12,1,9,0,15,0,1,0,0,0,0,1,1,5,1,65,9,2688,2,17,2,1,2
2.02E+12,2,9,0,17,0,2,0,0,0,0,1,1,5,2,46,8,1997,1,10,3,1,3
2.02E+12,1,9,0,16,0,1,1,0,7,4,1,1,6,1,65,9,1997,2,5,9,1,9
2.02E+12,1,9,0,18,0,8,0,0,0,0,1,1,2,1,54,8,1968,2,1,9,2,9
2.02E+12,2,9,0,18,0,8,0,0,0,0,2,1,6,1,50,8,1339,1,8,5,1,5
2.02E+12,3,9,0,18,0,8,0,0,0,0,2,1,6,1,40,7,1598,1,5,2,1,2
2.02E+12,1,11,0,5,0,1,0,0,0,0,1,1,1,1,68,10,5883,2,15,1,1,1
2.02E+12,2,9,0,3,0,8,0,0,0,0,2,1,6,1,43,7,2143,2,3,3,1,3
2.02E+12,1,9,0,9,0,8,0,0,0,0,4,1,5,2,40,7,1388,1,12,2,1,2
2.02E+12,2,9,0,18,0,1,0,0,0,0,3,1,5,2,49,8,1975,1,13,10,1,10
2.02E+12,3,9,0,3,0,1,0,0,0,0,1,1,5,2,51,8,1498,1,5,5,2,5
2.02E+12,1,9,0,18,0,1,0,0,0,0,1,1,5,1,64,9,2993,2,1,9,1,9
2.02E+12,2,9,0,4,0,1,0,0,0,0,2,1,5,1,26,6,1896,2,13,2,1,2
2.02E+12,1,3,0,17,0,8,2,0,0,0,3,1,6,1,21,5,124,1,9,8,2,8
2.02E+12,1,5,0,14,0,1,0,0,7,0,4,1,5,1,65,9,1202,1,4,9,1,9
2.02E+12,2,9,0,10,0,6,0,0,0,0,1,1,5,2,37,7,2967,2,4,9,1,9
2.02E+12,1,9,0,4,0,2,0,0,0,0,1,1,5,1,56,9,3301,1,11,9,1,9
2.02E+12,2,9,0,3,0,2,0,0,0,0,2,1,5,1,35,6,2498,1,19,2,1,2
2.02E+12,1,9,0,7,0,1,0,0,0,0,1,1,5,1,26,6,1364,1,9,4,1,4
2.02E+12,1,9,0,18,0,1,0,0,0,0,1,1,6,1,45,7,2993,2,2,8,1,8
2.02E+12,2,9,0,3,0,2,0,0,0,0,2,1,5,1,60,9,1599,1,12,3,1,3
2.02E+12,1,9,0,4,0,1,0,0,0,0,1,1,5,1,35,6,1753,2,9,3,1,3
2.02E+12,1,9,0,18,0,8,0,0,0,0,1,1,2,1,51,8,1796,1,17,6,1,6
2.02E+12,1,9,0,4,0,1,0,0,0,0,2,1,2,2,25,5,1781,1,16,3,1,3
2.02E+12,2,9,0,18,0,2,0,0,0,0,1,1,6,1,34,6,1198,1,11,3,1,3
2.02E+12,1,9,0,9,0,1,0,0,0,0,3,1,5,2,37,7,996,1,5,2,1,2
2.02E+12,2,19,0,18,0,1,0,0,0,0,1,1,2,1,74,10,1870,2,11,10,1,10
2.02E+12,2,19,0,7,0,8,0,0,0,0,3,1,2,1,63,9,2198,2,4,7,1,7
2.02E+12,1,9,0,18,0,8,0,0,0,0,1,1,1,2,23,5,1390,1,14,5,1,5
2.02E+12,1,9,0,5,0,4,0,0,0,0,1,1,5,1,66,10,1200,1,2,10,1,10
2.02E+12,1,9,0,18,0,3,0,0,0,0,1,1,5,2,73,10,1596,1,1,8,2,8
2.02E+12,2,9,0,18,0,3,0,0,0,0,2,1,6,2,35,6,599,1,15,2,1,2
2.02E+12,1,9,0,4,0,1,1,0,0,0,4,1,5,1,37,7,1397,1,9,4,1,4
2.02E+12,2,9,0,17,0,1,0,0,0,0,1,1,1,1,49,8,1956,2,5,5,2,5
2.02E+12,1,9,0,18,0,1,0,0,0,0,1,1,5,2,21,5,1598,1,4,4,2,4
2.02E+12,2,3,0,18,0,1,2,0,0,0,4,1,2,1,19,4,125,1,12,4,2,4
2.02E+12,2,9,0,4,0,8,0,0,0,0,2,1,6,2,45,7,2179,2,3,7,3,7
2.02E+12,3,9,0,4,0,8,0,0,0,0,2,1,6,1,69,10,1997,2,1,10,3,10
2.02E+12,1,9,0,18,0,1,0,0,0,0,1,1,5,1,51,8,1461,2,1,4,2,4
2.02E+12,3,9,0,4,0,1,0,0,0,0,1,1,5,1,43,7,1388,1,14,7,3,7
2.02E+12,1,9,0,18,0,2,0,0,7,4,1,1,5,1,54,8,1200,1,2,9,1,9
2.02E+12,1,9,0,5,0,8,2,0,7,0,4,1,6,2,43,7,1997,2,12,2,3,2
2.02E+12,2,9,0,18,0,1,1,0,0,0,1,1,6,2,43,7,1599,1,13,7,1,7
2.02E+12,1,9,0,5,0,4,0,0,0,0,2,1,6,2,53,8,1560,2,2,1,1,1
2.02E+12,1,9,0,18,0,4,0,0,0,0,1,1,2,1,59,9,1798,1,9,3,1,3
2.02E+12,1,9,0,11,0,8,0,0,0,0,1,1,5,2,18,4,1598,1,11,7,3,7
2.02E+12,2,9,0,9,0,3,0,0,0,0,1,1,5,2,28,6,1560,2,5,5,1,5
2.02E+12,3,9,0,7,0,3,0,0,0,0,4,1,5,1,26,6,1499,2,2,4,1,4
2.02E+12,1,9,0,9,0,8,0,0,0,0,1,1,6,2,79,11,1596,1,9,9,2,9
2.02E+12,2,9,0,10,0,2,0,0,0,0,1,1,6,1,61,9,1198,1,1,9,1,9
2.02E+12,1,9,0,18,0,8,0,0,0,0,1,1,5,1,72,10,998,1,1,9,2,9
2.02E+12,2,9,0,3,0,8,0,0,0,0,2,1,5,1,39,7,1998,1,1,2,1,2