Accident_Index,Vehicle_Reference,Vehicle_Type,Towing_and_Articulation,Vehicle_Manoeuvre,Vehicle_Location-Restricted_Lane,Junction_Location,Skidding_and_Overturning,Hit_Object_in_Carriageway,Vehicle_Leaving_Carriageway,Hit_Object_off_Carriageway,1st_Point_of_Impact,Was_Vehicle_Left_Hand_Drive?,Journey_Purpose_of_Driver,Sex_of_Driver,Age_of_Driver,Age_Band_of_Driver,Engine_Capacity_(CC),Propulsion_Code,Age_of_Vehicle,Driver_IMD_Decile,Driver_Home_Area_Type,Vehicle_IMD_Decile
2.02E+12,1,9,0,18,0,4,0,0,0,0,1,1,2,1,19,4,1388,1,14,5,1,5
2.02E+12,1,9,0,5,0,8,0,0,0,0,3,1,6,1,49,8,1999,1,3,3,1,3
2.02E+12,2,4,0,9,0,8,0,0,0,0,4,1,6,1,22,5,398,1,9,8,1,8
2.02E+12,1,9,0,5,0,4,0,0,0,0,1,1,5,1,29,6,1984,1,2,7,1,7
2.02E+12,1,9,0,4,0,1,0,0,0,0,4,1,5,1,98,11,1198,1,6,8,1,8
2.02E+12,1,9,0,18,0,2,0,0,0,0,1,1,5,1,63,9,1399,2,13,3,1,3
2.02E+12,2,9,0,18,0,1,0,0,0,0,3,1,6,1,19,4,1242,1,12,7,1,7
2.02E+12,3,9,0,18,0,1,0,0,0,0,3,1,6,1,34,6,2143,2,5,6,1,6
2.02E+12,4,9,0,18,0,1,0,0,0,0,1,1,6,2,54,8,1796,1,8,9,1,9
2.02E+12,2,9,0,4,0,1,0,0,0,0,1,1,6,2,59,9,1240,1,13,1,2,1
2.02E+12,2,9,0,18,0,8,0,0,0,0,1,1,5,1,34,6,2521,1,8,4,1,4
2.02E+12,2,9,0,3,0,2,0,0,0,0,2,1,6,1,32,6,1781,1,12,4,1,4
2.02E+12,1,9,0,9,0,6,0,0,0,0,3,1,6,2,18,4,1242,1,13,5,3,5
2.02E+12,1,19,0,18,0,8,0,0,0,0,1,1,2,1,64,9,2198,2,2,6,1,6
2.02E+12,1,9,0,18,0,8,0,0,0,0,1,1,5,1,24,5,1598,1,16,7,1,7
2.02E+12,2,9,0,18,0,3,1,0,1,9,4,1,2,2,45,7,1560,2,10,6,1,6
2.02E+12,1,9,0,9,0,2,0,0,0,0,1,1,6,1,87,11,1197,1,4,9,2,9
2.02E+12,2,9,0,18,0,1,0,0,0,0,1,1,6,1,54,8,1990,1,13,1,1,1
2.02E+12,1,9,0,9,0,4,0,0,0,0,3,1,1,1,23,5,1995,2,15,2,1,2
2.02E+12,2,9,0,18,0,3,0,0,0,0,1,1,2,1,29,6,2143,2,4,4,1,4
2.02E+12,1,9,0,18,0,1,0,0,0,0,4,1,5,1,35,6,1998,1,10,7,1,7
2.02E+12,2,9,0,9,0,1,0,0,0,0,1,1,5,2,49,8,2198,2,12,3,1,3
2.02E+12,1,5,0,13,0,8,1,7,0,0,1,1,5,1,23,5,1202,1,1,1,1,1
2.02E+12,2,9,0,18,0,8,0,0,0,0,3,1,6,2,49,8,1499,2,2,7,1,7
2.02E+12,3,9,0,2,0,1,0,0,0,0,1,1,5,1,29,6,998,1,15,4,1,4
2.02E+12,1,9,0,4,0,1,0,0,0,0,0,1,6,1,53,8,2300,1,17,1,1,1
2.02E+12,2,11,0,4,0,1,0,0,0,0,0,1,1,2,59,9,6700,2,9,2,1,2
2.02E+12,1,19,0,3,0,1,0,0,0,0,1,1,1,1,41,7,2143,2,2,2,1,2
2.02E+12,2,9,0,3,0,1,0,0,0,0,2,1,2,2,33,6,1997,2,9,4,1,4
2.02E+12,1,9,0,18,0,1,0,0,0,0,1,1,6,1,47,8,2179,2,6,8,1,8
2.02E+12,1,9,0,18,0,1,0,0,0,0,1,1,6,2,20,4,1242,1,2,9,1,9
2.02E+12,1,2,0,4,0,1,2,0,0,0,4,1,5,2,17,4,49,1,9,8,3,8
2.02E+12,2,9,0,4,0,1,0,0,0,0,0,1,5,1,80,11,1796,1,6,10,1,10
2.02E+12,1,9,0,18,0,1,0,4,0,0,4,1,2,1,34,6,1248,2,10,5,1,5
2.02E+12,1,9,0,18,0,2,0,0,0,0,1,1,5,1,43,7,1984,1,1,4,1,4
2.02E+12,1,9,0,13,0,4,0,0,0,0,1,2,6,1,20,4,1793,1,18,2,1,2
2.02E+12,2,9,0,18,0,1,0,0,7,0,0,1,5,1,20,4,1229,1,4,4,1,4
2.02E+12,2,9,0,18,0,1,0,4,4,6,1,1,6,1,52,8,1870,2,10,4,1,4
2.02E+12,1,19,0,18,0,8,0,0,1,0,3,1,2,1,29,6,2198,2,3,4,1,4
2.02E+12,2,9,0,9,0,8,0,0,1,0,1,1,5,2,30,6,1686,2,5,10,1,10
2.02E+12,1,9,0,9,0,4,0,0,0,0,3,1,5,2,26,6,1390,1,6,6,1,6
2.02E+12,2,9,0,18,0,1,0,0,0,0,1,1,6,1,73,10,1198,1,2,6,1,6
2.02E+12,2,9,0,18,0,1,0,0,0,0,1,1,5,2,43,7,1242,1,5,3,1,3
2.02E+12,1,9,0,9,0,8,0,0,0,0,1,1,5,2,51,8,1339,1,9,5,1,5
2.02E+12,2,5,0,18,0,1,0,0,0,0,1,1,6,1,52,8,1402,1,11,6,3,6
2.02E+12,1,9,0,9,0,1,0,0,0,0,1,1,6,1,26,6,1198,1,7,3,1,3
2.02E+12,2,9,0,18,0,8,0,0,0,0,1,1,6,2,75,10,1318,1,2,9,3,9
2.02E+12,2,9,0,18,0,8,0,0,0,0,3,1,6,2,19,4,1242,1,2,4,1,4
2.02E+12,1,19,0,18,0,1,1,0,0,0,1,1,2,1,57,9,1968,2,7,7,3,7
2.02E+12,2,9,0,3,0,1,0,0,0,0,2,1,2,1,21,5,1398,1,1,6,1,6
2.02E+12,3,9,0,3,0,1,0,0,0,0,4,1,2,1,48,8,1999,1,7,8,1,8
2.02E+12,1,9,0,12,0,3,0,0,0,0,3,1,5,1,37,7,1796,1,11,3,1,3
2.02E+12,2,9,0,18,0,3,0,0,0,0,4,1,5,1,21,5,1198,1,1,4,1,4
2.02E+12,2,19,0,18,0,4,0,0,0,0,1,1,1,1,37,7,2287,2,4,8,1,8
2.02E+12,1,19,0,18,0,2,0,0,0,0,1,1,2,1,30,6,1248,2,5,3,1,3
2.02E+12,1,9,0,18,0,2,0,0,0,0,3,1,1,1,35,6,1560,2,3,2,1,2
2.02E+12,1,21,0,7,0,8,0,0,0,0,3,1,1,1,50,8,12740,2,2,3,3,3
2.02E+12,1,9,0,18,0,1,0,0,0,0,3,1,1,1,60,9,999,1,2,5,1,5
2.02E+12,2,9,0,18,0,3,0,0,0,0,1,1,6,1,60,9,4367,2,3,5,1,5
2.02E+12,2,9,0,18,0,8,0,0,0,0,1,1,5,1,60,9,2987,2,4,7,1,7
2.02E+12,3,9,0,18,0,8,0,0,0,0,4,1,5,1,31,6,1329,1,5,6,1,6
2.02E+12,2,9,0,4,0,1,0,0,0,0,3,1,5,1,48,8,1753,2,11,5,1,5
2.02E+12,3,9,0,4,0,1,0,0,0,0,2,1,5,1,33,6,2179,2,10,8,3,8
2.02E+12,1,9,0,16,0,1,0,0,0,0,1,1,6,2,89,11,1086,1,11,7,2,7
2.02E+12,2,9,0,17,0,1,0,0,0,0,1,1,6,1,29,6,1199,1,18,2,1,2
2.02E+12,1,9,0,9,0,1,1,0,0,0,1,1,5,1,23,5,1390,1,14,1,1,1
2.02E+12,1,9,0,18,0,4,0,0,7,0,4,1,2,2,22,5,1242,1,11,8,1,8
2.02E+12,2,19,0,9,0,4,0,0,0,0,3,1,6,1,24,5,2198,2,2,3,1,3
2.02E+12,1,9,0,18,0,2,1,0,1,11,4,1,5,2,78,11,1398,1,3,10,3,10
2.02E+12,2,9,0,9,0,1,1,0,0,0,1,1,5,1,20,4,998,1,2,10,1,10
2.02E+12,1,9,0,9,0,5,0,0,0,0,1,1,1,1,36,7,1781,1,14,6,1,6
2.02E+12,1,19,0,18,0,8,0,0,0,0,1,1,1,1,32,6,2198,2,1,1,1,1
2.02E+12,1,9,0,18,0,8,0,0,0,0,1,1,6,1,24,5,1995,2,11,4,2,4
2.02E+12,3,9,0,10,0,1,0,0,0,0,1,1,6,1,42,7,1968,2,5,7,1,7
2.02E+12,1,9,0,9,0,4,0,0,0,0,1,1,2,1,23,5,998,1,1,3,1,3
2.02E+12,1,9,0,18,0,8,0,0,0,0,4,1,2,2,37,7,1229,1,12,5,1,5
2.02E+12,2,3,0,3,0,1,2,0,0,0,2,1,5,2,30,6,125,1,15,8,2,8
2.02E+12,1,9,0,5,0,6,0,0,3,10,1,1,5,1,64,9,1596,1,9,5,3,5
2.02E+12,1,9,0,18,0,2,0,0,0,0,1,1,5,1,79,11,1596,1,6,5,1,5
2.02E+12,1,90,0,18,0,8,2,0,1,0,4,1,1,1,56,9,7146,2,7,3,1,3
2.02E+12,1,19,0,18,0,1,0,0,7,2,1,1,2,1,58,9,1248,2,9,8,1,8
2.02E+12,3,9,0,18,0,1,0,0,0,0,1,1,6,1,85,11,998,1,1,10,1,10
2.02E+12,1,5,0,15,0,1,5,0,0,0,3,1,6,1,38,7,599,1,14,6,1,6
2.02E+12,2,9,0,11,0,1,0,0,0,0,4,1,6,2,41,7,1598,2,3,10,2,10
2.02E+12,1,9,0,5,0,1,1,0,2,0,1,1,6,1,44,7,2967,1,18,7,1,7
2.02E+12,1,9,0,18,0,1,2,0,0,0,1,1,5,1,22,5,1598,1,12,6,1,6
2.02E+12,1,9,0,18,0,1,0,0,0,0,0,1,6,1,35,6,2979,1,1,9,1,9
2.02E+12,1,9,0,10,0,6,0,0,0,0,3,1,5,1,26,6,1794,1,17,8,1,8
2.02E+12,1,3,0,3,0,1,5,0,0,0,1,1,6,1,22,5,125,1,7,5,3,5
2.02E+12,2,19,0,4,0,1,0,0,0,0,2,1,5,1,36,7,1996,2,6,7,1,7
2.02E+12,3,9,0,16,0,2,0,0,0,0,1,1,5,1,75,10,1598,1,15,10,2,10
2.02E+12,2,9,0,18,0,3,0,0,0,0,1,1,6,1,38,7,1461,2,1,9,1,9
2.02E+12,1,8,0,7,0,4,0,0,0,0,3,1,1,1,57,9,1995,2,3,8,1,8
2.02E+12,1,9,0,9,0,3,0,0,0,0,1,1,2,1,51,8,1339,1,10,6,1,6
2.02E+12,1,9,0,18,0,1,0,0,0,0,1,1,2,1,59,9,1995,1,8,5,1,5
2.02E+12,2,9,0,18,0,8,0,0,0,0,1,1,6,1,63,9,2967,1,16,5,2,5
2.02E+12,3,9,0,3,0,3,0,0,0,0,2,1,6,2,49,8,2993,2,3,7,3,7
2.02E+12,1,3,0,4,0,1,2,0,0,0,3,1,6,1,34,6,124,1,5,1,1,1
2.02E+12,2,9,0,4,0,2,1,10,1,0,1,1,5,1,21,5,1242,1,2,6,2,6
2.02E+12,1,9,0,18,0,8,0,0,0,0,1,1,6,2,38,7,2993,2,4,8,1,8
2.02E+12,1,9,0,5,0,4,0,0,0,0,3,1,5,1,50,8,1999,1,14,3,2,3
2.02E+12,2,21,1,18,0,8,0,0,0,0,1,1,1,1,38,7,12419,2,3,4,1,4
2.02E+12,1,9,0,17,0,2,1,0,0,0,1,1,6,2,35,6,2830,2,23,4,1,4
2.02E+12,2,9,0,18,0,1,0,0,1,0,1,1,2,1,22,5,1984,1,8,2,1,2
2.02E+12,2,5,0,18,0,1,1,0,0,0,0,1,5,1,43,7,645,1,13,2,1,2
2.02E+12,1,9,0,5,0,8,0,0,0,0,1,1,5,2,29,6,1951,2,14,7,2,7
2.02E+12,2,9,0,18,0,8,1,0,1,2,4,1,6,2,52,8,2143,2,2,9,2,9
2.02E+12,1,9,0,15,0,4,0,0,0,0,0,1,5,2,45,7,1198,1,2,4,1,4
2.02E+12,1,9,0,9,0,4,0,0,0,0,1,1,6,1,44,7,1395,1,2,2,1,2
2.02E+12,1,11,0,2,0,8,0,0,0,0,3,1,1,1,30,6,4461,2,3,3,1,3
2.02E+12,2,21,0,9,0,8,0,0,0,0,4,1,1,1,39,7,10837,2,3,3,1,3
2.02E+12,1,8,0,18,0,1,0,0,0,0,1,1,1,1,37,7,2987,2,11,8,1,8
2.02E+12,2,9,0,18,0,1,0,0,0,0,4,1,2,2,58,9,1968,2,10,6,3,6
2.02E+12,3,21,1,18,0,1,0,0,0,0,3,1,1,1,54,8,12809,2,2,1,1,1
2.02E+12,2,9,0,18,0,1,0,0,0,0,1,1,6,2,36,7,2993,2,1,8,1,8
2.02E+12,1,9,0,3,0,6,1,0,0,0,4,1,5,2,32,6,1598,1,4,6,1,6
2.02E+12,2,9,0,18,0,1,0,0,0,0,1,1,5,1,36,7,1799,1,11,5,1,5
2.02E+12,1,9,0,9,0,2,0,0,0,0,4,1,6,1,47,8,1596,1,5,3,1,3
2.02E+12,2,9,0,18,0,1,0,0,0,0,4,1,3,2,45,7,1597,2,2,7,3,7
2.02E+12,1,9,0,9,0,4,0,0,0,0,1,1,2,1,34,6,1753,2,10,5,1,5
2.02E+12,2,3,0,18,0,4,0,0,0,0,3,1,2,1,21,5,125,1,1,6,1,6
2.02E+12,1,8,0,9,0,8,0,0,0,0,1,1,1,1,43,7,1598,1,4,5,1,5
2.02E+12,1,8,0,17,0,1,0,0,0,0,1,1,1,1,48,8,1997,2,8,5,1,5
2.02E+12,1,9,0,18,0,1,0,0,0,0,1,1,5,2,39,7,1796,1,12,5,1,5
2.02E+12,2,9,0,9,0,2,0,0,0,0,3,1,5,2,42,7,999,1,1,5,1,5
2.02E+12,1,19,0,5,0,1,0,0,0,0,1,1,1,1,36,7,2143,2,4,1,1,1
2.02E+12,2,9,0,17,0,1,0,0,0,0,1,1,2,1,54,8,1995,2,7,2,1,2
2.02E+12,1,9,0,4,0,1,0,0,0,0,3,1,2,1,56,9,1242,1,3,9,3,9
2.02E+12,1,3,0,18,0,1,0,0,7,0,1,1,6,1,20,4,125,1,13,4,1,4
2.02E+12,1,9,0,5,0,8,0,0,0,0,3,1,6,1,39,7,1396,1,20,2,1,2
2.02E+12,2,19,0,18,0,8,0,0,0,0,1,1,1,1,27,6,2402,2,10,2,1,2
2.02E+12,2,11,0,17,0,8,0,0,0,0,1,1,1,1,56,9,7300,2,12,5,2,5
2.02E+12,1,9,0,18,0,4,0,0,0,0,2,1,5,2,28,6,1796,1,9,3,1,3
2.02E+12,2,4,0,18,0,4,0,0,0,0,4,1,5,2,43,7,250,1,6,10,1,10
2.02E+12,1,9,0,5,0,4,0,0,0,0,3,1,5,1,69,10,2993,2,1,9,1,9
2.02E+12,1,9,0,18,0,1,0,0,0,0,1,1,5,1,25,5,1499,1,1,3,1,3
2.02E+12,2,9,0,16,0,7,0,0,0,0,1,1,2,1,63,9,1796,1,13,9,1,9
2.02E+12,1,9,0,18,0,4,0,0,0,0,1,1,5,1,17,4,1229,1,3,8,1,8
2.02E+12,1,9,0,18,0,4,0,0,0,0,1,1,6,1,24,5,2967,1,16,1,1,1
2.02E+12,2,9,0,9,0,4,0,0,0,0,3,1,6,2,69,10,1242,1,6,5,1,5
2.02E+12,2,9,0,4,0,1,0,0,0,0,2,1,6,2,50,8,1598,2,5,6,3,6
2.02E+12,1,9,0,9,0,2,0,0,0,0,1,1,5,2,40,7,1910,2,9,2,1,2
2.02E+12,2,9,0,18,0,1,1,0,0,0,4,1,5,1,29,6,1590,1,13,4,1,4
2.02E+12,3,21,0,18,0,1,0,0,0,0,1,1,1,1,45,7,10837,2,5,1,1,1
2.02E+12,1,9,0,6,0,8,0,10,0,0,1,1,6,2,20,4,1229,1,3,1,1,1
2.02E+12,2,9,0,4,0,8,0,0,0,0,2,1,6,1,63,9,1499,2,2,9,1,9
2.02E+12,1,19,0,18,0,1,0,0,0,0,1,1,1,1,43,7,1997,2,1,1,1,1
2.02E+12,1,9,0,9,0,2,0,0,0,0,1,1,5,2,78,11,1798,1,9,10,2,10
2.02E+12,2,9,0,18,0,8,0,0,0,0,3,1,6,1,21,5,1461,2,1,4,1,4
2.02E+12,1,9,0,18,0,2,1,0,0,0,1,1,5,2,22,5,1242,1,9,7,3,7
2.02E+12,2,9,0,18,0,2,1,0,0,0,1,1,5,2,60,9,998,1,4,4,1,4
2.02E+12,1,9,0,18,0,4,0,0,0,0,1,1,5,1,19,4,1149,1,12,4,1,4
2.02E+12,2,9,0,3,0,4,0,0,0,0,2,1,1,1,57,9,1499,2,2,10,1,10
2.02E+12,1,3,0,14,0,1,0,0,0,0,1,1,6,1,43,7,108,1,2,9,1,9
2.02E+12,2,9,0,5,0,6,0,0,0,0,3,1,6,1,58,9,1799,1,19,8,1,8
2.02E+12,1,9,0,5,0,4,0,0,0,0,3,1,5,2,57,9,1999,1,7,7,1,7
2.02E+12,2,2,0,18,0,3,0,0,0,0,1,1,5,1,25,5,49,1,6,6,1,6
2.02E+12,1,9,0,4,0,1,0,0,0,0,1,1,5,2,41,7,1242,1,1,7,1,7
2.02E+12,2,9,0,4,0,1,0,0,0,0,2,1,5,1,77,11,2099,1,14,10,1,10
2.02E+12,1,9,0,18,0,1,0,0,0,0,1,1,5,2,54,8,1242,1,4,3,1,3
2.02E+12,1,19,0,9,9,6,0,0,0,0,1,1,2,1,53,8,1248,2,8,9,3,9
2.02E+12,2,9,0,18,0,1,0,0,0,0,1,1,6,2,21,5,1124,1,14,6,1,6
2.02E+12,2,9,0,3,0,4,0,0,0,0,2,1,5,2,69,10,1242,1,4,2,1,2
2.02E+12,2,9,0,4,0,1,0,0,0,0,2,1,6,2,39,7,1461,2,2,2,1,2
2.02E+12,1,9,0,7,0,3,0,0,0,0,1,1,5,2,59,9,1242,1,13,6,1,6
2.02E+12,2,5,0,7,0,3,0,0,0,0,2,1,5,1,53,8,649,1,3,1,1,1
2.02E+12,2,9,0,18,0,8,0,0,0,0,4,1,6,2,45,7,1248,2,9,3,1,3
2.02E+12,1,9,0,16,0,1,0,0,0,0,1,1,5,1,27,6,2698,2,9,2,1,2
2.02E+12,1,9,0,17,0,2,2,0,1,11,4,1,5,1,18,4,1596,1,12,7,3,7
2.02E+12,1,9,0,18,0,1,0,0,0,0,1,1,5,2,80,11,1991,2,7,7,1,7
2.02E+12,2,9,0,18,0,2,0,0,0,0,1,1,5,2,34,6,998,1,2,7,1,7
2.02E+12,1,9,0,7,0,6,0,0,0,0,1,1,5,1,21,5,1798,1,8,10,2,10
2.02E+12,1,9,0,18,0,1,0,0,0,0,1,1,6,2,38,7,1896,2,8,9,1,9
2.02E+12,1,9,0,18,0,1,2,7,0,0,1,1,2,2,21,5,1242,1,7,4,1,4
2.02E+12,2,9,0,18,0,1,1,0,0,0,4,1,5,1,36,7,1598,1,11,7,2,7
2.02E+12,1,9,0,4,0,7,0,0,0,0,1,1,5,1,36,7,1198,1,1,8,1,8
2.02E+12,2,9,0,4,0,7,0,0,0,0,2,1,5,1,28,6,2993,2,6,8,1,8
2.02E+12,2,3,0,18,0,1,0,0,0,0,1,1,6,1,32,6,125,1,3,3,1,3
2.02E+12,1,9,0,9,0,8,0,0,0,0,1,1,1,1,45,7,1461,2,11,6,1,6
2.02E+12,1,9,0,11,0,3,1,0,0,0,4,1,5,1,38,7,5000,1,6,1,1,1
2.02E+12,2,11,0,18,0,3,0,0,0,0,1,1,1,1,34,6,4250,2,14,3,1,3
2.02E+12,1,9,0,18,0,1,1,4,0,0,1,1,5,1,48,8,1969,2,2,8,3,8
2.02E+12,2,9,0,2,0,1,0,0,0,0,1,1,2,1,26,6,1951,2,18,8,2,8
2.02E+12,1,9,0,18,0,3,1,0,1,0,1,1,5,1,19,4,1396,2,2,2,1,2
2.02E+12,1,9,0,5,0,8,0,0,0,0,1,1,5,1,18,4,1398,2,7,3,1,3
2.02E+12,2,9,0,9,0,8,0,0,0,0,1,1,5,1,33,6,2099,7,15,2,1,2
2.02E+12,1,9,0,4,0,3,0,0,0,0,3,1,5,1,19,4,1395,1,4,2,1,2
2.02E+12,1,9,0,18,0,2,0,0,0,0,1,1,6,2,51,8,1390,1,15,9,1,9
2.02E+12,1,9,0,18,0,4,0,7,0,0,1,1,6,1,25,5,2521,1,10,1,1,1
2.02E+12,2,9,0,3,0,1,0,0,0,0,2,1,6,1,23,5,1398,1,1,7,1,7
2.02E+12,1,9,0,4,0,1,0,0,0,0,4,1,3,2,44,7,1598,2,1,9,1,9
2.02E+12,1,9,0,18,0,4,0,0,0,0,3,1,5,2,45,7,1995,2,10,6,1,6
2.02E+12,1,9,0,5,0,6,0,0,0,0,4,1,6,2,21,5,1242,1,5,1,1,1
2.02E+12,2,11,1,18,0,1,0,0,0,0,1,1,1,1,34,6,9400,2,11,4,3,4
2.02E+12,2,11,0,18,0,1,0,0,0,0,0,1,1,1,31,6,6700,2,4,1,1,1
2.02E+12,1,9,0,9,0,6,0,0,7,0,3,1,6,2,30,6,1349,1,4,5,2,5
2.02E+12,2,9,0,18,0,8,0,0,7,0,1,1,2,2,28,6,1598,2,6,10,1,10
2.02E+12,1,9,0,18,0,8,0,0,0,0,1,1,6,2,25,5,1390,1,11,4,1,4
2.02E+12,2,9,0,18,0,8,0,0,0,0,4,1,6,1,25,5,1360,1,5,7,1,7
2.02E+12,1,9,0,9,0,4,0,0,0,0,3,1,6,2,42,7,1199,1,15,7,1,7
2.02E+12,2,9,0,18,0,8,0,0,0,0,1,1,6,2,21,5,1242,1,14,10,2,10
2.02E+12,1,9,0,18,0,3,0,0,0,0,1,1,4,1,62,9,1598,1,3,10,1,10
2.02E+12,2,8,0,18,0,3,0,0,0,0,2,1,1,1,44,7,1896,2,8,9,3,9
2.02E+12,2,9,0,7,0,5,0,0,0,0,2,1,6,1,31,6,1598,2,3,8,3,8
2.02E+12,1,9,0,18,0,2,0,0,0,0,4,1,6,1,69,10,1461,2,11,8,1,8
2.02E+12,1,9,0,7,0,2,0,0,7,2,1,1,2,2,26,6,875,1,6,5,1,5
2.02E+12,1,5,0,5,0,3,1,0,0,0,4,1,2,1,57,9,885,1,19,9,1,9
2.02E+12,1,9,0,7,0,6,0,0,0,0,3,1,2,2,33,6,1197,1,1,10,1,10
2.02E+12,2,9,0,18,0,8,0,0,0,0,1,1,6,1,71,10,1956,2,6,10,1,10
2.02E+12,1,9,0,18,0,8,0,0,7,1,1,1,6,1,66,10,1596,1,10,5,1,5
2.02E+12,1,9,0,18,0,4,1,7,7,7,1,1,6,1,32,6,1999,1,10,4,1,4
2.02E+12,1,9,0,9,0,5,0,0,0,0,1,1,1,1,38,7,2231,2,9,5,1,5
2.02E+12,1,9,0,18,0,8,0,0,0,0,1,1,6,2,42,7,1796,1,10,10,1,10
2.02E+12,2,9,0,18,0,8,1,0,0,0,3,1,6,1,50,8,1360,1,11,8,1,8
2.02E+12,1,9,0,18,0,1,1,0,5,4,3,1,1,1,24,5,1149,1,12,2,1,2
2.02E+12,1,9,0,6,0,6,0,0,0,0,3,1,6,2,53,8,1388,1,7,3,1,3
2.02E+12,2,9,0,18,0,8,0,0,0,0,4,1,6,1,78,11,1496,1,2,10,3,10
2.02E+12,1,9,0,18,0,1,0,0,0,0,1,1,6,1,31,6,1399,1,1,1,1,1
2.02E+12,1,9,0,9,0,6,0,0,0,0,1,1,2,1,49,8,1200,1,2,5,2,5
2.02E+12,2,9,0,9,0,8,0,0,0,0,3,1,2,1,42,7,1124,1,11,1,1,1
2.02E+12,1,9,0,9,0,6,0,0,0,0,3,1,6,1,29,6,1587,1,14,6,1,6
2.02E+12,2,9,0,18,0,1,0,0,0,0,1,1,6,2,33,6,1461,2,2,4,1,4
2.02E+12,2,9,0,9,0,6,1,0,0,0,3,1,6,2,39,7,1360,1,14,10,3,10
2.02E+12,1,9,0,18,0,4,0,0,0,0,1,1,6,2,34,6,1560,2,6,8,1,8
2.02E+12,2,9,0,9,0,8,0,0,0,0,4,1,6,2,31,6,1299,1,15,9,1,9
2.02E+12,1,21,1,12,0,6,0,0,0,0,1,1,1,1,47,8,12902,2,1,10,1,10
2.02E+12,2,9,0,12,0,6,0,0,0,0,2,1,6,2,54,8,1242,1,5,8,3,8
2.02E+12,1,8,0,9,0,3,0,0,0,0,1,1,1,1,59,9,1997,2,12,7,1,7
2.02E+12,1,9,0,5,0,1,0,0,0,0,1,1,1,1,43,7,1560,2,10,8,1,8
2.02E+12,2,9,0,4,0,1,0,0,0,0,2,1,1,1,44,7,1598,2,5,3,1,3
2.02E+12,1,9,0,18,0,1,0,0,0,0,1,1,1,1,30,6,1248,2,2,9,3,9
2.02E+12,2,9,0,9,0,8,0,0,0,0,1,1,6,1,42,7,2198,2,8,7,3,7
2.02E+12,2,9,0,17,0,8,0,0,0,0,1,1,2,1,26,6,1598,1,10,7,1,7
2.02E+12,1,9,0,9,0,6,0,0,0,0,1,1,6,2,42,7,1499,1,1,10,1,10
2.02E+12,2,9,0,18,0,8,0,0,0,0,4,1,6,2,42,7,1910,2,8,8,2,8
2.02E+12,1,9,0,16,0,8,1,0,3,11,1,1,6,1,20,4,1390,1,12,9,2,9
2.02E+12,2,9,0,18,0,1,1,0,0,0,2,1,6,2,32,6,1968,2,8,2,1,2
2.02E+12,2,9,0,18,0,1,0,0,0,0,1,1,6,1,36,7,1422,2,15,10,1,10
2.02E+12,1,9,0,7,0,6,0,0,0,0,1,1,6,2,33,6,1248,1,4,3,1,3
2.02E+12,2,9,0,18,0,8,0,0,7,11,1,1,6,2,67,10,1968,2,2,10,2,10
2.02E+12,1,9,0,9,0,6,0,0,0,0,1,1,6,1,44,7,1984,1,13,10,1,10
2.02E+12,1,9,0,9,0,5,0,0,0,0,1,1,2,1,49,8,1598,1,14,3,1,3
2.02E+12,1,9,0,17,0,8,0,0,1,11,1,1,6,2,54,8,1781,1,18,5,2,5
2.02E+12,1,9,0,16,0,2,5,0,1,9,1,1,1,2,53,8,1997,2,3,5,3,5
2.02E+12,1,9,0,18,0,4,0,9,3,1,1,1,6,1,47,8,2497,2,10,4,1,4
2.02E+12,1,9,0,9,0,8,0,0,0,0,1,1,6,2,30,6,1229,1,3,6,1,6
2.02E+12,2,9,0,18,0,8,0,0,0,0,3,1,6,2,20,4,1560,2,7,10,1,10
2.02E+12,2,19,0,5,0,1,0,0,0,0,2,1,1,2,24,5,1753,2,12,8,1,8
2.02E+12,1,9,0,18,0,3,0,0,0,0,4,1,6,2,26,6,2494,2,13,7,3,7
2.02E+12,2,9,0,18,0,3,0,0,0,0,3,1,6,1,48,8,1596,1,13,6,1,6
2.02E+12,1,9,0,1,0,1,0,0,0,0,3,1,6,1,63,9,1596,1,17,5,2,5
2.02E+12,1,9,0,9,0,1,0,0,0,0,3,1,2,2,27,6,1999,1,13,9,1,9
2.02E+12,1,9,0,9,0,6,0,0,0,0,4,1,6,2,21,5,1229,1,4,9,3,9
2.02E+12,2,9,0,18,0,1,0,0,0,0,1,1,6,1,22,5,1390,1,8,5,1,5
2.02E+12,1,9,0,18,0,8,0,0,0,0,1,1,6,1,47,8,1896,2,12,2,1,2
2.02E+12,2,9,0,18,0,8,0,0,0,0,4,1,2,2,18,4,1242,1,8,8,2,8
2.02E+12,1,9,0,9,0,6,0,0,0,0,3,1,6,1,32,6,1560,2,5,6,1,6
2.02E+12,2,9,0,18,0,1,0,0,0,0,1,1,6,2,26,6,1242,1,6,4,1,4
2.02E+12,1,9,0,9,0,8,0,0,0,0,1,1,6,1,65,9,4196,1,12,9,1,9
2.02E+12,2,9,0,18,0,8,0,0,0,0,3,1,6,2,19,4,1390,1,15,4,1,4
2.02E+12,1,9,0,7,0,3,1,9,0,0,4,1,6,1,32,6,1596,1,14,5,1,5
2.02E+12,2,9,0,9,0,8,0,0,0,0,4,1,6,2,38,7,1398,1,1,9,1,9
2.02E+12,1,9,0,18,0,1,0,0,0,0,1,1,2,1,48,8,2997,1,17,6,1,6