Accident_Index,Vehicle_Reference,Vehicle_Type,Towing_and_Articulation,Vehicle_Manoeuvre,Vehicle_Location-Restricted_Lane,Junction_Location,Skidding_and_Overturning,Hit_Object_in_Carriageway,Vehicle_Leaving_Carriageway,Hit_Object_off_Carriageway,1st_Point_of_Impact,Was_Vehicle_Left_Hand_Drive?,Journey_Purpose_of_Driver,Sex_of_Driver,Age_of_Driver,Age_Band_of_Driver,Engine_Capacity_(CC),Propulsion_Code,Age_of_Vehicle,Driver_IMD_Decile,Driver_Home_Area_Type,Vehicle_IMD_Decile
2.02E+12,1,9,0,9,0,6,0,0,0,0,1,1,3,1,77,11,998,1,16,7,1,7
2.02E+12,1,9,0,9,0,8,0,0,0,0,1,1,2,2,39,7,1240,1,12,3,1,3
2.02E+12,2,8,0,18,0,8,0,0,0,0,1,1,1,1,58,9,2143,2,6,4,1,4
2.02E+12,1,9,0,9,0,5,0,0,0,0,4,1,6,1,19,4,1390,1,10,6,1,6
2.02E+12,1,2,0,4,0,1,1,0,0,0,3,1,6,2,17,4,49,1,2,2,1,2
2.02E+12,1,9,0,18,0,1,0,0,0,0,1,1,6,1,57,9,2967,2,1,7,3,7
2.02E+12,2,9,0,3,0,1,0,0,0,0,2,1,6,2,53,8,1339,1,7,9,2,9
2.02E+12,1,9,0,7,2,6,0,0,0,0,4,1,1,2,23,5,1242,1,6,7,2,7
2.02E+12,2,3,0,18,2,8,0,0,0,0,1,1,6,1,19,4,124,1,3,6,1,6
2.02E+12,1,9,0,17,0,8,2,0,8,4,1,1,6,2,25,5,1198,1,14,8,2,8
2.02E+12,1,9,0,18,0,8,1,0,0,0,4,1,6,1,35,6,998,1,4,8,1,8
2.02E+12,1,9,0,18,0,8,0,0,8,2,1,1,6,1,47,8,1796,1,7,3,1,3
2.02E+12,2,9,0,18,0,8,0,0,0,0,1,1,6,1,33,6,2477,2,15,7,1,7
2.02E+12,1,9,0,9,0,6,0,0,0,0,1,1,6,1,42,7,1995,1,11,9,1,9
2.02E+12,1,9,0,7,0,6,0,0,0,0,1,1,2,1,46,8,1995,2,7,4,1,4
2.02E+12,2,9,0,3,0,2,0,0,0,0,2,1,6,1,40,7,1910,2,11,6,1,6
2.02E+12,3,9,0,3,0,2,0,0,0,0,2,1,6,2,30,6,1995,2,12,3,1,3
2.02E+12,1,9,0,5,0,4,0,0,0,0,1,1,1,1,28,6,1596,1,13,10,1,10
2.02E+12,1,19,0,18,0,8,0,0,0,0,1,1,2,1,38,7,1753,2,10,4,1,4
2.02E+12,2,9,0,18,0,8,0,0,0,0,1,1,3,2,50,8,1598,1,12,10,1,10
2.02E+12,1,9,0,18,0,1,0,0,0,0,1,1,6,2,21,5,1598,1,8,7,1,7
2.02E+12,1,9,0,9,0,6,1,0,3,7,3,1,2,1,64,9,2143,2,6,10,1,10
2.02E+12,2,9,0,18,0,8,1,0,0,0,1,1,2,1,53,8,1969,2,2,3,1,3
2.02E+12,1,9,0,18,0,2,0,4,0,0,1,1,3,2,34,6,1591,1,6,8,3,8
2.02E+12,1,9,0,9,0,8,0,0,0,0,1,1,6,2,48,8,1461,2,1,10,1,10
2.02E+12,1,9,0,18,0,1,0,0,0,0,1,1,6,1,32,6,1398,1,1,5,1,5
2.02E+12,1,9,0,18,0,3,0,0,0,1,4,1,1,1,57,9,2987,2,8,5,2,5
2.02E+12,2,9,0,18,0,4,0,0,0,0,1,1,6,1,56,9,1242,1,17,10,1,10
2.02E+12,1,9,0,17,0,2,0,0,1,11,1,1,6,2,24,5,1400,2,10,4,1,4
2.02E+12,1,19,0,9,0,6,0,0,0,0,3,1,1,1,34,6,1560,2,1,7,3,7
2.02E+12,2,9,0,18,0,1,1,0,0,0,4,1,2,2,21,5,1598,1,10,9,3,9
2.02E+12,1,9,0,9,0,6,0,0,0,0,1,1,6,2,22,5,1781,1,16,10,1,10
2.02E+12,2,9,0,18,0,8,0,0,0,0,1,1,6,2,87,11,1298,1,10,4,3,4
2.02E+12,1,9,0,5,0,4,0,0,1,0,1,1,6,2,19,4,1598,1,12,8,1,8
2.02E+12,2,9,0,18,0,3,1,0,1,0,1,1,6,1,18,4,1461,2,8,7,3,7
2.02E+12,1,9,0,18,0,8,2,0,1,0,3,1,2,2,42,7,1590,1,17,3,1,3
2.02E+12,2,9,0,7,0,6,0,0,0,0,0,1,6,2,24,5,999,1,4,9,2,9
2.02E+12,1,9,0,18,0,8,2,10,1,0,4,1,6,1,23,5,1229,1,4,10,1,10
2.02E+12,1,9,0,4,0,4,0,0,0,0,1,1,6,1,71,10,3199,1,15,10,1,10
2.02E+12,2,5,0,7,0,5,0,0,0,0,2,1,6,1,73,10,998,1,10,10,1,10
2.02E+12,1,9,0,9,0,8,0,0,0,0,1,1,2,2,50,8,1493,2,13,5,1,5
2.02E+12,1,9,0,7,0,6,0,0,0,0,1,1,6,1,69,10,2987,2,9,7,3,7
2.02E+12,1,9,0,16,0,8,0,0,0,0,1,1,6,2,64,9,2179,2,7,8,1,8
2.02E+12,2,9,0,17,0,8,0,0,0,0,1,1,1,1,29,6,2143,2,4,4,1,4
2.02E+12,1,9,0,18,0,1,0,0,0,0,1,1,6,1,54,8,1200,1,1,7,1,7
2.02E+12,1,3,0,18,0,8,1,0,0,0,0,1,6,1,20,4,125,1,14,6,1,6
2.02E+12,1,9,0,9,0,6,0,0,0,0,3,1,2,2,49,8,1242,1,5,9,2,9
2.02E+12,2,5,0,18,0,1,0,0,0,0,1,1,6,1,28,6,798,1,1,2,1,2
2.02E+12,1,9,0,18,0,4,0,0,0,0,2,1,1,1,60,9,1590,1,13,9,3,9
2.02E+12,1,9,0,6,0,1,0,0,0,0,3,1,1,1,21,5,1229,1,5,9,2,9
2.02E+12,2,4,0,14,0,1,0,0,0,0,1,1,1,1,61,9,250,1,5,8,1,8
2.02E+12,1,9,0,9,0,6,0,0,0,0,4,1,6,2,46,8,1395,1,1,3,1,3
2.02E+12,2,9,0,18,0,8,0,0,0,0,1,1,6,1,25,5,1995,2,12,8,2,8
2.02E+12,1,9,0,7,0,6,0,0,0,0,0,1,6,1,31,6,1796,1,11,6,1,6
2.02E+12,2,3,0,18,0,1,0,0,0,0,0,1,6,1,52,8,125,1,4,8,1,8
2.02E+12,1,19,0,18,0,8,0,0,0,0,1,1,1,1,58,9,2143,2,1,1,1,1
2.02E+12,2,9,0,18,0,8,0,0,1,9,3,1,2,1,22,5,1796,1,17,9,2,9
2.02E+12,1,9,0,18,0,1,0,0,1,2,1,1,6,1,72,10,2993,2,10,10,1,10
2.02E+12,2,9,0,18,0,1,0,0,0,0,2,1,6,1,54,8,1796,1,13,8,2,8
2.02E+12,1,9,0,18,0,4,0,0,1,0,1,1,6,2,36,7,2188,2,14,10,2,10
2.02E+12,2,19,0,9,0,8,0,0,1,0,2,1,1,1,33,6,2299,2,2,8,2,8
2.02E+12,1,9,0,7,0,6,0,0,0,0,1,1,6,2,59,9,1396,1,19,2,1,2
2.02E+12,2,9,0,18,0,1,0,0,0,0,4,1,6,2,25,5,1197,1,1,10,1,10
2.02E+12,1,9,0,9,0,2,0,0,0,0,1,1,2,1,54,8,1798,1,5,7,1,7
2.02E+12,1,9,0,18,0,1,0,0,0,0,1,1,2,1,42,7,1968,2,10,4,1,4
2.02E+12,2,9,0,3,0,1,0,0,0,0,2,1,2,2,34,6,1984,1,11,2,1,2
2.02E+12,1,21,0,18,0,4,0,0,0,0,1,1,1,1,37,7,12740,2,5,5,1,5
2.02E+12,2,9,0,18,0,8,1,10,7,0,4,1,6,2,29,6,1995,2,11,5,1,5
2.02E+12,1,9,0,9,0,4,0,0,0,0,1,1,1,2,37,7,1339,1,12,9,1,9
2.02E+12,1,9,0,9,0,6,0,0,0,0,1,1,2,2,41,7,2993,2,5,7,1,7
2.02E+12,2,9,0,18,0,1,0,0,1,1,4,1,3,2,34,6,2993,2,2,10,1,10
2.02E+12,1,4,0,14,0,1,0,0,0,0,1,1,2,1,23,5,321,1,1,10,1,10
2.02E+12,2,9,0,9,0,6,0,0,0,0,3,1,2,2,38,7,1598,2,3,10,2,10
2.02E+12,1,9,0,17,0,2,1,0,0,4,1,1,6,1,29,6,1910,2,16,6,3,6
2.02E+12,1,5,0,9,0,8,1,0,0,0,4,1,6,1,34,6,800,1,1,8,1,8
2.02E+12,1,9,0,18,0,2,0,0,0,0,3,1,6,2,44,7,1399,2,10,7,1,7
2.02E+12,1,9,0,18,0,4,0,0,0,0,3,1,6,1,51,8,2179,2,6,10,1,10
2.02E+12,2,9,0,10,0,1,0,0,0,0,2,1,6,2,38,7,1995,1,7,8,2,8
2.02E+12,1,9,0,18,0,8,0,0,0,0,1,1,1,1,61,9,1242,1,6,7,3,7
2.02E+12,1,9,0,9,0,5,0,0,0,0,0,1,6,2,55,8,1388,1,8,9,1,9
2.02E+12,2,9,0,18,0,1,0,0,7,0,4,1,2,2,48,8,1595,1,11,5,1,5
2.02E+12,3,9,0,18,0,1,0,0,0,0,4,1,2,1,47,8,2400,2,2,9,1,9
2.02E+12,1,9,0,9,0,5,0,0,0,0,1,1,6,1,58,9,3311,8,9,10,1,10
2.02E+12,2,9,0,9,0,5,0,0,0,0,4,1,6,1,23,5,1396,1,17,3,1,3
2.02E+12,1,9,0,9,0,6,0,0,0,0,3,1,6,2,26,6,1689,2,17,8,1,8
2.02E+12,2,9,0,18,0,1,0,0,0,0,1,1,6,2,36,7,1197,1,6,7,1,7
2.02E+12,1,9,0,9,0,2,0,0,0,0,1,1,6,2,62,9,1796,1,3,10,1,10
2.02E+12,2,9,0,4,0,1,0,0,0,0,2,1,6,1,46,8,1995,2,4,9,1,9
2.02E+12,2,9,0,3,0,1,0,0,0,0,2,1,2,2,21,5,1124,1,13,5,1,5
2.02E+12,2,9,0,18,0,8,0,0,0,0,1,1,6,2,72,10,1598,2,5,10,1,10
2.02E+12,2,19,0,18,0,8,0,0,0,0,4,1,1,1,23,5,1968,2,1,5,1,5
2.02E+12,2,9,0,18,0,2,0,0,4,6,2,1,2,1,44,7,1599,1,13,8,2,8
2.02E+12,1,9,0,18,0,8,1,10,1,4,1,1,6,1,20,4,1997,2,10,6,1,6
2.02E+12,1,9,0,18,0,1,0,0,0,0,1,1,6,1,51,8,2926,2,14,6,1,6
2.02E+12,2,9,0,10,0,1,0,0,0,0,2,1,6,1,68,10,2179,2,8,9,3,9
2.02E+12,1,9,0,18,0,1,0,0,0,0,4,1,2,1,25,5,1299,1,16,7,3,7
2.02E+12,2,9,0,18,0,2,0,0,0,0,4,1,1,1,37,7,3387,1,11,7,3,7
2.02E+12,1,9,0,18,0,4,0,0,0,0,1,1,6,2,41,7,1598,1,16,4,1,4
2.02E+12,2,9,0,9,0,8,0,0,0,0,1,1,6,1,41,7,1997,2,14,4,1,4
2.02E+12,1,9,0,5,0,6,0,0,0,0,3,1,6,3,19,4,1242,1,7,8,3,8
2.02E+12,1,9,0,18,0,2,0,0,0,0,1,1,6,1,30,6,1731,1,19,3,1,3
2.02E+12,1,5,0,9,0,6,0,0,0,0,1,1,2,1,25,5,782,1,3,6,1,6
2.02E+12,1,9,0,18,0,1,0,0,0,0,1,1,6,1,60,9,1997,1,9,10,1,10
2.02E+12,2,9,0,3,0,1,0,0,0,0,2,1,6,1,53,8,1497,8,9,7,1,7
2.02E+12,2,9,0,18,0,8,0,0,0,0,1,1,6,1,31,6,2143,2,6,2,1,2
2.02E+12,1,9,0,18,0,1,0,0,0,0,1,1,6,1,48,8,2777,2,7,6,1,6
2.02E+12,1,9,0,7,0,1,0,0,0,0,0,1,6,1,27,6,1686,2,7,3,1,3
2.02E+12,2,2,0,18,2,1,0,0,0,0,4,1,6,1,26,6,108,1,5,3,1,3
2.02E+12,2,9,0,18,0,8,0,0,0,0,3,1,6,1,47,8,1598,1,14,3,1,3
2.02E+12,1,19,0,18,0,8,0,0,0,0,1,1,6,1,24,5,2402,2,13,10,1,10
2.02E+12,3,21,0,3,0,8,0,0,0,0,2,1,1,1,37,7,6370,2,6,3,1,3
2.02E+12,1,9,0,18,0,3,0,0,0,0,3,1,6,1,21,5,1360,1,5,10,1,10
2.02E+12,1,9,0,18,0,2,1,0,0,0,1,1,1,1,35,6,2231,2,6,2,1,2
2.02E+12,2,9,0,7,0,8,0,0,0,0,4,1,6,2,47,8,1398,1,6,7,1,7
2.02E+12,1,9,0,18,0,8,0,0,0,0,1,1,1,2,50,8,1422,2,2,5,1,5
2.02E+12,1,9,0,18,0,3,1,0,1,7,1,1,6,2,30,6,1595,1,8,6,1,6
2.02E+12,1,9,0,7,0,6,0,0,0,0,3,1,6,2,42,7,999,1,3,6,1,6
2.02E+12,1,21,0,17,0,1,1,4,0,0,1,1,1,1,49,8,2998,2,6,6,3,6
2.02E+12,1,9,0,1,0,8,0,0,1,10,2,1,6,1,28,6,1998,1,21,10,1,10
2.02E+12,2,3,0,18,0,8,0,0,0,0,3,1,2,1,30,6,124,1,6,4,1,4
2.02E+12,1,19,0,18,0,1,0,0,0,0,3,1,1,1,44,7,2999,2,4,2,1,2
2.02E+12,1,9,0,12,0,1,0,0,0,0,1,1,6,2,21,5,1242,1,7,2,1,2
2.02E+12,2,9,0,18,0,1,0,0,0,0,4,1,6,2,56,9,2953,2,14,9,3,9
2.02E+12,2,9,2,18,0,8,0,0,0,0,4,1,6,2,35,6,1388,1,14,10,1,10
2.02E+12,1,9,0,18,0,2,2,10,0,0,1,1,6,1,69,10,1329,1,7,10,1,10
2.02E+12,2,9,0,18,0,2,1,0,0,0,1,1,6,1,53,8,1364,1,13,9,2,9
2.02E+12,1,9,0,1,0,1,0,0,1,11,2,1,6,1,88,11,1329,1,7,10,1,10
2.02E+12,1,9,0,9,0,6,0,0,0,0,1,1,1,2,37,7,1390,1,5,5,1,5
2.02E+12,2,9,0,18,0,1,0,0,0,0,4,1,3,1,42,7,1910,2,9,1,1,1
2.02E+12,1,9,0,7,0,5,0,0,0,0,1,1,1,2,28,6,1956,2,5,5,1,5
2.02E+12,1,9,0,7,0,4,2,0,5,1,1,1,6,1,18,4,1229,1,11,10,1,10
2.02E+12,1,9,0,9,0,6,0,0,0,0,1,1,2,1,29,6,1900,2,12,10,1,10
2.02E+12,2,9,0,18,0,8,1,0,0,0,1,1,2,1,39,7,1968,2,2,7,1,7
2.02E+12,1,3,0,18,0,4,1,0,0,0,1,1,6,1,33,6,108,1,4,6,1,6
2.02E+12,1,9,0,4,0,1,0,0,0,0,1,1,6,2,26,6,1124,1,15,3,1,3
2.02E+12,2,9,0,3,0,1,0,0,0,0,2,1,6,1,55,8,1598,2,2,10,1,10
2.02E+12,1,9,0,18,0,8,0,0,0,0,3,1,6,2,40,7,1995,1,9,8,3,8
2.02E+12,2,9,0,18,0,8,0,0,0,0,1,1,6,2,18,4,1390,1,17,8,3,8
2.02E+12,1,9,0,9,0,6,0,0,0,0,1,1,3,2,41,7,2143,2,2,10,1,10
2.02E+12,2,9,0,18,0,8,0,0,0,0,4,1,2,2,41,7,1242,1,10,10,1,10
2.02E+12,1,9,0,18,0,8,0,0,0,0,1,1,6,1,23,5,998,1,4,8,1,8
2.02E+12,2,9,0,18,0,8,0,0,0,0,3,1,6,2,27,6,1598,1,5,9,1,9
2.02E+12,1,9,0,18,0,8,0,0,0,0,1,1,6,1,46,8,1997,1,2,4,1,4
2.02E+12,1,9,0,11,0,1,0,0,0,0,1,1,2,1,24,5,1998,1,12,5,1,5
2.02E+12,2,9,0,3,0,1,0,0,0,0,2,1,6,1,47,8,1560,2,1,4,1,4
2.02E+12,1,9,0,9,0,5,0,0,0,0,1,1,2,2,31,6,1968,2,3,9,1,9
2.02E+12,1,9,0,18,0,2,5,2,0,0,1,1,6,1,44,7,2000,1,17,9,1,9
2.02E+12,1,9,0,18,0,1,0,0,0,0,1,1,6,1,79,11,1796,1,10,10,2,10
2.02E+12,1,9,0,18,0,2,0,0,0,0,1,1,6,2,28,6,1229,1,8,9,3,9
2.02E+12,2,9,0,8,0,1,0,0,0,0,2,1,6,1,26,6,1797,8,7,10,1,10
2.02E+12,1,19,0,18,0,4,0,0,0,0,1,1,1,2,40,7,1248,2,3,6,1,6
2.02E+12,2,9,0,18,0,1,0,0,0,0,4,1,6,1,18,4,1198,1,12,3,1,3
2.02E+12,1,9,0,9,0,6,0,0,0,0,1,1,6,2,47,8,1984,1,15,10,1,10
2.02E+12,2,5,0,18,0,1,0,0,7,0,1,1,2,1,45,7,999,1,9,10,1,10
2.02E+12,2,3,0,18,0,8,1,10,0,0,4,1,2,1,21,5,124,1,6,8,1,8
2.02E+12,1,9,0,9,0,8,0,0,0,0,1,1,6,2,49,8,1086,1,11,10,1,10
2.02E+12,2,9,0,18,0,8,0,0,0,0,4,1,6,1,39,7,1796,1,17,5,1,5
2.02E+12,1,9,0,18,0,4,0,0,0,0,1,1,6,1,68,10,1968,2,5,6,1,6
2.02E+12,2,9,0,18,0,8,0,0,0,0,4,1,6,2,63,9,1339,1,9,10,2,10
2.02E+12,1,9,0,9,0,8,0,0,0,0,1,1,6,2,22,5,1798,1,10,10,3,10
2.02E+12,2,8,0,18,0,8,0,0,0,0,1,1,1,1,38,7,2143,2,7,5,1,5
2.02E+12,1,9,0,18,0,4,1,0,0,2,1,1,2,1,20,4,998,1,3,2,1,2
2.02E+12,1,9,0,18,0,1,0,0,0,0,1,1,6,1,34,6,1598,1,3,10,1,10
2.02E+12,2,9,0,18,0,1,0,0,0,0,2,1,1,1,46,8,1796,1,6,4,1,4
2.02E+12,2,9,0,18,0,1,1,0,0,0,1,1,1,1,36,7,1997,12,4,3,1,3
2.02E+12,3,9,0,4,0,1,0,0,0,0,2,1,1,1,48,8,1399,2,6,3,1,3
2.02E+12,1,9,0,18,0,4,0,0,0,0,1,1,6,1,24,5,1296,1,9,10,1,10
2.02E+12,1,9,0,9,0,8,0,0,0,0,3,1,6,1,59,9,1968,2,3,10,2,10
2.02E+12,2,9,0,18,0,1,0,0,4,0,1,1,6,2,23,5,1328,1,11,7,1,7
2.02E+12,1,9,0,7,0,4,0,0,0,0,1,1,6,1,56,9,1997,2,6,8,1,8
2.02E+12,1,9,0,18,0,1,0,10,0,2,1,1,2,1,19,4,1240,1,12,10,1,10
2.02E+12,1,9,0,9,0,6,0,0,0,0,3,1,6,1,39,7,2400,2,1,3,1,3
2.02E+12,2,9,0,18,0,1,0,0,0,0,1,1,2,1,29,6,999,1,9,9,1,9
2.02E+12,2,9,0,18,0,1,0,0,0,0,1,1,2,2,59,9,1360,1,10,4,1,4
2.02E+12,1,9,0,5,0,4,0,0,0,0,1,1,1,2,45,7,1329,1,4,8,1,8
2.02E+12,2,5,0,18,0,1,1,0,0,0,1,1,6,1,24,5,644,1,12,6,1,6
2.02E+12,1,9,0,9,0,5,0,0,0,0,1,1,6,1,22,5,999,1,19,10,1,10
2.02E+12,2,9,0,18,0,8,0,0,0,0,1,1,6,2,23,5,1598,1,11,10,1,10
2.02E+12,2,11,0,17,0,8,0,0,0,0,1,1,1,1,57,9,6370,2,12,8,1,8
2.02E+12,1,10,0,9,0,6,0,0,0,0,1,1,1,1,52,8,2198,2,5,1,1,1
2.02E+12,2,19,0,18,0,8,0,0,0,0,2,1,1,1,46,8,2998,2,4,3,1,3
2.02E+12,1,9,0,9,0,8,0,0,0,0,3,1,6,1,33,6,2835,2,19,1,1,1
2.02E+12,1,19,0,13,0,8,0,0,7,2,1,1,6,1,28,6,2460,2,12,3,1,3
2.02E+12,2,9,0,9,0,8,0,0,0,0,3,1,6,2,51,8,1997,2,14,5,1,5
2.02E+12,1,3,0,18,0,8,1,0,0,0,0,1,1,2,20,4,108,1,2,9,2,9
2.02E+12,1,19,0,18,0,1,0,0,0,0,1,1,2,1,32,6,2198,2,4,9,1,9
2.02E+12,1,9,0,18,0,8,0,0,0,0,4,1,2,2,53,8,1598,2,4,5,3,5
2.02E+12,2,9,0,18,0,8,0,0,0,1,1,1,6,2,31,6,2204,2,12,8,3,8
2.02E+12,1,9,0,9,0,8,0,0,0,0,1,1,3,1,38,7,1699,1,9,8,1,8
2.02E+12,2,9,0,18,0,1,0,0,0,0,1,1,6,2,36,7,1598,1,12,5,1,5
2.02E+12,3,8,0,10,0,1,0,0,0,0,3,1,1,1,42,7,1797,8,8,8,1,8
2.02E+12,2,9,0,18,0,8,0,0,0,0,3,1,6,2,67,10,1896,2,11,7,1,7
2.02E+12,1,9,0,7,0,1,1,0,0,0,1,1,1,1,37,7,2204,2,8,9,1,9
2.02E+12,1,9,0,17,0,1,0,0,2,4,1,1,6,1,33,6,1998,1,8,4,1,4
2.02E+12,1,9,0,18,0,8,0,0,0,0,1,1,6,1,50,8,1395,1,1,2,1,2
2.02E+12,2,9,0,18,0,8,0,0,0,0,4,1,6,1,20,4,1496,2,1,8,1,8
2.02E+12,1,9,0,7,0,8,0,0,0,0,1,1,6,1,26,6,1598,1,10,6,1,6
2.02E+12,2,9,0,18,0,8,0,0,0,0,4,1,6,2,45,7,1968,2,6,10,1,10
2.02E+12,1,9,0,18,0,8,0,0,0,0,1,1,2,2,39,7,1598,2,3,8,1,8
2.02E+12,2,9,0,18,0,8,0,0,0,0,1,1,2,1,25,5,1600,2,7,5,1,5
2.02E+12,1,9,0,18,0,1,1,0,0,0,1,1,6,1,18,4,1360,1,19,10,1,10
2.02E+12,3,9,0,2,0,1,0,0,0,0,2,1,6,2,50,8,1124,1,14,10,1,10
2.02E+12,2,9,0,8,0,1,0,0,0,0,2,1,6,2,30,6,2204,2,10,8,1,8
2.02E+12,1,9,0,9,0,6,0,0,0,0,3,1,6,1,75,10,1997,1,4,10,1,10
2.02E+12,1,9,0,18,0,1,0,0,0,0,1,1,6,2,25,5,1986,2,11,7,1,7
2.02E+12,2,21,0,2,0,1,0,0,0,0,2,1,1,1,51,8,4461,2,6,5,1,5
2.02E+12,1,9,0,18,0,4,0,0,0,0,1,1,2,1,53,8,2967,2,3,7,1,7
2.02E+12,1,9,0,9,0,6,0,0,0,0,3,1,2,1,61,9,1587,1,12,9,3,9
2.02E+12,2,9,0,18,0,1,0,0,1,0,1,1,2,2,23,5,998,1,15,7,1,7
2.02E+12,1,9,0,9,0,8,0,10,0,10,1,1,1,1,62,9,1396,1,17,6,1,6
2.02E+12,2,9,0,18,0,8,0,0,0,0,1,1,6,2,32,6,995,1,10,7,1,7
2.02E+12,1,9,0,18,0,1,0,0,0,0,1,1,6,1,39,7,1995,2,4,9,1,9
2.02E+12,2,9,0,18,0,1,0,0,0,0,1,1,6,1,68,10,1124,1,15,3,1,3
2.02E+12,3,9,0,18,0,1,0,0,0,0,3,1,6,2,42,7,1995,2,1,3,1,3
2.02E+12,1,9,0,5,0,4,0,0,0,0,3,1,6,1,70,10,2179,2,16,3,1,3
2.02E+12,1,5,0,18,0,8,0,0,0,0,1,1,6,1,52,8,751,1,75,8,2,8
2.02E+12,2,9,0,18,0,8,0,0,0,0,1,1,6,1,29,6,1149,1,13,9,3,9
2.02E+12,1,9,0,9,0,8,0,0,0,0,1,1,6,1,36,7,1598,2,1,5,1,5
2.02E+12,2,9,0,18,0,8,0,0,0,0,1,1,6,1,47,8,1995,2,3,6,1,6
2.02E+12,1,9,0,4,0,1,0,0,0,0,3,1,1,1,51,8,1248,2,3,9,1,9
2.02E+12,2,9,0,5,0,1,0,0,0,0,2,1,6,2,22,5,1496,2,1,10,1,10
2.02E+12,1,9,0,18,0,8,0,0,0,0,1,1,6,2,50,8,2401,2,11,7,1,7
2.02E+12,2,9,0,9,0,8,0,0,0,0,4,1,6,1,27,6,1497,1,12,3,1,3
2.02E+12,1,9,0,9,0,6,0,0,0,0,1,1,6,2,55,8,1598,1,6,9,1,9
2.02E+12,2,9,0,18,0,2,0,0,0,0,1,1,6,1,41,7,1799,1,9,9,1,9
2.02E+12,1,9,0,7,0,6,0,0,0,0,1,1,1,2,62,9,1229,1,4,10,1,10
2.02E+12,1,9,0,9,0,8,0,0,0,0,1,1,6,2,64,9,1299,1,15,4,1,4
2.02E+12,2,9,0,18,0,8,0,0,0,0,4,1,6,2,44,7,998,1,3,6,1,6
2.02E+12,1,9,0,9,0,6,0,0,0,0,1,1,6,1,36,7,2494,8,1,10,1,10
2.02E+12,1,9,0,5,0,1,0,0,0,0,1,1,6,1,23,5,998,1,11,9,1,9
2.02E+12,1,9,0,3,0,1,0,0,0,0,2,1,2,1,53,8,1995,2,1,1,1,1
2.02E+12,2,9,0,18,0,1,0,0,0,0,1,1,6,2,51,8,1948,1,16,9,1,9
2.02E+12,2,9,0,1,0,8,0,0,0,0,2,1,6,2,49,8,998,1,10,5,1,5
2.02E+12,1,9,0,18,0,1,0,0,0,0,1,1,6,1,57,9,998,1,4,2,1,2
2.02E+12,2,9,0,3,0,1,0,0,0,0,3,1,6,1,40,7,2231,2,10,3,1,3
2.02E+12,1,9,0,9,0,1,0,0,0,0,1,1,1,2,43,7,1498,1,2,10,2,10
2.02E+12,1,9,0,18,0,8,0,0,0,0,1,1,6,1,79,11,1399,2,12,9,2,9
2.02E+12,2,9,0,18,0,8,0,0,0,0,1,1,6,2,69,10,1422,2,9,8,3,8
2.02E+12,1,9,0,7,0,5,0,0,0,0,4,1,2,2,30,6,1296,1,9,10,3,10
2.02E+12,1,9,0,18,0,4,0,0,0,0,1,1,6,1,82,11,1398,1,2,5,1,5
2.02E+12,2,9,0,9,0,8,0,0,0,0,4,1,6,1,20,4,1360,1,10,4,1,4
2.02E+12,1,19,0,9,0,5,0,0,0,0,1,1,1,1,48,8,2148,2,9,3,1,3
2.02E+12,2,9,0,18,0,8,0,0,0,0,1,1,2,2,26,6,1396,1,6,5,1,5
2.02E+12,1,9,0,18,0,1,0,0,0,0,4,1,6,1,37,7,1390,1,8,8,3,8
2.02E+12,1,8,0,18,0,4,0,0,0,0,3,1,1,1,64,9,2664,2,17,4,1,4
2.02E+12,1,9,0,5,0,4,0,0,0,0,1,1,6,1,26,6,1796,1,13,8,1,8
2.02E+12,1,9,0,9,0,6,0,0,0,0,1,1,2,2,44,7,1598,1,11,10,1,10
2.02E+12,1,21,1,9,0,8,0,0,0,0,1,1,1,1,53,8,12900,2,5,1,1,1
2.02E+12,2,19,0,18,0,1,0,0,0,0,3,1,1,1,37,7,1753,2,12,6,1,6
2.02E+12,1,9,0,9,0,8,0,0,0,0,1,1,6,2,23,5,1198,1,12,3,1,3
2.02E+12,2,9,0,18,0,8,0,0,0,0,1,1,6,1,46,8,1796,1,15,6,1,6
2.02E+12,2,9,0,18,0,1,0,0,0,0,2,1,6,2,71,10,1395,1,2,9,1,9
2.02E+12,1,9,0,9,0,6,0,0,0,0,1,1,1,1,32,6,1997,2,3,9,1,9
2.02E+12,2,9,0,18,0,8,0,0,0,0,4,1,6,2,59,9,1598,1,20,9,1,9
2.02E+12,1,9,0,18,0,1,0,0,0,0,1,1,6,1,37,7,1560,2,7,4,1,4
2.02E+12,2,9,0,3,0,1,0,0,0,0,2,1,2,2,28,6,1995,2,6,3,1,3
2.02E+12,3,19,0,3,0,1,0,0,0,0,3,1,2,2,36,7,1560,2,6,2,1,2
2.02E+12,1,9,0,18,0,4,5,9,0,0,1,1,1,1,27,6,1956,2,2,7,1,7
2.02E+12,1,9,0,18,0,4,0,0,0,0,3,1,2,1,35,6,1870,2,15,8,1,8
2.02E+12,2,5,0,18,0,8,0,0,0,0,1,1,2,1,32,6,599,1,20,2,1,2
2.02E+12,1,9,0,9,0,6,0,0,0,0,4,1,6,1,72,10,1598,1,11,9,1,9
2.02E+12,2,3,0,18,0,8,0,0,0,0,1,1,6,1,24,5,124,1,1,5,1,5