Accident_Index,Vehicle_Reference,Vehicle_Type,Towing_and_Articulation,Vehicle_Manoeuvre,Vehicle_Location-Restricted_Lane,Junction_Location,Skidding_and_Overturning,Hit_Object_in_Carriageway,Vehicle_Leaving_Carriageway,Hit_Object_off_Carriageway,1st_Point_of_Impact,Was_Vehicle_Left_Hand_Drive?,Journey_Purpose_of_Driver,Sex_of_Driver,Age_of_Driver,Age_Band_of_Driver,Engine_Capacity_(CC),Propulsion_Code,Age_of_Vehicle,Driver_IMD_Decile,Driver_Home_Area_Type,Vehicle_IMD_Decile
2.02E+12,1,9,0,18,0,1,1,0,0,0,3,1,6,1,19,4,1896,2,14,5,1,5
2.02E+12,2,19,0,18,0,1,1,0,0,0,2,1,1,1,39,7,1560,2,1,4,1,4
2.02E+12,3,9,0,18,0,1,1,10,1,2,4,1,6,1,26,6,2521,1,9,3,1,3
2.02E+12,4,9,0,8,0,2,0,0,1,11,1,1,6,1,80,11,1686,2,11,7,1,7
2.02E+12,1,9,0,17,0,2,0,0,2,11,4,1,6,1,25,5,2494,1,19,6,3,6
2.02E+12,1,9,0,9,0,5,0,0,0,0,1,1,2,1,40,7,1587,1,12,5,1,5
2.02E+12,2,9,0,18,0,8,0,0,0,0,3,1,2,2,37,7,1596,1,8,10,1,10
2.02E+12,1,9,0,18,0,4,0,0,0,0,1,1,2,1,62,9,1124,1,15,9,1,9
2.02E+12,1,9,0,16,0,1,0,0,1,0,1,1,6,1,24,5,998,1,1,3,1,3
2.02E+12,2,9,0,16,0,1,0,0,0,0,2,1,6,1,40,7,2993,2,12,9,2,9
2.02E+12,1,9,0,18,0,8,0,0,0,0,1,1,6,2,45,7,2148,2,11,10,1,10
2.02E+12,2,9,0,10,0,8,0,0,0,0,1,1,6,1,54,8,2401,2,10,9,1,9
2.02E+12,3,9,0,10,0,8,0,0,0,0,2,1,6,2,49,8,998,1,12,10,1,10
2.02E+12,1,9,0,1,0,6,0,0,0,0,4,1,6,2,38,7,1998,1,11,8,1,8
2.02E+12,1,9,0,1,9,1,0,0,0,0,2,1,6,1,70,10,1598,1,9,9,1,9
2.02E+12,2,9,0,6,0,8,1,0,0,0,3,1,6,2,40,7,1197,1,3,5,1,5
2.02E+12,2,9,0,18,0,8,0,0,0,0,3,1,6,2,40,7,1240,1,12,4,1,4
2.02E+12,1,9,0,18,0,4,0,0,0,0,3,1,6,1,20,4,1362,1,4,9,2,9
2.02E+12,1,9,0,18,0,1,0,0,0,0,4,1,6,1,59,9,2698,2,10,8,1,8
2.02E+12,1,9,0,9,0,5,0,0,0,0,3,1,6,2,25,5,1206,1,6,5,1,5
2.02E+12,2,3,0,13,0,8,0,0,0,0,4,1,6,2,17,4,125,1,2,4,1,4
2.02E+12,1,9,0,18,0,8,0,0,0,0,4,1,6,2,54,8,1200,1,4,10,1,10
2.02E+12,1,9,0,9,0,6,0,0,0,0,1,1,6,1,39,7,2400,2,8,6,1,6
2.02E+12,2,9,0,18,0,1,1,0,7,4,4,1,1,1,31,6,1390,1,13,5,1,5
2.02E+12,2,9,0,18,0,1,0,0,0,0,4,1,2,1,32,6,1896,2,11,7,1,7
2.02E+12,2,9,0,18,0,8,0,0,0,0,1,1,6,1,32,6,1124,1,16,9,1,9
2.02E+12,1,9,0,5,0,1,0,0,0,0,1,1,2,2,45,7,1242,1,7,7,1,7
2.02E+12,2,9,0,3,0,1,0,0,0,0,2,1,2,1,54,8,3474,1,15,5,1,5
2.02E+12,1,9,0,5,0,4,0,0,0,0,1,1,6,1,50,8,1339,1,7,10,1,10
2.02E+12,1,9,0,9,0,4,0,7,7,1,1,1,6,2,17,4,998,1,4,10,1,10
2.02E+12,2,9,0,18,0,3,0,0,0,0,4,1,6,2,22,5,1242,1,10,10,2,10
2.02E+12,1,9,0,8,0,6,0,0,0,0,3,1,6,1,39,7,1560,2,7,10,2,10
2.02E+12,1,9,0,15,0,1,0,0,0,0,1,1,1,1,31,6,1598,2,3,4,1,4
2.02E+12,2,9,0,9,0,5,0,0,7,10,2,1,6,2,27,6,1242,1,10,6,1,6
2.02E+12,2,9,0,18,0,8,0,0,0,0,1,1,6,2,34,6,1560,2,6,9,1,9
2.02E+12,2,9,0,3,0,4,0,0,0,0,2,1,2,1,66,10,1590,1,13,5,1,5
2.02E+12,1,2,0,18,0,1,1,0,0,0,0,1,2,1,16,4,49,1,3,4,1,4
2.02E+12,2,9,0,3,0,1,0,0,0,0,2,1,6,2,19,4,1598,1,16,8,1,8
2.02E+12,2,9,0,9,0,6,0,0,0,0,3,1,6,2,53,8,998,1,4,8,1,8
2.02E+12,1,8,0,9,0,5,0,0,0,0,1,1,1,1,22,5,1686,2,6,7,1,7
2.02E+12,2,9,0,18,0,1,0,0,0,0,1,1,2,2,30,6,1086,1,9,9,1,9
2.02E+12,1,9,0,5,0,8,0,0,0,0,1,1,6,2,40,7,2179,2,6,10,1,10
2.02E+12,1,9,0,1,0,6,0,0,0,0,2,1,6,2,18,4,1598,1,9,9,1,9
2.02E+12,1,9,0,18,0,8,0,0,0,0,1,1,6,2,41,7,1598,1,13,5,1,5
2.02E+12,1,9,0,18,0,8,0,10,1,0,1,1,6,1,78,11,1299,1,12,5,1,5
2.02E+12,3,8,0,3,0,1,0,0,0,0,3,1,1,1,33,6,2987,2,7,4,1,4
2.02E+12,1,19,0,18,0,5,0,11,0,0,1,1,1,1,26,6,2143,2,3,7,1,7
2.02E+12,1,19,0,18,0,1,0,0,0,0,1,1,1,1,42,7,1686,2,12,6,1,6
2.02E+12,1,9,0,18,0,2,0,0,0,0,1,1,6,1,22,5,1686,2,5,3,1,3
2.02E+12,1,9,0,9,0,5,0,0,0,0,4,1,6,1,24,5,2143,2,1,4,1,4
2.02E+12,2,9,0,18,0,8,0,0,0,0,1,1,6,1,51,8,1598,1,16,9,1,9
2.02E+12,1,9,0,4,0,1,0,0,0,0,4,1,6,1,73,10,1970,1,15,5,1,5
2.02E+12,1,9,0,7,0,6,0,0,0,0,3,1,1,1,50,8,1596,1,15,10,1,10
2.02E+12,1,9,0,9,0,5,1,0,0,0,4,1,6,2,40,7,1997,2,8,9,1,9
2.02E+12,3,9,0,4,0,1,0,0,0,0,0,1,6,1,54,8,2204,2,11,8,2,8
2.02E+12,1,9,0,18,0,8,0,0,0,0,3,1,6,2,68,10,1242,1,7,10,1,10
2.02E+12,2,9,0,9,0,8,0,0,0,0,4,1,6,2,32,6,1968,2,4,10,1,10
2.02E+12,1,9,0,9,0,4,0,0,0,0,0,1,6,1,36,7,1798,1,10,4,1,4
2.02E+12,1,5,0,18,0,2,0,0,0,0,0,1,6,1,44,7,865,1,7,5,1,5
2.02E+12,1,9,0,9,0,6,0,0,0,0,1,1,6,1,37,7,1242,1,16,3,1,3
2.02E+12,1,9,0,17,0,8,0,0,1,11,1,1,6,1,29,6,1796,1,19,6,1,6
2.02E+12,1,9,0,10,0,1,0,0,0,0,2,1,6,2,33,6,1995,2,11,2,1,2
2.02E+12,1,9,0,7,0,6,0,0,0,0,4,1,6,2,50,8,898,1,3,7,3,7
2.02E+12,1,9,0,9,0,6,0,0,0,0,3,1,6,1,82,11,1995,2,1,10,1,10
2.02E+12,1,9,0,9,0,6,0,0,0,0,1,1,6,2,22,5,1240,1,7,10,3,10
2.02E+12,1,9,0,18,0,8,0,0,7,7,1,1,6,2,31,6,999,1,2,5,1,5
2.02E+12,2,9,0,18,0,8,0,0,0,0,1,1,6,1,18,4,2969,2,10,10,2,10
2.02E+12,2,9,0,3,0,1,0,0,0,0,2,1,2,2,25,5,1242,1,7,9,2,9
2.02E+12,1,9,0,18,0,1,0,0,0,0,3,1,6,1,74,10,1596,1,12,10,3,10
2.02E+12,1,9,0,18,0,4,0,0,0,0,1,1,6,1,53,8,1679,1,17,8,1,8
2.02E+12,2,9,0,3,0,4,0,0,5,6,2,1,6,2,30,6,1596,1,8,7,1,7
2.02E+12,3,9,0,3,0,4,0,0,0,0,2,1,6,1,40,7,1796,1,16,10,1,10
2.02E+12,4,9,0,3,0,4,0,0,0,0,2,1,6,1,44,7,1560,2,5,4,1,4
2.02E+12,1,9,0,18,0,1,0,0,0,0,1,1,6,1,34,6,2993,2,8,5,1,5
2.02E+12,1,11,0,9,0,6,0,0,0,0,0,1,1,1,57,9,12900,2,3,6,3,6
2.02E+12,2,4,0,18,0,1,1,0,0,0,1,1,6,1,28,6,125,1,2,5,1,5
2.02E+12,1,19,0,7,0,1,0,0,0,0,1,1,1,1,39,7,1461,2,1,5,1,5
2.02E+12,1,9,0,18,0,8,0,0,0,0,1,1,6,1,30,6,1995,2,10,8,1,8
2.02E+12,2,9,0,18,0,8,0,0,0,0,1,1,6,2,45,7,1796,1,11,7,1,7
2.02E+12,1,9,0,9,0,5,0,0,0,0,1,1,1,1,55,8,2497,1,16,10,2,10
2.02E+12,2,9,0,18,0,1,0,0,0,0,3,1,2,1,62,9,1997,2,1,10,1,10
2.02E+12,1,9,0,9,0,6,0,0,0,0,1,1,1,2,36,7,1360,1,7,4,1,4
2.02E+12,1,9,0,9,0,5,0,0,0,0,3,1,6,2,29,6,1598,1,8,10,1,10
2.02E+12,2,3,0,18,0,1,0,0,0,0,1,1,2,1,24,5,124,1,1,7,1,7
2.02E+12,1,9,0,4,0,1,0,0,0,0,2,1,2,2,25,5,1360,1,10,5,1,5
2.02E+12,2,9,0,8,0,1,0,0,0,0,1,1,2,2,69,10,1560,2,4,9,1,9
2.02E+12,1,9,0,9,0,6,0,0,0,0,1,1,2,2,47,8,998,1,2,5,1,5
2.02E+12,2,9,0,18,0,8,0,0,0,0,4,1,2,2,27,6,1900,2,10,3,1,3
2.02E+12,2,9,0,18,0,8,0,0,0,0,1,1,6,1,35,6,1229,1,10,5,1,5
2.02E+12,1,9,0,9,0,6,0,0,0,0,3,1,6,1,60,9,1749,1,15,5,1,5
2.02E+12,2,3,0,18,0,1,0,0,0,0,1,1,6,1,37,7,125,1,2,9,1,9
2.02E+12,1,9,0,5,0,1,0,0,0,0,1,1,2,1,52,8,1991,8,1,9,1,9
2.02E+12,2,9,0,4,0,1,0,0,0,0,1,1,2,2,33,6,1597,2,2,7,1,7
2.02E+12,1,9,0,18,0,1,5,0,1,0,3,1,6,1,17,4,1229,1,12,7,1,7
2.02E+12,1,8,0,18,0,8,0,0,0,0,1,1,1,1,49,8,1798,8,4,2,1,2
2.02E+12,1,9,0,18,0,1,0,0,0,0,1,1,2,1,39,7,1596,1,11,10,1,10
2.02E+12,2,9,0,4,0,1,0,0,0,0,2,1,2,1,29,6,1968,2,13,8,1,8
2.02E+12,1,9,0,18,0,4,0,0,0,0,1,1,6,2,39,7,1339,1,13,1,1,1
2.02E+12,2,9,0,9,0,8,0,0,0,0,4,1,6,1,34,6,1797,8,4,1,1,1
2.02E+12,1,9,0,5,0,4,0,0,0,0,1,1,6,1,62,9,1753,2,9,7,1,7
2.02E+12,2,9,0,5,0,4,0,0,0,0,2,1,6,2,34,6,1390,1,16,7,1,7
2.02E+12,1,9,0,9,0,8,0,0,0,0,1,1,6,2,94,11,796,1,9,9,1,9
2.02E+12,2,9,0,18,0,1,0,0,0,0,1,1,6,1,40,7,1997,2,10,1,1,1
2.02E+12,1,9,0,17,0,1,1,0,8,11,1,1,6,2,65,9,1398,1,5,9,3,9
2.02E+12,1,9,0,18,0,4,0,0,0,0,1,1,6,2,30,6,2000,2,7,7,1,7
2.02E+12,2,9,0,18,0,8,0,0,0,0,4,1,6,1,63,9,1998,1,2,8,1,8
2.02E+12,1,9,0,9,0,6,0,0,0,0,3,1,6,1,76,11,2435,1,15,8,1,8
2.02E+12,2,4,0,18,0,8,1,0,0,0,1,1,6,1,50,8,293,1,4,10,1,10
2.02E+12,1,9,0,18,0,6,0,0,7,0,4,1,6,1,31,6,1560,2,5,10,1,10
2.02E+12,2,9,0,18,0,8,0,0,0,0,1,1,6,1,40,7,2487,2,17,7,3,7
2.02E+12,1,3,0,14,0,8,0,0,0,0,1,1,6,1,17,4,124,1,6,6,1,6
2.02E+12,1,9,0,7,0,5,0,0,0,0,1,1,6,1,89,11,1998,1,20,10,1,10
2.02E+12,1,9,0,10,0,1,0,0,0,0,1,1,6,2,60,9,1596,1,12,10,2,10
2.02E+12,2,9,0,18,0,1,0,0,0,0,2,1,6,2,64,9,1968,2,10,10,3,10
2.02E+12,2,9,0,4,0,1,0,0,0,0,1,1,6,1,27,6,1598,1,11,9,2,9
2.02E+12,2,9,0,18,0,8,0,0,0,0,1,1,2,2,25,5,1242,1,10,7,3,7
2.02E+12,1,9,0,9,0,8,0,0,0,0,1,1,1,1,37,7,1968,2,3,5,1,5
2.02E+12,2,9,0,18,0,8,0,0,0,0,3,1,6,2,56,9,1398,1,6,10,1,10
2.02E+12,1,9,0,5,0,1,0,0,0,0,4,1,1,2,27,6,1390,1,15,2,1,2
2.02E+12,2,19,0,18,0,1,0,0,0,0,1,1,1,1,24,5,2143,2,3,4,1,4
2.02E+12,1,9,0,9,0,6,0,0,0,0,3,1,6,2,45,7,1896,2,11,10,1,10
2.02E+12,2,9,0,18,0,8,0,0,0,0,1,1,6,2,86,11,1598,1,17,7,3,7
2.02E+12,1,9,0,18,0,2,0,0,0,0,4,1,2,1,60,9,1596,1,8,9,1,9
2.02E+12,2,9,0,9,0,8,0,0,0,0,4,1,6,1,20,4,1199,1,15,5,1,5
2.02E+12,1,9,0,9,0,5,0,0,0,0,4,1,6,1,48,8,1984,1,11,9,3,9
2.02E+12,2,9,0,18,0,8,0,0,0,0,1,1,6,1,64,9,1999,1,10,8,3,8
2.02E+12,1,9,0,9,0,5,0,0,0,0,1,1,6,1,43,7,1560,2,13,1,1,1
2.02E+12,1,9,0,17,0,8,0,0,0,0,1,1,6,2,26,6,1329,1,5,7,1,7
2.02E+12,2,11,0,18,2,8,0,0,0,0,4,1,1,1,46,8,4500,2,6,3,1,3
2.02E+12,2,9,0,17,0,8,0,0,0,0,1,1,6,1,83,11,998,1,1,7,2,7
2.02E+12,1,9,0,7,2,8,0,0,0,0,1,1,2,1,22,5,1229,1,10,5,1,5
2.02E+12,2,4,0,18,2,8,0,0,0,0,4,1,1,1,37,7,471,1,1,5,1,5
2.02E+12,1,9,0,18,0,1,0,0,0,0,3,1,6,1,77,11,1598,2,4,10,2,10
2.02E+12,2,9,0,18,0,4,0,0,0,0,1,1,6,2,33,6,1199,1,14,8,1,8
2.02E+12,1,3,0,14,0,1,0,0,0,0,1,1,6,1,19,4,125,1,9,10,1,10
2.02E+12,2,9,0,18,0,1,0,0,0,0,1,1,6,1,19,4,1199,1,15,3,1,3
2.02E+12,1,9,0,11,0,1,0,0,0,0,1,1,6,2,65,9,1368,1,8,9,1,9
2.02E+12,1,9,0,18,0,1,0,0,0,0,1,1,2,2,22,5,1197,1,1,5,3,5
2.02E+12,2,9,0,3,0,1,0,0,0,0,2,1,2,2,29,6,1395,1,2,7,1,7
2.02E+12,1,9,0,9,0,4,0,0,0,0,1,1,2,2,38,7,1896,2,13,10,1,10
2.02E+12,2,9,0,18,0,4,0,0,0,0,1,1,6,1,24,5,1968,2,3,5,1,5
2.02E+12,3,9,0,9,0,8,0,0,0,0,4,1,6,2,46,8,1248,2,7,7,3,7
2.02E+12,1,9,0,7,0,6,0,0,0,0,2,1,6,1,60,9,1299,1,9,7,1,7
2.02E+12,2,9,0,18,0,1,0,0,0,0,1,1,6,1,53,8,4367,2,5,6,3,6
2.02E+12,1,5,0,9,0,2,1,0,0,0,1,1,6,1,43,7,599,1,11,5,1,5
2.02E+12,2,9,0,18,0,1,0,0,0,0,1,1,6,1,26,6,1968,2,4,9,1,9
2.02E+12,2,9,0,18,0,8,0,0,0,0,4,1,6,2,70,10,1596,1,5,9,1,9
2.02E+12,1,9,0,16,0,2,2,0,7,0,1,1,6,1,17,4,1272,1,27,7,1,7
2.02E+12,2,9,0,18,0,1,0,0,0,0,2,1,6,1,26,6,1598,1,12,4,1,4
2.02E+12,3,9,0,7,0,5,0,0,0,0,2,1,6,1,39,7,998,1,9,3,1,3
2.02E+12,1,8,0,9,0,8,1,0,0,0,3,1,6,2,44,7,1896,2,14,6,3,6
2.02E+12,2,9,0,18,0,8,1,0,0,0,3,1,2,1,48,8,1896,2,12,9,1,9
2.02E+12,1,9,0,9,0,1,0,0,0,0,4,1,6,1,22,5,1197,1,4,10,1,10
2.02E+12,2,9,0,18,0,5,0,0,0,0,1,1,6,1,41,7,1328,1,11,6,1,6
2.02E+12,1,9,0,18,0,1,0,0,4,6,1,1,6,2,44,7,1124,1,18,6,1,6
2.02E+12,2,9,0,4,0,1,0,0,0,0,2,1,6,1,32,6,1968,2,4,5,1,5
2.02E+12,1,9,0,9,0,5,0,0,0,0,3,1,6,2,17,4,999,1,1,10,1,10
2.02E+12,3,9,0,3,0,1,0,0,0,0,2,1,6,2,24,5,1595,1,7,6,1,6
2.02E+12,1,9,0,9,0,8,0,0,0,0,1,1,6,1,59,9,1598,2,1,10,1,10
2.02E+12,2,9,0,18,0,8,0,0,0,0,1,1,6,1,37,7,1896,2,11,10,1,10
2.02E+12,1,9,0,18,0,1,2,0,3,11,1,1,6,1,18,4,1390,1,14,4,1,4
2.02E+12,1,9,0,9,0,5,0,0,0,0,4,1,2,1,29,6,1229,1,8,7,1,7
2.02E+12,2,9,0,18,0,8,0,0,0,0,1,1,2,1,56,9,1956,2,3,8,1,8
2.02E+12,1,9,0,18,0,1,0,0,0,0,1,1,1,2,35,6,1498,1,6,8,1,8
2.02E+12,2,9,0,18,0,8,0,0,0,0,3,1,6,2,24,5,1198,1,7,7,3,7
2.02E+12,1,9,0,18,0,1,0,0,0,0,1,1,2,1,67,10,2179,2,10,4,1,4
2.02E+12,2,9,0,4,0,1,0,0,0,0,2,1,2,1,39,7,1753,2,10,10,1,10
2.02E+12,1,9,0,18,0,8,0,0,0,0,1,1,6,1,42,7,1560,2,8,3,1,3
2.02E+12,2,9,0,18,0,8,0,0,0,0,1,1,1,1,76,11,1598,2,3,9,3,9
2.02E+12,1,9,0,18,0,1,0,0,0,0,1,1,2,2,25,5,1997,2,10,6,3,6
2.02E+12,2,9,0,3,0,1,0,0,0,0,2,1,2,1,40,7,1999,1,6,6,3,6
2.02E+12,3,9,0,3,0,1,0,0,0,0,2,1,2,2,37,7,1598,1,4,7,2,7
2.02E+12,1,9,0,9,0,6,0,0,0,0,3,1,6,2,20,4,1149,1,12,10,3,10
2.02E+12,2,9,0,18,0,8,0,0,0,0,1,1,6,1,49,8,1598,1,4,3,1,3
2.02E+12,2,3,0,18,0,1,0,0,0,0,1,1,6,1,38,7,124,1,17,4,1,4
2.02E+12,1,9,0,7,0,1,0,0,0,0,1,1,3,2,36,7,1299,1,16,3,1,3
2.02E+12,2,9,0,18,0,2,0,0,0,0,1,1,6,1,24,5,1598,1,10,2,1,2
2.02E+12,1,9,0,9,0,8,0,0,0,0,2,1,6,1,75,10,1364,1,2,6,3,6
2.02E+12,2,9,0,18,0,8,0,0,0,0,1,1,6,1,38,7,3246,1,15,9,1,9
2.02E+12,3,9,0,18,0,1,0,0,0,0,1,1,6,1,65,9,1598,2,6,7,1,7
2.02E+12,1,9,0,18,0,6,0,0,0,0,1,1,1,1,47,8,1896,2,17,2,1,2
2.02E+12,1,9,0,18,0,1,0,0,0,0,1,1,6,2,35,6,1991,2,12,4,1,4
2.02E+12,2,9,0,3,0,1,0,0,0,0,2,1,6,1,67,10,1598,2,7,9,3,9
2.02E+12,1,9,0,4,0,1,0,0,0,0,1,1,6,1,35,6,4172,1,15,9,1,9
2.02E+12,2,2,0,4,0,1,0,0,0,0,2,1,6,1,17,4,50,1,1,4,1,4
2.02E+12,1,9,0,12,0,1,0,0,0,0,4,1,6,1,50,8,1896,2,14,3,1,3
2.02E+12,1,9,0,4,0,4,0,0,0,0,1,1,1,1,25,5,1968,2,1,10,1,10
2.02E+12,2,9,0,4,0,4,0,0,0,0,2,1,6,1,38,7,2792,1,5,7,3,7
2.02E+12,1,8,0,9,0,6,0,0,0,0,1,1,1,1,40,7,1395,1,2,10,1,10
2.02E+12,1,9,0,18,0,2,0,0,0,0,3,1,6,1,61,9,1298,1,11,7,1,7
2.02E+12,2,9,0,18,0,1,0,0,0,0,3,1,6,2,62,9,1364,1,8,9,1,9
2.02E+12,3,9,0,18,0,1,0,0,0,0,1,1,6,2,63,9,3200,2,7,6,3,6
2.02E+12,1,19,0,18,0,8,0,0,0,0,4,1,1,1,33,6,2143,2,1,8,1,8
2.02E+12,1,19,0,17,0,1,0,0,0,0,1,1,1,1,30,6,2464,2,10,7,1,7
2.02E+12,2,9,0,16,0,1,0,0,0,0,1,1,6,2,68,10,1246,1,13,9,2,9
2.02E+12,2,3,0,18,0,1,1,0,7,0,3,1,2,1,29,6,125,1,5,8,3,8
2.02E+12,2,3,0,18,0,1,0,0,0,0,2,1,6,1,30,6,124,1,3,6,1,6
2.02E+12,1,9,0,9,0,6,0,0,0,0,1,1,6,1,20,4,998,1,2,4,1,4
2.02E+12,2,3,0,18,0,1,0,0,0,0,4,1,6,1,68,10,124,1,5,1,1,1
2.02E+12,1,9,0,9,0,1,0,0,0,0,4,1,6,1,55,8,1984,2,7,6,2,6
2.02E+12,1,19,0,9,0,8,0,0,0,0,1,1,2,1,26,6,1995,2,4,4,1,4
2.02E+12,1,19,0,18,0,4,0,0,0,0,1,1,1,1,43,7,2198,2,2,3,1,3
2.02E+12,2,9,0,18,0,2,0,0,0,0,1,1,1,1,54,8,1910,2,8,3,1,3
2.02E+12,1,9,0,9,0,5,0,0,3,11,3,1,6,1,89,11,1596,1,16,7,1,7
2.02E+12,2,9,0,18,0,1,0,0,0,0,1,1,6,1,49,8,2179,2,3,7,1,7
2.02E+12,1,9,0,9,0,5,0,0,0,0,4,1,6,1,39,7,1991,1,2,8,1,8
2.02E+12,1,9,0,9,0,5,0,0,7,0,1,1,2,2,27,6,1390,1,7,5,2,5
2.02E+12,2,5,0,13,0,8,0,0,7,0,4,1,2,1,52,8,645,1,13,9,2,9
2.02E+12,1,9,0,9,0,5,0,0,0,0,3,1,2,2,37,7,1199,1,16,3,1,3
2.02E+12,2,8,0,18,0,8,0,0,0,0,1,1,1,1,49,8,2499,2,9,10,1,10
2.02E+12,3,9,0,10,0,1,0,0,0,0,1,1,2,2,54,8,1198,1,10,7,1,7
2.02E+12,1,5,0,14,0,6,0,0,0,0,1,1,2,1,53,8,897,1,8,7,3,7
2.02E+12,2,9,0,9,0,8,0,0,0,0,1,1,2,1,26,6,1956,2,7,9,2,9
2.02E+12,1,9,0,18,0,1,1,0,0,0,1,1,2,2,47,8,1461,2,5,8,3,8
2.02E+12,2,9,0,3,0,1,0,0,0,0,2,1,6,1,54,8,2993,2,2,9,3,9
2.02E+12,1,9,0,18,0,3,2,0,1,4,1,1,1,1,21,5,1995,1,12,8,1,8
2.02E+12,1,9,0,18,0,1,5,0,1,4,1,1,6,1,44,7,1998,2,11,9,2,9
2.02E+12,2,4,0,10,0,1,0,0,0,0,1,1,1,1,25,5,124,1,5,4,1,4
2.02E+12,1,9,0,18,0,6,0,0,0,0,1,1,2,2,19,4,998,1,17,4,1,4
2.02E+12,2,9,0,18,0,8,2,0,0,0,1,1,6,1,52,8,1896,2,14,9,2,9
2.02E+12,2,9,0,8,0,1,0,0,0,0,1,1,6,1,25,5,2979,1,15,4,1,4
2.02E+12,2,11,0,4,2,1,0,0,0,0,0,1,1,2,49,8,5132,2,1,10,1,10
2.02E+12,1,19,0,7,0,6,0,0,0,0,3,1,6,2,30,6,1995,2,6,8,3,8
2.02E+12,2,9,0,18,0,8,0,0,0,0,1,1,6,1,37,7,1968,2,1,10,3,10
2.02E+12,1,9,0,5,0,1,0,0,0,0,1,1,6,1,39,7,2000,2,6,7,1,7
2.02E+12,2,9,0,3,0,1,0,0,0,0,2,1,6,1,33,6,1229,1,4,4,1,4
2.02E+12,1,9,0,7,0,4,0,0,0,0,3,1,6,2,80,11,998,1,5,10,1,10
2.02E+12,3,9,0,3,0,1,0,0,0,0,2,1,3,2,46,8,1600,1,13,10,1,10
2.02E+12,1,9,0,10,0,5,0,0,0,0,1,1,3,1,49,8,2231,2,2,9,1,9
2.02E+12,2,9,0,18,0,8,0,0,0,0,1,1,1,1,21,5,2000,1,8,10,3,10
2.02E+12,1,9,0,9,0,6,0,0,3,4,3,1,2,2,37,7,998,1,7,4,1,4
2.02E+12,2,9,0,18,0,8,0,0,0,0,1,1,2,1,35,6,2521,1,7,9,1,9
2.02E+12,1,9,0,6,0,2,0,0,7,10,1,1,6,2,36,7,1796,1,13,7,1,7
2.02E+12,1,9,0,9,0,6,1,0,0,0,1,1,2,1,25,5,1388,1,9,10,1,10
2.02E+12,2,9,0,18,0,1,0,0,1,5,3,1,2,2,50,8,1896,2,16,8,1,8
2.02E+12,1,9,0,9,0,6,0,0,0,0,3,1,6,1,36,7,1560,2,5,6,1,6
2.02E+12,2,3,0,18,0,1,0,0,0,0,1,1,6,1,18,4,124,1,1,7,2,7
2.02E+12,1,9,0,9,0,5,0,0,0,0,1,1,6,2,45,7,998,1,11,4,1,4
2.02E+12,2,9,0,3,0,8,0,0,0,0,3,1,6,2,48,8,1242,1,1,9,1,9
2.02E+12,2,9,0,18,0,8,0,0,0,0,1,1,6,1,55,8,2400,2,5,10,2,10
2.02E+12,1,9,0,18,0,4,0,0,0,0,1,1,6,2,83,11,1124,1,14,2,1,2
2.02E+12,2,9,0,9,0,8,0,0,0,0,4,1,2,1,24,5,1896,2,8,2,1,2
2.02E+12,1,9,0,7,0,3,0,0,0,0,4,1,6,1,50,8,1598,2,1,8,1,8
2.02E+12,1,9,0,9,0,8,0,0,0,0,2,1,6,1,33,6,1242,1,2,4,1,4
2.02E+12,1,9,0,13,0,8,0,0,0,0,1,1,6,1,34,6,1995,2,2,5,1,5
2.02E+12,2,9,0,9,0,8,0,0,0,0,3,1,6,1,62,9,2995,1,5,10,1,10
2.02E+12,1,9,0,18,0,8,0,0,0,0,1,1,6,2,39,7,998,1,12,4,1,4
2.02E+12,2,9,0,18,0,8,5,0,0,0,4,1,6,2,45,7,1598,1,12,9,1,9
2.02E+12,1,9,0,5,0,4,0,0,0,0,3,1,6,2,56,9,1389,1,19,4,1,4
2.02E+12,2,3,0,18,0,8,0,0,0,0,1,1,6,1,24,5,125,1,1,6,1,6
2.02E+12,1,9,0,18,0,8,0,0,0,0,1,1,2,1,29,6,1339,1,9,8,1,8
2.02E+12,1,9,0,9,0,5,0,0,0,0,1,1,6,1,31,6,1596,1,5,1,1,1
2.02E+12,1,9,0,18,0,8,0,0,0,0,3,1,6,2,26,6,1499,1,1,10,1,10
2.02E+12,1,9,0,9,0,6,0,0,0,0,1,1,6,1,17,4,1390,1,16,4,1,4
2.02E+12,2,9,0,18,0,1,0,0,0,0,4,1,6,1,29,6,1968,2,2,9,1,9
2.02E+12,2,9,0,14,0,1,0,0,0,0,1,1,6,2,22,5,998,1,3,7,1,7
2.02E+12,1,11,0,5,0,1,0,0,0,0,1,1,1,1,45,7,6370,2,7,6,1,6
2.02E+12,2,8,0,3,0,1,0,0,0,0,2,1,1,1,44,7,1896,2,9,2,1,2
2.02E+12,1,9,0,7,0,2,0,0,7,11,1,1,6,1,26,6,1997,2,2,7,3,7
2.02E+12,2,9,0,18,0,8,0,0,0,0,2,1,6,2,31,6,2993,2,5,10,1,10
2.02E+12,1,9,0,18,0,8,0,0,0,0,1,1,6,1,57,9,1753,2,13,8,2,8
2.02E+12,1,19,0,18,0,8,0,0,0,0,0,1,1,1,26,6,1753,2,11,2,1,2
2.02E+12,2,9,0,18,0,8,0,11,0,0,1,1,6,1,50,8,1796,1,9,5,1,5