Accident_Index,Vehicle_Reference,Vehicle_Type,Towing_and_Articulation,Vehicle_Manoeuvre,Vehicle_Location-Restricted_Lane,Junction_Location,Skidding_and_Overturning,Hit_Object_in_Carriageway,Vehicle_Leaving_Carriageway,Hit_Object_off_Carriageway,1st_Point_of_Impact,Was_Vehicle_Left_Hand_Drive?,Journey_Purpose_of_Driver,Sex_of_Driver,Age_of_Driver,Age_Band_of_Driver,Engine_Capacity_(CC),Propulsion_Code,Age_of_Vehicle,Driver_IMD_Decile,Driver_Home_Area_Type,Vehicle_IMD_Decile
2.02E+12,3,9,0,3,0,8,0,0,0,0,2,1,6,2,23,5,1499,1,1,6,1,6
2.02E+12,1,9,0,9,0,6,0,0,0,0,1,1,6,1,36,7,2967,1,16,7,1,7
2.02E+12,2,9,0,18,0,8,2,0,1,4,4,1,2,2,31,6,1590,1,6,6,1,6
2.02E+12,2,9,0,18,0,8,0,0,0,0,1,1,6,2,21,5,1995,2,15,8,1,8
2.02E+12,1,9,0,7,0,6,0,0,0,0,3,1,6,1,21,5,1753,2,9,3,1,3
2.02E+12,2,11,0,18,0,8,0,0,0,0,1,1,1,1,34,6,9000,2,9,5,1,5
2.02E+12,1,9,0,16,0,1,0,0,1,0,1,1,2,1,28,6,1390,1,12,6,1,6
2.02E+12,2,3,0,18,0,1,0,0,0,0,1,1,2,1,18,4,125,1,3,4,1,4
2.02E+12,1,9,0,9,0,6,0,0,0,0,3,1,2,1,55,8,2191,2,1,9,3,9
2.02E+12,2,19,0,18,0,1,0,0,0,0,1,1,2,1,55,8,1753,2,14,10,2,10
2.02E+12,1,9,0,18,0,4,0,0,0,0,3,1,1,2,44,7,1798,1,5,9,1,9
2.02E+12,1,3,0,18,0,8,0,0,0,0,1,1,6,1,21,5,124,1,4,4,1,4
2.02E+12,1,9,0,9,0,8,0,0,0,0,4,1,6,2,35,6,1796,1,8,3,1,3
2.02E+12,2,9,0,18,0,8,0,0,0,0,1,1,6,1,25,5,1800,1,17,7,1,7
2.02E+12,1,9,0,18,0,4,0,0,1,0,1,1,6,1,61,9,1995,2,15,3,1,3
2.02E+12,2,9,0,18,0,8,0,0,0,0,1,1,6,2,45,7,1364,1,10,3,1,3
2.02E+12,1,9,0,6,0,8,0,0,1,9,1,1,1,1,80,11,1598,1,5,8,3,8
2.02E+12,1,9,0,4,0,8,0,0,0,0,2,1,6,1,42,7,1390,1,14,2,1,2
2.02E+12,2,9,0,18,0,8,0,0,0,0,1,1,6,1,68,10,1999,2,1,10,1,10
2.02E+12,1,10,0,9,0,5,0,0,0,0,4,1,1,1,53,8,2143,2,4,10,1,10
2.02E+12,1,9,0,18,0,1,0,0,0,0,1,1,6,1,88,11,1998,1,21,9,3,9
2.02E+12,2,9,0,3,0,1,0,0,0,0,2,1,6,2,42,7,1339,1,7,6,1,6
2.02E+12,1,9,0,18,0,1,0,0,0,0,1,1,6,2,79,11,1598,1,20,9,1,9
2.02E+12,2,9,0,3,0,1,0,0,0,0,2,1,2,1,58,9,1560,2,13,8,1,8
2.02E+12,1,9,0,9,0,4,0,0,0,0,1,1,3,2,39,7,1598,1,4,10,1,10
2.02E+12,2,9,0,18,0,8,0,0,0,0,1,1,6,1,49,8,1596,1,6,9,1,9
2.02E+12,1,9,0,18,0,1,0,0,0,0,1,1,6,2,62,9,1242,1,10,5,3,5
2.02E+12,2,9,0,4,0,1,0,0,0,0,2,1,6,1,39,7,1968,2,10,2,1,2
2.02E+12,1,19,0,9,0,5,0,0,0,0,3,1,1,1,40,7,2402,2,9,7,1,7
2.02E+12,2,9,0,18,0,8,0,0,0,0,1,1,2,1,37,7,1951,2,13,6,1,6
2.02E+12,1,9,0,18,0,6,0,0,1,0,1,1,6,2,89,11,1984,1,3,10,2,10
2.02E+12,2,9,0,18,0,8,0,0,7,0,1,1,2,2,21,5,1587,1,13,8,1,8
2.02E+12,1,9,0,9,0,6,0,0,0,0,3,1,6,2,37,7,1248,1,4,6,1,6
2.02E+12,1,9,0,18,0,8,0,0,0,0,1,1,6,1,41,7,1598,1,10,1,1,1
2.02E+12,2,19,0,18,0,1,0,0,0,0,0,1,1,2,46,8,2198,2,1,4,1,4
2.02E+12,1,9,0,9,0,5,0,0,0,0,3,1,6,2,69,10,1997,1,6,10,1,10
2.02E+12,2,5,0,13,0,8,1,0,7,0,1,1,6,1,65,9,1250,1,14,10,3,10
2.02E+12,1,9,0,5,0,1,0,0,0,0,1,1,6,1,37,7,1968,2,2,9,1,9
2.02E+12,2,9,0,3,0,1,0,0,0,0,2,1,6,2,49,8,1339,1,5,10,1,10
2.02E+12,1,9,0,9,0,6,0,0,0,0,1,1,6,2,77,11,1399,2,7,4,1,4
2.02E+12,2,9,0,17,0,8,0,0,0,0,4,1,6,1,64,9,1686,2,10,9,1,9
2.02E+12,1,19,0,18,0,4,0,0,1,4,1,1,6,1,34,6,2148,2,12,2,1,2
2.02E+12,2,9,0,18,0,1,0,0,0,0,3,1,2,2,29,6,1598,2,5,9,1,9
2.02E+12,1,9,0,18,0,1,1,7,0,1,3,1,6,2,38,7,1198,1,6,7,1,7
2.02E+12,2,9,0,3,0,2,0,0,0,0,2,1,6,1,63,9,1397,1,13,8,3,8
2.02E+12,1,3,0,7,0,6,0,0,0,0,4,1,6,1,25,5,124,1,1,4,1,4
2.02E+12,1,9,0,18,0,3,0,0,0,0,1,1,2,1,25,5,1390,1,16,5,1,5
2.02E+12,1,9,0,18,0,4,0,0,1,1,3,1,6,2,32,6,1360,1,16,2,1,2
2.02E+12,2,9,0,18,0,8,0,0,0,0,1,1,6,1,35,6,2143,2,3,7,1,7
2.02E+12,2,8,0,18,0,8,0,0,0,0,1,1,6,1,39,7,2664,2,17,8,1,8
2.02E+12,1,19,0,18,0,2,0,0,0,0,1,1,1,1,53,8,2488,2,4,7,3,7
2.02E+12,1,9,0,9,0,6,0,0,0,0,3,1,1,1,42,7,1968,2,1,10,1,10
2.02E+12,2,19,0,18,0,8,0,0,0,0,1,1,1,1,50,8,1248,2,10,7,3,7
2.02E+12,1,8,0,9,0,8,0,0,0,0,1,1,1,1,36,7,1998,2,9,5,1,5
2.02E+12,2,9,0,4,0,8,0,0,0,0,3,1,6,2,22,5,1242,1,17,10,1,10
2.02E+12,1,9,0,18,0,8,0,0,0,0,1,1,6,2,48,8,1149,1,8,5,3,5
2.02E+12,2,9,0,18,0,1,0,0,0,0,1,1,2,1,38,7,1753,2,15,1,1,1
2.02E+12,1,9,0,18,0,1,0,0,0,0,1,1,6,1,35,6,1797,8,5,7,1,7
2.02E+12,2,9,0,3,0,1,0,0,0,0,2,1,6,2,43,7,1587,1,12,4,1,4
2.02E+12,1,9,0,18,0,8,0,0,0,0,1,1,6,2,88,11,1997,2,13,10,1,10
2.02E+12,2,9,0,8,0,6,0,0,0,0,3,1,6,1,58,9,2204,2,8,10,1,10
2.02E+12,2,4,0,18,0,8,0,0,0,0,0,1,6,1,24,5,123,1,1,10,3,10
2.02E+12,1,21,1,18,0,1,0,0,0,0,1,1,1,1,49,8,12777,2,10,6,1,6
2.02E+12,2,21,1,4,0,1,0,0,1,1,2,1,1,1,28,6,10837,2,1,2,1,2
2.02E+12,1,9,0,9,0,6,0,0,7,9,1,1,1,1,26,6,1390,1,16,4,1,4
2.02E+12,1,9,0,9,0,8,0,10,4,1,1,1,2,2,28,6,998,1,1,7,1,7
2.02E+12,2,19,0,18,0,8,0,0,0,0,1,1,6,1,28,6,1753,2,11,10,1,10
2.02E+12,1,9,0,9,0,6,0,0,0,0,1,1,6,1,68,10,1998,1,9,8,3,8
2.02E+12,2,3,0,18,0,1,0,0,0,0,1,1,6,1,26,6,125,1,11,4,1,4
2.02E+12,3,9,0,18,0,1,0,0,0,0,1,1,6,1,77,11,1794,1,9,10,2,10
2.02E+12,1,9,0,9,0,1,0,0,0,0,1,1,2,1,30,6,1598,1,5,5,1,5
2.02E+12,1,9,0,9,0,6,0,0,0,0,3,1,6,2,69,10,1798,1,3,9,2,9
2.02E+12,1,9,0,18,0,8,0,0,0,0,1,1,6,2,58,9,1598,1,12,10,3,10
2.02E+12,2,19,0,18,0,8,0,0,0,0,3,1,6,1,23,5,1968,2,1,8,1,8
2.02E+12,1,9,0,18,0,1,1,12,7,0,1,1,6,2,29,6,1995,2,4,3,1,3
2.02E+12,1,9,0,18,0,1,2,0,1,3,1,1,1,1,27,6,1896,2,14,9,2,9
2.02E+12,1,9,0,7,0,8,0,0,0,0,1,1,6,2,60,9,1242,1,2,4,1,4
2.02E+12,1,9,0,9,0,8,0,0,0,0,3,1,1,1,30,6,1997,2,4,3,1,3
2.02E+12,2,9,0,18,0,3,0,0,0,0,1,1,1,2,46,8,2143,2,3,8,3,8
2.02E+12,2,9,0,9,0,6,0,0,0,0,3,1,6,2,60,9,1390,1,10,5,1,5
2.02E+12,2,9,0,18,0,8,0,0,0,0,4,1,6,2,19,4,1229,1,13,4,1,4
2.02E+12,1,9,0,9,0,4,0,0,0,0,1,1,2,2,64,9,1389,1,14,3,1,3
2.02E+12,1,9,0,18,0,1,0,0,0,0,1,1,6,1,24,5,1968,2,8,3,1,3
2.02E+12,2,9,0,9,0,8,0,0,0,0,3,1,6,1,21,5,1242,1,17,3,1,3
2.02E+12,1,9,0,9,0,8,0,0,0,0,1,1,6,1,34,6,1995,2,11,2,1,2
2.02E+12,2,9,0,18,0,1,0,0,0,0,1,1,6,2,40,7,1998,1,12,6,1,6
2.02E+12,1,9,0,18,0,4,0,0,0,0,3,1,6,2,34,6,1998,1,11,8,1,8
2.02E+12,1,9,0,18,0,1,0,10,4,6,1,1,6,1,30,6,1799,1,11,4,1,4
2.02E+12,1,9,0,9,0,8,0,0,0,0,1,1,2,2,49,8,1229,1,2,3,1,3
2.02E+12,2,9,0,18,0,8,0,0,0,0,1,1,6,1,63,9,1400,2,11,5,1,5
2.02E+12,1,5,0,7,0,2,0,0,0,0,3,1,6,1,22,5,660,1,11,8,1,8
2.02E+12,2,9,0,18,0,1,0,0,0,0,3,1,6,2,42,7,1798,1,10,9,1,9
2.02E+12,1,9,0,18,0,1,1,4,0,0,1,1,6,1,28,6,3200,1,14,3,1,3
2.02E+12,2,9,0,9,0,6,0,0,0,0,3,1,6,1,48,8,1997,2,10,3,1,3
2.02E+12,1,9,0,9,0,6,0,0,0,0,3,1,6,1,39,7,1956,2,2,5,1,5
2.02E+12,2,3,0,18,0,1,0,0,0,0,1,1,6,1,21,5,124,1,3,3,1,3
2.02E+12,2,9,0,7,0,6,0,0,0,0,1,1,6,2,53,8,1781,1,13,9,3,9
2.02E+12,1,9,0,18,0,2,0,0,0,0,1,1,2,2,34,6,1910,2,10,3,1,3
2.02E+12,2,9,0,18,0,2,0,0,0,0,2,1,2,2,37,7,1229,1,7,8,1,8
2.02E+12,1,9,0,9,0,6,0,0,0,0,3,1,6,1,25,5,1390,1,8,9,3,9
2.02E+12,2,9,0,18,0,1,0,0,0,0,1,1,2,1,42,7,1197,1,1,8,1,8
2.02E+12,1,8,0,18,0,1,0,0,0,0,3,1,1,1,48,8,2499,2,10,1,1,1
2.02E+12,1,9,0,7,0,6,0,0,0,0,4,1,2,2,55,8,1796,1,19,3,1,3
2.02E+12,1,9,0,18,0,4,0,0,0,0,3,1,6,1,42,7,1796,1,13,7,1,7
2.02E+12,2,9,0,18,0,8,0,0,0,0,1,1,6,2,34,6,1984,1,1,5,1,5
2.02E+12,1,9,0,18,0,1,0,0,0,0,1,1,1,1,37,7,1995,1,13,4,1,4
2.02E+12,2,9,0,18,0,1,0,0,0,0,1,1,2,2,54,8,1581,1,17,9,1,9
2.02E+12,1,9,0,9,0,5,0,0,0,0,3,1,6,2,49,8,1991,2,8,10,1,10
2.02E+12,2,3,0,18,0,1,1,0,0,0,3,1,1,1,40,7,125,1,5,8,1,8
2.02E+12,1,19,0,18,0,5,0,0,0,0,2,1,1,1,47,8,2461,2,7,6,1,6
2.02E+12,1,9,0,7,0,1,0,0,1,1,1,1,2,2,23,5,1229,1,8,3,1,3
2.02E+12,1,9,0,9,0,8,0,0,0,0,4,1,1,2,41,7,2987,2,6,8,1,8
2.02E+12,2,9,0,18,0,1,0,0,0,0,1,1,1,1,32,6,2184,2,4,5,1,5
2.02E+12,1,9,0,9,0,4,0,0,0,0,1,1,6,2,20,4,1199,1,15,6,2,6
2.02E+12,2,5,0,18,0,8,0,0,0,0,4,1,6,2,21,5,645,1,7,4,1,4
2.02E+12,2,9,0,3,0,2,0,0,0,0,3,1,6,1,50,8,1582,2,1,4,1,4
2.02E+12,1,9,0,9,0,6,0,0,0,0,1,1,6,2,22,5,1496,2,2,6,1,6
2.02E+12,1,19,0,9,0,5,0,0,0,0,1,1,1,1,46,8,2198,2,1,3,1,3
2.02E+12,2,9,0,5,0,8,0,0,0,0,1,1,6,2,25,5,1248,2,9,8,3,8
2.02E+12,1,9,0,7,0,6,0,0,0,0,4,1,6,2,24,5,1364,1,1,5,1,5
2.02E+12,1,9,0,18,0,4,2,10,1,2,1,1,6,2,36,7,1390,1,8,5,1,5
2.02E+12,1,9,0,4,0,1,0,0,0,0,1,1,2,2,25,5,1997,2,2,6,1,6
2.02E+12,2,9,0,3,0,1,0,0,0,0,2,1,2,2,48,8,1995,2,13,7,1,7
2.02E+12,2,9,0,7,0,2,0,0,0,0,2,1,6,1,38,7,1686,2,13,4,1,4
2.02E+12,1,9,0,5,0,1,0,0,0,0,1,1,2,2,24,5,1598,1,13,10,2,10
2.02E+12,2,9,0,3,0,1,0,0,0,0,2,1,2,2,62,9,1390,1,9,10,2,10
2.02E+12,1,9,0,13,0,1,0,0,0,0,3,1,6,1,23,5,1398,1,1,3,1,3
2.02E+12,2,9,0,18,0,1,0,0,0,0,1,1,3,2,22,5,1596,1,12,9,1,9
2.02E+12,3,9,0,3,0,1,0,0,0,0,3,1,1,2,35,6,1360,1,10,5,1,5
2.02E+12,2,9,0,18,0,8,0,0,0,0,3,1,3,2,42,7,1398,1,7,1,1,1
2.02E+12,1,9,0,18,0,8,0,0,0,0,3,1,6,2,46,8,1968,2,5,10,1,10
2.02E+12,2,5,0,18,0,3,0,0,0,0,2,1,6,1,49,8,1340,1,7,6,1,6
2.02E+12,1,9,0,1,0,1,0,0,0,0,2,1,6,1,20,4,1596,1,10,6,1,6
2.02E+12,1,9,0,9,0,8,0,0,0,0,4,1,6,1,35,6,1598,1,4,10,1,10
2.02E+12,2,8,0,17,0,8,0,0,0,0,1,1,1,2,51,8,1910,2,8,3,1,3
2.02E+12,1,9,0,13,0,1,1,0,0,0,4,1,6,1,37,7,1896,2,13,8,2,8
2.02E+12,1,9,0,18,0,6,0,0,0,0,3,1,6,1,49,8,1984,1,12,10,1,10
2.02E+12,2,9,0,18,0,1,0,0,0,0,4,1,1,2,58,9,1242,1,8,6,1,6
2.02E+12,1,9,0,9,0,6,0,0,0,0,1,1,6,2,76,11,998,1,3,4,1,4
2.02E+12,1,9,0,18,0,1,0,0,1,4,1,1,6,1,34,6,2671,1,18,6,1,6
2.02E+12,2,9,0,18,0,1,0,0,7,1,2,1,6,2,17,4,1229,1,13,2,1,2
2.02E+12,1,9,0,18,0,2,0,0,0,0,1,1,6,1,60,9,1968,2,2,6,1,6
2.02E+12,2,9,0,3,0,2,0,0,0,0,2,1,6,1,58,9,1242,1,11,6,1,6
2.02E+12,2,9,0,4,0,1,0,0,0,0,2,1,6,1,56,9,1596,1,6,2,1,2
2.02E+12,3,9,0,18,0,1,0,0,0,0,1,1,6,2,32,6,1997,2,12,7,3,7
2.02E+12,1,9,0,18,0,2,0,0,0,0,1,1,6,1,24,5,1896,2,15,8,3,8
2.02E+12,2,9,0,4,0,2,0,0,0,0,2,1,6,2,40,7,1229,1,3,9,1,9
2.02E+12,1,9,0,18,0,4,1,10,3,4,1,1,6,1,34,6,2993,2,10,5,1,5
2.02E+12,1,9,0,9,0,6,0,0,0,0,3,1,2,2,30,6,1598,1,13,6,1,6
2.02E+12,2,5,0,18,0,8,0,0,0,0,1,1,6,1,23,5,675,1,2,6,1,6
2.02E+12,1,9,0,9,0,4,0,0,0,0,1,1,6,1,84,11,2204,2,10,9,1,9
2.02E+12,1,9,0,18,0,2,0,0,1,2,1,1,2,1,34,6,1124,1,13,6,1,6
2.02E+12,1,9,0,9,0,1,0,0,0,0,3,1,6,1,21,5,1398,1,5,2,1,2
2.02E+12,2,9,0,17,0,1,0,0,0,0,1,1,6,1,45,7,1599,1,11,3,1,3
2.02E+12,1,9,0,18,0,1,0,0,1,10,1,1,6,2,22,5,2143,2,5,8,1,8
2.02E+12,2,9,0,7,0,5,1,0,1,10,4,1,6,1,39,7,1995,2,13,3,1,3
2.02E+12,2,9,0,9,0,8,0,0,0,0,0,1,6,1,45,7,2993,2,5,9,3,9
2.02E+12,3,9,0,18,0,8,0,0,0,0,4,1,6,2,31,6,1399,2,5,3,1,3
2.02E+12,1,9,0,4,0,1,1,0,0,0,1,1,2,2,22,5,1896,2,15,3,1,3
2.02E+12,2,9,0,3,0,1,0,0,0,0,2,1,2,1,27,6,1124,1,9,3,1,3
2.02E+12,1,3,0,4,0,1,1,0,0,0,0,1,6,2,19,4,124,1,8,4,1,4
2.02E+12,1,9,0,18,0,4,0,0,0,0,1,1,2,2,54,8,1968,2,1,6,1,6
2.02E+12,1,9,0,9,0,6,0,0,0,0,1,1,6,2,33,6,1388,1,12,2,1,2
2.02E+12,2,9,0,9,0,8,0,0,0,0,3,1,6,2,46,8,1796,1,12,9,1,9
2.02E+12,1,9,0,9,0,6,0,0,0,0,1,1,6,2,69,10,1461,2,3,6,1,6
2.02E+12,1,9,0,18,0,1,0,0,0,0,1,1,6,2,24,5,2698,2,6,6,3,6
2.02E+12,2,9,0,18,0,1,0,0,0,0,4,1,6,2,42,7,1422,2,10,10,1,10
2.02E+12,1,9,0,18,0,4,0,0,0,0,1,1,1,1,55,8,1242,1,2,4,1,4
2.02E+12,1,9,0,9,0,6,0,0,0,0,3,1,6,2,43,7,999,1,3,10,1,10
2.02E+12,2,5,0,17,0,8,0,0,0,0,1,1,2,1,51,8,1195,1,1,9,3,9
2.02E+12,1,9,0,18,0,4,0,0,0,0,1,1,1,1,59,9,1896,2,7,6,1,6
2.02E+12,2,11,0,7,0,3,0,0,0,0,3,1,1,1,57,9,5132,2,2,4,1,4
2.02E+12,2,3,0,9,0,8,0,0,0,0,1,1,2,1,21,5,125,1,7,9,1,9
2.02E+12,1,9,0,9,0,5,0,0,0,0,3,1,6,1,65,9,1596,1,15,3,1,3
2.02E+12,2,5,0,13,0,1,0,0,7,0,1,1,6,1,54,8,1690,1,2,10,3,10
2.02E+12,1,9,0,18,0,2,0,0,0,0,1,1,6,2,45,7,1598,2,7,3,1,3
2.02E+12,1,9,0,5,0,1,0,0,0,0,1,1,2,2,55,8,1390,1,17,8,1,8
2.02E+12,2,9,0,4,0,1,0,0,0,0,2,1,3,2,49,8,1796,1,11,6,1,6
2.02E+12,1,9,0,9,0,8,0,0,0,0,1,1,6,1,75,10,1240,1,9,6,1,6
2.02E+12,2,9,0,18,0,8,0,0,0,0,3,1,6,1,18,4,1198,1,11,3,1,3
2.02E+12,1,9,0,5,0,6,0,0,0,0,2,1,6,1,82,11,1985,1,8,8,1,8
2.02E+12,2,9,0,18,0,8,0,0,0,0,1,1,6,1,43,7,1328,1,15,9,1,9
2.02E+12,1,19,0,18,0,1,0,0,0,0,1,1,6,1,50,8,2148,2,13,10,1,10
2.02E+12,2,8,0,18,0,8,0,0,7,2,4,1,6,1,45,7,2143,12,4,4,1,4
2.02E+12,1,9,0,4,0,1,0,0,0,0,1,1,2,1,30,6,2494,8,1,6,2,6
2.02E+12,1,19,0,9,0,5,0,0,0,0,4,1,1,1,63,9,2198,2,2,5,2,5
2.02E+12,1,9,0,18,0,1,0,0,0,0,1,1,6,2,62,9,1390,1,7,7,3,7
2.02E+12,1,9,0,18,0,5,0,0,0,0,4,1,2,2,54,8,1596,1,9,8,3,8
2.02E+12,2,3,0,18,0,8,0,0,4,0,4,1,6,1,24,5,124,1,8,4,1,4
2.02E+12,1,3,0,18,0,6,1,0,0,0,3,1,6,2,43,7,124,1,5,10,1,10
2.02E+12,2,9,0,4,0,2,0,0,0,0,2,1,6,1,23,5,1995,2,1,5,1,5
2.02E+12,1,9,0,18,0,8,0,0,3,11,1,1,6,2,90,11,1329,1,4,8,1,8
2.02E+12,3,9,0,4,0,1,0,0,0,0,2,1,2,1,39,7,995,1,13,5,1,5
2.02E+12,4,9,0,18,0,1,0,0,0,0,1,1,6,2,36,7,1596,1,15,7,1,7
2.02E+12,1,11,0,18,0,2,5,0,0,0,1,1,1,1,67,10,4500,2,7,10,3,10
2.02E+12,1,9,0,18,0,1,0,0,0,0,1,1,6,1,38,7,2987,2,8,3,1,3
2.02E+12,2,9,0,12,0,1,0,0,0,0,2,1,6,1,53,8,2143,2,4,5,1,5
2.02E+12,1,9,0,18,0,1,0,0,0,0,1,1,1,1,41,7,1360,1,7,7,1,7
2.02E+12,2,9,0,18,0,1,0,0,0,0,1,1,1,1,29,6,1598,1,7,7,1,7
2.02E+12,3,9,0,18,0,1,0,0,0,0,1,1,6,1,23,5,1968,2,1,2,1,2
2.02E+12,4,19,0,1,0,1,0,0,0,0,1,1,1,1,26,6,2143,2,5,7,3,7
2.02E+12,1,9,0,18,0,4,2,9,7,7,1,2,6,1,26,6,1781,1,14,8,1,8
2.02E+12,1,3,0,9,0,8,0,0,0,0,4,1,6,1,18,4,125,1,2,7,1,7
2.02E+12,2,9,0,18,0,8,0,0,0,0,1,1,6,2,46,8,1984,1,8,5,1,5
2.02E+12,1,9,0,9,0,8,0,0,1,0,1,1,6,2,28,6,1242,1,14,7,2,7
2.02E+12,1,9,0,9,0,5,0,0,0,0,0,1,6,2,79,11,1339,1,9,10,1,10
2.02E+12,1,9,0,18,0,4,0,0,7,0,1,1,6,1,34,6,998,1,15,6,1,6
2.02E+12,2,9,0,7,0,3,0,0,7,0,1,1,6,1,32,6,1339,1,14,10,1,10
2.02E+12,1,9,0,9,0,6,0,0,0,0,1,1,6,1,20,4,1242,1,3,6,3,6
2.02E+12,2,9,0,18,0,1,0,0,0,0,1,1,6,1,69,10,998,1,2,2,1,2
2.02E+12,2,9,0,18,0,8,0,0,0,0,3,1,6,1,18,4,1149,1,11,10,1,10
2.02E+12,1,9,0,6,0,8,0,0,0,0,1,1,6,2,25,5,1328,1,10,8,1,8
2.02E+12,2,3,0,18,0,8,0,0,0,0,1,1,6,1,39,7,125,1,2,3,1,3
2.02E+12,2,9,0,18,0,8,0,0,0,0,2,1,6,2,72,10,1360,1,8,10,3,10
2.02E+12,2,5,0,5,0,4,0,0,0,0,2,1,2,1,49,8,1170,1,1,8,2,8
2.02E+12,1,9,0,18,0,8,0,0,0,0,1,1,2,2,43,7,1598,1,13,5,1,5
2.02E+12,2,9,0,3,0,4,0,0,0,0,3,1,2,2,39,7,1364,1,9,9,1,9
2.02E+12,2,9,0,2,0,1,0,0,0,0,1,1,6,3,26,6,1598,1,15,3,1,3
2.02E+12,1,9,0,9,0,3,0,0,0,0,1,1,6,1,73,10,1596,1,6,10,1,10
2.02E+12,1,9,0,9,0,5,0,0,0,0,1,1,6,1,19,4,1242,1,3,7,1,7
2.02E+12,1,9,0,17,0,1,1,0,7,9,4,1,6,2,29,6,1124,1,7,9,1,9
2.02E+12,2,9,0,17,0,1,2,0,7,9,1,1,2,2,49,8,1399,2,13,9,1,9
2.02E+12,1,9,0,9,0,5,0,0,7,0,1,1,6,1,96,11,1364,1,10,10,2,10
2.02E+12,1,9,0,18,0,4,1,9,3,10,1,1,6,1,38,7,1598,1,9,4,1,4
2.02E+12,1,9,0,9,0,5,0,0,0,0,4,1,6,2,61,9,1598,1,3,10,1,10
2.02E+12,2,9,0,18,0,8,0,0,0,0,3,1,6,2,33,6,1390,1,7,10,1,10
2.02E+12,1,9,0,18,0,4,0,0,0,0,1,1,6,1,20,4,1596,1,7,7,1,7
2.02E+12,1,9,0,9,0,6,0,0,0,0,1,1,6,1,26,6,1229,1,6,7,1,7
2.02E+12,2,9,0,18,0,1,0,0,0,0,4,1,6,1,36,7,2148,2,9,2,1,2
2.02E+12,1,9,0,7,0,3,0,0,0,0,4,1,6,2,41,7,2204,2,9,2,1,2
2.02E+12,2,9,0,18,0,8,0,0,0,0,3,1,6,2,38,7,1995,1,15,8,3,8
2.02E+12,1,9,0,7,0,3,1,10,0,0,1,1,6,1,25,5,2000,2,13,2,1,2
2.02E+12,2,8,0,18,0,3,0,0,0,0,3,1,1,1,37,7,1797,8,4,4,1,4
2.02E+12,1,9,0,18,0,1,0,0,0,0,1,1,6,1,33,6,1598,2,5,10,1,10
2.02E+12,2,9,0,3,0,1,0,0,0,0,2,1,6,1,37,7,1197,1,1,7,1,7
2.02E+12,1,9,0,7,0,4,0,0,0,0,1,1,6,2,29,6,1968,2,7,4,1,4
2.02E+12,2,5,0,9,0,8,0,0,0,0,4,1,6,1,26,6,656,1,9,8,2,8
2.02E+12,1,9,0,5,0,8,0,0,0,0,4,1,6,2,51,8,1598,1,14,9,1,9
2.02E+12,1,9,0,3,0,1,0,0,0,0,1,1,2,2,49,8,1995,2,4,9,3,9
2.02E+12,2,9,0,4,0,1,0,0,0,0,2,1,2,2,60,9,1197,1,2,9,1,9
2.02E+12,1,9,0,17,0,2,0,0,7,11,1,1,6,2,83,11,1242,1,5,10,1,10
2.02E+12,1,9,0,9,0,6,0,0,1,10,3,1,6,1,23,5,998,1,11,5,1,5
2.02E+12,2,21,0,18,0,1,0,0,0,0,1,1,1,1,45,7,9186,2,4,6,2,6
2.02E+12,1,11,0,9,0,6,0,0,0,0,1,1,1,1,62,9,13000,2,1,7,1,7
2.02E+12,1,9,0,18,0,1,0,0,0,0,1,1,6,2,45,7,1598,1,16,3,1,3
2.02E+12,2,9,0,3,0,1,0,0,0,0,2,1,6,1,21,5,1229,1,10,9,1,9
2.02E+12,3,9,0,3,0,1,0,0,0,0,2,1,1,2,45,7,1229,1,6,5,1,5
2.02E+12,1,19,0,14,0,1,0,0,0,0,1,1,1,1,34,6,1598,2,2,5,1,5
2.02E+12,2,9,0,18,0,2,0,0,0,0,1,1,6,1,31,6,2987,2,10,3,1,3
2.02E+12,1,9,0,13,0,1,0,0,0,0,3,1,6,2,21,5,1124,1,10,3,1,3
2.02E+12,1,9,0,9,0,8,0,0,0,0,4,1,1,1,22,5,1199,1,16,3,1,3
2.02E+12,2,3,0,18,0,8,0,0,0,0,1,1,6,1,25,5,124,1,3,5,1,5
2.02E+12,1,9,0,9,0,5,0,0,0,0,3,1,6,2,42,7,1895,1,18,5,1,5
2.02E+12,2,9,0,18,0,8,0,0,0,0,3,1,6,2,31,6,1995,2,12,9,1,9
2.02E+12,1,9,0,9,0,6,0,0,3,0,1,1,6,1,29,6,1995,2,9,7,1,7
2.02E+12,2,9,0,18,0,1,0,0,7,0,4,1,6,2,62,9,2720,2,12,3,1,3
2.02E+12,2,9,0,18,0,3,0,0,0,0,2,1,6,2,19,4,1242,1,11,6,1,6
2.02E+12,1,9,0,18,0,1,0,0,7,11,1,1,6,1,30,6,1896,2,14,4,1,4
2.02E+12,1,9,0,9,0,5,0,0,7,0,4,1,6,1,19,4,1397,1,26,10,1,10
2.02E+12,2,9,0,18,0,8,0,0,0,0,3,1,2,1,50,8,1242,1,11,8,1,8
2.02E+12,1,3,0,9,0,1,1,0,1,9,2,1,6,1,18,4,124,1,8,9,3,9
2.02E+12,1,9,0,3,0,1,0,0,0,0,4,1,3,2,35,6,1598,2,5,8,2,8
2.02E+12,1,9,0,18,0,8,0,0,0,0,1,1,6,1,24,5,1968,2,10,5,1,5