Accident_Index,Vehicle_Reference,Vehicle_Type,Towing_and_Articulation,Vehicle_Manoeuvre,Vehicle_Location-Restricted_Lane,Junction_Location,Skidding_and_Overturning,Hit_Object_in_Carriageway,Vehicle_Leaving_Carriageway,Hit_Object_off_Carriageway,1st_Point_of_Impact,Was_Vehicle_Left_Hand_Drive?,Journey_Purpose_of_Driver,Sex_of_Driver,Age_of_Driver,Age_Band_of_Driver,Engine_Capacity_(CC),Propulsion_Code,Age_of_Vehicle,Driver_IMD_Decile,Driver_Home_Area_Type,Vehicle_IMD_Decile
2.02E+12,2,9,0,9,0,8,0,0,0,0,1,1,6,1,59,9,1998,1,13,3,1,3
2.02E+12,1,9,0,9,0,6,0,0,0,0,3,1,6,1,30,6,2498,1,19,3,1,3
2.02E+12,2,9,0,18,0,1,0,0,0,0,1,1,6,2,63,9,1299,1,16,8,3,8
2.02E+12,1,9,0,18,0,8,0,0,2,4,1,1,6,1,26,6,1995,2,3,10,2,10
2.02E+12,2,3,0,3,0,7,0,0,0,0,2,1,1,1,26,6,124,1,6,4,1,4
2.02E+12,1,5,0,13,0,8,0,0,0,0,4,1,2,1,48,8,742,1,19,5,1,5
2.02E+12,2,9,0,9,0,8,0,0,0,0,3,1,6,1,23,5,2967,2,1,4,1,4
2.02E+12,1,9,0,3,0,1,0,0,0,0,4,1,6,2,53,8,1988,1,15,10,1,10
2.02E+12,1,9,0,12,0,2,0,0,0,0,3,1,6,2,27,6,1596,1,5,10,1,10
2.02E+12,2,5,0,18,0,2,0,0,0,0,4,1,2,1,35,6,690,1,5,8,1,8
2.02E+12,1,9,0,7,9,8,0,0,0,0,1,1,6,1,34,6,1968,2,6,6,1,6
2.02E+12,1,11,0,7,0,3,0,0,0,0,1,1,1,1,47,8,4500,2,6,2,1,2
2.02E+12,2,9,0,18,0,3,0,0,0,0,2,1,6,1,57,9,1560,2,3,9,1,9
2.02E+12,1,5,0,9,0,2,0,0,0,0,0,1,1,1,39,7,1255,1,10,10,3,10
2.02E+12,2,9,0,7,0,5,0,0,1,0,2,1,6,1,31,6,998,1,17,3,1,3
2.02E+12,2,9,0,3,0,8,0,0,0,0,2,1,2,2,40,7,1896,2,15,10,1,10
2.02E+12,1,9,0,13,0,2,0,0,0,0,4,1,6,1,64,9,1061,1,12,5,1,5
2.02E+12,2,9,0,4,0,1,0,0,0,0,0,1,6,2,35,6,1591,1,4,5,1,5
2.02E+12,1,9,0,4,0,4,0,0,0,0,2,1,6,1,23,5,1242,1,7,8,1,8
2.02E+12,1,9,0,18,0,8,0,0,7,1,1,1,6,1,51,8,1461,2,5,6,1,6
2.02E+12,2,9,0,4,0,4,0,0,0,0,2,1,6,2,28,6,1598,2,4,9,2,9
2.02E+12,2,9,0,4,0,1,0,0,0,0,2,1,1,1,37,7,2993,2,4,10,3,10
2.02E+12,1,9,0,1,0,8,0,0,0,0,2,1,6,2,82,11,998,1,4,6,2,6
2.02E+12,1,9,0,18,0,8,0,0,3,1,1,1,6,1,83,11,1197,1,4,10,1,10
2.02E+12,1,9,0,18,0,3,0,0,0,0,1,1,6,1,20,4,2000,2,13,3,1,3
2.02E+12,2,9,0,7,5,6,0,0,0,0,3,1,6,1,25,5,1598,1,7,4,1,4
2.02E+12,1,9,0,7,0,6,0,0,1,1,1,1,6,1,27,6,1796,1,13,8,1,8
2.02E+12,2,9,0,18,0,1,0,0,0,0,4,1,3,2,27,6,1242,1,16,3,1,3
2.02E+12,3,9,0,18,0,1,0,0,0,0,1,1,6,1,32,6,2993,2,6,3,1,3
2.02E+12,4,9,0,2,0,1,0,0,0,0,1,1,3,2,31,6,1984,2,10,3,1,3
2.02E+12,1,9,0,9,0,6,0,0,0,0,1,1,2,2,44,7,1198,1,14,5,1,5
2.02E+12,2,9,0,18,0,8,0,0,7,4,1,1,6,2,51,8,2179,2,7,10,1,10
2.02E+12,2,9,0,18,0,8,0,0,8,7,3,1,6,2,41,7,1796,1,16,6,2,6
2.02E+12,3,9,0,3,0,1,0,0,0,0,4,1,6,2,59,9,1197,1,1,7,3,7
2.02E+12,1,9,0,5,0,4,0,0,0,0,3,1,6,1,74,10,1598,1,14,6,1,6
2.02E+12,1,9,0,9,0,6,0,0,0,0,3,1,6,2,42,7,1998,1,12,3,1,3
2.02E+12,2,5,0,18,0,1,0,0,0,0,1,1,6,1,28,6,599,1,7,3,1,3
2.02E+12,2,9,0,18,0,1,0,0,0,0,1,1,6,1,22,5,1998,1,1,4,1,4
2.02E+12,1,9,0,5,0,2,0,0,0,0,2,1,6,1,57,9,1296,1,11,10,2,10
2.02E+12,1,9,0,5,0,2,0,0,0,0,1,1,2,2,24,5,1422,2,3,9,3,9
2.02E+12,2,9,0,5,0,2,0,0,0,0,2,1,2,2,23,5,1242,1,17,7,1,7
2.02E+12,1,9,0,18,0,8,0,10,3,1,1,1,6,2,29,6,1242,1,17,1,1,1
2.02E+12,1,9,0,9,0,8,0,0,0,0,4,1,6,1,24,5,2143,2,1,8,1,8
2.02E+12,2,9,0,18,0,8,0,0,0,0,1,1,1,2,20,4,1995,2,5,6,1,6
2.02E+12,1,9,0,18,0,1,0,0,0,0,4,1,6,2,70,10,1896,2,13,9,2,9
2.02E+12,1,9,0,18,0,1,0,10,0,0,1,1,6,2,75,10,1390,1,16,6,1,6
2.02E+12,2,9,0,18,0,1,0,0,0,0,1,1,6,1,20,4,1199,2,6,3,1,3
2.02E+12,2,9,0,5,0,8,0,0,0,0,3,1,6,2,30,6,1229,1,5,9,1,9
2.02E+12,1,9,0,8,0,6,0,0,0,0,0,1,1,1,37,7,1686,2,9,3,1,3
2.02E+12,2,3,0,18,0,1,0,0,0,0,3,1,2,1,33,6,124,1,12,1,1,1
2.02E+12,1,19,0,18,0,4,0,10,1,9,1,1,1,1,27,6,1560,2,2,1,1,1
2.02E+12,1,9,0,9,0,8,0,0,0,0,1,1,6,1,32,6,1995,2,9,9,1,9
2.02E+12,2,9,0,18,0,1,0,0,0,0,1,1,6,1,43,7,1598,1,13,7,1,7
2.02E+12,1,9,0,7,0,4,0,0,0,0,3,1,2,2,21,5,1596,1,13,5,1,5
2.02E+12,2,3,0,18,0,8,0,0,0,0,1,1,1,1,22,5,124,1,2,4,1,4
2.02E+12,1,2,0,9,0,6,0,0,0,0,3,1,6,1,16,4,49,1,2,10,1,10
2.02E+12,2,9,0,18,0,8,0,0,0,0,1,1,2,2,29,6,1242,1,4,8,1,8
2.02E+12,1,9,0,7,0,6,0,0,0,0,1,1,2,2,31,6,1997,1,1,8,3,8
2.02E+12,1,9,0,9,0,6,0,0,0,0,3,1,6,1,65,9,1560,2,6,6,1,6
2.02E+12,2,9,0,18,0,8,0,0,0,0,1,1,1,2,36,7,1124,1,13,10,1,10
2.02E+12,1,9,0,9,0,1,0,0,0,0,3,1,3,2,36,7,1968,2,1,9,1,9
2.02E+12,1,19,0,18,0,1,0,0,0,0,1,1,6,2,59,9,2148,2,8,3,1,3
2.02E+12,2,9,0,9,0,6,0,0,1,10,3,1,6,1,79,11,1248,1,2,6,1,6
2.02E+12,2,5,0,18,0,1,0,0,0,0,1,1,6,1,56,9,599,1,16,5,1,5
2.02E+12,1,9,0,9,0,2,0,0,0,0,1,1,6,1,26,6,1796,1,9,5,1,5
2.02E+12,2,9,0,3,0,2,0,0,0,0,2,1,6,2,21,5,998,1,4,9,1,9
2.02E+12,1,9,0,6,0,6,1,0,1,4,2,1,6,2,83,11,1296,1,9,10,1,10
2.02E+12,2,9,0,18,0,1,1,0,0,0,1,1,6,2,28,6,1199,1,13,6,2,6
2.02E+12,1,9,0,18,0,1,1,0,1,11,1,1,6,1,22,5,1850,1,17,5,1,5
2.02E+12,1,9,0,9,0,8,0,0,0,0,4,1,6,2,44,7,1598,1,12,5,1,5
2.02E+12,2,9,0,18,0,1,0,0,0,0,3,1,6,1,19,4,1590,1,13,1,1,1
2.02E+12,3,9,0,18,0,1,0,0,0,0,1,1,6,1,71,10,1685,2,5,9,1,9
2.02E+12,2,9,0,18,0,1,0,0,0,0,4,1,1,1,70,10,1798,1,1,8,1,8
2.02E+12,1,9,0,18,0,1,0,0,0,0,1,1,1,1,32,6,1598,2,4,9,1,9
2.02E+12,2,8,0,18,0,1,0,0,0,0,2,1,1,1,47,8,1686,2,7,6,1,6
2.02E+12,1,9,0,7,0,6,0,0,1,0,1,1,2,2,44,7,1598,1,10,4,1,4
2.02E+12,2,9,0,18,0,8,0,0,1,0,4,1,2,1,23,5,1398,1,3,10,1,10
2.02E+12,1,3,0,16,6,8,0,0,0,0,3,1,6,1,28,6,125,1,6,5,1,5
2.02E+12,1,19,0,18,0,1,0,0,0,0,1,1,6,1,50,8,1686,2,5,6,1,6
2.02E+12,2,9,0,18,0,1,0,0,0,0,2,1,6,2,32,6,1968,2,1,8,1,8
2.02E+12,2,9,0,8,0,1,0,0,0,0,2,1,6,2,34,6,1364,1,11,8,3,8
2.02E+12,1,9,0,18,0,2,0,0,0,0,4,1,1,1,38,7,1390,1,9,4,1,4
2.02E+12,1,9,0,18,0,6,0,0,0,0,4,1,6,2,46,8,1896,2,12,8,3,8
2.02E+12,2,9,0,18,0,8,0,0,0,0,1,1,6,2,70,10,1685,2,6,10,3,10
2.02E+12,1,11,0,7,0,6,0,0,0,0,1,1,1,1,54,8,6700,2,4,1,1,1
2.02E+12,1,8,0,18,0,6,0,0,0,0,4,1,1,1,51,8,1598,1,9,7,1,7
2.02E+12,2,9,0,18,0,8,5,0,0,0,1,1,6,2,39,7,998,1,12,7,1,7
2.02E+12,1,9,0,18,0,4,0,0,0,0,3,1,6,2,61,9,1968,2,1,3,1,3
2.02E+12,2,4,0,18,0,8,0,0,0,0,1,1,6,1,45,7,350,1,25,7,1,7
2.02E+12,1,9,0,18,0,8,0,0,0,0,3,1,6,1,22,5,1242,1,16,6,1,6
2.02E+12,3,9,0,18,0,8,0,0,0,0,3,1,6,2,39,7,1560,2,4,7,2,7
2.02E+12,1,9,0,18,0,1,0,0,0,0,1,1,6,2,76,11,1498,1,8,8,1,8
2.02E+12,2,9,0,3,0,1,0,0,0,0,2,1,6,2,23,5,1598,1,6,8,1,8
2.02E+12,1,9,0,9,0,8,0,0,0,0,4,1,6,1,27,6,1781,1,16,5,1,5
2.02E+12,2,9,0,18,0,8,0,0,0,0,1,1,6,2,27,6,1461,2,1,8,3,8
2.02E+12,1,9,0,12,0,1,0,0,0,0,3,1,6,1,53,8,1968,2,1,9,3,9
2.02E+12,2,9,0,18,0,1,0,0,0,0,4,1,6,2,49,8,1598,1,8,9,1,9
2.02E+12,1,9,0,17,0,2,1,0,1,11,1,1,6,2,36,7,1596,1,10,9,1,9
2.02E+12,1,9,0,5,0,8,0,0,3,11,1,1,6,2,73,10,1339,1,3,10,1,10
2.02E+12,1,9,0,9,0,1,0,0,0,0,4,1,2,1,63,9,2198,2,2,5,2,5
2.02E+12,2,9,0,18,0,1,1,0,0,0,4,1,6,1,32,6,1910,2,8,10,1,10
2.02E+12,1,9,0,9,0,6,0,0,0,0,3,1,6,1,28,6,1995,2,3,10,1,10
2.02E+12,1,9,0,18,0,4,1,0,7,2,3,1,1,1,63,9,1968,2,1,10,1,10
2.02E+12,2,9,0,18,0,4,0,0,0,0,4,1,6,1,56,9,1998,2,13,7,3,7
2.02E+12,1,9,0,9,0,1,0,0,0,0,1,1,6,1,24,5,1896,2,10,6,1,6
2.02E+12,1,9,0,9,0,5,0,0,0,0,4,1,6,2,69,10,998,1,11,4,1,4
2.02E+12,2,5,0,18,0,8,1,0,0,0,1,1,6,1,57,9,1157,1,19,4,1,4
2.02E+12,1,9,0,5,0,4,0,0,0,0,3,1,1,2,49,8,1598,2,1,9,1,9
2.02E+12,1,9,0,18,0,2,0,0,0,0,1,1,6,2,34,6,3600,1,4,7,3,7
2.02E+12,2,9,0,3,0,2,0,0,0,0,2,1,1,1,52,8,1995,2,3,7,3,7
2.02E+12,3,9,0,3,0,2,0,0,0,0,2,1,1,1,34,6,1968,2,3,3,1,3
2.02E+12,4,9,0,3,0,2,0,0,0,0,2,1,6,2,52,8,1968,2,1,10,2,10
2.02E+12,1,9,0,5,0,4,0,0,0,0,3,1,6,2,42,7,1968,2,3,10,1,10
2.02E+12,2,3,0,18,0,8,0,0,0,0,1,1,1,1,18,4,124,1,3,5,1,5
2.02E+12,2,9,0,18,0,8,0,0,0,0,3,1,6,1,71,10,2143,2,7,9,3,9
2.02E+12,1,3,0,18,0,1,1,0,0,0,1,1,1,1,29,6,108,1,3,5,1,5
2.02E+12,2,9,0,9,0,5,0,0,0,0,3,1,6,2,23,5,1598,1,13,6,3,6
2.02E+12,2,9,0,18,0,8,0,0,1,0,3,1,6,1,49,8,999,1,2,9,1,9
2.02E+12,1,9,0,9,0,5,0,0,0,0,2,1,6,1,62,9,1968,2,6,10,1,10
2.02E+12,1,9,0,18,0,2,0,4,0,0,1,1,2,1,23,5,973,1,17,2,1,2
2.02E+12,1,9,0,9,0,6,0,0,0,0,1,1,6,1,52,8,1896,2,13,10,1,10
2.02E+12,1,9,0,9,0,6,0,0,3,11,1,1,6,1,82,11,3000,1,7,8,2,8
2.02E+12,1,9,0,7,0,6,0,0,0,0,1,1,6,2,37,7,1396,1,13,10,1,10
2.02E+12,1,5,0,18,0,2,1,0,7,11,1,1,6,1,33,6,599,1,16,4,1,4
2.02E+12,1,9,0,6,0,1,0,0,4,0,3,1,1,1,49,8,1798,8,1,4,1,4
2.02E+12,2,9,0,18,0,1,0,0,0,0,1,1,6,1,51,8,2967,2,7,7,1,7
2.02E+12,1,9,0,9,0,6,0,0,0,0,1,1,6,1,21,5,1995,1,13,7,1,7
2.02E+12,1,9,0,18,0,1,1,0,0,0,1,1,6,1,22,5,999,1,2,6,1,6
2.02E+12,2,9,0,10,0,1,0,0,0,0,2,1,6,1,31,6,1598,2,3,5,1,5
2.02E+12,1,9,0,18,0,8,0,0,0,0,1,1,6,1,33,6,1598,2,4,8,1,8
2.02E+12,1,9,0,7,0,5,0,0,0,0,4,1,6,2,27,6,1229,1,12,3,1,3
2.02E+12,2,3,0,18,2,8,0,0,0,0,1,1,2,1,22,5,124,1,8,6,2,6
2.02E+12,1,9,0,18,0,2,0,6,0,0,4,1,6,1,25,5,1390,1,9,3,1,3
2.02E+12,2,19,0,3,0,1,0,0,0,0,1,1,1,1,38,7,1461,2,2,7,2,7
2.02E+12,1,9,0,9,0,6,0,0,0,0,1,1,6,1,56,9,1596,1,12,6,1,6
2.02E+12,2,4,0,18,0,1,0,0,0,0,4,1,6,2,24,5,883,1,1,10,1,10
2.02E+12,1,3,0,16,0,8,0,0,7,0,1,1,6,1,17,4,124,1,18,10,2,10
2.02E+12,1,9,0,9,0,8,0,0,0,0,1,1,6,2,48,8,1686,2,5,9,1,9
2.02E+12,2,9,0,18,0,8,0,0,0,0,1,1,6,1,25,5,1598,1,11,10,1,10
2.02E+12,1,9,0,18,0,8,0,0,0,0,1,1,6,1,57,9,2494,8,2,10,3,10
2.02E+12,2,9,0,18,0,8,0,0,0,0,1,1,6,1,53,8,1968,2,8,10,2,10
2.02E+12,1,9,0,4,0,1,0,0,0,0,1,1,6,1,49,8,1798,1,15,9,1,9
2.02E+12,2,9,0,4,0,1,0,0,0,0,2,1,2,2,36,7,2204,2,9,10,1,10
2.02E+12,1,9,0,5,0,6,0,0,3,11,1,1,6,2,42,7,1995,2,3,10,1,10
2.02E+12,1,9,0,9,0,6,0,0,0,0,4,1,6,2,25,5,1362,1,4,7,1,7
2.02E+12,2,5,0,18,0,8,0,0,0,0,1,1,6,1,20,4,599,1,13,6,1,6
2.02E+12,3,9,0,4,0,1,0,0,0,0,1,1,6,1,53,8,1242,1,5,6,1,6
2.02E+12,1,9,0,9,0,8,0,0,0,0,2,1,6,1,55,8,1995,2,7,7,1,7
2.02E+12,1,9,0,9,0,4,0,0,3,11,3,1,2,1,54,8,1461,2,2,8,2,8
2.02E+12,2,19,0,18,0,8,0,0,0,0,1,1,1,1,29,6,1968,2,2,8,1,8
2.02E+12,1,9,0,9,0,4,0,0,0,0,1,1,6,2,47,8,1560,2,10,10,1,10
2.02E+12,2,9,0,18,0,2,0,0,0,0,1,1,2,1,32,6,2183,2,6,5,1,5
2.02E+12,1,3,0,4,0,8,0,0,0,0,1,1,6,1,17,4,124,1,6,2,2,2
2.02E+12,1,9,0,4,0,8,0,0,0,0,2,1,6,1,65,9,1968,2,4,6,1,6
2.02E+12,1,9,0,18,0,6,0,0,7,0,4,1,6,1,31,6,1968,2,6,4,1,4
2.02E+12,2,9,0,18,0,8,0,0,1,1,1,1,6,1,22,5,1598,2,3,9,1,9
2.02E+12,2,9,0,4,0,1,0,0,0,0,2,1,6,1,37,7,2184,2,10,5,1,5
2.02E+12,1,9,0,18,0,8,0,0,0,0,1,1,1,2,26,6,1248,2,5,5,1,5
2.02E+12,2,9,0,9,0,6,0,0,7,0,1,1,6,1,91,11,1242,1,8,7,1,7
2.02E+12,2,9,0,18,0,8,0,0,0,0,3,1,6,2,39,7,1086,1,7,6,1,6
2.02E+12,1,9,0,9,0,6,0,0,0,0,1,1,6,1,53,8,1896,2,18,10,3,10
2.02E+12,2,5,0,5,0,1,1,0,0,0,4,1,6,2,39,7,900,1,1,9,3,9
2.02E+12,1,9,0,9,0,6,0,0,0,0,1,1,6,1,52,8,1461,2,11,4,1,4
2.02E+12,2,3,0,18,0,1,0,0,0,0,3,1,6,1,34,6,124,1,15,7,2,7
2.02E+12,1,9,0,6,0,1,0,0,0,0,3,1,6,1,38,7,998,1,4,7,2,7
2.02E+12,2,19,0,18,0,1,0,0,0,0,1,1,6,1,49,8,1995,2,6,10,1,10
2.02E+12,2,19,0,18,0,1,0,0,0,0,3,1,1,1,26,6,1560,2,2,6,2,6
2.02E+12,1,9,0,18,0,8,0,0,0,0,1,1,3,2,25,5,1896,2,13,2,1,2
2.02E+12,2,9,0,18,0,1,0,0,0,0,3,1,1,2,37,7,698,1,12,10,3,10
2.02E+12,2,9,0,17,0,1,0,0,0,0,3,1,6,1,45,7,1398,2,2,3,1,3
2.02E+12,1,9,0,18,0,8,1,0,0,0,1,1,6,2,27,6,1997,2,1,4,1,4
2.02E+12,2,9,0,9,0,8,0,9,0,0,1,1,6,1,74,10,1896,2,13,9,2,9
2.02E+12,3,9,0,3,0,1,0,0,0,0,3,1,6,1,45,7,1242,1,14,10,1,10
2.02E+12,2,9,0,18,0,7,0,0,0,0,2,1,6,1,58,9,1797,8,2,8,1,8
2.02E+12,1,9,0,18,0,6,0,0,0,0,4,1,2,2,35,6,1388,1,6,10,1,10
2.02E+12,2,9,0,9,0,8,0,0,0,0,1,1,2,1,17,4,999,1,4,10,1,10
2.02E+12,1,9,0,9,0,6,0,0,0,0,1,1,6,2,62,9,1598,1,11,9,3,9
2.02E+12,2,9,0,18,0,1,0,0,0,0,4,1,6,1,52,8,3993,1,1,5,3,5
2.02E+12,1,19,0,4,0,1,1,0,0,0,1,1,1,1,55,8,1995,2,5,8,1,8
2.02E+12,2,9,0,4,0,1,0,0,0,0,2,1,1,2,49,8,1968,2,9,7,1,7
2.02E+12,1,19,0,18,0,1,0,0,0,0,1,1,1,1,68,10,2198,2,9,6,2,6
2.02E+12,2,9,0,3,0,1,0,0,0,0,2,1,6,2,50,8,1797,8,8,6,3,6
2.02E+12,1,9,0,9,0,6,0,0,0,0,1,1,1,1,39,7,1798,8,5,10,1,10
2.02E+12,2,3,0,14,0,8,0,0,0,0,1,1,6,2,32,6,125,1,2,2,1,2
2.02E+12,1,9,0,18,0,1,0,0,0,0,1,1,6,2,36,7,1999,1,5,10,2,10
2.02E+12,1,9,0,9,0,5,0,0,0,0,1,1,6,1,26,6,1598,1,9,8,1,8
2.02E+12,1,9,0,5,0,6,0,0,0,0,2,1,6,2,32,6,1395,8,1,9,1,9
2.02E+12,2,9,0,17,0,1,0,0,0,0,1,1,6,2,25,5,1596,1,15,10,1,10
2.02E+12,1,9,0,4,0,1,0,10,3,2,1,1,6,1,86,11,1598,1,13,7,1,7
2.02E+12,1,9,0,7,0,8,0,0,0,0,1,1,2,1,43,7,1997,2,6,4,1,4
2.02E+12,1,19,0,7,0,8,0,0,7,0,1,1,6,1,54,8,2151,2,13,9,1,9
2.02E+12,2,9,0,18,0,8,0,0,7,11,1,1,6,1,29,6,2143,2,5,10,1,10
2.02E+12,1,9,0,18,0,1,0,0,0,0,1,1,6,2,33,6,1598,1,10,8,3,8
2.02E+12,1,9,0,17,0,8,5,0,0,0,4,1,6,1,22,5,1149,1,14,3,1,3
2.02E+12,2,9,0,18,0,8,0,0,0,0,1,1,6,1,37,7,2204,2,10,6,1,6
2.02E+12,2,9,0,18,0,8,1,0,0,0,1,1,6,2,35,6,1998,1,7,8,1,8
2.02E+12,1,9,0,5,0,8,0,0,0,0,3,1,6,2,73,10,1685,2,2,9,1,9
2.02E+12,1,9,0,16,0,2,1,0,0,0,1,1,4,1,18,4,1600,1,18,8,1,8
2.02E+12,1,9,0,18,0,1,0,0,0,0,1,1,6,1,44,7,1999,1,6,7,1,7
2.02E+12,2,9,0,10,0,1,0,0,0,0,2,1,6,1,49,8,1896,2,14,9,1,9
2.02E+12,2,9,0,17,0,8,0,0,0,0,1,1,6,1,23,5,1997,1,10,10,2,10
2.02E+12,1,9,0,18,0,3,1,10,7,1,1,1,6,2,17,4,1229,1,6,8,1,8
2.02E+12,1,9,0,9,0,8,0,0,0,0,1,1,6,1,48,8,1796,1,8,10,1,10
2.02E+12,1,9,0,9,0,6,0,0,0,0,3,1,6,1,35,6,1598,1,11,2,1,2
2.02E+12,2,9,0,18,0,1,0,0,0,0,2,1,6,2,60,9,1360,1,13,10,1,10
2.02E+12,1,9,0,9,0,8,0,0,0,0,1,1,6,1,70,10,1796,1,15,9,2,9
2.02E+12,2,9,0,18,0,1,0,0,1,4,1,1,6,1,40,7,2998,1,1,8,1,8
2.02E+12,2,3,0,9,0,5,0,0,0,0,2,1,6,1,24,5,124,1,9,3,1,3
2.02E+12,1,9,0,9,0,6,0,0,0,0,1,1,6,2,59,9,1591,1,6,10,1,10
2.02E+12,1,9,0,9,0,8,0,0,0,0,3,1,1,1,52,8,1497,8,16,3,1,3
2.02E+12,2,9,0,18,0,8,0,0,0,0,1,1,6,1,65,9,2792,1,7,6,1,6
2.02E+12,1,9,0,4,9,3,0,0,1,0,1,1,6,1,85,11,1596,1,9,1,1,1
2.02E+12,1,19,0,4,0,1,0,0,0,0,1,1,1,1,29,6,2488,2,3,10,1,10
2.02E+12,2,21,0,3,0,1,0,0,0,0,2,1,1,1,47,8,4461,2,7,4,1,4
2.02E+12,3,19,0,3,0,1,0,0,0,0,2,1,1,1,33,6,2299,2,2,10,2,10
2.02E+12,1,9,0,9,0,2,0,0,0,0,2,1,6,1,41,7,1797,8,3,3,1,3
2.02E+12,2,9,0,18,0,2,0,0,0,0,1,1,6,1,18,4,1242,1,16,8,1,8
2.02E+12,1,9,0,9,0,6,0,0,0,0,1,1,1,1,32,6,1968,2,1,10,1,10
2.02E+12,2,9,0,5,0,4,0,0,0,0,1,1,6,1,30,6,1896,2,16,6,1,6
2.02E+12,2,9,0,18,0,3,0,0,0,0,1,1,2,1,40,7,2000,1,13,10,1,10
2.02E+12,1,9,0,18,0,8,0,0,0,0,4,1,6,2,56,9,1999,1,8,5,1,5
2.02E+12,1,9,0,18,0,8,0,0,0,0,1,1,6,2,34,6,1596,1,4,8,1,8
2.02E+12,1,9,0,9,0,6,0,0,0,0,3,1,6,2,29,6,998,1,7,7,2,7
2.02E+12,2,9,0,18,0,8,0,0,0,0,1,1,6,1,62,9,2495,2,13,7,3,7
2.02E+12,2,3,0,9,0,1,0,0,0,0,2,1,6,1,54,8,124,1,4,10,3,10
2.02E+12,1,21,0,18,0,1,0,0,0,0,1,1,1,1,38,7,12777,2,1,4,1,4
2.02E+12,2,19,0,18,0,1,0,0,0,0,2,1,1,1,48,8,2402,2,11,5,1,5
2.02E+12,1,9,0,7,0,6,0,0,0,0,3,1,6,2,60,9,1198,1,4,9,1,9
2.02E+12,1,9,0,5,0,1,0,0,0,0,1,1,2,1,24,5,1229,1,10,8,1,8
2.02E+12,1,9,0,9,0,6,0,0,0,0,3,1,6,1,49,8,1995,2,11,9,1,9
2.02E+12,2,9,0,18,0,1,0,0,0,0,1,1,6,1,70,10,4196,1,13,9,1,9
2.02E+12,1,9,0,5,0,4,0,0,0,0,1,1,6,1,25,5,998,1,3,7,1,7
2.02E+12,2,9,0,6,0,8,0,0,0,0,1,1,6,1,40,7,1686,2,4,7,1,7
2.02E+12,1,9,0,9,0,8,0,0,0,0,4,1,6,2,37,7,1796,1,18,3,1,3
2.02E+12,2,9,0,18,0,1,0,0,0,0,1,1,6,2,22,5,1364,1,2,8,1,8
2.02E+12,1,9,0,18,0,1,0,0,0,0,1,1,6,2,32,6,1597,2,4,3,1,3
2.02E+12,1,9,0,18,0,8,0,0,0,0,4,1,1,1,55,8,1248,2,4,3,1,3
2.02E+12,3,9,0,1,0,8,0,4,0,0,3,1,6,1,55,8,4196,1,14,8,3,8
2.02E+12,1,9,0,5,0,8,0,0,0,0,4,1,6,2,21,5,998,1,6,5,1,5
2.02E+12,2,9,0,18,0,8,0,0,0,0,1,1,6,1,53,8,2958,2,13,10,1,10
2.02E+12,1,9,0,18,0,1,0,0,0,0,1,1,1,1,43,7,1896,2,11,4,1,4
2.02E+12,1,9,0,9,0,6,0,0,0,0,1,1,2,2,55,8,1390,1,15,6,1,6
2.02E+12,1,9,0,9,0,5,0,0,0,0,1,1,6,2,38,7,1749,1,13,1,1,1
2.02E+12,2,9,0,18,0,1,0,0,1,0,1,1,6,2,67,10,1396,1,1,10,1,10
2.02E+12,1,9,0,9,0,8,0,0,0,0,4,1,6,1,41,7,1596,1,2,7,1,7
2.02E+12,2,9,0,18,0,8,1,0,0,0,1,1,2,1,40,7,1397,1,8,5,1,5
2.02E+12,1,9,0,18,0,6,0,0,7,4,3,1,6,2,34,6,1997,1,7,6,2,6
2.02E+12,2,9,0,18,0,8,0,0,7,0,1,1,6,2,41,7,1796,1,9,9,3,9
2.02E+12,1,9,0,7,0,8,0,0,0,0,1,1,6,1,61,9,1343,1,13,6,2,6
2.02E+12,2,3,0,18,0,8,0,0,1,10,3,1,2,1,19,4,100,1,18,1,1,1
2.02E+12,1,9,0,18,0,8,0,0,0,0,4,1,6,1,76,11,1999,1,10,7,1,7
2.02E+12,1,9,0,18,0,8,0,0,0,0,1,1,6,1,74,10,1600,1,18,10,1,10
2.02E+12,2,9,0,18,0,8,0,0,0,0,2,1,6,2,52,8,1461,2,8,9,1,9
2.02E+12,2,9,0,18,0,1,0,0,0,0,2,1,6,2,27,6,1149,1,10,9,1,9
2.02E+12,2,9,0,18,0,1,0,0,0,0,1,1,6,2,24,5,1248,1,6,8,1,8
2.02E+12,1,9,0,9,0,5,0,0,0,0,4,1,2,1,47,8,1598,1,9,4,1,4
2.02E+12,2,9,0,18,0,8,0,0,0,0,1,1,6,1,58,9,1783,1,14,9,1,9
2.02E+12,1,9,0,4,0,4,0,0,1,9,1,1,6,2,72,10,1796,1,3,7,1,7
2.02E+12,2,9,0,5,0,4,0,0,0,0,2,1,6,2,33,6,1896,2,10,5,1,5
2.02E+12,2,9,0,16,0,2,1,0,0,0,1,1,6,2,69,10,1242,1,18,9,2,9
2.02E+12,3,19,0,17,0,2,0,0,0,0,1,1,1,1,47,8,1598,2,3,10,2,10
2.02E+12,1,9,0,18,0,8,0,0,7,1,4,1,6,2,22,5,1198,1,12,6,2,6
2.02E+12,2,9,0,18,0,8,0,0,0,0,1,1,6,2,51,8,2143,2,1,7,3,7