Accident_Index,Vehicle_Reference,Vehicle_Type,Towing_and_Articulation,Vehicle_Manoeuvre,Vehicle_Location-Restricted_Lane,Junction_Location,Skidding_and_Overturning,Hit_Object_in_Carriageway,Vehicle_Leaving_Carriageway,Hit_Object_off_Carriageway,1st_Point_of_Impact,Was_Vehicle_Left_Hand_Drive?,Journey_Purpose_of_Driver,Sex_of_Driver,Age_of_Driver,Age_Band_of_Driver,Engine_Capacity_(CC),Propulsion_Code,Age_of_Vehicle,Driver_IMD_Decile,Driver_Home_Area_Type,Vehicle_IMD_Decile
2.02E+12,1,9,0,18,0,1,0,0,3,11,1,1,6,1,83,11,1998,2,7,8,3,8
2.02E+12,2,9,0,18,0,5,0,0,0,0,3,1,6,2,66,10,1339,1,8,10,2,10
2.02E+12,1,9,0,18,0,8,0,0,0,0,1,1,6,2,48,8,4282,1,10,10,1,10
2.02E+12,2,9,0,9,0,6,0,0,0,0,3,1,6,1,21,5,1400,1,11,8,1,8
2.02E+12,1,9,0,7,0,8,0,0,0,0,1,1,2,2,45,7,1124,1,13,7,1,7
2.02E+12,2,9,0,4,0,1,0,0,0,0,2,1,6,2,54,8,1870,2,22,3,1,3
2.02E+12,1,9,0,18,0,6,0,10,7,9,4,1,6,1,58,9,1582,2,4,9,3,9
2.02E+12,1,19,0,9,0,5,0,0,0,0,3,1,1,1,41,7,2402,2,7,10,1,10
2.02E+12,2,9,0,18,0,1,0,0,0,0,4,1,1,2,28,6,1397,1,8,8,1,8
2.02E+12,1,9,0,18,0,1,0,0,0,0,1,1,6,1,29,6,1781,1,15,2,1,2
2.02E+12,2,9,0,7,0,6,0,0,4,6,2,1,1,2,63,9,999,1,3,3,1,3
2.02E+12,2,9,0,4,0,4,1,0,0,0,2,1,6,2,24,5,1299,1,13,6,1,6
2.02E+12,1,9,0,18,0,1,0,0,0,0,1,1,2,1,28,6,1397,1,5,9,3,9
2.02E+12,1,9,0,6,0,8,0,0,0,0,4,1,6,1,31,6,999,1,7,3,1,3
2.02E+12,2,2,0,18,0,8,0,0,0,0,1,1,1,1,29,6,125,1,3,7,1,7
2.02E+12,2,9,0,8,0,1,0,0,0,0,2,1,6,1,33,6,1149,1,13,5,1,5
2.02E+12,1,9,0,18,0,8,1,0,3,1,1,1,6,2,32,6,1598,1,15,7,1,7
2.02E+12,1,9,0,9,0,8,1,0,1,1,1,1,2,1,25,5,1998,1,10,5,1,5
2.02E+12,1,9,0,18,0,4,0,0,0,0,3,1,6,1,49,8,1200,1,1,5,1,5
2.02E+12,2,9,0,18,0,8,0,0,0,0,4,1,6,2,40,7,1390,1,13,3,1,3
2.02E+12,1,9,0,18,0,1,1,0,0,0,4,1,6,1,35,6,2230,1,11,2,1,2
2.02E+12,1,9,0,5,0,1,0,0,0,0,1,1,6,1,47,8,1598,1,14,4,1,4
2.02E+12,2,9,0,8,0,1,0,0,0,0,2,1,6,2,26,6,998,1,1,6,3,6
2.02E+12,1,9,0,18,0,6,0,0,0,0,0,1,6,1,17,4,1248,2,5,10,2,10
2.02E+12,2,21,0,18,0,8,0,10,7,10,1,1,1,1,64,9,5880,2,13,9,1,9
2.02E+12,1,9,0,7,0,4,0,0,0,0,3,1,2,1,36,7,1560,2,4,2,1,2
2.02E+12,1,9,0,18,0,1,0,0,1,10,1,1,6,1,22,5,2979,1,2,5,1,5
2.02E+12,2,9,0,9,0,5,0,0,0,0,3,1,1,1,26,6,1229,1,11,5,1,5
2.02E+12,1,8,0,15,0,8,0,0,0,0,1,1,2,2,28,6,1896,2,9,6,1,6
2.02E+12,1,9,0,17,0,8,2,10,0,0,4,1,6,1,26,6,1988,1,14,2,1,2
2.02E+12,1,9,0,5,0,1,0,0,0,0,1,1,6,1,33,6,1896,2,9,3,1,3
2.02E+12,2,9,0,3,0,1,0,0,0,0,2,1,6,2,66,10,1242,1,10,9,1,9
2.02E+12,2,5,0,13,0,8,1,0,0,0,3,1,6,1,24,5,599,1,16,6,2,6
2.02E+12,2,9,0,18,0,8,0,0,0,0,3,1,6,2,79,11,1598,1,6,9,1,9
2.02E+12,1,9,0,9,0,1,1,0,0,0,1,1,6,2,20,4,1248,1,2,5,1,5
2.02E+12,2,9,0,18,0,1,0,0,0,0,1,1,6,2,23,5,1229,1,11,10,1,10
2.02E+12,1,4,0,18,0,8,1,0,7,0,3,1,6,1,20,4,471,1,4,9,1,9
2.02E+12,1,9,0,5,0,1,0,0,0,0,1,1,6,1,34,6,1956,2,8,7,1,7
2.02E+12,2,9,0,3,0,1,0,0,0,0,2,1,6,2,46,8,998,1,11,4,1,4
2.02E+12,1,9,0,18,0,4,5,9,3,1,1,1,6,1,22,5,1242,1,9,6,1,6
2.02E+12,1,9,0,5,0,1,0,0,0,0,4,1,6,1,40,7,1798,8,5,5,1,5
2.02E+12,1,9,0,18,0,8,0,0,0,0,4,1,6,1,47,8,2967,2,3,9,1,9
2.02E+12,2,5,0,7,0,8,1,0,0,0,3,1,6,1,47,8,781,1,18,2,1,2
2.02E+12,1,19,0,18,0,1,0,0,0,0,3,1,1,1,20,4,2198,2,2,1,1,1
2.02E+12,2,19,0,4,0,3,0,0,0,0,4,1,2,1,60,9,1461,2,6,6,2,6
2.02E+12,1,9,0,18,0,4,0,0,0,0,1,1,6,2,20,4,1598,2,6,8,1,8
2.02E+12,1,9,0,18,0,4,0,0,0,0,1,1,2,1,42,7,1560,2,10,8,1,8
2.02E+12,1,3,0,18,0,1,0,0,0,0,1,1,6,1,17,4,125,1,10,7,1,7
2.02E+12,2,9,0,18,0,1,1,0,0,0,3,1,2,1,27,6,1896,2,16,7,3,7
2.02E+12,1,9,0,9,0,6,0,0,0,0,1,1,6,1,21,5,1587,1,16,7,1,7
2.02E+12,2,9,0,18,0,2,0,0,1,10,3,1,6,2,28,6,998,1,4,7,2,7
2.02E+12,1,10,0,1,9,8,0,0,0,0,2,1,6,1,34,6,2198,2,9,6,1,6
2.02E+12,2,9,0,4,0,1,0,0,0,0,2,1,2,2,43,7,1390,1,16,8,1,8
2.02E+12,2,9,0,7,0,6,0,0,0,0,1,1,6,2,53,8,1984,1,1,7,1,7
2.02E+12,1,9,0,9,0,8,0,0,0,0,0,1,1,1,24,5,1248,2,3,4,1,4
2.02E+12,2,9,0,18,0,1,0,0,0,0,1,1,6,2,23,5,1997,2,5,6,2,6
2.02E+12,3,9,0,4,0,1,0,0,0,0,2,1,6,1,20,4,1149,1,6,10,2,10
2.02E+12,1,9,0,9,0,6,0,0,0,0,3,1,2,2,21,5,1197,1,2,9,1,9
2.02E+12,2,9,0,18,0,8,0,0,0,0,1,1,6,2,49,8,1560,2,11,5,1,5
2.02E+12,2,9,0,3,0,8,0,0,0,0,2,1,6,1,70,10,999,1,1,6,1,6
2.02E+12,1,9,0,18,0,1,0,0,0,0,1,1,6,2,57,9,1995,2,4,9,1,9
2.02E+12,1,9,0,18,0,1,0,0,0,0,1,1,6,2,50,8,1596,1,19,5,1,5
2.02E+12,2,9,0,4,0,1,0,0,0,0,2,1,6,1,26,6,1968,2,8,7,1,7
2.02E+12,1,9,0,9,0,2,0,0,1,11,1,1,2,1,21,5,2231,2,4,10,2,10
2.02E+12,1,9,0,5,0,1,0,0,0,0,1,1,2,1,31,6,1968,2,12,7,1,7
2.02E+12,2,9,0,3,0,1,0,0,0,0,2,1,6,2,82,11,1348,1,16,5,1,5
2.02E+12,2,9,0,18,0,1,0,0,0,0,1,1,2,2,58,9,1397,1,10,6,1,6
2.02E+12,2,9,0,18,0,3,0,0,4,0,3,1,1,1,40,7,1598,2,4,8,3,8
2.02E+12,1,9,0,7,0,4,0,0,0,0,1,1,1,2,46,8,1998,1,1,10,1,10
2.02E+12,1,9,0,9,0,5,0,0,0,0,4,1,6,1,42,7,1796,1,14,7,1,7
2.02E+12,2,4,0,18,0,1,0,0,0,0,1,1,6,1,18,4,125,1,1,7,3,7
2.02E+12,1,19,0,18,0,1,0,0,0,0,1,1,1,1,72,10,2198,2,9,6,1,6
2.02E+12,2,19,0,9,0,5,0,0,0,0,2,1,1,1,44,7,2198,2,3,5,1,5
2.02E+12,1,19,0,1,0,2,0,0,0,0,2,1,1,1,39,7,1995,2,9,9,1,9
2.02E+12,1,9,0,18,0,8,0,0,0,0,4,1,6,1,28,6,1198,1,8,10,1,10
2.02E+12,1,9,0,9,0,6,0,0,0,0,1,1,6,2,44,7,1364,1,11,4,1,4
2.02E+12,1,9,0,4,0,1,0,0,0,0,1,1,2,1,42,7,1968,2,5,8,3,8
2.02E+12,2,9,0,4,0,1,0,0,0,0,2,1,6,1,29,6,1560,2,4,9,2,9
2.02E+12,2,9,0,4,0,1,0,0,0,0,2,1,6,2,26,6,1390,1,4,8,1,8
2.02E+12,2,9,0,18,0,1,0,0,0,0,4,1,6,1,55,8,1461,2,2,4,1,4
2.02E+12,1,9,0,9,0,8,0,0,0,0,4,1,6,2,24,5,1395,1,2,4,1,4
2.02E+12,2,9,0,18,0,1,0,0,0,0,1,1,6,2,61,9,1396,1,13,4,1,4
2.02E+12,2,20,0,18,0,8,0,0,0,0,4,1,6,1,41,7,4764,2,5,3,1,3
2.02E+12,1,9,0,7,0,5,0,0,0,0,4,1,2,2,26,6,1198,1,5,7,1,7
2.02E+12,1,3,0,16,0,2,0,0,0,0,1,1,6,1,17,4,124,1,3,10,2,10
2.02E+12,2,11,0,9,0,1,0,0,0,0,0,1,1,1,52,8,5132,2,2,3,1,3
2.02E+12,1,9,0,18,0,4,0,0,0,0,4,1,6,1,34,6,1598,1,4,8,1,8
2.02E+12,2,9,0,18,0,8,0,0,0,0,1,1,2,1,25,5,1587,1,16,3,1,3
2.02E+12,1,9,0,18,0,3,5,0,2,2,1,1,6,1,18,4,1198,1,8,8,1,8
2.02E+12,2,11,0,18,0,4,0,0,0,0,0,1,1,1,47,8,4760,2,4,4,1,4
2.02E+12,2,9,0,18,0,8,5,0,0,0,1,1,6,1,22,5,1229,1,9,6,3,6
2.02E+12,1,3,0,18,0,8,0,0,0,0,1,1,6,1,20,4,125,1,1,9,1,9
2.02E+12,2,9,0,18,0,8,0,0,0,0,4,1,2,1,29,6,1998,2,10,5,1,5
2.02E+12,1,5,0,13,0,1,1,0,7,0,1,1,2,1,32,6,649,1,2,2,1,2
2.02E+12,2,9,0,9,0,6,0,0,0,0,2,1,6,1,73,10,1956,2,1,7,3,7
2.02E+12,2,9,0,18,0,8,0,0,0,0,1,1,2,1,25,5,2698,2,9,7,1,7
2.02E+12,1,9,0,18,0,3,0,10,4,6,1,1,6,1,31,6,998,1,3,3,1,3
2.02E+12,1,9,0,3,0,1,0,0,0,0,2,1,6,2,80,11,1364,1,11,10,2,10
2.02E+12,3,9,0,3,0,1,0,0,0,0,2,1,6,2,51,8,1598,1,4,10,1,10
2.02E+12,1,9,0,18,0,8,0,7,0,0,4,1,6,2,21,5,2231,2,12,5,1,5
2.02E+12,2,9,0,18,0,1,0,0,0,0,1,1,6,2,67,10,1395,1,1,9,1,9
2.02E+12,2,9,0,5,0,8,0,0,0,0,1,1,6,1,30,6,2143,2,5,4,1,4
2.02E+12,1,21,0,9,0,1,0,0,0,0,3,1,1,1,42,7,4500,2,2,4,1,4
2.02E+12,1,9,0,9,0,5,0,0,0,0,1,1,6,2,27,6,1598,1,11,3,1,3
2.02E+12,2,9,0,18,0,8,0,0,0,0,1,1,6,2,46,8,1900,2,16,1,1,1
2.02E+12,2,9,0,18,0,8,0,0,7,9,3,1,2,1,31,6,1984,2,5,9,2,9
2.02E+12,1,19,0,18,0,1,0,0,0,0,0,1,1,1,55,8,2198,2,3,8,1,8
2.02E+12,2,9,0,18,0,1,0,0,1,4,1,1,6,1,34,6,1598,1,4,4,1,4
2.02E+12,2,9,0,4,0,1,1,0,0,0,1,1,2,1,26,6,2143,2,6,5,1,5
2.02E+12,1,9,0,1,0,8,0,4,0,0,2,1,6,2,83,11,1339,1,13,7,3,7
2.02E+12,3,9,0,3,0,8,0,0,0,0,4,1,6,1,36,7,1995,2,5,4,1,4
2.02E+12,1,8,0,9,0,8,0,0,0,0,4,1,1,1,48,8,1686,2,6,1,1,1
2.02E+12,2,9,0,18,0,1,1,0,0,0,1,1,6,1,33,6,1560,2,4,5,2,5
2.02E+12,1,4,0,13,0,8,1,0,0,0,1,1,6,1,28,6,656,1,5,5,1,5
2.02E+12,2,9,0,9,0,5,0,0,0,0,3,1,6,1,45,7,1598,1,10,7,1,7
2.02E+12,1,9,0,18,0,1,0,0,8,11,1,1,6,2,72,10,996,1,3,10,2,10
2.02E+12,1,9,0,9,0,6,0,0,0,0,0,1,6,1,70,10,998,1,2,8,2,8
2.02E+12,2,4,0,18,0,8,0,0,1,0,0,1,6,1,44,7,1215,1,2,10,1,10
2.02E+12,1,9,0,18,0,1,0,0,1,0,1,1,6,1,30,6,1991,1,17,4,1,4
2.02E+12,2,9,0,10,0,1,0,0,0,0,3,1,6,2,21,5,1995,2,7,7,1,7
2.02E+12,1,9,0,9,0,8,0,0,0,0,1,1,2,2,43,7,998,1,1,6,1,6
2.02E+12,3,9,0,10,0,1,0,0,0,0,1,1,1,1,32,6,1968,2,7,9,1,9
2.02E+12,2,9,0,3,0,1,0,0,0,0,2,1,6,1,31,6,1390,1,10,9,1,9
2.02E+12,1,19,0,7,0,6,0,0,0,0,3,1,1,1,29,6,2198,2,2,5,1,5
2.02E+12,2,5,0,18,0,8,0,0,0,0,1,1,2,2,54,8,652,1,5,6,1,6
2.02E+12,2,9,0,9,0,5,0,0,0,0,3,1,6,1,32,6,1995,1,16,9,1,9
2.02E+12,2,9,0,18,0,4,0,0,0,0,3,1,6,2,55,8,1991,2,7,10,1,10
2.02E+12,2,9,0,18,0,1,0,0,0,0,1,1,6,1,20,4,1596,1,15,7,3,7
2.02E+12,1,9,0,9,0,5,0,0,3,11,1,1,6,1,83,11,1781,1,17,10,1,10
2.02E+12,1,9,0,9,0,5,0,0,0,0,1,1,6,1,21,5,1686,2,14,6,1,6
2.02E+12,1,9,0,9,0,6,0,0,0,0,0,1,1,1,41,7,1598,1,15,7,1,7
2.02E+12,2,4,0,18,0,1,1,0,0,0,0,1,1,1,40,7,125,1,6,6,1,6
2.02E+12,1,9,0,18,0,6,0,0,0,0,3,1,6,2,39,7,2401,2,14,7,3,7
2.02E+12,2,9,0,18,0,8,0,0,7,4,1,1,6,1,26,6,1984,1,16,9,3,9
2.02E+12,1,9,0,7,0,6,0,0,0,0,4,1,6,1,56,9,1951,2,12,10,1,10
2.02E+12,1,9,0,18,0,1,0,0,0,0,1,1,6,2,33,6,1988,2,13,2,1,2
2.02E+12,2,19,0,10,0,1,0,0,0,0,2,1,1,1,65,9,1248,2,9,5,1,5
2.02E+12,3,9,0,18,0,1,0,0,0,0,1,1,6,1,55,8,1390,1,10,9,2,9
2.02E+12,1,9,0,9,0,8,0,0,0,0,3,1,2,2,32,6,1910,2,10,7,1,7
2.02E+12,2,3,0,9,0,8,0,0,0,0,1,1,2,1,50,8,125,1,1,2,1,2
2.02E+12,2,9,0,18,0,8,0,0,0,0,2,1,6,2,34,6,1560,2,1,8,1,8
2.02E+12,1,9,0,4,0,4,0,9,3,1,1,1,6,2,26,6,1600,1,13,6,1,6
2.02E+12,1,5,0,17,0,8,0,0,0,0,3,1,6,1,34,6,999,1,8,10,1,10
2.02E+12,2,9,0,16,0,8,0,0,0,0,3,1,6,2,51,8,2987,2,8,10,3,10
2.02E+12,1,21,0,18,0,2,0,0,0,0,1,1,1,1,54,8,11967,2,7,1,1,1
2.02E+12,2,10,0,3,0,2,0,0,1,0,2,1,1,1,52,8,2198,2,5,2,1,2
2.02E+12,3,21,0,2,0,2,0,0,0,0,2,1,1,1,31,6,12740,2,2,4,1,4
2.02E+12,1,9,0,17,0,2,5,10,1,4,1,1,1,2,51,8,1598,1,2,10,2,10
2.02E+12,1,3,0,13,0,8,0,0,0,0,1,1,6,1,34,6,125,1,9,3,1,3
2.02E+12,2,9,0,2,6,2,0,0,0,0,3,1,6,1,28,6,998,1,13,5,1,5
2.02E+12,1,9,0,18,0,6,0,0,0,0,1,1,1,1,26,6,2148,2,13,3,1,3
2.02E+12,2,9,0,18,0,8,0,0,7,9,4,1,6,2,59,9,1998,1,1,9,3,9
2.02E+12,1,9,0,9,0,5,0,0,0,0,3,1,6,2,25,5,1995,2,1,5,1,5
2.02E+12,2,4,0,13,0,8,0,0,0,0,1,1,6,1,24,5,125,1,7,8,1,8
2.02E+12,1,9,0,7,0,3,0,0,7,1,1,1,6,1,79,11,1994,2,12,6,3,6
2.02E+12,1,9,0,18,0,4,0,9,3,4,1,1,6,1,28,6,1997,2,12,9,1,9
2.02E+12,2,3,0,18,0,8,1,0,0,0,4,1,6,1,19,4,124,1,10,2,1,2
2.02E+12,1,9,0,7,0,3,0,0,0,0,4,1,6,2,41,7,1896,2,13,5,1,5
2.02E+12,2,9,0,7,0,3,0,0,0,0,3,1,6,1,25,5,1229,1,9,5,1,5
2.02E+12,1,9,0,11,0,8,0,0,0,0,4,1,6,2,47,8,1598,1,2,10,1,10
2.02E+12,2,19,0,7,0,4,0,0,0,0,3,1,1,1,41,7,2143,2,5,9,1,9
2.02E+12,1,5,0,18,0,8,1,0,0,0,3,1,6,1,27,6,750,1,11,9,3,9
2.02E+12,2,9,0,18,0,3,0,0,0,0,1,1,1,1,23,5,1995,2,1,10,1,10
2.02E+12,1,21,0,18,0,1,0,0,0,0,1,1,1,1,34,6,12777,2,5,9,1,9
2.02E+12,2,19,0,10,0,1,0,0,0,0,2,1,1,1,44,7,1598,2,1,7,1,7
2.02E+12,1,9,0,6,0,1,0,0,0,0,0,1,6,2,33,6,1388,1,10,10,1,10
2.02E+12,2,9,0,3,0,1,0,0,0,0,2,1,6,1,30,6,1986,2,10,3,1,3
2.02E+12,1,9,0,12,0,3,0,0,0,0,3,1,2,2,33,6,1598,2,2,9,1,9
2.02E+12,1,19,0,6,0,8,0,0,7,0,3,1,1,1,56,9,1560,2,6,3,1,3
2.02E+12,2,21,0,18,0,8,1,0,7,0,1,1,1,1,36,7,5880,2,9,7,1,7
2.02E+12,1,9,0,4,0,1,0,0,0,0,1,1,1,2,40,7,2400,2,3,10,1,10
2.02E+12,2,19,0,18,0,1,0,0,0,0,1,1,1,1,25,5,2488,2,7,8,1,8
2.02E+12,1,9,0,9,0,5,0,0,0,0,3,1,6,2,48,8,1997,2,7,8,1,8
2.02E+12,2,5,0,13,0,8,1,0,0,0,4,1,6,1,38,7,805,1,22,2,1,2
2.02E+12,1,9,0,7,0,5,0,0,0,0,4,1,6,2,37,7,2179,2,8,3,1,3
2.02E+12,2,9,0,18,0,8,0,0,0,0,1,1,6,2,35,6,1395,1,2,9,1,9
2.02E+12,1,9,0,9,0,4,0,0,0,0,1,1,2,1,33,6,1984,1,10,5,1,5
2.02E+12,2,8,0,4,0,8,0,0,0,0,2,1,1,1,37,7,1997,2,5,2,1,2
2.02E+12,1,9,0,7,0,4,0,0,0,0,1,1,6,2,78,11,1997,1,9,10,1,10
2.02E+12,2,9,0,4,0,1,0,0,0,0,2,1,6,2,46,8,1560,2,6,7,1,7
2.02E+12,1,9,0,18,0,1,0,0,0,0,1,1,1,1,36,7,1796,1,12,3,1,3
2.02E+12,2,9,0,3,0,1,0,0,0,0,2,1,6,2,17,4,1248,2,1,2,1,2
2.02E+12,1,9,0,9,0,6,0,0,0,0,1,1,6,2,78,11,1998,1,14,9,1,9
2.02E+12,2,9,0,17,0,8,0,0,0,0,4,1,6,2,36,7,1686,2,15,4,1,4
2.02E+12,2,9,0,3,0,1,0,0,0,0,2,1,6,1,30,6,1910,2,13,2,1,2
2.02E+12,2,9,0,18,0,8,0,0,0,0,1,1,6,1,17,4,999,1,2,3,1,3
2.02E+12,1,9,0,9,0,6,0,0,0,0,0,1,1,1,33,6,1997,2,3,3,1,3
2.02E+12,2,21,0,3,0,1,0,0,0,0,2,1,1,1,51,8,12902,2,4,8,1,8
2.02E+12,3,9,0,18,0,1,1,0,0,0,1,1,6,2,60,9,1398,1,5,10,1,10
2.02E+12,1,19,0,9,0,5,0,0,0,0,1,1,1,1,48,8,2148,2,8,9,1,9
2.02E+12,2,9,0,18,0,8,0,0,0,0,1,1,6,1,22,5,1398,1,2,9,3,9
2.02E+12,1,9,0,5,0,4,0,0,0,0,3,1,6,2,45,7,1968,2,9,10,1,10
2.02E+12,1,9,0,18,0,6,0,0,0,0,1,1,6,1,29,6,1956,2,7,8,1,8
2.02E+12,2,9,0,18,0,8,0,0,1,1,3,1,2,2,22,5,1560,2,7,2,1,2
2.02E+12,2,9,0,18,0,1,0,0,0,0,1,1,6,2,54,8,1598,2,5,7,1,7
2.02E+12,1,9,0,18,0,4,0,0,0,0,1,1,6,2,35,6,1598,1,7,6,3,6
2.02E+12,2,9,0,18,0,4,0,0,0,0,2,1,6,2,52,8,1998,1,1,7,3,7
2.02E+12,1,9,0,18,0,1,0,0,0,0,1,1,6,2,42,7,1796,1,13,10,1,10
2.02E+12,1,9,0,18,0,1,0,10,2,3,1,1,2,2,53,8,1999,7,8,9,1,9
2.02E+12,1,9,0,5,0,1,0,0,0,0,1,1,6,1,21,5,1998,1,9,2,1,2
2.02E+12,2,9,0,10,0,1,0,0,0,0,2,1,6,2,22,5,1248,2,10,4,1,4
2.02E+12,1,9,0,18,0,1,0,0,0,0,1,1,6,2,69,10,1998,1,2,10,3,10
2.02E+12,2,9,0,3,0,1,0,0,0,0,2,1,6,1,24,5,1197,1,1,10,3,10
2.02E+12,1,9,0,4,0,1,0,0,0,0,2,1,6,2,44,7,1560,2,5,6,1,6
2.02E+12,2,9,0,4,0,1,0,0,0,0,0,1,2,2,25,5,1596,1,10,10,3,10
2.02E+12,1,21,1,7,0,4,0,0,0,0,1,1,1,1,50,8,10837,2,2,5,1,5
2.02E+12,2,9,0,18,0,8,0,0,0,0,4,1,6,1,49,8,2000,1,21,10,1,10
2.02E+12,1,19,0,9,0,2,0,0,0,0,1,1,1,1,45,7,2987,2,10,8,1,8
2.02E+12,2,2,0,18,0,8,0,0,0,0,1,1,6,1,27,6,49,1,8,4,1,4
2.02E+12,1,9,0,9,0,5,0,0,0,0,1,1,6,2,74,10,1461,2,3,7,3,7
2.02E+12,2,9,0,18,0,8,0,0,1,4,3,1,6,2,59,9,998,1,5,6,3,6
2.02E+12,1,9,0,9,0,6,0,0,0,0,1,1,6,2,48,8,1598,1,8,10,3,10
2.02E+12,2,9,0,18,0,8,2,0,1,9,4,1,6,2,21,5,1598,1,11,10,2,10
2.02E+12,1,19,0,1,0,1,0,0,0,0,2,1,6,1,35,6,1598,2,2,7,1,7
2.02E+12,2,9,0,2,0,1,0,0,0,0,2,1,6,2,32,6,1796,2,4,2,1,2
2.02E+12,2,21,1,18,0,1,0,0,0,0,3,1,1,1,60,9,10837,2,2,7,3,7
2.02E+12,1,9,0,18,0,1,0,0,0,0,1,1,6,2,59,9,1229,1,6,7,1,7
2.02E+12,2,9,0,4,0,1,0,0,0,0,2,1,6,1,50,8,1596,1,9,5,1,5
2.02E+12,1,9,0,9,0,8,0,0,7,1,1,1,6,1,49,8,1998,1,15,8,1,8
2.02E+12,2,9,0,18,0,1,0,0,0,0,1,1,6,2,23,5,1242,1,7,7,1,7
2.02E+12,2,9,0,18,0,8,1,0,0,0,4,1,6,1,18,4,1388,1,6,10,1,10
2.02E+12,2,9,0,18,0,8,0,2,0,0,3,1,6,1,19,4,999,1,2,7,1,7
2.02E+12,1,9,0,9,0,5,0,4,0,0,3,1,6,2,91,11,1242,1,8,4,1,4
2.02E+12,2,9,0,10,0,1,0,0,0,0,3,1,1,1,49,8,1968,2,4,6,1,6
2.02E+12,3,9,0,2,0,1,0,0,0,0,3,1,1,1,35,6,1968,2,5,8,1,8
2.02E+12,2,19,0,18,0,8,1,0,0,0,1,1,1,1,54,8,1499,2,1,4,1,4
2.02E+12,1,9,0,18,0,8,0,0,0,0,1,1,6,2,37,7,1590,1,18,2,1,2
2.02E+12,2,9,0,18,0,8,0,0,0,0,4,1,6,1,50,8,1560,2,1,7,3,7
2.02E+12,1,19,0,9,0,6,0,0,0,0,0,1,1,1,47,8,2143,2,1,5,1,5
2.02E+12,2,3,0,18,0,8,0,0,0,0,0,1,2,1,19,4,124,1,1,9,1,9
2.02E+12,1,9,0,4,0,1,0,0,0,0,0,1,1,1,53,8,1248,2,6,4,1,4
2.02E+12,2,20,0,18,0,8,0,0,0,0,1,1,1,1,24,5,9290,2,4,6,1,6
2.02E+12,3,9,0,4,0,8,0,0,0,0,2,1,6,1,36,7,1997,2,16,9,1,9
2.02E+12,1,3,0,16,0,2,0,0,0,0,1,1,6,1,25,5,125,1,10,7,1,7
2.02E+12,1,9,0,18,0,1,1,0,1,0,1,1,1,2,28,6,999,1,2,7,1,7
2.02E+12,2,9,0,4,0,1,0,0,0,0,2,1,2,1,53,8,505,1,12,10,1,10
2.02E+12,1,5,0,17,0,2,1,0,1,0,3,1,6,1,46,8,998,1,11,9,1,9
2.02E+12,1,9,0,9,0,6,0,0,0,0,1,1,6,2,55,8,1197,1,1,5,1,5
2.02E+12,2,2,0,18,0,8,0,0,0,0,4,1,6,1,16,4,50,1,5,10,2,10
2.02E+12,1,9,4,9,0,6,0,0,0,0,3,1,6,1,39,7,2996,2,21,10,1,10
2.02E+12,2,5,0,18,0,1,0,0,0,0,1,1,6,1,41,7,988,1,15,9,3,9
2.02E+12,1,9,0,18,0,2,1,0,0,0,1,1,6,1,42,7,2295,1,18,5,1,5
2.02E+12,2,9,0,2,0,2,0,0,0,0,3,1,6,1,38,7,2000,2,6,5,1,5
2.02E+12,3,9,0,18,0,8,0,0,0,0,4,1,6,1,66,10,3222,2,12,5,1,5
2.02E+12,4,9,0,2,0,2,0,0,0,0,3,1,6,2,61,9,1896,2,11,5,1,5
2.02E+12,5,9,0,2,0,2,0,0,0,0,4,1,6,1,51,8,2435,1,15,5,1,5
2.02E+12,1,4,0,13,0,1,0,2,1,2,1,1,6,1,32,6,487,1,13,9,1,9
2.02E+12,2,9,0,18,0,1,0,0,0,0,3,1,6,2,63,9,1390,1,10,7,3,7
2.02E+12,1,8,0,18,0,4,0,9,1,9,1,1,1,1,51,8,2499,2,10,7,1,7
2.02E+12,1,5,0,18,0,3,0,0,0,0,1,1,2,1,26,6,599,1,22,5,1,5
2.02E+12,2,5,0,18,0,3,0,0,0,0,2,1,2,1,26,6,999,1,5,7,2,7
2.02E+12,2,9,0,9,0,1,0,0,0,0,3,1,6,2,25,5,1590,1,13,8,1,8
2.02E+12,1,9,0,4,0,1,0,0,0,0,1,1,6,1,45,7,1598,1,17,4,1,4
2.02E+12,2,9,0,4,0,1,0,0,0,0,2,1,6,1,50,8,1910,2,9,6,1,6
2.02E+12,1,9,0,18,0,4,0,0,0,0,1,1,1,2,27,6,1796,1,14,2,1,2
2.02E+12,1,9,0,9,0,5,0,0,0,0,1,1,6,1,45,7,2400,2,5,10,3,10
2.02E+12,1,9,0,16,0,1,0,0,0,0,3,1,2,2,44,7,1598,1,13,5,1,5
2.02E+12,2,9,0,17,0,2,1,0,0,0,1,1,2,1,57,9,1086,1,9,6,1,6
2.02E+12,1,9,0,4,0,1,1,0,0,0,1,1,6,1,47,8,1364,1,7,9,2,9
2.02E+12,2,9,0,3,0,1,0,0,0,0,2,1,1,2,17,4,1248,2,2,10,1,10
2.02E+12,1,9,0,18,0,3,0,10,0,0,1,1,2,1,53,8,2993,2,12,10,1,10
2.02E+12,2,9,0,4,0,1,0,0,0,0,1,1,6,1,79,11,1560,2,7,6,3,6
2.02E+12,3,9,0,4,0,1,0,0,0,0,1,1,2,1,20,4,1598,1,15,9,1,9