Accident_Index,Vehicle_Reference,Vehicle_Type,Towing_and_Articulation,Vehicle_Manoeuvre,Vehicle_Location-Restricted_Lane,Junction_Location,Skidding_and_Overturning,Hit_Object_in_Carriageway,Vehicle_Leaving_Carriageway,Hit_Object_off_Carriageway,1st_Point_of_Impact,Was_Vehicle_Left_Hand_Drive?,Journey_Purpose_of_Driver,Sex_of_Driver,Age_of_Driver,Age_Band_of_Driver,Engine_Capacity_(CC),Propulsion_Code,Age_of_Vehicle,Driver_IMD_Decile,Driver_Home_Area_Type,Vehicle_IMD_Decile
2.02E+12,2,9,0,10,0,1,0,0,0,0,2,1,1,1,57,9,2143,12,1,10,2,10
2.02E+12,2,9,0,18,0,8,0,0,0,0,1,1,2,2,28,6,1598,1,12,9,3,9
2.02E+12,1,9,0,18,0,6,0,0,0,0,3,1,6,2,25,5,2967,2,5,8,1,8
2.02E+12,2,19,0,18,0,8,0,0,4,6,4,1,6,1,54,8,1996,2,3,8,3,8
2.02E+12,1,9,0,18,0,8,0,0,0,0,3,1,1,2,49,8,2143,2,1,10,1,10
2.02E+12,1,9,0,9,0,6,0,0,0,0,3,1,6,1,69,10,2494,1,20,10,3,10
2.02E+12,2,5,0,18,0,8,1,0,0,0,1,1,6,1,33,6,1402,1,11,1,1,1
2.02E+12,2,9,0,5,0,8,0,0,0,0,1,1,6,1,38,7,1995,2,2,5,1,5
2.02E+12,1,9,0,9,0,8,0,0,0,0,1,1,1,1,22,5,1339,1,11,10,1,10
2.02E+12,2,9,0,18,0,1,1,0,1,2,1,1,6,1,52,8,1997,2,5,7,1,7
2.02E+12,1,9,0,5,0,8,0,0,0,0,1,1,3,2,42,7,1242,1,17,10,1,10
2.02E+12,1,19,0,18,0,1,0,0,0,0,4,1,1,1,29,6,2143,2,2,7,1,7
2.02E+12,1,3,0,18,0,8,0,0,0,0,4,1,1,1,20,4,108,1,1,5,1,5
2.02E+12,2,9,0,12,0,8,0,0,0,0,2,1,6,2,38,7,1248,2,8,2,1,2
2.02E+12,1,9,0,9,0,8,0,0,0,0,3,1,6,2,77,11,1398,1,3,4,1,4
2.02E+12,2,19,0,18,0,1,0,0,0,0,1,1,1,1,49,8,2402,2,16,2,1,2
2.02E+12,2,19,0,18,0,8,0,0,0,0,1,1,2,1,27,6,2198,2,1,7,3,7
2.02E+12,2,9,0,7,0,6,0,0,0,0,1,1,6,2,76,11,1595,1,14,7,3,7
2.02E+12,1,9,0,18,0,2,0,0,0,0,2,1,1,2,43,7,1596,1,10,9,1,9
2.02E+12,2,9,0,18,0,8,0,0,0,0,3,1,6,2,55,8,999,1,2,7,1,7
2.02E+12,1,9,0,9,0,8,0,0,0,0,1,1,6,2,19,4,1299,1,12,9,1,9
2.02E+12,2,9,0,18,0,4,0,0,0,0,3,1,6,2,32,6,2993,2,4,10,2,10
2.02E+12,1,4,0,13,0,8,1,0,0,0,1,1,6,1,18,4,499,1,8,2,1,2
2.02E+12,2,9,0,9,0,5,0,0,0,0,3,1,2,2,43,7,1461,2,2,5,1,5
2.02E+12,1,9,0,9,0,6,0,0,0,0,1,1,6,2,32,6,1995,2,3,4,1,4
2.02E+12,2,9,0,10,0,8,0,0,7,0,1,1,1,1,51,8,1300,8,8,7,1,7
2.02E+12,1,19,0,18,0,1,0,0,0,0,1,1,1,1,25,5,1968,2,5,2,1,2
2.02E+12,2,9,0,9,0,1,0,0,7,0,3,1,6,2,24,5,1560,2,7,6,1,6
2.02E+12,1,9,0,4,0,1,0,0,0,0,1,1,6,2,35,6,1299,1,14,5,1,5
2.02E+12,1,9,0,14,0,1,0,0,0,0,4,1,6,1,20,4,1995,2,3,10,1,10
2.02E+12,2,3,0,18,0,1,0,0,0,0,2,1,6,1,18,4,125,1,3,7,1,7
2.02E+12,2,9,0,3,0,1,0,0,0,0,2,1,6,1,63,9,1124,1,16,10,1,10
2.02E+12,2,9,0,3,0,1,0,0,0,0,2,1,2,1,62,9,1995,2,11,8,1,8
2.02E+12,3,9,0,3,0,1,0,0,0,0,2,1,2,2,26,6,1968,2,2,8,2,8
2.02E+12,1,3,0,18,0,8,1,0,0,0,3,1,1,1,38,7,124,1,2,6,2,6
2.02E+12,1,9,0,9,0,6,0,0,0,0,1,1,2,1,49,8,1999,1,14,10,1,10
2.02E+12,2,9,0,18,0,8,0,0,0,0,4,1,6,1,58,9,3192,1,10,10,1,10
2.02E+12,1,9,0,9,0,6,0,0,0,0,4,1,2,1,36,7,1124,1,13,5,1,5
2.02E+12,2,5,0,14,0,8,0,0,0,0,1,1,6,1,30,6,1157,1,19,3,1,3
2.02E+12,1,19,0,18,0,1,0,0,0,0,1,1,2,1,40,7,2143,2,4,5,1,5
2.02E+12,2,9,0,18,0,1,0,0,0,0,2,1,2,1,40,7,2987,2,11,6,1,6
2.02E+12,1,9,0,9,0,6,0,0,0,0,1,1,2,1,62,9,2987,2,6,10,1,10
2.02E+12,2,9,0,18,0,8,0,0,0,0,4,1,6,2,55,8,1997,2,15,10,1,10
2.02E+12,1,9,0,9,0,8,0,0,0,0,4,1,2,2,57,9,2295,1,18,8,1,8
2.02E+12,2,9,0,18,0,1,0,0,0,0,1,1,1,2,53,8,1995,2,12,1,1,1
2.02E+12,1,9,0,18,0,1,0,0,0,0,1,1,6,1,39,7,1769,1,12,6,2,6
2.02E+12,1,9,0,9,0,5,0,0,0,0,3,1,6,1,23,5,1995,2,9,5,1,5
2.02E+12,2,9,0,7,0,1,0,0,0,0,1,1,6,2,22,5,1398,1,2,8,1,8
2.02E+12,1,9,0,9,0,6,0,0,3,9,3,1,6,1,18,4,1398,1,1,8,3,8
2.02E+12,2,9,0,18,0,8,0,0,0,0,1,1,6,2,39,7,1399,2,11,9,1,9
2.02E+12,1,9,0,11,0,7,0,0,0,0,1,1,6,1,30,6,2179,2,6,2,1,2
2.02E+12,1,9,0,9,0,5,0,0,0,0,4,1,6,1,52,8,1496,2,1,2,1,2
2.02E+12,2,4,0,18,0,1,0,0,0,0,1,1,6,1,52,8,998,1,15,9,3,9
2.02E+12,1,9,0,18,0,4,2,10,7,1,1,1,6,1,55,8,1834,1,16,10,2,10
2.02E+12,1,9,0,5,9,6,0,0,0,0,1,1,6,1,48,8,1896,2,13,5,1,5
2.02E+12,1,9,0,7,0,2,0,0,0,0,4,1,3,2,40,7,1339,1,11,4,1,4
2.02E+12,1,9,0,7,0,4,0,0,0,0,0,1,6,2,24,5,1398,1,1,5,1,5
2.02E+12,2,9,0,18,0,1,0,0,0,0,1,1,6,2,77,11,1240,1,8,5,1,5
2.02E+12,3,9,0,18,0,1,0,0,0,0,1,1,2,2,18,4,1398,1,2,9,2,9
2.02E+12,1,9,0,5,0,6,0,0,0,0,3,1,1,1,26,6,1598,1,14,2,1,2
2.02E+12,1,9,0,5,0,4,0,0,0,0,3,1,6,2,61,9,1461,2,1,1,1,1
2.02E+12,2,5,0,9,0,8,0,0,0,0,3,1,2,1,52,8,645,1,2,6,1,6
2.02E+12,1,9,0,18,9,2,0,0,1,0,1,1,6,1,85,11,1199,1,14,3,1,3
2.02E+12,1,9,0,18,0,5,0,0,0,0,4,1,1,1,42,7,1560,2,1,6,1,6
2.02E+12,1,9,0,18,0,8,0,0,0,0,1,1,2,1,24,5,1995,2,3,5,1,5
2.02E+12,1,9,0,9,0,8,0,0,0,0,1,1,6,2,27,6,1798,1,1,10,1,10
2.02E+12,2,9,0,18,0,8,0,7,0,1,3,1,6,2,23,5,998,1,11,5,1,5
2.02E+12,1,9,0,5,0,8,0,0,0,0,0,1,1,1,40,7,1753,2,7,4,1,4
2.02E+12,1,9,0,9,0,6,0,0,0,0,1,1,2,1,30,6,998,1,6,10,1,10
2.02E+12,2,5,0,14,0,1,0,0,0,0,4,1,2,1,32,6,883,1,1,9,1,9
2.02E+12,2,9,0,18,0,1,0,0,0,0,3,1,6,1,78,11,1395,1,2,10,1,10
2.02E+12,3,9,0,18,0,1,0,0,0,0,3,1,6,1,32,6,998,1,5,9,1,9
2.02E+12,1,9,0,9,0,8,0,0,0,0,2,1,2,1,64,9,999,1,2,10,1,10
2.02E+12,2,9,0,18,0,8,0,0,0,0,1,1,2,2,18,4,1364,1,8,10,1,10
2.02E+12,1,9,0,18,0,2,0,10,0,7,3,1,6,1,56,9,1461,2,1,10,1,10
2.02E+12,2,9,0,3,0,1,0,0,0,0,2,1,1,1,48,8,1198,1,3,10,1,10
2.02E+12,1,19,0,18,0,2,0,0,0,0,4,1,6,1,43,7,2460,2,12,5,1,5
2.02E+12,2,9,0,9,0,3,0,0,0,0,2,1,6,1,21,5,1124,1,13,9,3,9
2.02E+12,1,9,0,4,0,1,0,0,0,0,0,1,1,1,43,7,2993,2,1,8,1,8
2.02E+12,2,9,0,18,0,8,2,9,3,10,1,1,6,1,21,5,1896,2,9,3,1,3
2.02E+12,1,9,0,18,0,4,0,0,0,0,1,1,6,1,52,8,1560,2,10,3,1,3
2.02E+12,2,9,0,18,0,8,0,0,0,0,4,1,6,1,33,6,1598,2,1,7,1,7
2.02E+12,3,9,0,3,0,1,0,0,0,0,3,1,6,1,22,5,2143,2,4,9,2,9
2.02E+12,1,9,0,9,0,8,0,0,0,0,4,1,6,2,41,7,1329,1,7,2,1,2
2.02E+12,2,3,0,18,0,1,0,0,0,0,3,1,6,1,70,10,49,1,2,6,1,6
2.02E+12,2,9,0,18,0,8,0,0,0,0,4,1,6,1,18,4,1229,1,13,7,1,7
2.02E+12,1,3,0,18,0,4,1,7,0,0,4,1,6,1,23,5,124,1,2,5,1,5
2.02E+12,1,19,0,14,0,1,0,0,7,0,1,1,1,1,25,5,2198,2,5,8,1,8
2.02E+12,2,9,0,9,0,8,0,0,0,0,1,1,1,1,28,6,1197,1,2,7,1,7
2.02E+12,1,9,0,5,0,1,0,0,0,0,1,1,2,1,36,7,4511,1,12,8,1,8
2.02E+12,2,9,0,8,0,1,0,0,0,0,2,1,6,2,69,10,998,1,2,9,3,9
2.02E+12,1,9,0,18,0,4,0,9,3,4,1,1,6,1,28,6,2143,2,1,8,1,8
2.02E+12,1,9,0,9,0,1,0,0,0,0,1,1,6,2,36,7,1596,1,6,8,1,8
2.02E+12,1,9,0,18,0,1,0,0,1,5,1,1,6,2,52,8,1997,2,6,10,2,10
2.02E+12,1,9,0,9,0,8,0,0,0,0,4,1,6,1,32,6,1248,2,10,8,1,8
2.02E+12,2,9,0,18,0,1,1,0,1,0,1,1,6,2,25,5,1364,1,12,7,1,7
2.02E+12,2,3,0,18,0,8,0,0,0,0,2,1,6,1,19,4,125,1,2,6,1,6
2.02E+12,1,9,0,5,0,6,0,0,0,0,2,1,6,2,52,8,1998,1,11,9,3,9
2.02E+12,2,9,0,18,0,1,0,0,0,0,1,1,2,1,38,7,2184,2,12,10,1,10
2.02E+12,3,9,0,18,0,1,2,0,4,0,1,1,2,1,26,6,1496,2,2,9,3,9
2.02E+12,4,9,0,18,0,1,0,0,0,0,2,1,2,2,46,8,1149,1,3,10,1,10
2.02E+12,1,9,0,9,0,6,0,0,0,0,1,1,6,2,47,8,2179,2,2,10,1,10
2.02E+12,2,9,0,7,0,5,0,0,0,0,1,1,6,2,37,7,1497,8,2,9,3,9
2.02E+12,1,9,0,9,0,6,0,0,0,0,3,1,6,2,36,7,1598,1,15,5,1,5
2.02E+12,1,19,0,18,0,3,0,0,0,0,1,1,1,1,47,8,1998,2,12,4,1,4
2.02E+12,2,9,0,4,0,3,0,0,0,0,2,1,6,2,30,6,1248,2,2,5,1,5
2.02E+12,1,9,0,9,0,7,0,0,0,0,2,1,6,2,67,10,1997,1,14,5,1,5
2.02E+12,2,9,0,18,0,1,0,0,1,0,1,1,6,1,24,5,1197,1,3,1,1,1
2.02E+12,2,9,0,3,0,4,0,0,0,0,2,1,2,2,24,5,1997,1,15,4,1,4
2.02E+12,1,8,0,9,0,5,0,0,0,0,1,1,1,1,57,9,1997,2,5,4,1,4
2.02E+12,1,9,0,18,0,8,0,0,0,0,3,1,2,2,53,8,1397,1,14,3,1,3
2.02E+12,2,9,0,17,0,8,2,0,0,0,4,1,6,1,25,5,1149,1,2,10,2,10
2.02E+12,1,19,0,18,0,8,0,0,0,0,1,1,1,1,49,8,2298,2,1,8,1,8
2.02E+12,2,5,0,9,0,4,0,0,0,0,4,1,2,1,59,9,647,1,13,4,1,4
2.02E+12,2,9,0,3,0,1,0,0,0,0,2,1,6,2,18,4,1229,1,7,3,1,3
2.02E+12,3,9,0,10,0,1,0,0,0,0,2,1,6,2,18,4,1461,2,10,4,1,4
2.02E+12,1,8,0,18,0,8,0,0,0,0,1,1,1,1,30,6,1896,2,8,4,1,4
2.02E+12,2,9,0,18,0,8,0,0,0,0,3,1,6,2,40,7,1984,1,17,5,1,5
2.02E+12,2,9,0,18,0,8,0,0,0,0,1,1,2,1,43,7,1560,2,6,9,1,9
2.02E+12,3,9,0,10,0,1,0,0,0,0,1,1,6,2,40,7,1988,1,1,8,3,8
2.02E+12,1,9,0,18,0,1,0,0,0,0,0,1,2,1,57,9,2495,2,18,8,3,8
2.02E+12,2,8,0,18,0,1,0,0,0,0,1,1,2,1,54,8,1995,2,7,8,1,8
2.02E+12,1,9,0,13,0,1,0,0,0,0,1,1,6,1,22,5,1398,2,7,5,1,5
2.02E+12,2,9,0,18,0,2,0,0,0,0,1,1,6,2,57,9,1229,1,4,3,1,3
2.02E+12,2,3,0,18,0,8,0,0,0,0,1,1,6,1,20,4,125,1,3,7,1,7
2.02E+12,2,9,0,18,0,1,0,0,0,0,1,1,1,2,25,5,998,1,18,4,1,4
2.02E+12,2,9,0,18,0,3,0,0,0,0,3,1,6,2,36,7,1991,1,2,7,3,7
2.02E+12,1,9,0,5,0,3,0,9,0,0,1,1,2,2,48,8,3199,1,20,9,1,9
2.02E+12,1,9,0,9,0,5,0,0,0,0,3,1,6,2,33,6,1560,2,8,10,2,10
2.02E+12,1,9,0,9,0,8,0,0,0,0,1,1,6,2,34,6,2148,2,13,3,1,3
2.02E+12,2,5,0,18,0,8,0,0,0,0,4,1,6,1,26,6,750,1,4,3,1,3
2.02E+12,2,3,0,18,0,8,0,0,0,0,1,1,2,1,19,4,125,1,16,6,1,6
2.02E+12,2,9,0,7,0,5,0,0,1,0,2,1,6,1,53,8,1968,2,1,10,3,10
2.02E+12,2,9,0,4,0,8,0,0,0,0,2,1,6,2,47,8,4163,1,7,10,1,10
2.02E+12,1,9,0,16,0,1,1,0,7,1,1,1,6,2,19,4,1124,1,13,7,3,7
2.02E+12,1,9,0,18,0,1,0,0,0,0,1,1,6,2,26,6,1968,2,13,10,1,10
2.02E+12,2,9,0,2,0,1,0,0,1,11,2,1,6,2,58,9,1242,1,2,4,1,4
2.02E+12,2,9,0,9,0,8,0,0,0,0,1,1,2,2,47,8,1995,1,11,7,1,7
2.02E+12,2,9,0,3,0,1,0,0,0,0,2,1,1,1,27,6,1229,1,8,5,1,5
2.02E+12,2,9,0,18,0,8,0,0,0,0,3,1,6,2,29,6,1968,2,6,9,3,9
2.02E+12,1,9,0,9,0,6,0,0,0,0,1,1,2,2,38,7,1995,2,5,3,1,3
2.02E+12,1,5,0,13,0,1,0,0,0,0,1,1,6,1,61,9,636,1,15,5,1,5
2.02E+12,2,9,0,9,0,6,0,0,0,0,3,1,6,1,27,6,1968,2,6,8,2,8
2.02E+12,1,9,0,7,0,6,0,0,0,0,1,1,6,1,21,5,999,1,16,8,1,8
2.02E+12,1,9,0,18,0,1,0,0,1,0,1,1,6,1,50,8,1596,1,6,8,1,8
2.02E+12,2,9,0,10,0,5,0,0,0,0,2,1,6,2,47,8,2191,2,3,9,3,9
2.02E+12,1,9,0,9,0,8,0,0,0,0,3,1,2,1,59,9,1988,2,13,9,1,9
2.02E+12,1,9,0,9,0,6,0,0,0,0,3,1,6,2,67,10,1560,2,1,9,3,9
2.02E+12,1,9,0,18,0,7,2,10,1,10,1,1,6,1,27,6,1995,2,2,8,1,8
2.02E+12,1,9,0,18,0,4,0,0,0,0,1,1,6,1,77,11,1399,1,10,10,1,10
2.02E+12,1,9,0,18,0,6,0,0,1,0,1,1,6,1,30,6,1124,1,16,8,2,8
2.02E+12,2,9,0,18,0,8,0,0,0,0,4,1,6,2,52,8,1956,2,4,7,3,7
2.02E+12,2,9,0,3,0,1,0,0,0,0,2,1,6,2,31,6,1598,1,3,2,1,2
2.02E+12,2,9,0,18,0,1,0,0,0,0,1,1,6,2,72,10,1339,1,7,7,1,7
2.02E+12,1,9,0,18,0,4,0,0,0,0,1,1,6,2,31,6,1998,2,7,1,1,1
2.02E+12,2,9,0,9,0,8,0,0,0,0,4,1,6,2,47,8,1798,1,4,4,1,4
2.02E+12,2,9,0,3,0,8,0,0,0,0,2,1,6,1,31,6,1596,1,12,10,1,10
2.02E+12,1,19,0,15,0,1,0,0,0,0,4,1,2,1,33,6,2143,2,3,10,1,10
2.02E+12,2,9,0,12,0,1,0,0,0,0,3,1,2,1,29,6,1598,1,1,9,1,9
2.02E+12,1,9,0,7,0,8,0,0,0,0,1,1,6,2,22,5,1587,1,14,9,2,9
2.02E+12,1,9,0,7,0,5,0,0,0,0,4,1,2,2,22,5,1360,1,11,4,1,4
2.02E+12,1,9,0,9,0,6,0,0,0,0,3,1,6,2,25,5,1461,2,4,4,1,4
2.02E+12,2,9,0,18,0,1,1,0,0,0,1,1,6,1,44,7,1248,1,5,1,1,1
2.02E+12,1,21,0,9,0,8,0,0,0,0,3,1,1,1,42,7,9290,2,6,5,1,5
2.02E+12,2,5,0,8,0,2,0,0,0,0,1,1,6,1,25,5,599,1,10,7,1,7
2.02E+12,2,9,0,18,0,8,0,0,0,10,0,1,6,1,38,7,1995,2,10,7,3,7
2.02E+12,2,9,0,18,0,1,0,0,0,0,1,1,6,1,47,8,1364,2,2,4,1,4
2.02E+12,1,9,0,18,0,1,0,0,0,0,1,1,6,1,20,4,1400,1,11,6,1,6
2.02E+12,1,9,0,9,0,5,0,0,0,0,3,1,6,2,59,9,1248,2,7,10,2,10
2.02E+12,1,9,0,18,0,1,1,0,0,0,0,1,6,2,20,4,1198,1,11,10,1,10
2.02E+12,1,9,0,9,0,6,0,0,0,0,3,1,6,2,52,8,1968,2,3,5,1,5
2.02E+12,2,9,0,18,0,1,0,0,0,0,1,1,2,1,44,7,1582,2,1,8,1,8
2.02E+12,2,11,0,10,0,8,0,0,0,0,2,1,1,1,60,9,6370,2,9,3,1,3
2.02E+12,2,9,0,3,0,1,0,0,0,0,2,1,6,2,22,5,1248,2,5,7,1,7
2.02E+12,2,9,0,4,0,1,0,0,0,0,2,1,2,2,26,6,1242,1,5,3,1,3
2.02E+12,1,9,0,9,0,8,0,0,0,0,1,1,6,1,49,8,1997,2,8,5,1,5
2.02E+12,2,9,0,3,0,1,0,0,0,0,2,1,6,2,46,8,1396,1,16,8,1,8
2.02E+12,1,9,0,9,0,8,0,0,0,0,4,1,6,1,57,9,1560,2,13,10,2,10
2.02E+12,2,9,0,18,0,1,1,0,0,0,1,1,6,1,44,7,1968,2,2,8,1,8
2.02E+12,1,9,0,5,0,5,0,0,0,0,1,1,6,1,24,5,1229,1,12,6,1,6
2.02E+12,2,9,0,3,6,1,0,0,0,0,2,1,6,1,32,6,1896,2,13,6,1,6
2.02E+12,1,9,0,18,0,1,0,0,0,0,1,1,6,1,25,5,1399,1,1,8,2,8
2.02E+12,2,9,0,10,0,1,0,0,0,0,2,1,6,2,44,7,1984,1,2,10,1,10
2.02E+12,1,9,0,16,0,5,2,10,0,10,3,1,6,2,32,6,1242,1,7,9,3,9
2.02E+12,1,9,0,7,0,6,0,0,0,0,3,1,2,1,44,7,1461,2,3,7,1,7
2.02E+12,2,9,0,18,0,8,0,0,0,0,1,1,2,1,39,7,1995,2,9,7,3,7
2.02E+12,1,9,0,15,0,8,0,0,0,0,1,1,6,2,28,6,1596,1,12,6,1,6
2.02E+12,1,9,0,18,0,1,0,0,0,0,1,1,6,3,37,7,1360,1,14,9,3,9
2.02E+12,1,9,0,9,0,5,0,0,0,0,1,1,6,2,35,6,1596,1,10,4,1,4
2.02E+12,1,9,0,9,0,5,0,0,0,0,1,1,6,1,74,10,1400,1,11,7,1,7
2.02E+12,1,9,0,18,0,1,0,0,0,0,1,1,6,1,75,10,1900,2,11,8,1,8
2.02E+12,3,9,0,10,0,1,0,0,0,0,2,1,3,1,43,7,1984,2,5,8,2,8
2.02E+12,2,9,0,18,0,8,0,0,0,0,1,1,2,2,37,7,998,1,16,3,1,3
2.02E+12,1,9,0,18,0,1,1,0,0,0,1,1,6,1,30,6,1968,2,4,10,1,10
2.02E+12,2,9,0,3,0,1,0,0,0,0,2,1,6,1,58,9,2143,2,2,10,1,10
2.02E+12,3,9,0,3,0,1,0,0,0,0,2,1,6,1,55,8,1598,1,14,9,3,9
2.02E+12,1,19,0,9,0,6,0,0,0,0,1,1,6,1,44,7,1248,2,3,9,1,9
2.02E+12,1,9,0,18,9,8,5,0,1,11,4,1,6,1,66,10,1388,1,13,5,1,5
2.02E+12,2,9,0,2,9,8,0,0,0,0,2,1,6,2,52,8,1995,2,2,6,1,6
2.02E+12,3,9,0,2,0,2,0,0,0,0,2,1,6,1,22,5,1995,2,11,5,1,5
2.02E+12,1,9,0,18,0,2,0,0,1,4,1,1,6,2,69,10,1398,1,2,9,3,9
2.02E+12,1,9,0,9,0,5,0,0,0,0,1,1,6,1,35,6,2987,2,2,6,1,6
2.02E+12,2,9,0,18,0,1,0,0,0,0,1,1,6,1,36,7,4266,1,17,10,1,10
2.02E+12,1,9,0,4,0,1,0,0,0,0,4,1,6,1,17,4,1229,1,11,9,1,9
2.02E+12,1,9,0,5,0,6,0,0,0,0,1,1,6,1,86,11,2457,1,10,10,1,10
2.02E+12,2,9,0,5,0,6,0,0,0,0,4,1,2,2,20,4,1242,1,8,7,3,7
2.02E+12,2,9,0,5,0,4,0,0,0,0,2,1,6,1,45,7,2979,1,11,5,1,5
2.02E+12,1,9,0,18,0,1,0,0,0,0,1,1,6,1,19,4,998,1,1,9,1,9
2.02E+12,1,19,0,1,0,1,0,0,0,0,2,1,6,1,40,7,2402,2,15,1,1,1
2.02E+12,1,9,0,9,0,8,0,0,0,0,1,1,2,1,25,5,973,1,14,6,1,6
2.02E+12,2,9,0,18,0,1,0,0,0,0,1,1,6,1,88,11,1588,1,13,9,1,9
2.02E+12,1,9,0,18,0,1,0,0,0,0,1,1,6,1,29,6,1397,1,8,8,1,8
2.02E+12,2,9,0,3,0,1,0,0,0,0,2,1,2,2,46,8,1199,1,13,8,1,8
2.02E+12,1,9,0,18,0,1,0,0,4,1,3,1,6,1,51,8,1956,2,5,8,1,8
2.02E+12,3,9,0,18,0,4,0,0,0,0,3,1,6,2,70,10,1596,1,15,9,1,9
2.02E+12,1,9,0,18,0,1,0,0,0,0,1,1,6,1,17,4,1896,2,11,8,3,8
2.02E+12,2,9,0,10,0,1,0,0,0,0,2,1,6,2,27,6,1596,1,6,9,1,9
2.02E+12,1,9,0,18,0,1,0,0,7,9,1,1,2,2,38,7,1968,2,1,9,3,9
2.02E+12,1,9,0,9,0,5,0,0,0,0,1,1,2,1,70,10,1968,2,1,5,1,5
2.02E+12,2,9,0,17,0,8,0,0,1,0,3,1,6,2,79,11,1499,1,1,10,2,10
2.02E+12,1,9,0,9,0,6,0,0,0,0,1,1,6,1,28,6,2143,2,3,4,1,4
2.02E+12,2,9,0,9,0,5,0,0,0,0,2,1,6,2,20,4,1124,1,12,9,2,9
2.02E+12,1,9,0,9,0,1,0,0,0,0,1,1,2,1,44,7,2996,1,10,6,1,6
2.02E+12,1,9,0,18,0,1,0,0,0,0,4,1,4,2,17,4,999,1,1,7,3,7
2.02E+12,1,9,0,18,0,1,1,0,0,0,1,1,6,1,24,5,1598,1,5,10,1,10
2.02E+12,1,9,0,18,0,8,0,0,0,0,1,1,6,1,64,9,1896,2,9,7,1,7
2.02E+12,2,9,0,18,0,8,0,0,0,0,1,1,6,2,42,7,998,1,1,6,1,6
2.02E+12,1,9,0,9,0,5,0,0,0,0,1,1,6,1,52,8,1984,1,4,10,1,10
2.02E+12,1,9,0,18,0,1,0,0,0,0,1,1,1,1,63,9,1956,2,8,3,1,3
2.02E+12,2,8,0,9,0,3,0,0,0,0,0,1,1,1,40,7,2148,2,11,6,1,6
2.02E+12,1,9,0,7,0,3,0,0,0,0,1,1,6,1,25,5,2993,2,3,7,1,7
2.02E+12,1,9,0,14,0,1,0,0,0,0,4,1,6,1,30,6,1896,2,14,8,3,8
2.02E+12,1,9,0,18,0,2,0,0,0,0,3,1,1,1,57,9,2362,1,12,9,3,9
2.02E+12,2,4,0,18,0,8,1,0,1,11,1,1,2,1,21,5,124,1,2,8,1,8
2.02E+12,2,9,0,18,0,1,0,0,0,0,1,1,1,1,29,6,1497,8,9,4,1,4
2.02E+12,1,9,0,9,0,8,0,0,0,0,4,1,6,1,73,10,1796,1,14,4,1,4
2.02E+12,2,9,0,18,0,8,0,0,0,0,1,1,3,1,43,7,1596,1,5,8,3,8
2.02E+12,1,9,0,18,0,2,0,0,0,0,1,1,3,3,47,8,1339,1,12,7,1,7
2.02E+12,2,9,0,18,0,1,0,0,0,0,1,1,1,2,42,7,1997,2,11,9,1,9
2.02E+12,2,9,0,18,0,1,0,0,0,0,1,1,6,2,41,7,1364,1,8,3,1,3
2.02E+12,1,9,0,18,0,1,0,0,0,0,1,1,6,1,24,5,1200,1,1,2,1,2
2.02E+12,2,9,0,9,0,1,0,0,0,0,2,1,6,1,44,7,1969,2,1,7,1,7
2.02E+12,2,8,0,3,0,1,0,0,0,0,2,1,1,1,47,8,1598,2,5,5,1,5
2.02E+12,2,9,0,4,0,1,0,0,0,0,4,1,6,1,54,8,1997,2,13,9,2,9
2.02E+12,2,9,0,18,0,1,0,0,0,0,4,1,6,1,42,7,1991,1,4,7,1,7
2.02E+12,1,9,0,18,0,1,0,0,0,0,1,1,6,1,26,6,1329,1,5,8,3,8
2.02E+12,2,9,0,3,0,1,0,0,0,0,2,1,6,1,24,5,1390,1,7,9,1,9
2.02E+12,3,9,0,10,0,1,0,0,0,0,2,1,1,1,40,7,2987,2,6,5,1,5
2.02E+12,1,9,0,5,0,4,0,0,0,0,1,1,6,1,42,7,1598,1,10,8,1,8
2.02E+12,1,9,0,9,0,1,0,0,0,0,1,1,3,2,32,6,1248,1,4,8,3,8
2.02E+12,2,9,0,3,0,1,0,0,0,0,2,1,6,2,43,7,1595,1,13,8,1,8
2.02E+12,1,9,0,9,0,6,0,0,3,0,1,1,1,1,34,6,1995,2,9,10,1,10
2.02E+12,2,9,0,18,0,1,0,0,7,9,4,1,6,1,49,8,2000,2,12,7,1,7
2.02E+12,2,9,0,9,0,5,0,0,0,0,4,1,6,2,19,4,1390,1,3,10,2,10
2.02E+12,1,9,0,9,0,1,0,0,0,0,1,1,6,1,41,7,1598,1,15,8,2,8
2.02E+12,1,9,0,9,0,2,0,0,0,0,1,1,3,1,39,7,1910,2,6,10,1,10
2.02E+12,1,9,0,17,0,2,1,10,0,0,1,1,1,2,22,5,1229,1,5,10,1,10
2.02E+12,2,9,0,7,0,2,0,0,0,0,1,1,6,1,88,11,1242,1,13,6,2,6
2.02E+12,1,9,0,18,0,4,0,0,0,0,1,1,6,1,36,7,1364,1,1,10,1,10
2.02E+12,2,9,0,3,0,4,0,0,0,0,2,1,6,2,55,8,2597,1,14,10,1,10
2.02E+12,1,9,0,7,5,5,0,0,0,0,4,1,3,1,36,7,1560,2,8,7,3,7
2.02E+12,1,5,0,18,0,7,0,0,0,0,3,1,2,1,45,7,656,1,9,10,1,10
2.02E+12,1,3,0,14,0,8,0,0,0,0,1,1,6,1,22,5,125,1,1,8,1,8