Accident_Index,Vehicle_Reference,Vehicle_Type,Towing_and_Articulation,Vehicle_Manoeuvre,Vehicle_Location-Restricted_Lane,Junction_Location,Skidding_and_Overturning,Hit_Object_in_Carriageway,Vehicle_Leaving_Carriageway,Hit_Object_off_Carriageway,1st_Point_of_Impact,Was_Vehicle_Left_Hand_Drive?,Journey_Purpose_of_Driver,Sex_of_Driver,Age_of_Driver,Age_Band_of_Driver,Engine_Capacity_(CC),Propulsion_Code,Age_of_Vehicle,Driver_IMD_Decile,Driver_Home_Area_Type,Vehicle_IMD_Decile
2.02E+12,3,9,0,18,0,1,0,0,0,0,1,1,6,2,50,8,1598,1,2,10,1,10
2.02E+12,1,9,0,9,0,8,0,0,0,0,4,1,1,1,55,8,2143,12,1,9,3,9
2.02E+12,2,9,0,18,0,8,0,0,0,0,1,1,1,1,36,7,1560,2,2,2,1,2
2.02E+12,1,9,0,9,0,6,0,0,0,0,1,1,6,1,45,7,1956,2,5,10,1,10
2.02E+12,2,9,0,18,0,1,0,0,0,0,1,1,6,2,49,8,1798,8,5,10,3,10
2.02E+12,1,9,0,1,0,8,0,0,0,0,4,1,6,2,45,7,2402,2,8,8,1,8
2.02E+12,1,9,0,18,0,1,0,0,0,0,1,1,6,2,22,5,998,1,3,2,1,2
2.02E+12,2,9,0,5,0,6,0,0,0,0,3,1,6,1,30,6,1870,2,15,8,1,8
2.02E+12,1,11,0,18,0,3,0,0,0,0,1,1,1,1,23,5,4461,2,3,10,1,10
2.02E+12,1,9,0,9,0,8,0,0,0,0,4,1,6,2,50,8,1197,1,2,9,1,9
2.02E+12,2,9,0,18,0,4,0,0,0,0,1,1,6,1,70,10,2720,2,10,9,1,9
2.02E+12,1,9,0,7,0,4,0,0,0,0,3,1,2,2,48,8,1339,1,4,3,1,3
2.02E+12,1,9,0,18,0,3,0,0,0,0,1,1,3,2,48,8,1998,1,14,7,1,7
2.02E+12,1,9,0,9,0,1,0,0,0,0,3,1,1,1,27,6,2231,2,9,10,1,10
2.02E+12,2,3,0,13,0,1,0,0,0,0,1,1,1,1,44,7,125,1,1,8,1,8
2.02E+12,1,9,0,5,0,4,0,0,0,0,3,1,2,2,58,9,1598,1,8,9,1,9
2.02E+12,1,9,0,17,0,3,2,10,7,9,0,1,6,1,65,9,1240,1,11,10,1,10
2.02E+12,1,9,0,18,0,5,0,0,0,0,3,1,1,1,55,8,1086,1,12,10,1,10
2.02E+12,1,9,0,3,0,8,0,0,0,0,3,1,2,2,56,9,1560,2,2,5,1,5
2.02E+12,2,9,0,18,0,8,0,0,0,0,1,1,6,2,56,9,1587,1,30,7,3,7
2.02E+12,1,9,0,5,0,4,0,0,0,0,4,1,6,2,58,9,1364,1,8,6,1,6
2.02E+12,1,9,0,9,0,8,0,0,0,0,4,1,6,2,48,8,1229,1,5,10,1,10
2.02E+12,2,9,0,18,0,8,0,0,0,0,1,1,6,2,51,8,1598,1,14,9,1,9
2.02E+12,1,9,0,9,0,8,0,0,0,0,1,1,2,1,43,7,1596,1,12,1,1,1
2.02E+12,1,9,0,3,0,1,0,0,0,0,2,1,1,2,54,8,1968,2,1,7,3,7
2.02E+12,2,9,0,4,0,1,0,0,0,0,1,1,6,1,70,10,1997,2,3,5,1,5
2.02E+12,2,9,0,18,0,1,0,0,0,0,1,1,2,1,43,7,2199,2,7,7,1,7
2.02E+12,1,9,0,18,0,1,0,0,0,0,1,1,6,1,44,7,2199,2,2,7,3,7
2.02E+12,2,9,0,9,0,8,0,0,0,0,1,1,6,1,71,10,2688,2,14,2,1,2
2.02E+12,1,9,0,3,0,1,0,0,0,0,2,1,6,2,23,5,1349,1,8,5,1,5
2.02E+12,2,9,0,4,0,1,0,0,0,0,1,1,6,2,42,7,1997,2,13,3,1,3
2.02E+12,1,5,0,18,0,8,1,0,0,0,0,1,2,1,46,8,1199,1,15,7,1,7
2.02E+12,1,9,0,9,0,8,0,0,0,0,1,1,2,1,25,5,1398,1,5,7,1,7
2.02E+12,2,9,0,9,0,8,0,0,0,0,1,1,6,1,32,6,2191,2,2,5,1,5
2.02E+12,1,9,0,7,0,8,0,0,0,0,4,1,6,1,24,5,1560,2,3,6,1,6
2.02E+12,1,9,0,18,0,8,0,0,1,0,0,1,6,2,38,7,1749,1,16,3,1,3
2.02E+12,1,9,0,3,0,1,0,0,0,0,2,1,6,2,56,9,1499,1,2,9,1,9
2.02E+12,2,9,0,3,0,1,0,0,0,0,2,1,6,2,32,6,1242,1,8,3,1,3
2.02E+12,3,19,0,5,0,1,0,0,0,0,0,1,1,1,31,6,1968,2,1,9,1,9
2.02E+12,1,5,0,18,0,8,1,4,0,0,3,1,6,1,25,5,748,1,4,9,1,9
2.02E+12,1,9,0,4,0,1,0,0,0,0,4,1,6,1,53,8,1596,1,15,1,1,1
2.02E+12,1,9,0,9,0,2,0,0,0,0,1,1,6,2,61,9,1360,1,11,9,1,9
2.02E+12,1,19,0,9,0,8,0,0,0,0,1,1,6,1,55,8,1560,2,3,3,1,3
2.02E+12,2,9,0,18,0,8,0,0,0,0,1,1,6,1,50,8,1598,2,2,10,2,10
2.02E+12,1,9,0,18,0,8,0,0,0,0,1,1,6,1,53,8,1796,1,7,5,1,5
2.02E+12,1,9,0,18,0,8,0,0,0,0,3,1,2,2,49,8,1248,2,11,10,3,10
2.02E+12,1,9,0,18,0,1,1,0,0,0,1,1,2,1,33,6,1198,1,14,8,1,8
2.02E+12,2,9,0,10,0,1,0,0,0,0,2,1,6,2,53,8,2402,2,9,9,3,9
2.02E+12,1,8,0,18,0,4,0,0,0,0,1,1,2,1,36,7,1753,2,8,3,1,3
2.02E+12,2,9,0,18,0,4,0,0,0,0,1,1,6,2,40,7,1560,2,11,3,1,3
2.02E+12,1,9,0,18,0,2,0,0,1,4,1,1,1,1,17,4,4999,1,10,8,3,8
2.02E+12,1,9,0,9,0,8,0,0,0,0,1,1,6,1,19,4,1108,1,14,3,1,3
2.02E+12,2,2,0,18,0,8,0,0,0,0,3,1,6,2,21,5,49,1,16,1,1,1
2.02E+12,2,9,0,18,0,8,0,0,0,0,1,1,6,1,48,8,1390,1,13,3,1,3
2.02E+12,2,9,0,7,0,8,0,0,0,0,4,1,6,2,53,8,1598,1,17,4,1,4
2.02E+12,1,4,0,18,0,1,1,4,0,0,1,1,6,1,16,4,125,1,10,4,1,4
2.02E+12,1,9,0,5,0,8,0,0,0,0,1,1,6,2,41,7,2477,2,12,6,3,6
2.02E+12,2,9,0,18,0,8,0,0,0,0,1,1,6,1,67,10,1498,1,16,4,2,4
2.02E+12,1,3,0,18,0,1,0,0,0,0,1,1,6,1,18,4,124,1,25,3,1,3
2.02E+12,1,2,0,4,0,1,1,0,0,0,4,1,6,1,17,4,49,1,4,6,1,6
2.02E+12,1,9,0,9,0,8,1,0,0,0,1,1,1,2,24,5,2000,2,12,4,1,4
2.02E+12,3,90,0,18,0,8,0,0,0,0,0,1,1,1,34,6,2987,2,7,10,2,10
2.02E+12,1,9,0,9,0,8,0,0,0,0,1,1,2,2,45,7,1248,2,8,10,1,10
2.02E+12,2,9,0,18,0,8,0,4,0,0,1,1,3,2,46,8,1749,1,13,8,3,8
2.02E+12,3,9,0,2,0,2,0,0,0,0,2,1,6,1,44,7,1997,2,3,9,1,9
2.02E+12,1,9,0,9,0,8,0,0,3,0,3,1,2,2,26,6,1582,2,4,8,2,8
2.02E+12,2,9,0,18,0,8,0,0,0,0,1,1,2,2,34,6,1242,1,1,10,1,10
2.02E+12,1,9,0,4,0,1,0,0,0,0,2,1,6,2,32,6,1995,2,5,9,3,9
2.02E+12,1,9,0,18,0,8,0,0,0,0,3,1,6,2,43,7,1200,1,1,7,1,7
2.02E+12,1,9,0,18,0,4,0,0,0,0,3,1,6,2,37,7,1560,2,10,10,1,10
2.02E+12,1,4,0,13,0,8,0,0,0,0,1,1,6,1,18,4,349,1,23,2,1,2
2.02E+12,2,9,0,9,0,8,0,0,0,0,3,1,6,1,60,9,1598,1,14,7,1,7
2.02E+12,1,9,0,18,0,1,0,0,0,0,1,1,6,2,41,7,998,1,2,1,1,1
2.02E+12,1,9,0,10,0,1,0,0,0,0,2,1,6,1,55,8,1242,1,2,9,2,9
2.02E+12,1,9,0,5,0,1,0,0,0,0,4,1,6,1,44,7,1199,1,17,4,1,4
2.02E+12,1,9,0,9,0,8,0,0,0,0,3,1,2,1,25,5,1796,1,13,3,1,3
2.02E+12,1,9,0,10,0,8,0,0,0,0,2,1,6,1,43,7,1998,1,14,5,1,5
2.02E+12,1,9,0,7,0,1,0,0,1,4,1,1,6,2,22,5,1299,1,16,5,1,5
2.02E+12,1,9,0,18,0,1,0,12,0,0,1,1,6,1,42,7,1390,1,16,9,2,9
2.02E+12,1,9,0,9,0,8,0,0,0,0,1,1,1,2,34,6,1995,1,7,10,1,10
2.02E+12,2,9,0,18,0,8,0,0,0,0,1,1,1,1,51,8,998,1,15,5,1,5
2.02E+12,3,9,0,10,0,1,0,0,0,0,1,1,1,1,26,6,1598,1,1,10,1,10
2.02E+12,1,9,0,9,0,8,0,0,0,0,1,1,6,1,18,4,1199,1,13,9,1,9
2.02E+12,2,9,0,18,0,8,0,0,0,0,1,1,6,2,55,8,1086,1,10,6,1,6
2.02E+12,1,9,0,1,9,8,0,0,0,0,2,1,6,2,24,5,1360,1,15,9,1,9
2.02E+12,1,9,0,1,0,8,0,0,0,0,2,1,6,2,58,9,1598,1,7,5,1,5
2.02E+12,2,9,0,18,0,8,0,0,0,0,1,1,6,1,35,6,1968,2,5,3,1,3
2.02E+12,1,9,0,4,0,8,0,0,0,0,2,1,6,2,47,8,1248,1,3,8,1,8
2.02E+12,2,9,0,4,0,8,0,0,0,0,2,1,6,1,60,9,1999,2,2,7,1,7
2.02E+12,3,9,0,4,0,8,0,0,0,0,1,1,6,1,23,5,1794,1,17,10,1,10
2.02E+12,2,9,0,18,0,8,0,0,0,0,1,1,2,1,38,7,2967,2,2,8,3,8
2.02E+12,1,9,0,18,0,1,0,0,0,0,4,1,6,2,26,6,1329,1,5,7,1,7
2.02E+12,1,9,0,5,0,2,0,0,0,0,4,1,1,2,58,9,1598,1,17,6,1,6
2.02E+12,1,9,0,4,0,1,0,0,0,0,2,1,6,2,34,6,998,1,18,9,1,9
2.02E+12,1,5,0,18,0,8,1,0,0,0,3,1,2,1,59,9,675,1,8,9,1,9
2.02E+12,2,9,0,17,0,8,0,0,0,0,1,1,6,1,28,6,1796,1,6,9,1,9
2.02E+12,1,9,0,17,0,8,0,0,7,11,1,1,3,2,23,5,1396,1,16,2,1,2
2.02E+12,1,9,0,9,0,8,0,0,0,0,3,1,2,1,48,8,1598,1,5,2,1,2
2.02E+12,1,9,0,9,0,8,0,0,0,0,1,1,6,2,46,8,1198,1,6,5,1,5
2.02E+12,1,9,0,18,0,1,0,0,0,0,1,1,2,2,59,9,1364,1,2,5,1,5
2.02E+12,1,9,0,18,0,8,0,0,0,0,1,1,6,2,20,4,1349,1,9,4,1,4
2.02E+12,1,19,0,9,0,6,0,0,0,0,1,1,1,1,51,8,2198,2,2,7,1,7
2.02E+12,1,9,0,18,0,1,0,0,7,0,3,1,6,1,22,5,1390,1,13,7,3,7
2.02E+12,1,5,0,18,0,8,0,0,0,0,1,1,6,1,28,6,1050,1,9,5,1,5
2.02E+12,2,9,0,5,0,8,0,0,0,0,1,1,6,2,24,5,1242,1,10,4,1,4
2.02E+12,1,19,0,9,0,8,0,0,0,0,1,1,6,1,46,8,1398,2,10,4,1,4
2.02E+12,2,9,0,18,0,8,0,0,0,0,1,1,6,1,40,7,1598,1,14,9,1,9
2.02E+12,1,9,0,16,0,8,5,0,2,10,4,1,6,1,41,7,1997,1,14,4,1,4
2.02E+12,1,9,0,18,0,8,0,0,0,0,1,1,2,1,26,6,1598,1,9,3,1,3
2.02E+12,1,9,0,9,0,8,0,0,0,0,1,1,6,1,38,7,1560,2,3,4,1,4
2.02E+12,2,5,0,18,0,8,0,0,0,0,1,1,2,1,38,7,645,1,13,4,1,4
2.02E+12,1,9,0,9,0,8,0,0,0,0,3,1,4,1,17,4,1229,1,3,8,1,8
2.02E+12,1,9,0,9,0,5,0,0,0,0,1,1,6,1,31,6,1596,1,11,2,1,2
2.02E+12,1,5,0,16,0,8,0,0,0,0,3,1,1,1,50,8,1170,1,3,10,1,10
2.02E+12,2,3,0,18,0,1,0,0,0,0,3,1,6,1,50,8,124,1,18,7,1,7
2.02E+12,1,9,0,18,0,8,0,0,3,4,1,1,2,1,57,9,1685,2,3,6,3,6
2.02E+12,1,9,0,18,0,1,0,0,0,0,1,1,6,2,35,6,2993,2,11,8,1,8
2.02E+12,2,9,0,9,0,6,0,0,0,0,3,1,6,1,34,6,2199,2,6,10,1,10
2.02E+12,2,9,0,18,0,8,0,0,0,0,2,1,6,2,28,6,1388,1,9,8,1,8
2.02E+12,1,9,0,18,0,8,0,0,0,0,4,1,6,1,26,6,1984,1,11,9,1,9
2.02E+12,2,9,0,18,0,8,0,0,0,0,1,1,6,1,79,11,1995,2,7,9,1,9
2.02E+12,1,3,0,4,0,1,0,0,0,0,0,1,6,1,22,5,49,1,13,3,1,3
2.02E+12,1,4,0,16,0,8,0,0,1,0,3,1,6,1,43,7,125,1,11,1,1,1
2.02E+12,1,9,0,4,0,1,0,0,0,0,2,1,2,1,42,7,1598,1,15,7,1,7
2.02E+12,2,3,0,18,0,1,1,0,0,0,1,1,2,1,18,4,124,1,9,1,1,1
2.02E+12,1,9,0,18,0,6,0,0,0,0,1,1,2,1,28,6,1896,2,16,8,2,8
2.02E+12,2,9,0,18,0,1,0,0,0,0,3,1,2,1,40,7,1995,2,5,10,1,10
2.02E+12,1,3,0,18,0,8,0,0,0,0,4,1,6,1,36,7,124,1,17,5,1,5
2.02E+12,1,9,0,18,0,1,0,0,0,0,1,1,3,2,45,7,2477,2,12,4,1,4
2.02E+12,1,9,0,18,0,8,0,0,0,0,4,1,6,2,42,7,1242,1,10,3,1,3
2.02E+12,1,9,0,18,0,8,0,0,0,0,1,1,6,1,32,6,2495,1,11,4,1,4
2.02E+12,1,9,0,17,0,8,0,0,0,0,2,1,2,1,47,8,2143,2,2,9,3,9
2.02E+12,2,4,0,18,0,8,0,0,0,0,4,1,2,1,48,8,250,1,2,10,1,10
2.02E+12,1,9,0,5,0,1,0,0,0,0,1,1,6,2,43,7,999,1,1,5,1,5
2.02E+12,2,9,0,3,0,1,0,0,0,0,2,1,6,1,29,6,998,1,13,4,2,4
2.02E+12,1,9,0,18,0,8,0,0,0,0,4,1,6,2,61,9,1598,1,4,9,2,9
2.02E+12,1,9,0,18,0,8,0,0,3,10,1,1,6,2,81,11,1339,1,11,10,1,10
2.02E+12,2,9,0,7,0,8,0,0,0,0,1,1,6,1,66,10,1560,2,3,4,1,4
2.02E+12,2,9,0,9,0,8,0,0,0,0,1,1,6,1,70,10,1242,1,9,1,1,1
2.02E+12,1,3,0,18,0,8,1,0,0,0,4,1,2,1,31,6,125,1,9,4,1,4
2.02E+12,1,9,0,9,0,8,0,0,0,0,3,1,2,2,42,7,1598,1,15,6,1,6
2.02E+12,2,5,0,13,0,8,0,0,0,0,1,1,2,1,39,7,847,1,1,5,1,5
2.02E+12,1,9,0,9,0,2,0,0,0,0,1,1,6,2,38,7,1910,2,9,10,1,10
2.02E+12,1,9,0,4,0,1,0,0,0,0,2,1,6,2,24,5,1399,2,6,8,1,8
2.02E+12,2,9,0,4,0,1,0,0,0,0,2,1,6,1,58,9,1399,2,6,10,2,10
2.02E+12,3,9,0,4,0,1,0,0,0,0,2,1,6,1,64,9,1461,2,6,8,1,8
2.02E+12,4,9,0,4,0,1,0,0,0,0,1,1,6,2,24,5,1596,1,6,4,1,4
2.02E+12,2,9,0,9,0,8,0,0,0,0,1,1,6,1,55,8,1997,2,15,3,1,3
2.02E+12,1,3,0,10,0,1,0,0,0,0,0,1,6,1,35,6,124,1,5,4,1,4
2.02E+12,2,9,0,18,0,1,0,0,0,0,1,1,6,1,46,8,1560,2,11,4,1,4
2.02E+12,1,9,0,12,0,5,0,0,0,0,4,1,6,1,55,8,1998,1,10,3,1,3
2.02E+12,2,9,0,18,0,8,0,0,0,0,1,1,2,2,46,8,2184,2,2,8,1,8
2.02E+12,1,9,0,9,0,8,0,0,0,0,1,1,6,1,61,9,2494,1,16,4,1,4
2.02E+12,1,9,0,18,0,8,0,0,0,0,1,1,6,1,75,10,1584,1,10,6,3,6
2.02E+12,1,9,0,13,0,1,1,0,0,0,1,1,1,2,31,6,1560,2,4,5,1,5
2.02E+12,2,8,0,9,0,5,0,0,0,0,1,1,1,1,49,8,1995,2,13,1,1,1
2.02E+12,2,5,0,16,0,6,0,0,0,0,1,1,6,1,56,9,937,1,21,5,3,5
2.02E+12,1,9,0,7,0,1,0,0,7,4,1,1,6,1,73,10,1753,2,15,5,1,5
2.02E+12,1,9,0,17,0,4,0,0,0,0,1,1,6,1,45,7,1596,1,1,6,1,6
2.02E+12,2,9,0,18,0,8,0,0,0,0,1,1,6,1,18,4,1560,2,6,9,1,9
2.02E+12,1,9,0,5,0,8,1,0,0,0,3,1,2,2,28,6,999,1,1,10,1,10
2.02E+12,2,9,0,18,0,8,1,0,0,0,1,1,1,2,26,6,1598,2,3,9,3,9
2.02E+12,1,9,0,3,0,1,0,0,0,0,2,1,6,1,51,8,1598,1,10,8,1,8
2.02E+12,3,9,0,18,0,1,1,0,0,0,1,1,6,1,32,6,1686,2,12,4,1,4
2.02E+12,1,9,0,4,0,1,0,0,0,0,2,1,6,1,43,7,1896,2,9,1,1,1
2.02E+12,1,5,0,16,0,2,0,12,0,0,4,1,2,1,35,6,745,1,1,4,1,4
2.02E+12,1,19,0,7,0,8,0,0,0,0,4,1,1,1,31,6,1968,2,1,6,3,6
2.02E+12,1,9,0,4,0,1,0,0,0,0,2,1,6,1,35,6,2993,2,10,8,3,8
2.02E+12,2,9,0,4,0,1,0,0,0,0,2,1,6,2,22,5,1199,1,15,9,1,9
2.02E+12,1,9,0,17,0,1,0,0,0,0,1,1,6,2,18,4,1998,1,13,10,1,10
2.02E+12,1,9,0,4,0,1,0,0,0,0,2,1,2,2,29,6,1781,1,13,5,1,5
2.02E+12,1,9,0,9,0,8,0,0,0,0,1,1,6,1,71,10,1998,1,10,10,1,10
2.02E+12,2,9,0,18,0,8,0,0,0,0,3,1,6,2,57,9,1398,1,5,9,1,9
2.02E+12,2,9,0,9,0,5,0,0,0,0,4,1,2,2,21,5,1364,1,9,10,1,10
2.02E+12,1,9,0,5,0,6,0,0,0,0,1,1,2,1,22,5,973,1,17,3,1,3
2.02E+12,1,4,0,18,0,1,0,0,0,0,0,1,6,1,32,6,125,1,1,10,1,10
2.02E+12,1,9,0,9,0,8,0,0,0,0,1,1,6,1,25,5,1360,1,15,4,1,4
2.02E+12,2,5,0,18,0,8,0,0,0,0,1,1,2,1,27,6,998,1,10,9,1,9
2.02E+12,1,19,0,18,0,4,0,0,0,0,1,1,1,1,47,8,2143,2,1,4,1,4
2.02E+12,1,9,0,4,0,8,0,0,0,0,2,1,6,2,25,5,1588,1,13,4,1,4
2.02E+12,2,3,0,4,0,8,0,0,0,0,1,1,6,1,25,5,124,1,5,3,1,3
2.02E+12,1,9,0,5,0,8,0,0,0,0,1,1,6,1,46,8,1586,1,8,5,1,5
2.02E+12,1,5,0,18,0,8,0,0,0,0,1,1,6,1,44,7,599,1,18,9,2,9
2.02E+12,1,9,0,16,0,1,1,0,3,4,1,1,2,1,59,9,1598,1,16,5,1,5
2.02E+12,1,9,0,14,0,1,0,0,0,0,3,1,1,1,37,7,1339,1,15,9,1,9
2.02E+12,2,5,0,18,0,1,0,0,0,0,4,1,1,1,24,5,599,1,16,7,1,7
2.02E+12,1,9,0,5,0,8,0,0,0,0,1,1,6,2,29,6,1596,1,13,4,1,4
2.02E+12,1,9,0,5,0,8,0,0,0,0,0,1,6,1,66,10,1796,1,11,4,1,4
2.02E+12,2,5,0,18,0,8,0,0,0,0,0,1,6,1,44,7,1312,1,6,6,1,6
2.02E+12,1,9,0,4,0,1,0,0,0,0,2,1,6,2,35,6,1998,2,3,6,1,6
2.02E+12,2,9,0,5,0,1,0,0,0,0,1,1,6,1,25,5,1329,1,4,6,1,6
2.02E+12,1,9,0,9,0,8,0,0,0,0,1,1,6,2,67,10,2993,2,1,7,3,7
2.02E+12,2,9,0,18,0,8,0,0,0,0,1,1,6,1,45,7,1951,2,16,5,3,5
2.02E+12,1,9,0,9,0,8,0,0,0,0,4,1,6,1,18,4,1422,2,9,9,1,9
2.02E+12,2,3,0,18,0,8,0,0,0,0,1,1,6,1,19,4,124,1,15,2,1,2
2.02E+12,1,9,0,18,0,8,0,0,0,0,3,1,6,2,30,6,1332,1,9,5,1,5
2.02E+12,2,9,0,18,0,1,0,0,0,0,1,1,6,2,35,6,1598,1,10,3,1,3
2.02E+12,1,9,0,12,0,8,0,0,0,0,3,1,1,1,27,6,1339,1,8,6,1,6
2.02E+12,2,5,0,17,0,8,0,0,1,0,4,1,6,1,44,7,847,1,2,6,2,6
2.02E+12,1,9,0,9,0,1,0,0,0,0,1,1,6,1,27,6,1598,1,11,9,1,9
2.02E+12,1,9,0,5,0,1,0,0,0,0,2,1,6,1,57,9,1242,1,12,10,1,10
2.02E+12,2,9,0,5,0,1,0,0,0,0,1,1,6,1,42,7,1398,1,6,10,1,10
2.02E+12,1,9,0,9,0,5,0,0,0,0,3,1,6,2,65,9,998,1,10,8,3,8
2.02E+12,2,9,0,18,0,1,0,0,0,0,1,1,6,1,19,4,1796,1,15,10,1,10
2.02E+12,1,9,0,18,0,8,0,0,0,0,1,1,6,1,36,7,1968,2,10,4,1,4
2.02E+12,2,9,0,5,0,4,0,0,0,0,1,1,6,1,35,6,1582,2,3,5,1,5
2.02E+12,1,9,0,9,0,8,0,0,0,0,1,1,1,2,17,4,1149,1,9,10,1,10
2.02E+12,2,9,0,18,0,8,0,0,0,0,1,1,6,1,58,9,1582,2,2,7,1,7
2.02E+12,1,11,0,7,0,8,0,0,0,0,0,1,1,1,44,7,9000,2,9,4,1,4
2.02E+12,2,3,0,4,0,8,1,0,0,0,0,1,6,1,18,4,1215,1,1,3,1,3
2.02E+12,1,19,0,18,0,2,0,0,0,0,1,1,1,1,60,9,1995,2,9,8,1,8
2.02E+12,1,9,0,9,0,5,0,0,0,0,1,1,6,1,25,5,1995,2,10,8,1,8
2.02E+12,2,9,0,18,0,1,0,0,1,3,1,1,6,1,35,6,1560,2,9,6,3,6
2.02E+12,3,9,0,2,0,2,0,0,0,0,2,1,6,1,46,8,1968,2,12,4,1,4
2.02E+12,1,9,0,18,0,8,0,0,0,0,1,1,3,1,50,8,1973,1,20,3,1,3
2.02E+12,1,19,0,18,0,1,0,0,0,0,1,1,2,1,60,9,1598,2,1,9,1,9
2.02E+12,2,9,0,4,0,8,0,0,0,0,2,1,1,1,52,8,1598,2,5,6,1,6
2.02E+12,1,19,0,7,0,2,0,0,0,0,4,1,2,1,36,7,1560,2,6,10,1,10
2.02E+12,1,9,0,9,0,8,0,0,0,0,1,1,2,1,26,6,2521,1,9,4,1,4
2.02E+12,2,3,0,18,0,8,0,0,0,0,1,1,2,1,39,7,124,1,2,3,1,3
2.02E+12,1,9,0,18,0,8,1,0,1,11,1,1,2,1,26,6,1596,1,12,8,1,8
2.02E+12,2,19,0,8,0,8,0,0,1,0,3,1,2,1,33,6,1598,7,15,4,1,4
2.02E+12,1,9,0,12,0,1,0,0,0,0,2,1,6,1,75,10,1597,2,4,10,1,10
2.02E+12,1,9,0,16,0,8,1,0,1,0,1,1,6,1,68,10,2143,2,2,7,1,7
2.02E+12,1,9,0,9,0,8,0,0,0,0,1,1,6,2,25,5,1360,1,13,4,1,4
2.02E+12,2,9,0,18,0,8,0,0,0,0,4,1,6,2,20,4,1397,1,9,9,1,9
2.02E+12,1,9,0,18,0,3,0,0,0,0,4,1,6,1,83,11,1242,1,8,7,2,7
2.02E+12,1,9,0,3,0,8,0,0,0,0,3,1,6,1,58,9,2495,2,23,6,3,6
2.02E+12,2,9,0,18,0,8,0,0,7,0,4,1,6,1,67,10,1582,2,4,9,3,9
2.02E+12,1,9,0,18,0,8,0,0,0,0,1,1,6,2,34,6,1598,1,10,5,1,5
2.02E+12,2,9,0,18,0,8,0,0,0,0,4,1,6,2,53,8,1587,1,12,5,1,5
2.02E+12,1,9,0,18,0,8,0,0,0,0,1,1,6,2,51,8,1796,1,19,4,1,4
2.02E+12,1,9,0,7,0,8,0,0,0,0,3,1,6,1,59,9,1461,2,1,2,1,2
2.02E+12,2,9,0,9,0,8,0,0,0,0,3,1,6,2,38,7,1799,1,7,4,1,4
2.02E+12,3,9,0,18,0,8,0,0,0,0,1,1,1,1,48,8,1560,2,8,10,1,10
2.02E+12,1,3,0,3,0,1,0,0,0,0,2,1,2,1,18,4,124,1,13,1,1,1
2.02E+12,1,5,0,18,0,8,0,0,0,0,1,1,2,1,42,7,599,1,18,9,1,9
2.02E+12,2,9,0,7,0,8,0,0,0,0,1,1,6,1,71,10,1595,1,15,2,1,2
2.02E+12,3,9,0,18,0,8,0,0,0,0,1,1,6,2,51,8,1686,2,2,8,1,8
2.02E+12,2,9,0,18,0,8,0,0,0,0,1,1,2,1,62,9,1388,1,10,9,1,9
2.02E+12,2,9,0,9,0,8,0,0,0,0,1,1,2,1,39,7,1984,2,5,6,1,6
2.02E+12,1,19,0,18,0,1,0,0,0,0,1,1,1,1,63,9,2143,2,1,4,1,4
2.02E+12,1,9,0,18,0,2,0,0,0,0,1,1,6,2,19,4,875,1,5,8,1,8
2.02E+12,1,9,0,9,0,8,0,0,0,0,4,1,1,1,47,8,1896,2,15,5,1,5
2.02E+12,1,9,0,18,0,1,0,0,0,0,1,1,1,1,25,5,1390,1,13,3,1,3
2.02E+12,1,9,0,9,0,8,0,0,0,0,1,1,6,1,75,10,2149,2,10,8,2,8
2.02E+12,2,5,0,18,0,8,1,0,0,0,2,1,2,1,29,6,599,1,17,6,1,6
2.02E+12,1,9,0,9,0,5,0,0,0,0,1,1,6,2,17,4,1360,1,15,7,1,7
2.02E+12,2,9,0,18,0,1,0,0,0,0,4,1,6,1,20,4,1390,1,16,8,1,8
2.02E+12,1,9,0,18,0,6,0,0,1,11,1,1,6,2,50,8,1360,1,9,4,1,4
2.02E+12,2,9,0,18,0,1,0,0,0,0,1,1,6,2,45,7,1951,2,15,5,1,5
2.02E+12,1,9,0,9,0,8,0,0,0,0,1,1,6,1,57,9,1968,2,7,10,2,10
2.02E+12,1,9,0,9,0,6,0,0,0,0,1,1,6,2,80,11,1598,2,1,7,3,7
2.02E+12,2,9,0,17,0,1,0,0,0,0,1,1,6,2,40,7,1198,1,8,8,3,8
2.02E+12,1,9,0,18,0,3,0,0,0,0,2,1,6,1,64,9,1997,2,14,9,1,9
2.02E+12,2,9,0,18,0,3,0,0,0,0,1,1,1,1,43,7,1910,2,10,1,1,1
2.02E+12,2,5,0,13,0,8,0,0,0,0,1,1,6,1,31,6,675,1,2,7,1,7
2.02E+12,1,9,0,7,0,5,0,0,0,0,2,1,6,1,30,6,1598,2,3,5,1,5
2.02E+12,1,9,0,9,0,2,0,0,0,0,1,1,2,1,34,6,1242,1,3,5,1,5
2.02E+12,2,5,0,18,0,1,1,10,0,0,1,1,6,1,61,9,583,1,18,9,1,9
2.02E+12,1,9,0,4,0,1,0,0,0,0,1,1,6,1,64,9,2497,2,10,1,1,1
2.02E+12,1,9,0,9,0,6,0,0,0,0,1,1,6,1,42,7,1240,1,14,5,1,5
2.02E+12,2,3,0,18,0,1,0,0,0,0,1,1,6,1,20,4,125,1,1,6,1,6
2.02E+12,1,9,0,3,0,1,0,0,0,0,2,1,6,2,39,7,998,1,15,3,1,3