Accident_Index,Vehicle_Reference,Vehicle_Type,Towing_and_Articulation,Vehicle_Manoeuvre,Vehicle_Location-Restricted_Lane,Junction_Location,Skidding_and_Overturning,Hit_Object_in_Carriageway,Vehicle_Leaving_Carriageway,Hit_Object_off_Carriageway,1st_Point_of_Impact,Was_Vehicle_Left_Hand_Drive?,Journey_Purpose_of_Driver,Sex_of_Driver,Age_of_Driver,Age_Band_of_Driver,Engine_Capacity_(CC),Propulsion_Code,Age_of_Vehicle,Driver_IMD_Decile,Driver_Home_Area_Type,Vehicle_IMD_Decile
2.02E+12,1,9,0,9,0,2,0,4,0,0,1,1,6,1,19,4,1493,1,20,7,1,7
2.02E+12,1,9,0,18,0,2,0,4,0,0,4,1,6,1,70,10,1591,1,1,4,1,4
2.02E+12,1,9,0,12,0,7,0,0,1,9,1,1,6,1,25,5,1686,2,14,3,1,3
2.02E+12,2,9,0,18,0,8,0,0,1,9,1,1,6,2,47,8,1328,1,4,9,1,9
2.02E+12,2,9,0,10,0,1,0,0,0,0,3,1,2,2,23,5,2188,2,11,7,3,7
2.02E+12,2,19,0,4,0,1,0,0,0,0,3,1,1,1,29,6,1248,2,4,4,1,4
2.02E+12,1,9,0,18,0,1,1,0,0,0,4,1,6,2,52,8,1229,1,3,3,1,3
2.02E+12,2,9,0,5,0,6,0,0,0,0,1,1,6,2,44,7,1598,2,1,9,1,9
2.02E+12,1,9,0,4,0,1,0,0,0,0,2,1,6,2,41,7,1299,1,17,4,1,4
2.02E+12,2,9,0,18,0,1,0,0,0,0,1,1,6,2,53,8,2179,2,4,10,1,10
2.02E+12,2,9,0,18,0,2,0,0,0,0,1,1,6,1,29,6,1896,2,13,9,1,9
2.02E+12,2,9,0,7,0,1,0,0,0,0,4,1,6,1,46,8,1395,1,1,5,1,5
2.02E+12,2,19,0,9,0,6,0,0,0,0,1,1,1,1,50,8,2198,2,10,9,1,9
2.02E+12,1,3,0,18,0,8,0,0,0,0,4,1,1,1,19,4,125,1,1,3,1,3
2.02E+12,2,90,0,9,0,8,0,0,0,0,3,1,6,1,50,8,2446,2,22,3,1,3
2.02E+12,1,19,0,18,0,4,0,0,1,0,3,1,1,1,24,5,2143,2,3,5,1,5
2.02E+12,3,9,0,18,0,4,0,0,0,0,4,1,6,2,65,9,1991,2,11,7,3,7
2.02E+12,1,9,0,3,0,1,0,0,0,0,2,1,6,1,28,6,2521,1,7,5,1,5
2.02E+12,2,9,0,18,0,1,0,0,0,0,1,1,6,2,39,7,1995,2,1,9,1,9
2.02E+12,1,9,0,9,0,6,0,0,0,0,3,1,6,2,19,4,1248,1,6,3,1,3
2.02E+12,2,9,0,18,0,1,0,0,0,0,1,1,6,1,55,8,1498,1,9,8,1,8
2.02E+12,2,9,0,18,0,1,0,0,0,0,1,1,6,1,60,9,1496,2,1,10,3,10
2.02E+12,2,5,0,18,0,8,0,0,0,0,1,1,2,1,20,4,600,1,16,6,1,6
2.02E+12,1,9,0,9,0,6,0,0,0,0,1,1,2,1,39,7,1461,2,5,4,1,4
2.02E+12,2,9,0,8,0,1,0,0,0,0,2,1,6,2,23,5,1229,1,11,4,2,4
2.02E+12,1,19,0,7,0,8,0,0,0,0,4,1,6,1,39,7,2198,2,2,2,1,2
2.02E+12,1,9,0,7,0,5,0,0,0,0,2,1,2,1,42,7,1364,1,8,9,1,9
2.02E+12,1,9,0,18,0,8,0,0,0,0,4,1,2,1,34,6,1598,7,13,1,1,1
2.02E+12,2,9,0,18,0,8,0,0,0,0,1,1,6,1,37,7,999,1,1,9,1,9
2.02E+12,1,19,0,9,0,8,0,0,0,0,1,1,1,1,46,8,1968,2,4,7,1,7
2.02E+12,1,10,0,18,0,8,0,0,0,0,1,1,3,1,75,10,2463,2,11,7,1,7
2.02E+12,2,9,0,18,0,8,0,0,1,0,1,1,6,2,50,8,1968,2,5,10,3,10
2.02E+12,1,19,0,4,0,8,0,0,7,4,2,1,1,1,47,8,2143,2,2,2,1,2
2.02E+12,2,5,0,4,0,8,0,0,0,0,1,1,6,1,27,6,600,1,13,9,1,9
2.02E+12,1,9,0,4,0,8,0,0,0,0,1,1,6,1,74,10,1998,2,11,10,1,10
2.02E+12,2,9,0,18,0,8,0,0,0,0,1,1,6,2,55,8,1499,1,1,9,2,9
2.02E+12,2,9,0,4,0,8,0,0,0,0,2,1,6,1,23,5,1995,2,1,5,1,5
2.02E+12,1,9,0,17,0,8,0,0,0,0,3,1,6,1,43,7,1686,2,4,6,1,6
2.02E+12,2,2,0,18,0,1,0,10,0,0,4,1,6,1,16,4,50,1,4,9,1,9
2.02E+12,1,9,0,18,0,8,0,0,0,0,1,1,2,2,39,7,1086,1,14,5,1,5
2.02E+12,1,9,0,18,0,8,0,0,0,0,1,1,6,2,63,9,1390,1,11,9,3,9
2.02E+12,2,9,0,5,0,8,0,0,0,0,3,1,6,2,33,6,1360,1,7,10,2,10
2.02E+12,1,5,0,16,0,8,0,0,0,0,0,1,6,1,49,8,500,1,12,5,1,5
2.02E+12,1,9,0,9,0,8,0,0,0,0,1,1,6,2,78,11,1240,1,10,9,1,9
2.02E+12,2,9,0,18,0,8,0,0,0,0,1,1,6,1,35,6,1240,1,10,9,1,9
2.02E+12,2,9,0,8,0,1,0,0,0,0,2,1,1,1,37,7,1596,1,10,10,1,10
2.02E+12,2,9,0,5,0,4,0,0,0,0,1,1,1,1,57,9,1968,2,3,5,1,5
2.02E+12,1,5,0,6,0,8,0,0,7,0,1,1,6,1,27,6,599,1,17,4,1,4
2.02E+12,2,9,0,18,0,8,1,0,0,0,1,1,6,1,58,9,2184,2,13,7,1,7
2.02E+12,1,9,0,18,0,8,0,0,0,0,1,1,6,2,27,6,1198,1,13,7,1,7
2.02E+12,2,9,0,9,0,8,0,0,0,0,1,1,2,2,20,4,1242,1,14,9,1,9
2.02E+12,1,2,0,18,0,8,0,0,0,0,0,1,6,1,47,8,49,1,3,1,1,1
2.02E+12,1,9,0,7,0,8,0,0,0,0,2,1,6,1,38,7,4163,1,4,7,1,7
2.02E+12,1,9,0,7,0,8,0,0,0,0,1,1,6,1,37,7,1124,1,19,4,1,4
2.02E+12,1,9,0,4,0,1,0,0,0,0,2,1,6,2,19,4,998,1,4,4,3,4
2.02E+12,1,9,0,18,0,8,0,0,0,0,4,1,6,2,64,9,1388,1,6,6,1,6
2.02E+12,2,9,0,9,0,6,0,0,0,0,1,1,6,1,29,6,1686,2,13,3,1,3
2.02E+12,2,9,0,7,0,8,0,0,0,0,1,1,6,2,47,8,1398,1,5,7,1,7
2.02E+12,1,9,0,17,0,8,0,0,1,4,1,1,2,2,42,7,1896,2,15,10,1,10
2.02E+12,1,9,0,1,0,5,0,0,0,0,2,1,6,1,85,11,998,1,14,5,1,5
2.02E+12,1,9,0,11,0,5,0,0,0,0,1,1,2,1,26,6,1200,1,2,4,1,4
2.02E+12,1,9,0,9,0,1,0,0,0,0,3,1,2,1,43,7,1686,2,4,6,1,6
2.02E+12,2,5,0,18,0,1,0,0,0,0,4,1,2,1,54,8,745,1,2,8,1,8
2.02E+12,2,9,0,7,0,6,0,0,0,0,1,1,2,2,43,7,1392,1,20,5,1,5
2.02E+12,1,9,0,18,0,8,0,0,0,0,1,1,6,1,28,6,2993,2,11,4,1,4
2.02E+12,2,9,0,7,0,8,0,0,0,0,1,1,6,1,71,10,2494,8,2,5,1,5
2.02E+12,1,9,0,18,0,8,0,0,0,0,1,1,1,1,58,9,2993,2,3,10,1,10
2.02E+12,2,9,0,18,0,8,0,0,0,0,2,1,6,1,21,5,998,1,15,10,1,10
2.02E+12,1,19,0,18,0,2,0,7,0,0,1,1,6,2,43,7,1870,2,14,7,2,7
2.02E+12,1,9,0,9,0,8,0,0,0,0,1,1,6,1,66,10,1360,1,16,3,1,3
2.02E+12,2,5,0,16,0,8,0,0,0,0,1,1,6,1,22,5,645,1,18,2,1,2
2.02E+12,1,9,0,18,0,2,0,0,0,0,4,1,6,1,47,8,1598,2,1,6,1,6
2.02E+12,2,9,0,3,0,1,0,0,0,0,2,1,6,2,67,10,1339,1,13,2,1,2
2.02E+12,1,20,0,15,0,8,0,0,0,0,1,1,1,1,45,7,9290,2,4,2,1,2
2.02E+12,1,9,0,18,0,1,0,0,0,0,1,1,6,1,60,9,998,1,9,10,1,10
2.02E+12,2,9,0,4,0,1,0,0,0,0,2,1,6,2,55,8,1997,1,13,2,1,2
2.02E+12,1,9,0,9,0,8,0,0,0,0,4,1,2,1,25,5,1560,2,7,8,1,8
2.02E+12,2,4,0,18,0,8,0,0,0,0,1,1,6,1,74,10,279,1,1,5,1,5
2.02E+12,1,9,0,2,0,1,0,0,0,0,3,1,6,1,46,8,1560,2,7,5,1,5
2.02E+12,1,9,0,9,0,8,0,0,0,0,1,1,6,1,93,11,1086,1,7,5,1,5
2.02E+12,1,11,0,18,0,8,0,0,0,0,1,1,1,1,47,8,6370,2,10,6,1,6
2.02E+12,2,9,0,9,0,8,0,0,0,0,4,1,6,2,28,6,1395,1,1,9,1,9
2.02E+12,1,9,0,17,0,8,5,0,7,4,1,1,6,1,42,7,1797,1,17,9,1,9
2.02E+12,1,9,0,5,0,8,0,0,0,0,1,1,6,2,55,8,1388,1,5,10,1,10
2.02E+12,2,20,0,18,0,8,0,0,0,0,1,1,6,1,51,8,9364,2,13,5,1,5
2.02E+12,1,9,0,5,0,8,0,0,0,0,1,1,6,2,65,9,1596,1,9,2,1,2
2.02E+12,1,9,0,9,0,8,0,0,0,0,1,1,6,1,54,8,1896,2,11,2,1,2
2.02E+12,1,9,0,9,0,6,0,0,0,0,1,1,6,1,33,6,1598,1,15,1,1,1
2.02E+12,2,3,0,18,0,1,0,0,0,0,1,1,2,1,68,10,124,1,17,3,1,3
2.02E+12,1,9,0,18,0,6,0,0,0,0,1,1,6,1,81,11,1461,2,4,5,3,5
2.02E+12,1,9,0,7,0,5,0,0,0,0,1,1,6,1,26,6,1197,1,6,3,1,3
2.02E+12,1,4,0,18,0,1,0,0,0,0,0,1,6,1,18,4,124,1,2,8,1,8
2.02E+12,2,9,0,9,0,6,0,0,0,0,1,1,2,1,23,5,1229,1,9,7,1,7
2.02E+12,1,9,0,17,0,8,5,10,0,0,3,1,6,1,21,5,1968,2,4,6,1,6
2.02E+12,1,9,0,9,0,8,0,0,0,0,1,1,1,1,25,5,1198,1,12,10,2,10
2.02E+12,1,19,0,5,0,8,0,0,0,0,1,1,1,1,33,6,1598,2,2,5,1,5
2.02E+12,2,2,0,18,0,8,0,0,0,0,1,1,3,2,16,4,49,1,17,5,1,5
2.02E+12,1,9,0,18,0,8,0,0,7,0,3,1,6,2,76,11,2143,2,3,10,1,10
2.02E+12,1,9,0,1,0,2,0,0,0,0,2,1,6,1,58,9,1968,2,7,4,3,4
2.02E+12,1,3,0,18,0,2,0,0,0,0,4,1,6,1,25,5,125,1,18,1,1,1
2.02E+12,1,9,0,18,0,1,0,0,0,0,2,1,6,2,41,7,1388,1,6,1,1,1
2.02E+12,1,9,0,5,0,8,0,0,0,0,3,1,6,1,62,9,1968,2,2,10,1,10
2.02E+12,2,9,0,18,0,8,0,0,0,0,1,1,1,1,39,7,1995,2,14,8,3,8
2.02E+12,1,9,0,9,0,3,0,0,0,0,1,1,2,1,17,4,1229,1,12,7,3,7
2.02E+12,1,9,0,3,0,1,0,0,0,0,2,1,6,2,55,8,1587,1,10,6,1,6
2.02E+12,2,4,0,18,0,1,0,0,0,0,2,1,6,1,59,9,125,1,9,4,2,4
2.02E+12,1,9,0,9,0,2,0,0,0,0,3,1,6,1,25,5,1997,2,7,1,1,1
2.02E+12,1,9,0,3,0,1,0,0,0,0,2,1,6,2,39,7,1596,1,16,4,1,4
2.02E+12,2,9,0,4,0,1,0,0,0,0,1,1,6,1,50,8,1995,2,9,4,1,4
2.02E+12,1,9,0,18,0,8,0,0,0,0,3,1,6,2,54,8,1360,1,11,10,3,10
2.02E+12,1,9,0,9,0,8,0,0,0,0,1,1,6,1,17,4,1390,1,12,10,3,10
2.02E+12,1,9,0,4,0,1,0,0,0,0,2,1,2,2,27,6,1242,1,6,8,1,8
2.02E+12,2,9,0,4,0,1,0,0,0,0,1,1,6,2,27,6,1997,2,1,2,1,2
2.02E+12,1,9,0,18,0,2,0,0,1,4,1,1,6,2,30,6,1596,1,9,1,1,1
2.02E+12,1,3,0,16,0,2,1,0,0,0,4,1,6,1,17,4,124,1,13,6,1,6
2.02E+12,1,9,0,18,0,1,0,0,0,0,1,1,2,1,41,7,1296,1,9,4,1,4
2.02E+12,2,9,0,3,0,1,0,0,0,0,2,1,2,1,53,8,1968,2,7,4,1,4
2.02E+12,1,9,0,18,0,1,0,0,0,0,1,1,6,2,41,7,2688,2,17,7,3,7
2.02E+12,2,9,0,9,0,1,1,10,0,0,2,1,6,1,34,6,1995,1,9,10,1,10
2.02E+12,1,9,0,9,0,6,0,0,0,0,1,1,6,1,24,5,1397,1,7,2,1,2
2.02E+12,2,9,0,18,0,1,0,0,0,0,1,1,6,1,86,11,999,1,1,6,1,6
2.02E+12,1,9,0,7,0,6,0,0,0,0,1,1,6,1,73,10,1388,1,8,5,1,5
2.02E+12,1,9,0,10,0,8,0,0,0,0,2,1,6,2,69,10,1198,1,9,9,1,9
2.02E+12,2,19,0,18,0,8,0,0,0,0,1,1,2,1,41,7,1996,2,6,6,1,6
2.02E+12,1,9,0,4,9,8,0,0,0,0,1,1,6,1,39,7,1999,1,10,9,1,9
2.02E+12,1,11,0,4,0,1,0,0,0,0,0,1,1,1,24,5,6370,2,14,1,1,1
2.02E+12,2,9,0,18,0,1,0,0,1,1,1,1,6,1,21,5,1968,2,5,4,3,4
2.02E+12,1,3,0,18,0,1,0,0,0,0,2,1,6,1,52,8,124,1,9,2,1,2
2.02E+12,1,19,0,18,0,1,0,0,0,0,1,1,1,2,58,9,1248,2,8,10,1,10
2.02E+12,2,19,0,18,0,1,0,0,0,11,1,1,1,1,48,8,1968,2,1,9,1,9
2.02E+12,1,9,0,10,0,1,0,0,0,0,2,1,6,1,32,6,1896,2,13,5,1,5
2.02E+12,2,9,0,18,0,1,0,0,0,0,1,1,6,2,40,7,875,1,5,7,1,7
2.02E+12,1,9,0,5,0,8,0,0,0,0,1,1,2,1,45,7,1995,2,11,7,1,7
2.02E+12,2,9,0,18,0,8,0,0,0,0,3,1,6,1,81,11,1600,1,6,4,2,4
2.02E+12,1,9,0,18,0,1,0,0,0,0,2,1,6,2,47,8,1598,1,6,10,1,10
2.02E+12,2,9,0,18,0,1,0,0,0,0,0,1,6,1,76,11,2143,2,4,8,1,8
2.02E+12,1,9,0,9,0,8,0,0,0,0,1,1,6,1,41,7,1598,1,1,3,1,3
2.02E+12,2,9,0,18,0,8,0,0,1,0,1,1,6,2,31,6,2000,1,8,4,1,4
2.02E+12,1,9,0,9,0,8,0,0,0,0,1,1,6,1,52,8,2597,1,16,7,2,7
2.02E+12,2,9,0,18,0,8,0,0,0,0,1,1,2,2,26,6,1339,1,15,6,1,6
2.02E+12,1,9,0,18,0,2,0,0,0,0,1,1,6,1,21,5,1299,1,16,10,2,10
2.02E+12,1,9,0,18,0,1,5,0,0,10,0,1,6,2,23,5,998,1,3,8,1,8
2.02E+12,1,9,0,1,0,6,0,0,0,0,2,1,6,2,54,8,1598,1,15,9,1,9
2.02E+12,1,9,0,13,0,1,0,0,0,0,4,1,6,1,57,9,1796,1,14,8,1,8
2.02E+12,2,9,0,18,0,1,5,0,1,9,3,1,6,2,73,10,1198,1,5,10,1,10
2.02E+12,1,9,0,5,0,1,0,0,0,0,1,1,6,1,23,5,1781,1,14,4,1,4
2.02E+12,1,9,0,11,0,8,5,0,0,0,4,1,6,2,27,6,796,1,8,6,1,6
2.02E+12,2,9,0,18,0,8,0,0,0,0,1,1,6,1,87,11,1339,1,10,9,1,9
2.02E+12,1,4,0,18,0,1,0,0,0,0,1,1,6,1,17,4,125,1,1,9,1,9
2.02E+12,1,5,0,13,0,8,1,0,1,10,1,1,6,1,20,4,599,1,19,10,1,10
2.02E+12,2,9,0,18,0,8,0,0,0,0,0,1,6,2,28,6,1598,2,4,10,1,10
2.02E+12,3,9,0,9,0,8,0,0,0,0,3,1,6,2,52,8,1997,2,13,6,1,6
2.02E+12,1,9,0,9,0,5,0,0,0,0,4,1,6,1,55,8,2993,2,3,7,1,7
2.02E+12,2,9,0,18,0,1,0,0,0,0,1,1,6,1,35,6,1997,2,14,10,1,10
2.02E+12,1,9,0,18,0,1,0,0,0,0,1,1,6,2,20,4,1198,1,13,10,1,10
2.02E+12,1,9,0,4,0,1,0,0,0,0,2,1,6,1,50,8,1368,1,11,10,1,10
2.02E+12,1,9,0,9,0,8,0,0,3,2,4,1,6,1,35,6,3246,1,16,9,1,9
2.02E+12,2,9,0,18,0,1,0,0,0,0,1,1,6,2,55,8,1388,1,11,6,1,6
2.02E+12,1,9,0,5,0,2,0,0,0,0,1,1,6,1,61,9,1995,2,15,4,1,4
2.02E+12,1,9,0,14,0,8,0,0,0,0,1,1,6,2,18,4,1390,1,4,10,1,10
2.02E+12,2,9,0,18,0,8,0,0,0,0,1,1,6,2,57,9,4806,1,3,8,3,8
2.02E+12,2,9,0,17,0,8,0,0,0,0,1,1,1,2,26,6,1390,1,8,5,1,5
2.02E+12,1,9,0,10,0,8,0,0,0,0,2,1,6,2,42,7,2401,2,11,5,1,5
2.02E+12,2,9,0,18,0,8,1,0,0,0,1,1,2,1,22,5,1390,1,11,4,1,4
2.02E+12,1,9,0,18,0,8,0,0,0,0,1,1,6,2,24,5,1364,1,11,10,1,10
2.02E+12,1,9,0,18,0,1,0,0,0,0,1,1,6,2,32,6,1685,2,1,3,1,3
2.02E+12,2,9,0,4,0,2,0,0,0,0,1,1,6,2,38,7,1796,1,15,1,1,1
2.02E+12,1,9,0,18,0,8,0,0,0,0,4,1,6,1,70,10,1984,1,13,4,1,4
2.02E+12,1,3,0,18,0,8,0,10,0,0,1,1,6,1,17,4,124,1,12,1,1,1
2.02E+12,1,9,0,18,0,2,1,0,0,0,2,1,2,2,33,6,1999,1,11,5,1,5
2.02E+12,2,9,0,18,0,2,1,0,0,0,2,1,2,2,60,9,1598,1,17,9,1,9
2.02E+12,3,9,0,18,0,2,1,0,0,0,2,1,2,1,26,6,1598,1,17,5,1,5
2.02E+12,4,9,0,18,0,2,1,0,0,0,2,1,2,2,53,8,1229,1,11,1,1,1
2.02E+12,5,9,0,18,0,2,0,0,0,0,1,1,6,1,84,11,1329,1,7,7,1,7
2.02E+12,1,19,0,18,0,1,0,0,0,0,1,1,1,1,28,6,4250,2,14,2,1,2
2.02E+12,2,9,0,10,0,1,0,0,0,0,2,1,6,1,77,11,1560,2,9,6,1,6
2.02E+12,1,2,0,18,0,8,0,0,0,0,1,1,6,1,16,4,49,1,12,1,1,1
2.02E+12,2,9,0,17,0,8,0,0,0,0,4,1,6,1,20,4,1968,2,10,7,3,7
2.02E+12,1,9,0,3,0,1,0,0,0,0,1,1,6,2,36,7,1968,2,1,8,1,8
2.02E+12,1,3,0,13,0,1,0,0,0,0,1,1,1,1,27,6,108,1,2,4,1,4
2.02E+12,2,9,0,1,0,2,0,0,0,0,2,1,6,1,22,5,1400,1,11,8,3,8
2.02E+12,1,9,0,18,0,8,0,0,0,0,3,1,6,1,25,5,995,1,10,9,1,9
2.02E+12,1,9,0,7,0,6,0,0,0,0,1,1,6,2,83,11,1598,1,8,10,1,10
2.02E+12,2,9,0,18,0,1,0,0,0,0,1,1,6,1,47,8,1149,1,16,1,1,1
2.02E+12,1,9,0,18,0,2,0,0,0,0,4,1,2,2,47,8,1686,2,7,10,1,10
2.02E+12,1,9,0,9,0,8,0,0,0,0,1,1,6,1,58,9,1499,2,1,6,1,6
2.02E+12,2,9,0,18,0,8,0,0,0,0,3,1,6,1,21,5,999,1,3,8,1,8
2.02E+12,3,11,0,9,0,8,0,0,0,0,2,1,1,2,46,8,6696,2,3,2,1,2
2.02E+12,1,9,0,3,0,8,0,0,0,0,2,1,2,2,24,5,1999,1,10,8,1,8
2.02E+12,2,9,0,10,0,1,0,0,1,9,2,1,2,2,23,5,1598,1,15,4,2,4
2.02E+12,1,9,0,13,0,1,0,0,7,3,1,1,2,1,53,8,1598,1,14,5,1,5
2.02E+12,2,9,0,9,0,8,0,0,0,0,3,1,6,2,66,10,1390,1,13,7,3,7
2.02E+12,1,9,0,4,0,1,0,0,0,0,2,1,2,2,18,4,1598,1,13,9,1,9
2.02E+12,2,9,0,4,0,1,0,0,0,0,1,1,6,2,30,6,1968,2,3,9,1,9
2.02E+12,1,9,0,9,0,8,0,0,0,0,3,1,6,1,27,6,1839,1,14,3,1,3
2.02E+12,2,2,0,13,0,8,0,0,0,0,1,1,1,1,48,8,49,1,10,10,1,10
2.02E+12,2,9,0,4,0,1,0,0,0,0,2,1,6,2,28,6,1582,2,7,5,1,5
2.02E+12,3,9,0,4,0,1,0,0,0,0,2,1,6,2,18,4,1242,1,14,2,1,2
2.02E+12,1,9,0,18,0,2,0,0,0,0,1,1,6,2,79,11,1248,1,5,8,1,8
2.02E+12,2,9,0,4,0,2,0,0,0,0,2,1,6,1,74,10,1332,1,17,8,1,8
2.02E+12,3,9,0,4,0,2,0,0,0,0,2,1,6,2,37,7,1598,1,16,4,1,4
2.02E+12,1,9,0,18,0,1,0,0,0,0,1,1,2,2,24,5,1997,2,12,3,1,3
2.02E+12,2,9,0,18,0,1,0,0,0,0,1,1,2,2,40,7,1560,2,8,9,1,9
2.02E+12,2,9,0,3,0,8,0,0,0,0,2,1,6,1,36,7,1995,2,2,10,3,10
2.02E+12,3,9,0,18,0,8,0,0,0,0,1,1,6,2,42,7,1910,2,11,8,1,8
2.02E+12,1,9,0,9,0,8,0,0,0,0,1,1,6,1,45,7,2993,2,4,10,1,10
2.02E+12,2,9,0,18,0,8,0,0,0,0,1,1,6,2,74,10,1388,1,13,8,3,8
2.02E+12,1,9,0,5,0,1,0,0,0,0,1,1,2,2,39,7,2987,2,6,9,1,9
2.02E+12,2,9,0,3,0,1,0,0,0,0,2,1,6,2,69,10,998,1,6,8,1,8
2.02E+12,1,9,0,11,0,2,0,0,0,0,3,1,6,2,34,6,1397,1,8,3,1,3
2.02E+12,2,3,0,18,0,8,0,0,0,0,1,1,1,1,30,6,125,1,1,5,1,5
2.02E+12,2,8,0,9,0,8,0,0,0,0,1,1,1,1,45,7,1598,2,5,2,1,2
2.02E+12,1,9,0,16,0,8,0,0,7,9,1,1,6,1,22,5,1199,1,13,10,1,10
2.02E+12,1,9,0,18,0,2,0,0,0,0,1,1,6,1,82,11,1298,1,17,5,2,5
2.02E+12,2,19,0,4,0,2,0,0,0,0,2,1,6,1,43,7,2461,2,14,3,1,3
2.02E+12,3,9,0,4,0,2,0,0,0,0,2,1,6,2,42,7,2496,1,16,2,1,2
2.02E+12,1,9,0,4,0,8,0,0,0,0,4,1,6,2,80,11,1398,1,11,7,1,7
2.02E+12,1,9,0,18,0,1,1,0,0,0,1,1,6,1,82,11,1390,1,13,8,3,8
2.02E+12,2,9,0,4,0,1,0,0,0,0,2,1,6,1,26,6,1590,1,14,10,1,10
2.02E+12,3,19,0,4,0,1,0,0,0,0,2,1,6,1,45,7,2143,2,1,4,1,4
2.02E+12,4,9,0,4,0,1,0,0,0,0,2,1,6,1,39,7,1200,1,2,10,1,10
2.02E+12,2,9,0,18,0,8,0,0,0,0,1,1,6,1,53,8,1560,2,8,8,1,8
2.02E+12,1,8,0,18,0,8,0,0,0,0,1,1,1,1,33,6,1598,2,6,3,1,3
2.02E+12,1,9,0,18,0,1,0,0,0,0,1,1,1,2,37,7,1364,1,8,8,1,8
2.02E+12,2,9,0,18,0,1,0,0,0,0,2,1,6,1,44,7,1397,1,9,10,1,10
2.02E+12,2,5,0,18,0,8,0,0,0,0,1,1,6,2,39,7,649,1,3,4,1,4
2.02E+12,1,9,0,18,0,8,0,0,3,11,1,1,6,1,23,5,1396,1,16,10,1,10
2.02E+12,1,4,0,18,0,8,0,0,0,0,1,1,6,1,65,9,493,1,37,7,1,7
2.02E+12,2,9,0,7,0,8,0,0,0,0,1,1,6,2,54,8,1998,1,16,10,1,10
2.02E+12,1,9,0,8,0,1,0,0,0,0,2,1,6,2,36,7,996,1,5,4,1,4
2.02E+12,1,3,0,18,0,8,0,0,0,0,1,1,6,1,23,5,124,1,1,3,1,3
2.02E+12,2,9,0,5,0,8,0,0,0,0,3,1,6,2,66,10,1198,1,2,2,1,2
2.02E+12,1,9,0,9,0,8,0,0,0,0,0,1,3,2,31,6,1769,1,15,6,1,6
2.02E+12,1,9,0,18,0,8,0,0,0,0,1,1,6,1,84,11,2993,2,7,4,1,4
2.02E+12,1,9,0,9,0,8,0,0,0,0,4,1,6,1,42,7,1997,2,1,2,1,2
2.02E+12,1,9,0,9,0,8,0,0,0,0,1,1,3,2,36,7,1598,1,10,4,1,4
2.02E+12,2,9,0,18,0,8,1,10,1,0,3,1,6,1,28,6,1910,2,9,4,1,4
2.02E+12,1,9,0,18,0,8,0,0,0,0,4,1,2,1,30,6,1364,1,13,6,1,6
2.02E+12,2,9,0,7,0,8,0,0,0,0,1,1,6,1,80,11,1200,1,1,8,1,8
2.02E+12,1,9,0,5,0,8,0,0,0,0,1,1,1,1,24,5,1198,1,13,8,1,8
2.02E+12,2,9,0,18,0,8,0,0,0,0,1,1,6,2,36,7,1560,2,5,8,1,8
2.02E+12,1,9,0,9,0,8,0,0,0,0,1,1,6,1,46,8,1396,1,15,10,2,10
2.02E+12,2,5,0,18,0,8,0,0,7,11,4,1,6,1,19,4,599,1,8,8,3,8
2.02E+12,1,19,0,4,0,1,0,0,0,0,2,1,2,1,32,6,1560,2,4,10,1,10
2.02E+12,2,5,0,18,0,1,0,0,0,0,1,1,2,1,46,8,998,1,11,9,1,9
2.02E+12,1,9,0,18,0,8,0,0,0,0,1,1,6,1,46,8,1794,1,10,4,1,4
2.02E+12,1,9,0,5,0,8,0,0,0,0,1,1,2,1,50,8,1968,2,12,4,1,4
2.02E+12,1,9,0,9,0,8,0,0,0,0,4,1,3,2,45,7,1618,1,2,10,1,10
2.02E+12,1,19,0,9,0,8,0,0,0,0,1,1,6,1,70,10,1998,2,11,10,2,10
2.02E+12,2,9,0,18,0,8,0,0,0,0,1,1,2,1,54,8,1390,1,16,9,3,9
2.02E+12,1,9,0,3,0,1,0,0,0,0,2,1,6,1,25,5,1951,2,16,9,1,9
2.02E+12,1,9,0,18,0,8,0,0,0,0,3,1,6,1,54,8,1499,2,2,6,3,6
2.02E+12,2,5,0,18,0,8,0,0,0,0,4,1,6,1,46,8,1050,1,8,3,1,3
2.02E+12,2,9,0,7,0,8,0,0,0,0,1,1,6,2,19,4,1461,2,1,10,1,10
2.02E+12,1,9,0,18,0,8,0,0,0,0,4,1,6,2,73,10,996,1,4,9,1,9
2.02E+12,2,9,0,18,0,8,0,0,0,0,1,1,6,1,54,8,1968,2,5,10,1,10
2.02E+12,3,9,0,3,0,8,0,0,0,0,1,1,6,1,18,4,1242,1,18,6,1,6
2.02E+12,2,3,0,18,0,1,0,0,0,0,1,1,6,1,46,8,124,1,3,3,2,3
2.02E+12,1,3,0,17,0,2,0,0,0,0,1,1,6,1,21,5,124,1,4,5,1,5
2.02E+12,3,9,0,18,0,8,0,0,0,0,4,1,6,1,20,4,1198,1,10,9,1,9
2.02E+12,1,3,0,18,0,2,0,0,0,0,3,1,6,1,19,4,124,1,1,4,1,4
2.02E+12,1,9,0,9,0,8,1,0,0,0,3,1,1,2,58,9,2488,1,11,8,1,8