Accident_Index,Vehicle_Reference,Vehicle_Type,Towing_and_Articulation,Vehicle_Manoeuvre,Vehicle_Location-Restricted_Lane,Junction_Location,Skidding_and_Overturning,Hit_Object_in_Carriageway,Vehicle_Leaving_Carriageway,Hit_Object_off_Carriageway,1st_Point_of_Impact,Was_Vehicle_Left_Hand_Drive?,Journey_Purpose_of_Driver,Sex_of_Driver,Age_of_Driver,Age_Band_of_Driver,Engine_Capacity_(CC),Propulsion_Code,Age_of_Vehicle,Driver_IMD_Decile,Driver_Home_Area_Type,Vehicle_IMD_Decile
2.02E+12,2,9,0,18,0,8,0,0,0,0,1,1,2,2,30,6,1198,1,11,8,1,8
2.02E+12,1,9,0,7,0,8,0,0,0,0,2,1,6,2,62,9,1248,1,8,1,1,1
2.02E+12,1,9,0,18,0,8,0,0,0,0,1,1,1,1,26,6,1248,1,1,5,1,5
2.02E+12,2,9,0,18,0,8,0,0,0,0,3,1,6,1,80,11,1388,1,14,9,1,9
2.02E+12,3,9,0,18,0,8,0,0,0,0,1,1,6,2,32,6,1390,1,10,9,1,9
2.02E+12,1,9,0,9,0,8,0,0,0,0,3,1,6,1,61,9,1994,2,13,1,1,1
2.02E+12,1,9,0,18,0,8,0,0,0,0,1,1,6,1,40,7,1796,1,9,6,1,6
2.02E+12,2,20,0,18,0,8,2,0,0,0,3,1,1,1,58,9,4500,2,2,9,1,9
2.02E+12,1,9,0,18,0,1,0,0,0,0,4,1,6,1,18,4,1596,1,17,7,2,7
2.02E+12,1,9,0,18,0,1,0,0,0,0,4,1,6,1,89,11,1390,1,11,6,1,6
2.02E+12,1,5,0,18,0,1,0,0,0,0,1,1,6,2,30,6,689,1,2,2,1,2
2.02E+12,1,9,0,18,0,8,0,0,7,0,1,1,6,2,20,4,1149,1,12,10,1,10
2.02E+12,2,9,0,7,0,8,5,0,7,0,1,1,6,1,20,4,1198,1,13,5,1,5
2.02E+12,1,2,0,9,0,8,0,0,0,0,1,1,6,1,16,4,50,1,1,7,1,7
2.02E+12,2,9,0,18,0,8,0,0,0,0,4,1,6,1,28,6,1896,2,15,10,1,10
2.02E+12,1,9,0,18,0,8,0,0,0,1,3,1,6,1,23,5,998,1,15,7,1,7
2.02E+12,2,9,0,9,0,8,0,0,0,0,4,1,6,2,28,6,1390,1,4,3,1,3
2.02E+12,1,9,0,18,0,1,0,0,0,0,1,1,6,2,23,5,1399,2,8,4,1,4
2.02E+12,2,9,0,18,0,1,0,0,0,0,2,1,6,1,32,6,1968,2,3,6,1,6
2.02E+12,1,9,0,18,0,1,0,0,0,0,1,1,6,2,34,6,1991,2,9,3,1,3
2.02E+12,2,19,0,10,0,1,0,0,0,0,2,1,6,2,49,8,1753,2,13,3,1,3
2.02E+12,1,9,0,9,0,8,0,0,0,0,3,1,6,1,29,6,998,1,2,5,1,5
2.02E+12,2,5,0,13,0,8,1,0,0,0,1,1,6,1,63,9,1000,1,4,7,3,7
2.02E+12,1,9,0,4,0,1,0,0,0,0,2,1,6,2,42,7,1686,2,3,2,1,2
2.02E+12,2,9,0,18,0,1,0,0,0,0,1,1,6,1,32,6,1598,1,10,4,1,4
2.02E+12,1,9,0,18,0,8,0,0,0,0,3,1,2,2,37,7,1461,2,1,10,1,10
2.02E+12,1,9,0,18,0,8,0,0,0,0,1,1,6,2,90,11,1240,1,14,9,1,9
2.02E+12,1,9,0,18,0,1,0,0,0,0,1,1,1,1,32,6,998,1,7,1,1,1
2.02E+12,1,9,0,18,0,1,0,0,0,0,1,1,6,1,19,4,1598,1,5,3,1,3
2.02E+12,2,9,0,4,0,1,0,0,0,0,2,1,2,2,50,8,999,1,3,4,1,4
2.02E+12,1,9,0,18,0,8,0,0,0,0,1,1,2,2,37,7,2179,2,2,5,1,5
2.02E+12,2,9,0,18,0,8,0,0,0,0,3,1,6,2,50,8,998,1,1,7,1,7
2.02E+12,1,9,0,9,0,8,0,0,0,0,1,1,6,1,40,7,1999,1,15,4,1,4
2.02E+12,2,9,0,18,0,8,0,0,0,0,1,1,6,1,58,9,1339,1,4,10,1,10
2.02E+12,1,5,0,18,0,8,1,0,1,0,1,1,6,1,34,6,1043,1,6,2,1,2
2.02E+12,2,9,0,9,0,8,0,0,0,0,4,1,6,1,63,9,1196,1,20,4,1,4
2.02E+12,1,9,0,13,0,8,0,0,0,0,4,1,6,1,57,9,2993,2,12,7,1,7
2.02E+12,1,3,0,18,0,3,0,0,0,0,4,1,1,1,33,6,123,1,2,6,1,6
2.02E+12,2,9,0,5,0,4,0,0,0,0,1,1,1,1,65,9,1995,2,14,7,1,7
2.02E+12,1,19,0,18,0,8,1,0,1,0,1,1,1,1,54,8,1997,2,1,6,1,6
2.02E+12,2,9,0,18,0,6,2,0,3,11,1,1,6,2,57,9,1685,2,3,4,1,4
2.02E+12,1,8,0,18,0,8,0,0,0,0,1,1,1,1,43,7,1991,2,7,3,1,3
2.02E+12,2,5,0,9,0,8,0,0,0,0,1,1,6,1,19,4,865,1,7,10,1,10
2.02E+12,1,9,0,9,0,8,0,0,0,0,1,1,6,1,20,4,1229,1,5,3,1,3
2.02E+12,1,9,0,9,0,8,0,0,0,0,1,1,6,1,45,7,698,1,11,4,3,4
2.02E+12,1,9,0,3,0,1,0,0,0,0,2,1,6,2,34,6,1339,1,12,9,1,9
2.02E+12,1,9,0,18,0,8,0,10,1,2,1,1,6,1,61,9,1984,1,2,9,1,9
2.02E+12,2,9,0,18,0,8,0,0,0,0,2,1,1,2,50,8,1339,1,8,6,1,6
2.02E+12,1,9,0,9,0,8,0,0,0,0,3,1,6,1,79,11,1560,2,2,4,1,4
2.02E+12,2,9,0,18,0,8,0,0,0,0,1,1,6,1,33,6,2401,2,13,9,1,9
2.02E+12,1,11,0,18,0,1,0,0,0,0,1,1,1,1,61,9,4461,2,3,7,3,7
2.02E+12,1,9,0,17,0,2,5,0,1,1,4,1,6,1,62,9,1198,1,6,4,2,4
2.02E+12,2,9,0,7,0,8,0,0,0,0,1,1,6,1,89,11,1587,1,16,10,1,10
2.02E+12,1,5,0,13,0,8,0,0,0,0,4,1,6,1,54,8,1250,1,6,6,1,6
2.02E+12,2,9,0,9,0,8,0,0,0,0,2,1,6,1,21,5,1362,1,3,4,1,4
2.02E+12,1,9,0,9,0,8,0,0,0,0,1,1,6,2,82,11,1591,1,7,10,2,10
2.02E+12,2,9,0,18,0,8,5,10,7,1,3,1,6,2,47,8,2179,2,5,9,1,9
2.02E+12,1,9,0,5,0,1,0,0,0,0,3,1,6,1,33,6,1968,2,3,6,1,6
2.02E+12,2,9,0,18,0,1,0,0,0,0,3,1,6,2,60,9,1398,1,4,8,2,8
2.02E+12,2,9,0,18,0,8,0,0,0,0,3,1,6,1,37,7,1248,2,14,8,3,8
2.02E+12,1,9,0,8,0,8,0,0,0,0,2,1,1,2,40,7,1461,2,5,1,1,1
2.02E+12,1,19,0,7,0,8,0,0,0,0,4,1,2,1,19,4,2198,2,6,8,1,8
2.02E+12,1,9,0,18,0,8,0,0,0,0,4,1,1,1,26,6,1598,2,1,4,1,4
2.02E+12,2,5,0,9,0,8,0,0,0,0,1,1,6,1,21,5,124,1,15,4,1,4
2.02E+12,1,9,0,16,0,2,0,0,0,10,1,1,6,2,79,11,1339,1,14,9,1,9
2.02E+12,1,3,0,13,0,1,0,0,0,0,4,1,2,1,31,6,124,1,1,8,1,8
2.02E+12,1,9,0,18,0,8,0,0,0,0,0,1,6,1,43,7,1896,2,15,8,2,8
2.02E+12,1,9,0,9,0,8,0,0,0,0,1,1,6,1,58,9,1590,1,14,6,2,6
2.02E+12,2,5,0,14,0,8,0,0,7,0,1,1,6,1,64,9,600,1,17,5,1,5
2.02E+12,1,9,0,9,0,8,0,7,0,0,4,1,6,2,52,8,1796,1,3,4,1,4
2.02E+12,2,9,0,18,0,8,0,0,0,0,1,1,6,1,30,6,1390,1,16,4,1,4
2.02E+12,1,9,0,16,0,1,0,0,7,7,3,1,6,1,65,9,1398,1,4,7,1,7
2.02E+12,1,9,0,18,0,8,0,0,0,0,1,1,1,2,23,5,1198,1,14,5,1,5
2.02E+12,1,9,0,18,0,8,0,0,0,0,4,1,6,2,53,8,3189,1,13,6,1,6
2.02E+12,2,9,0,10,0,8,0,0,0,0,0,1,6,1,36,7,2979,1,14,10,2,10
2.02E+12,1,9,0,18,0,1,0,0,0,0,2,1,6,2,55,8,1596,1,10,10,1,10
2.02E+12,1,19,0,7,0,8,0,0,0,0,3,1,1,1,28,6,2198,2,2,10,1,10
2.02E+12,1,9,0,18,0,8,0,0,0,0,1,1,2,2,18,4,998,1,15,7,1,7
2.02E+12,2,9,0,10,0,8,0,0,0,0,2,1,6,1,41,7,1396,1,17,6,1,6
2.02E+12,1,9,0,5,0,2,0,0,0,0,1,1,6,1,43,7,1598,2,3,9,1,9
2.02E+12,2,3,0,18,0,8,1,0,0,0,4,1,6,1,51,8,125,1,2,4,1,4
2.02E+12,1,9,0,3,0,1,0,0,0,0,1,1,6,2,44,7,1299,1,10,4,1,4
2.02E+12,2,9,0,3,0,1,0,0,0,0,2,1,6,2,73,10,1248,1,2,6,1,6
2.02E+12,3,9,0,18,0,1,0,0,0,0,1,1,6,2,47,8,1598,2,4,7,1,7
2.02E+12,1,9,0,5,0,8,0,0,0,0,1,1,6,2,31,6,1995,1,14,10,1,10
2.02E+12,2,9,0,18,0,8,0,0,0,0,3,1,6,1,55,8,1951,2,13,10,1,10
2.02E+12,1,9,0,9,0,8,0,0,0,0,1,1,6,1,18,4,1390,1,13,1,1,1
2.02E+12,2,9,0,18,0,8,0,0,0,0,4,1,6,1,26,6,989,1,18,1,1,1
2.02E+12,1,9,0,2,0,1,0,0,0,0,3,1,6,1,48,8,599,1,16,3,1,3
2.02E+12,1,9,0,18,0,1,0,0,0,0,3,1,6,2,30,6,1389,1,22,6,1,6
2.02E+12,1,9,0,5,0,8,0,0,0,0,3,1,1,1,23,5,1360,1,14,10,1,10
2.02E+12,1,9,0,12,0,3,0,0,0,0,0,1,6,1,60,9,1198,1,4,7,1,7
2.02E+12,2,5,0,18,0,3,1,0,0,0,0,1,6,1,23,5,599,1,7,8,3,8
2.02E+12,1,9,0,18,0,8,0,0,0,0,1,1,6,2,52,8,1560,2,1,8,1,8
2.02E+12,1,9,0,4,0,1,0,0,0,0,2,1,1,2,56,9,1997,2,12,4,1,4
2.02E+12,1,9,0,18,0,8,1,0,0,0,4,1,6,1,55,8,1329,1,4,8,1,8
2.02E+12,2,9,0,18,0,8,0,0,0,0,1,1,6,1,46,8,1368,1,2,6,1,6
2.02E+12,1,90,0,3,0,1,0,0,0,0,0,1,1,1,34,6,5883,2,11,6,1,6
2.02E+12,2,9,0,14,0,1,0,0,0,0,4,1,6,1,69,10,1997,1,2,6,1,6
2.02E+12,1,9,0,18,0,1,0,0,0,0,0,1,6,1,29,6,1796,1,13,3,1,3
2.02E+12,1,9,0,18,0,8,0,0,1,11,1,1,6,2,39,7,1229,1,11,1,1,1
2.02E+12,1,9,0,18,0,1,0,0,0,0,1,1,6,2,28,6,1968,2,5,3,1,3
2.02E+12,1,5,0,13,0,8,1,0,0,0,1,1,2,1,27,6,998,1,9,8,1,8
2.02E+12,2,9,0,9,0,8,0,0,0,0,3,1,2,1,21,5,1598,1,13,9,1,9
2.02E+12,1,9,0,9,0,8,0,0,0,0,4,1,2,2,45,7,1149,1,13,10,2,10
2.02E+12,2,9,0,18,0,1,0,0,0,0,1,1,6,2,64,9,1598,2,4,8,3,8
2.02E+12,1,9,0,9,0,8,0,0,0,0,1,1,2,2,46,8,2295,1,14,10,1,10
2.02E+12,2,3,0,14,0,8,0,0,0,0,1,1,6,1,44,7,124,1,1,5,1,5
2.02E+12,2,9,0,18,0,8,0,0,0,0,4,1,2,1,64,9,1796,1,3,7,3,7
2.02E+12,1,9,0,18,0,8,0,0,0,0,1,1,1,2,54,8,1797,1,2,3,1,3
2.02E+12,2,9,0,17,0,8,0,0,0,0,4,1,1,1,66,10,1951,2,13,9,1,9
2.02E+12,1,9,0,7,0,8,0,0,0,0,3,1,6,2,82,11,1329,1,8,8,3,8
2.02E+12,2,3,0,18,0,8,0,0,0,0,1,1,6,1,17,4,125,1,2,8,1,8
2.02E+12,1,5,0,18,0,8,1,0,1,4,1,1,6,1,26,6,899,1,15,8,1,8
2.02E+12,1,3,0,12,0,8,0,0,0,0,3,1,2,1,21,5,124,1,13,3,1,3
2.02E+12,2,9,0,7,0,8,0,0,0,0,3,1,6,1,50,8,1999,1,10,9,1,9
2.02E+12,1,9,0,10,0,8,0,0,0,0,2,1,6,1,34,6,1399,2,12,9,1,9
2.02E+12,1,9,0,18,0,8,0,0,0,0,1,1,6,1,56,9,1587,1,15,10,1,10
2.02E+12,1,9,0,3,0,1,0,0,0,0,2,1,2,2,18,4,1061,1,14,10,1,10
2.02E+12,1,9,0,9,0,8,0,0,0,0,1,1,1,2,45,7,1598,2,2,6,1,6
2.02E+12,2,9,0,18,0,8,0,0,0,0,4,1,2,2,18,4,1240,1,14,7,1,7
2.02E+12,1,9,0,16,0,1,0,0,0,0,1,1,1,2,38,7,1749,1,16,3,1,3
2.02E+12,2,9,0,17,0,2,0,0,0,0,1,1,1,2,55,8,1248,1,4,10,3,10
2.02E+12,1,9,0,18,0,1,0,0,0,0,1,1,6,1,25,5,2494,1,16,10,1,10
2.02E+12,1,9,0,18,0,8,0,0,0,0,1,1,6,1,22,5,1149,1,13,7,1,7
2.02E+12,2,9,0,17,0,8,0,0,0,0,3,1,6,2,49,8,1364,1,3,5,1,5
2.02E+12,1,9,0,9,0,2,0,0,0,0,1,1,6,1,50,8,1598,1,8,5,1,5
2.02E+12,1,9,0,4,0,8,0,0,0,0,1,1,6,2,34,6,1797,8,3,10,1,10
2.02E+12,1,9,0,9,0,8,0,0,0,0,3,1,6,2,72,10,1197,1,1,1,1,1
2.02E+12,2,5,0,18,0,8,1,0,0,0,1,1,6,1,19,4,645,1,4,7,2,7
2.02E+12,1,9,0,18,0,8,0,0,0,0,1,1,2,1,18,4,1398,1,15,8,1,8
2.02E+12,2,9,0,10,0,8,0,0,0,0,2,1,6,2,35,6,1868,2,13,8,1,8
2.02E+12,2,8,0,9,0,8,0,0,0,0,4,1,1,1,54,8,1997,2,9,4,1,4
2.02E+12,1,9,0,18,0,1,2,0,1,10,3,1,6,1,28,6,1360,1,17,4,1,4
2.02E+12,2,9,0,7,0,8,0,0,0,0,3,1,6,2,25,5,1229,1,5,3,1,3
2.02E+12,1,9,0,9,0,8,0,0,0,0,4,1,6,1,19,4,1397,1,18,4,1,4
2.02E+12,2,9,0,17,0,8,0,0,0,0,1,1,6,2,45,7,1997,1,15,5,1,5
2.02E+12,1,9,0,16,0,8,1,0,1,4,1,1,1,1,21,5,973,1,15,8,1,8
2.02E+12,1,9,0,18,0,8,0,0,0,0,2,1,6,2,66,10,2000,2,12,7,1,7
2.02E+12,2,9,0,18,0,8,0,0,0,0,1,1,6,1,29,6,1781,1,16,1,1,1
2.02E+12,1,9,0,12,0,2,0,0,0,0,0,1,6,1,33,6,1685,2,3,3,1,3
2.02E+12,2,5,0,18,0,2,0,0,0,0,0,1,6,1,51,8,865,1,4,4,1,4
2.02E+12,1,9,0,18,0,8,0,0,0,0,3,1,6,1,39,7,1242,1,6,8,2,8
2.02E+12,2,9,0,9,0,8,0,0,0,0,1,1,6,2,81,11,1395,1,2,10,1,10
2.02E+12,1,11,0,3,0,2,0,0,0,0,3,1,1,1,63,9,4500,2,2,6,1,6
2.02E+12,2,19,0,14,0,2,0,0,0,0,4,1,6,1,19,4,2198,2,10,9,2,9
2.02E+12,1,19,0,9,0,8,0,0,0,0,0,1,6,1,50,8,1995,2,5,9,1,9
2.02E+12,2,4,0,17,0,8,1,0,7,9,1,1,6,1,20,4,249,1,6,6,1,6
2.02E+12,1,5,0,17,0,2,0,0,1,11,1,1,6,1,30,6,1000,1,2,4,1,4
2.02E+12,2,9,0,9,0,1,0,0,0,0,1,1,6,1,36,7,1360,1,12,5,1,5
2.02E+12,1,3,0,18,0,8,1,0,0,0,0,1,6,2,23,5,124,1,9,7,1,7
2.02E+12,2,9,0,5,0,8,0,0,0,0,0,1,6,1,86,11,1318,1,2,9,1,9
2.02E+12,1,9,0,18,0,8,0,0,0,0,3,1,2,1,64,9,1870,2,11,6,1,6
2.02E+12,2,3,0,18,0,8,1,0,0,0,1,1,2,1,18,4,125,1,2,6,1,6
2.02E+12,1,9,0,18,0,8,0,0,0,0,3,1,6,2,48,8,1299,1,16,1,1,1
2.02E+12,1,9,0,16,0,8,0,0,0,0,3,1,6,1,46,8,1390,1,10,9,1,9
2.02E+12,2,9,0,17,0,8,0,0,0,0,3,1,6,1,67,10,1995,2,15,7,1,7
2.02E+12,1,19,0,18,0,2,0,0,0,0,1,1,1,1,50,8,2287,2,6,4,1,4
2.02E+12,1,9,0,18,0,1,0,0,0,0,1,1,6,1,94,11,1299,1,12,6,1,6
2.02E+12,2,9,0,3,0,1,0,0,0,0,2,1,6,2,30,6,1349,1,9,4,1,4
2.02E+12,1,3,0,18,0,8,1,0,1,0,4,1,6,1,18,4,124,1,2,3,1,3
2.02E+12,1,9,0,5,0,8,0,0,0,0,1,1,3,1,41,7,1598,1,16,1,1,1
2.02E+12,1,9,0,5,0,1,0,0,0,0,3,1,6,2,23,5,1149,1,15,6,2,6
2.02E+12,1,9,0,9,0,8,0,0,0,0,1,1,6,1,83,11,1598,1,7,9,1,9
2.02E+12,2,9,0,18,0,8,5,0,0,0,1,1,6,1,20,4,1398,1,2,10,1,10
2.02E+12,1,9,0,9,0,8,0,0,0,0,1,1,6,2,38,7,1360,1,8,3,1,3
2.02E+12,2,3,0,18,0,2,0,0,0,0,0,1,6,1,18,4,125,1,1,7,1,7
2.02E+12,1,9,0,10,0,1,0,0,0,0,2,1,1,2,37,7,1968,2,1,10,2,10
2.02E+12,2,19,0,4,0,1,0,0,0,0,2,1,1,2,39,7,1560,2,1,5,1,5
2.02E+12,3,9,0,4,0,1,0,0,0,0,2,1,1,2,38,7,1910,2,10,3,1,3
2.02E+12,4,19,0,18,0,1,0,0,0,0,1,1,1,1,43,7,2151,2,12,4,1,4
2.02E+12,1,9,0,2,0,1,0,0,0,0,3,1,6,1,54,8,2996,1,11,3,1,3
2.02E+12,2,3,0,14,0,1,0,0,0,0,1,1,6,1,51,8,125,1,14,5,1,5
2.02E+12,1,3,0,18,0,1,1,0,0,0,1,1,6,2,49,8,125,1,12,10,1,10
2.02E+12,1,9,0,3,0,1,0,0,0,0,2,1,6,1,29,6,1560,2,11,4,1,4
2.02E+12,1,19,0,18,0,1,1,0,0,0,1,1,1,1,54,8,2187,2,14,7,1,7
2.02E+12,2,9,0,4,0,1,0,0,0,0,2,1,6,1,30,6,1598,1,4,1,1,1
2.02E+12,3,9,0,10,0,1,0,0,0,0,2,1,2,2,32,6,1995,1,6,5,1,5
2.02E+12,1,9,0,5,0,2,0,0,0,0,1,1,6,1,44,7,1984,1,16,5,1,5
2.02E+12,2,5,0,3,0,2,0,0,0,0,2,1,1,1,39,7,599,1,10,2,1,2
2.02E+12,1,9,0,3,0,2,0,0,0,0,4,1,6,2,22,5,1242,1,11,5,1,5
2.02E+12,1,9,0,7,0,8,1,0,0,7,1,1,6,1,28,6,1769,1,15,8,3,8
2.02E+12,1,20,0,18,0,8,0,0,7,0,3,1,1,1,29,6,2402,2,11,2,1,2
2.02E+12,2,9,0,9,0,8,0,0,0,0,0,1,1,1,53,8,998,1,1,3,1,3
2.02E+12,1,8,0,8,0,1,0,0,0,0,2,1,1,1,40,7,1598,2,6,8,2,8
2.02E+12,2,19,0,18,0,1,0,0,0,0,1,1,1,2,42,7,1560,2,2,2,1,2
2.02E+12,2,9,0,2,0,8,0,0,0,0,2,1,6,2,21,5,1248,1,6,9,1,9
2.02E+12,1,9,0,9,0,8,0,0,0,0,3,1,6,2,33,6,1794,1,14,6,1,6
2.02E+12,2,3,0,14,0,8,0,0,0,0,1,1,6,1,24,5,124,1,2,7,1,7
2.02E+12,1,5,0,18,0,8,1,0,0,0,1,1,6,1,38,7,1137,1,18,4,1,4
2.02E+12,2,9,0,9,0,8,0,0,0,0,3,1,6,1,45,7,2995,1,15,2,1,2
2.02E+12,1,9,0,18,0,1,0,0,0,0,2,1,4,1,30,6,1998,1,15,4,2,4
2.02E+12,2,9,0,10,0,1,0,0,0,0,1,1,6,2,46,8,998,1,10,4,2,4
2.02E+12,1,3,0,18,0,8,0,0,7,0,1,1,6,1,26,6,123,1,3,2,1,2
2.02E+12,2,9,0,5,0,8,0,0,0,0,3,1,6,1,60,9,1794,1,11,4,1,4
2.02E+12,3,19,0,10,0,8,0,0,0,0,2,1,6,1,60,9,2370,2,22,5,3,5
2.02E+12,2,8,0,9,0,8,0,0,0,0,1,1,1,1,66,10,1560,2,8,8,3,8
2.02E+12,1,9,0,5,0,8,0,0,0,0,0,1,6,1,89,11,1299,1,18,9,3,9
2.02E+12,1,9,0,9,0,8,2,0,0,0,1,1,6,2,29,6,1796,1,17,10,2,10
2.02E+12,2,9,0,18,0,8,0,0,0,0,1,1,6,1,36,7,1149,1,9,9,1,9
2.02E+12,1,9,0,18,0,1,0,0,0,0,1,1,6,1,39,7,1248,1,3,6,1,6
2.02E+12,2,9,0,18,0,1,0,0,0,0,2,1,1,2,32,6,1390,1,13,2,1,2
2.02E+12,1,9,0,3,0,1,0,0,0,0,2,1,6,1,67,10,1968,2,6,4,1,4
2.02E+12,2,9,0,18,0,1,0,0,0,0,1,1,6,2,36,7,1360,1,15,3,1,3
2.02E+12,1,9,0,18,0,1,0,0,7,0,1,1,1,1,47,8,1995,2,11,10,1,10
2.02E+12,2,19,0,3,0,1,0,0,0,0,2,1,6,2,30,6,1686,2,8,7,1,7
2.02E+12,3,9,0,3,0,1,0,0,0,0,2,1,6,2,27,6,1198,1,9,10,1,10
2.02E+12,1,9,0,9,0,8,0,0,0,0,0,1,2,1,33,6,1598,1,13,10,1,10
2.02E+12,2,9,0,18,0,8,1,0,1,10,1,1,3,1,34,6,2993,2,6,6,1,6
2.02E+12,1,3,0,18,0,8,1,0,0,0,0,1,6,1,18,4,125,1,1,7,1,7
2.02E+12,1,9,0,9,0,8,0,0,0,0,3,1,1,1,44,7,1390,1,16,6,1,6
2.02E+12,2,5,0,13,0,8,0,0,0,0,1,1,1,1,38,7,899,1,19,6,1,6
2.02E+12,1,3,0,18,0,8,0,0,0,0,1,1,6,1,18,4,125,1,4,3,1,3
2.02E+12,1,9,0,9,0,8,0,0,0,0,1,1,2,1,31,6,1598,1,8,10,1,10
2.02E+12,1,9,0,18,0,1,0,0,1,10,1,1,6,2,24,5,999,1,15,6,3,6
2.02E+12,2,9,0,10,0,1,0,0,0,0,2,1,6,2,71,10,2993,2,3,7,3,7
2.02E+12,1,9,0,1,0,1,0,0,0,0,2,1,1,1,43,7,1422,2,8,1,1,1
2.02E+12,2,3,0,18,0,2,0,0,0,0,1,1,6,1,23,5,124,1,1,2,1,2
2.02E+12,1,19,0,16,0,8,0,0,0,0,3,1,1,1,26,6,1248,2,2,9,3,9
2.02E+12,2,9,0,17,0,8,0,0,1,1,3,1,6,1,25,5,1597,2,3,4,1,4
2.02E+12,1,9,0,3,0,1,0,0,0,0,2,1,6,2,30,6,1910,2,11,7,3,7
2.02E+12,1,9,0,18,0,1,0,4,1,11,1,1,6,2,47,8,1598,2,1,5,1,5
2.02E+12,1,9,0,18,0,1,0,0,0,0,1,1,3,2,51,8,1124,1,17,3,1,3
2.02E+12,1,9,0,18,0,1,0,0,0,0,1,1,6,2,60,9,998,1,2,10,3,10
2.02E+12,2,9,0,4,0,1,0,0,0,0,2,1,1,1,23,5,1598,2,4,7,1,7
2.02E+12,1,9,0,18,0,4,0,0,0,0,1,1,6,1,61,9,1489,1,20,9,1,9
2.02E+12,2,9,0,3,0,1,0,0,0,0,2,1,6,2,42,7,1984,1,14,4,1,4
2.02E+12,1,9,0,18,0,8,0,0,0,0,3,1,6,2,40,7,1242,1,9,9,1,9
2.02E+12,1,9,0,10,0,1,0,0,0,0,0,1,6,2,25,5,1997,1,15,9,1,9
2.02E+12,2,9,0,3,0,1,0,0,0,0,2,1,6,2,44,7,1497,1,14,4,1,4
2.02E+12,3,5,0,18,0,1,0,0,0,0,1,1,6,1,28,6,599,1,13,4,1,4
2.02E+12,1,9,0,7,0,8,0,0,0,0,3,1,6,1,29,6,1596,1,16,8,1,8
2.02E+12,1,9,0,9,0,8,0,0,0,0,3,1,6,1,75,10,1329,1,4,8,1,8
2.02E+12,2,9,0,18,0,8,0,0,0,0,1,1,1,1,51,8,1395,1,2,6,1,6
2.02E+12,1,9,0,5,0,4,0,0,0,0,2,1,2,1,59,9,1388,1,12,9,1,9
2.02E+12,2,9,0,5,0,4,0,0,0,0,1,1,2,1,26,6,1896,2,14,5,1,5
2.02E+12,1,2,0,4,0,8,0,0,0,0,2,1,6,2,16,4,49,1,19,6,1,6
2.02E+12,2,3,0,4,0,8,1,0,0,0,1,1,6,1,18,4,124,1,10,3,1,3
2.02E+12,1,9,0,18,0,8,0,0,0,0,3,1,1,1,26,6,1598,2,6,1,1,1
2.02E+12,1,9,0,10,0,1,0,0,0,0,2,1,2,2,38,7,1461,2,10,9,1,9
2.02E+12,2,9,0,4,0,1,1,0,0,0,1,1,2,1,72,10,2495,2,21,3,1,3
2.02E+12,1,3,0,9,0,8,1,0,0,0,3,1,6,2,41,7,125,1,1,5,1,5
2.02E+12,1,9,0,1,0,8,0,0,0,0,2,1,2,2,40,7,2597,1,13,7,1,7
2.02E+12,2,9,0,3,0,1,0,0,0,0,1,1,2,2,18,4,998,1,10,5,1,5
2.02E+12,1,9,0,18,0,2,0,0,0,0,1,1,6,1,63,9,1560,2,7,9,1,9
2.02E+12,1,9,0,9,0,8,0,0,0,0,3,1,6,1,57,9,1998,2,8,4,1,4
2.02E+12,2,9,0,3,0,1,0,0,0,0,1,1,6,2,41,7,1400,1,10,7,1,7
2.02E+12,3,9,0,18,0,8,0,0,1,10,3,1,6,1,24,5,1396,1,15,8,1,8
2.02E+12,1,9,0,5,0,8,0,0,0,0,4,1,6,2,70,10,1368,1,2,5,1,5
2.02E+12,2,5,0,18,0,8,0,0,1,0,1,1,6,1,24,5,748,1,7,4,1,4
2.02E+12,1,10,0,7,0,8,0,0,0,0,3,1,1,1,36,7,2198,2,1,4,1,4
2.02E+12,2,19,0,18,0,8,0,0,0,0,1,1,2,1,66,10,2500,2,7,10,2,10
2.02E+12,1,9,0,5,0,8,0,0,0,0,3,1,6,1,75,10,2993,2,1,6,3,6
2.02E+12,2,9,0,18,0,8,1,0,0,0,1,1,6,2,29,6,1341,1,14,10,1,10
2.02E+12,1,8,0,9,0,8,0,0,0,0,1,1,1,1,37,7,1598,2,1,3,1,3
2.02E+12,1,9,0,6,0,8,0,0,0,0,4,1,6,2,29,6,2995,1,1,9,1,9
2.02E+12,1,9,0,8,0,1,0,0,0,0,2,1,6,2,32,6,1086,1,11,5,3,5
2.02E+12,1,5,0,18,0,1,0,0,0,0,1,1,6,1,69,10,790,1,10,10,3,10
2.02E+12,2,5,0,3,0,1,0,0,0,0,2,1,6,1,73,10,900,1,1,10,1,10
2.02E+12,1,9,0,11,0,2,0,0,0,0,4,1,1,1,27,6,1596,1,12,2,1,2
2.02E+12,2,3,0,18,0,2,0,0,0,0,3,1,1,1,59,9,645,1,6,10,1,10
2.02E+12,2,9,0,5,0,1,0,0,0,0,1,1,6,2,40,7,1956,2,6,4,1,4
2.02E+12,1,9,0,5,0,8,0,0,0,0,1,1,2,2,25,5,998,1,3,9,1,9