Accident_Index,Vehicle_Reference,Vehicle_Type,Towing_and_Articulation,Vehicle_Manoeuvre,Vehicle_Location-Restricted_Lane,Junction_Location,Skidding_and_Overturning,Hit_Object_in_Carriageway,Vehicle_Leaving_Carriageway,Hit_Object_off_Carriageway,1st_Point_of_Impact,Was_Vehicle_Left_Hand_Drive?,Journey_Purpose_of_Driver,Sex_of_Driver,Age_of_Driver,Age_Band_of_Driver,Engine_Capacity_(CC),Propulsion_Code,Age_of_Vehicle,Driver_IMD_Decile,Driver_Home_Area_Type,Vehicle_IMD_Decile
2.02E+12,2,9,0,14,0,8,0,0,0,0,1,1,6,1,40,7,1956,2,6,1,1,1
2.02E+12,1,11,0,9,0,8,0,0,0,0,3,1,1,3,27,6,4461,2,4,2,1,2
2.02E+12,1,9,0,18,0,4,0,0,1,7,1,1,6,1,56,9,1999,1,13,9,1,9
2.02E+12,1,9,0,7,0,2,0,0,0,0,2,1,6,1,53,8,1560,2,1,5,1,5
2.02E+12,1,9,0,7,0,2,0,0,0,0,2,1,6,1,54,8,1400,1,11,7,1,7
2.02E+12,2,9,0,7,0,2,0,0,0,0,2,1,6,1,63,9,1798,1,7,6,1,6
2.02E+12,3,9,0,7,0,2,0,0,0,0,1,1,6,1,31,6,4398,1,14,6,1,6
2.02E+12,1,9,0,3,0,7,0,0,0,0,2,1,6,2,21,5,2143,2,2,6,1,6
2.02E+12,2,9,0,18,0,7,0,0,0,0,1,1,2,2,29,6,1968,2,1,9,1,9
2.02E+12,1,19,0,18,0,2,0,0,0,0,1,1,1,1,30,6,1968,2,1,8,3,8
2.02E+12,1,9,0,18,0,8,0,0,0,0,1,1,4,2,17,4,1229,1,8,4,3,4
2.02E+12,1,9,0,9,0,8,0,0,0,0,1,1,6,1,18,4,1199,1,14,5,1,5
2.02E+12,2,9,0,18,0,1,0,0,0,0,1,1,2,1,31,6,1598,1,14,3,1,3
2.02E+12,1,9,0,18,0,1,0,0,1,0,1,1,6,1,33,6,1388,1,15,6,1,6
2.02E+12,1,9,0,9,0,8,0,0,0,0,0,1,6,2,32,6,1124,1,15,4,1,4
2.02E+12,2,3,0,18,0,8,1,0,0,0,0,1,6,2,37,7,125,1,1,3,1,3
2.02E+12,1,9,0,18,0,8,0,0,0,0,2,1,6,2,50,8,1248,2,5,9,1,9
2.02E+12,2,9,0,18,0,8,0,0,1,1,1,1,6,1,53,8,3996,1,16,10,1,10
2.02E+12,1,9,0,18,0,1,0,0,0,0,1,1,6,2,20,4,1242,1,1,7,3,7
2.02E+12,2,9,0,18,0,1,0,0,0,0,2,1,1,1,39,7,1199,1,14,4,1,4
2.02E+12,1,9,0,9,0,8,0,0,0,0,4,1,2,1,34,6,1598,2,5,4,1,4
2.02E+12,2,9,0,18,0,8,0,0,0,0,1,1,6,1,25,5,1390,1,15,6,1,6
2.02E+12,1,9,0,18,0,1,0,0,0,0,1,1,6,1,69,10,2259,1,21,3,1,3
2.02E+12,2,9,0,4,0,1,0,0,0,0,2,1,6,1,19,4,1896,2,9,10,3,10
2.02E+12,3,9,0,4,0,1,0,0,0,0,2,1,6,2,39,7,1598,2,3,10,1,10
2.02E+12,1,9,0,4,0,8,0,0,0,0,1,1,6,1,40,7,1499,2,4,9,1,9
2.02E+12,2,9,0,18,0,8,0,0,0,0,4,1,6,1,58,9,1686,2,12,1,1,1
2.02E+12,1,9,0,18,0,2,0,0,0,0,4,1,3,2,72,10,1497,8,3,10,1,10
2.02E+12,1,9,0,18,0,8,0,0,0,0,1,1,2,2,42,7,1400,2,10,7,3,7
2.02E+12,2,9,0,9,0,8,0,0,0,0,1,1,2,2,26,6,898,1,2,5,1,5
2.02E+12,1,2,0,18,0,8,0,0,0,0,1,1,4,1,16,4,49,1,3,6,1,6
2.02E+12,2,9,0,4,0,8,0,0,0,0,2,1,6,2,52,8,1396,1,6,8,1,8
2.02E+12,1,9,0,10,0,8,0,0,0,0,4,1,6,1,32,6,1910,2,11,7,1,7
2.02E+12,2,9,0,18,0,8,0,0,0,0,3,1,6,1,62,9,1956,2,4,6,1,6
2.02E+12,1,9,0,9,0,8,0,0,0,0,3,1,2,2,42,7,1499,1,2,5,1,5
2.02E+12,1,9,0,7,0,8,0,0,0,0,4,1,6,1,23,5,1242,1,10,9,1,9
2.02E+12,1,9,0,18,0,8,0,0,0,0,1,1,1,1,30,6,2993,2,1,3,1,3
2.02E+12,2,9,0,18,0,8,0,0,0,0,3,1,6,1,30,6,1799,1,11,3,1,3
2.02E+12,1,9,0,3,0,1,0,0,0,0,2,1,6,1,25,5,1242,1,3,3,1,3
2.02E+12,2,9,0,18,0,1,0,0,0,0,1,1,6,2,39,7,1598,1,10,5,1,5
2.02E+12,3,9,0,10,0,1,0,0,0,0,2,1,6,1,42,7,1797,8,2,10,1,10
2.02E+12,1,5,0,5,0,2,0,4,0,0,1,1,6,1,32,6,675,1,3,10,1,10
2.02E+12,2,9,0,2,0,2,0,0,0,0,2,1,6,1,78,11,1999,1,11,10,1,10
2.02E+12,1,9,0,9,0,8,0,0,0,0,1,1,6,2,92,11,1781,1,24,8,2,8
2.02E+12,2,9,0,9,0,8,0,0,0,0,1,1,6,2,28,6,1199,1,13,8,1,8
2.02E+12,1,9,0,1,0,8,0,0,0,0,2,1,6,1,41,7,1968,2,7,4,1,4
2.02E+12,1,9,0,9,0,8,0,0,0,0,3,1,6,1,41,7,1900,2,19,10,2,10
2.02E+12,2,5,0,18,0,8,0,0,0,0,1,1,6,1,55,8,745,1,11,5,1,5
2.02E+12,1,9,0,18,0,2,0,0,0,0,1,1,6,1,32,6,2488,2,10,8,3,8
2.02E+12,2,9,0,18,0,2,0,0,0,0,2,1,6,1,18,4,1242,1,10,6,1,6
2.02E+12,1,9,0,16,0,2,0,0,0,0,1,1,6,1,36,7,1998,2,14,6,1,6
2.02E+12,2,9,0,17,0,1,0,0,0,0,1,1,6,1,55,8,1997,1,18,4,1,4
2.02E+12,3,9,0,17,0,1,0,0,0,0,1,1,6,1,77,11,1997,2,13,6,1,6
2.02E+12,1,9,0,9,0,8,0,0,0,0,3,1,6,2,49,8,1968,2,5,9,1,9
2.02E+12,2,9,0,17,0,8,0,0,0,0,1,1,6,1,66,10,1560,2,4,6,3,6
2.02E+12,1,9,0,5,0,8,0,0,0,0,1,1,6,1,23,5,1582,2,6,5,1,5
2.02E+12,1,9,0,11,0,8,0,0,0,0,4,1,2,2,55,8,1997,2,8,10,1,10
2.02E+12,2,5,0,18,0,8,0,0,0,0,3,1,2,1,42,7,1293,1,4,9,1,9
2.02E+12,1,9,0,18,0,8,0,0,0,0,1,1,1,1,57,9,1598,1,4,10,1,10
2.02E+12,2,9,0,9,0,8,0,0,0,0,4,1,6,1,47,8,1390,1,6,8,1,8
2.02E+12,1,9,0,15,0,8,5,0,0,0,4,1,6,1,23,5,1998,1,9,7,1,7
2.02E+12,2,19,0,9,0,8,0,0,0,0,3,1,1,1,51,8,1248,2,4,5,3,5
2.02E+12,1,9,0,3,0,1,0,0,0,0,2,1,1,1,63,9,1999,1,9,2,1,2
2.02E+12,2,9,0,3,0,1,0,0,0,0,2,1,6,2,86,11,1360,1,15,10,1,10
2.02E+12,3,9,0,18,0,1,0,0,0,0,1,1,1,1,41,7,1753,2,9,7,1,7
2.02E+12,1,9,0,18,0,2,0,0,0,0,1,1,6,1,34,6,2400,2,7,3,1,3
2.02E+12,1,5,0,4,0,1,1,7,0,0,1,1,6,1,33,6,599,1,5,8,3,8
2.02E+12,2,9,0,9,0,8,0,0,0,0,4,1,6,1,40,7,2148,2,13,10,3,10
2.02E+12,1,19,0,9,0,8,0,0,0,0,1,1,6,1,38,7,1868,2,16,4,1,4
2.02E+12,2,9,0,9,0,8,0,0,0,0,3,1,6,2,28,6,1149,1,13,9,2,9
2.02E+12,1,9,0,4,0,1,0,0,0,0,2,1,2,1,22,5,1995,2,5,8,1,8
2.02E+12,2,5,0,13,0,1,0,0,0,0,1,1,2,1,23,5,803,1,5,4,1,4
2.02E+12,2,9,0,10,0,8,0,0,0,0,2,1,6,1,47,8,1598,2,5,4,1,4
2.02E+12,3,9,0,17,0,8,2,0,1,0,1,1,6,2,33,6,1248,1,1,7,3,7
2.02E+12,1,9,0,18,0,2,1,0,1,0,4,1,6,2,49,8,1598,1,3,8,1,8
2.02E+12,2,9,0,11,0,8,0,0,0,0,1,1,6,1,28,6,1299,1,14,4,1,4
2.02E+12,1,19,0,1,0,1,0,0,0,0,2,1,1,1,28,6,2198,2,1,8,1,8
2.02E+12,2,3,0,18,0,2,0,0,0,0,1,1,2,2,29,6,100,1,20,1,1,1
2.02E+12,3,9,0,18,0,1,0,0,0,0,1,1,2,1,58,9,1995,2,5,8,1,8
2.02E+12,1,9,0,7,0,8,0,0,0,0,3,1,6,1,56,9,998,1,5,3,1,3
2.02E+12,2,3,0,18,0,8,0,0,0,0,1,1,6,1,21,5,125,1,1,3,1,3
2.02E+12,1,9,0,13,0,8,1,0,0,0,1,1,6,1,21,5,1587,1,26,5,1,5
2.02E+12,1,9,0,6,0,8,0,0,0,0,1,1,6,1,28,6,1242,1,1,2,1,2
2.02E+12,2,3,0,18,0,8,0,0,0,0,0,1,2,1,19,4,124,1,17,5,1,5
2.02E+12,1,19,0,9,0,3,0,0,0,0,3,1,1,1,58,9,2287,2,1,7,2,7
2.02E+12,1,5,0,16,0,8,0,0,0,0,4,1,6,1,76,11,1050,1,7,10,2,10
2.02E+12,1,9,0,9,0,1,0,0,0,0,4,1,1,2,57,9,1360,1,12,4,1,4
2.02E+12,1,9,0,18,0,8,0,0,0,0,1,1,6,2,36,7,1995,2,2,8,1,8
2.02E+12,2,9,0,18,0,8,5,0,1,0,3,1,6,1,54,8,1397,1,14,10,1,10
2.02E+12,2,9,0,9,0,8,0,0,0,0,1,1,6,1,24,5,1995,2,7,7,2,7
2.02E+12,1,9,0,7,0,8,0,0,0,0,3,1,2,2,31,6,1896,2,9,3,1,3
2.02E+12,1,9,0,3,0,1,0,0,0,0,2,1,1,1,31,6,1248,2,4,9,1,9
2.02E+12,1,9,0,18,0,8,0,0,0,0,4,1,1,1,18,4,998,1,3,9,1,9
2.02E+12,1,3,0,5,0,1,0,0,0,0,3,1,2,2,40,7,124,1,29,2,1,2
2.02E+12,1,9,0,9,0,8,0,0,0,0,1,1,6,2,45,7,1984,1,9,8,1,8
2.02E+12,2,9,0,18,0,8,0,0,0,0,4,1,6,2,85,11,1242,1,7,5,1,5
2.02E+12,2,9,0,4,0,1,0,0,0,0,2,1,6,1,60,9,1598,2,5,7,1,7
2.02E+12,3,9,0,18,0,1,0,0,0,0,2,1,2,1,52,8,1998,1,12,3,1,3
2.02E+12,4,9,0,4,0,1,0,0,0,0,2,1,6,2,58,9,1248,2,11,9,1,9
2.02E+12,1,9,0,9,0,8,0,0,0,0,1,1,2,1,23,5,2295,1,16,5,1,5
2.02E+12,1,9,0,7,0,8,0,0,0,0,3,1,2,2,42,7,599,1,15,5,1,5
2.02E+12,1,9,0,1,0,2,0,0,0,0,2,1,3,3,33,6,1461,2,6,9,1,9
2.02E+12,1,5,0,3,0,1,0,0,0,0,1,1,6,1,50,8,998,1,8,8,2,8
2.02E+12,1,9,0,4,0,1,0,0,0,0,2,1,6,2,62,9,998,1,9,8,1,8
2.02E+12,1,9,0,9,0,8,0,0,0,0,1,1,6,1,25,5,1595,1,2,6,1,6
2.02E+12,1,9,0,18,0,8,0,0,0,0,2,1,6,2,24,5,999,1,15,10,1,10
2.02E+12,1,5,0,5,0,8,0,0,0,0,1,1,2,1,60,9,865,1,12,6,1,6
2.02E+12,2,9,0,5,0,8,0,0,0,0,2,1,6,2,45,7,1984,1,11,8,1,8
2.02E+12,1,9,0,18,0,8,1,0,0,0,1,1,6,1,23,5,2765,2,27,8,1,8
2.02E+12,2,9,0,9,0,8,0,0,0,0,1,1,6,1,61,9,1399,1,1,2,1,2
2.02E+12,1,5,0,12,0,8,1,0,0,0,2,1,6,2,43,7,599,1,9,9,1,9
2.02E+12,1,19,0,3,0,1,0,0,0,0,2,1,6,2,40,7,1598,2,3,9,1,9
2.02E+12,1,9,0,9,0,8,0,0,0,0,3,1,6,1,47,8,1995,2,6,2,1,2
2.02E+12,2,5,0,4,0,8,1,0,0,0,4,1,6,1,57,9,744,1,11,4,1,4
2.02E+12,1,9,0,18,0,8,0,0,1,7,1,1,6,1,28,6,1598,2,3,9,1,9
2.02E+12,3,9,0,18,0,8,0,0,0,0,3,1,6,1,22,5,1364,1,8,3,1,3
2.02E+12,1,9,0,9,0,8,0,0,0,0,4,1,6,1,62,9,1396,1,16,7,1,7
2.02E+12,2,4,0,18,0,8,0,0,0,0,1,1,6,1,61,9,499,1,21,10,1,10
2.02E+12,1,9,0,6,0,8,0,0,7,0,3,1,1,1,45,7,1598,2,3,3,1,3
2.02E+12,2,9,0,18,0,8,0,0,0,0,1,1,6,1,29,6,1968,2,11,6,1,6
2.02E+12,1,9,0,9,0,8,0,0,0,0,1,1,6,1,55,8,1999,1,16,6,1,6
2.02E+12,1,9,0,16,0,2,0,0,0,0,1,1,6,1,21,5,1199,1,13,5,3,5
2.02E+12,2,9,0,3,0,2,0,0,0,0,3,1,6,1,24,5,1781,1,14,5,1,5
2.02E+12,3,9,0,17,0,1,0,0,0,0,1,1,6,1,79,11,1149,1,9,7,3,7
2.02E+12,1,9,0,17,0,8,1,0,0,0,1,1,2,2,25,5,1598,1,14,8,1,8
2.02E+12,1,5,0,18,0,8,1,0,0,0,1,1,6,1,38,7,988,1,13,8,1,8
2.02E+12,2,9,0,9,0,8,0,0,0,0,4,1,6,1,76,11,2000,2,6,5,1,5
2.02E+12,1,9,0,7,0,2,1,10,7,11,1,1,6,1,26,6,1596,1,3,10,1,10
2.02E+12,1,9,0,9,0,8,0,0,0,0,1,1,6,1,78,11,1242,1,7,5,1,5
2.02E+12,2,9,0,18,0,8,0,0,0,0,1,1,6,2,58,9,1124,1,12,9,3,9
2.02E+12,1,9,0,18,0,8,0,0,0,0,1,1,6,1,51,8,1598,2,1,7,1,7
2.02E+12,1,9,0,18,0,2,0,0,0,0,1,1,6,2,56,9,3996,1,16,6,1,6
2.02E+12,1,9,0,9,0,1,0,0,0,0,1,1,6,2,67,10,1598,2,4,9,2,9
2.02E+12,2,9,0,18,0,1,0,0,0,0,4,1,2,1,36,7,2993,2,5,3,1,3
2.02E+12,1,9,0,9,0,8,0,0,0,0,4,1,6,1,29,6,1229,1,9,4,1,4
2.02E+12,2,9,0,18,0,8,0,0,0,0,1,1,6,2,35,6,1560,2,9,8,1,8
2.02E+12,1,9,0,18,0,1,1,0,1,3,1,1,6,1,19,4,1590,1,13,3,1,3
2.02E+12,1,9,0,9,0,8,0,0,0,0,3,1,6,2,36,7,1968,2,10,2,1,2
2.02E+12,1,8,0,7,0,8,0,0,0,0,4,1,1,1,36,7,1598,2,6,5,1,5
2.02E+12,2,19,0,3,0,1,0,0,0,0,2,1,1,1,55,8,2402,2,7,9,1,9
2.02E+12,3,19,0,18,0,1,0,0,0,0,1,1,1,1,52,8,1598,2,3,6,1,6
2.02E+12,1,19,0,18,0,1,0,0,0,0,4,1,6,1,57,9,2198,2,5,2,1,2
2.02E+12,1,9,0,8,0,8,0,0,0,0,1,1,6,1,21,5,1199,1,14,5,1,5
2.02E+12,2,9,0,7,0,8,0,0,0,0,1,1,6,2,27,6,1796,1,9,5,1,5
2.02E+12,3,19,0,7,0,8,0,0,0,0,1,1,6,1,25,5,1560,2,1,2,1,2
2.02E+12,2,5,0,18,0,1,0,0,0,0,2,1,6,1,40,7,847,1,1,10,1,10
2.02E+12,3,5,0,18,0,1,0,0,1,0,1,1,6,1,50,8,898,1,3,5,1,5
2.02E+12,1,9,0,4,0,1,0,0,0,0,2,1,6,1,27,6,2496,1,10,2,1,2
2.02E+12,1,3,0,18,0,1,0,0,0,0,4,1,6,1,33,6,124,1,12,4,1,4
2.02E+12,1,5,0,18,0,2,0,0,0,0,0,1,2,1,22,5,645,1,4,9,1,9
2.02E+12,1,5,0,18,0,8,0,0,7,11,1,1,6,1,66,10,689,1,1,2,1,2
2.02E+12,1,9,0,4,0,1,0,0,0,0,2,1,6,1,39,7,1968,2,10,6,1,6
2.02E+12,1,9,0,4,0,1,0,0,0,0,3,1,6,2,21,5,1242,1,13,2,1,2
2.02E+12,1,5,0,18,0,8,0,0,0,0,1,1,6,1,27,6,600,1,2,5,1,5
2.02E+12,2,9,0,9,0,8,0,0,0,0,1,1,6,1,55,8,1248,2,4,7,1,7
2.02E+12,1,3,0,10,0,1,0,0,0,0,2,1,2,1,42,7,125,1,3,2,1,2
2.02E+12,2,9,0,5,0,1,0,0,0,0,1,1,2,1,62,9,1968,2,5,3,1,3
2.02E+12,2,9,0,18,0,8,0,0,0,0,3,1,6,1,28,6,1364,1,10,9,1,9
2.02E+12,1,5,0,18,0,7,1,0,0,0,3,1,2,1,54,8,1298,1,11,7,1,7
2.02E+12,1,9,0,5,0,8,0,0,0,0,1,1,6,1,25,5,1598,1,4,4,1,4
2.02E+12,1,3,0,17,0,3,0,0,0,0,1,1,6,1,33,6,124,1,4,10,3,10
2.02E+12,1,9,0,10,0,8,0,0,0,0,1,1,2,1,24,5,1390,1,4,7,1,7
2.02E+12,2,3,0,18,0,1,0,0,0,0,1,1,6,1,45,7,125,1,2,7,3,7
2.02E+12,2,9,0,18,0,8,0,0,0,0,1,1,6,2,27,6,1598,1,3,9,1,9
2.02E+12,3,19,0,18,0,8,0,0,0,0,4,1,1,1,49,8,2402,2,10,3,1,3
2.02E+12,1,9,0,18,0,8,0,0,0,0,0,1,6,1,52,8,4921,2,12,7,3,7
2.02E+12,1,9,0,18,0,1,0,0,0,0,4,1,2,1,49,8,1560,2,6,8,1,8
2.02E+12,2,5,0,18,0,8,0,0,0,0,1,1,6,1,78,11,748,1,28,9,3,9
2.02E+12,2,9,0,4,0,1,0,0,0,0,2,1,6,2,37,7,1398,1,4,5,1,5
2.02E+12,3,9,0,4,0,1,0,0,0,0,2,1,6,1,40,7,1956,2,6,8,1,8
2.02E+12,1,9,0,3,0,1,0,0,0,0,2,1,6,2,73,10,1596,1,13,7,1,7
2.02E+12,2,9,0,5,0,1,0,0,0,0,1,1,6,1,28,6,1799,1,9,2,1,2
2.02E+12,1,9,0,9,0,8,0,0,0,0,3,1,6,1,33,6,1198,1,6,8,1,8
2.02E+12,2,9,0,18,0,8,0,0,0,0,1,1,6,1,76,11,1461,2,13,9,1,9
2.02E+12,1,9,0,9,0,8,0,0,0,0,1,1,6,1,57,9,1996,1,24,6,1,6
2.02E+12,1,9,0,9,0,8,0,0,0,0,1,1,2,1,26,6,1988,1,15,5,1,5
2.02E+12,1,3,0,18,0,8,1,0,0,0,0,1,2,1,29,6,124,1,4,3,1,3
2.02E+12,2,9,0,18,0,8,0,0,0,0,1,1,6,1,26,6,2685,2,15,9,1,9
2.02E+12,1,9,0,18,0,8,0,0,0,0,1,1,3,1,18,4,1951,2,13,6,3,6
2.02E+12,2,9,0,10,0,8,0,0,0,0,2,1,6,2,43,7,1600,2,6,4,1,4
2.02E+12,1,9,0,9,0,8,0,0,0,0,1,1,6,1,39,7,2616,1,12,3,1,3
2.02E+12,2,9,0,18,0,8,0,0,1,1,1,1,6,1,28,6,1995,2,9,10,1,10
2.02E+12,1,3,0,18,0,8,1,10,0,0,1,1,2,1,25,5,125,1,9,6,1,6
2.02E+12,1,9,0,7,0,8,0,0,0,0,1,1,6,2,32,6,1997,2,7,5,1,5
2.02E+12,1,9,0,3,0,1,0,0,0,0,2,1,6,2,32,6,1242,1,12,2,1,2
2.02E+12,2,19,0,5,0,1,0,0,0,0,1,1,6,1,36,7,1868,2,15,4,1,4
2.02E+12,2,9,0,18,0,1,0,0,0,0,3,1,6,1,74,10,1396,1,7,9,2,9
2.02E+12,1,9,0,3,0,1,0,0,0,0,2,1,6,2,18,4,1299,1,10,10,2,10
2.02E+12,1,9,0,7,0,8,0,0,0,0,1,1,6,2,27,6,1587,1,11,9,1,9
2.02E+12,2,9,0,18,0,8,0,0,0,0,4,1,2,2,34,6,1995,2,13,2,1,2
2.02E+12,1,9,0,18,0,8,0,0,0,0,4,1,2,2,22,5,996,1,6,4,1,4
2.02E+12,2,9,0,7,0,1,0,0,0,0,3,1,6,1,41,7,1896,2,9,9,1,9
2.02E+12,3,9,0,4,0,1,0,0,0,0,1,1,6,2,49,8,1197,1,2,10,1,10
2.02E+12,4,9,0,4,0,1,0,0,0,0,1,1,6,2,26,6,1242,1,9,5,1,5
2.02E+12,1,9,0,18,0,8,0,0,0,0,4,1,6,1,67,10,1560,2,3,1,1,1
2.02E+12,1,9,0,9,0,8,0,0,0,0,1,1,2,1,28,6,1992,2,10,10,1,10
2.02E+12,1,90,0,9,0,8,0,0,0,0,3,1,1,1,31,6,1001,2,1,7,1,7
2.02E+12,2,3,0,18,0,8,0,0,0,0,1,1,6,1,30,6,124,1,1,9,1,9
2.02E+12,1,9,0,17,0,8,0,0,0,0,4,1,6,1,23,5,1781,1,14,5,3,5
2.02E+12,2,9,0,9,0,8,0,0,0,0,1,1,6,2,33,6,1968,2,2,3,1,3
2.02E+12,1,9,0,9,0,8,0,0,0,0,1,1,6,1,73,10,3596,1,11,9,3,9
2.02E+12,2,5,0,18,0,8,0,0,0,0,1,1,6,1,29,6,999,1,7,6,1,6
2.02E+12,3,5,0,18,0,8,0,0,0,0,1,1,6,1,38,7,599,1,9,8,1,8
2.02E+12,1,9,0,3,0,1,0,0,0,0,2,1,6,2,44,7,1598,2,3,10,1,10
2.02E+12,1,9,0,5,0,8,0,0,0,0,3,1,6,1,48,8,1896,2,15,10,1,10
2.02E+12,2,9,0,18,0,1,0,0,0,0,1,1,6,2,26,6,1398,1,15,1,1,1
2.02E+12,1,9,0,9,0,8,0,0,0,0,4,1,6,1,26,6,2993,2,11,10,1,10
2.02E+12,2,3,0,18,0,8,0,0,0,0,1,1,6,1,19,4,124,1,6,7,1,7
2.02E+12,1,9,0,9,0,8,0,0,0,0,2,1,6,1,47,8,3199,1,13,3,1,3
2.02E+12,2,9,0,18,0,1,0,0,0,0,1,1,6,1,64,9,2000,1,74,8,1,8
2.02E+12,2,9,0,9,0,1,0,0,0,0,4,1,6,2,23,5,1229,1,7,7,1,7
2.02E+12,1,9,0,5,0,8,0,0,0,0,1,1,6,2,40,7,998,1,4,4,1,4
2.02E+12,2,9,0,18,0,8,0,0,0,0,1,1,6,1,28,6,1198,1,2,7,1,7
2.02E+12,1,9,0,4,0,2,0,0,0,0,4,1,6,2,27,6,1995,1,7,9,1,9
2.02E+12,1,11,0,4,0,1,0,0,0,0,0,1,1,1,25,5,9000,2,8,7,1,7
2.02E+12,1,9,0,9,0,8,0,0,0,0,3,1,6,1,75,10,1997,1,9,10,3,10
2.02E+12,2,5,0,18,0,8,0,0,0,0,1,1,6,1,27,6,847,1,2,10,1,10
2.02E+12,1,9,0,9,0,8,0,0,0,0,4,1,1,1,25,5,1997,2,8,2,1,2
2.02E+12,1,8,0,9,0,8,0,0,0,0,1,1,1,1,59,9,1896,2,7,10,1,10
2.02E+12,1,9,0,17,0,2,1,10,0,0,1,1,6,1,23,5,1800,1,17,10,1,10
2.02E+12,1,9,0,9,0,8,0,0,0,0,0,1,6,2,48,8,2495,2,30,6,1,6
2.02E+12,2,9,0,18,0,8,0,10,7,10,3,1,1,1,36,7,1461,2,3,6,1,6
2.02E+12,2,9,0,17,0,8,0,0,0,0,4,1,6,2,25,5,1149,1,9,10,1,10
2.02E+12,1,5,0,18,0,8,0,0,0,0,4,1,2,1,31,6,649,1,8,4,1,4
2.02E+12,1,9,0,18,0,2,5,4,0,0,1,1,6,1,19,4,1242,1,17,3,1,3
2.02E+12,2,9,0,2,0,2,0,0,0,0,2,1,6,1,38,7,1591,1,1,1,1,1
2.02E+12,1,5,0,18,0,8,0,0,0,0,4,1,6,1,58,9,1200,1,9,4,1,4
2.02E+12,1,3,0,17,0,8,0,0,0,0,0,1,2,1,20,4,125,1,1,4,1,4
2.02E+12,1,9,0,17,0,8,5,0,1,11,3,1,6,1,36,7,2324,1,16,6,1,6
2.02E+12,1,9,0,3,0,1,0,0,0,0,2,1,6,1,24,5,1390,1,3,6,1,6
2.02E+12,2,9,0,3,0,1,0,0,0,0,2,1,2,2,33,6,1794,1,15,2,1,2
2.02E+12,3,9,0,3,0,1,0,0,0,0,2,1,6,2,23,5,1596,1,1,5,1,5
2.02E+12,1,5,0,16,0,2,0,10,7,2,3,1,6,1,30,6,599,1,7,6,1,6
2.02E+12,1,9,0,9,0,8,0,0,0,0,1,1,3,2,32,6,1998,2,12,1,1,1
2.02E+12,1,9,0,2,0,1,0,0,0,0,3,1,1,1,51,8,1390,1,8,10,1,10
2.02E+12,1,9,0,18,0,1,0,0,0,2,3,1,6,1,68,10,1598,1,3,2,1,2
2.02E+12,1,11,0,18,2,8,0,0,0,0,1,1,1,1,25,5,4461,2,4,6,1,6
2.02E+12,1,9,0,7,0,8,0,0,0,0,4,1,6,1,44,7,2148,2,12,7,1,7
2.02E+12,1,9,0,18,0,2,0,0,0,0,2,1,6,1,59,9,1794,1,13,5,1,5
2.02E+12,1,9,0,1,0,2,0,0,0,0,0,1,6,1,19,4,998,1,1,1,1,1
2.02E+12,2,9,0,18,0,1,2,0,5,6,1,1,6,1,24,5,1598,1,11,1,1,1
2.02E+12,1,9,0,18,0,1,0,0,0,0,3,1,6,2,55,8,1896,2,11,9,2,9
2.02E+12,2,3,0,18,0,1,0,0,0,0,1,1,1,2,60,9,125,1,5,9,1,9
2.02E+12,2,9,0,5,0,8,0,0,0,0,1,1,6,2,21,5,1149,1,5,3,1,3
2.02E+12,1,5,0,18,0,1,1,10,0,0,1,1,6,1,68,10,592,1,27,4,1,4
2.02E+12,1,9,0,18,0,8,0,0,0,0,1,1,6,2,32,6,2000,1,15,4,1,4
2.02E+12,2,9,0,9,0,8,0,0,0,0,3,1,2,2,48,8,1422,2,8,6,3,6
2.02E+12,1,9,0,9,0,8,0,0,0,0,1,1,6,1,45,7,1794,1,14,10,1,10
2.02E+12,1,9,0,9,0,8,0,0,0,0,3,1,2,1,47,8,1995,2,3,1,1,1
2.02E+12,1,19,0,4,0,1,0,0,0,0,1,1,2,1,30,6,2143,2,2,9,1,9
2.02E+12,1,9,0,4,0,1,0,0,0,0,2,1,6,1,77,11,1997,1,11,4,1,4
2.02E+12,2,9,0,4,0,1,0,0,0,0,1,1,6,2,46,8,1596,1,16,7,2,7
2.02E+12,1,3,0,18,0,8,0,0,0,0,1,1,2,2,45,7,124,1,5,8,3,8
2.02E+12,2,9,0,9,0,8,0,0,0,0,1,1,6,2,35,6,1248,1,1,3,1,3
2.02E+12,1,9,0,18,0,8,0,0,0,0,1,1,6,1,76,11,1197,1,3,4,1,4
2.02E+12,2,9,0,18,0,8,0,0,0,0,3,1,6,2,38,7,2143,2,6,4,1,4
2.02E+12,1,19,0,18,0,8,0,0,0,0,3,1,2,1,26,6,1560,2,3,9,1,9
2.02E+12,1,9,0,18,0,1,0,0,0,0,1,1,6,1,24,5,1686,2,12,1,1,1
2.02E+12,1,9,0,10,0,1,0,0,0,0,2,1,1,2,53,8,998,1,1,4,1,4
2.02E+12,2,9,0,18,0,1,0,0,0,0,1,1,6,2,49,8,998,1,1,10,3,10
2.02E+12,1,9,0,7,0,8,0,0,0,0,3,1,6,2,58,9,1398,1,1,5,1,5
2.02E+12,1,9,0,18,0,8,0,0,0,0,4,1,6,2,84,11,1388,1,12,10,2,10
2.02E+12,2,9,0,5,0,8,0,0,0,0,1,1,6,1,90,11,1240,1,12,4,1,4
2.02E+12,1,5,0,17,0,8,1,0,0,0,1,1,2,1,49,8,885,1,21,10,1,10