Accident_Index,Vehicle_Reference,Vehicle_Type,Towing_and_Articulation,Vehicle_Manoeuvre,Vehicle_Location-Restricted_Lane,Junction_Location,Skidding_and_Overturning,Hit_Object_in_Carriageway,Vehicle_Leaving_Carriageway,Hit_Object_off_Carriageway,1st_Point_of_Impact,Was_Vehicle_Left_Hand_Drive?,Journey_Purpose_of_Driver,Sex_of_Driver,Age_of_Driver,Age_Band_of_Driver,Engine_Capacity_(CC),Propulsion_Code,Age_of_Vehicle,Driver_IMD_Decile,Driver_Home_Area_Type,Vehicle_IMD_Decile
2.02E+12,2,9,0,17,0,8,0,0,0,0,2,1,2,1,42,7,2184,2,13,10,1,10
2.02E+12,1,9,0,7,0,8,0,0,0,0,3,1,6,2,68,10,998,1,3,5,1,5
2.02E+12,1,9,0,18,0,1,0,0,0,0,1,1,6,2,39,7,4966,1,17,10,1,10
2.02E+12,2,9,0,4,0,1,0,0,0,0,2,1,6,2,29,6,1896,2,11,4,1,4
2.02E+12,3,9,0,4,0,1,0,0,0,0,2,1,6,1,39,7,1598,1,4,3,1,3
2.02E+12,4,9,0,4,0,1,0,0,0,0,2,1,6,1,62,9,2204,2,11,2,1,2
2.02E+12,1,9,0,9,0,2,0,0,0,0,1,1,6,2,53,8,1796,1,10,6,1,6
2.02E+12,1,9,0,18,0,8,1,0,7,10,4,1,6,2,24,5,1242,1,3,4,1,4
2.02E+12,1,9,0,16,0,2,0,0,0,0,3,1,6,2,39,7,999,1,8,8,1,8
2.02E+12,1,9,0,3,0,2,0,0,0,0,2,1,6,1,40,7,1998,1,15,6,1,6
2.02E+12,1,9,0,7,0,8,0,0,0,0,4,1,6,2,24,5,2987,2,7,8,1,8
2.02E+12,1,19,0,17,0,8,0,0,0,0,1,1,6,1,62,9,1598,2,9,7,1,7
2.02E+12,2,2,0,9,0,8,0,0,0,0,1,1,6,1,16,4,49,1,17,5,3,5
2.02E+12,1,9,0,18,0,1,1,0,0,0,1,1,6,1,65,9,1753,2,8,3,1,3
2.02E+12,2,9,0,4,0,1,0,0,0,0,2,1,6,1,55,8,1995,2,13,6,1,6
2.02E+12,1,9,0,3,0,1,0,0,0,0,2,1,6,1,37,7,1997,2,8,9,3,9
2.02E+12,1,9,0,9,0,2,0,4,7,11,1,1,6,1,74,10,1198,1,11,5,1,5
2.02E+12,1,9,0,5,5,8,0,0,0,0,1,1,6,1,50,8,1997,2,3,9,2,9
2.02E+12,1,9,0,18,0,2,0,4,0,0,1,1,6,2,76,11,1461,2,3,6,3,6
2.02E+12,1,9,0,18,0,1,0,0,0,0,1,1,6,1,25,5,1753,2,11,4,1,4
2.02E+12,1,9,0,16,0,1,1,11,1,11,1,1,1,2,19,4,1390,1,16,10,1,10
2.02E+12,2,9,0,2,0,2,0,0,0,0,2,1,6,2,50,8,1248,2,2,2,1,2
2.02E+12,1,9,0,3,0,8,0,0,0,0,2,1,6,1,31,6,2993,2,2,9,1,9
2.02E+12,1,19,0,16,0,1,5,0,0,0,1,1,2,1,24,5,1995,2,1,7,1,7
2.02E+12,2,9,0,17,0,2,0,0,1,9,1,1,2,2,44,7,1598,1,15,10,1,10
2.02E+12,1,9,0,3,0,8,0,0,0,0,2,1,6,2,44,7,1956,2,3,4,1,4
2.02E+12,2,9,0,4,0,8,0,0,0,0,1,1,2,1,42,7,1598,1,4,7,1,7
2.02E+12,1,9,0,18,0,1,0,0,0,0,1,1,6,1,29,6,1364,1,10,2,1,2
2.02E+12,2,9,0,3,0,1,0,0,0,0,2,1,6,1,26,6,1598,2,1,3,1,3
2.02E+12,2,19,0,4,0,8,0,0,0,0,2,1,1,1,59,9,2477,2,12,6,1,6
2.02E+12,3,9,0,4,0,8,0,0,0,0,1,1,1,2,50,8,1598,1,2,10,1,10
2.02E+12,4,19,0,4,0,8,0,0,0,0,2,1,1,1,63,9,1996,2,3,7,1,7
2.02E+12,1,9,0,9,0,8,0,0,0,0,1,1,6,2,73,10,1339,1,6,10,1,10
2.02E+12,2,9,0,9,0,8,0,0,0,0,3,1,6,2,72,10,1870,2,14,5,1,5
2.02E+12,1,9,0,3,0,1,0,0,0,0,2,1,6,2,36,7,1560,2,10,6,1,6
2.02E+12,1,9,0,9,0,8,0,0,0,0,1,1,6,1,66,10,1998,1,14,9,3,9
2.02E+12,2,9,0,18,0,8,0,0,0,0,1,1,6,1,49,8,1995,2,5,10,1,10
2.02E+12,1,2,0,5,0,1,0,0,0,0,2,1,2,2,45,7,49,1,3,3,1,3
2.02E+12,2,9,0,5,0,1,0,0,0,0,1,1,2,1,35,6,1598,1,13,3,1,3
2.02E+12,1,9,0,9,0,8,0,0,0,0,1,1,6,2,34,6,1149,1,17,10,3,10
2.02E+12,1,5,0,18,0,8,1,0,0,0,0,1,2,1,28,6,599,1,19,10,2,10
2.02E+12,1,5,0,9,0,8,1,0,0,0,3,1,6,1,48,8,599,1,13,10,1,10
2.02E+12,1,9,0,17,0,8,0,0,0,0,2,1,3,1,35,6,998,1,14,7,1,7
2.02E+12,2,9,0,5,0,8,0,0,0,0,0,1,6,1,61,9,1560,2,8,4,2,4
2.02E+12,1,9,0,4,0,8,0,0,7,11,1,1,6,1,90,11,1598,1,15,9,1,9
2.02E+12,2,9,0,18,0,8,0,0,0,0,4,1,6,1,42,7,998,1,5,10,1,10
2.02E+12,1,8,0,18,0,8,0,0,7,9,1,1,1,1,61,9,1968,2,5,1,1,1
2.02E+12,2,9,0,18,0,8,0,0,0,0,3,1,6,2,28,6,1497,2,1,9,2,9
2.02E+12,1,9,0,9,0,8,0,0,0,0,3,1,6,1,20,4,1328,1,9,9,1,9
2.02E+12,2,9,0,18,0,8,0,0,0,0,3,1,6,1,67,10,1598,1,4,9,1,9
2.02E+12,2,19,0,7,0,8,0,0,0,0,1,1,2,1,26,6,1560,2,1,9,1,9
2.02E+12,1,9,0,18,0,8,0,0,0,0,4,1,4,2,26,6,1364,1,10,2,1,2
2.02E+12,2,9,0,9,0,8,0,0,0,0,0,1,6,2,31,6,1560,2,8,5,1,5
2.02E+12,1,9,0,16,0,8,0,0,0,0,1,1,6,1,23,5,1242,1,15,1,1,1
2.02E+12,1,3,0,4,0,3,1,0,0,0,0,1,6,1,42,7,124,1,19,1,1,1
2.02E+12,1,9,0,9,0,8,0,0,0,0,1,1,2,2,31,6,1229,1,4,9,1,9
2.02E+12,1,9,0,4,0,2,0,0,0,0,1,1,6,1,44,7,1598,2,1,7,3,7
2.02E+12,2,9,0,4,0,2,0,0,0,0,2,1,6,1,43,7,1995,2,1,4,1,4
2.02E+12,3,9,0,4,0,2,0,0,0,0,2,1,6,1,62,9,1390,1,13,7,1,7
2.02E+12,4,9,0,4,0,2,0,0,0,0,2,1,6,1,44,7,1896,2,14,1,1,1
2.02E+12,1,9,0,7,0,8,0,0,0,0,1,1,6,2,21,5,1968,2,4,3,1,3
2.02E+12,1,3,0,18,0,8,0,0,0,0,1,1,6,1,29,6,125,1,3,8,1,8
2.02E+12,2,9,0,4,0,8,0,0,0,0,2,1,1,1,61,9,1995,2,1,9,1,9
2.02E+12,2,19,0,10,0,8,0,0,0,0,2,1,1,1,30,6,1598,2,2,10,1,10
2.02E+12,1,9,0,3,0,1,0,0,0,0,2,1,3,2,35,6,2993,2,1,7,2,7
2.02E+12,2,4,0,18,0,8,0,0,0,0,1,1,2,1,70,10,395,1,39,10,1,10
2.02E+12,1,9,0,9,0,8,0,0,0,0,3,1,2,1,32,6,1968,2,1,7,2,7
2.02E+12,1,2,0,18,0,2,0,0,0,0,1,1,6,1,16,4,49,1,8,7,1,7
2.02E+12,1,9,0,9,0,8,0,0,0,0,4,1,6,2,22,5,998,1,7,8,3,8
2.02E+12,2,9,0,18,0,1,0,0,0,0,3,1,6,2,49,8,1910,2,11,6,3,6
2.02E+12,1,20,0,5,0,8,0,0,0,0,3,1,1,1,34,6,2998,2,2,6,1,6
2.02E+12,2,9,0,18,0,1,0,0,0,0,4,1,6,2,38,7,1388,1,4,8,3,8
2.02E+12,2,9,0,18,0,8,0,0,0,0,3,1,2,1,46,8,1461,2,3,10,1,10
2.02E+12,1,9,0,5,0,8,0,0,0,0,3,1,1,1,28,6,1968,2,6,2,1,2
2.02E+12,2,5,0,18,0,8,0,0,0,0,1,1,6,1,28,6,660,1,8,6,1,6
2.02E+12,2,9,0,18,0,1,0,0,0,0,3,1,6,1,23,5,1198,1,12,2,1,2
2.02E+12,3,19,0,18,0,1,0,0,0,0,4,1,6,1,55,8,2148,2,7,9,1,9
2.02E+12,1,9,0,18,0,8,0,0,0,0,3,1,2,2,52,8,1995,1,11,7,1,7
2.02E+12,2,9,0,18,0,8,0,0,0,0,1,1,2,2,56,9,998,1,2,5,2,5
2.02E+12,4,9,0,18,0,8,0,0,0,0,3,1,2,1,77,11,2967,1,14,4,1,4
2.02E+12,1,9,0,5,0,8,0,0,0,0,4,1,3,2,42,7,1998,8,2,10,1,10
2.02E+12,2,9,0,18,0,8,0,0,0,0,1,1,3,1,49,8,2000,1,12,10,1,10
2.02E+12,1,9,0,7,0,8,0,0,0,0,1,1,6,2,66,10,998,1,9,10,1,10
2.02E+12,1,11,0,18,0,8,0,0,0,0,4,1,6,1,21,5,9000,2,5,3,1,3
2.02E+12,2,5,0,18,0,8,0,0,0,0,3,1,6,2,21,5,471,1,1,4,1,4
2.02E+12,1,19,0,10,0,1,0,0,0,0,2,1,1,1,37,7,1598,2,2,9,1,9
2.02E+12,2,9,0,4,0,1,0,0,0,0,2,1,6,2,47,8,1598,2,1,9,3,9
2.02E+12,3,19,0,18,0,1,0,0,0,0,1,1,1,1,27,6,2143,2,6,10,1,10
2.02E+12,1,9,0,4,0,4,0,0,0,0,1,1,6,2,25,5,1596,1,10,8,1,8
2.02E+12,2,9,0,18,0,4,0,0,0,0,2,1,6,2,19,4,1364,2,9,9,3,9
2.02E+12,3,9,0,16,0,8,0,0,0,0,1,1,6,1,21,5,1799,1,11,2,1,2
2.02E+12,1,9,0,18,0,1,0,0,0,0,2,1,6,1,31,6,1248,2,8,3,1,3
2.02E+12,3,9,0,18,0,1,0,0,0,0,2,1,6,2,31,6,1749,1,15,6,1,6
2.02E+12,4,9,0,18,0,1,0,0,0,0,1,1,6,1,29,6,1749,1,15,9,1,9
2.02E+12,5,9,0,18,0,1,0,0,0,0,3,1,6,2,62,9,1968,2,4,4,1,4
2.02E+12,6,9,0,18,0,1,0,0,0,0,1,1,6,1,60,9,1999,1,9,5,1,5
2.02E+12,1,9,0,18,0,8,0,0,0,0,3,1,6,2,49,8,1199,2,5,10,3,10
2.02E+12,1,9,0,18,0,1,0,4,0,0,1,1,6,1,64,9,1461,2,3,3,1,3
2.02E+12,1,5,0,17,0,1,1,0,1,1,4,1,6,1,39,7,599,1,10,2,1,2
2.02E+12,1,5,0,18,0,8,0,0,0,0,3,1,6,1,20,4,645,1,11,4,1,4
2.02E+12,2,9,0,18,0,8,0,0,0,0,3,1,6,1,43,7,1598,1,11,3,1,3
2.02E+12,2,9,0,18,0,8,0,0,0,0,4,1,6,2,28,6,1595,1,1,4,1,4
2.02E+12,1,9,0,18,0,8,5,8,0,0,1,1,6,1,46,8,1984,1,8,4,1,4
2.02E+12,2,9,0,18,0,2,0,0,0,0,1,1,6,1,77,11,1248,1,3,6,1,6
2.02E+12,3,3,0,18,0,1,0,0,0,0,1,1,6,1,18,4,125,1,1,4,1,4
2.02E+12,1,9,0,9,0,8,0,0,0,0,2,1,6,1,47,8,2199,2,8,5,3,5
2.02E+12,2,9,0,18,0,8,0,0,0,0,1,1,6,1,19,4,1360,1,13,4,1,4
2.02E+12,1,9,0,12,0,8,0,0,1,0,4,1,6,1,85,11,1124,1,17,9,2,9
2.02E+12,2,9,0,18,0,8,0,0,0,0,3,1,6,1,28,6,1910,2,12,6,1,6
2.02E+12,1,9,0,5,0,8,0,0,0,0,1,1,1,1,38,7,1796,1,3,4,1,4
2.02E+12,1,9,0,9,0,8,5,0,0,0,2,1,6,1,67,10,2200,1,74,7,2,7
2.02E+12,2,9,0,18,0,8,0,0,0,0,1,1,6,1,91,11,1199,1,16,3,1,3
2.02E+12,1,9,0,9,0,8,0,0,0,1,3,1,6,2,90,11,1198,1,15,10,1,10
2.02E+12,1,9,0,18,0,8,0,0,0,0,1,1,2,1,35,6,1299,1,15,10,1,10
2.02E+12,2,9,0,5,0,8,0,0,0,0,1,1,6,2,43,7,1995,2,7,6,1,6
2.02E+12,1,9,0,18,0,1,0,0,0,0,1,1,6,2,83,11,1240,1,9,10,1,10
2.02E+12,1,9,0,9,0,8,0,0,0,0,1,1,2,1,86,11,1323,1,14,3,1,3
2.02E+12,2,5,0,18,0,8,0,0,0,0,3,1,2,1,41,7,1002,1,17,3,1,3
2.02E+12,1,9,0,8,0,8,0,0,0,0,1,1,6,1,18,4,1248,2,9,6,3,6
2.02E+12,2,9,0,8,0,1,0,0,0,0,2,1,6,2,58,9,1299,1,10,8,1,8
2.02E+12,1,9,0,18,0,8,0,0,0,0,4,1,6,1,42,7,1798,1,10,10,1,10
2.02E+12,2,9,0,18,0,8,0,0,0,0,1,1,1,1,50,8,1560,2,2,5,1,5
2.02E+12,1,9,0,5,0,8,0,0,0,0,3,1,1,2,34,6,1497,8,10,3,1,3
2.02E+12,2,9,0,18,0,8,0,0,0,0,1,1,6,1,35,6,1969,2,2,10,2,10
2.02E+12,1,5,0,16,0,8,0,0,0,0,1,1,6,1,55,8,955,1,20,8,3,8
2.02E+12,1,9,0,9,0,8,0,0,0,0,1,1,6,2,37,7,1796,1,10,3,1,3
2.02E+12,1,9,0,9,0,8,0,0,0,0,3,1,6,1,50,8,1995,2,8,4,1,4
2.02E+12,2,9,0,17,0,8,0,0,0,0,1,1,6,1,74,10,1995,2,1,8,3,8
2.02E+12,1,9,0,9,0,8,0,0,0,0,3,1,6,1,71,10,998,1,3,10,1,10
2.02E+12,2,5,0,13,0,8,0,0,0,0,1,1,6,1,24,5,1690,1,1,5,1,5
2.02E+12,2,9,0,18,0,8,0,0,0,0,3,1,1,2,29,6,1560,2,7,2,1,2
2.02E+12,1,9,0,5,0,8,0,0,0,0,4,1,2,1,19,4,998,1,2,1,1,1
2.02E+12,2,3,0,18,0,8,0,0,0,0,4,1,6,1,31,6,124,1,1,4,1,4
2.02E+12,1,9,0,18,0,2,0,0,1,7,1,1,6,1,41,7,1299,1,11,6,1,6
2.02E+12,2,21,0,18,0,2,0,0,0,0,2,1,1,1,44,7,4462,2,4,4,1,4
2.02E+12,1,9,0,18,0,8,0,0,0,0,3,1,6,2,25,5,996,1,2,6,3,6
2.02E+12,1,9,0,4,0,1,0,0,0,0,1,1,2,1,31,6,1595,1,28,8,1,8
2.02E+12,1,9,0,3,0,1,0,0,0,0,2,1,6,1,70,10,1968,2,3,2,1,2
2.02E+12,1,5,0,13,0,8,0,0,0,0,1,1,2,2,25,5,1150,1,7,10,1,10
2.02E+12,2,5,0,18,0,8,1,0,0,0,0,1,6,1,54,8,600,1,13,10,1,10
2.02E+12,1,8,0,5,0,2,0,0,0,0,4,1,1,1,35,6,2231,2,9,4,1,4
2.02E+12,1,9,0,3,0,1,0,0,0,0,2,1,6,2,27,6,1398,2,6,3,1,3
2.02E+12,2,11,0,14,0,1,0,0,0,0,1,1,1,2,46,8,5132,2,2,7,1,7
2.02E+12,1,9,0,18,0,8,0,0,0,0,1,1,6,1,24,5,1796,1,10,2,1,2
2.02E+12,2,9,0,9,0,8,0,0,0,0,3,1,1,2,21,5,999,1,1,4,1,4
2.02E+12,1,9,0,9,0,8,0,0,0,0,3,1,6,2,24,5,1197,1,4,4,1,4
2.02E+12,2,9,0,18,0,8,0,0,0,0,1,1,6,2,20,4,875,1,5,7,1,7
2.02E+12,1,4,0,18,0,2,1,0,0,0,0,1,2,1,22,5,250,1,9,5,1,5
2.02E+12,1,9,0,9,0,8,0,0,0,0,3,1,6,2,50,8,1596,1,6,2,1,2
2.02E+12,2,3,0,9,0,8,0,0,0,0,4,1,6,1,60,9,124,1,16,7,3,7
2.02E+12,1,9,0,9,0,2,5,0,1,11,3,1,2,1,19,4,1800,1,14,9,3,9
2.02E+12,2,19,0,5,0,8,0,0,0,0,3,1,2,1,44,7,1968,2,1,9,1,9
2.02E+12,1,9,0,18,0,8,0,0,0,0,1,1,6,1,29,6,1587,1,19,9,1,9
2.02E+12,2,9,0,9,0,8,0,0,0,0,4,1,6,1,83,11,1587,1,10,5,1,5
2.02E+12,1,9,0,18,0,8,0,0,0,0,1,1,6,2,23,5,1242,1,1,1,1,1
2.02E+12,2,9,0,5,0,8,0,0,0,0,1,1,6,1,27,6,1598,1,11,4,1,4
2.02E+12,1,9,0,17,0,2,0,10,1,0,4,1,6,2,18,4,995,1,10,8,1,8
2.02E+12,1,9,0,5,0,8,0,0,0,0,3,1,2,1,32,6,2198,1,16,4,1,4
2.02E+12,2,2,0,14,0,8,0,0,0,0,1,1,2,1,54,8,49,1,2,6,1,6
2.02E+12,1,9,0,1,0,1,0,0,0,4,2,1,6,1,87,11,1598,1,7,4,1,4
2.02E+12,1,9,0,18,0,8,0,0,0,0,1,1,6,2,29,6,1997,2,9,6,2,6
2.02E+12,2,9,0,4,0,8,0,0,0,0,2,1,6,2,47,8,2143,2,4,9,3,9
2.02E+12,1,9,0,5,0,8,0,0,0,0,1,1,6,1,85,11,2143,2,7,10,1,10
2.02E+12,1,9,0,3,0,1,0,0,0,0,2,1,6,2,38,7,2148,2,11,10,1,10
2.02E+12,2,9,0,3,0,1,0,0,0,0,2,1,6,1,49,8,2179,2,8,9,1,9
2.02E+12,3,9,0,4,0,1,1,0,0,0,1,1,6,2,23,5,1596,1,7,9,1,9
2.02E+12,1,9,0,16,0,8,0,0,0,0,1,1,2,1,43,7,1968,2,2,9,1,9
2.02E+12,2,9,0,10,0,8,0,0,0,0,2,1,2,2,49,8,1328,1,4,10,3,10
2.02E+12,1,9,0,9,0,8,0,0,0,0,1,1,6,2,39,7,1900,2,13,10,1,10
2.02E+12,1,9,0,18,0,2,0,0,0,0,1,1,6,2,23,5,1229,1,5,10,3,10
2.02E+12,1,9,0,13,0,8,0,0,0,0,3,1,2,2,48,8,1560,2,8,10,1,10
2.02E+12,1,9,0,17,0,8,1,10,7,1,1,1,2,1,23,5,1199,1,13,6,1,6
2.02E+12,1,9,0,18,0,8,0,0,0,0,4,1,6,2,72,10,2400,2,1,8,3,8
2.02E+12,2,9,0,18,0,8,0,0,0,0,1,1,2,1,33,6,2495,2,17,8,3,8
2.02E+12,3,9,0,3,0,8,0,0,0,0,3,1,2,1,35,6,1598,1,12,10,1,10
2.02E+12,1,9,0,17,0,1,0,0,7,10,1,1,6,2,21,5,1398,2,15,9,2,9
2.02E+12,2,9,0,10,0,8,0,0,0,0,1,1,6,2,34,6,1242,1,11,2,1,2
2.02E+12,1,9,0,18,0,8,0,0,1,0,1,1,1,1,65,9,1986,2,12,7,1,7
2.02E+12,2,9,0,9,0,8,0,0,0,0,4,1,1,2,32,6,1242,1,12,4,1,4
2.02E+12,2,9,0,5,0,1,0,0,0,0,1,1,6,2,24,5,1968,2,10,8,1,8
2.02E+12,1,9,0,4,0,2,0,0,0,0,2,1,6,2,25,5,1242,1,14,6,1,6
2.02E+12,2,9,0,4,0,2,1,0,0,0,1,1,2,2,18,4,1598,1,7,10,1,10
2.02E+12,1,9,0,5,0,1,0,0,0,0,1,1,6,2,62,9,996,1,8,8,1,8
2.02E+12,2,19,0,4,0,1,0,0,0,0,2,1,6,2,60,9,1896,2,9,4,1,4
2.02E+12,1,9,0,18,0,1,2,12,1,10,0,1,1,2,19,4,1598,1,10,9,1,9
2.02E+12,1,9,0,18,0,8,0,0,0,0,1,1,6,2,83,11,1242,1,9,10,1,10
2.02E+12,2,9,0,18,0,8,0,0,0,0,4,1,6,2,54,8,1364,2,10,10,1,10
2.02E+12,1,9,0,18,0,8,0,0,0,0,4,1,6,2,37,7,1590,1,15,10,1,10
2.02E+12,2,9,0,7,0,8,0,0,0,0,1,1,6,2,45,7,1910,2,8,10,1,10
2.02E+12,1,9,0,7,0,1,0,0,0,0,2,1,6,1,27,6,1242,1,9,6,1,6
2.02E+12,1,3,0,3,0,8,0,0,0,0,4,1,6,1,21,5,120,1,2,3,1,3
2.02E+12,1,9,0,5,0,8,0,0,0,0,3,1,6,2,79,11,1348,1,17,10,1,10
2.02E+12,1,9,0,6,0,8,0,0,0,0,4,1,6,2,19,4,1242,1,9,2,1,2
2.02E+12,3,9,0,18,0,8,0,0,0,0,1,1,2,1,47,8,1995,2,4,5,1,5
2.02E+12,4,9,0,18,0,8,0,0,0,0,4,1,2,1,43,7,1997,2,13,9,1,9
2.02E+12,2,4,0,18,0,8,0,0,0,0,1,1,6,1,27,6,250,1,12,10,1,10
2.02E+12,1,3,0,4,0,1,0,0,0,0,1,1,6,1,18,4,125,1,1,2,1,2
2.02E+12,2,9,0,1,0,2,0,0,0,0,2,1,6,1,45,7,973,1,18,3,1,3
2.02E+12,1,5,0,4,0,8,0,0,0,0,4,1,2,1,20,4,649,1,11,3,1,3
2.02E+12,1,9,0,18,0,2,0,10,7,1,1,1,6,2,54,8,2685,2,13,8,3,8
2.02E+12,1,9,0,18,0,8,0,0,7,10,1,1,6,1,35,6,1197,1,5,7,1,7
2.02E+12,2,9,0,5,0,8,0,0,0,0,0,1,6,1,38,7,1197,1,5,7,2,7
2.02E+12,1,9,0,15,0,1,2,0,1,0,4,1,6,1,22,5,2980,2,22,2,1,2
2.02E+12,2,9,0,18,0,2,0,0,0,0,1,1,1,1,31,6,2993,2,3,4,1,4
2.02E+12,1,9,0,18,0,8,2,0,1,11,1,1,6,2,18,4,998,1,6,8,1,8
2.02E+12,2,9,0,9,0,8,0,0,0,0,0,1,6,1,39,7,998,1,6,4,1,4
2.02E+12,1,9,0,4,0,2,0,0,0,0,3,1,6,2,57,9,1388,1,15,2,1,2
2.02E+12,2,20,0,9,0,2,0,0,0,0,1,1,1,1,25,5,5880,2,6,2,1,2
2.02E+12,2,9,0,18,0,2,0,0,1,7,4,1,6,2,31,6,1198,1,6,5,1,5
2.02E+12,3,9,0,18,0,8,1,0,7,0,1,1,6,2,22,5,1349,1,8,10,1,10
2.02E+12,1,9,0,18,0,8,0,0,0,0,1,1,2,2,52,8,1598,1,8,6,1,6
2.02E+12,2,9,0,9,0,8,0,0,0,0,3,1,2,1,24,5,1998,1,2,10,1,10
2.02E+12,1,9,0,5,0,8,0,0,0,0,1,1,6,1,82,11,898,1,3,4,1,4
2.02E+12,2,9,0,17,0,8,1,0,1,4,4,1,6,1,20,4,1995,2,5,10,1,10
2.02E+12,1,2,0,18,0,2,1,0,7,10,1,1,6,1,26,6,49,1,15,4,1,4
2.02E+12,1,9,0,9,0,8,0,0,0,0,1,1,6,2,43,7,1968,2,12,10,1,10
2.02E+12,1,11,0,18,0,1,0,0,0,0,1,1,1,1,53,8,4461,2,4,4,1,4
2.02E+12,1,3,0,9,0,2,0,0,0,0,4,1,6,1,25,5,125,1,4,2,1,2
2.02E+12,1,5,0,18,0,1,0,0,1,11,1,1,6,1,37,7,599,1,7,2,1,2
2.02E+12,2,9,0,18,0,8,0,0,0,0,2,1,1,2,31,6,1242,1,13,5,1,5
2.02E+12,1,9,0,16,0,8,0,0,0,0,4,1,6,1,50,8,1560,2,7,10,1,10
2.02E+12,1,5,0,13,0,8,1,0,7,0,1,1,6,1,47,8,1050,1,7,10,1,10
2.02E+12,2,9,0,9,0,8,0,0,0,0,3,1,6,1,47,8,1398,1,13,7,3,7
2.02E+12,1,9,0,9,0,8,0,0,0,0,1,1,6,1,70,10,1197,1,1,10,1,10
2.02E+12,2,9,0,18,0,8,0,0,0,0,1,1,6,2,47,8,1598,1,10,8,1,8
2.02E+12,2,9,0,18,0,8,0,0,0,0,1,1,6,2,24,5,1364,1,11,6,1,6
2.02E+12,1,9,0,18,0,8,0,0,0,0,1,1,6,2,25,5,1598,1,11,6,1,6
2.02E+12,2,9,0,9,0,8,0,0,0,0,1,1,6,1,70,10,1798,1,2,8,3,8
2.02E+12,1,9,0,7,0,8,1,0,0,0,1,1,6,2,61,9,1497,8,1,10,1,10
2.02E+12,2,9,0,18,0,8,1,0,1,2,1,1,6,2,50,8,1329,1,4,7,1,7
2.02E+12,1,9,0,18,0,1,0,0,0,0,1,1,6,1,64,9,1798,1,1,4,1,4
2.02E+12,1,3,0,18,0,8,0,0,0,0,1,1,2,1,22,5,125,1,1,5,1,5
2.02E+12,1,9,0,7,0,2,0,0,0,0,1,1,6,1,37,7,1229,1,11,5,1,5
2.02E+12,1,9,0,17,0,8,2,10,1,0,4,1,6,1,17,4,1364,1,8,10,1,10
2.02E+12,1,9,0,18,0,8,0,0,0,0,4,1,6,2,25,5,1461,2,3,4,1,4
2.02E+12,2,9,0,5,0,8,0,0,0,0,1,1,6,2,47,8,1461,2,3,4,1,4
2.02E+12,1,9,0,18,0,2,0,7,0,0,1,1,3,2,37,7,2231,2,5,8,1,8
2.02E+12,1,9,0,5,0,1,0,0,0,0,3,1,6,2,83,11,1229,1,12,5,1,5
2.02E+12,2,9,0,18,0,1,0,0,0,0,1,1,6,2,78,11,1595,1,14,9,1,9
2.02E+12,1,9,0,18,0,4,0,0,0,0,1,1,6,2,43,7,1497,8,2,2,1,2
2.02E+12,2,9,0,4,0,4,0,0,0,0,2,1,1,2,26,6,1969,2,1,1,1,1
2.02E+12,1,3,0,18,0,4,1,0,1,4,1,1,6,1,32,6,124,1,20,6,1,6
2.02E+12,1,9,0,18,0,8,1,10,2,1,1,1,6,2,31,6,1997,2,14,1,1,1
2.02E+12,1,9,0,3,0,4,0,0,0,0,2,1,1,2,27,6,1390,1,7,6,1,6
2.02E+12,1,9,0,9,0,8,0,0,0,0,1,1,6,2,47,8,998,1,2,3,1,3
2.02E+12,2,9,0,16,0,1,0,0,0,0,4,1,6,1,36,7,1598,1,16,3,1,3
2.02E+12,1,3,0,18,0,1,1,0,0,0,0,1,6,1,42,7,125,1,3,8,1,8
2.02E+12,2,9,0,1,0,8,0,0,0,0,2,1,6,1,66,10,1329,1,4,6,1,6
2.02E+12,1,9,0,3,0,1,0,0,0,0,2,1,6,1,21,5,1998,2,12,6,1,6
2.02E+12,2,19,0,18,0,8,0,0,0,0,3,1,1,1,34,6,1598,2,2,7,1,7
2.02E+12,1,19,0,9,0,8,0,0,0,0,4,1,1,1,34,6,1998,2,12,9,1,9
2.02E+12,2,2,0,18,0,1,0,0,0,0,1,1,2,1,16,4,49,1,1,7,3,7
2.02E+12,2,9,0,9,0,1,0,0,0,0,3,1,6,2,24,5,1400,2,10,6,1,6
2.02E+12,1,9,0,9,0,8,0,0,0,0,1,1,6,1,38,7,1968,2,9,9,1,9
2.02E+12,2,9,0,18,0,1,0,0,0,0,1,1,6,2,39,7,1596,1,6,10,1,10
2.02E+12,1,9,0,18,0,8,0,0,0,0,3,1,6,2,20,4,1242,1,9,4,3,4
2.02E+12,2,3,0,13,0,8,0,0,0,0,4,1,6,1,23,5,125,1,2,10,2,10
2.02E+12,1,9,0,18,0,2,0,0,0,0,1,1,6,1,27,6,1598,1,12,7,2,7
2.02E+12,1,9,0,5,0,1,0,0,0,0,2,1,6,1,34,6,1956,2,6,7,1,7
2.02E+12,1,21,1,9,0,8,0,0,0,0,1,1,1,1,38,7,11705,2,7,1,1,1
2.02E+12,1,5,0,3,0,8,0,0,0,0,2,1,2,1,42,7,748,1,6,6,1,6
2.02E+12,1,9,0,9,0,8,0,0,0,0,0,1,3,2,28,6,1796,1,6,3,1,3
2.02E+12,2,3,0,18,0,8,0,0,0,0,0,1,1,1,19,4,124,1,2,6,1,6