Accident_Index,Vehicle_Reference,Vehicle_Type,Towing_and_Articulation,Vehicle_Manoeuvre,Vehicle_Location-Restricted_Lane,Junction_Location,Skidding_and_Overturning,Hit_Object_in_Carriageway,Vehicle_Leaving_Carriageway,Hit_Object_off_Carriageway,1st_Point_of_Impact,Was_Vehicle_Left_Hand_Drive?,Journey_Purpose_of_Driver,Sex_of_Driver,Age_of_Driver,Age_Band_of_Driver,Engine_Capacity_(CC),Propulsion_Code,Age_of_Vehicle,Driver_IMD_Decile,Driver_Home_Area_Type,Vehicle_IMD_Decile
2.02E+12,1,9,0,18,0,1,1,10,7,2,1,1,6,2,94,11,1596,1,10,5,1,5
2.02E+12,2,9,0,18,0,1,0,0,0,0,3,1,6,1,56,9,1329,1,1,8,1,8
2.02E+12,1,9,0,18,0,2,0,0,0,0,1,1,6,1,20,4,999,1,10,7,3,7
2.02E+12,1,19,0,5,0,8,0,0,0,0,3,1,6,1,55,8,1560,2,3,4,1,4
2.02E+12,1,9,0,4,0,1,0,0,0,0,2,1,6,1,70,10,1598,2,1,1,1,1
2.02E+12,1,9,0,9,0,8,0,0,0,0,1,1,6,1,25,5,1999,1,12,7,1,7
2.02E+12,2,9,0,18,0,8,0,0,0,0,3,1,2,2,50,8,1968,2,3,6,1,6
2.02E+12,1,8,0,18,0,2,0,0,0,0,1,1,1,1,28,6,2198,2,2,4,1,4
2.02E+12,1,9,0,18,0,1,1,0,2,7,1,1,6,1,39,7,1596,1,10,3,1,3
2.02E+12,1,9,0,18,0,8,0,0,4,6,3,1,6,1,29,6,2143,2,1,8,1,8
2.02E+12,2,9,0,18,0,8,0,0,0,0,4,1,6,1,23,5,1968,2,8,6,1,6
2.02E+12,1,9,0,9,0,8,0,0,0,0,4,1,6,1,44,7,2179,2,8,7,1,7
2.02E+12,2,5,0,18,0,8,0,0,0,0,1,1,6,1,34,6,745,1,1,9,2,9
2.02E+12,1,2,0,8,0,1,0,0,0,0,2,1,6,1,64,9,49,1,1,3,1,3
2.02E+12,2,9,0,4,0,1,0,0,0,0,1,1,6,2,65,9,1587,1,13,8,1,8
2.02E+12,1,9,0,18,0,8,0,0,0,0,1,1,6,1,76,11,1497,8,2,9,1,9
2.02E+12,1,9,0,9,0,8,0,0,7,1,1,1,6,2,81,11,1248,1,1,7,3,7
2.02E+12,2,9,0,18,0,8,0,0,7,10,1,1,6,1,35,6,1968,2,4,7,3,7
2.02E+12,1,3,0,18,0,8,0,0,0,0,0,1,6,1,20,4,124,1,4,7,1,7
2.02E+12,1,9,0,17,0,1,0,0,1,1,1,1,6,1,25,5,1229,1,13,4,1,4
2.02E+12,1,9,0,8,0,8,0,0,0,0,3,1,6,2,58,9,2179,2,3,9,1,9
2.02E+12,2,9,0,18,0,1,0,0,0,0,1,1,6,1,52,8,1398,2,4,9,1,9
2.02E+12,1,4,0,17,0,1,0,0,1,0,0,1,6,1,79,11,500,1,62,8,1,8
2.02E+12,1,9,0,18,0,1,0,0,7,10,1,1,6,2,36,7,1995,1,6,8,3,8
2.02E+12,2,9,0,18,0,8,0,0,0,0,1,1,1,2,66,10,1229,1,8,7,3,7
2.02E+12,2,9,0,2,0,2,0,0,0,0,1,1,6,2,50,8,1598,2,7,3,1,3
2.02E+12,3,9,0,2,0,1,0,0,0,0,2,1,6,2,51,8,1997,2,11,7,1,7
2.02E+12,1,9,0,8,0,1,0,0,0,0,2,1,6,2,51,8,1995,1,10,8,1,8
2.02E+12,1,19,0,10,0,8,0,0,0,0,2,1,1,1,35,6,1598,2,1,3,1,3
2.02E+12,2,9,0,18,0,8,0,0,0,0,1,1,6,2,73,10,1560,2,7,10,1,10
2.02E+12,1,9,0,9,0,8,0,0,0,0,1,1,1,2,48,8,1242,1,5,4,1,4
2.02E+12,1,9,0,18,0,1,0,0,0,0,1,1,6,2,78,11,1598,1,6,9,1,9
2.02E+12,1,9,0,7,0,8,0,0,0,0,1,1,6,1,43,7,2664,2,18,8,2,8
2.02E+12,1,9,0,18,0,8,0,0,0,0,1,1,6,2,60,9,1997,2,7,4,2,4
2.02E+12,2,9,0,9,0,8,0,0,0,0,1,1,6,1,35,6,2148,2,13,6,3,6
2.02E+12,1,9,0,9,0,8,0,0,0,0,3,1,6,2,36,7,1997,2,2,1,1,1
2.02E+12,2,3,0,13,0,8,0,0,0,0,4,1,6,1,20,4,125,1,3,3,1,3
2.02E+12,1,9,0,5,0,8,0,0,0,0,1,1,6,1,80,11,1199,1,17,4,1,4
2.02E+12,2,4,0,18,0,8,0,0,0,0,2,1,6,1,52,8,398,1,10,4,2,4
2.02E+12,2,9,0,9,0,8,0,0,0,0,2,1,1,2,55,8,1598,1,9,6,1,6
2.02E+12,2,9,0,18,0,8,0,0,0,0,1,1,6,1,36,7,1990,1,25,2,1,2
2.02E+12,1,19,0,7,0,8,0,0,0,0,1,1,1,1,39,7,2198,2,1,10,1,10
2.02E+12,1,9,0,3,0,2,0,0,0,0,2,1,6,2,25,5,1299,1,14,9,2,9
2.02E+12,2,9,0,3,0,2,0,0,0,0,2,1,6,2,55,8,1596,1,11,6,1,6
2.02E+12,3,19,0,18,0,2,0,0,0,0,1,1,6,1,38,7,2402,2,11,5,1,5
2.02E+12,1,9,0,18,0,1,1,0,0,0,1,1,1,2,44,7,2495,2,32,5,1,5
2.02E+12,2,9,0,9,0,8,0,0,0,0,1,1,6,2,50,8,1360,1,10,10,1,10
2.02E+12,1,9,0,18,0,8,0,10,7,11,1,1,6,1,36,7,1598,1,10,2,1,2
2.02E+12,1,9,0,8,0,1,0,0,0,0,2,1,6,2,44,7,1948,1,14,6,1,6
2.02E+12,1,9,0,16,0,8,0,0,2,7,1,1,6,2,20,4,1299,1,13,10,1,10
2.02E+12,2,9,0,10,0,1,0,0,0,0,2,1,1,2,30,6,1968,2,10,8,1,8
2.02E+12,3,9,0,17,0,1,0,0,7,11,3,1,1,1,51,8,2496,2,15,9,1,9
2.02E+12,1,9,0,1,0,2,0,0,0,0,2,1,6,1,64,9,1995,2,2,7,1,7
2.02E+12,1,9,0,5,0,8,0,0,0,0,3,1,6,2,42,7,1998,1,15,1,1,1
2.02E+12,1,3,0,18,0,1,0,0,0,0,4,1,6,1,20,4,124,1,19,3,1,3
2.02E+12,2,9,0,18,0,8,0,0,0,0,1,1,6,1,73,10,1991,2,10,3,1,3
2.02E+12,1,9,0,1,0,1,0,0,0,0,2,1,6,2,66,10,1229,1,2,8,1,8
2.02E+12,2,9,0,18,0,1,0,0,0,0,1,1,6,2,49,8,1390,1,18,3,1,3
2.02E+12,1,9,0,6,0,8,0,0,0,0,1,1,6,2,17,4,1198,1,2,10,2,10
2.02E+12,2,9,0,18,0,8,0,0,0,0,1,1,6,1,27,6,1149,1,13,8,3,8
2.02E+12,1,9,0,13,0,8,0,0,0,0,3,1,2,1,38,7,1997,2,16,6,1,6
2.02E+12,1,9,0,9,0,8,0,0,0,0,3,1,6,1,27,6,1398,1,7,7,1,7
2.02E+12,2,9,0,18,0,2,0,0,0,0,2,1,6,2,47,8,1339,1,11,7,1,7
2.02E+12,1,9,0,7,0,8,0,0,7,11,3,1,2,1,22,5,1995,2,14,9,1,9
2.02E+12,2,9,0,7,0,8,0,0,0,0,1,1,6,1,55,8,1995,2,3,7,1,7
2.02E+12,1,19,0,9,0,8,0,0,0,0,1,1,6,1,52,8,2477,2,14,8,1,8
2.02E+12,1,19,0,18,0,8,0,0,0,0,1,1,1,1,60,9,1560,2,5,5,1,5
2.02E+12,2,9,0,18,0,8,0,0,0,0,2,1,6,2,55,8,1596,1,1,5,1,5
2.02E+12,1,9,0,18,0,8,0,0,0,0,1,1,6,2,22,5,1988,1,16,7,3,7
2.02E+12,2,9,0,9,0,8,0,0,0,0,2,1,6,1,59,9,1299,1,11,8,1,8
2.02E+12,2,9,0,18,0,8,0,0,0,0,1,1,6,2,35,6,1242,1,12,9,1,9
2.02E+12,1,9,0,8,0,1,0,0,0,0,2,1,6,1,47,8,1999,2,1,10,1,10
2.02E+12,1,19,0,12,0,8,0,0,0,0,3,1,6,1,44,7,1995,2,8,1,1,1
2.02E+12,1,9,0,18,0,1,0,0,0,0,1,1,6,1,48,8,1997,2,6,7,1,7
2.02E+12,2,9,0,18,0,2,0,0,0,0,1,1,6,2,40,7,1590,1,14,10,1,10
2.02E+12,1,9,0,9,0,8,0,0,0,0,3,1,6,1,64,9,1796,1,16,6,1,6
2.02E+12,1,9,0,9,0,8,1,0,0,0,1,1,6,1,17,4,1400,1,11,8,3,8
2.02E+12,2,9,0,18,0,8,1,0,0,0,1,1,6,1,65,9,1400,1,11,9,2,9
2.02E+12,2,9,0,18,0,8,0,0,0,0,1,1,6,1,42,7,1910,2,12,7,1,7
2.02E+12,1,3,0,10,0,1,0,0,0,0,2,1,6,1,18,4,125,1,3,7,3,7
2.02E+12,2,9,0,9,0,1,0,0,0,0,1,1,6,2,81,11,1339,1,9,10,1,10
2.02E+12,1,9,0,18,0,2,0,0,0,0,1,1,6,2,43,7,1598,1,3,10,1,10
2.02E+12,2,9,0,18,0,1,0,0,7,0,1,1,6,2,30,6,2967,1,7,9,1,9
2.02E+12,1,9,0,9,0,8,0,0,0,0,1,1,6,2,34,6,1596,1,11,2,1,2
2.02E+12,2,9,0,17,0,8,5,0,7,3,1,1,6,1,19,4,1596,1,3,9,1,9
2.02E+12,1,9,0,18,0,1,0,0,0,0,1,1,6,1,67,10,1398,1,3,5,1,5
2.02E+12,1,9,0,3,0,1,0,0,0,0,2,1,6,2,47,8,2231,2,9,6,1,6
2.02E+12,2,9,0,18,0,1,0,0,0,0,1,1,6,2,71,10,2148,2,9,6,1,6
2.02E+12,2,9,0,12,0,1,0,0,0,0,1,1,2,1,58,9,1200,1,4,8,1,8
2.02E+12,3,9,0,18,0,1,0,0,0,0,2,1,2,1,28,6,1968,2,6,6,3,6
2.02E+12,1,9,0,2,0,2,0,0,0,0,3,1,6,1,20,4,1198,1,15,6,1,6
2.02E+12,1,9,0,9,0,8,0,0,0,0,1,1,6,2,78,11,1364,1,8,10,3,10
2.02E+12,2,9,0,18,0,8,0,9,0,0,3,1,6,1,89,11,1998,1,20,10,2,10
2.02E+12,1,21,1,18,0,1,0,0,0,0,1,1,1,1,54,8,11120,2,2,6,1,6
2.02E+12,1,9,0,4,0,1,1,0,0,0,1,1,6,2,56,9,1956,2,3,10,1,10
2.02E+12,2,9,0,18,0,1,0,0,0,0,2,1,6,1,46,8,1998,1,12,4,1,4
2.02E+12,3,5,0,10,0,1,0,0,0,0,0,1,6,1,61,9,897,1,4,10,1,10
2.02E+12,1,9,0,18,0,8,0,0,0,0,1,1,1,2,58,9,1968,2,8,2,1,2
2.02E+12,2,9,0,9,0,8,0,0,0,0,3,1,1,1,67,10,1968,2,8,10,1,10
2.02E+12,1,9,0,9,0,8,0,0,0,0,1,1,6,1,52,8,1968,2,9,7,1,7
2.02E+12,1,9,0,18,0,8,0,0,0,0,1,1,6,1,25,5,1951,2,11,10,2,10
2.02E+12,2,5,0,18,0,8,0,0,0,0,3,1,6,1,56,9,1000,1,15,10,1,10
2.02E+12,1,9,0,5,0,8,0,0,0,0,1,1,6,2,40,7,996,1,1,10,1,10
2.02E+12,2,2,0,18,0,2,1,0,0,0,1,1,2,1,30,6,49,1,11,3,1,3
2.02E+12,1,3,0,9,0,8,1,0,0,0,0,1,6,2,56,9,108,1,3,3,1,3
2.02E+12,1,9,0,5,0,8,0,0,0,0,4,1,6,2,27,6,1598,1,5,6,1,6
2.02E+12,2,9,0,18,0,8,0,0,0,0,1,1,6,2,33,6,2000,2,11,4,1,4
2.02E+12,1,19,0,9,0,8,0,0,0,0,4,1,2,1,37,7,1248,2,2,2,1,2
2.02E+12,1,9,0,17,0,8,0,0,0,0,1,1,6,1,73,10,1753,2,15,8,1,8
2.02E+12,1,9,0,18,0,8,0,0,0,0,3,1,1,1,40,7,1598,2,5,2,1,2
2.02E+12,2,9,0,18,0,8,0,0,0,0,1,1,6,2,36,7,1685,2,5,1,1,1
2.02E+12,1,9,0,18,0,8,0,0,0,0,1,1,6,2,61,9,1995,1,12,1,1,1
2.02E+12,2,9,0,18,0,8,0,0,0,0,4,1,6,1,66,10,1229,1,2,7,1,7
2.02E+12,1,3,0,18,0,8,0,0,0,0,0,1,1,1,24,5,124,1,3,2,1,2
2.02E+12,1,9,0,3,0,8,0,0,0,0,3,1,6,2,73,10,1328,1,15,7,2,7
2.02E+12,2,9,0,9,0,8,0,0,0,0,3,1,6,2,68,10,1995,2,6,2,1,2
2.02E+12,1,9,0,2,0,2,0,0,0,0,1,1,6,1,25,5,1560,2,12,9,1,9
2.02E+12,1,9,0,9,0,8,0,0,0,0,3,1,2,1,36,7,1461,2,11,7,1,7
2.02E+12,1,9,0,16,0,2,1,0,7,0,1,1,6,1,20,4,1124,1,16,5,1,5
2.02E+12,2,9,0,17,0,1,0,0,0,0,3,1,6,2,51,8,1968,2,3,10,2,10
2.02E+12,1,9,0,9,0,8,0,0,0,0,3,1,6,2,77,11,1196,1,25,7,2,7
2.02E+12,2,19,0,17,0,8,0,0,0,0,1,1,2,1,50,8,1753,2,8,4,1,4
2.02E+12,1,9,0,18,0,8,0,0,0,0,1,1,2,1,17,4,1390,1,16,10,1,10
2.02E+12,2,9,0,9,0,8,0,0,7,3,2,1,6,2,56,9,1390,1,10,8,1,8
2.02E+12,1,9,0,18,0,8,0,0,0,0,1,1,2,1,54,8,999,1,2,8,1,8
2.02E+12,1,9,0,5,0,8,0,0,0,0,3,1,6,1,46,8,2488,2,11,8,1,8
2.02E+12,1,9,0,18,0,8,0,0,0,0,1,1,6,1,46,8,2400,2,8,8,3,8
2.02E+12,2,9,0,18,0,8,0,0,0,0,3,1,6,1,79,11,1349,1,6,8,1,8
2.02E+12,1,3,0,18,0,1,0,0,0,0,2,1,6,1,16,4,125,1,1,5,1,5
2.02E+12,1,9,0,9,0,8,0,0,0,0,0,1,1,1,24,5,1229,1,4,10,1,10
2.02E+12,1,9,0,9,0,8,0,0,0,0,1,1,6,2,32,6,1587,1,10,7,1,7
2.02E+12,2,9,0,18,0,8,0,0,0,0,1,1,1,2,27,6,1995,2,6,6,1,6
2.02E+12,1,9,0,9,0,8,0,0,0,0,1,1,6,1,53,8,1242,1,8,10,1,10
2.02E+12,2,5,0,18,0,8,0,0,1,2,3,1,2,1,19,4,645,1,17,7,2,7
2.02E+12,1,9,0,18,0,2,0,0,0,0,1,1,6,1,19,4,1199,1,14,8,1,8
2.02E+12,1,9,0,7,0,8,0,0,0,0,0,1,6,2,88,11,1240,1,12,8,3,8
2.02E+12,1,5,0,5,0,1,0,0,0,0,1,1,6,1,69,10,599,1,15,6,1,6
2.02E+12,1,9,0,18,0,8,0,0,0,0,1,1,6,2,19,4,1299,1,10,9,2,9
2.02E+12,2,9,0,10,0,8,0,0,0,0,2,1,6,2,25,5,1124,1,13,5,2,5
2.02E+12,1,9,0,5,0,8,0,0,0,0,1,1,6,1,89,11,1339,8,3,10,2,10
2.02E+12,2,9,0,18,0,8,0,0,0,0,3,1,6,2,45,7,1997,2,7,9,1,9
2.02E+12,1,2,0,5,0,8,1,0,0,0,1,1,2,1,16,4,49,1,3,3,1,3
2.02E+12,2,9,0,18,0,8,0,0,0,0,4,1,2,1,60,9,1498,1,1,8,1,8
2.02E+12,1,9,0,4,0,1,1,0,0,0,1,1,2,1,47,8,1968,2,2,5,1,5
2.02E+12,1,9,0,18,0,8,0,0,0,0,4,1,2,1,80,11,1590,1,13,9,1,9
2.02E+12,2,19,0,5,0,8,0,0,0,0,1,1,1,1,29,6,2198,2,1,7,1,7
2.02E+12,2,9,0,9,0,8,0,0,0,0,1,1,6,1,66,10,2400,2,4,8,3,8
2.02E+12,1,9,0,3,0,2,0,0,0,0,2,1,2,2,54,8,1086,1,8,10,1,10
2.02E+12,1,9,0,8,0,1,0,0,0,0,2,1,2,2,30,6,1349,1,4,3,1,3
2.02E+12,1,19,0,5,0,8,0,0,0,0,1,1,1,1,50,8,1560,2,9,2,1,2
2.02E+12,2,3,0,18,0,8,0,0,7,0,1,1,2,1,17,4,124,1,6,3,1,3
2.02E+12,2,9,0,3,0,8,0,0,0,0,2,1,6,1,72,10,1896,2,13,10,1,10
2.02E+12,1,9,0,7,0,8,0,0,4,0,2,1,6,1,54,8,1461,2,2,1,1,1
2.02E+12,2,8,0,18,0,8,0,0,0,0,1,1,1,1,51,8,1910,2,8,2,1,2
2.02E+12,2,9,0,3,0,1,0,0,0,0,2,1,1,2,22,5,998,1,3,3,1,3
2.02E+12,1,9,0,18,0,2,0,0,0,0,1,1,1,2,38,7,1596,1,7,8,1,8
2.02E+12,1,19,0,18,0,8,0,0,0,0,4,1,1,1,38,7,1499,2,1,4,1,4
2.02E+12,2,9,0,18,0,8,0,0,0,0,4,1,6,1,50,8,1998,2,13,4,1,4
2.02E+12,1,3,0,18,0,8,0,0,0,0,4,1,6,1,25,5,124,1,8,6,1,6
2.02E+12,2,9,0,18,0,1,0,0,0,0,1,1,6,1,45,7,1598,1,4,5,1,5
2.02E+12,1,9,0,9,0,8,0,0,0,0,3,1,6,2,51,8,998,1,5,4,1,4
2.02E+12,2,9,0,18,0,8,0,0,0,0,1,1,6,2,21,5,1360,1,12,10,1,10
2.02E+12,1,9,0,18,0,8,0,0,0,0,4,1,6,1,75,10,1598,1,8,7,1,7
2.02E+12,1,3,0,13,0,8,0,0,0,0,1,1,2,1,17,4,124,1,28,9,1,9
2.02E+12,2,19,0,9,0,8,0,0,0,0,3,1,2,1,57,9,1560,2,3,3,1,3
2.02E+12,1,9,0,8,0,1,0,0,0,0,2,1,6,2,36,7,1596,1,2,4,1,4
2.02E+12,1,9,0,9,0,8,0,0,0,0,2,1,6,1,95,11,988,1,26,5,1,5
2.02E+12,2,9,0,18,0,8,0,0,0,0,4,1,6,1,43,7,999,1,4,6,1,6
2.02E+12,3,9,0,3,0,1,0,0,0,0,4,1,6,1,74,10,1248,1,2,5,1,5
2.02E+12,1,9,0,18,0,8,0,0,0,0,1,1,6,2,74,10,1399,1,14,5,1,5
2.02E+12,1,9,0,10,0,8,0,0,0,0,2,1,2,1,47,8,1956,2,8,3,1,3
2.02E+12,2,3,0,18,0,8,0,0,0,0,1,1,2,1,34,6,124,1,16,1,1,1
2.02E+12,1,3,0,17,0,8,1,0,8,10,1,1,2,1,23,5,124,1,12,10,1,10
2.02E+12,2,9,0,7,0,8,0,0,0,0,0,1,2,1,74,10,1997,2,12,10,1,10
2.02E+12,1,9,0,9,0,8,0,0,0,0,1,1,6,1,91,11,1388,1,6,5,3,5
2.02E+12,2,9,0,18,0,8,0,0,0,0,4,1,1,2,46,8,1590,1,15,5,1,5
2.02E+12,1,9,0,18,0,1,0,0,0,0,1,1,1,2,26,6,1299,1,9,7,3,7
2.02E+12,2,9,0,4,0,1,0,0,0,0,2,1,1,1,40,7,1328,7,10,4,1,4
2.02E+12,3,19,0,4,0,1,0,0,0,0,2,1,1,1,28,6,2287,2,3,1,1,1
2.02E+12,1,9,0,7,0,8,0,0,0,0,1,1,2,2,39,7,1390,2,12,5,1,5
2.02E+12,1,9,0,9,0,8,0,0,0,0,1,1,6,2,28,6,1390,1,12,8,3,8
2.02E+12,2,19,0,18,0,8,0,0,0,0,1,1,6,2,36,7,1995,2,9,5,1,5
2.02E+12,1,9,0,18,0,1,0,0,0,0,4,1,6,2,63,9,1248,1,6,10,1,10
2.02E+12,2,9,0,18,0,8,0,0,0,0,1,1,6,2,43,7,2204,2,9,10,1,10
2.02E+12,1,9,0,9,0,8,0,0,0,0,1,1,6,2,49,8,1796,1,17,8,3,8
2.02E+12,2,9,0,18,0,8,0,0,1,0,1,1,6,1,18,4,1390,1,12,5,3,5
2.02E+12,1,9,0,18,0,1,0,0,0,0,4,1,6,1,45,7,1598,2,2,2,1,2
2.02E+12,1,9,0,18,0,8,0,0,0,0,1,1,2,1,49,8,1995,2,6,7,1,7
2.02E+12,2,9,0,3,0,8,0,0,0,0,2,1,6,2,37,7,1299,1,18,7,1,7
2.02E+12,1,9,0,7,0,8,0,0,0,0,4,1,6,1,58,9,1896,2,15,7,1,7
2.02E+12,2,3,0,18,0,8,0,0,0,0,3,1,6,1,53,8,125,1,2,2,1,2
2.02E+12,1,9,0,18,0,8,0,0,0,0,4,1,6,2,70,10,1997,1,12,9,1,9
2.02E+12,1,9,0,1,0,1,0,0,0,0,1,1,6,1,59,9,1598,1,12,1,1,1
2.02E+12,2,9,0,4,0,1,0,0,0,0,2,1,6,2,39,7,1598,1,8,4,1,4
2.02E+12,2,9,0,18,0,2,0,0,0,0,1,1,6,2,31,6,1995,1,9,2,1,2
2.02E+12,3,9,0,18,0,2,0,0,0,0,2,1,1,1,22,5,1598,2,3,7,1,7
2.02E+12,1,3,0,18,0,2,1,0,0,0,0,1,6,2,50,8,125,1,1,5,1,5
2.02E+12,1,9,0,18,0,1,0,0,0,0,1,1,6,2,74,10,1299,1,11,8,3,8
2.02E+12,2,9,0,18,0,1,0,0,0,0,2,1,6,2,27,6,1968,2,13,8,3,8
2.02E+12,1,9,0,1,0,1,0,0,0,0,2,1,6,1,73,10,1596,1,5,9,3,9
2.02E+12,2,5,0,3,0,8,0,0,0,0,1,1,6,1,73,10,1520,1,27,7,3,7
2.02E+12,1,3,0,4,0,8,0,0,0,0,2,1,6,1,18,4,125,1,4,2,1,2
2.02E+12,1,9,0,7,0,8,0,0,0,0,2,1,6,2,21,5,1364,1,10,4,1,4
2.02E+12,2,9,0,18,0,8,0,0,0,0,1,1,6,2,23,5,1398,2,14,7,3,7
2.02E+12,1,9,0,18,0,8,0,0,0,0,1,1,2,1,24,5,898,1,1,9,1,9
2.02E+12,2,9,0,9,0,8,0,0,0,0,3,1,1,1,29,6,1598,1,15,3,1,3
2.02E+12,1,9,0,9,0,8,0,0,0,0,1,1,6,1,46,8,1395,1,1,4,1,4
2.02E+12,1,3,0,18,0,8,1,0,0,0,1,1,2,1,24,5,124,1,2,8,1,8
2.02E+12,2,19,0,12,0,8,0,0,0,0,0,1,1,1,50,8,1560,2,8,7,1,7
2.02E+12,1,9,0,18,0,8,0,0,0,0,2,1,6,1,67,10,1596,1,10,3,1,3
2.02E+12,1,9,0,18,0,2,0,0,0,0,1,1,2,2,31,6,2000,1,4,7,1,7
2.02E+12,1,9,0,5,0,8,0,0,0,0,2,1,6,1,47,8,1461,2,2,2,1,2
2.02E+12,1,9,0,18,0,8,0,6,3,0,1,1,6,1,62,9,1984,1,10,3,1,3
2.02E+12,2,9,0,7,0,8,0,0,0,0,1,1,2,1,47,8,1598,1,12,1,1,1
2.02E+12,1,9,0,10,0,8,0,0,0,0,2,1,6,2,37,7,1349,1,5,6,1,6
2.02E+12,2,9,0,4,0,8,0,0,0,0,2,1,6,1,50,8,1198,1,12,7,1,7
2.02E+12,3,9,0,18,0,8,0,0,0,0,1,1,6,2,33,6,1149,1,4,1,1,1
2.02E+12,2,3,0,18,0,8,0,0,0,0,1,1,6,1,22,5,124,1,2,8,1,8
2.02E+12,2,9,0,18,0,8,0,0,7,0,1,1,6,1,26,6,1496,2,2,2,1,2
2.02E+12,2,3,0,18,0,8,0,0,0,0,1,1,6,1,17,4,124,1,4,2,1,2
2.02E+12,1,9,0,18,0,8,0,7,0,0,3,1,6,1,51,8,1390,1,18,4,1,4
2.02E+12,1,5,0,17,0,1,1,10,1,1,1,1,2,1,45,7,689,1,1,9,1,9
2.02E+12,1,9,0,7,0,8,0,0,0,0,1,1,2,1,38,7,1598,1,5,8,1,8
2.02E+12,1,9,0,18,0,1,0,0,0,0,1,1,6,2,37,7,1796,1,3,8,1,8
2.02E+12,2,9,0,18,0,1,0,0,0,0,2,1,6,2,38,7,1968,2,6,5,1,5
2.02E+12,1,9,0,3,0,1,0,0,0,0,2,1,6,2,34,6,1461,2,1,8,1,8
2.02E+12,1,9,0,18,0,8,0,0,1,10,1,1,6,1,73,10,1499,1,1,6,1,6
2.02E+12,2,9,0,18,0,1,0,0,0,0,2,1,6,1,27,6,1229,1,6,9,2,9
2.02E+12,3,9,0,18,0,8,0,0,0,0,1,1,6,1,57,9,3980,1,27,9,2,9
2.02E+12,1,9,0,18,0,2,5,0,1,2,1,1,6,1,59,9,1461,2,4,8,1,8
2.02E+12,1,19,0,9,0,8,0,0,0,0,1,1,1,1,27,6,1995,2,1,3,1,3
2.02E+12,1,9,0,18,0,2,0,0,0,0,1,1,2,1,54,8,1596,1,14,4,1,4
2.02E+12,1,19,0,14,0,8,0,0,0,0,4,1,1,1,53,8,2198,2,3,10,1,10
2.02E+12,1,3,0,18,0,8,0,0,0,0,4,1,6,1,60,9,102,1,10,9,1,9
2.02E+12,1,3,0,17,0,8,0,0,0,0,3,1,6,1,18,4,124,1,1,6,2,6
2.02E+12,1,9,0,4,0,1,0,0,0,0,1,1,6,1,49,8,1582,2,6,8,1,8
2.02E+12,2,9,0,3,0,1,0,0,0,0,2,1,6,1,35,6,1968,2,5,6,1,6
2.02E+12,1,9,0,4,0,1,0,0,0,0,2,1,6,2,29,6,1995,1,7,9,1,9
2.02E+12,1,5,0,8,0,1,0,0,0,0,3,1,6,1,67,10,1649,1,3,4,1,4
2.02E+12,2,3,0,8,0,1,0,0,0,0,4,1,6,1,38,7,123,1,2,2,1,2
2.02E+12,1,9,0,18,0,8,0,0,0,0,1,1,6,1,79,11,2799,1,20,10,2,10
2.02E+12,2,9,0,9,0,8,0,0,0,0,1,1,6,1,23,5,1229,1,3,10,1,10
2.02E+12,1,9,0,10,0,1,0,0,0,0,2,1,6,1,41,7,1968,2,4,5,1,5
2.02E+12,2,5,0,18,0,1,1,0,1,10,1,1,6,1,57,9,582,1,13,6,1,6
2.02E+12,1,9,0,18,0,2,5,4,7,0,1,1,6,1,59,9,1398,1,6,5,1,5
2.02E+12,2,9,0,9,0,8,0,0,0,0,1,1,6,2,34,6,1240,1,13,7,2,7
2.02E+12,1,9,0,18,0,8,1,0,7,4,4,1,6,2,23,5,1199,1,14,9,1,9
2.02E+12,2,9,0,9,0,8,0,0,0,0,1,1,6,1,43,7,1910,2,14,2,1,2
2.02E+12,1,9,0,9,0,8,0,0,0,0,1,1,1,1,48,8,1686,2,4,2,1,2
2.02E+12,2,9,0,18,0,8,0,0,0,0,3,1,6,2,28,6,1242,1,3,9,1,9
2.02E+12,1,9,0,3,0,8,0,0,0,0,1,1,6,1,88,11,1400,1,10,9,1,9
2.02E+12,2,9,0,18,0,8,0,0,0,0,1,1,6,2,40,7,1896,2,10,1,1,1
2.02E+12,1,9,0,18,0,2,0,0,0,0,4,1,6,2,75,10,1242,1,13,4,1,4
2.02E+12,1,9,0,5,0,8,0,0,0,0,3,1,6,2,20,4,998,1,3,10,1,10
2.02E+12,1,9,0,16,0,1,0,0,0,0,3,1,6,1,75,10,1240,1,8,10,1,10
2.02E+12,3,9,0,17,0,2,0,0,0,0,3,1,6,1,66,10,1360,1,10,10,1,10
2.02E+12,2,19,0,18,0,8,0,0,1,9,3,1,1,1,65,9,1753,2,9,7,3,7
2.02E+12,1,19,0,9,0,8,0,0,0,0,0,1,1,1,40,7,1598,2,1,6,1,6
2.02E+12,2,5,0,18,0,8,1,10,0,0,1,1,2,1,35,6,649,1,16,9,1,9
2.02E+12,1,3,0,18,0,1,0,0,0,0,1,1,6,1,19,4,125,1,1,4,1,4
2.02E+12,1,19,0,18,0,2,0,0,0,0,1,1,6,1,25,5,1868,2,12,5,1,5
2.02E+12,2,9,0,3,0,2,0,0,0,0,2,1,6,1,57,9,2793,1,18,4,1,4
2.02E+12,1,9,0,9,0,8,0,0,0,0,1,1,2,1,49,8,1998,1,10,9,1,9