Accident_Index,Vehicle_Reference,Vehicle_Type,Towing_and_Articulation,Vehicle_Manoeuvre,Vehicle_Location-Restricted_Lane,Junction_Location,Skidding_and_Overturning,Hit_Object_in_Carriageway,Vehicle_Leaving_Carriageway,Hit_Object_off_Carriageway,1st_Point_of_Impact,Was_Vehicle_Left_Hand_Drive?,Journey_Purpose_of_Driver,Sex_of_Driver,Age_of_Driver,Age_Band_of_Driver,Engine_Capacity_(CC),Propulsion_Code,Age_of_Vehicle,Driver_IMD_Decile,Driver_Home_Area_Type,Vehicle_IMD_Decile
2.02E+12,1,9,0,5,0,6,0,0,0,0,3,1,6,2,55,8,1590,1,14,10,1,10
2.02E+12,2,5,0,18,0,8,0,0,0,0,1,1,6,1,46,8,1690,1,3,8,3,8
2.02E+12,1,9,0,17,0,8,1,0,1,0,1,1,6,1,34,6,2493,1,13,4,1,4
2.02E+12,2,9,0,9,0,8,0,0,1,0,1,1,6,2,20,4,1388,1,14,6,1,6
2.02E+12,1,9,0,7,0,5,0,0,0,0,1,1,6,2,18,4,999,1,2,10,3,10
2.02E+12,1,9,0,18,0,8,0,0,0,0,4,1,6,1,53,8,1596,1,6,4,1,4
2.02E+12,2,9,0,18,0,8,0,0,0,0,1,1,6,2,19,4,1388,1,13,4,1,4
2.02E+12,1,19,0,18,0,2,0,0,0,0,1,1,6,1,62,9,1753,2,18,10,3,10
2.02E+12,1,2,0,18,0,1,0,0,0,0,0,1,1,1,19,4,49,1,6,5,1,5
2.02E+12,1,9,0,18,0,8,1,0,0,0,1,1,1,2,25,5,998,1,9,10,1,10
2.02E+12,1,9,0,13,0,8,0,0,0,0,2,1,2,1,26,6,1422,2,9,9,1,9
2.02E+12,2,5,0,13,0,8,0,0,0,0,1,1,2,1,31,6,645,1,17,10,1,10
2.02E+12,1,9,0,18,0,8,0,0,1,2,1,1,6,1,62,9,1197,1,3,10,1,10
2.02E+12,2,9,0,9,0,8,0,0,0,0,1,1,6,2,33,6,998,1,7,9,1,9
2.02E+12,1,9,0,1,0,2,0,0,0,0,2,1,6,1,86,11,1798,1,12,6,3,6
2.02E+12,1,9,0,18,0,1,0,0,0,0,4,1,6,2,19,4,973,1,14,10,1,10
2.02E+12,2,2,0,18,0,1,0,0,0,0,1,1,6,1,16,4,49,1,3,8,1,8
2.02E+12,1,9,0,5,0,8,0,0,0,0,1,1,6,1,27,6,1560,2,3,10,1,10
2.02E+12,2,5,0,13,0,8,0,0,0,0,2,1,2,1,52,8,649,1,2,6,3,6
2.02E+12,2,9,0,18,0,1,0,0,0,0,1,1,6,2,25,5,1596,1,7,2,1,2
2.02E+12,1,5,0,18,0,2,0,0,0,0,1,1,6,1,45,7,600,1,13,6,1,6
2.02E+12,1,9,0,7,0,8,0,0,0,0,3,1,6,2,34,6,1995,2,2,10,2,10
2.02E+12,2,5,0,18,0,8,1,0,0,0,1,1,2,1,36,7,645,1,7,10,1,10
2.02E+12,1,9,0,9,0,8,0,0,0,0,3,1,6,2,26,6,1970,1,13,6,1,6
2.02E+12,2,5,0,13,0,8,0,0,0,0,1,1,6,1,58,9,647,1,15,7,1,7
2.02E+12,1,9,0,5,0,8,0,0,0,0,1,1,6,1,67,10,1461,2,5,10,1,10
2.02E+12,2,9,0,18,0,8,0,0,0,0,1,1,6,2,42,7,1198,1,1,9,1,9
2.02E+12,2,19,0,18,0,1,0,0,0,0,1,1,2,1,24,5,1870,2,14,4,3,4
2.02E+12,3,9,0,4,0,1,1,0,0,0,2,1,2,2,40,7,898,1,1,5,1,5
2.02E+12,1,2,0,18,0,2,0,0,0,0,1,1,1,1,19,4,49,1,9,3,1,3
2.02E+12,2,9,0,18,0,1,0,0,0,0,3,1,6,1,75,10,1461,2,3,10,1,10
2.02E+12,1,9,0,18,0,2,0,0,0,0,1,1,6,1,21,5,1242,1,6,4,1,4
2.02E+12,1,19,0,5,0,1,0,0,0,0,1,1,2,1,33,6,1461,2,2,2,1,2
2.02E+12,2,9,0,5,0,1,0,0,0,0,2,1,2,2,34,6,2993,2,9,4,1,4
2.02E+12,1,9,0,2,0,8,0,0,0,0,2,1,3,2,51,8,1896,2,13,7,1,7
2.02E+12,1,9,0,18,0,8,1,0,0,0,1,1,4,1,17,4,1149,1,14,9,1,9
2.02E+12,2,9,0,9,0,8,0,0,1,9,1,1,4,2,19,4,1390,1,14,4,1,4
2.02E+12,1,9,0,7,0,6,0,0,0,0,1,1,6,1,58,9,2494,1,12,1,1,1
2.02E+12,1,9,0,7,0,8,0,0,0,0,3,1,2,2,30,6,1598,1,11,7,3,7
2.02E+12,2,3,0,18,0,8,0,0,0,0,1,1,2,1,24,5,125,1,1,2,1,2
2.02E+12,1,9,0,5,0,8,0,0,0,0,3,1,3,2,41,7,1998,1,2,3,1,3
2.02E+12,1,9,0,18,0,8,0,0,0,0,1,1,3,2,30,6,1598,1,9,4,1,4
2.02E+12,2,9,0,9,0,8,0,0,0,0,4,1,1,2,44,7,1242,1,7,10,1,10
2.02E+12,2,3,0,18,0,1,1,0,0,0,0,1,6,2,23,5,124,1,11,7,1,7
2.02E+12,1,9,0,14,0,2,0,0,0,0,1,1,6,1,52,8,2198,2,9,7,1,7
2.02E+12,1,3,0,18,0,8,0,0,0,0,1,1,6,1,32,6,125,1,3,2,1,2
2.02E+12,2,9,0,9,0,6,0,0,0,0,3,1,2,1,36,7,1587,1,16,3,1,3
2.02E+12,1,9,0,18,0,8,0,0,0,0,1,1,6,1,20,4,1596,1,19,10,1,10
2.02E+12,2,9,0,10,0,8,0,0,0,0,3,1,6,1,36,7,1560,2,11,4,1,4
2.02E+12,1,9,0,18,0,1,0,0,0,0,1,1,6,1,33,6,1598,2,4,5,1,5
2.02E+12,2,9,0,18,0,1,0,0,0,0,1,1,6,1,29,6,1396,1,18,2,1,2
2.02E+12,3,9,0,18,0,1,0,0,0,0,2,1,6,2,50,8,1598,1,9,5,1,5
2.02E+12,1,9,0,9,0,8,0,0,0,0,1,1,6,1,49,8,1995,2,11,6,1,6
2.02E+12,1,9,0,9,0,8,0,0,0,0,1,1,6,1,27,6,1596,1,6,10,1,10
2.02E+12,2,9,0,18,0,8,0,0,0,0,3,1,6,2,18,4,1388,1,14,1,1,1
2.02E+12,1,3,0,18,0,8,0,0,0,0,1,1,6,1,21,5,125,1,3,2,1,2
2.02E+12,2,9,0,7,0,8,0,0,0,0,3,1,6,1,42,7,1598,1,11,6,1,6
2.02E+12,1,9,0,10,0,6,0,0,0,0,3,1,6,1,32,6,1198,1,2,3,1,3
2.02E+12,1,19,0,14,0,1,0,0,0,0,0,1,6,1,53,8,1996,2,5,7,1,7
2.02E+12,1,9,0,18,0,2,0,0,0,0,1,1,6,2,33,6,1242,1,3,9,1,9
2.02E+12,2,9,0,5,0,4,0,0,0,0,1,1,6,2,26,6,999,1,5,3,1,3
2.02E+12,1,3,0,16,0,1,1,0,0,0,0,1,6,1,25,5,124,1,3,7,1,7
2.02E+12,1,9,0,10,0,4,0,0,0,0,2,1,2,1,76,11,1587,1,11,10,2,10
2.02E+12,2,9,0,10,0,4,0,0,0,0,2,1,3,1,45,7,1360,1,14,5,1,5
2.02E+12,3,9,0,15,0,4,0,0,0,0,1,1,6,1,88,11,1399,1,10,4,2,4
2.02E+12,1,9,0,7,0,6,0,0,0,0,1,1,6,1,69,10,1865,2,17,7,3,7
2.02E+12,2,3,0,18,0,8,0,0,0,0,4,1,6,1,20,4,125,1,4,10,1,10
2.02E+12,2,9,0,18,0,8,0,0,0,0,1,1,6,1,79,11,1149,1,14,9,1,9
2.02E+12,1,9,0,17,0,8,0,0,0,0,2,1,6,1,66,10,2204,2,12,9,2,9
2.02E+12,2,9,0,17,0,8,0,0,0,0,1,1,6,1,24,5,1968,2,4,8,1,8
2.02E+12,1,9,0,5,0,4,0,0,0,0,1,1,6,1,82,11,1398,1,4,9,1,9
2.02E+12,1,5,0,8,0,6,0,0,0,0,2,1,6,1,66,10,798,1,3,6,3,6
2.02E+12,2,9,0,8,0,6,0,0,0,0,1,1,6,1,70,10,1598,1,4,5,1,5
2.02E+12,1,9,0,5,0,8,0,0,0,0,1,1,6,2,20,4,1598,1,14,9,3,9
2.02E+12,1,9,0,18,0,8,0,0,0,0,1,1,2,1,55,8,3301,1,13,4,1,4
2.02E+12,1,9,0,9,0,8,0,0,0,0,1,1,6,1,72,10,1364,1,10,2,1,2
2.02E+12,1,9,0,5,0,8,0,0,0,0,1,1,6,1,59,9,1390,1,4,6,1,6
2.02E+12,2,2,0,18,0,8,0,0,0,0,4,1,6,1,16,4,49,1,25,10,1,10
2.02E+12,1,9,0,18,0,1,0,0,0,0,2,1,6,2,40,7,1968,2,5,6,1,6
2.02E+12,1,9,0,5,0,8,0,0,0,0,1,1,6,2,39,7,1590,1,16,2,1,2
2.02E+12,2,3,0,18,0,8,0,0,0,0,3,1,6,1,45,7,124,1,4,3,1,3
2.02E+12,2,3,0,18,0,8,0,0,0,0,1,1,6,1,66,10,125,1,2,3,2,3
2.02E+12,1,9,0,18,0,1,1,0,1,9,1,1,6,2,32,6,1796,1,9,10,2,10
2.02E+12,1,3,0,18,0,4,0,0,0,0,1,1,2,1,19,4,123,1,1,9,1,9
2.02E+12,2,9,0,18,0,1,0,0,0,0,1,1,6,1,76,11,1461,2,6,4,1,4
2.02E+12,1,9,0,4,0,1,0,0,0,0,2,1,6,2,44,7,1124,1,8,5,1,5
2.02E+12,1,9,0,7,0,2,0,7,7,2,1,1,2,2,37,7,2179,2,2,8,1,8
2.02E+12,2,9,0,18,0,8,0,0,0,0,1,1,6,2,56,9,1797,8,4,9,1,9
2.02E+12,2,19,0,18,0,8,1,0,0,0,1,1,1,1,17,4,1870,2,14,4,1,4
2.02E+12,1,9,0,18,0,8,1,7,2,7,1,1,6,1,32,6,1968,2,7,8,1,8
2.02E+12,2,9,0,18,0,8,2,0,1,10,1,1,6,1,40,7,1398,1,6,6,1,6
2.02E+12,1,8,0,4,0,1,0,0,0,0,4,1,1,1,43,7,1686,2,4,5,1,5
2.02E+12,1,9,0,16,0,2,0,0,3,2,1,1,2,1,53,8,1390,1,11,3,1,3
2.02E+12,2,3,0,18,0,8,0,0,0,0,1,1,2,1,24,5,124,1,1,7,1,7
2.02E+12,1,11,0,18,0,1,0,0,0,0,2,1,1,1,48,8,4580,2,8,7,1,7
2.02E+12,1,9,0,3,0,1,0,0,0,0,2,1,6,1,44,7,1299,1,15,2,1,2
2.02E+12,2,9,0,18,0,1,0,0,0,0,1,1,6,2,36,7,1998,2,12,4,1,4
2.02E+12,1,9,0,5,0,8,0,0,0,0,1,1,6,2,38,7,1596,1,7,8,1,8
2.02E+12,1,9,0,9,0,8,0,0,0,0,1,1,6,2,64,9,1197,1,5,6,1,6
2.02E+12,1,9,0,9,0,8,0,0,0,0,4,1,6,1,21,5,1896,2,17,6,2,6
2.02E+12,2,9,0,18,0,8,0,0,0,0,3,1,6,2,26,6,1997,2,15,4,1,4
2.02E+12,1,9,0,9,0,8,0,0,0,0,1,1,6,1,75,10,1560,2,4,7,1,7
2.02E+12,2,9,0,18,0,8,0,0,0,0,3,1,6,2,54,8,2488,2,5,8,1,8
2.02E+12,1,9,0,4,0,1,0,0,0,0,4,1,6,2,22,5,1390,1,12,5,1,5
2.02E+12,1,3,0,18,0,8,0,0,0,0,1,1,1,1,29,6,125,1,3,4,1,4
2.02E+12,1,9,0,18,0,8,0,0,0,0,1,1,6,2,46,8,1587,1,8,10,1,10
2.02E+12,1,9,0,16,0,8,0,0,7,1,1,1,6,2,26,6,989,1,14,9,3,9
2.02E+12,1,5,0,18,0,2,0,0,0,0,3,1,6,1,68,10,1064,1,15,5,1,5
2.02E+12,1,3,0,8,0,6,0,0,0,0,2,1,6,2,18,4,124,1,9,2,1,2
2.02E+12,1,3,0,18,0,8,0,0,0,0,4,1,6,1,17,4,125,1,2,4,1,4
2.02E+12,2,9,0,18,0,8,5,0,0,0,4,1,6,1,69,10,1390,1,9,9,1,9
2.02E+12,1,3,0,18,0,8,0,0,0,0,4,1,1,1,23,5,124,1,3,2,1,2
2.02E+12,2,9,0,7,0,6,0,0,0,0,1,1,1,1,57,9,1999,2,1,10,1,10
2.02E+12,1,9,0,18,0,8,0,0,0,0,1,1,2,2,25,5,998,1,6,7,1,7
2.02E+12,1,9,0,5,0,8,0,0,0,0,1,1,6,1,26,6,1956,2,5,2,1,2
2.02E+12,1,3,0,18,0,1,1,0,0,0,0,1,2,1,22,5,124,1,10,3,1,3
2.02E+12,2,9,0,9,0,8,0,0,0,0,3,1,2,2,27,6,1197,1,2,9,1,9
2.02E+12,1,9,0,9,0,6,0,0,0,0,1,1,2,2,42,7,1997,1,5,8,3,8
2.02E+12,2,11,0,9,0,6,0,0,0,0,2,1,1,1,60,9,2402,2,9,10,1,10
2.02E+12,1,9,0,18,0,2,0,0,8,1,1,1,3,2,43,7,1598,1,9,10,1,10
2.02E+12,2,9,0,18,0,2,0,0,0,0,3,1,1,1,40,7,1995,2,3,9,1,9
2.02E+12,1,9,0,5,0,6,0,0,0,0,1,1,2,2,45,7,1242,1,4,4,1,4
2.02E+12,2,9,0,4,0,8,0,0,0,0,1,1,2,1,36,7,1997,2,5,7,1,7
2.02E+12,3,9,0,18,0,8,0,0,0,0,1,1,2,1,44,7,1598,1,12,8,1,8
2.02E+12,1,9,0,10,0,8,0,0,0,0,3,1,2,2,56,9,1499,1,2,7,1,7
2.02E+12,1,9,0,9,0,8,0,0,0,0,1,1,6,2,48,8,1984,1,15,8,2,8
2.02E+12,2,19,0,18,0,8,0,0,0,0,1,1,1,1,71,10,1753,2,12,4,1,4
2.02E+12,1,9,0,8,0,1,0,0,0,0,2,1,6,2,71,10,1597,1,8,10,3,10
2.02E+12,1,9,0,9,0,8,0,0,0,0,4,1,6,2,80,11,1598,1,8,3,1,3
2.02E+12,2,9,0,18,0,8,0,0,0,0,1,1,3,2,48,8,1360,1,10,6,1,6
2.02E+12,1,3,0,18,0,1,1,0,0,0,0,1,6,1,22,5,125,1,4,9,1,9
2.02E+12,1,9,0,9,0,8,0,0,0,0,4,1,6,1,24,5,1499,1,1,6,1,6
2.02E+12,1,9,0,16,0,8,5,0,1,4,0,1,6,1,20,4,1360,1,5,10,1,10
2.02E+12,1,9,0,18,0,1,0,0,2,4,1,1,2,1,31,6,1598,1,15,10,1,10
2.02E+12,1,9,0,4,0,1,0,0,0,0,2,1,6,2,24,5,2429,1,11,3,1,3
2.02E+12,1,9,0,9,0,8,0,0,0,0,1,1,3,2,40,7,998,1,10,10,1,10
2.02E+12,1,9,0,5,9,8,0,0,0,0,1,1,6,1,26,6,1995,1,10,7,1,7
2.02E+12,1,9,0,7,0,4,0,0,0,0,1,1,6,1,28,6,998,1,14,7,1,7
2.02E+12,2,9,0,8,0,4,0,0,0,0,2,1,6,2,34,6,1598,2,2,8,3,8
2.02E+12,2,9,0,7,0,4,0,0,0,0,4,1,6,1,19,4,1995,2,12,9,1,9
2.02E+12,1,9,0,18,0,2,0,0,0,0,1,1,6,1,72,10,1988,1,16,5,1,5
2.02E+12,1,9,0,18,0,6,0,0,0,0,1,1,6,1,23,5,998,1,1,3,1,3
2.02E+12,2,9,0,18,0,6,0,0,0,0,2,1,6,2,58,9,1296,1,10,10,1,10
2.02E+12,1,9,0,3,0,1,0,0,0,0,2,1,6,1,68,10,1796,1,14,4,2,4
2.02E+12,1,9,0,18,0,1,0,0,0,0,0,1,2,1,61,9,1461,2,2,1,1,1
2.02E+12,2,9,0,6,0,8,0,0,0,0,1,1,6,1,34,6,1598,1,12,4,1,4
2.02E+12,3,9,0,18,0,8,0,0,0,0,1,1,6,1,26,6,1968,2,7,4,1,4
2.02E+12,1,9,0,18,0,1,1,0,0,0,1,1,6,1,32,6,1598,1,9,6,1,6
2.02E+12,2,9,0,2,0,1,0,0,0,0,2,1,6,1,47,8,3199,1,15,9,2,9
2.02E+12,1,9,0,7,0,8,0,0,0,0,3,1,6,1,53,8,1598,1,4,6,1,6
2.02E+12,1,4,0,18,0,8,0,0,0,0,0,1,6,1,48,8,395,1,4,1,1,1
2.02E+12,2,2,0,13,0,8,0,0,0,0,4,1,6,1,16,4,49,1,7,3,1,3
2.02E+12,1,9,0,4,0,1,0,0,0,0,1,1,6,1,22,5,1596,1,15,6,3,6
2.02E+12,2,9,0,4,0,1,0,0,0,0,2,1,6,1,54,8,1998,2,12,2,1,2
2.02E+12,1,9,0,9,0,8,0,0,0,0,1,1,6,1,36,7,1149,1,16,9,1,9
2.02E+12,2,5,0,18,0,8,1,0,0,0,4,1,6,1,54,8,953,1,13,9,1,9
2.02E+12,1,9,0,18,0,8,0,0,0,0,1,1,6,2,27,6,1598,2,2,5,1,5
2.02E+12,2,9,0,18,0,8,0,0,0,0,2,1,6,2,31,6,2148,2,13,5,1,5
2.02E+12,1,9,0,18,0,8,1,0,0,0,1,1,6,2,75,10,1360,1,14,5,3,5
2.02E+12,2,9,0,9,0,8,0,0,0,0,4,1,6,1,38,7,2967,2,9,4,1,4
2.02E+12,1,9,0,18,0,8,0,0,0,0,3,1,6,2,31,6,1399,1,1,3,1,3
2.02E+12,1,9,0,7,0,8,5,0,1,0,0,1,6,1,17,4,2149,2,10,2,1,2
2.02E+12,1,9,0,5,0,8,0,0,0,0,2,1,2,1,51,8,2959,2,14,9,1,9
2.02E+12,2,9,0,5,0,8,0,0,0,0,1,1,2,1,35,6,2959,2,14,4,1,4
2.02E+12,1,9,0,18,0,8,0,0,0,0,3,1,2,2,49,8,1749,1,13,6,1,6
2.02E+12,2,9,0,9,0,8,0,0,0,0,4,1,2,2,46,8,1995,2,9,10,1,10
2.02E+12,1,8,0,18,0,2,0,0,0,0,3,1,1,1,35,6,1422,2,1,2,1,2
2.02E+12,2,9,0,18,0,2,0,0,0,0,4,1,6,2,38,7,1560,2,2,7,1,7
2.02E+12,1,9,0,6,0,8,0,0,0,0,3,1,6,1,55,8,1560,2,9,9,1,9
2.02E+12,2,3,0,7,0,8,0,0,0,0,4,1,6,1,40,7,125,1,17,3,1,3
2.02E+12,1,3,0,9,0,8,0,0,0,0,1,1,6,1,44,7,124,1,19,1,1,1
2.02E+12,2,19,0,18,0,8,0,0,0,0,2,1,6,1,42,7,1995,2,1,3,1,3
2.02E+12,1,5,0,13,0,8,0,0,0,0,1,1,6,1,24,5,599,1,17,8,1,8
2.02E+12,2,9,0,9,0,8,0,0,0,0,2,1,6,2,21,5,1242,1,10,8,1,8
2.02E+12,1,9,0,18,0,1,0,0,0,0,4,1,6,1,36,7,1796,1,14,4,1,4
2.02E+12,1,9,0,18,0,8,0,0,0,0,1,1,6,2,27,6,1240,1,7,9,1,9
2.02E+12,1,9,0,18,0,2,0,0,0,0,1,1,1,2,44,7,1596,1,10,9,2,9
2.02E+12,2,19,0,18,0,2,0,0,0,0,2,1,1,1,32,6,2198,2,2,5,1,5
2.02E+12,1,9,0,17,0,8,0,0,0,0,4,1,6,2,27,6,1598,1,10,7,1,7
2.02E+12,1,9,0,9,0,6,0,0,0,0,4,1,6,1,34,6,1598,1,8,8,1,8
2.02E+12,2,9,0,18,0,8,0,0,0,0,1,1,6,2,52,8,1399,2,15,1,1,1
2.02E+12,1,9,0,7,0,8,0,0,0,0,3,1,6,1,81,11,1560,2,5,10,1,10
2.02E+12,1,9,0,5,0,8,0,0,0,0,3,1,2,1,22,5,1397,1,5,10,1,10
2.02E+12,2,3,0,18,0,8,0,0,0,0,1,1,2,1,64,9,124,1,10,10,1,10
2.02E+12,1,9,0,9,0,8,0,0,0,0,3,1,2,2,50,8,1390,1,14,6,1,6
2.02E+12,2,5,0,18,0,8,0,0,0,0,4,1,2,1,25,5,649,1,17,5,1,5
2.02E+12,1,9,0,7,0,8,0,0,0,0,3,1,6,2,48,8,1396,1,14,7,1,7
2.02E+12,1,21,0,18,0,8,0,0,0,0,1,1,1,1,42,7,12419,2,6,8,1,8
2.02E+12,2,9,0,10,0,8,0,0,0,0,2,1,1,2,75,10,1490,1,7,8,2,8
2.02E+12,1,3,0,4,0,6,1,0,0,0,0,1,6,1,25,5,125,1,10,2,1,2
2.02E+12,1,9,0,9,0,8,0,0,0,0,4,1,2,2,22,5,973,1,16,9,1,9
2.02E+12,3,9,0,18,0,1,1,0,0,0,4,1,6,1,72,10,1498,1,2,10,1,10
2.02E+12,4,9,0,18,0,1,0,0,1,0,1,1,6,2,76,11,1998,1,1,10,1,10
2.02E+12,1,3,0,18,0,1,0,0,0,0,0,1,6,1,18,4,125,1,16,8,3,8
2.02E+12,1,9,0,9,0,6,0,0,0,0,1,1,2,2,71,10,1769,1,16,7,1,7
2.02E+12,2,19,0,18,0,8,0,0,0,0,1,1,2,1,48,8,1868,2,12,7,3,7
2.02E+12,3,9,0,18,0,1,0,0,0,0,1,1,2,2,36,7,1598,2,5,7,3,7
2.02E+12,1,9,0,9,0,8,0,0,0,0,1,1,1,1,43,7,1797,8,7,8,1,8
2.02E+12,1,19,0,4,0,8,0,0,0,0,1,1,2,1,25,5,2198,2,1,9,1,9
2.02E+12,3,9,0,4,0,8,0,0,0,0,2,1,2,2,34,6,1388,1,13,4,1,4
2.02E+12,4,9,0,4,0,8,0,0,0,0,2,1,2,1,33,6,1968,2,4,3,1,3
2.02E+12,1,19,0,18,0,8,0,0,0,0,3,1,6,1,48,8,1868,2,11,9,1,9
2.02E+12,2,9,0,18,0,8,0,0,0,0,1,1,6,2,91,11,1195,1,24,4,1,4
2.02E+12,3,9,0,18,0,8,0,0,0,0,1,1,6,1,18,4,1398,1,1,9,1,9
2.02E+12,1,9,0,9,0,8,0,0,0,0,1,1,3,1,58,9,1794,1,10,3,1,3
2.02E+12,1,9,0,18,0,1,0,0,0,0,3,1,6,1,61,9,1997,2,8,1,1,1
2.02E+12,2,21,0,18,0,1,0,0,0,0,4,1,1,1,43,7,2800,2,15,2,1,2
2.02E+12,1,9,0,18,0,8,0,0,0,0,1,1,2,1,18,4,1796,1,12,6,3,6
2.02E+12,3,9,0,18,0,8,0,0,0,0,1,1,6,1,39,7,1956,2,3,7,1,7
2.02E+12,1,8,0,5,0,1,0,0,0,0,1,1,1,1,34,6,1598,2,3,2,1,2
2.02E+12,1,9,0,18,0,1,1,0,0,1,1,1,6,1,21,5,1598,1,11,4,3,4
2.02E+12,1,9,0,18,0,8,0,0,0,0,1,1,6,2,84,11,1108,1,14,10,3,10
2.02E+12,2,9,0,9,0,6,0,0,0,0,3,1,6,2,74,10,1870,2,13,10,1,10
2.02E+12,1,9,0,4,0,8,0,0,0,0,1,1,6,2,52,8,2143,2,2,10,2,10
2.02E+12,2,9,0,18,0,8,0,0,0,0,1,1,6,2,44,7,1398,1,5,5,2,5
2.02E+12,1,9,0,18,0,1,0,0,0,0,1,1,6,1,37,7,1560,2,9,10,1,10
2.02E+12,2,9,0,18,0,2,0,0,1,0,1,1,6,2,54,8,998,1,2,4,1,4
2.02E+12,1,9,0,18,0,8,0,0,0,0,1,1,6,2,42,7,1560,2,8,10,1,10
2.02E+12,1,9,0,9,0,8,0,0,0,0,3,1,6,2,62,9,1596,1,10,6,3,6
2.02E+12,1,8,0,9,0,8,0,0,0,0,1,1,6,1,42,7,1968,2,2,1,1,1
2.02E+12,2,9,0,18,0,8,0,0,0,0,1,1,6,2,26,6,1598,1,10,4,1,4
2.02E+12,1,9,0,3,0,1,0,0,0,0,2,1,6,1,36,7,1339,1,10,6,1,6
2.02E+12,1,9,0,1,0,2,0,0,0,0,2,1,2,2,28,6,1598,1,9,8,1,8
2.02E+12,1,9,0,4,0,1,0,4,0,0,1,1,6,1,30,6,998,1,18,3,1,3
2.02E+12,2,9,0,2,0,2,0,0,0,0,2,1,6,2,33,6,1596,1,9,3,1,3
2.02E+12,3,19,0,2,0,2,0,0,0,0,2,1,6,1,33,6,2299,2,3,3,1,3
2.02E+12,2,3,0,13,0,8,0,0,0,0,1,1,6,1,24,5,125,1,8,3,1,3
2.02E+12,1,19,0,9,0,8,0,0,0,0,3,1,1,1,34,6,2198,2,6,3,1,3
2.02E+12,2,21,0,18,0,8,0,0,0,0,1,1,1,1,55,8,12740,2,3,10,1,10
2.02E+12,1,9,0,4,0,1,0,0,0,0,1,1,6,2,31,6,1461,2,4,7,1,7
2.02E+12,2,9,0,4,0,1,0,0,0,0,2,1,6,2,25,5,1398,1,6,5,1,5
2.02E+12,3,9,0,4,0,1,0,0,0,0,2,1,6,2,28,6,1997,2,3,7,1,7
2.02E+12,2,9,0,18,0,8,0,0,0,0,1,1,6,1,37,7,1995,2,15,9,1,9
2.02E+12,1,9,0,4,0,1,0,0,0,0,1,1,2,1,46,8,2698,2,8,3,1,3
2.02E+12,1,9,0,9,0,8,0,0,0,0,1,1,6,2,29,6,1997,1,12,3,1,3
2.02E+12,2,3,0,18,0,8,0,0,0,0,1,1,6,1,19,4,124,1,13,1,1,1
2.02E+12,1,9,0,9,0,8,0,0,0,0,1,1,1,1,60,9,1995,2,9,9,1,9
2.02E+12,2,2,0,18,0,8,0,0,0,0,1,1,6,1,59,9,49,1,3,4,2,4
2.02E+12,1,9,0,18,0,8,0,0,0,0,1,1,6,1,37,7,1796,1,15,9,1,9
2.02E+12,1,9,0,4,0,1,0,0,0,0,2,1,2,2,58,9,1242,1,1,2,1,2
2.02E+12,2,9,0,4,0,1,0,0,0,0,2,1,2,1,40,7,1794,1,13,4,1,4
2.02E+12,3,9,0,4,0,1,0,0,0,0,1,1,2,2,28,6,1124,1,16,4,1,4
2.02E+12,1,9,0,18,0,4,0,0,0,0,1,1,6,1,31,6,1229,1,9,10,1,10
2.02E+12,1,9,0,18,0,4,0,0,0,0,1,1,1,1,44,7,1596,1,14,3,1,3
2.02E+12,2,2,0,18,0,4,0,0,0,0,2,1,6,2,26,6,108,1,4,1,1,1
2.02E+12,2,4,0,18,0,8,0,0,0,0,1,1,6,1,21,5,471,1,2,7,1,7
2.02E+12,1,9,0,18,0,8,0,0,0,0,3,1,6,1,18,4,1390,1,15,7,3,7
2.02E+12,1,9,0,5,0,8,0,0,0,0,1,1,6,2,36,7,1296,1,10,10,1,10
2.02E+12,2,9,0,3,0,8,0,0,0,0,2,1,6,1,65,9,2597,1,16,9,1,9
2.02E+12,1,9,0,12,0,8,0,0,0,0,0,1,6,2,37,7,1596,1,16,5,1,5
2.02E+12,1,9,0,5,0,6,0,0,0,0,3,1,6,1,76,11,1590,1,19,3,1,3
2.02E+12,1,3,0,18,0,1,0,0,0,0,2,1,6,1,23,5,124,1,1,2,1,2
2.02E+12,2,3,0,18,0,1,1,0,0,0,1,1,6,1,20,4,125,1,5,9,1,9
2.02E+12,1,3,0,18,0,8,0,0,0,0,1,1,6,1,17,4,124,1,10,2,2,2
2.02E+12,2,9,0,7,0,8,0,0,0,0,1,1,6,1,46,8,1998,1,19,5,1,5
2.02E+12,1,9,0,16,0,8,0,0,0,0,1,1,2,1,66,10,1998,1,9,8,3,8
2.02E+12,2,9,0,10,0,8,0,0,0,0,3,1,2,2,63,9,1197,1,1,8,2,8
2.02E+12,1,9,0,9,0,5,0,0,0,0,1,1,6,2,46,8,1200,1,1,7,1,7
2.02E+12,2,9,0,18,0,8,0,0,0,0,1,1,2,1,67,10,1299,1,13,6,1,6
2.02E+12,2,9,0,7,0,8,0,0,0,0,4,1,6,2,71,10,1840,1,15,10,1,10
2.02E+12,1,19,0,5,0,8,0,0,0,0,4,1,1,2,52,8,1753,2,8,7,3,7
2.02E+12,2,5,0,18,0,8,0,0,0,0,1,1,6,1,33,6,675,1,3,7,1,7
2.02E+12,1,9,0,9,0,8,0,0,0,0,4,1,6,1,73,10,2435,1,16,10,2,10