Accident_Index,Vehicle_Reference,Vehicle_Type,Towing_and_Articulation,Vehicle_Manoeuvre,Vehicle_Location-Restricted_Lane,Junction_Location,Skidding_and_Overturning,Hit_Object_in_Carriageway,Vehicle_Leaving_Carriageway,Hit_Object_off_Carriageway,1st_Point_of_Impact,Was_Vehicle_Left_Hand_Drive?,Journey_Purpose_of_Driver,Sex_of_Driver,Age_of_Driver,Age_Band_of_Driver,Engine_Capacity_(CC),Propulsion_Code,Age_of_Vehicle,Driver_IMD_Decile,Driver_Home_Area_Type,Vehicle_IMD_Decile
2.02E+12,2,21,0,18,0,8,0,0,0,0,1,1,1,1,26,6,7201,2,10,3,1,3
2.02E+12,1,5,0,5,0,8,0,0,0,0,0,1,6,1,57,9,1299,1,14,6,1,6
2.02E+12,1,5,0,18,0,8,0,0,0,0,1,1,6,1,23,5,749,1,15,3,1,3
2.02E+12,2,9,0,9,0,8,0,0,0,0,1,1,6,2,30,6,1395,1,4,5,1,5
2.02E+12,1,9,0,5,0,8,0,0,0,0,4,1,6,2,70,10,2000,1,21,7,3,7
2.02E+12,2,9,0,18,0,8,0,0,0,0,1,1,2,2,36,7,998,1,3,7,1,7
2.02E+12,1,9,0,18,0,8,0,0,0,0,1,1,6,1,52,8,1968,2,13,10,2,10
2.02E+12,2,9,0,9,0,8,0,0,0,0,4,1,6,1,86,11,1587,1,16,9,3,9
2.02E+12,1,9,0,5,0,8,0,0,0,0,1,1,2,1,59,9,3246,1,14,10,2,10
2.02E+12,1,9,0,18,0,8,0,0,0,0,1,1,6,1,29,6,1197,1,1,5,1,5
2.02E+12,2,9,0,18,0,8,0,0,0,0,3,1,6,2,54,8,1587,1,15,8,1,8
2.02E+12,1,9,0,8,0,1,0,0,0,0,2,1,6,2,61,9,1339,1,8,9,3,9
2.02E+12,2,9,0,18,0,8,0,0,7,0,3,1,6,1,24,5,1968,2,7,10,1,10
2.02E+12,1,9,0,18,0,8,0,0,1,7,3,1,6,1,73,10,1405,1,13,8,2,8
2.02E+12,2,9,0,18,0,8,0,0,0,0,1,1,6,1,68,10,1999,1,14,2,1,2
2.02E+12,1,9,0,4,0,2,0,0,0,0,2,1,6,2,47,8,1396,1,18,4,1,4
2.02E+12,2,5,0,18,0,2,0,0,0,0,1,1,6,1,30,6,1157,1,21,10,1,10
2.02E+12,1,9,0,9,0,8,0,0,0,0,3,1,6,2,42,7,1360,1,11,7,1,7
2.02E+12,2,2,0,13,0,8,0,4,0,0,1,1,6,1,16,4,49,1,5,6,1,6
2.02E+12,1,5,0,3,0,1,0,0,0,0,2,1,6,1,40,7,598,1,20,10,1,10
2.02E+12,2,9,0,5,0,1,0,0,0,0,1,1,6,1,37,7,2993,2,7,5,1,5
2.02E+12,2,9,0,10,0,1,0,0,0,0,1,1,6,2,24,5,1149,1,7,6,3,6
2.02E+12,3,9,0,3,0,1,0,0,0,0,3,1,6,1,66,10,1783,1,16,1,1,1
2.02E+12,1,9,0,4,0,8,0,0,0,0,1,1,1,2,28,6,1582,2,2,4,1,4
2.02E+12,2,9,0,4,0,8,0,0,0,0,2,1,1,2,21,5,998,1,14,4,1,4
2.02E+12,2,9,0,3,0,1,0,0,0,0,2,1,6,1,33,6,1339,1,9,10,2,10
2.02E+12,1,9,0,18,0,8,0,0,0,0,1,1,6,1,93,11,1299,1,14,6,1,6
2.02E+12,2,9,0,18,0,8,0,0,0,0,1,1,6,2,42,7,1999,1,12,5,1,5
2.02E+12,1,9,0,9,0,8,0,0,0,0,3,1,2,1,46,8,1595,2,8,10,1,10
2.02E+12,2,3,0,13,0,8,0,0,0,0,1,1,2,1,18,4,125,1,8,10,1,10
2.02E+12,2,9,0,18,0,8,0,0,0,0,3,1,2,1,48,8,998,1,5,10,2,10
2.02E+12,1,9,0,18,0,8,0,0,0,0,1,1,2,1,48,8,1560,2,8,10,1,10
2.02E+12,2,9,0,9,0,8,0,0,0,0,1,1,2,2,53,8,1299,1,14,4,1,4
2.02E+12,1,9,0,18,0,1,0,0,0,0,2,1,6,2,34,6,999,1,1,8,1,8
2.02E+12,1,9,0,9,0,1,0,0,0,0,3,1,6,1,29,6,1968,2,1,4,1,4
2.02E+12,2,3,0,18,0,1,0,0,0,0,1,1,6,1,18,4,124,1,2,2,1,2
2.02E+12,1,9,0,18,0,8,0,0,0,0,1,1,6,2,50,8,2179,2,4,9,1,9
2.02E+12,1,9,0,5,0,4,0,0,0,0,3,1,2,1,54,8,1598,2,2,5,1,5
2.02E+12,1,3,0,18,0,1,0,0,0,0,1,1,6,1,32,6,124,1,7,3,1,3
2.02E+12,2,9,0,9,0,5,0,0,0,0,0,1,1,2,49,8,1753,2,9,1,1,1
2.02E+12,1,19,0,3,0,1,0,0,0,0,2,1,6,1,54,8,1560,2,2,8,1,8
2.02E+12,2,9,0,4,0,1,0,0,0,0,1,1,6,2,18,4,1248,2,9,9,1,9
2.02E+12,1,9,0,4,0,1,0,0,0,0,2,1,6,2,36,7,1398,1,4,7,1,7
2.02E+12,1,9,0,17,0,2,1,0,0,0,1,1,6,2,37,7,1248,1,4,1,1,1
2.02E+12,2,9,0,16,0,1,0,0,0,0,1,1,6,1,28,6,1598,1,13,5,1,5
2.02E+12,2,9,0,18,0,8,0,0,0,0,1,1,1,2,53,8,1390,1,17,8,1,8
2.02E+12,1,9,0,18,0,8,0,0,0,0,3,1,6,1,17,4,1796,1,13,2,1,2
2.02E+12,2,9,0,18,0,8,0,0,0,0,1,1,6,1,31,6,1390,1,10,5,1,5
2.02E+12,1,9,0,4,0,1,0,0,1,0,0,1,1,1,36,7,1598,1,11,9,1,9
2.02E+12,1,9,0,3,0,1,0,0,0,0,2,1,6,2,37,7,1798,1,10,9,1,9
2.02E+12,1,9,0,9,0,8,0,0,0,0,3,1,6,1,68,10,2204,2,8,8,1,8
2.02E+12,2,3,0,18,0,8,0,0,0,0,1,1,6,1,20,4,124,1,4,10,1,10
2.02E+12,2,9,0,18,0,4,0,0,0,0,4,1,6,1,24,5,1598,2,4,3,1,3
2.02E+12,2,3,0,18,0,3,1,0,0,0,0,1,2,1,24,5,125,1,3,2,1,2
2.02E+12,1,19,0,9,0,8,0,0,0,0,3,1,6,1,46,8,2143,2,1,6,1,6
2.02E+12,1,9,0,9,0,8,0,0,0,0,3,1,6,2,26,6,1360,1,18,9,1,9
2.02E+12,2,9,0,18,0,8,0,0,0,0,1,1,6,2,64,9,999,1,5,2,1,2
2.02E+12,1,9,0,18,0,8,0,0,0,0,1,1,6,1,84,11,1598,1,9,9,1,9
2.02E+12,1,9,0,10,0,1,0,0,0,0,2,1,6,1,60,9,2204,2,11,9,2,9
2.02E+12,2,9,0,3,0,1,0,0,0,0,2,1,6,1,77,11,1595,1,11,9,3,9
2.02E+12,1,9,0,18,0,1,0,0,0,0,1,1,6,1,23,5,1229,1,7,3,1,3
2.02E+12,1,9,0,18,0,1,0,0,0,0,1,1,6,1,22,5,1596,1,12,2,1,2
2.02E+12,1,9,0,18,0,8,0,0,0,0,4,1,6,2,22,5,2179,2,4,10,3,10
2.02E+12,1,9,0,7,0,8,0,0,0,0,1,1,6,2,37,7,1995,2,7,5,1,5
2.02E+12,2,9,0,18,0,8,0,0,0,0,1,1,3,2,42,7,1560,2,10,5,1,5
2.02E+12,1,9,0,12,0,7,0,0,0,0,2,1,6,2,54,8,1400,1,17,8,1,8
2.02E+12,2,9,0,18,0,8,2,0,5,6,1,1,6,2,20,4,998,1,14,9,2,9
2.02E+12,1,19,0,11,0,3,0,0,0,0,4,1,2,1,56,9,2402,2,14,6,3,6
2.02E+12,2,5,0,15,0,3,0,0,0,0,3,1,2,1,53,8,649,1,10,10,1,10
2.02E+12,1,9,0,18,0,2,1,0,1,9,1,1,6,2,25,5,1229,1,2,3,1,3
2.02E+12,1,8,0,7,0,2,0,0,0,0,1,1,1,1,56,9,2402,2,12,10,1,10
2.02E+12,1,9,0,7,0,8,0,0,0,0,1,1,6,2,54,8,1229,1,7,9,1,9
2.02E+12,2,11,0,13,0,8,0,0,0,0,1,1,1,1,64,9,4461,2,2,8,1,8
2.02E+12,1,2,0,7,0,1,0,0,0,0,0,1,6,1,17,4,125,1,1,1,1,1
2.02E+12,1,9,0,3,0,1,0,0,0,0,2,1,6,1,25,5,1598,1,12,5,1,5
2.02E+12,1,9,0,9,0,8,0,0,0,0,3,1,6,2,18,4,998,1,12,9,1,9
2.02E+12,2,9,0,18,0,8,0,0,0,0,1,1,6,1,54,8,2995,1,14,9,1,9
2.02E+12,1,9,0,5,0,8,0,0,0,0,3,1,1,2,51,8,1299,1,13,3,1,3
2.02E+12,2,9,0,17,0,8,0,0,0,0,1,1,6,2,26,6,1242,1,4,2,1,2
2.02E+12,1,9,0,18,9,1,0,0,1,7,1,1,6,1,93,11,1339,1,7,4,1,4
2.02E+12,1,9,0,18,0,8,0,0,0,0,1,1,6,2,44,7,1560,2,3,5,1,5
2.02E+12,2,9,0,10,0,8,0,0,0,0,2,1,6,2,19,4,1242,1,3,5,1,5
2.02E+12,1,11,0,18,0,8,0,0,0,0,4,1,1,1,36,7,7300,2,8,3,1,3
2.02E+12,1,9,0,9,0,8,0,0,0,0,1,1,6,1,5,1,1360,1,10,4,1,4
2.02E+12,1,9,0,9,0,8,0,0,0,0,1,1,6,2,31,6,1388,1,3,5,1,5
2.02E+12,2,2,0,14,0,8,0,0,0,0,1,1,6,1,17,4,50,1,1,3,1,3
2.02E+12,1,9,0,16,0,8,0,0,3,9,1,1,6,2,57,9,1796,1,19,7,1,7
2.02E+12,1,3,0,13,0,8,0,0,0,0,1,1,6,1,19,4,124,1,14,4,1,4
2.02E+12,2,9,0,9,0,8,0,0,0,0,4,1,6,2,76,11,1560,2,3,9,2,9
2.02E+12,2,9,0,5,0,1,0,0,0,0,2,1,6,2,53,8,1598,1,5,10,2,10
2.02E+12,3,9,0,18,0,8,0,0,0,0,4,1,6,2,54,8,1984,2,4,6,1,6
2.02E+12,1,3,0,18,0,1,1,0,0,0,0,1,6,2,35,6,108,1,1,4,1,4
2.02E+12,2,8,0,18,0,8,0,0,0,0,4,1,6,1,49,8,2499,2,9,5,1,5
2.02E+12,1,9,0,9,0,8,0,0,0,0,1,1,6,1,29,6,1596,1,16,4,1,4
2.02E+12,1,19,0,18,0,1,1,0,0,0,1,1,1,1,26,6,2198,2,5,6,1,6
2.02E+12,2,9,0,18,0,1,0,0,0,0,2,1,6,1,38,7,1596,1,4,3,1,3
2.02E+12,1,9,0,4,0,1,0,0,0,0,1,1,2,1,32,6,1461,2,7,8,1,8
2.02E+12,2,3,0,4,0,1,0,0,0,0,2,1,2,1,23,5,125,1,6,8,1,8
2.02E+12,2,9,0,18,0,8,2,0,7,2,4,1,2,1,17,4,1598,1,2,10,1,10
2.02E+12,1,9,0,4,0,1,0,0,0,0,2,1,1,1,43,7,1598,1,12,10,1,10
2.02E+12,2,9,0,4,0,1,1,0,0,0,1,1,1,1,27,6,1398,1,17,10,1,10
2.02E+12,1,9,0,9,0,8,0,0,0,0,1,1,6,2,77,11,1388,1,12,3,1,3
2.02E+12,2,9,0,7,0,8,0,0,0,0,1,1,2,2,47,8,1389,1,23,2,1,2
2.02E+12,2,9,0,9,0,8,0,0,0,0,4,1,6,2,20,4,1794,1,14,2,1,2
2.02E+12,1,9,0,18,0,1,0,0,0,0,1,1,2,1,31,6,2401,2,13,7,1,7
2.02E+12,2,9,0,3,0,1,0,0,0,0,2,1,2,1,34,6,1896,2,14,3,1,3
2.02E+12,2,9,0,9,0,8,0,0,0,0,3,1,6,1,23,5,1598,1,2,6,1,6
2.02E+12,1,3,0,18,0,8,0,0,0,0,1,1,6,1,29,6,125,1,2,2,1,2
2.02E+12,1,19,0,4,0,3,0,0,0,0,2,1,2,1,33,6,2198,2,5,6,1,6
2.02E+12,1,9,0,9,0,8,0,0,0,0,3,1,6,2,37,7,1753,2,12,3,1,3
2.02E+12,2,5,0,18,0,8,1,0,0,0,1,1,6,1,29,6,1084,1,27,3,1,3
2.02E+12,1,9,0,4,0,4,0,0,0,0,2,1,6,2,50,8,1997,2,3,2,1,2
2.02E+12,2,9,0,4,0,4,0,0,0,0,1,1,6,2,24,5,1498,1,1,9,1,9
2.02E+12,1,9,0,5,0,4,0,0,0,0,1,1,1,1,42,7,1598,2,2,8,1,8
2.02E+12,2,5,0,5,0,4,0,0,0,0,2,1,2,1,35,6,600,1,19,5,1,5
2.02E+12,1,9,0,18,0,1,0,0,0,0,2,1,6,1,32,6,1242,1,16,8,2,8
2.02E+12,2,9,0,4,0,1,0,0,0,0,2,1,6,2,44,7,1390,1,7,2,1,2
2.02E+12,1,19,0,5,0,4,0,0,0,0,1,1,1,1,25,5,2198,2,9,7,1,7
2.02E+12,2,3,0,18,0,8,0,0,0,0,4,1,1,1,58,9,124,1,10,3,1,3
2.02E+12,1,9,0,5,0,1,0,0,0,0,4,1,2,1,20,4,1399,2,5,6,1,6
2.02E+12,2,9,0,18,0,8,0,0,0,0,4,1,2,2,20,4,1328,1,9,9,3,9
2.02E+12,1,11,0,7,0,8,0,0,0,0,1,1,1,1,31,6,4461,2,4,2,1,2
2.02E+12,1,5,0,18,0,8,1,0,0,0,1,1,2,1,26,6,865,1,7,6,1,6
2.02E+12,2,9,0,10,0,8,0,0,0,0,2,1,2,1,21,5,1598,1,14,8,3,8
2.02E+12,1,9,0,18,0,1,0,0,0,0,1,1,2,1,21,5,1598,2,3,7,3,7
2.02E+12,1,9,0,18,0,1,0,0,0,0,3,1,6,2,89,11,1590,1,17,10,1,10
2.02E+12,2,9,0,18,0,2,0,0,0,0,3,1,6,2,20,4,1339,1,10,6,1,6
2.02E+12,3,9,0,18,0,2,0,0,0,0,1,1,6,1,58,9,1560,2,1,8,2,8
2.02E+12,1,9,0,3,0,1,0,0,0,0,2,1,6,2,55,8,1753,2,15,6,1,6
2.02E+12,1,9,0,3,0,1,0,0,0,0,2,1,6,2,44,7,1799,1,9,10,2,10
2.02E+12,2,19,0,18,0,1,0,0,0,0,2,1,1,1,49,8,2198,2,5,10,1,10
2.02E+12,1,9,0,9,0,8,0,0,0,0,3,1,6,1,59,9,1896,2,11,2,1,2
2.02E+12,2,9,0,18,0,8,0,0,0,0,1,1,6,1,57,9,4461,2,3,7,1,7
2.02E+12,1,90,0,18,2,8,0,0,0,0,1,1,6,1,26,6,270,1,2,3,1,3
2.02E+12,2,9,0,4,0,1,0,0,0,0,1,1,6,2,31,6,1896,2,17,2,1,2
2.02E+12,1,9,0,18,0,1,0,0,0,0,1,1,1,1,37,7,1997,2,6,2,1,2
2.02E+12,1,9,0,9,0,8,0,0,0,0,4,1,6,1,43,7,1796,1,12,1,1,1
2.02E+12,2,3,0,18,0,8,0,0,0,0,1,1,6,1,30,6,125,1,1,6,1,6
2.02E+12,1,9,0,18,0,8,0,0,0,0,1,1,6,2,34,6,1386,1,11,4,1,4
2.02E+12,2,9,0,10,0,8,0,0,0,0,2,1,6,1,30,6,1997,2,13,2,1,2
2.02E+12,1,9,0,8,0,8,0,0,0,0,3,1,2,2,20,4,1298,1,15,4,1,4
2.02E+12,2,9,0,7,0,8,0,0,0,1,1,1,6,1,25,5,2967,2,3,8,1,8
2.02E+12,1,9,0,9,0,8,0,0,0,0,3,1,6,1,58,9,1199,1,14,5,1,5
2.02E+12,2,3,0,13,0,8,0,0,0,0,1,1,6,1,18,4,125,1,2,9,1,9
2.02E+12,1,9,0,18,0,2,0,0,0,0,1,1,3,2,23,5,1200,1,3,10,3,10
2.02E+12,1,9,0,4,0,1,0,0,0,0,1,1,6,2,29,6,1390,1,8,3,1,3
2.02E+12,1,9,0,9,0,5,0,0,0,0,3,1,3,2,32,6,2999,2,10,10,1,10
2.02E+12,2,3,0,18,0,1,0,0,0,0,1,1,6,1,23,5,124,1,4,9,1,9
2.02E+12,1,9,0,3,0,1,0,0,0,0,2,1,6,2,28,6,1956,2,6,6,1,6
2.02E+12,1,9,0,9,0,8,0,0,0,0,3,1,6,2,55,8,1598,1,5,7,1,7
2.02E+12,2,9,0,9,0,8,0,0,0,0,3,1,1,1,51,8,1685,2,4,1,1,1
2.02E+12,1,5,0,13,0,8,0,0,0,0,4,1,2,1,50,8,680,1,8,6,1,6
2.02E+12,2,9,0,9,0,8,0,0,0,0,3,1,6,2,55,8,1598,1,6,8,1,8
2.02E+12,1,19,0,9,0,8,0,0,0,0,4,1,1,1,43,7,2299,2,1,6,1,6
2.02E+12,2,9,0,18,0,8,0,0,0,0,1,1,6,2,44,7,1596,1,12,4,1,4
2.02E+12,1,5,0,18,0,8,0,0,0,0,1,1,6,1,24,5,599,1,9,1,1,1
2.02E+12,2,9,0,9,0,6,0,0,0,0,2,1,1,2,39,7,1422,2,1,5,1,5
2.02E+12,2,9,0,18,0,1,0,0,0,0,1,1,6,2,69,10,1799,1,21,6,3,6
2.02E+12,1,9,0,18,0,6,0,0,0,0,1,1,1,1,36,7,996,1,4,5,1,5
2.02E+12,2,19,0,18,0,8,0,0,1,10,1,1,6,1,53,8,1968,2,6,5,1,5
2.02E+12,1,9,0,18,0,8,5,0,3,7,1,1,6,1,71,10,2204,2,8,9,1,9
2.02E+12,1,19,0,18,0,1,0,0,0,0,1,1,2,1,23,5,1998,2,13,3,1,3
2.02E+12,2,9,0,9,0,1,0,0,0,0,2,1,2,1,21,5,1124,1,13,8,3,8
2.02E+12,2,9,0,18,0,8,0,0,0,0,1,1,6,2,27,6,2720,2,12,7,3,7
2.02E+12,3,9,0,10,0,1,0,0,0,0,1,1,6,1,66,10,2776,2,10,10,2,10
2.02E+12,1,20,0,9,0,8,0,0,0,0,1,1,1,1,25,5,2402,2,7,10,3,10
2.02E+12,2,90,0,18,0,8,0,0,0,0,1,1,1,1,24,5,2987,2,2,6,3,6
2.02E+12,1,19,0,5,0,6,0,0,0,0,3,1,1,1,45,7,2143,2,4,7,1,7
2.02E+12,1,9,0,9,0,6,0,0,0,0,1,1,6,2,43,7,1868,2,14,8,1,8
2.02E+12,2,9,0,18,0,8,0,0,0,0,4,1,6,2,44,7,1388,1,14,8,1,8
2.02E+12,1,9,0,10,0,5,0,0,0,0,3,1,6,2,35,6,1598,2,3,3,1,3
2.02E+12,1,9,0,18,0,8,0,0,0,0,1,1,6,1,87,11,1197,1,3,8,2,8
2.02E+12,2,90,0,18,0,8,0,0,0,0,3,1,6,1,28,6,1971,1,25,8,1,8
2.02E+12,1,9,0,3,0,7,0,0,0,0,2,1,2,1,51,8,1390,1,18,5,1,5
2.02E+12,2,9,0,18,0,7,0,0,0,0,1,1,2,1,24,5,1399,2,5,1,1,1
2.02E+12,1,9,0,9,0,8,0,0,7,0,3,1,6,1,23,5,1896,2,12,4,3,4
2.02E+12,2,9,0,18,0,8,0,0,0,0,1,1,6,2,40,7,1498,1,7,8,3,8
2.02E+12,1,19,0,9,0,8,0,0,0,0,4,1,6,1,36,7,2148,2,9,6,1,6
2.02E+12,1,9,0,9,0,8,0,0,0,0,1,1,2,2,27,6,1799,1,11,9,1,9
2.02E+12,2,9,0,3,0,8,0,0,0,0,4,1,6,2,19,4,1124,1,16,7,1,7
2.02E+12,1,9,0,18,0,8,0,0,0,0,1,1,6,2,44,7,2597,1,12,1,1,1
2.02E+12,2,9,0,18,0,8,0,0,1,0,3,1,6,2,47,8,999,1,13,1,1,1
2.02E+12,1,9,0,9,0,8,0,0,0,0,1,1,6,1,40,7,1968,2,2,4,1,4
2.02E+12,1,9,0,3,0,1,0,0,0,0,3,1,6,2,52,8,1388,1,13,5,1,5
2.02E+12,2,9,0,14,0,1,0,0,0,0,4,1,6,1,32,6,1984,1,14,5,1,5
2.02E+12,1,9,0,9,0,8,0,0,0,0,3,1,6,2,59,9,998,1,8,6,1,6
2.02E+12,2,3,0,18,0,8,0,0,0,0,1,1,6,1,42,7,124,1,15,3,1,3
2.02E+12,1,9,0,9,0,2,0,0,0,0,1,1,6,1,68,10,998,1,15,5,1,5
2.02E+12,2,9,0,18,0,1,0,0,0,0,1,1,3,1,39,7,1998,1,19,7,1,7
2.02E+12,1,9,0,17,0,2,2,0,1,3,3,1,6,2,21,5,1598,1,12,9,3,9
2.02E+12,1,9,0,4,0,1,0,0,0,0,2,1,3,2,35,6,1595,1,13,10,2,10
2.02E+12,2,9,0,18,0,1,0,0,0,0,1,1,6,1,40,7,1398,1,4,7,1,7
2.02E+12,1,9,0,9,0,8,0,0,0,0,4,1,6,1,87,11,1388,1,12,3,1,3
2.02E+12,2,9,0,18,0,1,0,0,0,0,1,1,6,2,27,6,1968,2,3,10,2,10
2.02E+12,1,11,0,18,0,1,0,0,0,0,1,1,1,1,29,6,5132,2,2,2,1,2
2.02E+12,1,19,0,18,0,8,0,0,0,0,4,1,1,2,25,5,1248,2,2,7,3,7
2.02E+12,2,9,0,12,0,8,0,0,0,0,3,1,6,1,24,5,1896,2,8,5,1,5
2.02E+12,1,9,5,6,0,3,0,0,0,0,3,1,6,1,73,10,2982,2,11,9,3,9
2.02E+12,2,3,0,13,0,3,0,0,0,0,1,1,2,1,21,5,125,1,3,9,1,9
2.02E+12,1,9,0,9,0,8,0,0,0,0,1,1,1,2,68,10,1149,1,5,4,1,4
2.02E+12,1,9,0,18,0,8,0,0,2,4,1,1,6,1,25,5,1999,1,12,7,1,7
2.02E+12,1,5,0,18,0,8,0,0,0,0,0,1,6,1,65,9,1800,1,8,9,1,9
2.02E+12,1,9,0,18,0,2,0,0,0,0,4,1,6,2,46,8,1598,1,8,10,2,10
2.02E+12,1,9,0,9,0,8,0,0,0,0,3,1,1,2,43,7,1685,2,6,8,1,8
2.02E+12,2,9,0,13,0,8,0,0,0,0,1,1,6,1,21,5,1896,2,15,8,3,8
2.02E+12,2,9,0,18,0,8,0,0,0,0,4,1,2,1,60,9,1685,2,2,5,1,5
2.02E+12,1,9,0,9,0,8,1,0,2,4,1,1,6,1,25,5,1396,1,14,8,1,8
2.02E+12,1,3,0,4,0,1,1,0,0,0,0,1,6,1,17,4,125,1,4,2,1,2
2.02E+12,1,9,0,18,0,8,0,0,0,0,1,1,6,2,64,9,1390,2,12,7,3,7
2.02E+12,2,9,0,10,0,8,0,0,0,0,2,1,6,1,41,7,1968,2,5,5,1,5
2.02E+12,1,9,0,9,0,8,0,0,0,0,4,1,6,1,23,5,998,1,5,9,1,9
2.02E+12,2,9,0,18,0,8,0,0,0,0,1,1,6,1,48,8,1560,2,7,8,1,8
2.02E+12,1,9,0,3,0,1,0,0,0,0,2,1,6,1,23,5,1197,1,1,3,1,3
2.02E+12,1,9,0,4,0,1,0,0,0,0,2,1,6,2,35,6,1398,2,7,2,1,2
2.02E+12,2,9,0,18,0,8,0,0,0,0,1,1,1,2,32,6,1598,1,1,2,1,2
2.02E+12,1,9,0,17,0,1,1,0,2,11,1,1,6,2,19,4,1461,2,13,10,2,10
2.02E+12,2,19,0,18,0,1,0,0,0,0,1,1,1,2,66,10,2198,2,3,10,3,10
2.02E+12,1,9,0,9,0,8,0,0,0,0,2,1,6,2,50,8,1753,2,11,6,1,6
2.02E+12,1,9,0,4,0,8,0,0,0,0,1,1,3,1,50,8,2204,2,12,4,1,4
2.02E+12,1,9,0,3,0,1,0,0,0,0,2,1,6,2,21,5,989,1,12,3,1,3
2.02E+12,2,8,0,9,0,8,0,0,0,0,1,1,6,1,56,9,1685,2,1,4,1,4
2.02E+12,1,8,0,17,0,8,0,0,0,0,3,1,1,1,59,9,1956,2,7,6,1,6
2.02E+12,2,9,0,17,0,8,0,0,7,7,4,1,6,1,28,6,1796,1,13,10,1,10
2.02E+12,1,3,0,18,0,8,0,0,0,0,1,1,2,1,19,4,124,1,2,4,1,4
2.02E+12,2,9,0,9,0,8,0,0,0,0,4,1,6,1,58,9,1797,8,6,10,1,10
2.02E+12,2,19,0,7,0,8,0,0,0,0,1,1,6,1,48,8,1870,2,15,10,1,10
2.02E+12,1,4,0,7,0,8,1,0,3,11,1,1,6,1,16,4,459,1,14,4,1,4
2.02E+12,1,19,0,18,0,8,0,0,0,0,1,1,1,1,52,8,1753,2,10,4,1,4
2.02E+12,2,9,0,18,0,8,0,0,0,0,4,1,1,1,63,9,1298,1,15,6,3,6
2.02E+12,3,9,0,3,0,1,0,0,0,0,3,1,1,1,40,7,2435,1,17,1,1,1
2.02E+12,2,3,0,11,0,8,0,0,0,0,1,1,6,1,24,5,125,1,1,4,1,4
2.02E+12,2,9,4,18,0,8,0,0,0,0,3,1,6,1,25,5,2982,2,9,6,3,6
2.02E+12,1,9,0,4,0,2,0,0,0,0,2,1,6,2,44,7,1248,1,8,9,2,9
2.02E+12,2,9,0,4,0,2,0,0,0,0,2,1,6,2,75,10,1598,1,6,6,1,6
2.02E+12,3,9,0,4,0,2,0,0,0,0,1,1,2,1,36,7,1997,2,9,2,1,2
2.02E+12,1,9,0,9,0,8,0,0,0,0,3,1,6,2,71,10,1229,1,3,10,2,10
2.02E+12,2,5,0,18,0,8,0,0,0,0,1,1,6,1,31,6,600,1,14,9,3,9
2.02E+12,1,9,0,9,0,8,0,0,0,0,1,1,1,1,26,6,1762,1,19,7,1,7
2.02E+12,2,9,0,18,0,8,0,0,0,0,1,1,6,2,19,4,1598,2,2,5,1,5
2.02E+12,2,9,0,9,0,8,0,0,0,0,3,1,1,1,22,5,1242,1,13,1,1,1
2.02E+12,1,9,0,9,0,8,0,0,0,0,4,1,2,2,23,5,998,1,7,6,1,6
2.02E+12,2,4,0,18,0,8,0,0,0,0,1,1,2,1,26,6,498,1,17,7,1,7
2.02E+12,1,9,0,18,0,8,0,0,0,0,3,1,6,2,77,11,1591,1,3,4,1,4
2.02E+12,1,9,0,4,0,8,0,0,0,0,1,1,6,1,20,4,1968,2,5,9,1,9
2.02E+12,2,9,0,7,0,8,0,0,0,0,1,1,6,2,19,4,998,1,9,6,1,6
2.02E+12,2,9,0,5,0,8,0,0,0,0,3,1,6,1,62,9,1968,2,3,9,1,9
2.02E+12,1,5,0,16,0,3,1,0,0,0,0,1,6,1,25,5,998,1,9,1,1,1
2.02E+12,1,9,0,9,0,8,0,0,0,0,0,1,6,2,48,8,1796,1,14,3,1,3
2.02E+12,2,2,0,18,0,8,1,0,0,0,0,1,2,2,17,4,49,1,6,2,1,2
2.02E+12,2,9,0,5,0,8,0,0,0,0,1,1,6,1,34,6,1242,1,7,4,1,4
2.02E+12,1,9,0,9,0,8,0,0,0,0,3,1,6,1,40,7,996,1,3,6,2,6
2.02E+12,2,9,0,18,0,8,5,0,4,1,1,1,6,2,30,6,1242,1,2,9,1,9
2.02E+12,2,9,0,9,0,8,0,0,0,0,4,1,6,2,81,11,1229,1,7,4,1,4
2.02E+12,1,9,0,18,0,2,0,0,0,0,1,1,6,2,26,6,1600,1,17,5,1,5
2.02E+12,2,9,0,3,0,2,0,0,0,0,2,1,6,1,48,8,1896,2,10,7,1,7
2.02E+12,1,9,0,5,0,8,0,0,0,0,1,1,6,1,21,5,1149,1,8,9,1,9
2.02E+12,1,5,0,4,0,8,0,0,0,0,1,1,6,1,28,6,806,1,2,5,1,5
2.02E+12,1,9,0,18,0,2,1,12,7,9,1,1,6,2,34,6,2148,2,14,5,1,5
2.02E+12,2,9,0,9,0,8,0,0,0,0,1,1,2,1,25,5,2000,2,13,4,1,4
2.02E+12,1,9,0,18,0,8,1,0,0,0,1,1,6,2,78,11,1398,1,2,7,1,7
2.02E+12,2,9,0,9,0,8,0,0,0,0,1,1,6,1,22,5,1968,2,10,4,1,4
2.02E+12,3,9,0,3,0,1,0,0,0,0,1,1,6,1,28,6,1560,2,10,8,1,8
2.02E+12,1,9,0,18,0,8,0,0,0,0,1,1,6,2,44,7,998,1,16,2,1,2
2.02E+12,2,9,0,18,0,8,0,0,0,0,4,1,6,2,46,8,1896,2,7,7,1,7