Accident_Index,Vehicle_Reference,Vehicle_Type,Towing_and_Articulation,Vehicle_Manoeuvre,Vehicle_Location-Restricted_Lane,Junction_Location,Skidding_and_Overturning,Hit_Object_in_Carriageway,Vehicle_Leaving_Carriageway,Hit_Object_off_Carriageway,1st_Point_of_Impact,Was_Vehicle_Left_Hand_Drive?,Journey_Purpose_of_Driver,Sex_of_Driver,Age_of_Driver,Age_Band_of_Driver,Engine_Capacity_(CC),Propulsion_Code,Age_of_Vehicle,Driver_IMD_Decile,Driver_Home_Area_Type,Vehicle_IMD_Decile
2.02E+12,2,9,0,7,0,8,0,0,0,0,1,1,6,2,38,7,1299,1,13,1,1,1
2.02E+12,1,9,0,7,0,8,0,0,1,1,3,1,6,1,17,4,1368,1,10,7,1,7
2.02E+12,2,9,0,9,0,8,0,0,0,0,1,1,6,1,58,9,1242,1,1,5,1,5
2.02E+12,3,9,0,2,0,1,0,0,0,0,2,1,6,2,40,7,1870,2,7,4,1,4
2.02E+12,1,9,0,5,0,8,0,0,0,0,4,1,6,2,46,8,1242,1,3,7,3,7
2.02E+12,2,9,0,18,0,8,0,0,0,0,1,1,6,1,55,8,1995,1,15,3,1,3
2.02E+12,1,9,0,4,0,8,0,0,0,0,2,1,3,2,37,7,1248,1,2,2,1,2
2.02E+12,1,9,0,18,0,8,0,0,0,0,3,1,2,1,27,6,1398,2,13,6,1,6
2.02E+12,1,9,0,18,0,2,0,0,0,0,1,1,2,1,44,7,1998,1,2,3,1,3
2.02E+12,2,9,0,18,0,1,0,0,0,0,1,1,2,1,37,7,1968,2,8,3,1,3
2.02E+12,1,9,0,5,0,8,0,0,0,0,1,1,6,1,29,6,1796,1,15,6,1,6
2.02E+12,1,9,0,18,0,8,0,0,0,0,3,1,2,2,23,5,1242,1,13,10,1,10
2.02E+12,1,9,0,18,0,2,0,0,0,0,1,1,6,1,59,9,1598,1,12,6,1,6
2.02E+12,1,9,0,18,0,8,0,0,1,0,1,1,6,2,75,10,1968,2,3,6,3,6
2.02E+12,2,9,0,18,0,8,0,0,0,0,4,1,6,1,73,10,3628,2,10,7,3,7
2.02E+12,1,9,0,9,0,8,0,0,0,0,1,1,6,1,27,6,1596,1,10,5,1,5
2.02E+12,2,11,0,18,2,8,0,0,0,0,1,1,1,1,38,7,11000,2,13,2,1,2
2.02E+12,1,9,0,17,0,2,1,0,1,2,1,1,6,2,35,6,1586,1,8,6,1,6
2.02E+12,2,8,0,7,0,8,0,0,0,0,3,1,1,1,75,10,1956,2,6,10,2,10
2.02E+12,1,19,0,18,0,2,0,0,0,0,1,1,1,1,51,8,1753,2,8,10,1,10
2.02E+12,1,11,0,3,0,8,0,0,0,0,2,1,1,1,37,7,6370,2,10,3,1,3
2.02E+12,2,9,0,4,0,8,0,0,0,0,1,1,3,2,29,6,1598,1,15,2,1,2
2.02E+12,1,9,0,5,0,8,0,0,0,0,1,1,2,1,21,5,1896,2,13,8,3,8
2.02E+12,2,9,0,9,0,8,0,0,0,0,4,1,2,1,38,7,1246,1,11,7,3,7
2.02E+12,2,3,0,18,0,8,0,0,0,0,1,1,6,1,22,5,72,1,41,8,1,8
2.02E+12,1,3,0,13,0,8,0,0,0,0,1,1,1,1,22,5,125,1,5,4,1,4
2.02E+12,2,9,0,9,0,8,0,0,0,0,3,1,1,1,39,7,1968,2,1,10,1,10
2.02E+12,1,3,0,5,0,8,0,0,0,0,1,1,6,1,54,8,124,1,7,8,1,8
2.02E+12,2,9,0,7,0,8,0,0,0,0,3,1,6,2,51,8,2180,2,21,3,1,3
2.02E+12,1,2,0,18,0,8,0,0,0,0,1,1,6,1,54,8,124,1,2,5,1,5
2.02E+12,2,9,0,5,0,8,0,0,0,0,3,1,6,2,85,11,1242,1,4,9,1,9
2.02E+12,1,9,0,9,0,8,0,0,0,0,4,1,1,2,46,8,1598,1,1,8,1,8
2.02E+12,2,9,0,18,0,1,0,0,0,0,1,1,2,1,25,5,599,1,15,9,1,9
2.02E+12,1,9,0,18,0,8,0,0,0,0,1,1,6,2,50,8,998,1,5,10,1,10
2.02E+12,1,9,0,16,0,8,1,0,3,1,0,1,6,1,21,5,1796,1,11,4,1,4
2.02E+12,1,19,0,5,0,2,0,0,0,0,4,1,1,1,47,8,1995,2,9,8,1,8
2.02E+12,1,9,0,18,0,8,0,0,0,0,1,1,6,1,29,6,998,1,17,7,1,7
2.02E+12,1,9,0,18,0,3,0,0,0,0,4,1,1,1,75,10,1796,1,12,10,1,10
2.02E+12,1,9,0,4,0,7,0,0,0,0,4,1,6,1,46,8,1997,2,13,4,1,4
2.02E+12,2,5,0,18,0,7,0,0,0,0,3,1,6,1,59,9,1199,1,6,9,1,9
2.02E+12,2,9,0,4,0,1,0,0,0,0,1,1,6,2,28,6,2000,2,13,9,3,9
2.02E+12,1,8,0,18,0,2,0,0,0,0,4,1,1,1,53,8,1598,2,5,3,1,3
2.02E+12,1,9,0,9,0,8,0,0,0,0,3,1,6,1,27,6,1388,1,10,8,1,8
2.02E+12,2,5,0,13,0,8,0,0,0,0,4,1,6,1,29,6,553,1,26,7,1,7
2.02E+12,3,9,0,18,0,8,0,0,0,0,1,1,6,1,23,5,1240,1,13,7,1,7
2.02E+12,1,9,0,18,0,8,0,0,3,9,1,1,6,2,21,5,1248,1,5,10,1,10
2.02E+12,1,8,0,9,0,8,0,0,0,0,1,1,1,1,28,6,1598,2,4,1,1,1
2.02E+12,2,3,0,18,0,8,0,0,0,0,2,1,6,1,20,4,125,1,5,9,1,9
2.02E+12,2,9,0,13,0,2,0,0,0,0,1,1,2,1,54,8,998,1,4,9,1,9
2.02E+12,1,9,0,18,0,8,0,0,0,0,4,1,6,2,42,7,1386,1,12,1,1,1
2.02E+12,1,9,0,17,0,8,0,0,0,0,1,1,6,2,70,10,2987,2,10,10,1,10
2.02E+12,1,19,0,18,0,8,0,0,0,0,1,1,6,1,31,6,2198,2,3,10,1,10
2.02E+12,2,9,0,5,0,8,0,0,0,0,3,1,6,1,49,8,1150,1,13,9,1,9
2.02E+12,2,9,0,18,0,8,0,0,0,0,1,1,6,1,18,4,1995,2,4,6,1,6
2.02E+12,1,9,0,9,0,8,0,0,0,0,1,1,6,2,28,6,1598,1,4,5,1,5
2.02E+12,2,9,0,18,0,8,0,0,0,0,3,1,6,1,53,8,5000,1,5,10,2,10
2.02E+12,1,9,0,18,0,1,0,0,0,0,4,1,6,2,79,11,1242,1,6,9,1,9
2.02E+12,1,5,0,14,0,8,0,0,0,0,1,1,6,1,22,5,899,1,17,3,1,3
2.02E+12,2,9,0,9,0,8,0,0,0,0,1,1,6,1,28,6,1753,2,8,4,1,4
2.02E+12,1,9,0,18,0,1,0,0,0,0,1,1,6,1,23,5,1598,1,5,2,1,2
2.02E+12,2,9,0,18,0,1,0,0,0,0,2,1,6,2,53,8,1560,2,5,3,1,3
2.02E+12,1,9,0,18,0,8,0,0,1,9,3,1,6,1,86,11,1560,2,4,8,3,8
2.02E+12,1,2,0,18,0,8,0,0,0,0,0,1,1,1,18,4,49,1,4,4,1,4
2.02E+12,1,9,0,18,0,2,0,0,0,0,1,1,1,2,20,4,1799,1,11,3,1,3
2.02E+12,1,9,0,4,0,8,0,0,0,0,2,1,2,1,40,7,1956,2,7,3,1,3
2.02E+12,1,9,0,4,0,8,0,0,0,0,0,1,6,2,26,6,1560,2,8,5,1,5
2.02E+12,2,3,0,4,0,8,0,0,0,0,0,1,2,1,28,6,125,1,2,4,1,4
2.02E+12,2,9,0,9,0,8,0,0,0,0,1,1,6,1,64,9,1998,1,18,10,2,10
2.02E+12,1,9,0,18,0,8,0,0,0,0,1,1,1,1,34,6,1397,1,7,4,1,4
2.02E+12,1,9,0,16,0,8,1,0,1,4,3,1,6,2,25,5,1390,1,16,9,1,9
2.02E+12,1,9,0,9,0,8,0,0,0,0,1,1,6,2,91,11,1390,1,13,9,2,9
2.02E+12,1,9,0,18,0,1,0,0,0,0,3,1,6,2,43,7,1248,2,12,6,1,6
2.02E+12,1,9,0,18,0,2,0,0,0,0,1,1,6,2,72,10,1598,1,8,4,1,4
2.02E+12,2,9,0,3,0,8,0,0,0,0,2,1,6,1,22,5,1198,1,4,10,1,10
2.02E+12,3,8,0,4,0,8,0,0,0,0,1,1,6,1,66,10,2776,2,1,8,1,8
2.02E+12,1,9,0,9,0,8,0,0,1,4,3,1,6,2,71,10,1390,1,15,9,2,9
2.02E+12,1,9,0,5,0,8,0,0,0,0,1,1,1,2,43,7,1998,1,17,8,1,8
2.02E+12,1,9,0,18,0,1,0,0,0,0,4,1,6,1,57,9,1390,1,5,2,1,2
2.02E+12,1,9,0,18,0,8,0,0,0,0,1,1,2,1,47,8,2198,1,14,6,1,6
2.02E+12,1,9,0,18,0,2,0,0,0,0,1,1,6,1,53,8,1497,1,15,3,1,3
2.02E+12,1,9,0,18,0,1,0,0,0,0,1,1,2,1,38,7,1560,2,5,2,1,2
2.02E+12,2,9,0,4,0,1,0,0,2,7,2,1,2,2,26,6,1242,1,8,5,3,5
2.02E+12,1,2,0,16,0,2,1,0,0,0,0,1,4,1,16,4,50,1,6,9,1,9
2.02E+12,1,9,0,5,0,1,0,0,0,0,2,1,1,2,30,6,1397,1,10,1,1,1
2.02E+12,1,9,0,3,0,1,0,0,0,0,2,1,6,2,51,8,2000,1,13,7,1,7
2.02E+12,2,19,0,18,0,1,0,0,0,0,1,1,6,1,27,6,1968,2,5,7,1,7
2.02E+12,1,9,0,6,0,1,0,0,0,0,3,1,6,1,41,7,1995,2,10,9,2,9
2.02E+12,2,9,0,18,0,2,0,0,0,0,1,1,6,2,49,8,995,1,12,8,3,8
2.02E+12,2,9,0,17,0,8,0,0,0,0,1,1,6,1,63,9,1999,1,9,10,1,10
2.02E+12,1,9,0,9,0,8,0,0,0,0,4,1,2,1,39,7,1590,1,12,8,3,8
2.02E+12,1,9,0,9,0,8,0,0,0,0,1,1,2,2,31,6,1242,1,18,4,1,4
2.02E+12,2,9,0,18,0,8,0,0,0,0,1,1,6,1,33,6,1242,1,18,4,1,4
2.02E+12,1,9,0,3,0,1,0,0,0,0,2,1,6,1,50,8,1896,2,9,9,1,9
2.02E+12,1,9,0,9,0,8,0,0,0,0,1,1,6,2,69,10,1995,2,6,9,1,9
2.02E+12,2,9,0,17,0,8,1,0,0,0,4,1,6,2,26,6,1198,1,6,9,3,9
2.02E+12,1,9,0,6,0,8,0,0,1,4,1,1,6,2,84,11,1991,2,6,8,1,8
2.02E+12,2,19,0,5,0,8,0,0,0,0,3,1,1,1,59,9,2148,2,7,6,3,6
2.02E+12,1,9,0,9,0,8,0,0,0,0,1,1,6,1,19,4,1896,1,19,8,3,8
2.02E+12,2,9,0,18,0,8,0,0,0,0,3,1,2,1,49,8,2143,2,3,10,1,10
2.02E+12,3,9,0,2,6,2,0,0,0,0,3,1,2,1,58,9,1560,2,8,6,1,6
2.02E+12,1,9,0,18,0,8,0,0,0,0,1,1,6,2,70,10,1388,1,11,7,1,7
2.02E+12,1,9,0,4,0,1,0,0,0,0,1,1,6,1,24,5,1390,1,8,3,1,3
2.02E+12,2,9,0,3,0,1,0,0,0,0,2,1,6,2,22,5,1242,1,2,10,1,10
2.02E+12,1,3,0,9,0,8,0,0,0,0,4,1,2,2,25,5,125,1,1,2,1,2
2.02E+12,1,9,0,16,0,1,0,0,5,6,3,1,6,2,20,4,1364,1,9,9,1,9
2.02E+12,1,5,0,4,0,1,1,0,0,0,1,1,2,1,25,5,749,1,8,8,1,8
2.02E+12,3,9,0,18,0,1,0,0,0,0,2,1,2,2,32,6,1686,2,4,6,1,6
2.02E+12,1,9,0,18,0,8,0,0,0,0,1,1,6,1,73,10,1598,1,10,4,1,4
2.02E+12,2,19,0,2,0,8,0,0,0,0,2,1,6,1,38,7,2198,2,5,6,1,6
2.02E+12,3,9,0,18,0,8,0,0,0,0,3,1,1,1,21,5,1396,1,14,7,1,7
2.02E+12,1,9,0,9,0,8,0,0,0,0,1,1,6,1,63,9,1896,2,12,6,1,6
2.02E+12,2,9,0,18,0,8,0,0,0,0,1,1,6,1,61,9,1994,2,20,2,1,2
2.02E+12,1,9,0,18,0,8,0,0,0,0,1,1,6,1,46,8,1598,1,13,8,1,8
2.02E+12,2,9,0,7,0,8,0,0,0,0,3,1,6,2,39,7,1360,1,12,2,1,2
2.02E+12,2,9,0,8,0,1,0,0,0,0,2,1,6,2,33,6,1242,1,6,7,1,7
2.02E+12,1,9,0,5,0,1,0,0,0,0,4,1,6,1,55,8,996,1,4,2,1,2
2.02E+12,1,9,0,4,0,1,0,0,0,0,1,1,6,2,43,7,1400,1,12,2,1,2
2.02E+12,1,9,0,18,0,8,0,0,0,0,1,1,6,2,64,9,999,1,2,5,2,5
2.02E+12,2,9,0,4,0,1,0,0,0,0,2,1,6,1,22,5,1390,1,17,5,1,5
2.02E+12,1,3,0,18,0,1,1,0,0,0,4,1,1,1,20,4,124,1,4,7,1,7
2.02E+12,1,9,0,18,0,2,0,0,0,0,1,1,2,2,35,6,999,1,1,10,1,10
2.02E+12,1,9,0,18,0,1,0,0,1,0,1,1,2,1,22,5,1149,1,12,6,1,6
2.02E+12,1,9,0,5,0,2,0,0,0,0,2,1,6,1,38,7,1796,1,16,6,1,6
2.02E+12,2,9,0,4,0,2,0,0,0,0,1,1,6,2,32,6,2969,2,11,4,1,4
2.02E+12,1,8,0,13,0,8,0,0,0,0,4,1,1,1,61,9,1910,2,8,4,1,4
2.02E+12,1,5,0,18,0,2,0,0,0,0,1,1,6,1,54,8,599,1,16,3,1,3
2.02E+12,1,9,0,18,0,1,2,0,2,7,1,1,2,1,32,6,1596,1,13,2,1,2
2.02E+12,1,9,0,2,0,2,0,0,0,0,1,1,6,2,92,11,1598,1,7,9,2,9
2.02E+12,1,9,0,5,0,8,0,0,0,0,1,1,6,2,23,5,1198,1,12,8,1,8
2.02E+12,2,9,0,7,0,8,0,0,0,0,1,1,6,2,37,7,1900,2,12,4,1,4
2.02E+12,1,9,0,9,0,8,0,0,0,0,3,1,1,1,41,7,1242,1,15,3,1,3
2.02E+12,2,5,0,18,0,8,0,0,0,0,1,1,6,1,26,6,636,1,12,6,1,6
2.02E+12,2,9,0,18,0,8,0,0,0,0,4,1,2,1,58,9,1598,1,15,4,1,4
2.02E+12,2,5,0,9,0,8,0,0,0,0,1,1,6,1,21,5,689,1,1,1,1,1
2.02E+12,2,9,0,4,0,8,0,0,0,0,2,1,6,2,31,6,2401,2,13,3,1,3
2.02E+12,1,9,0,7,0,8,0,0,0,0,1,1,6,2,46,8,998,1,2,1,1,1
2.02E+12,1,9,0,16,0,1,1,0,0,0,1,1,6,1,22,5,998,1,15,8,3,8
2.02E+12,2,9,0,17,0,1,0,0,0,0,1,1,6,1,45,7,998,1,15,10,1,10
2.02E+12,1,9,0,9,0,2,0,0,0,0,4,1,6,1,62,9,1560,2,2,10,1,10
2.02E+12,2,9,0,18,0,8,0,0,0,0,4,1,6,1,37,7,1596,1,16,3,3,3
2.02E+12,1,9,0,4,0,1,0,0,0,0,1,1,6,1,22,5,1595,1,10,4,1,4
2.02E+12,2,9,0,4,0,1,0,0,0,0,2,1,6,1,47,8,1422,2,7,5,1,5
2.02E+12,1,9,0,9,0,8,0,0,0,0,0,1,2,2,27,6,1596,1,12,4,1,4
2.02E+12,1,9,0,5,0,8,0,0,0,0,1,1,1,2,56,9,1332,1,8,3,1,3
2.02E+12,1,19,0,18,0,8,0,0,3,1,1,1,6,1,74,10,1248,2,8,9,2,9
2.02E+12,2,9,0,18,0,8,0,0,0,0,1,1,1,2,57,9,1587,1,12,9,1,9
2.02E+12,1,9,0,4,0,2,1,0,0,0,1,1,6,1,36,7,1968,2,1,10,1,10
2.02E+12,2,9,0,4,0,2,0,0,0,0,2,1,6,2,68,10,1968,2,1,6,2,6
2.02E+12,3,19,0,4,0,2,0,0,0,0,2,1,1,1,38,7,1598,2,2,9,3,9
2.02E+12,1,9,0,18,0,2,0,0,0,0,1,1,6,1,35,6,1498,1,19,3,1,3
2.02E+12,1,9,0,9,0,8,0,0,0,0,0,1,2,2,53,8,1598,1,9,6,1,6
2.02E+12,2,3,0,16,0,8,1,0,0,0,0,1,2,1,18,4,124,1,3,9,3,9
2.02E+12,1,9,0,3,0,1,0,0,0,0,2,1,2,1,36,7,1598,2,4,7,1,7
2.02E+12,1,3,0,7,0,8,1,0,0,0,0,1,1,1,28,6,124,1,1,4,2,4
2.02E+12,1,9,0,18,0,1,0,0,0,0,2,1,1,1,50,8,2698,2,6,6,3,6
2.02E+12,1,9,0,18,0,8,0,0,0,0,3,1,1,1,66,10,1198,1,1,5,1,5
2.02E+12,2,3,0,18,0,8,0,0,0,0,1,1,1,1,26,6,124,1,3,5,1,5
2.02E+12,1,9,0,18,0,2,0,0,0,0,1,1,3,1,39,7,1995,2,3,5,1,5
2.02E+12,1,9,0,18,0,1,0,0,0,0,1,1,6,1,62,9,998,1,10,8,1,8
2.02E+12,1,19,0,18,0,2,0,0,0,0,1,1,6,1,23,5,2402,2,10,8,1,8
2.02E+12,1,9,0,18,0,8,0,0,0,0,1,1,6,1,42,7,2720,2,9,7,1,7
2.02E+12,2,9,0,10,0,8,0,0,0,0,2,1,6,2,49,8,1289,1,19,10,1,10
2.02E+12,3,9,0,18,0,8,0,0,1,1,1,1,6,1,50,8,2967,2,3,9,1,9
2.02E+12,1,9,0,17,0,2,0,4,0,0,1,1,6,1,17,4,1124,1,12,6,1,6
2.02E+12,1,9,0,18,0,2,0,0,0,0,1,1,2,2,26,6,1398,1,6,1,1,1
2.02E+12,1,9,0,18,0,8,0,0,0,0,4,1,6,2,49,8,2148,2,12,10,2,10
2.02E+12,2,9,0,5,0,8,0,0,0,0,1,1,6,2,88,11,2148,2,12,10,1,10
2.02E+12,1,9,0,9,0,8,0,0,0,0,1,1,6,2,64,9,1248,2,4,5,1,5
2.02E+12,2,9,0,18,0,8,0,0,0,0,3,1,2,2,41,7,1242,1,11,7,1,7
2.02E+12,1,9,0,5,0,1,0,0,0,0,4,1,6,2,19,4,998,1,4,5,3,5
2.02E+12,1,8,0,6,0,1,0,0,0,0,3,1,1,1,37,7,1956,2,2,4,1,4
2.02E+12,2,3,0,18,0,1,0,0,0,0,1,1,6,1,33,6,125,1,3,3,1,3
2.02E+12,2,9,0,9,0,8,0,0,0,0,1,1,6,1,44,7,1398,1,1,2,1,2
2.02E+12,1,9,0,9,0,8,0,0,0,0,4,1,1,2,51,8,1997,2,7,9,1,9
2.02E+12,2,8,0,18,0,8,0,0,0,0,1,1,1,1,28,6,1997,2,7,5,1,5
2.02E+12,1,9,0,9,0,8,0,0,0,0,1,1,2,1,29,6,1560,2,9,1,1,1
2.02E+12,1,9,0,18,0,8,0,0,0,0,4,1,2,1,35,6,1995,2,8,10,1,10
2.02E+12,2,2,0,18,0,8,0,0,0,0,1,1,1,1,16,4,49,1,16,1,1,1
2.02E+12,2,9,0,18,0,8,0,0,0,0,3,1,1,1,44,7,1995,2,2,3,1,3
2.02E+12,2,9,0,9,0,8,0,0,0,0,4,1,2,1,31,6,1598,1,13,10,1,10
2.02E+12,1,9,0,9,0,8,0,0,0,0,4,1,6,2,34,6,1597,1,15,6,1,6
2.02E+12,2,5,0,14,0,8,0,0,0,0,3,1,6,1,57,9,805,1,5,4,1,4
2.02E+12,2,9,0,18,0,8,0,0,0,0,3,1,6,2,30,6,1229,1,5,9,1,9
2.02E+12,1,9,0,9,0,8,0,0,0,0,3,1,6,1,55,8,1598,1,4,6,1,6
2.02E+12,2,9,0,18,0,8,0,0,0,0,1,1,6,2,23,5,998,1,4,8,1,8
2.02E+12,3,9,0,8,0,8,0,0,0,0,1,1,6,1,59,9,998,1,10,6,1,6
2.02E+12,1,19,0,9,0,8,0,0,0,0,1,1,6,1,52,8,2496,2,18,4,1,4
2.02E+12,1,9,0,17,0,2,5,10,2,4,1,1,6,1,22,5,1248,1,7,3,1,3
2.02E+12,1,5,0,13,0,8,0,0,0,0,1,1,6,1,67,10,599,1,19,4,1,4
2.02E+12,1,9,0,18,0,1,0,0,0,0,1,1,6,2,49,8,1197,1,2,6,1,6
2.02E+12,2,9,0,3,0,1,0,0,0,0,2,1,2,1,54,8,1198,1,10,3,3,3
2.02E+12,3,9,0,5,0,1,0,0,0,0,1,1,6,2,40,7,1796,1,16,3,1,3
2.02E+12,2,9,0,3,0,8,0,0,0,0,2,1,6,2,32,6,1598,1,9,10,1,10
2.02E+12,3,9,0,4,0,8,1,0,0,0,1,1,6,1,37,7,1598,1,9,6,2,6
2.02E+12,1,9,0,14,0,1,0,0,0,0,1,1,6,1,23,5,1996,1,20,6,1,6
2.02E+12,2,9,0,18,0,2,0,0,0,0,1,1,6,2,38,7,1596,1,11,6,1,6
2.02E+12,1,9,0,14,0,2,0,0,0,0,1,1,3,1,55,8,1968,2,10,10,2,10
2.02E+12,1,5,0,18,0,8,0,0,0,0,0,1,2,1,42,7,998,1,11,6,1,6
2.02E+12,1,9,0,6,0,8,0,0,0,0,1,1,6,1,19,4,1398,2,14,3,1,3
2.02E+12,2,9,0,13,0,8,2,0,7,9,4,1,6,1,19,4,1242,1,10,8,3,8
2.02E+12,1,9,0,7,0,8,0,0,0,0,1,1,6,1,45,7,1968,2,9,6,1,6
2.02E+12,1,9,0,9,0,8,0,0,0,0,3,1,6,2,26,6,1198,1,7,4,1,4
2.02E+12,2,3,0,18,0,8,0,0,0,0,1,1,6,1,18,4,125,1,9,10,1,10
2.02E+12,1,3,0,18,0,2,1,0,0,0,0,1,1,1,20,4,125,1,5,3,1,3
2.02E+12,1,8,0,9,0,8,0,0,0,0,1,1,1,1,55,8,1598,2,2,4,1,4
2.02E+12,2,3,0,18,0,8,0,0,0,0,4,1,2,1,21,5,124,1,13,3,1,3
2.02E+12,1,11,0,18,0,1,0,0,0,4,4,1,1,1,35,6,9600,2,20,5,1,5
2.02E+12,1,9,0,3,0,2,0,0,0,0,4,1,6,1,73,10,1124,1,11,4,1,4
2.02E+12,1,9,0,4,0,8,0,0,0,0,1,1,6,2,72,10,1582,2,3,9,1,9
2.02E+12,2,9,0,10,0,8,0,0,0,0,2,1,6,2,66,10,1560,2,11,10,1,10
2.02E+12,2,9,0,18,0,8,0,0,0,0,1,1,6,1,58,9,1796,1,12,7,3,7
2.02E+12,1,9,0,9,0,8,0,0,0,0,3,1,1,1,20,4,998,1,11,5,1,5
2.02E+12,2,3,0,14,0,8,0,0,0,0,1,1,6,1,19,4,124,1,1,10,1,10
2.02E+12,1,9,0,4,0,1,0,0,0,0,2,1,6,1,57,9,1248,2,9,6,1,6
2.02E+12,1,9,0,9,0,8,0,0,0,0,1,1,6,2,41,7,1988,2,12,6,1,6
2.02E+12,2,9,0,18,0,8,0,0,0,0,4,1,6,2,21,5,1598,1,1,9,1,9
2.02E+12,1,3,0,4,0,1,0,0,0,0,0,1,2,1,21,5,124,1,12,7,1,7
2.02E+12,2,9,0,18,0,8,0,0,0,0,1,1,6,2,19,4,1242,1,16,10,1,10
2.02E+12,1,9,0,9,0,8,0,0,0,0,1,1,3,2,31,6,1999,1,7,10,1,10
2.02E+12,1,9,0,9,0,8,0,0,0,0,1,1,6,1,44,7,1997,2,15,2,1,2
2.02E+12,2,9,0,18,0,8,0,0,0,0,1,1,6,1,25,5,1598,1,11,4,1,4
2.02E+12,1,9,0,17,0,8,0,0,0,0,1,1,6,2,59,9,1839,1,12,9,1,9
2.02E+12,1,9,0,18,0,3,0,0,0,0,1,1,6,1,20,4,1242,1,4,10,1,10
2.02E+12,1,9,0,18,0,8,0,0,7,0,1,1,6,2,53,8,1598,1,9,8,1,8
2.02E+12,1,9,0,18,0,8,0,0,1,10,1,1,2,1,24,5,1796,1,12,3,1,3
2.02E+12,2,9,0,9,0,8,0,0,0,0,2,1,2,1,37,7,1598,1,3,3,1,3
2.02E+12,1,9,0,9,0,8,0,0,0,0,4,1,6,1,18,4,1397,1,8,3,1,3
2.02E+12,2,9,0,18,0,8,0,0,0,0,1,1,6,2,59,9,1390,1,6,6,1,6
2.02E+12,1,9,0,17,0,8,0,0,0,0,1,1,6,2,34,6,1753,2,13,3,1,3
2.02E+12,2,9,0,9,0,8,0,0,0,0,1,1,6,1,32,6,1399,2,5,9,2,9
2.02E+12,1,9,0,9,0,8,0,0,0,0,3,1,6,2,25,5,1995,1,14,7,3,7
2.02E+12,2,9,0,18,0,8,0,0,0,0,4,1,6,2,66,10,998,1,12,4,1,4
2.02E+12,1,9,0,16,0,8,0,0,0,0,3,1,6,2,18,4,998,1,4,9,2,9
2.02E+12,2,9,0,17,0,8,0,0,0,0,1,1,6,1,57,9,1242,1,11,6,1,6
2.02E+12,1,9,0,18,0,2,1,0,1,0,2,1,6,1,52,8,1794,1,12,4,1,4
2.02E+12,2,9,0,18,0,2,0,0,0,0,1,1,6,1,18,4,998,1,11,7,2,7
2.02E+12,1,9,0,18,0,8,0,0,0,0,1,1,6,2,60,9,1598,2,3,7,3,7
2.02E+12,2,9,0,18,0,8,0,0,0,0,3,1,6,1,54,8,1149,1,3,8,1,8
2.02E+12,1,9,0,9,0,8,0,0,0,0,4,1,6,2,72,10,1794,1,13,10,1,10
2.02E+12,1,9,0,3,0,1,0,0,0,0,2,1,6,2,54,8,1991,2,12,3,1,3
2.02E+12,1,9,0,10,0,8,0,0,0,0,3,1,6,1,48,8,2967,2,10,5,1,5
2.02E+12,1,9,0,9,0,8,0,0,0,0,1,1,6,2,39,7,999,1,9,5,1,5
2.02E+12,2,9,0,18,0,8,0,0,1,11,1,1,6,1,26,6,1781,1,14,7,1,7
2.02E+12,1,9,0,18,0,8,0,0,0,0,1,1,6,2,50,8,1339,1,8,3,1,3
2.02E+12,2,9,0,9,0,8,0,0,0,0,3,1,2,1,38,7,1800,1,17,9,1,9
2.02E+12,1,3,0,18,0,8,1,0,0,0,4,1,6,1,19,4,124,1,2,5,1,5
2.02E+12,2,9,0,5,0,8,0,0,0,0,1,1,6,1,31,6,1598,1,7,3,3,3
2.02E+12,1,9,0,18,0,8,1,0,3,11,1,1,6,2,75,10,1242,1,7,8,1,8
2.02E+12,1,5,0,18,0,1,1,0,1,0,1,1,6,1,24,5,998,1,8,6,1,6
2.02E+12,1,9,0,7,0,8,0,0,0,0,4,1,6,2,62,9,1598,1,13,4,1,4
2.02E+12,1,9,0,18,0,1,0,0,0,0,1,1,6,1,75,10,1299,1,16,3,1,3
2.02E+12,1,9,0,18,0,8,2,0,1,1,1,1,6,1,39,7,1560,2,12,4,1,4
2.02E+12,1,9,0,9,0,8,0,0,0,0,4,1,6,2,23,5,998,1,3,4,1,4
2.02E+12,2,9,0,18,0,8,0,0,0,0,1,1,6,1,34,6,1598,1,12,3,1,3
2.02E+12,1,9,0,18,0,1,0,0,0,0,1,1,6,1,50,8,2993,2,2,8,1,8
2.02E+12,2,9,0,3,0,1,0,0,0,0,3,1,6,2,62,9,1086,1,9,8,1,8
2.02E+12,1,8,0,10,0,8,0,0,0,0,3,1,1,1,69,10,2499,2,6,3,1,3
2.02E+12,1,9,0,9,0,8,0,0,0,0,3,1,6,1,81,11,1598,1,11,10,1,10
2.02E+12,2,9,0,5,0,8,0,0,0,0,1,1,6,1,81,11,1598,1,6,10,1,10
2.02E+12,1,9,0,8,0,1,0,0,0,0,2,1,2,2,48,8,2499,1,10,5,1,5
2.02E+12,1,9,0,9,0,8,0,0,0,0,4,1,6,1,89,11,1461,2,11,8,1,8
2.02E+12,1,90,0,18,0,8,5,0,0,0,4,1,1,2,57,9,1997,2,3,8,3,8
2.02E+12,1,9,0,18,0,8,0,0,0,0,3,1,2,1,61,9,1388,1,15,4,1,4