Accident_Index,Vehicle_Reference,Vehicle_Type,Towing_and_Articulation,Vehicle_Manoeuvre,Vehicle_Location-Restricted_Lane,Junction_Location,Skidding_and_Overturning,Hit_Object_in_Carriageway,Vehicle_Leaving_Carriageway,Hit_Object_off_Carriageway,1st_Point_of_Impact,Was_Vehicle_Left_Hand_Drive?,Journey_Purpose_of_Driver,Sex_of_Driver,Age_of_Driver,Age_Band_of_Driver,Engine_Capacity_(CC),Propulsion_Code,Age_of_Vehicle,Driver_IMD_Decile,Driver_Home_Area_Type,Vehicle_IMD_Decile
2.02E+12,1,9,0,9,0,1,0,0,0,0,0,1,5,2,48,8,1798,8,1,10,1,10
2.02E+12,2,9,0,3,0,1,0,0,0,0,2,1,5,2,70,10,1598,2,4,9,2,9
2.02E+12,3,9,0,3,0,1,0,0,0,0,2,1,5,2,31,6,1984,1,11,6,1,6
2.02E+12,4,9,0,18,0,1,0,0,0,0,1,1,2,1,39,7,2402,2,10,8,3,8
2.02E+12,1,9,0,18,0,8,0,0,0,0,2,1,5,1,19,4,1242,1,6,10,3,10
2.02E+12,2,9,0,18,0,8,0,0,0,0,1,1,5,3,30,6,2148,2,14,10,1,10
2.02E+12,1,9,0,4,0,1,0,0,0,0,2,1,6,1,26,6,1910,2,11,8,1,8
2.02E+12,2,9,0,4,0,1,0,0,0,0,1,1,2,1,20,4,1299,1,11,8,1,8
2.02E+12,3,9,0,18,0,1,0,0,0,0,1,1,2,2,28,6,1598,1,6,10,2,10
2.02E+12,2,3,0,18,0,1,0,0,0,0,1,1,6,1,18,4,125,1,8,7,1,7
2.02E+12,1,9,0,5,0,1,0,0,0,0,1,1,6,2,37,7,1598,1,16,10,1,10
2.02E+12,2,9,0,7,0,1,0,7,1,0,2,1,6,2,60,9,1590,1,12,9,1,9
2.02E+12,1,9,0,2,0,2,0,0,0,0,2,1,1,1,37,7,1598,2,1,6,1,6
2.02E+12,2,9,0,2,0,1,0,0,0,0,1,1,1,1,36,7,1896,2,9,6,1,6
2.02E+12,3,9,0,18,0,1,0,0,0,0,4,1,5,1,26,6,1198,1,11,4,1,4
2.02E+12,4,9,0,18,0,1,0,0,0,0,4,1,1,1,40,7,1598,2,4,4,1,4
2.02E+12,1,3,0,17,0,8,2,0,1,0,3,1,2,1,27,6,123,1,23,6,1,6
2.02E+12,1,9,0,6,0,6,0,0,0,0,3,1,2,1,49,8,998,1,1,8,1,8
2.02E+12,1,9,0,10,0,1,0,0,0,0,3,1,5,1,87,11,1124,1,14,8,1,8
2.02E+12,1,9,0,5,0,1,0,0,0,0,1,1,6,2,81,11,999,1,6,9,1,9
2.02E+12,2,9,0,1,0,1,0,0,0,0,1,1,6,1,21,5,996,1,5,5,1,5
2.02E+12,1,9,0,18,0,1,0,0,0,0,2,1,2,1,27,6,1968,2,6,8,1,8
2.02E+12,2,9,0,5,0,1,0,0,0,0,1,1,6,2,25,5,1390,1,3,7,1,7
2.02E+12,1,9,0,18,0,1,5,0,0,0,1,1,2,1,34,6,1299,1,16,5,1,5
2.02E+12,2,9,0,9,0,1,0,0,0,0,1,1,6,1,38,7,1240,1,12,3,1,3
2.02E+12,1,9,0,3,0,1,0,0,0,0,1,1,2,1,27,6,1586,1,7,10,3,10
2.02E+12,2,9,0,9,0,1,0,0,0,0,2,1,1,1,59,9,1598,1,4,10,1,10
2.02E+12,1,9,0,18,0,1,0,0,0,0,2,1,6,2,51,8,1598,2,3,7,2,7
2.02E+12,2,9,0,5,0,8,0,0,0,0,1,1,6,2,53,8,1198,1,2,10,1,10
2.02E+12,1,9,0,4,0,2,0,0,0,0,1,1,1,2,29,6,1596,1,11,5,1,5
2.02E+12,2,9,0,2,0,1,0,0,0,0,3,1,5,1,60,9,1998,1,13,5,1,5
2.02E+12,1,9,0,9,0,8,0,0,0,0,4,1,5,1,17,4,1390,1,12,9,1,9
2.02E+12,2,9,0,18,0,1,0,0,0,0,1,1,2,2,33,6,1199,1,19,9,1,9
2.02E+12,1,9,0,7,0,1,0,0,0,0,4,1,2,1,47,8,1560,2,9,3,1,3
2.02E+12,1,9,0,9,0,1,0,0,0,0,3,1,5,1,27,6,1598,1,10,5,1,5
2.02E+12,2,9,0,5,0,1,0,0,0,0,2,1,2,2,37,7,1797,8,5,8,1,8
2.02E+12,1,9,0,18,0,8,0,0,0,0,4,1,2,1,42,7,1339,1,7,7,1,7
2.02E+12,2,9,0,18,0,1,0,0,0,0,1,1,6,2,85,11,1197,1,5,10,1,10
2.02E+12,1,9,0,9,0,2,0,0,0,0,1,1,5,2,73,10,1598,1,11,10,1,10
2.02E+12,2,3,0,18,0,1,0,0,0,0,1,1,1,1,52,8,199,1,1,2,1,2
2.02E+12,1,9,0,5,0,2,0,0,0,0,3,1,6,1,25,5,1400,1,17,7,1,7
2.02E+12,2,9,0,18,0,8,0,0,0,0,1,1,1,1,55,8,1598,1,7,3,1,3
2.02E+12,1,9,0,4,0,1,0,0,0,0,1,1,2,1,32,6,1896,2,14,3,1,3
2.02E+12,2,9,0,3,0,4,0,0,0,0,2,1,2,2,57,9,1499,1,1,7,1,7
2.02E+12,1,9,0,18,0,1,0,9,0,0,1,1,6,1,30,6,2143,2,3,3,1,3
2.02E+12,1,3,0,13,0,8,0,0,0,0,1,1,2,1,57,9,598,1,23,6,1,6
2.02E+12,2,11,0,10,0,1,0,0,0,0,1,1,1,1,37,7,9200,2,14,4,1,4
2.02E+12,3,9,0,3,0,1,0,0,0,0,1,1,2,1,56,9,1590,1,15,7,1,7
2.02E+12,1,9,0,16,0,8,2,0,1,0,3,1,5,1,21,5,1299,1,17,8,1,8
2.02E+12,2,9,0,10,0,1,0,0,0,0,2,1,5,1,29,6,1968,2,3,6,1,6
2.02E+12,1,9,0,17,0,3,0,0,0,0,1,1,1,1,28,6,999,1,4,8,1,8
2.02E+12,3,9,0,10,0,1,0,0,0,0,2,1,6,1,46,8,1998,1,2,7,3,7
2.02E+12,1,9,0,4,0,1,0,0,0,0,2,1,1,1,47,8,1364,1,3,5,1,5
2.02E+12,2,9,0,4,0,1,0,0,0,0,2,1,2,2,55,8,1242,1,11,10,1,10
2.02E+12,3,9,0,5,0,1,0,0,0,0,2,1,3,2,37,7,1969,2,2,10,1,10
2.02E+12,1,9,0,7,0,1,0,0,0,0,1,1,5,2,24,5,1390,1,11,10,1,10
2.02E+12,2,9,0,18,0,8,0,0,0,0,4,1,5,2,50,8,1587,1,12,8,1,8
2.02E+12,2,9,0,4,0,1,0,0,0,0,2,1,1,1,53,8,2184,2,8,7,2,7
2.02E+12,3,9,0,4,0,1,0,0,0,0,2,1,6,1,53,8,1598,1,1,10,1,10
2.02E+12,1,9,0,8,0,1,0,0,0,0,2,1,6,2,79,11,999,1,2,5,1,5
2.02E+12,1,9,0,8,0,1,0,0,0,0,1,1,6,2,56,9,4461,2,3,10,1,10
2.02E+12,2,9,0,7,0,1,0,0,0,0,2,1,1,2,47,8,1598,1,11,6,1,6
2.02E+12,1,9,0,9,0,1,0,0,1,0,1,1,6,2,20,4,1124,1,13,9,1,9
2.02E+12,2,9,0,17,0,1,0,0,0,0,4,1,1,2,63,9,1598,2,4,10,1,10
2.02E+12,1,9,0,4,0,1,0,0,0,0,2,1,6,2,48,8,1596,1,7,6,1,6
2.02E+12,1,9,0,3,0,4,0,0,0,0,1,1,1,1,47,8,1560,2,4,6,1,6
2.02E+12,2,9,0,4,0,4,0,0,0,0,2,1,6,2,50,8,1796,1,14,6,1,6
2.02E+12,1,9,0,5,0,8,0,0,0,0,3,1,6,2,29,6,1596,1,11,8,1,8
2.02E+12,1,9,0,18,0,8,0,0,0,0,1,1,2,2,37,7,1299,1,13,3,1,3
2.02E+12,2,5,0,18,0,8,5,0,0,0,0,1,2,2,54,8,600,1,6,4,1,4
2.02E+12,1,9,0,18,0,1,0,0,0,0,4,1,5,1,31,6,1596,1,5,10,1,10
2.02E+12,1,9,0,4,0,5,1,10,3,0,1,1,6,1,36,7,2387,2,10,4,1,4
2.02E+12,1,9,0,9,0,1,0,0,0,0,3,1,6,2,35,6,1984,1,11,10,1,10
2.02E+12,2,3,0,18,0,1,5,0,0,0,1,1,6,1,18,4,124,1,2,10,1,10
2.02E+12,1,9,0,18,0,3,0,0,0,0,2,1,6,2,56,9,1198,1,13,8,1,8
2.02E+12,1,9,0,18,0,8,0,0,0,0,4,1,6,2,17,4,1198,1,8,6,1,6
2.02E+12,1,9,0,5,0,1,0,0,0,0,0,1,6,2,31,6,2488,2,12,8,1,8
2.02E+12,2,3,0,18,0,1,0,0,0,0,1,1,6,1,26,6,108,1,1,8,1,8
2.02E+12,1,9,0,18,0,1,0,0,0,0,4,1,6,2,72,10,993,1,15,3,1,3
2.02E+12,1,9,0,16,0,1,0,0,0,0,1,1,1,1,43,7,1798,8,4,7,3,7
2.02E+12,2,9,0,17,0,1,0,0,0,0,3,1,6,1,51,8,2494,1,18,10,2,10
2.02E+12,1,9,0,4,0,1,0,0,0,0,2,1,6,1,36,7,1598,1,6,9,1,9
2.02E+12,2,9,0,3,0,1,0,0,0,0,0,1,6,1,64,9,1799,1,8,5,1,5
2.02E+12,3,9,0,18,0,1,0,0,0,0,1,1,6,1,54,8,2987,2,2,9,1,9
2.02E+12,2,9,0,18,0,8,0,0,0,0,4,1,6,1,26,6,1598,1,11,4,1,4
2.02E+12,1,9,0,18,0,1,1,4,7,10,1,1,6,1,22,5,1753,2,15,2,1,2
2.02E+12,1,9,0,4,0,1,0,0,0,0,2,1,6,1,39,7,1999,2,2,8,1,8
2.02E+12,3,9,0,18,0,1,0,0,0,0,1,1,6,1,31,6,1598,2,2,10,1,10
2.02E+12,1,9,0,9,0,1,0,0,0,0,1,1,5,1,71,10,973,1,17,4,1,4
2.02E+12,2,9,0,18,0,8,0,0,1,1,1,1,6,2,78,11,1596,1,11,9,1,9
2.02E+12,1,9,0,4,0,1,0,0,0,0,2,1,6,1,50,8,1598,2,4,9,1,9
2.02E+12,2,9,0,4,0,1,0,0,0,0,1,1,6,1,47,8,1598,1,3,1,1,1
2.02E+12,1,9,0,5,0,4,0,0,0,0,1,1,6,2,33,6,1390,1,15,10,1,10
2.02E+12,1,9,0,5,0,6,0,0,0,0,1,1,6,1,63,9,1595,1,9,10,1,10
2.02E+12,2,3,0,13,0,1,0,0,0,0,4,1,6,2,31,6,124,1,6,6,1,6
2.02E+12,1,9,0,5,0,8,0,0,0,0,1,1,1,1,39,7,2143,2,3,5,1,5
2.02E+12,2,9,0,18,0,2,0,0,0,0,3,1,6,1,44,7,1597,2,4,7,2,7
2.02E+12,1,9,0,9,0,4,0,0,0,0,3,1,6,2,31,6,1395,1,2,10,1,10
2.02E+12,2,5,0,18,0,1,2,0,0,0,3,1,2,1,64,9,680,1,10,8,1,8
2.02E+12,1,9,0,5,0,3,0,0,0,0,2,1,5,1,43,7,1598,1,1,9,1,9
2.02E+12,2,9,0,5,0,3,0,0,0,0,1,1,5,1,50,8,999,1,1,7,1,7
2.02E+12,2,9,0,18,0,1,0,0,0,0,1,1,5,2,42,7,1968,2,6,9,2,9
2.02E+12,1,9,0,9,0,8,0,0,0,0,1,1,6,1,27,6,1986,2,10,5,1,5
2.02E+12,2,9,0,14,0,1,0,0,0,0,1,1,2,2,26,6,1599,1,13,10,1,10
2.02E+12,1,9,0,9,0,1,0,0,0,0,4,1,2,2,39,7,1998,2,8,9,1,9
2.02E+12,2,9,0,18,0,1,0,0,0,0,3,1,3,1,37,7,1995,2,10,5,1,5
2.02E+12,1,9,0,18,0,8,0,0,0,0,4,1,6,1,17,4,998,1,11,5,1,5
2.02E+12,2,9,0,5,0,8,0,0,0,0,1,1,2,2,46,8,2179,2,6,10,1,10
2.02E+12,3,9,0,18,0,1,0,0,0,0,1,1,2,2,31,6,1997,1,14,8,1,8
2.02E+12,4,9,0,4,0,1,0,0,0,0,0,1,2,2,45,7,999,1,6,5,1,5
2.02E+12,1,9,0,18,0,1,0,0,7,10,1,1,6,2,76,11,1242,1,13,9,1,9
2.02E+12,2,19,0,4,0,7,0,0,0,0,1,1,1,1,24,5,2488,2,7,10,1,10
2.02E+12,1,9,0,9,0,1,2,0,0,0,4,1,5,1,47,8,1998,1,19,7,1,7
2.02E+12,2,9,0,18,0,1,0,0,0,0,3,1,5,1,17,4,1198,1,4,10,3,10
2.02E+12,3,9,0,18,0,1,0,0,0,0,2,1,6,1,24,5,1998,2,16,4,1,4
2.02E+12,1,9,0,3,0,1,1,0,7,0,1,1,6,1,28,6,4999,1,11,3,1,3
2.02E+12,2,9,0,18,0,1,0,0,0,0,1,1,2,2,23,5,1200,1,2,6,1,6
2.02E+12,1,9,0,18,0,7,0,0,0,0,2,1,6,1,50,8,1598,2,4,7,1,7
2.02E+12,1,5,0,17,0,2,2,0,1,10,1,1,6,1,55,8,680,1,10,6,1,6
2.02E+12,2,9,0,4,0,1,0,0,0,0,2,1,6,2,28,6,1999,2,2,4,2,4
2.02E+12,1,9,0,18,0,1,0,0,0,0,1,1,2,1,34,6,1968,2,5,10,1,10
2.02E+12,2,9,0,10,9,6,0,0,0,0,1,1,2,1,34,6,1360,1,17,3,1,3
2.02E+12,2,19,0,18,0,1,0,0,0,0,2,1,1,1,43,7,2198,2,4,9,1,9
2.02E+12,1,9,0,18,0,2,0,0,0,0,1,1,5,1,78,11,1798,1,4,8,1,8
2.02E+12,1,9,0,7,0,5,0,0,0,0,1,1,5,1,44,7,1390,1,16,7,1,7
2.02E+12,1,9,0,4,0,1,0,0,0,0,1,1,6,1,81,11,1364,1,10,6,1,6
2.02E+12,1,9,0,18,0,1,1,0,7,0,1,1,5,1,26,6,1995,2,11,8,1,8
2.02E+12,2,9,0,9,0,2,0,0,3,0,3,1,5,2,53,8,1598,1,14,10,3,10
2.02E+12,1,5,0,17,0,2,5,0,1,0,1,1,5,1,50,8,1200,1,1,10,1,10
2.02E+12,2,9,0,18,0,1,1,0,1,10,1,1,6,2,48,8,1400,1,11,6,1,6
2.02E+12,1,5,0,13,0,1,0,0,0,0,3,1,6,1,37,7,599,1,16,7,1,7
2.02E+12,3,9,0,18,0,1,0,0,0,0,3,1,6,2,42,7,1461,2,6,10,1,10
2.02E+12,1,9,0,14,0,1,0,0,0,0,1,1,2,1,31,6,1560,2,8,8,3,8
2.02E+12,2,9,0,18,0,1,0,0,0,0,1,1,6,1,24,5,2198,1,11,5,1,5
2.02E+12,3,9,0,18,0,1,0,0,0,0,1,1,1,1,24,5,1595,1,7,8,1,8
2.02E+12,1,9,0,5,0,8,0,0,0,0,4,1,5,1,38,7,1781,1,15,2,1,2
2.02E+12,2,3,0,18,0,8,2,0,0,0,1,1,5,1,24,5,124,1,3,9,1,9
2.02E+12,1,9,0,18,0,1,0,0,0,0,1,1,6,1,62,9,1968,2,3,9,3,9
2.02E+12,1,9,0,4,0,1,0,0,0,0,2,1,6,1,50,8,1368,1,7,10,2,10
2.02E+12,2,9,0,5,0,1,0,0,0,0,1,1,6,2,29,6,1498,1,8,8,1,8
2.02E+12,2,19,0,18,0,1,0,0,0,0,3,1,1,1,24,5,1870,2,10,10,1,10
2.02E+12,1,9,0,5,0,2,1,0,0,0,4,1,6,2,52,8,1124,1,14,4,1,4
2.02E+12,2,9,0,18,0,8,0,0,0,0,1,1,1,1,48,8,1968,2,11,9,1,9
2.02E+12,1,9,0,18,0,8,0,0,0,0,1,1,5,2,50,8,1956,2,1,9,1,9
2.02E+12,2,9,0,2,0,2,0,0,0,0,3,1,6,1,40,7,1598,1,6,4,1,4
2.02E+12,1,9,0,18,0,8,0,0,0,0,1,1,5,1,18,4,1360,1,15,7,1,7
2.02E+12,2,9,0,2,0,1,0,0,0,0,4,1,5,1,50,8,1997,1,15,5,1,5
2.02E+12,1,9,0,18,0,8,0,0,0,0,4,1,6,1,67,10,1461,2,3,5,1,5
2.02E+12,2,9,0,18,0,8,0,0,0,0,1,1,6,2,23,5,1995,2,2,9,1,9
2.02E+12,1,9,0,9,0,8,0,0,0,0,1,1,6,1,47,8,1797,8,6,7,1,7
2.02E+12,2,9,0,18,0,1,0,0,0,0,1,1,6,2,40,7,1995,2,7,8,1,8
2.02E+12,1,5,0,18,0,5,0,0,0,0,4,1,6,1,54,8,996,1,17,4,1,4
2.02E+12,3,9,0,3,0,2,0,0,0,0,2,1,5,1,35,6,1956,2,6,6,1,6
2.02E+12,1,9,0,18,0,8,0,0,0,0,1,1,6,1,47,8,1200,1,15,6,1,6
2.02E+12,1,9,0,17,0,4,0,0,0,0,1,1,6,1,62,9,5000,1,8,10,1,10
2.02E+12,1,9,0,9,0,6,0,0,0,0,3,1,2,1,20,4,1198,1,14,7,1,7
2.02E+12,1,9,0,18,0,1,0,0,0,0,1,1,6,2,55,8,2488,1,12,3,1,3
2.02E+12,1,9,0,18,0,8,0,0,1,0,1,1,5,1,25,5,1596,1,9,5,1,5
2.02E+12,2,9,0,10,0,6,0,0,0,0,3,1,6,2,34,6,1968,2,1,9,1,9
2.02E+12,1,9,0,5,0,1,0,0,0,0,1,1,6,1,42,7,1995,2,2,8,1,8
2.02E+12,2,9,0,4,0,1,0,0,0,0,2,1,6,1,64,9,2400,2,8,8,2,8
2.02E+12,1,20,0,18,0,1,1,0,0,0,1,1,1,1,39,7,3920,2,4,1,1,1
2.02E+12,3,9,0,3,0,1,0,0,0,0,3,1,6,1,70,10,1968,2,5,9,1,9
2.02E+12,1,9,0,4,0,1,0,0,0,0,2,1,2,2,52,8,980,1,26,10,1,10
2.02E+12,2,9,0,18,0,1,0,0,0,0,1,1,2,2,25,5,998,1,1,4,1,4
2.02E+12,2,9,0,5,0,8,0,0,0,0,1,1,6,2,52,8,1992,2,10,4,1,4
2.02E+12,1,9,0,5,0,2,0,0,0,0,1,1,5,1,33,6,1796,1,16,5,1,5
2.02E+12,1,9,0,9,0,1,0,0,0,0,4,1,6,1,41,7,1794,1,11,8,3,8
2.02E+12,2,9,0,7,0,8,0,0,0,0,1,1,5,1,18,4,1149,1,17,6,1,6
2.02E+12,1,9,0,9,0,3,0,0,0,0,1,1,6,1,29,6,1587,1,11,6,1,6
2.02E+12,2,9,0,3,0,4,0,0,0,0,3,1,6,1,47,8,2143,2,3,9,1,9
2.02E+12,1,9,0,13,0,1,1,0,7,0,1,1,1,1,33,6,1560,2,5,8,1,8
2.02E+12,2,9,0,10,0,1,0,0,0,0,0,1,6,2,42,7,998,1,4,10,1,10
2.02E+12,3,9,0,4,0,3,0,0,0,0,2,1,6,1,54,8,1598,2,6,10,1,10
2.02E+12,1,19,0,18,0,1,0,0,4,6,4,1,1,1,33,6,2143,2,3,3,1,3
2.02E+12,2,19,0,18,0,1,0,0,0,0,3,1,1,1,21,5,1461,2,7,3,1,3
2.02E+12,1,9,0,13,0,8,0,0,0,0,4,1,2,1,52,8,2997,1,1,8,3,8
2.02E+12,2,9,0,5,0,6,0,0,0,0,1,1,5,1,70,10,1997,2,8,10,1,10
2.02E+12,1,9,0,3,0,1,0,0,0,0,1,1,6,2,42,7,1995,2,7,5,2,5
2.02E+12,2,9,0,18,0,1,0,0,0,0,2,1,6,2,44,7,1968,2,4,10,2,10
2.02E+12,3,9,0,18,0,2,0,0,0,0,2,1,6,1,47,8,2183,2,6,4,1,4
2.02E+12,1,9,0,4,0,1,0,0,0,0,0,1,6,1,26,6,1686,2,6,10,1,10
2.02E+12,2,9,0,18,0,2,0,0,0,0,1,1,5,2,54,8,1998,8,1,10,1,10
2.02E+12,1,9,0,3,0,1,0,0,0,0,1,1,6,1,77,11,2995,1,13,9,2,9
2.02E+12,2,9,0,3,0,1,0,0,0,0,2,1,6,1,69,10,1198,1,14,3,1,3
2.02E+12,1,9,0,18,0,1,0,0,0,0,2,1,6,2,38,7,1769,1,13,3,1,3
2.02E+12,1,9,0,18,0,1,0,0,0,0,4,1,6,2,57,9,1200,1,2,9,1,9
2.02E+12,2,9,0,18,0,4,0,0,0,0,1,1,5,2,75,10,999,1,2,10,1,10
2.02E+12,1,9,0,18,0,1,0,0,0,0,1,1,6,1,26,6,1248,1,5,10,1,10
2.02E+12,2,9,0,9,0,1,0,0,0,0,1,1,6,1,55,8,1968,2,8,10,1,10
2.02E+12,2,9,0,5,0,1,0,0,0,0,0,1,6,2,61,9,1997,2,2,10,1,10
2.02E+12,1,9,0,4,0,1,0,0,0,0,1,1,2,2,49,8,2497,1,14,5,1,5
2.02E+12,2,9,0,4,0,8,0,0,0,0,2,1,2,1,48,8,1969,2,3,10,3,10
2.02E+12,3,9,0,9,0,8,0,0,0,0,2,1,6,2,41,7,2179,2,9,8,1,8
2.02E+12,1,9,0,9,0,1,0,0,0,0,3,1,6,1,27,6,1388,1,8,10,1,10
2.02E+12,1,21,0,4,0,8,0,0,0,0,1,1,1,1,38,7,12740,2,3,8,1,8
2.02E+12,2,9,0,4,0,8,0,0,0,0,2,1,5,1,52,8,1995,2,4,9,1,9
2.02E+12,3,9,0,9,0,8,0,0,0,0,0,1,6,1,30,6,2143,2,4,3,1,3
2.02E+12,1,9,0,3,0,1,0,0,0,0,2,1,2,2,31,6,1560,2,3,4,1,4
2.02E+12,2,9,0,3,0,1,0,0,0,0,2,1,2,1,46,8,2987,2,6,7,2,7
2.02E+12,3,9,0,18,0,1,0,0,0,0,1,1,5,1,34,6,1242,1,4,10,1,10
2.02E+12,1,9,0,18,0,1,0,0,0,0,1,1,5,2,47,8,2987,2,6,10,1,10
2.02E+12,1,9,0,18,0,1,0,0,0,0,1,1,5,2,60,9,1339,1,14,7,1,7
2.02E+12,2,9,0,3,0,1,0,0,0,0,1,1,5,2,32,6,1796,1,10,7,1,7
2.02E+12,1,9,0,18,0,8,0,0,0,0,1,1,2,1,75,10,1560,2,6,9,1,9
2.02E+12,1,9,0,5,0,1,0,0,0,0,1,1,6,1,88,11,1229,1,12,10,1,10
2.02E+12,2,9,0,18,0,1,0,0,0,0,2,1,6,1,60,9,1198,1,8,9,1,9
2.02E+12,1,9,0,18,0,4,0,0,0,0,1,1,6,2,18,4,1124,1,15,10,1,10
2.02E+12,2,9,0,18,0,4,0,0,0,0,4,1,6,1,39,7,1896,2,9,2,1,2
2.02E+12,1,9,0,3,0,1,0,0,0,0,2,1,6,1,52,8,1896,2,13,9,1,9
2.02E+12,1,19,0,18,0,3,0,0,0,0,1,1,1,1,28,6,1598,2,2,2,1,2
2.02E+12,2,9,0,5,0,3,0,0,0,0,2,1,2,1,56,9,2099,1,14,6,1,6
2.02E+12,1,5,0,16,0,3,0,0,0,0,4,1,6,1,38,7,649,1,1,8,1,8
2.02E+12,2,9,0,16,0,3,0,0,0,0,3,1,6,2,48,8,1997,2,9,5,1,5
2.02E+12,1,2,0,5,0,4,1,0,0,0,0,1,5,1,16,4,49,1,3,8,1,8
2.02E+12,2,9,0,18,0,4,0,0,0,0,0,1,6,2,55,8,1398,1,2,3,1,3
2.02E+12,1,9,0,4,0,1,1,0,4,0,0,1,6,1,26,6,2979,1,2,5,1,5
2.02E+12,1,9,0,18,0,8,1,0,8,10,1,1,5,1,20,4,1364,1,8,9,1,9
2.02E+12,1,9,0,5,0,4,0,0,0,0,1,1,6,2,73,10,1339,1,5,10,1,10
2.02E+12,1,9,0,9,0,5,0,0,0,0,1,1,5,2,29,6,1560,2,7,8,1,8
2.02E+12,2,4,0,18,0,1,5,0,0,0,1,1,5,1,72,10,499,1,12,8,1,8
2.02E+12,1,3,0,18,0,3,0,0,0,0,4,1,5,1,18,4,124,1,8,7,1,7
2.02E+12,2,9,0,18,0,3,0,0,0,0,3,1,5,1,52,8,1968,2,3,9,1,9
2.02E+12,1,3,0,13,0,1,0,0,0,0,1,1,6,1,42,7,999,1,2,10,3,10
2.02E+12,2,9,0,9,0,1,0,0,0,0,3,1,6,1,64,9,2143,2,2,8,1,8
2.02E+12,1,9,0,18,0,1,0,0,0,0,1,1,5,2,45,7,1560,2,10,5,1,5
2.02E+12,1,9,0,18,0,1,1,0,0,0,1,1,2,1,39,7,1997,1,13,8,1,8
2.02E+12,2,9,0,9,0,8,0,0,0,0,2,1,5,2,58,9,1498,1,7,5,1,5
2.02E+12,1,9,0,4,0,6,0,0,0,0,1,1,5,1,78,11,3500,1,14,10,2,10
2.02E+12,2,9,0,18,0,1,0,0,7,0,1,1,5,1,27,6,1796,1,10,8,1,8
2.02E+12,1,9,0,7,0,8,0,0,0,0,3,1,6,2,21,5,1587,1,13,5,1,5
2.02E+12,1,9,0,18,0,1,1,0,1,0,2,1,6,1,33,6,1994,1,13,10,1,10
2.02E+12,1,9,0,5,0,4,0,0,0,0,1,1,2,2,38,7,1398,1,2,10,1,10
2.02E+12,2,4,0,9,0,3,0,0,0,0,4,1,5,1,26,6,600,1,21,10,1,10
2.02E+12,1,9,0,18,0,1,0,0,0,0,1,1,5,2,77,11,1240,1,10,10,3,10
2.02E+12,1,3,0,17,0,4,0,0,0,0,1,1,5,1,25,5,125,1,2,6,1,6
2.02E+12,2,9,0,6,0,4,0,0,0,0,3,1,1,1,27,6,1299,1,16,7,1,7
2.02E+12,1,9,0,11,0,1,0,0,1,7,4,1,1,2,36,7,1360,1,13,10,1,10
2.02E+12,2,9,0,18,0,8,0,0,0,0,4,1,1,2,27,6,899,1,4,2,1,2
2.02E+12,2,9,0,18,0,1,0,0,0,0,1,1,6,2,50,8,1398,1,12,9,1,9
2.02E+12,2,9,0,18,0,1,0,0,0,0,1,1,2,1,41,7,1997,1,5,7,1,7
2.02E+12,1,9,0,9,0,1,0,0,0,0,1,1,5,1,18,4,1461,2,1,9,2,9
2.02E+12,2,9,0,18,0,1,0,0,0,0,1,1,5,2,30,6,1596,1,9,10,1,10
2.02E+12,3,9,0,18,0,1,0,0,0,0,3,1,5,1,43,7,1560,2,1,8,1,8
2.02E+12,2,3,0,17,0,8,5,0,0,0,1,1,2,1,17,4,124,1,18,9,1,9
2.02E+12,1,9,0,16,0,1,0,0,0,0,1,1,5,1,30,6,1596,1,12,6,1,6
2.02E+12,2,9,0,17,0,1,0,0,0,0,1,1,2,1,57,9,1783,1,18,8,1,8
2.02E+12,1,9,0,17,0,2,5,0,1,4,4,1,6,1,18,4,1368,1,5,10,3,10
2.02E+12,1,9,0,18,0,8,0,0,0,0,4,1,6,2,40,7,1797,8,5,4,1,4
2.02E+12,2,9,0,18,0,1,0,0,0,0,1,1,6,2,43,7,1997,2,5,3,1,3
2.02E+12,1,19,0,4,0,1,0,0,0,0,1,1,1,1,24,5,2143,2,6,4,1,4
2.02E+12,2,9,0,10,0,1,0,0,0,0,2,1,6,1,41,7,1198,1,2,7,3,7
2.02E+12,1,3,0,4,0,1,2,0,0,0,1,1,6,1,17,4,124,1,21,10,1,10
2.02E+12,2,9,0,16,0,1,0,0,0,0,1,1,6,1,63,9,1560,2,8,4,1,4
2.02E+12,1,9,0,4,0,1,0,0,0,0,2,1,6,1,20,4,1499,2,2,8,1,8
2.02E+12,2,9,0,3,0,1,0,0,0,0,1,1,6,1,66,10,1200,1,2,7,1,7
2.02E+12,1,4,0,5,0,8,2,0,1,0,3,1,6,1,49,8,600,1,1,8,1,8
2.02E+12,1,9,0,9,0,6,0,0,0,0,1,1,3,2,34,6,1248,1,1,7,1,7
2.02E+12,2,9,0,18,0,1,0,0,0,0,4,1,6,2,36,7,998,1,3,8,1,8
2.02E+12,2,9,0,18,0,1,0,0,0,0,1,1,6,2,45,7,1388,1,5,4,1,4
2.02E+12,2,9,0,18,0,1,0,0,0,0,1,1,6,2,45,7,1461,2,5,10,1,10
2.02E+12,1,9,0,9,0,8,0,0,0,0,2,1,5,2,37,7,1951,2,12,6,1,6
2.02E+12,2,9,0,18,0,8,0,0,0,0,1,1,6,1,17,4,998,1,10,6,1,6