Accident_Index,Vehicle_Reference,Vehicle_Type,Towing_and_Articulation,Vehicle_Manoeuvre,Vehicle_Location-Restricted_Lane,Junction_Location,Skidding_and_Overturning,Hit_Object_in_Carriageway,Vehicle_Leaving_Carriageway,Hit_Object_off_Carriageway,1st_Point_of_Impact,Was_Vehicle_Left_Hand_Drive?,Journey_Purpose_of_Driver,Sex_of_Driver,Age_of_Driver,Age_Band_of_Driver,Engine_Capacity_(CC),Propulsion_Code,Age_of_Vehicle,Driver_IMD_Decile,Driver_Home_Area_Type,Vehicle_IMD_Decile
2.02E+12,1,9,0,3,0,1,0,0,0,0,2,1,2,1,44,7,1339,1,7,7,1,7
2.02E+12,1,9,0,18,0,2,0,0,0,0,1,1,5,1,61,9,5934,2,5,8,3,8
2.02E+12,2,19,0,4,0,1,0,0,0,0,1,1,1,1,38,7,2198,2,1,9,1,9
2.02E+12,1,19,0,5,0,1,0,0,0,0,1,1,1,1,28,6,2287,2,9,4,1,4
2.02E+12,2,9,0,4,0,1,0,0,0,0,2,1,5,1,50,8,1598,1,12,10,1,10
2.02E+12,1,9,0,5,0,4,0,0,0,0,4,1,1,2,55,8,1598,1,8,7,1,7
2.02E+12,1,9,0,18,0,1,0,0,0,0,1,1,6,2,41,7,1598,1,14,10,1,10
2.02E+12,1,11,0,9,0,3,0,0,1,0,1,1,1,1,38,7,9400,2,12,4,1,4
2.02E+12,1,9,0,9,0,6,0,0,0,0,0,1,5,1,36,7,1997,2,2,9,1,9
2.02E+12,1,9,0,17,0,1,0,0,0,0,3,1,5,1,23,5,1248,2,11,10,1,10
2.02E+12,2,9,0,16,0,1,0,0,0,0,4,1,2,2,21,5,1397,1,8,4,2,4
2.02E+12,1,9,0,16,0,1,0,0,0,0,1,1,6,2,43,7,1149,1,7,6,1,6
2.02E+12,1,9,0,18,0,1,0,0,0,0,1,1,2,1,48,8,4966,1,16,6,1,6
2.02E+12,2,19,0,18,0,1,0,0,0,0,1,1,1,1,36,7,2198,2,3,6,1,6
2.02E+12,3,9,0,4,0,1,1,0,0,0,1,1,2,2,40,7,1560,2,4,8,1,8
2.02E+12,4,9,0,18,0,1,0,0,0,0,2,1,1,1,50,8,2143,2,1,6,1,6
2.02E+12,2,5,0,18,0,1,0,0,0,0,4,1,3,1,57,9,745,1,3,6,1,6
2.02E+12,1,9,0,4,0,1,0,0,0,0,0,1,5,1,39,7,1995,2,4,8,1,8
2.02E+12,2,9,0,18,0,1,0,0,0,0,0,1,5,1,40,7,1900,2,13,9,1,9
2.02E+12,1,9,0,5,0,1,0,0,0,0,3,1,1,1,38,7,1896,2,13,9,1,9
2.02E+12,2,9,0,17,0,1,0,0,0,0,1,1,1,1,24,5,1598,2,5,8,3,8
2.02E+12,1,9,0,18,0,1,0,0,0,0,1,1,6,1,18,4,1149,1,13,8,1,8
2.02E+12,2,9,0,18,0,1,0,0,0,0,1,1,5,2,40,7,1396,1,3,10,1,10
2.02E+12,2,2,0,9,0,8,2,0,0,0,4,1,5,1,16,4,49,1,2,10,2,10
2.02E+12,1,3,0,4,9,3,1,0,1,0,1,1,6,1,21,5,124,1,6,6,1,6
2.02E+12,1,9,0,5,0,6,0,0,0,0,3,1,6,2,24,5,1242,1,2,9,3,9
2.02E+12,1,9,0,9,0,6,0,0,0,0,3,1,5,1,45,7,1796,1,11,10,1,10
2.02E+12,2,4,0,18,0,8,0,0,0,0,1,1,5,1,59,9,980,1,36,2,1,2
2.02E+12,2,9,0,18,0,8,0,0,0,0,1,1,6,2,53,8,1461,2,7,7,1,7
2.02E+12,1,9,0,18,0,1,0,0,0,0,1,1,2,1,36,7,1956,2,6,8,1,8
2.02E+12,1,9,0,12,0,1,0,0,0,0,1,1,6,2,51,8,1968,2,3,7,3,7
2.02E+12,2,9,0,18,0,1,0,0,0,0,4,1,6,1,45,7,1997,2,2,6,1,6
2.02E+12,1,9,0,18,0,8,0,0,0,0,1,1,6,2,22,5,1995,1,12,7,3,7
2.02E+12,2,17,0,8,0,8,0,0,0,0,1,1,6,1,53,8,4000,2,4,10,1,10
2.02E+12,1,9,0,18,0,8,0,0,0,0,1,1,6,2,48,8,1499,2,2,6,1,6
2.02E+12,2,9,0,18,0,8,0,0,0,0,1,1,6,1,38,7,1598,2,5,8,1,8
2.02E+12,1,9,0,18,0,8,0,0,0,0,1,1,6,2,45,7,1339,1,11,9,1,9
2.02E+12,1,9,0,18,0,8,0,0,0,0,1,1,6,2,39,7,1984,1,16,8,3,8
2.02E+12,1,9,0,18,0,8,0,0,0,0,1,1,6,1,89,11,1998,1,14,10,3,10
2.02E+12,1,9,0,2,0,1,0,0,0,0,1,1,6,2,85,11,1200,1,5,10,2,10
2.02E+12,1,9,0,18,0,1,0,0,0,0,1,1,6,1,76,11,2597,1,15,9,1,9
2.02E+12,1,9,0,9,0,6,0,0,0,0,3,1,2,1,39,7,1596,1,13,10,1,10
2.02E+12,2,9,0,18,0,8,0,0,0,0,1,1,5,1,60,9,1598,1,3,10,1,10
2.02E+12,1,9,0,18,0,1,0,0,0,0,1,1,6,2,53,8,1998,1,17,3,2,3
2.02E+12,2,9,0,18,0,1,0,0,0,0,1,1,6,1,43,7,1461,2,7,4,1,4
2.02E+12,1,11,0,18,0,1,0,0,0,0,0,1,6,1,42,7,3900,2,14,4,1,4
2.02E+12,2,9,0,18,0,1,0,0,0,0,1,1,6,1,39,7,1560,2,7,10,1,10
2.02E+12,3,9,0,18,0,1,0,0,0,0,1,1,6,1,49,8,1968,2,5,9,3,9
2.02E+12,1,5,0,18,0,8,1,0,0,0,1,1,6,1,30,6,689,1,2,4,1,4
2.02E+12,2,9,0,18,0,8,0,0,0,0,1,1,6,2,38,7,1242,1,15,6,1,6
2.02E+12,1,9,0,9,0,6,0,0,0,0,3,1,6,2,80,11,1598,2,4,6,2,6
2.02E+12,2,9,0,18,0,1,1,0,0,0,1,1,6,1,34,6,1341,1,18,10,1,10
2.02E+12,1,9,0,18,0,1,0,0,0,0,1,1,6,1,82,11,1398,1,6,10,2,10
2.02E+12,2,9,0,18,0,1,1,0,4,0,3,1,6,2,50,8,1596,1,9,8,1,8
2.02E+12,2,9,0,10,0,5,0,0,0,0,2,1,6,1,46,8,2231,2,7,7,3,7
2.02E+12,1,9,0,5,0,1,0,0,0,0,4,1,6,2,68,10,796,1,8,10,1,10
2.02E+12,2,9,0,18,0,8,0,0,0,0,3,1,3,2,32,6,1086,1,11,7,1,7
2.02E+12,1,9,0,7,0,1,0,0,0,0,4,1,2,1,56,9,1995,2,7,8,1,8
2.02E+12,2,9,0,18,0,1,0,0,0,0,1,1,3,2,28,6,796,1,15,1,1,1
2.02E+12,2,9,0,10,0,1,0,0,0,0,2,1,6,1,38,7,1598,1,11,10,3,10
2.02E+12,1,9,0,18,0,2,0,0,7,0,1,1,6,1,82,11,2488,1,14,10,2,10
2.02E+12,2,9,0,9,0,8,1,0,1,0,3,1,2,1,35,6,1997,2,1,9,1,9
2.02E+12,1,9,3,4,0,1,0,0,0,0,3,1,6,1,64,9,2179,2,4,7,1,7
2.02E+12,2,4,0,4,0,1,0,0,0,0,2,1,5,1,22,5,535,1,2,7,1,7
2.02E+12,3,9,0,10,0,1,0,0,0,0,0,1,6,2,37,7,4163,2,9,3,1,3
2.02E+12,2,9,0,18,0,1,0,0,0,0,2,1,6,1,42,7,998,1,1,9,1,9
2.02E+12,1,9,0,18,0,1,0,0,0,0,0,1,6,1,29,6,1461,2,9,4,1,4
2.02E+12,1,9,0,9,0,1,0,0,0,0,1,1,2,1,37,7,1596,1,5,10,1,10
2.02E+12,2,9,0,18,0,2,0,0,0,0,1,1,6,1,73,10,1240,1,11,9,1,9
2.02E+12,1,9,0,18,0,1,0,0,0,0,1,1,1,2,55,8,2170,2,13,8,3,8
2.02E+12,1,9,0,18,0,1,0,0,0,0,1,1,2,2,38,7,1997,1,8,10,1,10
2.02E+12,2,19,0,18,0,8,0,0,0,0,2,1,6,1,38,7,1870,2,11,8,1,8
2.02E+12,1,9,0,5,0,7,0,0,0,0,3,1,6,1,17,4,1198,1,3,10,1,10
2.02E+12,2,3,0,18,0,1,0,0,0,0,1,1,6,1,58,9,1198,1,17,10,1,10
2.02E+12,1,9,0,18,0,4,0,0,0,0,3,1,6,1,25,5,1796,1,15,4,1,4
2.02E+12,2,9,0,9,0,4,0,0,0,0,1,1,6,2,18,4,1242,1,8,5,1,5
2.02E+12,1,9,0,18,0,1,0,0,0,0,1,1,6,2,42,7,647,8,2,6,3,6
2.02E+12,2,9,0,4,0,1,0,0,0,0,2,1,6,2,49,8,1248,2,9,8,3,8
2.02E+12,1,9,0,18,0,8,0,0,0,0,0,1,6,2,57,9,1598,1,11,9,3,9
2.02E+12,1,5,0,18,0,3,1,0,0,0,1,1,6,1,31,6,999,1,6,4,1,4
2.02E+12,2,9,0,18,0,4,0,0,0,0,1,1,6,2,51,8,1368,1,1,5,1,5
2.02E+12,2,9,0,18,0,8,0,0,0,0,3,1,6,2,36,7,1598,1,4,7,1,7
2.02E+12,1,4,0,18,0,8,0,0,0,0,4,1,6,1,26,6,749,1,15,5,1,5
2.02E+12,2,9,0,18,0,8,0,0,0,0,4,1,6,1,38,7,1995,2,11,8,1,8
2.02E+12,1,3,0,18,0,8,1,0,0,0,1,1,6,2,39,7,124,1,19,10,3,10
2.02E+12,1,9,0,18,0,1,0,0,0,0,1,1,5,1,47,8,1360,1,14,6,1,6
2.02E+12,1,9,0,18,0,8,0,0,0,0,1,1,6,2,61,9,2000,1,12,2,1,2
2.02E+12,2,19,5,18,0,8,1,0,0,0,1,1,1,1,53,8,3920,2,9,5,1,5
2.02E+12,2,5,0,13,0,3,0,0,0,0,4,1,5,1,34,6,883,1,1,5,1,5
2.02E+12,1,9,0,18,0,1,0,0,0,0,2,1,6,2,49,8,1339,1,10,5,1,5
2.02E+12,2,19,0,18,0,1,0,0,0,0,1,1,1,1,52,8,1560,2,1,4,1,4
2.02E+12,1,9,0,18,0,8,0,0,0,0,1,1,6,1,17,4,1596,1,11,9,1,9
2.02E+12,2,9,0,18,0,8,0,0,0,0,1,1,6,2,48,8,1598,1,7,6,1,6
2.02E+12,1,9,0,18,0,2,0,0,0,0,4,1,5,1,58,9,2499,1,7,9,1,9
2.02E+12,2,9,0,9,0,5,0,0,0,0,4,1,5,2,43,7,1995,2,1,10,2,10
2.02E+12,1,19,0,4,0,1,0,0,0,0,4,1,1,1,32,6,1868,2,12,10,2,10
2.02E+12,1,9,0,5,0,6,0,0,0,0,1,1,5,2,52,8,1339,1,8,10,1,10
2.02E+12,2,9,0,18,0,1,0,0,0,0,1,1,5,1,41,7,1596,1,17,7,1,7
2.02E+12,1,9,0,4,0,8,0,0,0,0,1,1,5,2,65,9,1395,1,1,10,1,10
2.02E+12,1,4,0,5,0,8,0,9,0,0,4,1,5,1,78,11,249,1,36,10,1,10
2.02E+12,1,9,0,18,0,1,0,0,0,0,1,1,1,1,39,7,1397,1,15,5,1,5
2.02E+12,2,9,0,18,0,1,0,0,0,0,3,1,2,1,50,8,2143,2,6,9,1,9
2.02E+12,1,9,0,2,0,2,0,0,0,0,4,1,1,1,47,8,1796,2,5,5,1,5
2.02E+12,2,90,0,18,0,6,0,0,0,0,1,1,1,1,56,9,2298,2,2,6,1,6
2.02E+12,1,9,0,18,0,1,0,0,0,0,1,1,6,1,23,5,1896,2,10,9,1,9
2.02E+12,1,9,0,17,0,8,0,0,1,0,1,1,5,1,42,7,1796,1,5,4,1,4
2.02E+12,1,4,0,3,0,8,0,0,0,0,4,1,2,1,43,7,798,1,9,10,3,10
2.02E+12,1,9,0,3,0,1,0,0,0,0,1,1,6,2,19,4,1242,1,9,7,1,7
2.02E+12,3,9,0,10,0,1,0,0,0,0,2,1,6,2,50,8,1397,1,9,9,1,9
2.02E+12,1,9,0,18,0,8,0,0,0,0,2,1,6,2,35,6,1796,1,8,7,1,7
2.02E+12,2,9,0,18,0,8,0,0,0,0,1,1,6,1,55,8,3246,1,11,9,1,9
2.02E+12,1,9,0,4,0,1,0,0,0,0,2,1,6,2,51,8,1461,2,3,6,1,6
2.02E+12,1,9,0,7,0,7,1,10,4,0,1,1,5,1,68,10,1399,1,1,6,1,6
2.02E+12,1,9,0,5,0,4,0,0,0,0,1,1,2,2,36,7,2143,2,1,9,1,9
2.02E+12,1,3,0,18,0,1,0,0,0,0,1,1,2,1,18,4,124,1,2,6,1,6
2.02E+12,2,9,0,4,0,1,0,0,0,0,2,1,5,1,32,6,1339,1,3,2,1,2
2.02E+12,3,9,0,18,0,1,0,0,0,0,3,1,5,1,51,8,1976,1,7,10,1,10
2.02E+12,1,9,0,18,0,1,0,0,0,0,1,1,2,1,63,9,1598,1,11,5,1,5
2.02E+12,2,9,0,18,0,1,1,0,0,0,1,1,6,1,30,6,2500,2,26,10,1,10
2.02E+12,1,20,0,5,0,6,0,0,0,0,1,1,1,1,34,6,4485,2,2,4,1,4
2.02E+12,2,9,0,18,0,8,1,0,1,0,3,1,6,2,40,7,1149,1,7,7,1,7
2.02E+12,1,9,0,10,0,1,0,0,0,0,1,1,6,2,56,9,875,1,2,10,1,10
2.02E+12,2,9,0,17,0,1,1,0,0,0,4,1,6,1,46,8,1149,1,15,10,1,10
2.02E+12,1,9,0,9,0,6,0,0,0,0,1,1,5,1,48,8,1995,1,15,9,1,9
2.02E+12,2,9,0,18,0,1,0,0,0,0,1,1,5,2,41,7,1668,1,11,6,1,6
2.02E+12,2,9,0,3,0,1,0,0,0,0,2,1,6,2,63,9,1968,2,2,10,3,10
2.02E+12,1,9,0,9,0,6,0,0,0,0,3,1,5,2,50,8,1591,1,3,9,1,9
2.02E+12,2,2,0,18,0,1,0,0,0,0,1,1,6,2,43,7,49,1,2,9,1,9
2.02E+12,1,9,0,18,0,2,0,0,1,3,1,1,6,2,19,4,1248,2,3,6,3,6
2.02E+12,1,3,0,16,0,5,1,0,0,0,4,1,5,2,45,7,125,1,8,5,1,5
2.02E+12,1,5,0,18,0,1,0,0,0,0,1,1,6,1,26,6,1050,1,1,8,1,8
2.02E+12,2,9,0,18,0,4,0,0,1,0,3,1,6,2,52,8,1364,1,10,9,1,9
2.02E+12,1,3,0,5,0,4,0,0,0,0,0,1,1,1,23,5,125,1,5,4,1,4
2.02E+12,2,9,0,5,0,4,0,0,0,0,4,1,6,1,71,10,1396,1,14,5,1,5
2.02E+12,1,9,0,5,0,8,0,0,0,0,1,1,6,1,44,7,2179,2,5,10,1,10
2.02E+12,1,9,0,18,0,6,0,0,6,0,1,1,6,1,36,7,1753,2,12,8,1,8
2.02E+12,2,9,0,18,0,1,0,0,0,0,4,1,6,2,41,7,1396,1,14,8,1,8
2.02E+12,2,9,0,18,0,8,0,0,0,0,1,1,6,2,57,9,1598,1,8,7,3,7
2.02E+12,2,9,0,9,0,1,0,0,0,0,3,1,6,2,39,7,1984,1,3,10,1,10
2.02E+12,2,9,0,18,0,1,0,0,7,3,1,1,1,1,61,9,2143,2,4,8,1,8
2.02E+12,3,9,0,2,0,1,0,0,0,0,2,1,5,1,41,7,1368,1,9,6,1,6
2.02E+12,4,19,0,2,0,1,0,0,0,0,1,1,5,1,48,8,1896,2,12,6,1,6
2.02E+12,2,9,0,18,0,1,0,0,0,0,1,1,6,1,50,8,1199,1,16,8,1,8
2.02E+12,1,9,0,9,0,1,2,0,1,0,1,1,5,1,18,4,2179,2,4,3,2,3
2.02E+12,2,9,0,5,0,1,0,0,0,0,2,1,6,2,41,7,998,1,2,5,1,5
2.02E+12,1,9,0,9,8,8,0,0,0,0,1,1,5,1,80,11,1948,1,16,8,1,8
2.02E+12,1,9,0,4,0,4,0,0,0,0,1,1,6,2,32,6,1329,1,2,9,1,9
2.02E+12,2,9,0,4,0,4,0,0,0,0,2,1,6,2,33,6,1686,2,6,10,1,10
2.02E+12,1,9,0,18,0,6,0,0,0,0,1,1,6,1,56,9,1560,2,3,5,1,5
2.02E+12,2,9,0,5,0,1,0,0,0,0,1,1,6,2,93,11,999,1,3,9,2,9
2.02E+12,1,9,0,9,0,1,0,0,0,0,4,1,5,1,85,11,1995,2,4,10,1,10
2.02E+12,1,9,0,18,0,8,0,0,0,0,1,1,2,2,47,8,1796,1,12,10,1,10
2.02E+12,2,9,0,18,0,8,0,0,0,0,4,1,2,1,19,4,998,1,16,6,2,6
2.02E+12,2,9,0,9,0,2,0,0,0,0,1,1,6,2,33,6,1198,1,2,10,1,10
2.02E+12,1,9,0,9,0,6,0,0,0,0,0,1,6,2,64,9,1560,2,2,10,1,10
2.02E+12,2,2,0,18,0,1,2,0,0,0,3,1,1,2,17,4,125,1,3,7,1,7
2.02E+12,1,8,0,5,0,6,0,0,0,0,1,1,6,1,50,8,1997,2,15,10,1,10
2.02E+12,1,9,0,8,0,2,0,0,0,0,2,1,6,1,32,6,1995,2,3,7,1,7
2.02E+12,1,11,0,18,0,1,0,0,0,0,4,1,1,1,54,8,3900,2,11,6,1,6
2.02E+12,2,9,0,5,0,1,0,0,0,0,3,1,6,2,56,9,1968,2,8,8,1,8
2.02E+12,2,5,0,18,0,1,0,0,0,0,1,1,2,1,64,9,1050,1,1,10,1,10
2.02E+12,2,9,0,4,0,1,0,0,0,0,1,1,1,1,46,8,1999,2,1,9,1,9
2.02E+12,1,9,0,5,0,6,0,0,0,0,3,1,5,1,41,7,998,1,3,10,1,10
2.02E+12,2,5,0,18,0,1,0,0,0,0,1,1,5,1,23,5,645,1,13,10,1,10
2.02E+12,3,9,0,18,0,1,0,0,0,0,1,1,5,1,40,7,1397,1,9,10,1,10
2.02E+12,2,9,0,3,0,1,0,0,0,0,1,1,6,2,55,8,1395,1,4,5,3,5
2.02E+12,1,3,0,18,0,3,0,0,0,0,0,1,6,1,19,4,124,1,4,8,3,8
2.02E+12,2,9,0,18,0,3,0,0,0,0,0,1,6,2,68,10,1598,1,13,8,1,8
2.02E+12,1,9,0,18,0,1,0,0,0,0,1,1,6,1,17,4,1796,1,9,8,1,8
2.02E+12,2,9,0,18,0,1,0,0,0,0,0,1,6,1,17,4,1198,1,15,10,1,10
2.02E+12,3,9,0,1,0,1,0,0,0,0,4,1,6,2,52,8,1242,1,8,10,1,10
2.02E+12,1,9,0,3,0,2,0,0,0,0,2,1,5,1,56,9,4367,2,3,6,1,6
2.02E+12,2,9,0,3,0,1,0,0,0,0,2,1,5,2,42,7,1699,1,9,10,1,10
2.02E+12,1,2,0,4,0,1,1,0,1,0,0,1,5,2,17,4,49,1,1,5,1,5
2.02E+12,1,9,0,5,0,1,0,0,0,0,1,1,6,1,18,4,1390,1,10,9,1,9
2.02E+12,1,9,0,17,0,1,0,0,0,0,3,1,5,1,44,7,1896,2,13,2,1,2
2.02E+12,1,9,0,4,0,4,0,0,0,0,1,1,6,1,22,5,1796,1,17,7,1,7
2.02E+12,2,9,0,9,0,1,0,0,0,0,1,1,6,1,73,10,2199,2,9,10,1,10
2.02E+12,1,9,0,5,0,2,0,0,3,0,1,1,6,2,86,11,1389,1,20,6,1,6
2.02E+12,1,9,0,18,0,1,0,0,1,0,1,1,6,1,72,10,2494,1,16,9,1,9
2.02E+12,2,9,0,18,0,1,0,0,1,0,4,1,6,1,39,7,1422,2,8,5,1,5
2.02E+12,1,9,0,3,0,1,0,0,0,0,2,1,6,2,63,9,1798,1,18,5,2,5
2.02E+12,1,9,0,18,0,1,0,0,0,0,2,1,6,2,59,9,1598,1,12,10,1,10
2.02E+12,2,9,0,3,0,1,0,0,0,0,1,1,6,2,33,6,1781,1,12,10,1,10
2.02E+12,1,19,0,18,0,1,0,0,0,0,1,1,6,1,39,7,2143,2,7,2,1,2
2.02E+12,2,9,0,4,0,1,0,0,0,0,2,1,6,1,42,7,1390,1,7,10,1,10
2.02E+12,3,9,0,18,0,1,0,0,0,0,2,1,2,2,26,6,1200,1,4,3,1,3
2.02E+12,2,9,0,5,0,1,0,0,0,0,3,1,5,1,73,10,1368,1,12,10,1,10
2.02E+12,1,9,0,5,0,8,0,0,0,0,1,1,1,1,63,9,1968,2,2,10,1,10
2.02E+12,1,9,0,18,0,1,0,0,0,0,3,1,6,1,46,8,2800,2,22,10,1,10
2.02E+12,1,9,0,18,0,6,0,0,0,0,1,1,6,2,38,7,1595,1,16,8,1,8
2.02E+12,2,9,0,18,0,1,0,0,0,0,1,1,2,2,45,7,1248,2,5,6,1,6
2.02E+12,1,9,0,9,0,8,0,0,0,0,1,1,2,1,49,8,2993,2,13,8,3,8
2.02E+12,1,9,0,4,0,2,0,0,0,0,2,1,6,2,45,7,998,1,3,10,1,10
2.02E+12,2,8,0,4,0,2,0,0,0,0,2,1,6,1,61,9,1968,2,1,10,1,10
2.02E+12,3,9,0,4,0,2,0,0,0,0,2,1,2,1,51,8,1997,2,9,10,1,10
2.02E+12,4,19,0,18,0,8,1,0,0,0,1,1,1,1,25,5,2198,2,4,5,1,5
2.02E+12,1,9,0,5,0,6,0,0,0,0,1,1,6,2,45,7,1900,2,11,8,1,8
2.02E+12,1,9,0,18,0,1,0,0,0,0,1,1,6,1,24,5,1984,1,5,5,1,5
2.02E+12,2,9,0,18,0,1,0,0,0,0,3,1,5,1,45,7,1796,1,3,2,1,2
2.02E+12,1,9,0,4,0,4,0,0,0,0,2,1,1,1,34,6,2143,2,7,3,1,3
2.02E+12,2,9,0,4,0,4,0,0,0,0,1,1,2,1,32,6,1956,2,5,3,1,3
2.02E+12,1,9,0,4,0,1,0,0,0,0,1,1,2,1,38,7,1997,2,8,4,1,4
2.02E+12,1,19,0,18,0,1,0,0,0,0,4,1,1,1,37,7,6871,2,4,7,2,7
2.02E+12,1,9,0,9,0,6,0,0,0,0,1,1,3,2,49,8,998,1,5,2,1,2
2.02E+12,2,5,0,13,0,8,0,0,0,0,3,1,2,1,30,6,750,1,11,6,1,6
2.02E+12,1,9,0,18,0,1,0,0,0,0,3,1,6,1,71,10,1396,1,4,10,1,10
2.02E+12,2,21,1,18,0,5,0,0,0,0,3,1,1,1,63,9,12419,2,5,9,2,9
2.02E+12,1,9,0,18,0,2,0,0,0,0,2,1,6,1,61,9,1995,1,10,2,1,2
2.02E+12,2,20,0,18,0,1,0,0,0,0,1,1,1,1,59,9,2143,2,7,1,1,1
2.02E+12,1,3,0,18,0,1,0,0,0,0,1,1,2,1,63,9,675,1,3,4,1,4
2.02E+12,1,9,0,5,0,4,0,0,0,0,1,1,6,1,67,10,2993,2,1,10,1,10
2.02E+12,2,9,0,3,0,6,0,0,0,0,2,1,6,2,41,7,1197,1,2,6,1,6
2.02E+12,1,3,0,18,0,4,0,0,1,0,1,1,6,2,30,6,124,1,3,4,1,4
2.02E+12,1,9,0,9,0,5,0,0,0,0,1,1,6,1,18,4,973,1,16,8,1,8
2.02E+12,2,9,0,18,0,1,0,0,0,0,1,1,6,1,47,8,1598,2,7,8,1,8
2.02E+12,2,4,0,4,0,8,5,0,0,0,1,1,1,1,53,8,1170,1,2,8,1,8
2.02E+12,1,9,0,9,0,8,0,0,0,0,3,1,6,1,20,4,1390,1,13,7,1,7
2.02E+12,1,9,0,6,0,5,0,0,0,0,4,1,6,1,69,10,1598,1,9,8,1,8
2.02E+12,3,9,0,18,0,1,0,0,0,0,3,1,6,1,55,8,1395,1,1,10,1,10
2.02E+12,1,9,0,3,0,1,0,0,0,0,2,1,6,2,70,10,998,1,1,10,1,10
2.02E+12,2,9,0,18,0,1,0,0,0,0,1,1,6,1,33,6,2616,1,13,6,1,6
2.02E+12,1,21,1,18,0,8,0,0,0,0,2,1,1,1,25,5,12902,2,4,7,1,7
2.02E+12,2,9,0,7,0,8,0,0,0,0,1,1,6,2,23,5,1242,1,14,4,1,4
2.02E+12,3,9,0,7,0,8,0,0,0,0,2,1,6,2,36,7,1242,1,5,7,1,7
2.02E+12,4,9,0,5,0,2,0,0,0,0,2,1,6,1,44,7,1968,2,9,2,1,2
2.02E+12,1,9,0,18,0,8,0,0,1,10,1,1,6,1,15,3,1389,1,18,8,1,8
2.02E+12,3,9,0,18,0,4,0,0,0,0,2,1,6,1,36,7,2902,2,12,5,3,5
2.02E+12,4,9,0,18,0,4,0,0,0,0,2,1,6,1,42,7,1995,2,7,4,1,4
2.02E+12,2,9,0,16,0,3,0,0,0,0,4,1,5,1,28,6,3000,1,7,10,1,10
2.02E+12,1,9,0,7,0,4,0,0,0,0,4,1,6,1,66,10,2993,2,2,8,1,8
2.02E+12,1,9,0,18,0,1,0,0,0,0,1,1,6,1,55,8,1229,1,3,8,1,8
2.02E+12,2,9,0,5,0,6,0,0,0,0,1,1,6,1,74,10,1390,1,16,10,1,10
2.02E+12,1,9,0,18,0,1,0,0,0,0,3,1,6,1,18,4,973,1,14,7,1,7
2.02E+12,2,9,0,18,0,1,0,0,0,0,1,1,6,2,64,9,1968,2,6,9,1,9
2.02E+12,1,9,0,9,0,5,0,0,0,0,1,1,6,1,73,10,1997,2,8,10,1,10
2.02E+12,1,9,0,4,0,4,5,0,0,0,1,1,6,1,75,10,1596,1,13,7,1,7
2.02E+12,1,9,0,4,0,5,0,0,0,0,1,1,6,1,72,10,2143,2,2,10,1,10
2.02E+12,1,8,0,18,0,1,0,0,0,0,1,1,1,1,49,8,1896,2,9,10,1,10
2.02E+12,2,9,0,5,0,8,0,0,0,0,3,1,2,1,50,8,1997,1,21,8,1,8
2.02E+12,2,9,0,18,0,8,0,0,0,0,3,1,6,2,17,4,1229,1,6,3,1,3
2.02E+12,1,9,0,9,0,1,0,0,0,0,3,1,6,1,50,8,1242,1,7,10,1,10
2.02E+12,2,9,0,18,0,1,0,0,0,0,1,1,6,2,36,7,1997,2,2,10,1,10
2.02E+12,1,9,0,18,0,1,0,0,0,0,1,1,6,2,36,7,999,1,16,9,2,9
2.02E+12,2,9,0,9,0,8,0,0,0,0,2,1,5,2,21,5,1390,1,13,5,1,5
2.02E+12,2,9,0,4,0,1,0,0,0,0,1,1,5,1,31,6,1396,1,7,9,1,9
2.02E+12,1,9,0,10,0,6,0,0,0,0,3,1,5,2,29,6,998,1,3,9,1,9
2.02E+12,2,9,0,18,0,1,0,0,2,0,3,1,2,1,27,6,1587,1,13,2,1,2
2.02E+12,1,9,0,18,0,2,0,0,0,0,0,1,6,1,33,6,1956,2,4,6,1,6
2.02E+12,1,9,0,9,0,5,0,0,0,0,1,1,1,2,38,7,1799,1,8,9,1,9
2.02E+12,1,9,0,3,0,4,0,0,0,0,2,1,5,2,32,6,1390,1,9,8,1,8
2.02E+12,2,9,0,5,0,4,0,0,0,0,1,1,2,2,41,7,1242,1,4,4,1,4
2.02E+12,1,9,0,9,0,6,0,0,0,0,1,1,2,2,29,6,1124,1,12,9,3,9
2.02E+12,2,3,0,18,0,1,1,0,0,0,1,1,2,1,22,5,125,1,2,6,1,6
2.02E+12,1,8,0,1,0,8,0,0,0,0,0,1,6,2,59,9,1797,8,5,4,1,4
2.02E+12,3,19,0,18,0,8,1,0,0,0,1,1,1,1,27,6,2287,2,1,5,1,5
2.02E+12,2,9,0,9,0,1,0,0,0,0,1,1,6,2,73,10,1199,1,2,7,3,7
2.02E+12,2,9,0,18,0,4,0,0,0,0,1,1,6,1,57,9,1198,1,5,10,3,10
2.02E+12,1,9,0,18,0,8,0,0,7,0,4,1,5,1,23,5,1686,2,13,6,3,6
2.02E+12,2,9,0,18,0,4,0,0,0,0,1,1,6,2,33,6,1396,1,12,10,1,10
2.02E+12,1,9,0,18,0,1,0,0,0,0,1,1,5,1,69,10,2993,2,5,5,1,5
2.02E+12,2,9,0,18,0,1,0,0,0,0,2,1,1,1,65,9,1797,8,6,5,1,5