Accident_Index,Vehicle_Reference,Vehicle_Type,Towing_and_Articulation,Vehicle_Manoeuvre,Vehicle_Location-Restricted_Lane,Junction_Location,Skidding_and_Overturning,Hit_Object_in_Carriageway,Vehicle_Leaving_Carriageway,Hit_Object_off_Carriageway,1st_Point_of_Impact,Was_Vehicle_Left_Hand_Drive?,Journey_Purpose_of_Driver,Sex_of_Driver,Age_of_Driver,Age_Band_of_Driver,Engine_Capacity_(CC),Propulsion_Code,Age_of_Vehicle,Driver_IMD_Decile,Driver_Home_Area_Type,Vehicle_IMD_Decile
2.02E+12,1,5,0,13,0,1,0,0,0,0,1,1,5,1,22,5,645,1,11,7,3,7
2.02E+12,2,9,0,9,0,5,0,0,0,0,3,1,5,1,31,6,1388,1,5,3,1,3
2.02E+12,1,9,0,18,0,4,0,0,0,0,1,1,6,2,31,6,1797,8,2,4,1,4
2.02E+12,2,4,0,18,0,3,0,0,0,0,2,1,6,1,50,8,400,1,9,9,2,9
2.02E+12,1,9,0,7,0,8,0,0,0,0,1,1,5,2,20,4,1390,1,5,6,1,6
2.02E+12,2,19,0,16,0,8,0,0,0,0,1,1,6,1,78,11,1997,2,15,9,3,9
2.02E+12,1,9,0,18,0,1,1,0,0,0,1,1,6,1,49,8,2231,2,8,4,1,4
2.02E+12,2,5,0,18,0,1,1,0,0,0,3,1,6,1,40,7,798,1,1,6,3,6
2.02E+12,3,9,0,3,0,1,0,0,0,0,3,1,6,1,27,6,1956,2,6,5,1,5
2.02E+12,1,9,0,18,0,8,1,10,1,2,2,1,6,1,33,6,1997,1,14,5,1,5
2.02E+12,2,9,0,18,0,8,0,0,0,0,0,1,1,1,35,6,1968,2,4,7,1,7
2.02E+12,2,9,0,1,0,1,0,0,0,0,3,1,2,2,27,6,1596,1,12,2,2,2
2.02E+12,1,9,0,3,0,1,0,0,0,0,1,1,6,1,45,7,2496,2,13,7,1,7
2.02E+12,2,9,0,3,0,1,0,0,0,0,2,1,6,2,36,7,1699,1,11,2,1,2
2.02E+12,1,9,0,1,0,8,0,0,0,0,2,1,6,1,50,8,1560,2,10,1,1,1
2.02E+12,2,3,0,3,0,8,0,0,0,0,1,1,6,1,47,8,125,1,23,1,1,1
2.02E+12,1,9,0,18,0,8,0,0,0,0,1,1,6,2,38,7,2401,2,11,1,1,1
2.02E+12,2,9,0,18,0,8,0,0,0,0,3,1,6,2,34,6,1598,1,7,9,1,9
2.02E+12,1,9,0,18,0,8,0,0,0,0,1,1,6,2,33,6,998,1,17,4,1,4
2.02E+12,2,9,0,10,0,8,0,0,0,0,1,1,6,1,39,7,1796,1,11,3,1,3
2.02E+12,2,9,0,18,0,1,0,0,0,0,3,1,6,1,41,7,1598,1,10,5,1,5
2.02E+12,1,9,0,4,0,1,0,0,0,0,1,1,6,2,86,11,998,1,3,9,1,9
2.02E+12,2,9,0,3,0,1,0,0,0,0,2,1,6,1,42,7,1461,2,10,3,1,3
2.02E+12,1,9,0,5,0,1,0,0,0,0,1,1,6,1,60,9,1753,2,15,6,1,6
2.02E+12,2,4,0,5,0,1,0,0,0,0,2,1,6,1,52,8,498,1,20,6,1,6
2.02E+12,1,9,0,18,0,3,0,0,0,0,1,1,1,1,49,8,1999,1,12,7,1,7
2.02E+12,1,9,0,18,0,1,5,0,1,10,1,1,6,1,20,4,1968,2,6,4,1,4
2.02E+12,1,9,0,4,0,1,0,0,0,0,1,1,5,1,19,4,1461,2,2,10,1,10
2.02E+12,2,9,0,3,0,1,0,0,0,0,2,1,5,1,19,4,1595,1,13,5,3,5
2.02E+12,3,9,0,3,0,1,0,0,0,0,2,1,5,1,87,11,1598,2,1,1,1,1
2.02E+12,1,9,0,18,0,1,0,0,0,0,1,1,2,2,52,8,1998,1,1,5,3,5
2.02E+12,2,9,0,18,0,1,0,0,0,0,3,1,6,1,76,11,1560,2,9,10,2,10
2.02E+12,1,9,0,3,0,1,0,0,0,0,1,1,6,2,30,6,1997,2,1,1,1,1
2.02E+12,2,11,0,3,0,1,0,0,0,0,1,1,6,1,70,10,4461,2,2,5,1,5
2.02E+12,1,9,0,3,0,1,0,0,0,0,1,1,1,2,37,7,1968,2,6,3,1,3
2.02E+12,2,3,0,3,0,1,0,0,0,0,2,1,1,1,34,6,125,1,2,1,1,1
2.02E+12,1,9,0,10,0,1,0,0,0,0,4,1,6,1,72,10,1389,1,14,8,1,8
2.02E+12,2,9,0,18,0,1,0,0,0,0,1,1,4,1,33,6,1753,2,10,8,1,8
2.02E+12,1,9,0,18,0,1,0,0,0,0,1,1,6,1,21,5,1896,2,12,10,1,10
2.02E+12,2,9,0,2,0,1,0,0,0,0,2,1,6,1,58,9,2179,2,4,8,1,8
2.02E+12,1,9,0,9,0,5,0,0,0,0,4,1,6,1,21,5,1242,1,3,3,1,3
2.02E+12,2,3,0,18,0,8,0,0,0,0,1,1,6,1,20,4,124,1,16,4,1,4
2.02E+12,1,9,0,9,0,1,0,0,0,0,3,1,6,2,44,7,1461,2,3,8,1,8
2.02E+12,2,9,0,18,0,1,0,0,0,0,4,1,6,2,18,4,1242,1,1,9,2,9
2.02E+12,1,9,0,18,0,4,0,0,0,0,1,1,5,2,37,7,1560,2,8,8,2,8
2.02E+12,2,9,0,10,0,4,0,0,0,0,2,1,5,2,39,7,1329,1,4,5,1,5
2.02E+12,1,9,0,18,0,8,0,0,0,0,1,1,4,1,78,11,1582,2,3,4,1,4
2.02E+12,2,9,0,18,0,8,0,0,0,0,3,1,2,2,51,8,1596,1,15,5,1,5
2.02E+12,4,9,0,9,0,1,0,0,0,0,3,1,4,2,52,8,998,1,3,7,1,7
2.02E+12,1,9,0,4,0,2,0,0,0,0,0,1,2,2,21,5,1149,1,14,4,1,4
2.02E+12,1,9,0,9,0,8,0,0,0,0,4,1,5,2,17,4,998,1,7,10,1,10
2.02E+12,2,3,0,18,0,8,0,0,0,0,1,1,5,1,19,4,124,1,11,5,2,5
2.02E+12,1,3,0,18,0,1,0,0,0,0,1,1,6,1,25,5,124,1,5,2,1,2
2.02E+12,1,9,0,3,0,2,0,0,0,0,1,1,6,2,44,7,2720,2,10,6,3,6
2.02E+12,2,21,0,3,0,1,0,0,0,0,3,1,6,1,49,8,4462,2,4,10,1,10
2.02E+12,1,9,0,5,0,4,0,0,0,0,4,1,5,2,49,8,1598,2,6,10,1,10
2.02E+12,2,5,0,10,0,1,0,0,0,0,3,1,5,1,29,6,1000,1,8,8,1,8
2.02E+12,1,9,0,9,0,2,0,0,0,0,0,1,6,1,37,7,1781,1,15,9,1,9
2.02E+12,3,9,0,18,0,8,0,0,0,0,3,1,6,1,58,9,1595,1,5,4,2,4
2.02E+12,1,2,0,10,0,5,1,0,0,0,0,1,2,2,17,4,49,1,7,7,3,7
2.02E+12,1,9,0,18,0,6,0,0,0,0,1,1,6,2,48,8,1598,1,10,1,1,1
2.02E+12,2,9,0,10,0,1,0,0,0,0,2,1,6,2,54,8,1242,1,11,4,1,4
2.02E+12,1,9,0,7,0,6,0,7,0,0,3,1,6,1,29,6,4172,6,17,6,3,6
2.02E+12,2,5,0,3,0,1,0,0,0,0,1,1,6,1,59,9,900,1,1,6,1,6
2.02E+12,1,9,0,2,0,1,0,0,0,0,2,1,3,2,30,6,1999,1,12,4,1,4
2.02E+12,1,9,0,18,0,4,0,0,0,0,1,1,5,2,33,6,1388,1,7,8,1,8
2.02E+12,2,9,0,18,0,4,0,0,0,0,2,1,5,1,17,4,1229,1,2,10,1,10
2.02E+12,1,9,0,4,0,1,0,0,0,0,1,1,6,1,29,6,1686,2,14,6,2,6
2.02E+12,2,2,0,4,4,1,0,0,0,0,2,1,6,1,23,5,49,1,8,3,1,3
2.02E+12,3,2,0,4,4,1,0,0,0,0,2,1,6,1,23,5,49,1,3,6,1,6
2.02E+12,1,21,0,18,8,6,0,0,0,0,1,1,6,1,28,6,10837,2,2,4,1,4
2.02E+12,1,9,0,18,0,1,0,0,0,0,4,1,6,2,35,6,1124,1,16,3,1,3
2.02E+12,2,9,0,7,0,1,0,0,0,0,3,1,6,2,29,6,2902,2,13,3,1,3
2.02E+12,1,9,0,18,0,2,1,11,7,4,4,1,5,1,59,9,2497,2,11,1,1,1
2.02E+12,1,9,0,9,0,6,0,0,0,0,0,1,5,2,60,9,1596,1,2,7,3,7
2.02E+12,2,9,0,18,0,1,0,0,0,0,3,1,5,1,21,5,1248,2,4,4,1,4
2.02E+12,1,9,0,18,0,1,0,0,0,0,1,1,6,1,53,8,1390,1,13,1,1,1
2.02E+12,2,9,0,3,0,1,0,0,0,0,2,1,5,2,34,6,998,1,16,4,1,4
2.02E+12,1,9,0,5,0,4,0,0,1,0,3,1,1,2,50,8,1248,2,5,7,2,7
2.02E+12,2,9,0,18,0,1,1,0,0,0,4,1,6,1,37,7,1686,2,12,5,1,5
2.02E+12,1,9,0,5,0,1,0,0,0,0,1,1,5,2,59,9,1242,1,7,6,1,6
2.02E+12,1,19,0,18,0,1,0,0,0,0,1,1,6,1,61,9,10837,2,3,5,1,5
2.02E+12,1,9,0,18,0,8,0,0,0,0,1,1,6,2,35,6,2495,2,15,7,1,7
2.02E+12,1,9,0,18,0,1,0,0,0,0,4,1,6,2,56,9,1390,1,14,4,1,4
2.02E+12,1,9,0,9,0,1,0,0,0,0,1,1,6,1,57,9,2987,2,2,8,1,8
2.02E+12,2,9,0,18,0,1,0,0,0,0,1,1,6,1,40,7,1995,2,6,9,1,9
2.02E+12,1,9,0,18,0,1,0,0,0,0,1,1,5,1,87,11,1197,1,1,6,1,6
2.02E+12,1,9,0,9,0,8,0,0,0,0,4,1,6,2,47,8,1242,1,1,10,1,10
2.02E+12,2,19,0,9,0,8,0,0,0,0,3,1,6,1,35,6,2148,2,9,6,1,6
2.02E+12,1,9,0,18,0,8,0,0,0,0,1,1,5,1,21,5,1242,1,19,9,1,9
2.02E+12,1,9,0,17,0,1,0,0,0,0,1,1,1,1,33,6,1968,2,4,4,1,4
2.02E+12,2,9,0,17,0,1,0,0,0,0,2,1,1,2,36,7,1198,1,5,5,1,5
2.02E+12,2,4,0,18,0,2,0,0,0,0,4,1,6,1,32,6,600,1,3,8,1,8
2.02E+12,1,9,0,18,0,1,0,0,0,0,1,1,6,1,19,4,1197,1,1,2,1,2
2.02E+12,2,9,0,18,0,1,0,0,1,0,4,1,6,1,47,8,2967,2,5,5,1,5
2.02E+12,2,9,0,18,0,8,1,0,0,0,1,1,6,2,19,4,1242,1,13,8,1,8
2.02E+12,1,9,0,18,0,6,0,0,0,0,1,1,6,1,59,9,1560,2,1,3,1,3
2.02E+12,2,9,0,17,0,1,0,0,0,0,1,1,6,1,65,9,1560,2,3,7,2,7
2.02E+12,1,9,0,9,0,1,0,0,0,0,1,1,6,1,34,6,2204,2,11,6,1,6
2.02E+12,2,9,0,18,0,8,0,0,0,0,1,1,2,2,32,6,1248,1,7,3,1,3
2.02E+12,1,9,0,18,0,1,0,0,0,0,1,1,6,1,32,6,1896,2,13,2,1,2
2.02E+12,2,9,0,3,0,1,0,0,0,0,2,1,6,2,24,5,1598,1,9,6,1,6
2.02E+12,2,2,0,18,0,1,0,0,0,0,0,1,6,1,16,4,49,1,5,4,1,4
2.02E+12,1,9,0,9,0,8,0,0,0,0,1,1,6,1,43,7,1339,1,7,6,1,6
2.02E+12,1,9,0,9,0,1,0,0,0,0,1,1,5,1,19,4,1753,2,9,8,1,8
2.02E+12,2,9,0,9,0,1,0,0,0,0,2,1,5,2,31,6,1364,1,10,3,1,3
2.02E+12,1,9,0,3,0,1,0,0,0,0,2,1,6,2,18,4,1199,1,13,10,1,10
2.02E+12,2,9,0,18,0,1,0,0,0,0,1,1,6,2,37,7,1968,2,5,4,1,4
2.02E+12,1,2,0,18,0,1,0,0,0,0,1,1,6,1,17,4,50,1,7,6,1,6
2.02E+12,2,9,0,2,0,2,0,0,0,0,3,1,6,1,24,5,1998,1,9,2,1,2
2.02E+12,1,19,0,16,0,6,1,0,0,0,1,1,2,1,41,7,2286,2,13,4,3,4
2.02E+12,2,9,0,18,0,1,0,0,0,0,1,1,5,2,48,8,1399,1,8,3,1,3
2.02E+12,1,9,0,9,0,6,0,0,0,0,1,1,6,1,52,8,1995,2,3,10,1,10
2.02E+12,2,9,0,7,0,6,0,0,0,0,3,1,6,1,40,7,2204,2,11,2,1,2
2.02E+12,1,9,0,17,0,1,0,0,0,0,1,1,6,2,22,5,1389,1,21,3,1,3
2.02E+12,2,9,0,16,0,1,1,0,0,0,2,1,6,1,47,8,1997,2,8,7,3,7
2.02E+12,2,9,0,5,0,7,0,0,0,0,2,1,2,2,19,4,1200,1,1,6,3,6
2.02E+12,1,9,0,18,0,1,0,0,0,0,1,1,6,1,35,6,1086,1,11,7,1,7
2.02E+12,1,5,0,18,0,1,0,0,0,0,1,1,6,1,61,9,883,1,4,7,1,7
2.02E+12,2,9,0,18,0,1,0,0,0,0,1,1,5,2,34,6,1242,1,10,3,1,3
2.02E+12,3,9,0,18,0,1,0,0,0,0,1,1,5,1,72,10,999,1,2,9,1,9
2.02E+12,1,3,0,18,0,1,0,0,0,0,1,1,1,1,37,7,125,1,1,4,1,4
2.02E+12,2,9,0,9,0,5,0,0,0,0,3,1,6,1,59,9,1598,1,5,7,1,7
2.02E+12,1,9,0,3,0,1,0,0,0,0,1,1,6,1,42,7,1399,1,11,5,1,5
2.02E+12,1,9,0,7,0,6,0,0,0,0,0,1,5,1,47,8,4999,1,2,6,1,6
2.02E+12,2,11,0,18,0,2,0,0,0,0,0,1,1,1,53,8,9291,2,9,6,1,6
2.02E+12,1,9,0,9,0,5,0,0,0,0,1,1,6,2,18,4,1199,1,13,9,2,9
2.02E+12,2,5,0,18,0,1,0,0,0,0,1,1,2,1,30,6,649,1,9,9,3,9
2.02E+12,1,9,0,5,0,4,0,0,0,0,1,1,6,1,49,8,1598,2,8,9,3,9
2.02E+12,2,9,0,4,0,2,0,0,0,0,4,1,6,1,52,8,4799,1,9,9,3,9
2.02E+12,1,9,0,9,0,5,0,0,0,0,1,1,6,1,64,9,1587,1,13,2,1,2
2.02E+12,2,3,0,18,0,1,0,0,0,0,3,1,6,1,17,4,124,1,10,3,1,3
2.02E+12,1,5,0,18,0,1,0,0,0,0,1,1,6,1,17,4,989,1,30,7,3,7
2.02E+12,1,9,0,9,0,8,0,0,0,0,4,1,6,1,25,5,1149,1,9,7,1,7
2.02E+12,2,9,0,18,0,8,0,0,0,0,1,1,6,2,28,6,1968,2,1,9,1,9
2.02E+12,1,9,0,7,0,8,0,0,0,0,1,1,6,1,55,8,1461,2,3,6,1,6
2.02E+12,2,9,0,4,0,8,0,0,0,0,3,1,6,1,50,8,2902,2,13,6,1,6
2.02E+12,1,9,0,5,0,1,0,0,0,0,1,1,6,1,60,9,2494,1,15,6,1,6
2.02E+12,2,9,0,18,0,1,0,0,0,0,1,1,6,2,42,7,1999,2,1,7,1,7
2.02E+12,1,3,0,5,0,1,5,0,0,0,4,1,6,1,22,5,124,1,9,8,3,8
2.02E+12,2,9,0,18,0,1,1,0,0,0,1,1,6,1,72,10,2993,2,7,8,3,8
2.02E+12,1,9,0,9,0,1,0,0,0,0,1,1,1,1,73,10,1598,1,6,6,3,6
2.02E+12,1,9,0,3,0,6,0,0,0,0,1,1,6,2,37,7,1461,2,1,10,3,10
2.02E+12,1,9,0,18,0,1,0,0,0,0,1,1,6,1,37,7,1598,1,11,6,1,6
2.02E+12,2,9,0,3,0,1,0,0,0,0,2,1,6,1,38,7,1329,1,5,7,1,7
2.02E+12,3,9,0,3,0,1,0,0,0,0,2,1,6,2,37,7,998,1,3,9,1,9
2.02E+12,4,9,0,3,0,1,0,0,0,0,1,1,6,2,37,7,1995,2,3,8,1,8
2.02E+12,2,9,0,9,0,1,0,0,7,0,1,1,5,2,23,5,1598,1,10,10,2,10
2.02E+12,1,2,0,18,0,3,1,0,0,0,4,1,4,1,16,4,49,1,3,6,1,6
2.02E+12,1,11,0,3,0,1,0,0,0,0,0,1,6,1,49,8,9000,2,1,5,1,5
2.02E+12,1,2,0,9,0,2,0,0,0,0,1,1,6,2,47,8,49,1,26,5,1,5
2.02E+12,1,9,0,3,0,1,0,0,0,0,0,1,6,1,19,4,1399,2,10,4,3,4
2.02E+12,1,19,0,4,0,8,1,9,1,0,1,1,1,1,31,6,2198,2,5,1,1,1
2.02E+12,2,9,0,5,0,8,0,0,1,0,3,1,2,2,53,8,1398,2,7,6,2,6
2.02E+12,1,9,0,3,0,1,0,0,0,0,1,1,6,1,28,6,1995,2,1,7,1,7
2.02E+12,2,8,0,3,0,1,0,0,0,0,1,1,6,1,38,7,2148,2,7,4,3,4
2.02E+12,2,9,0,18,0,1,0,0,0,0,1,1,6,1,52,8,1499,2,1,4,1,4
2.02E+12,2,9,0,10,0,1,0,0,0,0,2,1,2,2,21,5,2143,2,1,8,1,8
2.02E+12,1,19,0,18,0,1,0,0,0,0,1,1,6,1,33,6,1995,2,3,1,1,1
2.02E+12,2,9,0,5,0,1,0,0,0,0,1,1,6,2,20,4,1599,1,12,3,1,3
2.02E+12,1,9,0,18,0,4,0,0,0,0,3,1,6,1,25,5,1997,2,6,10,1,10
2.02E+12,2,9,0,18,0,4,0,0,0,0,1,1,6,2,19,4,999,1,1,7,1,7
2.02E+12,1,9,0,18,0,4,0,0,0,0,1,1,2,1,46,8,1998,2,10,5,2,5
2.02E+12,2,9,0,18,0,3,0,0,0,0,3,1,2,2,26,6,1587,1,13,3,1,3
2.02E+12,2,9,0,18,0,1,0,0,0,0,1,1,6,1,22,5,1596,1,3,8,1,8
2.02E+12,1,9,0,18,0,1,0,0,0,0,1,1,3,2,44,7,1461,2,9,4,1,4
2.02E+12,2,9,0,9,0,1,0,0,0,0,1,1,6,1,31,6,2179,2,13,9,1,9
2.02E+12,1,9,0,2,0,1,0,0,0,0,3,1,1,2,34,6,1560,2,5,4,1,4
2.02E+12,2,9,0,18,0,8,0,0,0,0,4,1,6,2,46,8,1398,1,7,5,1,5
2.02E+12,1,19,0,18,0,4,0,0,0,0,1,1,6,1,61,9,1998,2,14,3,1,3
2.02E+12,1,9,0,9,0,5,0,0,0,0,4,1,2,1,31,6,1560,2,5,7,1,7
2.02E+12,2,5,0,18,0,1,0,0,0,0,1,1,6,1,37,7,999,1,5,10,1,10
2.02E+12,1,9,0,8,0,5,0,0,0,0,1,1,6,1,27,6,1395,1,1,3,1,3
2.02E+12,2,9,0,18,0,8,5,0,0,0,1,1,6,1,73,10,1461,2,7,6,1,6
2.02E+12,1,9,0,7,0,2,0,0,0,0,1,1,6,2,79,11,1587,1,12,5,1,5
2.02E+12,1,9,0,18,0,1,0,0,0,0,1,1,6,2,62,9,1995,2,10,4,1,4
2.02E+12,1,9,0,18,0,2,0,0,0,0,1,1,6,1,27,6,1398,2,14,8,1,8
2.02E+12,2,21,0,18,0,1,0,0,0,0,1,1,1,1,71,10,5861,2,18,8,1,8
2.02E+12,1,9,0,16,0,1,1,10,6,2,3,1,6,1,82,11,1388,1,7,5,1,5
2.02E+12,1,9,0,18,0,1,0,0,0,0,4,1,6,1,52,8,1956,2,7,8,1,8
2.02E+12,2,9,0,18,0,1,0,0,1,0,3,1,6,2,29,6,1395,1,3,9,1,9
2.02E+12,1,9,0,18,0,6,0,0,0,0,1,1,6,1,19,4,1598,2,4,1,1,1
2.02E+12,2,9,0,18,0,1,0,0,0,0,4,1,6,2,55,8,1587,1,16,9,1,9
2.02E+12,1,9,0,12,0,1,0,0,0,0,2,1,6,1,36,7,1395,1,2,4,1,4
2.02E+12,2,9,0,18,0,1,0,0,0,0,1,1,6,1,42,7,2295,1,12,2,1,2
2.02E+12,1,9,0,14,0,8,0,0,0,0,3,1,2,2,31,6,1995,2,2,2,1,2
2.02E+12,2,21,0,2,9,8,0,0,0,0,2,1,1,1,41,7,3920,2,4,3,1,3
2.02E+12,1,9,0,18,0,1,0,0,0,0,1,1,6,1,37,7,1997,2,8,2,1,2
2.02E+12,2,9,0,8,0,1,0,0,0,0,2,1,2,2,26,6,1598,1,7,6,2,6
2.02E+12,1,9,0,9,0,6,0,0,0,0,3,1,6,2,35,6,1242,1,4,3,1,3
2.02E+12,2,9,0,18,0,6,0,0,0,0,4,1,1,2,19,4,998,1,9,9,1,9
2.02E+12,1,9,0,5,0,2,0,0,0,0,1,1,1,1,65,9,1997,1,2,9,2,9
2.02E+12,2,4,0,9,0,1,0,0,0,0,1,1,2,1,28,6,278,1,4,9,1,9
2.02E+12,1,9,0,18,0,2,0,4,0,0,1,1,6,2,33,6,1461,2,4,8,1,8
2.02E+12,1,5,0,13,0,2,1,11,0,0,0,1,6,1,30,6,599,1,11,1,1,1
2.02E+12,1,9,0,18,0,1,0,0,0,0,1,1,6,1,21,5,1995,2,1,9,1,9
2.02E+12,2,9,0,10,0,1,0,0,0,0,2,1,6,1,53,8,1995,2,15,4,1,4
2.02E+12,1,9,0,9,0,1,0,0,0,0,3,1,6,2,55,8,1422,2,7,4,1,4
2.02E+12,2,9,0,18,0,1,0,0,0,0,4,1,6,2,24,5,1596,1,12,6,1,6
2.02E+12,2,3,0,18,0,8,0,0,0,0,1,1,6,1,37,7,125,1,1,5,1,5
2.02E+12,1,9,0,9,0,2,0,0,0,0,3,1,6,2,71,10,1248,1,2,8,1,8
2.02E+12,2,9,0,4,0,1,0,0,0,0,3,1,6,1,44,7,1389,1,13,6,1,6
2.02E+12,3,9,0,4,0,1,0,0,0,0,3,1,6,1,55,8,1124,1,15,8,1,8
2.02E+12,1,9,0,9,0,1,0,0,0,0,3,1,1,2,35,6,1248,2,4,10,1,10
2.02E+12,1,9,0,18,0,3,0,0,0,0,3,1,6,1,70,10,1398,1,5,4,1,4
2.02E+12,1,9,0,11,0,1,0,0,1,0,4,1,1,2,46,8,1753,2,13,10,1,10
2.02E+12,2,9,0,18,0,1,0,0,1,10,3,1,6,2,71,10,998,1,4,4,3,4
2.02E+12,2,9,0,7,0,3,0,0,0,0,4,1,6,1,35,6,1956,2,2,3,1,3
2.02E+12,1,9,0,18,0,1,0,0,0,0,1,1,6,2,37,7,1896,2,13,4,1,4
2.02E+12,2,9,0,4,0,1,0,0,0,0,2,1,6,2,52,8,1318,1,1,9,1,9
2.02E+12,1,9,0,3,0,1,0,0,0,0,1,1,6,1,37,7,1596,1,6,9,1,9
2.02E+12,1,9,0,18,0,1,1,0,0,0,1,1,6,1,21,5,1390,1,14,8,1,8
2.02E+12,2,3,0,18,0,1,0,0,0,0,2,1,6,1,24,5,124,1,2,9,1,9
2.02E+12,3,3,0,18,0,1,0,0,0,0,2,1,6,2,36,7,125,1,1,1,1,1
2.02E+12,1,17,5,4,0,1,0,0,0,0,1,1,1,1,28,6,5883,2,13,7,3,7
2.02E+12,2,9,0,4,0,1,0,0,0,0,2,1,5,2,39,7,1199,1,15,3,1,3
2.02E+12,1,4,0,18,0,3,1,0,0,0,3,1,6,1,39,7,998,1,5,4,1,4
2.02E+12,1,9,0,9,0,1,0,0,0,0,1,1,6,1,42,7,1461,2,7,8,1,8
2.02E+12,2,9,0,10,0,1,0,0,0,0,2,1,1,2,29,6,1781,1,9,9,1,9
2.02E+12,1,5,0,16,0,1,0,0,7,0,1,1,6,1,60,9,599,1,16,8,1,8
2.02E+12,1,9,0,9,0,5,0,0,0,0,1,1,2,2,62,9,1390,1,5,9,1,9
2.02E+12,2,9,0,18,0,8,0,0,0,0,1,1,5,2,40,7,2402,2,8,10,1,10
2.02E+12,2,19,0,3,0,1,0,0,0,0,2,1,1,1,59,9,2402,2,15,10,1,10
2.02E+12,2,9,0,2,0,1,0,0,0,0,1,1,6,1,22,5,998,1,4,7,3,7
2.02E+12,1,9,0,9,0,1,0,0,0,0,1,1,6,1,49,8,1398,1,2,2,1,2
2.02E+12,1,9,0,4,0,8,1,0,0,0,1,1,6,2,48,8,1799,1,11,8,2,8
2.02E+12,2,9,0,4,0,8,0,0,0,0,2,1,6,1,45,7,1968,2,2,5,3,5
2.02E+12,1,9,0,18,0,1,0,0,0,0,1,1,2,1,52,8,3628,2,7,9,1,9
2.02E+12,1,9,0,18,0,1,0,0,0,0,2,1,6,2,56,9,1598,1,12,7,2,7
2.02E+12,2,9,0,8,0,1,0,0,0,0,1,1,6,2,42,7,1997,2,7,10,1,10
2.02E+12,1,9,0,18,0,3,0,0,0,0,1,1,6,1,21,5,1596,1,2,4,1,4
2.02E+12,2,5,0,18,0,4,0,0,0,0,1,1,6,1,31,6,599,1,10,6,2,6
2.02E+12,1,9,0,11,0,1,0,0,0,0,1,1,6,2,70,10,1248,2,3,3,1,3
2.02E+12,2,9,0,10,0,1,0,0,0,0,1,1,6,1,60,9,1598,1,11,10,1,10
2.02E+12,2,9,0,4,0,1,0,0,0,0,2,1,6,2,41,7,973,1,17,10,3,10
2.02E+12,1,9,0,5,0,6,0,0,0,0,4,1,5,1,67,10,1968,2,6,7,1,7
2.02E+12,2,9,0,18,0,8,0,0,0,0,1,1,6,1,21,5,1388,1,13,3,2,3
2.02E+12,1,9,0,18,0,8,0,0,0,0,1,1,6,1,53,8,1997,2,2,3,1,3
2.02E+12,2,9,0,18,0,8,0,0,0,0,1,1,6,2,24,5,1600,1,6,9,2,9
2.02E+12,3,9,0,10,0,1,0,0,0,0,2,1,6,2,31,6,1995,2,11,2,1,2
2.02E+12,1,9,0,18,0,8,0,0,0,0,4,1,6,1,37,7,3199,1,16,6,1,6
2.02E+12,2,9,0,18,0,8,0,0,0,0,1,1,6,1,37,7,1598,1,13,9,3,9
2.02E+12,1,9,0,18,0,8,0,0,0,0,1,1,6,1,31,6,1998,1,13,6,1,6
2.02E+12,2,9,0,9,0,1,0,0,0,0,4,1,6,2,53,8,1588,1,16,1,1,1
2.02E+12,1,4,0,18,0,3,1,0,0,0,3,1,6,1,32,6,744,1,1,6,1,6
2.02E+12,1,11,0,3,0,1,0,0,0,0,0,1,1,1,33,6,4461,2,2,3,1,3
2.02E+12,2,21,0,18,0,1,0,0,0,0,2,1,6,1,55,8,10837,2,2,8,1,8
2.02E+12,1,9,0,7,0,1,0,0,0,0,3,1,6,1,52,8,1998,1,7,5,3,5
2.02E+12,2,9,0,18,0,1,0,0,0,0,1,1,6,1,26,6,1598,1,9,7,1,7
2.02E+12,1,9,0,4,0,1,0,0,3,0,1,1,2,1,32,6,1995,1,12,1,1,1
2.02E+12,1,9,0,18,0,4,0,0,0,0,1,1,6,1,35,6,2993,2,9,5,1,5
2.02E+12,1,9,0,4,0,4,0,0,0,0,1,1,6,2,79,11,1598,1,8,9,1,9
2.02E+12,2,9,0,4,0,4,0,0,0,0,2,1,6,2,47,8,1242,1,4,8,1,8
2.02E+12,3,9,0,4,0,4,0,0,0,0,2,1,6,1,19,4,1395,1,2,10,1,10
2.02E+12,1,3,0,18,0,8,0,0,0,0,1,1,6,1,19,4,125,1,5,6,1,6
2.02E+12,1,9,0,9,0,5,0,0,0,0,1,1,6,2,39,7,1461,2,2,5,1,5
2.02E+12,1,5,0,9,0,4,1,10,0,0,1,1,6,1,31,6,599,1,20,1,1,1
2.02E+12,1,9,0,5,0,4,0,0,0,0,3,1,6,2,26,6,1997,2,9,10,3,10
2.02E+12,1,9,0,18,0,8,0,0,0,0,3,1,6,1,25,5,1781,1,13,3,1,3
2.02E+12,2,9,0,18,0,1,0,0,0,0,1,1,6,1,21,5,1364,1,8,5,1,5
2.02E+12,1,5,0,3,0,1,0,0,0,0,1,1,6,1,64,9,1255,1,9,7,1,7
2.02E+12,1,9,0,4,0,1,0,0,0,0,1,1,2,2,33,6,1969,2,2,9,2,9
2.02E+12,1,9,0,18,0,1,5,10,0,0,4,1,6,1,37,7,1396,1,17,2,1,2
2.02E+12,1,9,0,18,0,1,0,0,0,0,1,1,6,1,37,7,1997,2,15,4,1,4