Accident_Index,Vehicle_Reference,Vehicle_Type,Towing_and_Articulation,Vehicle_Manoeuvre,Vehicle_Location-Restricted_Lane,Junction_Location,Skidding_and_Overturning,Hit_Object_in_Carriageway,Vehicle_Leaving_Carriageway,Hit_Object_off_Carriageway,1st_Point_of_Impact,Was_Vehicle_Left_Hand_Drive?,Journey_Purpose_of_Driver,Sex_of_Driver,Age_of_Driver,Age_Band_of_Driver,Engine_Capacity_(CC),Propulsion_Code,Age_of_Vehicle,Driver_IMD_Decile,Driver_Home_Area_Type,Vehicle_IMD_Decile
2.02E+12,2,19,0,3,0,1,0,0,0,0,2,1,6,1,58,9,1560,2,7,7,2,7
2.02E+12,1,9,0,18,0,1,0,0,0,0,1,1,6,1,72,10,1388,1,7,8,2,8
2.02E+12,2,9,0,3,0,1,0,0,0,0,2,1,6,1,35,6,1998,2,4,7,2,7
2.02E+12,3,9,0,3,0,1,0,0,0,0,2,1,6,1,77,11,998,1,1,8,1,8
2.02E+12,1,9,0,14,0,1,0,0,0,0,1,1,6,1,27,6,1896,2,14,6,1,6
2.02E+12,3,9,0,14,0,1,0,0,0,0,0,1,6,2,59,9,1398,2,14,6,1,6
2.02E+12,1,9,0,5,0,6,0,0,0,0,1,1,6,2,37,7,1999,1,8,6,1,6
2.02E+12,1,9,0,9,0,1,0,12,0,0,0,1,6,2,93,11,1242,1,18,8,3,8
2.02E+12,1,21,1,9,0,4,0,0,0,0,4,1,1,1,38,7,11705,2,10,3,1,3
2.02E+12,2,11,0,9,2,4,0,0,0,0,3,1,1,1,38,7,9000,2,1,1,1,1
2.02E+12,1,9,0,12,0,7,0,0,0,0,1,1,6,1,23,5,1242,1,13,4,1,4
2.02E+12,2,9,0,12,0,7,0,0,0,0,2,1,6,1,69,10,1398,1,5,9,2,9
2.02E+12,1,9,0,18,0,8,0,0,1,0,4,1,6,1,65,9,1598,2,1,7,1,7
2.02E+12,1,9,0,9,7,7,2,10,7,10,1,1,6,2,20,4,1086,1,11,6,1,6
2.02E+12,2,4,0,18,0,1,0,0,0,0,1,1,6,1,41,7,498,1,14,4,1,4
2.02E+12,1,5,0,14,0,1,0,0,0,0,4,1,6,1,57,9,675,1,7,4,1,4
2.02E+12,2,19,0,9,0,1,0,0,0,0,3,1,5,1,48,8,2198,2,2,5,1,5
2.02E+12,1,9,0,14,0,8,0,0,0,0,2,1,5,1,37,7,1229,1,10,1,1,1
2.02E+12,2,9,0,18,0,8,0,0,0,0,1,1,4,1,20,4,1197,1,4,2,1,2
2.02E+12,1,9,0,18,0,4,0,0,0,0,0,1,1,1,33,6,1560,2,5,3,1,3
2.02E+12,2,9,0,18,0,4,0,0,0,0,1,1,6,1,28,6,2401,2,14,3,1,3
2.02E+12,1,9,0,9,0,8,0,0,0,0,1,1,6,2,41,7,1596,1,14,4,1,4
2.02E+12,1,9,0,18,0,1,0,0,0,0,1,1,6,1,19,4,1956,2,5,10,1,10
2.02E+12,2,19,0,18,0,2,1,0,0,0,1,1,6,1,23,5,1598,2,10,10,1,10
2.02E+12,3,9,0,18,0,2,0,0,0,0,1,1,6,1,19,4,1198,1,4,5,1,5
2.02E+12,1,5,0,13,0,8,0,0,7,4,1,1,6,1,25,5,998,1,13,8,3,8
2.02E+12,2,19,0,9,0,1,0,0,7,4,1,1,1,1,30,6,1598,2,6,7,3,7
2.02E+12,1,3,0,18,0,1,0,0,0,0,0,1,6,1,26,6,125,1,3,8,2,8
2.02E+12,1,9,0,5,0,2,0,0,0,0,1,1,1,1,37,7,1995,2,11,5,3,5
2.02E+12,2,3,0,10,0,2,0,0,0,0,2,1,6,2,17,4,124,1,8,9,3,9
2.02E+12,1,9,0,18,0,1,0,0,0,0,3,1,6,1,47,8,1999,1,16,2,1,2
2.02E+12,1,9,0,18,0,6,0,0,0,0,1,1,2,1,48,8,1149,1,9,6,1,6
2.02E+12,1,9,0,18,0,2,0,0,0,0,4,1,1,1,39,7,1598,2,1,4,1,4
2.02E+12,1,9,0,18,0,1,0,0,0,0,1,1,6,1,51,8,1582,2,6,5,2,5
2.02E+12,1,9,0,9,0,6,0,0,7,0,1,1,6,1,77,11,1598,2,1,4,1,4
2.02E+12,1,9,0,18,0,1,0,0,0,0,3,1,6,1,35,6,1595,1,8,6,1,6
2.02E+12,1,9,0,18,0,8,0,0,0,0,3,1,6,2,30,6,1461,2,2,6,1,6
2.02E+12,2,9,0,9,0,8,0,0,0,0,1,1,6,1,36,7,1794,1,11,3,1,3
2.02E+12,1,5,0,13,0,1,0,0,0,0,1,1,6,1,57,9,904,1,23,8,1,8
2.02E+12,2,9,0,9,0,1,0,0,0,0,2,1,1,2,45,7,1968,2,3,4,3,4
2.02E+12,1,9,0,4,0,1,0,0,0,0,1,1,2,1,38,7,1896,2,12,5,3,5
2.02E+12,1,9,0,18,0,1,0,0,0,0,3,1,6,1,55,8,1997,2,14,3,1,3
2.02E+12,2,9,0,9,0,5,0,0,0,0,1,1,6,1,51,8,3199,1,15,4,1,4
2.02E+12,1,9,0,7,0,3,1,0,7,4,1,1,6,2,42,7,1598,1,6,2,1,2
2.02E+12,1,9,0,11,0,1,0,0,1,0,4,1,6,1,31,6,2401,2,14,3,1,3
2.02E+12,2,9,0,18,0,1,0,0,8,0,1,1,6,2,19,4,998,1,11,5,1,5
2.02E+12,1,3,0,18,0,4,1,0,0,0,1,1,1,1,41,7,125,1,3,1,1,1
2.02E+12,1,3,0,18,0,1,0,0,0,0,1,1,6,1,30,6,124,1,6,4,3,4
2.02E+12,1,9,0,9,0,1,0,0,0,0,4,1,6,2,29,6,1596,1,11,4,3,4
2.02E+12,2,9,0,18,0,1,0,0,0,0,1,1,6,1,29,6,1956,2,6,8,1,8
2.02E+12,1,3,0,18,0,1,0,0,0,0,1,1,6,1,37,7,124,1,4,2,1,2
2.02E+12,1,9,0,10,0,1,0,0,0,0,1,1,6,2,27,6,1796,1,13,1,1,1
2.02E+12,2,3,0,18,0,1,0,0,0,0,1,1,6,1,39,7,124,1,9,1,1,1
2.02E+12,1,9,0,10,0,1,0,0,0,0,2,1,6,1,34,6,1398,1,4,7,1,7
2.02E+12,2,9,0,18,0,1,0,0,0,0,1,1,6,2,37,7,1560,2,7,3,1,3
2.02E+12,1,9,0,9,0,1,0,0,0,0,1,1,2,1,31,6,1199,1,14,3,2,3
2.02E+12,2,9,0,18,0,1,0,0,0,0,1,1,2,2,46,8,998,1,3,7,3,7
2.02E+12,1,9,0,18,0,2,0,0,0,0,3,1,5,2,21,5,2179,2,6,5,3,5
2.02E+12,2,2,0,13,0,1,0,0,0,0,1,1,5,1,18,4,125,1,17,8,1,8
2.02E+12,3,9,0,18,0,1,0,0,0,0,4,1,5,1,51,8,1686,2,5,5,1,5
2.02E+12,1,9,0,18,0,1,0,0,0,0,4,1,5,2,39,7,1560,2,3,9,1,9
2.02E+12,2,9,0,5,0,8,0,0,0,0,1,1,5,1,51,8,1598,1,10,7,1,7
2.02E+12,1,19,0,18,0,8,0,0,0,0,1,1,6,1,34,6,2402,2,8,8,1,8
2.02E+12,2,9,0,18,0,8,0,0,0,0,3,1,6,1,39,7,1598,1,14,4,1,4
2.02E+12,1,9,0,18,0,8,1,0,3,11,1,1,6,1,21,5,1149,1,11,1,1,1
2.02E+12,2,9,0,18,0,8,0,0,0,0,0,1,1,1,36,7,1997,2,2,7,1,7
2.02E+12,1,9,0,7,9,8,0,0,7,0,1,1,6,1,51,8,1986,2,11,6,1,6
2.02E+12,1,9,0,9,0,2,0,0,0,0,3,1,6,1,42,7,1461,2,6,7,1,7
2.02E+12,2,4,0,18,0,1,0,0,0,0,1,1,2,2,23,5,471,1,1,7,1,7
2.02E+12,1,9,0,9,0,1,0,0,1,0,1,1,6,1,22,5,1689,2,15,1,1,1
2.02E+12,2,9,0,4,0,1,0,0,0,0,0,1,1,1,30,6,1560,2,5,7,1,7
2.02E+12,1,9,0,18,0,1,0,0,0,0,1,1,6,2,38,7,1598,1,6,10,2,10
2.02E+12,2,9,0,18,0,1,0,0,0,0,2,1,6,2,36,7,1595,1,1,7,3,7
2.02E+12,1,9,0,4,0,5,0,0,0,0,1,1,2,2,21,5,998,1,9,4,1,4
2.02E+12,1,9,0,18,0,5,0,0,0,0,1,1,6,1,38,7,1769,1,15,3,1,3
2.02E+12,2,19,0,9,0,6,0,0,0,0,3,1,6,1,18,4,1560,2,3,8,1,8
2.02E+12,1,9,0,14,0,1,2,0,7,11,1,1,6,1,40,7,1560,2,9,8,2,8
2.02E+12,1,9,0,10,0,1,1,0,7,0,2,1,6,1,17,4,1229,1,8,8,1,8
2.02E+12,2,9,0,15,0,1,0,0,0,0,1,1,6,2,45,7,1598,1,14,8,1,8
2.02E+12,1,9,0,5,0,1,0,0,0,0,1,1,6,2,20,4,1000,1,4,3,1,3
2.02E+12,1,9,0,7,0,6,0,0,0,0,1,1,6,2,54,8,1399,1,1,9,1,9
2.02E+12,2,9,0,9,0,1,0,0,0,0,1,1,2,1,20,4,1799,1,8,7,1,7
2.02E+12,1,9,0,18,0,8,0,0,0,0,4,1,6,1,75,10,1796,1,3,6,1,6
2.02E+12,2,9,0,18,0,1,0,0,0,0,2,1,6,2,48,8,2179,2,6,4,2,4
2.02E+12,3,19,0,18,0,1,0,0,0,0,1,1,6,1,46,8,1753,2,9,3,1,3
2.02E+12,1,9,0,3,0,1,0,0,0,0,1,1,6,2,41,7,1798,1,11,6,1,6
2.02E+12,2,9,0,3,0,1,0,0,0,0,1,1,6,2,42,7,1499,2,2,8,1,8
2.02E+12,1,9,0,3,0,1,0,0,0,0,1,1,6,2,58,9,1396,1,9,9,1,9
2.02E+12,2,9,0,3,0,1,0,0,0,0,1,1,6,2,19,4,1149,1,12,7,1,7
2.02E+12,3,9,0,3,0,2,0,0,0,0,2,1,6,1,37,7,1124,1,16,7,1,7
2.02E+12,1,9,0,3,0,1,0,0,0,0,2,1,6,1,76,11,1598,1,5,6,3,6
2.02E+12,1,9,0,18,0,2,0,0,0,0,1,1,5,2,24,5,1149,1,17,5,1,5
2.02E+12,2,9,0,18,0,2,0,0,0,0,1,1,5,2,48,8,2179,2,3,5,1,5
2.02E+12,1,3,0,18,0,1,1,0,0,0,1,1,6,1,18,4,125,1,13,8,3,8
2.02E+12,2,9,0,10,0,1,0,0,0,0,2,1,6,1,47,8,1598,1,10,10,1,10
2.02E+12,1,9,0,18,0,3,0,0,0,0,1,1,5,1,18,4,1364,1,2,8,1,8
2.02E+12,1,9,0,18,0,1,0,0,0,0,1,1,6,1,26,6,1598,1,4,8,1,8
2.02E+12,2,9,0,18,0,1,2,0,1,0,1,1,6,2,46,8,1242,1,8,7,2,7
2.02E+12,3,9,0,4,0,1,0,0,0,0,1,1,6,2,54,8,1390,1,15,6,2,6
2.02E+12,1,9,0,11,4,1,0,0,0,0,4,1,6,1,51,8,1461,2,13,7,3,7
2.02E+12,1,19,0,18,0,1,0,0,0,0,1,1,1,1,32,6,1997,2,1,3,1,3
2.02E+12,2,9,0,10,0,5,0,0,0,0,2,1,6,1,58,9,1956,2,7,7,1,7
2.02E+12,1,9,0,7,0,1,0,0,0,0,3,1,6,2,43,7,1598,1,9,6,3,6
2.02E+12,2,9,0,18,0,1,0,0,0,0,4,1,6,1,76,11,1461,2,3,5,3,5
2.02E+12,1,9,0,7,0,1,0,0,0,0,3,1,6,1,35,6,2493,1,16,9,1,9
2.02E+12,2,5,0,18,0,1,0,0,0,0,1,1,6,1,24,5,600,1,6,3,1,3
2.02E+12,3,9,0,2,0,1,0,0,0,0,4,1,6,1,47,8,1598,1,12,2,1,2
2.02E+12,1,9,0,7,0,2,0,0,0,0,1,1,6,1,45,7,1598,1,15,4,1,4
2.02E+12,1,9,0,9,0,5,0,0,0,0,4,1,5,1,28,6,1248,2,6,5,3,5
2.02E+12,2,9,0,18,0,1,0,0,0,0,4,1,6,2,63,9,1390,1,16,7,1,7
2.02E+12,1,9,0,9,0,1,0,0,0,0,3,1,1,2,43,7,1560,2,8,10,1,10
2.02E+12,1,9,0,18,0,1,0,0,0,0,1,1,6,1,36,7,1896,2,17,2,1,2
2.02E+12,2,9,0,10,0,1,0,0,0,0,2,1,6,2,34,6,1896,2,9,6,1,6
2.02E+12,1,9,0,18,0,1,0,0,0,0,1,1,6,2,32,6,2143,2,2,7,3,7
2.02E+12,2,9,0,18,0,1,0,0,0,0,2,1,6,1,23,5,1229,1,11,2,1,2
2.02E+12,1,9,0,5,0,1,0,0,0,0,1,1,1,2,63,9,1242,1,10,5,3,5
2.02E+12,1,9,0,7,0,5,0,0,0,0,3,1,3,2,29,6,2967,2,8,9,1,9
2.02E+12,2,9,0,18,0,1,0,0,0,0,1,1,6,1,20,4,998,1,4,5,1,5
2.02E+12,1,5,0,18,0,4,1,0,0,0,1,1,5,1,25,5,1157,1,19,4,1,4
2.02E+12,1,9,0,5,0,6,0,0,0,0,1,1,6,2,31,6,1997,2,4,9,1,9
2.02E+12,2,9,0,5,0,6,0,0,0,0,1,1,6,1,58,9,1596,1,7,6,3,6
2.02E+12,1,9,0,4,0,1,0,0,0,0,4,1,6,2,55,8,998,1,15,3,1,3
2.02E+12,1,9,0,9,0,8,0,0,0,0,1,1,5,1,67,10,1686,2,6,8,1,8
2.02E+12,2,9,0,17,0,8,0,0,0,0,3,1,5,2,59,9,998,1,4,4,2,4
2.02E+12,1,9,0,5,0,4,0,0,0,0,1,1,6,1,37,7,1686,2,7,2,1,2
2.02E+12,1,9,0,9,0,1,0,0,0,0,1,1,6,2,55,8,1997,2,12,8,1,8
2.02E+12,2,3,0,18,0,1,0,0,0,0,1,1,6,1,25,5,124,1,12,7,1,7
2.02E+12,2,9,0,18,0,8,0,0,0,0,1,1,1,1,39,7,1997,1,8,5,1,5
2.02E+12,1,9,0,5,0,1,0,0,0,0,4,1,6,2,35,6,2495,2,13,7,3,7
2.02E+12,2,9,0,18,0,1,0,0,0,0,1,1,6,1,71,10,1968,2,8,8,2,8
2.02E+12,1,9,0,18,0,3,0,0,0,0,2,1,6,2,67,10,1399,2,9,6,3,6
2.02E+12,1,21,0,18,0,1,0,0,0,0,1,1,6,1,25,5,10677,2,3,2,1,2
2.02E+12,2,9,0,9,0,1,0,0,0,0,2,1,6,2,53,8,1997,1,15,10,1,10
2.02E+12,1,9,0,5,0,1,0,0,0,0,1,1,6,2,51,8,1968,2,13,10,1,10
2.02E+12,2,9,0,3,0,1,0,0,0,0,2,1,6,2,38,7,1498,1,9,4,1,4
2.02E+12,1,9,0,14,0,2,0,0,0,0,4,1,5,1,24,5,1596,1,14,1,1,1
2.02E+12,1,9,0,18,0,6,0,0,7,0,4,1,6,1,24,5,1229,1,5,3,1,3
2.02E+12,2,9,0,18,0,1,0,0,0,0,1,1,6,2,42,7,1997,2,5,8,1,8
2.02E+12,3,9,0,2,0,2,0,0,0,0,3,1,6,2,37,7,1248,1,1,8,1,8
2.02E+12,2,9,0,7,0,1,0,0,0,0,1,1,6,1,72,10,1596,1,12,5,1,5
2.02E+12,1,9,0,7,0,1,0,0,0,0,3,1,6,2,75,10,1339,1,5,8,3,8
2.02E+12,2,9,0,18,0,1,0,0,0,0,1,1,6,2,28,6,1461,2,3,5,2,5
2.02E+12,1,9,0,2,0,2,0,0,0,0,3,1,6,2,52,8,1988,1,16,1,1,1
2.02E+12,1,3,0,9,0,6,0,10,1,0,4,1,6,2,51,8,249,1,1,6,3,6
2.02E+12,1,9,0,18,0,1,0,0,0,0,1,1,6,2,21,5,998,1,7,1,1,1
2.02E+12,1,9,0,5,0,4,0,0,0,0,1,1,6,1,49,8,2993,2,7,7,2,7
2.02E+12,2,5,0,9,0,3,0,0,0,0,4,1,6,1,41,7,1783,1,10,6,1,6
2.02E+12,1,9,0,5,0,6,0,0,0,0,3,1,6,2,50,8,1197,1,1,6,3,6
2.02E+12,1,9,0,18,0,1,0,0,0,0,1,1,6,1,54,8,4966,1,14,10,1,10
2.02E+12,2,9,0,2,0,1,0,0,1,0,1,1,6,1,52,8,1956,2,7,3,1,3
2.02E+12,3,9,0,2,0,1,0,0,0,0,3,1,6,2,37,7,1363,2,12,1,1,1
2.02E+12,1,9,0,10,0,1,0,0,0,0,1,1,5,1,76,11,1582,2,1,5,1,5
2.02E+12,1,9,0,3,0,1,0,0,0,0,0,1,6,2,37,7,1242,1,6,9,1,9
2.02E+12,2,9,0,3,0,1,0,0,0,0,2,1,6,2,33,6,1598,2,3,10,1,10
2.02E+12,2,9,0,18,0,8,0,0,1,0,1,1,2,2,28,6,698,1,13,6,2,6
2.02E+12,1,9,0,9,0,6,0,0,0,0,1,1,5,2,34,6,2148,2,8,9,3,9
2.02E+12,1,5,0,18,0,1,0,0,0,0,1,1,6,1,55,8,1298,1,14,3,1,3
2.02E+12,2,9,0,9,0,1,0,0,0,0,3,1,6,2,45,7,1798,1,8,6,1,6
2.02E+12,1,9,0,5,0,1,0,0,0,0,4,1,6,1,18,4,998,1,4,2,1,2
2.02E+12,1,9,0,3,0,1,0,0,0,0,1,1,6,1,26,6,1968,2,6,7,1,7
2.02E+12,2,9,0,3,0,1,0,0,0,0,1,1,6,2,37,7,1364,1,1,2,1,2
2.02E+12,3,9,0,3,0,1,0,0,0,0,1,1,6,1,31,6,1388,1,15,1,1,1
2.02E+12,4,9,0,3,0,1,0,0,0,0,2,1,6,1,74,10,1198,1,9,10,1,10
2.02E+12,1,9,0,17,0,1,0,0,1,4,4,1,6,1,27,6,1762,1,17,4,1,4
2.02E+12,2,9,0,10,0,3,0,0,0,0,3,1,6,1,19,4,1197,1,1,10,1,10
2.02E+12,1,9,0,18,0,8,1,0,7,9,1,1,6,1,31,6,1794,1,17,5,1,5
2.02E+12,2,9,0,18,0,8,2,0,1,4,1,1,6,1,27,6,2402,2,8,5,2,5
2.02E+12,1,9,0,9,0,8,1,0,1,0,3,1,6,2,40,7,1390,1,9,3,1,3
2.02E+12,2,9,0,18,0,8,1,0,0,0,1,1,5,1,58,9,2143,2,5,3,2,3
2.02E+12,3,9,0,2,0,8,0,0,0,0,4,1,5,1,35,6,1598,2,2,3,1,3
2.02E+12,4,9,0,2,0,8,0,0,0,0,4,1,5,2,48,8,1242,1,2,3,1,3
2.02E+12,5,9,0,2,0,8,0,0,0,0,4,1,6,2,30,6,1995,2,5,8,1,8
2.02E+12,2,9,0,18,0,1,0,0,0,0,1,1,5,2,52,8,1598,1,15,10,1,10
2.02E+12,1,9,0,18,0,8,0,0,0,0,3,1,6,2,76,11,1388,1,13,5,2,5
2.02E+12,2,9,0,18,0,8,0,0,0,0,4,1,6,1,46,8,2993,2,7,3,1,3
2.02E+12,3,9,0,18,0,8,0,0,0,0,3,1,6,2,50,8,1108,1,13,6,1,6
2.02E+12,1,9,0,18,0,8,0,0,0,0,4,1,6,1,37,7,1560,2,9,6,1,6
2.02E+12,2,9,0,10,0,1,0,0,0,0,3,1,6,2,44,7,1598,1,15,5,1,5
2.02E+12,1,9,0,18,0,5,0,0,0,0,1,1,6,2,54,8,1599,1,12,2,1,2
2.02E+12,2,9,0,9,0,1,0,0,0,0,2,1,6,2,39,7,1299,1,16,3,1,3
2.02E+12,1,9,0,7,0,1,0,0,1,11,1,1,6,1,36,7,1587,1,15,1,1,1
2.02E+12,1,9,0,18,0,1,0,0,0,0,0,1,6,1,53,8,1198,1,4,10,1,10
2.02E+12,2,4,0,18,0,1,1,0,0,0,4,1,6,1,27,6,400,1,26,7,1,7
2.02E+12,1,21,0,18,0,1,0,0,0,0,1,1,1,1,45,7,12580,2,17,2,1,2
2.02E+12,2,21,0,18,0,1,0,0,0,0,2,1,1,1,37,7,11021,2,14,4,1,4
2.02E+12,3,9,0,9,0,1,0,0,0,0,2,1,2,2,43,7,1124,1,14,6,1,6
2.02E+12,1,9,0,18,0,1,0,0,0,0,4,1,6,1,44,7,1149,1,7,7,1,7
2.02E+12,2,9,0,3,0,4,0,0,0,0,2,1,6,1,44,7,2993,2,5,3,2,3
2.02E+12,1,9,0,18,0,1,0,0,0,0,4,1,6,1,76,11,1360,1,14,5,2,5
2.02E+12,2,9,0,9,0,6,0,0,0,0,1,1,6,2,43,7,2000,1,13,1,1,1
2.02E+12,1,9,0,7,0,1,0,0,0,0,1,1,6,1,17,4,1200,1,3,10,1,10
2.02E+12,2,9,0,18,0,8,0,0,0,0,4,1,6,2,58,9,1242,1,2,10,2,10
2.02E+12,1,9,0,18,0,1,0,0,0,0,4,1,6,1,28,6,1399,1,12,2,1,2
2.02E+12,1,9,0,18,0,2,0,4,0,0,1,1,2,1,19,4,1149,1,19,3,1,3
2.02E+12,1,9,0,7,0,8,0,0,0,0,1,1,6,1,69,10,1240,1,7,6,3,6
2.02E+12,2,9,0,18,0,1,0,0,0,0,4,1,6,1,31,6,1995,1,16,8,2,8
2.02E+12,1,9,0,5,0,1,0,0,7,0,1,1,6,2,32,6,1598,1,6,4,1,4
2.02E+12,2,9,0,18,0,1,0,0,0,0,1,1,6,1,35,6,2521,1,8,2,1,2
2.02E+12,1,9,0,18,0,1,0,0,0,0,1,1,6,1,46,8,1360,1,13,6,3,6
2.02E+12,1,9,0,5,6,6,0,0,0,0,4,1,6,1,47,8,1368,1,1,10,1,10
2.02E+12,2,9,0,18,0,1,0,10,0,0,3,1,2,1,43,7,2143,2,2,5,1,5
2.02E+12,1,9,0,18,0,1,0,0,0,0,2,1,6,1,45,7,2987,2,4,10,1,10
2.02E+12,2,3,0,18,0,1,0,0,0,0,1,1,6,1,20,4,125,1,3,8,1,8
2.02E+12,2,9,0,9,0,1,0,0,0,0,3,1,6,2,50,8,1798,1,9,4,1,4
2.02E+12,2,9,0,3,0,1,0,0,0,0,2,1,1,1,42,7,1997,2,5,1,1,1
2.02E+12,1,9,0,5,0,2,0,0,0,0,1,1,6,2,21,5,1398,1,5,9,1,9
2.02E+12,2,9,0,18,0,1,0,0,0,0,3,1,6,2,22,5,998,1,10,8,1,8
2.02E+12,2,9,0,18,0,3,0,0,0,0,1,1,5,1,71,10,1984,1,11,8,1,8
2.02E+12,1,21,0,3,0,1,0,0,0,0,1,1,6,1,57,9,6700,2,1,1,1,1
2.02E+12,2,19,0,3,0,1,0,0,0,0,2,1,6,1,50,8,1248,2,4,6,1,6
2.02E+12,3,9,0,3,0,1,0,0,0,0,2,1,6,1,36,7,1197,1,1,6,1,6
2.02E+12,4,9,0,3,0,1,0,0,0,0,2,1,6,2,55,8,2179,2,7,6,2,6
2.02E+12,1,9,0,9,0,2,0,0,0,0,3,1,6,2,46,8,1600,2,8,7,3,7
2.02E+12,2,9,0,18,0,1,0,0,0,0,1,1,6,2,59,9,1596,1,16,3,1,3
2.02E+12,1,9,0,18,0,1,0,0,0,0,1,1,2,1,21,5,1242,1,12,7,3,7
2.02E+12,1,5,0,18,0,1,1,0,0,0,4,1,5,1,25,5,599,1,8,10,1,10
2.02E+12,1,9,0,9,0,1,0,0,0,0,4,1,6,1,68,10,2150,1,21,7,3,7
2.02E+12,2,5,0,18,0,1,0,0,0,0,4,1,1,1,29,6,996,1,18,4,1,4
2.02E+12,1,9,0,10,0,1,0,0,0,0,0,1,6,2,53,8,1896,2,10,7,1,7
2.02E+12,2,9,0,3,0,1,0,0,0,0,1,1,6,2,29,6,1995,2,10,7,3,7
2.02E+12,3,9,0,5,0,1,0,0,0,0,2,1,6,1,50,8,1968,2,8,1,1,1
2.02E+12,1,9,0,9,0,8,0,0,0,0,1,1,6,1,31,6,1796,1,9,4,2,4
2.02E+12,1,9,0,9,0,1,0,0,0,0,1,1,1,2,59,9,1248,1,5,10,1,10
2.02E+12,1,9,0,9,0,2,0,0,0,0,1,1,6,2,26,6,998,1,7,6,3,6
2.02E+12,2,9,0,10,0,1,0,0,0,0,2,1,6,1,30,6,1390,1,14,7,1,7
2.02E+12,1,9,0,4,0,3,0,0,3,0,0,1,6,2,74,10,998,1,5,9,1,9
2.02E+12,1,19,0,3,0,1,0,0,0,0,1,1,1,1,28,6,2402,2,11,8,1,8
2.02E+12,2,9,0,3,0,1,0,0,0,0,2,1,6,2,38,7,1598,1,14,3,1,3
2.02E+12,3,9,0,3,0,1,0,0,0,0,2,1,6,1,38,7,1229,1,10,3,1,3
2.02E+12,2,9,0,9,0,8,0,0,0,0,1,1,2,1,38,7,1598,2,1,2,1,2
2.02E+12,1,11,0,5,0,8,0,0,0,0,0,1,1,1,64,9,4760,2,4,6,3,6
2.02E+12,1,9,0,3,0,1,0,0,0,0,1,1,6,1,39,7,1968,2,6,3,1,3
2.02E+12,2,9,0,3,0,1,0,0,0,0,1,1,6,2,25,5,2143,2,7,5,1,5
2.02E+12,1,9,0,18,0,1,0,0,0,0,1,1,1,2,58,9,1997,2,7,10,1,10
2.02E+12,2,9,0,18,0,1,0,0,0,0,2,1,6,2,45,7,1753,2,13,8,3,8
2.02E+12,2,19,0,18,0,1,0,0,0,0,1,1,1,1,56,9,1968,2,2,7,1,7
2.02E+12,1,9,0,18,0,3,0,0,0,0,1,1,5,1,25,5,1398,1,1,6,3,6
2.02E+12,2,5,0,3,0,1,0,0,0,0,1,1,6,1,34,6,1471,1,14,8,1,8
2.02E+12,1,9,0,4,0,5,0,0,0,0,2,1,6,1,43,7,1984,2,6,6,2,6
2.02E+12,2,5,0,18,0,6,0,0,0,0,1,1,1,1,44,7,750,1,5,4,1,4
2.02E+12,1,9,0,9,0,1,0,0,0,0,1,1,6,1,49,8,3175,1,15,6,1,6
2.02E+12,2,11,0,18,0,1,0,0,0,0,2,1,1,1,26,6,4580,2,9,9,1,9
2.02E+12,1,9,0,4,0,1,0,0,0,0,1,1,6,2,47,8,1997,12,4,6,2,6
2.02E+12,1,9,0,18,0,6,0,0,0,0,3,1,6,2,34,6,1753,2,11,6,3,6
2.02E+12,1,9,0,18,0,6,0,0,0,0,1,1,6,1,67,10,1598,1,7,3,1,3
2.02E+12,2,9,0,18,0,1,0,0,0,0,3,1,2,1,34,6,1299,1,15,4,1,4
2.02E+12,2,9,0,18,0,1,0,0,0,0,1,1,2,2,30,6,2400,2,1,10,1,10
2.02E+12,2,9,0,3,0,4,0,0,0,0,2,1,6,1,57,9,1299,1,12,3,1,3
2.02E+12,1,3,0,18,0,1,0,0,0,0,1,1,1,1,22,5,125,1,1,10,1,10
2.02E+12,2,9,0,10,0,1,0,0,0,0,2,1,1,2,57,9,1200,1,3,4,1,4
2.02E+12,1,9,0,4,0,1,0,0,0,0,2,1,6,2,53,8,1900,2,18,2,1,2
2.02E+12,2,4,0,18,0,1,0,0,0,0,1,1,6,1,25,5,599,1,21,2,1,2
2.02E+12,1,9,0,9,0,6,0,0,0,0,1,1,2,1,32,6,2497,2,10,5,1,5
2.02E+12,2,9,0,18,0,8,0,0,0,0,3,1,2,2,24,5,1242,1,12,5,1,5
2.02E+12,1,3,0,18,0,8,0,0,0,0,1,1,6,1,24,5,125,1,2,7,1,7
2.02E+12,1,9,0,3,0,1,0,0,0,0,0,1,6,2,52,8,998,1,4,1,3,1
2.02E+12,2,9,0,3,0,1,0,0,0,0,0,1,6,1,44,7,1997,2,6,7,1,7
2.02E+12,1,9,0,9,0,5,0,0,0,0,3,1,6,1,58,9,1598,1,2,4,3,4
2.02E+12,2,9,0,17,0,8,0,0,0,0,3,1,6,2,24,5,1997,2,16,4,3,4
2.02E+12,1,9,0,3,0,1,0,0,0,0,1,1,6,1,80,11,1299,1,11,7,1,7
2.02E+12,2,9,0,3,0,1,0,0,0,0,3,1,6,2,36,7,1598,1,8,5,2,5
2.02E+12,1,9,0,18,0,1,0,0,0,0,1,1,6,1,32,6,1499,2,1,9,1,9
2.02E+12,2,9,0,18,0,2,0,0,0,0,1,1,6,1,55,8,2993,2,12,7,2,7
2.02E+12,1,9,0,4,0,1,0,0,1,0,3,1,6,1,85,11,1997,1,13,6,3,6