Accident_Index,Vehicle_Reference,Vehicle_Type,Towing_and_Articulation,Vehicle_Manoeuvre,Vehicle_Location-Restricted_Lane,Junction_Location,Skidding_and_Overturning,Hit_Object_in_Carriageway,Vehicle_Leaving_Carriageway,Hit_Object_off_Carriageway,1st_Point_of_Impact,Was_Vehicle_Left_Hand_Drive?,Journey_Purpose_of_Driver,Sex_of_Driver,Age_of_Driver,Age_Band_of_Driver,Engine_Capacity_(CC),Propulsion_Code,Age_of_Vehicle,Driver_IMD_Decile,Driver_Home_Area_Type,Vehicle_IMD_Decile
2.02E+12,1,9,0,18,0,1,0,0,0,0,1,1,6,1,24,5,1910,2,12,7,1,7
2.02E+12,2,9,0,9,0,2,0,0,0,0,3,1,6,2,38,7,2179,2,5,10,1,10
2.02E+12,2,4,0,4,0,8,0,0,0,0,1,1,6,1,38,7,500,1,31,2,1,2
2.02E+12,1,9,0,7,0,3,0,0,0,0,1,1,6,1,45,7,1896,2,13,6,1,6
2.02E+12,2,5,0,18,0,8,0,0,0,0,3,1,6,1,54,8,955,1,15,6,3,6
2.02E+12,1,9,0,18,0,1,0,0,0,0,1,1,6,1,29,6,2993,2,4,4,1,4
2.02E+12,2,9,0,18,0,1,0,0,0,0,2,1,1,2,65,9,1598,1,8,4,1,4
2.02E+12,1,9,0,15,0,1,1,0,1,10,1,1,6,1,42,7,1995,2,3,5,3,5
2.02E+12,2,19,0,9,0,8,0,0,0,0,3,1,1,1,51,8,1968,2,4,4,2,4
2.02E+12,1,9,0,9,0,5,0,0,0,0,1,1,5,2,45,7,1995,2,4,10,1,10
2.02E+12,2,9,0,18,0,1,2,0,1,1,1,1,5,1,42,7,1364,1,11,10,1,10
2.02E+12,1,9,0,5,0,1,0,0,0,0,3,1,6,1,27,6,1299,1,16,7,2,7
2.02E+12,2,9,0,18,0,1,0,0,0,0,1,1,6,1,70,10,1596,1,7,9,1,9
2.02E+12,1,9,0,18,0,4,0,0,0,0,1,1,1,2,33,6,2688,2,16,10,1,10
2.02E+12,2,5,0,18,0,4,0,0,0,0,2,1,1,1,56,9,998,1,10,10,1,10
2.02E+12,1,9,0,18,0,2,0,0,0,0,1,1,6,1,17,4,1596,1,10,10,1,10
2.02E+12,1,9,0,7,0,1,0,0,0,0,1,1,5,1,49,8,1386,1,9,3,1,3
2.02E+12,1,9,0,16,0,5,0,0,7,4,1,1,6,1,29,6,2000,2,12,3,1,3
2.02E+12,1,9,0,9,0,6,0,0,0,0,3,1,6,2,53,8,2597,1,14,10,1,10
2.02E+12,1,9,0,9,0,1,0,0,0,0,1,1,6,1,30,6,1299,1,13,7,1,7
2.02E+12,2,9,0,18,0,1,0,0,0,0,2,1,6,1,32,6,1242,1,10,6,1,6
2.02E+12,1,19,0,18,0,4,0,0,0,0,1,1,1,1,53,8,2287,2,1,7,3,7
2.02E+12,1,9,0,18,0,1,0,0,0,0,3,1,6,2,25,5,1199,1,16,5,1,5
2.02E+12,2,9,0,18,0,1,0,0,0,0,1,1,6,1,48,8,1240,1,12,3,1,3
2.02E+12,1,3,0,4,0,2,0,0,0,0,1,1,6,1,92,11,124,1,2,9,3,9
2.02E+12,1,19,0,4,0,1,0,0,0,0,1,1,1,1,32,6,1598,2,1,6,1,6
2.02E+12,2,8,0,18,0,1,0,0,0,0,3,1,1,1,53,8,1997,2,14,6,1,6
2.02E+12,2,9,0,2,0,8,0,0,0,0,1,1,6,2,24,5,1500,1,21,1,1,1
2.02E+12,1,9,0,18,0,1,0,0,0,0,1,1,6,2,23,5,1397,1,15,1,1,1
2.02E+12,2,9,0,9,0,1,0,0,0,0,2,1,6,2,51,8,1998,1,10,4,1,4
2.02E+12,1,9,0,18,0,1,0,0,0,0,1,1,6,1,26,6,1390,1,13,3,1,3
2.02E+12,1,9,0,9,0,2,0,0,0,0,1,1,6,1,68,10,1997,2,11,4,1,4
2.02E+12,1,9,0,9,0,2,0,0,0,0,1,1,6,2,55,8,2179,2,10,9,1,9
2.02E+12,2,9,0,17,0,1,0,0,0,0,4,1,6,1,59,9,1597,1,19,1,1,1
2.02E+12,2,9,0,18,0,1,0,0,0,0,3,1,3,2,21,5,1398,1,4,2,1,2
2.02E+12,3,9,0,2,0,1,0,0,1,0,4,1,6,1,37,7,1951,2,14,6,1,6
2.02E+12,1,9,0,9,0,1,0,0,0,0,1,1,6,1,20,4,1390,1,14,10,1,10
2.02E+12,1,9,0,9,0,1,0,0,0,0,1,1,6,1,38,7,1388,1,13,9,2,9
2.02E+12,1,9,0,5,0,1,0,0,0,0,1,1,3,2,39,7,1364,1,1,3,1,3
2.02E+12,2,9,0,5,0,1,0,0,0,0,2,1,3,2,48,8,1984,1,13,9,1,9
2.02E+12,3,9,0,5,0,1,0,0,0,0,2,1,3,2,54,8,1999,1,9,7,1,7
2.02E+12,1,9,0,18,0,1,1,0,0,0,1,1,6,1,25,5,1587,1,16,7,1,7
2.02E+12,2,9,0,18,0,2,0,0,0,0,4,1,6,2,75,10,1398,1,4,7,1,7
2.02E+12,1,9,0,7,0,1,0,0,0,0,4,1,5,1,50,8,1598,1,18,7,2,7
2.02E+12,2,5,0,18,0,1,5,0,0,0,3,1,5,1,50,8,798,1,9,1,1,1
2.02E+12,2,9,0,18,0,1,0,0,0,0,1,1,1,2,29,6,1968,2,10,3,1,3
2.02E+12,3,9,0,18,0,1,0,0,0,0,1,1,2,1,28,6,1995,2,12,5,1,5
2.02E+12,2,19,0,18,0,1,0,0,0,0,1,1,6,1,38,7,2198,2,3,2,1,2
2.02E+12,2,9,0,3,0,1,0,0,0,0,2,1,1,1,20,4,1360,1,15,2,1,2
2.02E+12,2,9,0,18,0,1,0,0,0,0,1,1,1,1,52,8,1986,2,12,6,2,6
2.02E+12,1,9,0,18,0,4,0,0,0,0,1,1,6,1,17,4,1149,1,14,4,1,4
2.02E+12,2,9,0,9,0,3,0,0,0,0,4,1,6,1,24,5,1587,1,10,1,1,1
2.02E+12,1,9,0,18,0,4,0,0,0,0,1,1,6,2,75,10,1229,1,11,10,1,10
2.02E+12,2,4,0,5,0,4,0,0,0,0,4,1,6,1,51,8,249,1,3,2,1,2
2.02E+12,3,9,0,18,0,2,0,0,0,0,2,1,2,2,38,7,1390,1,13,8,1,8
2.02E+12,1,9,0,1,0,3,0,0,0,0,2,1,2,2,48,8,998,1,11,8,1,8
2.02E+12,2,9,0,3,0,1,0,0,0,0,0,1,2,2,24,5,1796,1,14,5,1,5
2.02E+12,4,9,0,2,0,1,0,0,0,0,2,1,6,1,37,7,1598,1,5,3,1,3
2.02E+12,1,9,0,18,0,1,0,0,0,0,1,1,6,1,29,6,1560,2,3,1,1,1
2.02E+12,2,9,0,3,0,1,0,0,0,0,2,1,6,2,43,7,1598,1,12,5,1,5
2.02E+12,3,9,0,10,0,1,0,0,0,0,2,1,6,2,47,8,1398,1,5,5,1,5
2.02E+12,1,9,0,9,0,6,0,0,0,0,3,1,6,1,18,4,1595,1,2,4,1,4
2.02E+12,2,9,0,18,0,1,0,0,0,0,1,1,6,2,56,9,1497,1,12,5,1,5
2.02E+12,1,9,0,3,0,1,0,0,0,0,0,1,6,2,67,10,1798,2,5,5,2,5
2.02E+12,1,9,0,5,0,4,0,0,3,0,1,1,6,1,37,7,1560,2,3,1,1,1
2.02E+12,4,9,0,2,0,4,0,0,0,0,3,1,6,2,37,7,1598,1,1,1,1,1
2.02E+12,1,9,0,9,0,1,0,0,0,0,1,1,6,1,70,10,1999,2,2,8,1,8
2.02E+12,2,3,0,18,0,1,0,0,0,0,3,1,6,1,32,6,125,1,6,3,1,3
2.02E+12,1,9,0,5,0,1,0,0,0,0,0,1,6,2,65,9,1461,2,4,4,1,4
2.02E+12,3,9,0,3,0,1,0,0,0,0,3,1,6,2,28,6,1399,2,11,5,3,5
2.02E+12,2,9,0,18,0,1,0,0,0,0,1,1,6,1,42,7,1596,1,15,2,1,2
2.02E+12,2,9,0,8,0,1,0,0,0,0,3,1,5,2,69,10,1242,1,7,10,3,10
2.02E+12,1,21,0,18,0,1,0,0,0,0,1,1,6,1,36,7,12900,2,10,9,1,9
2.02E+12,2,9,0,18,0,1,0,0,0,0,3,1,6,1,72,10,1997,2,14,6,1,6
2.02E+12,1,9,0,18,0,1,0,0,0,0,1,1,1,1,25,5,1994,2,10,8,1,8
2.02E+12,2,3,0,18,0,8,5,0,0,0,0,1,6,1,17,4,124,1,3,5,1,5
2.02E+12,1,9,0,7,0,6,0,0,0,0,4,1,6,2,18,4,996,1,8,9,2,9
2.02E+12,2,5,0,18,0,2,1,0,0,0,1,1,6,1,43,7,929,1,16,2,1,2
2.02E+12,1,3,0,18,0,1,0,0,0,0,1,1,6,1,22,5,124,1,15,9,1,9
2.02E+12,2,9,0,11,0,5,0,0,0,0,4,1,6,2,80,11,1328,1,13,7,1,7
2.02E+12,2,9,0,18,0,8,0,0,0,0,1,1,6,1,20,4,1229,1,4,2,1,2
2.02E+12,1,9,0,10,0,1,0,0,0,0,1,1,6,2,45,7,1599,1,12,4,1,4
2.02E+12,2,9,0,18,0,1,0,0,0,0,1,1,6,2,19,4,1198,1,7,5,1,5
2.02E+12,1,9,0,18,0,1,0,0,0,0,3,1,6,2,48,8,1984,1,10,1,1,1
2.02E+12,1,9,0,5,0,1,0,0,0,0,2,1,6,2,48,8,2776,2,13,7,1,7
2.02E+12,2,9,0,5,0,1,0,0,0,0,1,1,2,1,32,6,1560,2,11,8,1,8
2.02E+12,1,2,0,16,0,1,0,0,1,0,1,1,6,2,49,8,125,1,6,6,1,6
2.02E+12,1,9,0,18,0,1,0,0,0,0,3,1,2,2,18,4,998,1,4,8,1,8
2.02E+12,3,9,0,18,0,1,0,0,0,0,1,1,6,2,42,7,1560,2,5,9,2,9
2.02E+12,2,9,0,3,0,4,0,0,0,0,2,1,6,1,18,4,1242,1,2,5,3,5
2.02E+12,2,19,0,18,0,1,0,0,0,0,2,1,6,1,54,8,2402,2,7,5,1,5
2.02E+12,1,9,0,9,0,1,0,0,0,0,4,1,6,1,18,4,1248,2,10,3,1,3
2.02E+12,2,9,0,18,0,1,0,0,0,0,1,1,6,1,31,6,1998,2,14,1,1,1
2.02E+12,1,9,0,18,0,1,0,0,0,0,3,1,6,1,87,11,1399,1,10,10,1,10
2.02E+12,2,9,0,18,0,1,0,0,0,0,1,1,6,2,32,6,1796,1,3,5,1,5
2.02E+12,1,9,0,5,0,1,0,0,0,0,0,1,2,2,29,6,2143,2,2,6,3,6
2.02E+12,1,9,0,18,0,8,0,0,0,0,3,1,6,1,48,8,1197,1,3,2,3,2
2.02E+12,2,3,0,18,0,8,0,0,0,0,4,1,6,1,19,4,125,1,9,9,1,9
2.02E+12,2,9,0,3,0,1,0,0,0,0,0,1,6,2,35,6,1364,1,2,3,1,3
2.02E+12,2,9,0,18,0,1,0,0,0,0,1,1,6,2,73,10,1124,1,16,2,1,2
2.02E+12,1,4,0,16,0,5,1,0,3,0,1,1,6,1,47,8,999,1,15,6,2,6
2.02E+12,1,19,0,18,0,8,0,0,0,0,4,1,5,1,18,4,1598,2,6,8,2,8
2.02E+12,1,9,0,18,0,4,0,0,0,0,1,1,6,1,71,10,1798,8,2,9,1,9
2.02E+12,1,9,0,3,0,1,0,0,0,0,1,1,6,1,68,10,1896,2,10,1,1,1
2.02E+12,1,90,0,3,0,1,0,0,1,0,3,1,6,2,57,9,2460,2,9,8,1,8
2.02E+12,2,9,0,3,0,1,0,0,0,0,1,1,6,2,32,6,1997,2,7,4,1,4
2.02E+12,2,9,0,4,0,1,0,0,0,0,1,1,6,1,87,11,1329,1,3,2,1,2
2.02E+12,3,9,0,4,0,1,0,0,0,0,0,1,6,1,47,8,2987,2,11,3,1,3
2.02E+12,1,9,0,18,0,1,0,7,0,0,1,1,6,2,30,6,2148,2,9,1,1,1
2.02E+12,1,9,0,3,0,1,0,0,0,0,1,1,5,1,49,8,1997,2,5,3,1,3
2.02E+12,2,9,0,5,0,1,0,0,0,0,2,1,5,1,55,8,2179,2,9,5,1,5
2.02E+12,1,9,0,18,0,1,0,0,3,0,1,1,6,1,24,5,1781,1,15,6,2,6
2.02E+12,1,9,0,18,0,1,1,0,0,0,1,1,2,1,41,7,1299,1,20,2,1,2
2.02E+12,2,9,0,3,0,1,0,0,0,0,2,1,3,1,40,7,1582,2,7,2,1,2
2.02E+12,1,11,0,9,0,1,0,0,0,0,1,1,1,1,51,8,4461,2,4,6,1,6
2.02E+12,1,9,0,18,0,2,1,0,0,0,1,1,5,1,39,7,1397,1,15,1,1,1
2.02E+12,2,9,0,2,0,2,0,0,0,0,2,1,5,1,33,6,1598,1,13,1,1,1
2.02E+12,1,9,0,4,0,1,0,0,0,0,0,1,2,1,28,6,1341,1,14,2,1,2
2.02E+12,1,9,0,16,0,1,5,10,0,0,1,1,1,2,38,7,1397,1,10,4,2,4
2.02E+12,1,9,0,9,0,6,0,0,0,0,1,1,3,2,29,6,1686,2,7,4,1,4
2.02E+12,2,9,0,18,0,2,1,0,0,0,3,1,3,2,34,6,1339,1,11,2,1,2
2.02E+12,1,9,0,7,0,3,0,0,0,0,3,1,6,2,20,4,1595,1,7,3,1,3
2.02E+12,2,9,0,18,0,8,0,0,0,0,4,1,6,1,76,11,998,1,2,9,1,9
2.02E+12,1,9,0,14,0,1,0,0,0,0,4,1,6,1,22,5,1560,2,11,1,1,1
2.02E+12,2,9,0,10,0,1,0,0,0,0,3,1,6,2,53,8,1000,1,1,5,1,5
2.02E+12,1,9,0,18,0,2,0,0,0,0,1,1,6,1,77,11,1398,1,5,7,1,7
2.02E+12,2,5,0,9,0,2,0,0,0,0,4,1,6,1,31,6,599,1,12,4,1,4
2.02E+12,1,9,0,18,0,3,0,0,0,0,1,1,2,1,24,5,1997,1,16,4,1,4
2.02E+12,3,9,0,18,0,6,0,0,0,0,2,1,2,1,24,5,998,1,1,6,3,6
2.02E+12,2,9,0,18,0,2,0,0,0,0,1,1,6,2,34,6,1368,1,8,2,1,2
2.02E+12,3,9,0,18,0,2,0,0,0,0,4,1,6,1,53,8,1995,2,6,3,1,3
2.02E+12,2,9,0,3,0,1,0,0,0,0,2,1,6,1,31,6,1388,1,6,8,1,8
2.02E+12,4,21,0,3,0,1,0,0,0,0,3,1,1,1,59,9,6370,2,8,3,1,3
2.02E+12,1,19,0,9,0,1,0,0,0,0,3,1,6,1,34,6,1686,2,10,1,1,1
2.02E+12,2,9,0,18,0,1,0,0,0,0,3,1,6,1,18,4,998,1,12,7,1,7
2.02E+12,1,9,0,9,0,5,0,0,0,0,1,1,6,1,34,6,1910,2,12,2,1,2
2.02E+12,2,9,0,18,0,1,0,0,0,0,1,1,6,2,47,8,1995,1,14,8,1,8
2.02E+12,1,3,0,5,0,2,0,0,0,0,1,1,6,2,56,9,124,1,4,9,1,9
2.02E+12,2,9,0,2,0,2,0,0,0,0,3,1,6,2,37,7,1560,2,12,8,1,8
2.02E+12,2,3,0,3,0,1,5,0,0,0,2,1,5,1,23,5,124,1,1,3,1,3
2.02E+12,2,9,0,18,0,1,0,0,0,0,4,1,6,1,33,6,2987,2,6,6,1,6
2.02E+12,1,9,0,9,0,1,0,0,0,0,0,1,5,1,47,8,1956,2,8,1,1,1
2.02E+12,1,9,0,18,0,6,1,12,1,0,1,1,6,1,19,4,1598,1,13,9,1,9
2.02E+12,2,9,0,18,0,1,0,12,1,0,0,1,6,1,63,9,2996,1,10,5,3,5
2.02E+12,1,9,0,3,0,1,0,0,0,0,1,1,6,2,21,5,1956,2,7,1,1,1
2.02E+12,2,9,0,18,0,1,0,0,0,0,4,1,6,1,31,6,1868,2,15,1,1,1
2.02E+12,1,9,0,9,0,6,0,0,0,0,1,1,6,2,34,6,1341,1,13,7,1,7
2.02E+12,1,9,0,18,0,4,0,0,0,0,1,1,6,1,78,11,1975,1,10,7,1,7
2.02E+12,2,9,0,18,0,4,0,0,0,0,2,1,6,1,57,9,1328,1,13,7,1,7
2.02E+12,1,3,0,18,0,1,0,0,0,0,1,1,6,1,29,6,125,1,2,2,1,2
2.02E+12,1,9,0,4,0,1,0,0,0,0,1,1,6,2,62,9,1968,2,2,8,3,8
2.02E+12,2,9,0,10,0,1,0,0,0,0,2,1,6,1,23,5,1595,1,13,4,3,4
2.02E+12,1,9,0,9,0,6,0,0,0,0,3,1,1,2,50,8,1587,1,11,6,1,6
2.02E+12,2,9,0,18,0,1,0,0,0,0,1,1,6,2,42,7,1995,1,6,10,3,10
2.02E+12,2,9,0,18,0,8,0,0,0,0,3,1,6,2,44,7,1679,1,15,6,3,6
2.02E+12,1,9,0,18,0,1,0,0,0,0,4,1,6,1,25,5,1598,1,14,2,1,2
2.02E+12,2,9,0,18,0,2,0,0,0,0,4,1,6,1,27,6,1242,1,13,1,1,1
2.02E+12,1,19,0,5,0,4,0,0,0,0,1,1,6,1,58,9,2198,2,1,7,1,7
2.02E+12,2,9,0,5,0,4,0,0,0,0,2,1,6,2,46,8,2231,2,7,3,1,3
2.02E+12,1,9,0,18,0,1,0,0,0,0,1,1,6,2,71,10,1461,2,5,3,1,3
2.02E+12,2,9,0,18,0,1,0,0,0,0,1,1,6,2,29,6,1242,1,1,1,1,1
2.02E+12,1,9,0,9,0,4,5,7,0,0,4,1,6,2,28,6,999,1,2,10,1,10
2.02E+12,1,9,0,18,9,1,1,0,7,0,1,1,5,1,45,7,4511,1,11,4,1,4
2.02E+12,2,8,0,9,9,2,0,0,7,0,4,1,1,1,61,9,1997,2,14,1,1,1
2.02E+12,2,9,0,16,0,3,1,10,1,0,4,1,6,1,19,4,973,1,14,5,1,5
2.02E+12,1,9,0,18,0,4,0,0,0,0,1,1,6,1,39,7,1560,2,8,10,1,10
2.02E+12,2,9,0,5,0,4,0,0,0,0,2,1,6,2,34,6,1390,1,18,10,3,10
2.02E+12,1,19,0,7,0,7,5,0,0,0,1,1,6,1,40,7,2198,2,2,7,1,7
2.02E+12,1,9,0,5,0,2,1,0,1,0,2,1,6,1,59,9,1329,1,5,9,1,9
2.02E+12,1,9,0,18,0,3,1,0,0,0,1,1,6,2,19,4,996,1,6,5,3,5
2.02E+12,2,9,0,4,0,1,0,0,0,0,3,1,6,2,47,8,2143,2,1,9,1,9
2.02E+12,3,9,0,4,0,1,0,0,0,0,2,1,6,1,44,7,1968,2,4,10,1,10
2.02E+12,2,9,0,3,0,1,0,0,0,0,1,1,6,2,44,7,4163,2,9,9,3,9
2.02E+12,1,9,0,5,0,2,0,12,0,0,1,1,6,1,28,6,1587,1,14,2,3,2
2.02E+12,2,9,0,18,0,1,0,12,0,0,1,1,6,1,73,10,1997,2,17,5,2,5
2.02E+12,1,9,0,9,0,6,0,0,0,0,1,1,1,1,37,7,1499,2,2,4,1,4
2.02E+12,2,9,0,18,9,1,0,0,7,0,4,1,1,2,22,5,1390,1,5,10,1,10
2.02E+12,1,5,0,5,0,4,0,0,0,0,4,1,6,1,57,9,1255,1,9,10,1,10
2.02E+12,2,9,0,18,0,8,0,0,0,0,4,1,6,2,37,7,1388,1,10,7,1,7
2.02E+12,1,9,0,13,0,1,0,0,7,0,1,1,6,1,28,6,1388,1,14,8,3,8
2.02E+12,2,9,0,9,0,1,0,0,7,0,3,1,6,2,42,7,1198,1,9,9,2,9
2.02E+12,1,9,0,16,0,1,1,0,7,0,2,1,6,2,22,5,1149,1,12,7,3,7
2.02E+12,1,9,0,18,0,2,0,4,0,0,1,1,1,2,38,7,2198,1,10,8,1,8
2.02E+12,2,9,0,2,0,2,0,4,0,0,2,1,6,2,53,8,1995,2,12,6,2,6
2.02E+12,3,19,0,2,0,2,0,4,0,0,2,1,6,1,27,6,2500,2,11,7,2,7
2.02E+12,4,9,0,2,0,2,0,0,0,0,2,1,6,1,27,6,1995,2,14,7,2,7
2.02E+12,2,2,0,18,0,8,0,0,0,0,0,1,6,1,16,4,49,1,8,8,1,8
2.02E+12,2,9,0,3,0,1,0,0,0,0,3,1,6,2,52,8,1360,1,12,3,1,3
2.02E+12,1,9,0,14,0,8,0,0,0,0,1,1,6,1,52,8,1896,2,16,1,1,1
2.02E+12,2,9,0,3,0,8,0,0,0,0,3,1,6,1,77,11,1995,2,5,3,1,3
2.02E+12,1,9,0,9,0,1,0,0,0,0,1,1,6,2,24,5,999,1,1,2,1,2
2.02E+12,2,9,0,18,0,8,0,0,0,0,4,1,6,2,41,7,1242,1,4,7,1,7
2.02E+12,1,21,0,3,0,1,0,0,0,0,1,1,1,1,60,9,6370,2,7,5,2,5
2.02E+12,2,9,0,4,0,1,0,0,0,0,2,1,6,2,43,7,2993,2,7,7,1,7
2.02E+12,1,9,0,5,0,4,0,0,0,0,1,1,6,2,55,8,1796,1,16,2,1,2
2.02E+12,2,9,0,18,0,5,0,0,0,0,2,1,2,1,40,7,1390,1,13,4,1,4
2.02E+12,1,9,0,18,0,1,0,0,0,0,1,1,3,2,30,6,1493,2,8,4,1,4
2.02E+12,1,9,0,18,0,1,1,0,3,0,1,1,6,1,24,5,1124,1,13,7,3,7
2.02E+12,1,21,0,5,0,4,0,0,0,0,1,1,1,1,30,6,4485,2,2,4,1,4
2.02E+12,2,9,0,18,0,4,0,0,0,0,2,1,1,1,35,6,1389,1,13,7,1,7
2.02E+12,1,9,0,7,0,4,0,0,0,0,3,1,6,2,43,7,1596,1,5,10,1,10
2.02E+12,2,9,0,18,0,4,0,0,0,0,1,1,6,2,19,4,1390,1,9,7,3,7
2.02E+12,1,9,0,9,0,5,0,0,0,0,4,1,6,1,47,8,1598,2,6,6,1,6
2.02E+12,2,9,0,18,0,1,0,0,0,0,3,1,6,1,35,6,1796,1,17,1,1,1
2.02E+12,1,21,1,11,0,7,0,0,0,0,4,1,1,1,37,7,10837,2,1,7,1,7
2.02E+12,2,3,0,13,0,3,0,9,0,0,1,1,6,1,23,5,124,1,10,7,1,7
2.02E+12,1,9,0,4,0,4,0,0,0,0,1,1,6,1,41,7,1397,1,6,2,1,2
2.02E+12,2,9,0,8,0,4,0,0,0,0,2,1,6,2,33,6,1242,1,8,7,2,7
2.02E+12,1,19,0,9,0,1,0,0,0,0,3,1,1,1,56,9,1968,2,2,2,1,2
2.02E+12,2,9,0,18,0,1,0,0,0,0,1,1,6,2,38,7,1598,2,1,8,2,8
2.02E+12,1,19,0,9,6,6,0,0,0,0,1,1,1,1,25,5,2143,2,2,6,3,6
2.02E+12,1,9,0,7,0,6,0,0,0,0,1,1,5,2,50,8,1368,1,1,2,1,2
2.02E+12,2,9,0,18,0,8,0,0,0,0,4,1,5,1,19,4,1398,1,6,4,3,4
2.02E+12,2,9,0,18,0,1,0,0,0,0,1,1,6,2,29,6,1363,2,12,9,1,9
2.02E+12,1,19,0,5,0,4,0,0,0,0,1,1,1,2,23,5,1461,2,2,6,3,6
2.02E+12,2,9,0,5,0,4,0,0,0,0,2,1,6,2,48,8,998,1,15,8,1,8
2.02E+12,2,19,0,18,0,1,0,0,0,0,1,1,1,1,38,7,2998,2,8,3,2,3
2.02E+12,1,9,0,9,0,1,0,0,7,10,1,1,6,1,18,4,1341,1,12,4,1,4
2.02E+12,1,3,0,9,0,1,0,0,0,0,4,1,6,1,30,6,124,1,4,9,1,9
2.02E+12,2,9,0,9,0,1,0,0,0,0,3,1,6,1,37,7,1796,1,4,5,1,5
2.02E+12,1,9,0,4,0,7,0,0,0,0,1,1,6,1,36,7,1968,2,4,4,1,4
2.02E+12,2,9,0,4,0,7,0,0,0,0,2,1,6,1,54,8,2776,2,12,5,1,5
2.02E+12,1,9,0,9,0,8,0,0,0,0,1,1,6,1,77,11,1396,1,17,5,1,5
2.02E+12,2,9,0,18,0,8,0,0,0,0,4,1,6,1,25,5,1461,2,3,4,1,4
2.02E+12,2,5,0,18,0,3,1,0,0,0,0,1,6,2,26,6,599,1,21,1,1,1
2.02E+12,1,9,0,5,0,6,0,0,0,0,1,1,6,2,48,8,1995,2,13,9,1,9
2.02E+12,2,9,0,18,0,1,0,0,0,0,4,1,6,1,58,9,1685,2,3,8,1,8
2.02E+12,1,9,0,9,0,8,0,0,0,0,4,1,5,1,17,4,1560,2,5,8,1,8
2.02E+12,2,9,0,18,0,1,0,0,1,0,3,1,5,2,33,6,1598,1,14,6,1,6
2.02E+12,1,9,0,18,0,3,0,0,0,0,1,1,6,1,49,8,1956,2,4,9,1,9
2.02E+12,2,9,0,18,0,8,0,0,0,0,4,1,5,1,30,6,2993,2,9,8,1,8
2.02E+12,1,9,0,10,0,1,0,0,1,0,1,1,6,1,48,8,1674,1,18,10,1,10
2.02E+12,1,9,0,9,0,1,0,0,0,0,4,1,6,1,78,11,2179,2,6,7,1,7
2.02E+12,2,9,0,18,0,1,0,0,0,0,4,1,6,1,45,7,1956,2,2,6,3,6
2.02E+12,2,9,0,7,0,8,0,0,0,0,2,1,1,2,35,6,1360,1,17,1,1,1
2.02E+12,1,9,0,17,0,1,1,0,1,0,1,1,6,1,38,7,1360,1,12,5,1,5
2.02E+12,3,9,0,17,0,1,1,0,1,0,1,1,6,1,25,5,1900,2,12,1,1,1
2.02E+12,1,5,0,18,0,1,2,0,1,0,1,1,6,1,24,5,599,1,18,4,1,4
2.02E+12,2,9,0,18,0,1,0,0,0,0,1,1,6,2,39,7,2993,2,7,6,3,6
2.02E+12,1,9,0,9,0,1,0,0,7,0,4,1,6,1,32,6,1968,2,10,8,1,8
2.02E+12,2,9,0,18,0,1,0,0,0,0,1,1,6,1,71,10,998,1,18,9,1,9
2.02E+12,1,5,0,12,0,3,0,0,0,0,3,1,6,1,32,6,806,1,3,3,2,3
2.02E+12,2,9,0,18,0,1,0,0,1,0,3,1,2,1,36,7,1988,1,13,7,1,7
2.02E+12,2,3,0,18,0,8,2,0,0,0,4,1,2,1,22,5,124,1,1,7,2,7
2.02E+12,1,9,0,18,0,2,0,0,0,0,1,1,5,1,30,6,1390,1,8,3,1,3
2.02E+12,1,9,0,7,0,1,0,0,0,0,1,1,6,1,80,11,1968,2,7,7,3,7
2.02E+12,1,9,0,5,0,3,0,0,0,0,1,1,6,2,21,5,999,1,1,7,1,7
2.02E+12,2,9,0,4,0,3,0,0,0,0,0,1,6,1,33,6,2429,1,11,3,1,3
2.02E+12,1,9,0,7,0,1,0,0,0,0,1,1,6,2,37,7,1587,1,14,7,1,7
2.02E+12,2,9,0,8,0,1,0,0,0,0,4,1,1,1,53,8,1799,1,8,7,1,7
2.02E+12,1,9,0,18,0,8,0,7,1,0,1,1,6,1,51,8,2993,2,8,4,1,4
2.02E+12,1,21,0,3,0,1,0,0,0,0,0,1,6,1,53,8,10837,2,2,6,2,6
2.02E+12,2,9,0,3,0,1,0,0,0,0,1,1,6,2,55,8,1995,2,3,3,1,3
2.02E+12,3,9,0,3,0,1,0,0,0,0,3,1,6,2,71,10,1798,8,2,5,3,5
2.02E+12,1,9,0,18,0,4,0,0,0,0,4,1,6,2,32,6,998,1,5,9,2,9
2.02E+12,2,9,0,18,0,4,0,0,0,0,1,1,6,2,31,6,1399,2,13,6,1,6
2.02E+12,1,9,0,3,0,1,0,0,0,0,1,1,6,2,20,4,1242,1,7,4,1,4
2.02E+12,2,9,0,3,0,1,0,0,0,0,1,1,6,2,49,8,1591,1,8,4,1,4
2.02E+12,1,5,0,18,0,4,1,0,0,0,0,1,1,1,54,8,599,1,15,9,1,9
2.02E+12,1,9,0,5,0,6,0,0,0,0,0,1,6,1,75,10,1560,2,1,5,1,5
2.02E+12,2,9,0,18,0,1,0,0,0,0,1,1,6,2,86,11,998,1,2,9,3,9
2.02E+12,1,9,0,18,0,2,0,6,0,0,1,1,6,1,26,6,1499,2,1,9,2,9
2.02E+12,1,9,0,18,0,1,0,0,0,0,1,1,6,2,31,6,1598,1,10,2,1,2
2.02E+12,2,9,0,8,0,1,0,0,0,0,2,1,6,2,53,8,1368,1,1,7,1,7