Accident_Index,Vehicle_Reference,Vehicle_Type,Towing_and_Articulation,Vehicle_Manoeuvre,Vehicle_Location-Restricted_Lane,Junction_Location,Skidding_and_Overturning,Hit_Object_in_Carriageway,Vehicle_Leaving_Carriageway,Hit_Object_off_Carriageway,1st_Point_of_Impact,Was_Vehicle_Left_Hand_Drive?,Journey_Purpose_of_Driver,Sex_of_Driver,Age_of_Driver,Age_Band_of_Driver,Engine_Capacity_(CC),Propulsion_Code,Age_of_Vehicle,Driver_IMD_Decile,Driver_Home_Area_Type,Vehicle_IMD_Decile
2.02E+12,2,9,0,18,0,1,0,0,0,0,3,1,6,2,48,8,1461,2,2,8,1,8
2.02E+12,1,9,0,9,0,8,0,0,0,0,4,1,3,2,35,6,1910,2,10,2,1,2
2.02E+12,2,9,0,4,0,1,0,0,0,0,2,1,2,2,32,6,1197,1,1,6,1,6
2.02E+12,1,9,0,18,0,1,0,0,0,0,1,1,2,2,37,7,1086,1,6,2,1,2
2.02E+12,1,5,0,4,0,3,2,0,1,0,1,1,6,1,41,7,599,1,15,9,1,9
2.02E+12,1,9,0,18,0,2,5,0,0,0,1,1,2,2,26,6,1198,1,7,1,1,1
2.02E+12,1,9,0,5,0,1,0,0,0,0,1,1,1,1,30,6,1596,1,4,7,1,7
2.02E+12,2,9,0,2,0,1,0,0,0,0,2,1,3,1,37,7,1248,2,7,4,1,4
2.02E+12,3,9,0,4,0,1,0,0,0,0,2,1,1,2,62,9,1229,1,9,3,1,3
2.02E+12,4,9,0,2,0,1,0,0,0,0,1,1,6,1,37,7,1598,1,5,7,1,7
2.02E+12,1,9,0,7,0,1,0,0,0,0,4,1,6,2,20,4,1388,1,11,10,1,10
2.02E+12,2,9,0,16,0,1,0,0,0,0,3,1,2,1,23,5,1998,1,8,2,1,2
2.02E+12,1,9,0,9,0,4,0,0,0,0,3,1,6,2,28,6,1598,1,11,4,1,4
2.02E+12,2,9,0,18,0,3,0,0,0,0,4,1,6,2,37,7,1390,1,2,4,1,4
2.02E+12,2,9,0,4,0,1,0,0,0,0,0,1,1,1,37,7,1560,2,5,6,1,6
2.02E+12,1,19,0,4,0,1,0,0,0,0,1,1,2,1,25,5,1598,2,2,6,1,6
2.02E+12,2,9,0,3,0,1,0,0,0,0,2,1,2,1,26,6,2993,2,5,5,3,5
2.02E+12,1,9,0,9,0,8,0,0,0,0,1,1,6,2,65,9,1999,1,10,1,1,1
2.02E+12,2,5,0,18,0,8,1,0,0,0,1,1,6,1,24,5,989,1,30,4,1,4
2.02E+12,1,9,0,5,0,8,0,0,1,0,4,1,6,2,82,11,1299,1,14,8,1,8
2.02E+12,2,9,0,18,0,8,0,0,1,1,1,1,6,1,49,8,1986,2,9,6,1,6
2.02E+12,2,9,0,9,0,8,0,0,0,0,4,1,6,2,42,7,1242,1,5,8,3,8
2.02E+12,1,9,0,18,0,1,0,0,0,0,1,1,2,1,23,5,1124,1,15,9,1,9
2.02E+12,2,9,0,18,0,1,0,0,0,0,2,1,6,2,56,9,1388,1,7,4,3,4
2.02E+12,1,9,0,18,0,1,5,4,0,0,1,1,6,1,18,4,1388,1,8,5,1,5
2.02E+12,1,19,0,18,0,8,0,0,1,0,1,1,6,1,51,8,2402,2,10,5,3,5
2.02E+12,2,9,0,18,0,8,0,0,0,0,2,1,6,1,51,8,1798,1,12,8,3,8
2.02E+12,3,9,0,18,0,1,0,11,1,0,2,1,6,1,41,7,1587,1,12,7,3,7
2.02E+12,1,11,0,18,0,8,0,0,0,0,0,1,1,2,48,8,6692,2,6,7,1,7
2.02E+12,1,9,0,5,0,4,1,0,0,0,2,1,4,1,62,9,1598,2,1,4,1,4
2.02E+12,1,9,0,3,0,1,0,0,0,0,1,1,6,2,20,4,1299,1,15,9,1,9
2.02E+12,2,5,0,5,0,1,0,0,0,0,2,1,6,1,57,9,1584,1,8,4,1,4
2.02E+12,1,9,0,9,0,3,0,0,0,0,3,1,6,2,18,4,1388,1,14,6,3,6
2.02E+12,2,9,0,7,0,3,0,0,0,0,4,1,6,1,31,6,1995,2,5,7,3,7
2.02E+12,1,9,0,18,0,1,0,0,0,0,1,1,6,2,26,6,1229,1,5,2,1,2
2.02E+12,2,9,0,9,0,8,0,0,0,0,4,1,6,2,61,9,2000,1,11,2,1,2
2.02E+12,1,9,0,18,0,8,1,0,0,0,1,1,6,1,72,10,2179,2,12,6,2,6
2.02E+12,2,9,0,10,0,1,0,0,0,0,2,1,6,2,59,9,1796,1,10,8,3,8
2.02E+12,3,9,0,18,0,8,1,0,0,0,1,1,6,1,64,9,1597,2,3,8,2,8
2.02E+12,1,9,0,2,0,1,0,4,0,0,2,1,3,2,38,7,1497,1,11,4,1,4
2.02E+12,1,9,0,18,0,4,0,0,0,0,1,1,6,1,69,10,1598,1,12,6,3,6
2.02E+12,1,9,0,4,0,1,1,0,1,0,1,1,6,1,40,7,1796,1,9,6,1,6
2.02E+12,2,9,0,3,0,1,0,0,0,0,2,1,6,1,51,8,2967,2,9,7,2,7
2.02E+12,2,9,0,9,0,8,0,0,0,0,1,1,5,1,29,6,1198,1,10,7,3,7
2.02E+12,2,5,0,11,0,1,0,0,0,0,4,1,6,1,32,6,599,1,7,3,1,3
2.02E+12,1,5,0,4,0,1,0,0,0,0,1,1,1,1,26,6,1157,1,16,2,1,2
2.02E+12,1,9,0,18,0,4,0,0,0,0,3,1,6,1,34,6,1791,8,6,6,1,6
2.02E+12,2,9,0,16,0,8,0,0,0,0,4,1,6,1,24,5,1596,1,9,2,1,2
2.02E+12,1,9,0,18,0,1,0,0,0,0,1,1,6,1,26,6,1587,1,15,7,2,7
2.02E+12,2,9,0,9,0,1,0,0,0,0,3,1,6,1,27,6,1685,2,1,7,1,7
2.02E+12,1,9,0,9,0,1,0,0,0,0,3,1,6,1,64,9,1968,2,4,2,1,2
2.02E+12,2,9,0,18,0,8,0,0,0,0,1,1,2,2,22,5,1388,1,13,5,3,5
2.02E+12,1,9,0,5,0,5,0,0,0,0,0,1,6,1,45,7,1994,2,14,4,1,4
2.02E+12,2,3,0,18,0,1,5,0,0,0,1,1,6,1,27,6,125,1,14,2,1,2
2.02E+12,2,9,0,18,0,1,0,0,1,0,1,1,6,2,24,5,1499,2,2,5,1,5
2.02E+12,2,5,0,18,0,1,2,0,0,0,1,1,2,1,32,6,999,1,7,4,3,4
2.02E+12,1,9,0,18,0,4,0,0,0,0,1,1,3,2,28,6,1798,1,13,4,3,4
2.02E+12,1,9,0,7,0,2,0,0,0,0,1,1,6,2,26,6,1299,1,9,9,1,9
2.02E+12,2,9,0,3,0,2,0,0,0,0,3,1,6,2,54,8,1998,1,14,4,1,4
2.02E+12,1,9,0,18,0,8,0,0,0,0,1,1,5,1,89,11,1198,1,9,7,2,7
2.02E+12,1,9,0,7,0,2,0,0,0,0,0,1,6,2,19,4,1242,1,8,6,3,6
2.02E+12,2,9,0,18,0,1,0,0,0,0,1,1,6,2,53,8,1124,1,12,5,3,5
2.02E+12,3,9,0,18,0,1,0,0,0,0,1,1,6,2,29,6,1360,1,14,8,1,8
2.02E+12,1,9,0,7,0,1,0,0,0,0,1,1,5,1,35,6,1461,2,3,3,1,3
2.02E+12,2,9,0,18,0,1,0,0,0,0,4,1,5,2,46,8,1242,1,5,1,1,1
2.02E+12,2,9,0,18,0,3,1,11,7,0,4,1,6,2,41,7,1242,1,15,4,1,4
2.02E+12,1,9,0,4,0,1,0,0,0,0,1,1,6,1,26,6,999,1,1,5,2,5
2.02E+12,1,9,0,9,0,8,0,0,0,0,1,1,6,2,30,6,1198,1,15,2,1,2
2.02E+12,2,3,0,18,0,8,0,0,0,0,1,1,6,1,60,9,125,1,3,7,1,7
2.02E+12,1,9,0,18,0,6,0,0,0,0,1,1,1,2,60,9,2204,2,8,10,1,10
2.02E+12,2,11,0,18,0,2,0,0,0,0,2,1,1,1,49,8,4500,2,8,2,1,2
2.02E+12,1,9,0,3,0,8,0,0,0,0,1,1,1,1,26,6,1149,1,10,2,1,2
2.02E+12,1,9,0,3,0,3,0,0,0,0,1,1,1,1,42,7,1390,2,16,3,1,3
2.02E+12,1,9,0,18,0,1,0,0,0,0,1,1,6,2,51,8,1493,2,12,3,1,3
2.02E+12,1,19,0,3,0,1,0,0,0,0,1,1,6,1,56,9,1796,7,12,5,1,5
2.02E+12,1,9,0,9,0,6,0,0,0,0,1,1,6,1,26,6,796,1,16,1,1,1
2.02E+12,2,9,0,18,0,1,0,0,0,0,2,1,6,1,20,4,1596,1,8,2,1,2
2.02E+12,3,9,0,18,0,1,0,0,0,0,1,1,6,2,41,7,1596,1,10,7,1,7
2.02E+12,1,9,0,7,0,6,0,0,0,0,3,1,1,1,63,9,1988,1,14,8,1,8
2.02E+12,2,9,0,18,0,8,0,0,0,0,4,1,5,2,69,10,1398,1,5,3,1,3
2.02E+12,1,9,0,18,0,8,0,0,0,0,1,1,6,2,82,11,1240,1,9,3,1,3
2.02E+12,1,9,0,9,0,1,0,0,0,0,1,1,6,1,17,4,1968,2,6,2,1,2
2.02E+12,2,9,0,9,0,1,0,0,0,0,2,1,6,2,55,8,3222,2,13,6,3,6
2.02E+12,1,9,0,9,0,1,0,0,0,0,2,1,6,1,33,6,1783,1,13,5,1,5
2.02E+12,2,9,0,18,0,1,0,0,0,0,1,1,6,1,23,5,1984,1,7,6,1,6
2.02E+12,1,9,0,18,0,6,0,0,0,0,4,1,6,1,34,6,1560,2,11,3,1,3
2.02E+12,1,21,1,11,0,1,0,0,0,0,4,1,1,1,49,8,12740,2,4,2,1,2
2.02E+12,2,9,0,18,0,1,0,0,0,0,3,1,1,2,27,6,1598,1,7,10,3,10
2.02E+12,2,9,0,18,0,1,1,0,0,0,1,1,1,1,32,6,2143,2,2,3,1,3
2.02E+12,2,9,0,3,0,1,0,0,0,0,2,1,6,1,32,6,2993,2,6,3,1,3
2.02E+12,1,3,0,18,0,1,0,0,0,0,1,1,6,1,18,4,124,1,12,1,1,1
2.02E+12,2,9,0,5,0,1,0,0,0,0,3,1,6,1,36,7,1598,1,11,4,1,4
2.02E+12,1,9,0,10,0,1,0,0,0,0,3,1,6,1,37,7,1596,1,15,4,1,4
2.02E+12,1,9,0,5,0,4,0,0,1,0,1,1,6,1,87,11,1289,1,19,8,1,8
2.02E+12,2,9,0,9,0,8,0,0,0,0,3,1,6,1,29,6,1598,2,2,2,1,2
2.02E+12,1,9,0,9,0,1,0,0,0,0,4,1,6,1,34,6,1975,1,15,7,1,7
2.02E+12,2,5,0,18,0,1,0,0,0,0,1,1,6,1,21,5,599,1,20,6,1,6
2.02E+12,1,9,0,18,0,2,0,0,0,0,0,1,6,1,66,10,1685,2,4,6,1,6
2.02E+12,1,9,0,9,0,1,0,0,0,0,3,1,6,1,56,9,1527,2,20,6,1,6
2.02E+12,2,4,0,14,0,1,0,0,0,0,4,1,6,1,24,5,738,1,17,3,1,3
2.02E+12,1,21,0,18,0,8,0,0,0,0,1,1,5,1,56,9,6700,2,2,8,1,8
2.02E+12,2,9,0,18,0,8,0,0,0,0,2,1,5,2,37,7,1360,1,14,3,1,3
2.02E+12,1,2,0,13,0,8,0,0,0,0,1,1,6,1,19,4,49,1,6,7,1,7
2.02E+12,2,9,0,9,0,8,0,0,0,0,2,1,6,1,50,8,2720,2,11,6,2,6
2.02E+12,1,9,0,17,0,4,0,0,0,0,3,1,5,2,33,6,1200,1,2,3,1,3
2.02E+12,1,9,0,5,0,6,0,0,0,0,1,1,6,1,42,7,1596,1,13,4,1,4
2.02E+12,1,9,0,18,0,2,0,0,0,0,1,1,2,1,46,8,1240,1,8,5,1,5
2.02E+12,1,9,0,18,0,6,0,0,1,0,3,1,2,1,24,5,1596,1,10,6,1,6
2.02E+12,2,9,0,18,0,8,0,0,1,0,4,1,2,1,21,5,1997,2,12,3,1,3
2.02E+12,1,9,0,5,0,5,0,0,0,0,1,1,2,1,41,7,1896,2,9,10,1,10
2.02E+12,2,3,0,14,0,1,0,0,0,0,1,1,6,1,20,4,124,1,1,6,3,6
2.02E+12,1,9,0,18,0,2,0,0,0,0,1,1,2,2,35,6,1796,1,10,1,1,1
2.02E+12,2,9,0,3,0,2,0,0,0,0,2,1,2,2,21,5,1364,1,9,2,1,2
2.02E+12,1,9,0,18,0,1,0,0,0,0,1,1,6,1,25,5,1968,2,12,1,1,1
2.02E+12,1,9,0,18,0,1,0,0,2,0,1,1,6,2,29,6,2148,2,13,7,3,7
2.02E+12,1,5,0,18,0,3,0,0,0,0,1,1,6,1,54,8,599,1,22,2,1,2
2.02E+12,2,9,0,18,0,3,0,0,0,0,2,1,6,2,60,9,1560,2,2,2,1,2
2.02E+12,1,9,0,9,0,5,0,0,0,0,1,1,6,1,63,9,1796,1,11,4,1,4
2.02E+12,2,9,0,18,0,1,1,0,0,0,1,1,6,1,46,8,1796,1,15,7,1,7
2.02E+12,2,9,0,2,0,1,0,4,0,0,2,1,6,2,37,7,1398,1,7,5,1,5
2.02E+12,3,9,0,2,0,1,0,4,0,0,2,1,6,1,37,7,2199,2,6,5,1,5
2.02E+12,4,9,0,2,0,1,0,4,0,0,2,1,6,2,37,7,1248,2,8,5,1,5
2.02E+12,1,9,0,5,0,8,0,0,0,0,1,1,6,1,33,6,1248,1,1,4,1,4
2.02E+12,2,9,0,18,0,8,0,0,0,0,1,1,6,1,52,8,1769,1,13,4,1,4
2.02E+12,1,9,0,9,0,2,0,0,0,0,1,1,1,2,35,6,1984,1,12,8,1,8
2.02E+12,2,3,0,13,0,1,0,0,0,0,1,1,6,2,18,4,124,1,4,3,1,3
2.02E+12,1,9,0,18,0,1,0,0,0,0,1,1,2,1,40,7,998,1,13,4,1,4
2.02E+12,2,9,0,7,0,1,0,0,0,0,2,1,6,2,56,9,1794,1,16,8,1,8
2.02E+12,3,9,0,18,0,1,0,0,0,0,1,1,2,1,24,5,1896,2,14,8,2,8
2.02E+12,1,9,0,3,0,1,0,0,0,0,1,1,6,1,38,7,1149,1,16,2,1,2
2.02E+12,2,9,0,3,0,1,0,0,0,0,2,1,3,2,29,6,1596,1,17,2,1,2
2.02E+12,1,9,0,5,0,6,0,0,0,0,4,1,2,1,61,9,1995,2,13,2,1,2
2.02E+12,1,9,0,3,0,1,0,0,0,0,2,1,6,2,56,9,1586,1,7,4,1,4
2.02E+12,1,19,0,1,0,8,0,0,1,0,2,1,1,1,50,8,2151,2,13,4,1,4
2.02E+12,2,9,0,18,0,1,0,0,0,0,4,1,6,2,63,9,1997,1,9,4,3,4
2.02E+12,1,9,0,18,0,4,0,0,0,0,3,1,6,2,37,7,1248,2,9,2,1,2
2.02E+12,2,9,0,18,0,4,0,0,0,0,4,1,6,2,22,5,1560,2,3,9,1,9
2.02E+12,1,9,0,10,0,1,0,0,0,0,4,1,6,1,73,10,1596,1,1,1,1,1
2.02E+12,2,2,0,18,0,1,0,0,0,0,1,1,6,2,16,4,49,1,7,2,1,2
2.02E+12,1,9,0,3,0,4,0,0,0,0,1,1,6,2,80,11,1850,1,18,8,3,8
2.02E+12,2,3,0,4,0,3,0,0,0,0,1,1,1,1,29,6,108,1,2,3,1,3
2.02E+12,2,9,0,18,0,8,0,0,0,0,1,1,6,1,57,9,1997,2,13,2,1,2
2.02E+12,1,9,0,18,0,1,0,0,0,0,1,1,5,2,22,5,1598,1,13,7,1,7
2.02E+12,1,9,0,18,0,1,0,0,0,0,1,1,2,2,44,7,2199,2,4,9,1,9
2.02E+12,2,9,0,4,0,1,0,0,0,0,2,1,2,1,50,8,1461,2,2,2,1,2
2.02E+12,1,9,0,18,0,1,0,0,4,0,1,1,6,1,34,6,1968,2,11,2,1,2
2.02E+12,1,9,0,5,0,1,0,0,0,0,3,1,1,1,21,5,1197,1,5,7,1,7
2.02E+12,1,9,0,9,0,8,0,0,0,0,1,1,5,2,37,7,1968,2,4,7,1,7
2.02E+12,2,9,0,18,0,1,0,0,0,0,4,1,5,2,73,10,1796,1,13,7,1,7
2.02E+12,1,9,0,5,0,1,0,0,0,0,1,1,6,2,28,6,1598,2,2,5,1,5
2.02E+12,2,9,0,9,0,1,0,0,0,0,1,1,6,1,34,6,998,1,13,6,1,6
2.02E+12,1,9,0,5,0,1,0,0,5,0,1,1,6,2,65,9,1197,1,3,9,1,9
2.02E+12,2,9,0,18,0,6,0,11,5,0,3,1,6,1,71,10,2793,1,19,8,3,8
2.02E+12,1,9,0,9,0,5,0,0,0,0,2,1,6,2,42,7,1598,1,7,8,1,8
2.02E+12,1,9,0,9,0,1,0,0,0,0,4,1,6,1,82,11,1242,1,1,3,1,3
2.02E+12,2,9,0,18,0,1,0,0,1,0,4,1,2,1,20,4,1560,2,4,4,1,4
2.02E+12,1,9,0,9,0,8,0,0,0,0,1,1,6,2,48,8,1242,1,9,8,1,8
2.02E+12,2,9,0,5,0,1,0,0,0,0,3,1,6,1,23,5,2143,2,1,9,1,9
2.02E+12,2,9,0,16,0,6,0,0,0,0,2,1,5,2,37,7,1896,2,12,6,2,6
2.02E+12,2,9,0,18,0,1,0,0,0,0,4,1,6,2,82,11,1399,1,8,10,1,10
2.02E+12,1,9,0,5,0,1,1,0,0,0,1,1,6,2,70,10,1397,1,16,10,3,10
2.02E+12,1,9,0,5,0,2,0,0,7,0,1,1,1,2,42,7,1598,1,10,8,3,8
2.02E+12,2,9,0,18,0,1,0,0,0,0,1,1,6,1,32,6,1598,1,9,10,1,10
2.02E+12,1,9,0,5,0,2,0,0,0,0,1,1,6,2,26,6,1587,1,14,7,1,7
2.02E+12,2,9,0,5,0,3,0,0,0,0,4,1,6,1,66,10,2231,2,9,2,1,2
2.02E+12,1,9,0,18,0,1,0,0,0,0,1,1,6,2,22,5,1242,1,5,3,1,3
2.02E+12,1,9,0,9,0,8,0,0,0,0,4,1,6,2,77,11,1896,2,8,7,3,7
2.02E+12,2,5,0,18,0,1,0,0,0,0,1,1,6,1,46,8,1195,1,3,6,3,6
2.02E+12,1,9,0,3,0,1,0,0,0,0,1,1,6,1,73,10,2495,2,16,7,3,7
2.02E+12,2,9,0,3,0,1,0,0,0,0,2,1,6,2,56,9,1390,1,10,6,1,6
2.02E+12,1,9,0,5,0,2,0,0,0,0,1,1,1,1,35,6,1956,2,5,2,1,2
2.02E+12,2,4,0,18,0,8,2,0,0,0,2,1,6,1,19,4,487,1,16,1,1,1
2.02E+12,2,9,0,18,0,1,0,0,0,0,1,1,6,2,27,6,1364,1,10,9,1,9
2.02E+12,2,9,0,18,0,1,0,0,0,0,4,1,6,1,49,8,1497,8,5,9,2,9
2.02E+12,1,9,0,16,0,8,2,0,0,0,1,1,6,1,32,6,1956,2,7,1,1,1
2.02E+12,1,9,0,4,0,6,1,0,0,0,1,1,5,1,33,6,998,1,4,10,1,10
2.02E+12,2,9,0,4,0,7,0,0,0,0,2,1,5,1,67,10,1560,2,4,9,1,9
2.02E+12,1,9,0,18,0,4,0,0,0,0,3,1,2,2,53,8,1999,2,2,4,3,4
2.02E+12,2,9,0,9,0,4,0,0,0,0,4,1,2,1,59,9,1999,1,9,4,1,4
2.02E+12,1,9,0,9,0,2,0,0,0,0,1,1,6,1,30,6,1968,2,10,3,1,3
2.02E+12,2,9,0,2,0,2,0,0,0,0,2,1,6,2,23,5,1598,1,15,3,1,3
2.02E+12,1,9,0,4,0,4,0,0,0,0,1,1,2,1,40,7,1995,1,10,10,2,10
2.02E+12,2,9,0,4,0,4,0,0,0,0,2,1,2,2,19,4,1598,1,13,7,1,7
2.02E+12,1,9,0,18,0,3,1,0,1,9,1,1,6,1,26,6,1995,2,13,1,1,1
2.02E+12,1,9,0,18,0,1,0,0,0,0,3,1,5,1,32,6,1968,2,2,4,1,4
2.02E+12,2,9,0,18,0,1,0,0,0,0,3,1,5,2,54,8,1493,1,21,7,1,7
2.02E+12,2,9,0,18,0,1,0,0,0,0,4,1,1,2,25,5,1229,1,4,9,1,9
2.02E+12,1,9,0,18,0,1,0,0,0,0,1,1,6,2,48,8,1560,2,1,4,1,4
2.02E+12,2,9,0,18,0,1,0,0,0,0,3,1,6,2,17,4,1560,2,8,1,1,1
2.02E+12,1,9,0,5,0,4,0,0,0,0,3,1,6,1,20,4,1598,1,10,8,2,8
2.02E+12,2,3,0,7,0,3,0,0,0,0,1,1,6,1,22,5,124,1,2,6,2,6
2.02E+12,2,9,0,18,0,2,0,0,0,0,4,1,6,2,19,4,1388,1,11,7,1,7
2.02E+12,1,9,0,9,0,1,0,0,0,0,1,1,6,1,17,4,1229,1,11,9,1,9
2.02E+12,1,19,0,7,0,1,0,0,0,0,1,1,2,1,33,6,1868,2,12,5,3,5
2.02E+12,1,9,0,18,0,5,0,0,0,0,4,1,6,1,83,11,1598,1,18,8,1,8
2.02E+12,1,9,0,9,0,6,0,0,0,0,1,1,6,1,80,11,2720,2,10,2,1,2
2.02E+12,2,9,0,18,0,8,0,0,0,0,4,1,1,1,27,6,1229,1,12,1,1,1
2.02E+12,1,9,0,18,0,8,0,0,0,0,1,1,2,1,33,6,1995,2,15,4,1,4
2.02E+12,1,19,0,18,0,2,0,0,0,0,1,1,6,1,30,6,2500,2,10,1,1,1
2.02E+12,2,9,0,2,0,2,0,0,0,0,2,1,6,2,28,6,1598,1,11,5,1,5
2.02E+12,2,19,0,5,0,2,0,0,0,0,4,1,6,1,33,6,1560,2,2,2,1,2
2.02E+12,1,9,0,9,0,8,0,0,0,0,4,1,3,2,45,7,1595,1,15,3,1,3
2.02E+12,2,9,0,18,0,8,0,0,0,0,1,1,6,2,20,4,1299,1,13,5,3,5
2.02E+12,2,9,0,5,0,3,0,0,0,0,2,1,3,2,17,4,998,1,17,7,3,7
2.02E+12,1,9,0,9,0,2,5,0,0,0,4,1,1,1,41,7,1686,2,3,6,1,6
2.02E+12,2,9,0,18,0,2,5,0,0,0,1,1,5,1,20,4,1364,1,9,4,2,4
2.02E+12,1,19,0,7,0,2,0,0,0,0,1,1,1,1,25,5,2287,2,2,1,1,1
2.02E+12,1,9,0,9,0,1,0,0,0,0,1,1,6,2,37,7,1598,1,10,2,1,2
2.02E+12,2,2,0,18,0,1,0,0,0,0,3,1,2,1,17,4,49,1,16,1,1,1
2.02E+12,2,9,0,18,0,4,0,0,0,0,2,1,5,2,21,5,1248,1,8,9,1,9
2.02E+12,1,9,0,18,0,1,0,0,0,0,4,1,6,2,27,6,1995,2,4,10,1,10
2.02E+12,1,5,0,14,0,6,0,0,0,0,1,1,6,1,32,6,953,1,12,7,1,7
2.02E+12,2,9,0,10,0,5,0,0,0,0,3,1,6,2,46,8,1390,1,6,3,1,3
2.02E+12,1,9,0,18,0,3,0,0,0,0,1,1,6,2,27,6,2777,2,10,7,1,7
2.02E+12,2,19,0,3,0,1,0,0,0,0,2,1,6,1,35,6,1753,2,12,8,3,8
2.02E+12,3,9,0,3,0,1,0,0,0,0,2,1,6,1,33,6,1995,2,7,5,2,5
2.02E+12,1,21,1,17,0,8,5,10,7,0,3,1,1,1,38,7,12809,2,3,9,1,9
2.02E+12,1,9,0,18,0,1,0,0,0,0,3,1,5,2,70,10,1686,2,6,1,1,1
2.02E+12,2,9,0,9,0,4,0,0,0,0,1,1,5,2,59,9,1596,1,14,6,1,6
2.02E+12,1,9,0,5,0,1,0,0,0,0,1,1,6,1,68,10,1598,2,5,3,1,3
2.02E+12,1,9,0,5,0,1,0,0,0,0,1,1,6,1,75,10,1596,1,10,6,1,6
2.02E+12,2,9,0,18,0,1,0,0,0,0,4,1,6,1,71,10,1596,1,11,7,2,7
2.02E+12,1,9,0,11,0,8,0,0,0,0,3,1,6,2,27,6,1229,1,12,7,1,7
2.02E+12,2,5,0,11,0,8,0,0,0,0,4,1,6,1,54,8,675,1,8,10,1,10
2.02E+12,1,9,0,18,0,8,0,0,0,0,1,1,2,2,38,7,1560,2,1,8,1,8
2.02E+12,2,9,0,18,0,8,0,0,0,0,3,1,6,2,58,9,1598,1,9,6,3,6
2.02E+12,2,3,0,16,0,5,0,0,0,0,0,1,6,1,17,4,124,1,5,8,1,8
2.02E+12,2,9,0,18,0,1,0,0,0,0,1,1,6,2,68,10,1598,1,13,10,1,10
2.02E+12,1,9,0,5,0,4,0,0,0,0,3,1,6,2,26,6,1968,2,9,7,1,7
2.02E+12,2,2,0,18,0,3,0,0,0,0,1,1,6,2,17,4,49,1,6,3,1,3
2.02E+12,1,9,0,7,0,7,0,0,0,0,1,1,6,2,37,7,1995,2,6,1,1,1
2.02E+12,1,9,0,8,0,2,0,11,3,11,4,1,6,2,23,5,1242,1,6,6,1,6
2.02E+12,2,9,0,18,0,1,0,0,0,0,1,1,6,1,45,7,1299,1,13,10,1,10
2.02E+12,1,9,0,18,0,1,0,0,0,0,1,1,6,2,18,4,1229,1,10,6,1,6
2.02E+12,1,9,0,5,0,8,0,0,0,0,4,1,6,1,33,6,1986,2,12,2,1,2
2.02E+12,1,9,0,9,0,1,0,0,0,0,1,1,5,1,22,5,2099,1,14,4,1,4
2.02E+12,1,9,0,9,0,5,0,0,1,0,1,1,5,1,57,9,1560,2,7,8,2,8
2.02E+12,2,9,0,18,0,1,0,0,1,0,1,1,5,2,27,6,1149,1,3,6,1,6
2.02E+12,1,9,0,9,0,1,0,0,0,0,1,1,6,2,38,7,1587,1,16,4,1,4
2.02E+12,2,9,0,18,0,1,0,0,0,0,1,1,6,1,27,6,1360,1,18,4,1,4
2.02E+12,1,9,0,9,0,6,0,0,0,0,3,1,6,1,44,7,1598,1,10,9,1,9
2.02E+12,2,3,0,18,0,8,0,0,0,0,1,1,6,1,27,6,124,1,9,2,1,2
2.02E+12,1,9,0,9,0,6,0,0,0,0,4,1,6,1,61,9,1587,1,14,1,1,1
2.02E+12,2,11,0,18,0,1,0,0,0,0,1,1,1,1,52,8,3900,2,13,4,1,4
2.02E+12,1,9,0,9,0,1,0,0,0,0,1,1,6,1,50,8,2171,1,15,10,3,10
2.02E+12,2,9,0,17,0,8,0,0,0,0,3,1,6,1,33,6,1753,2,11,1,1,1
2.02E+12,1,9,0,18,0,1,0,0,0,0,1,1,6,2,26,6,1598,1,7,6,1,6
2.02E+12,1,3,0,4,0,1,1,0,0,0,0,1,6,1,24,5,125,1,11,5,1,5
2.02E+12,1,9,0,18,0,8,0,0,0,0,1,1,6,1,19,4,1497,1,11,8,1,8
2.02E+12,3,9,0,18,0,8,0,0,0,0,2,1,1,2,38,7,1598,2,1,6,1,6
2.02E+12,1,9,0,7,0,1,0,0,0,0,1,1,6,2,51,8,1086,1,9,7,1,7
2.02E+12,2,9,0,18,0,1,0,0,0,0,1,1,2,2,20,4,1398,1,1,8,1,8
2.02E+12,1,9,0,18,0,1,2,4,0,0,1,1,5,2,25,5,998,1,17,1,1,1
2.02E+12,2,9,0,2,0,1,0,4,0,0,0,1,5,1,37,7,3179,1,14,1,1,1
2.02E+12,3,9,0,2,0,1,0,0,0,0,0,1,5,1,37,7,1590,1,15,1,1,1
2.02E+12,2,9,0,18,0,1,0,0,0,0,3,1,5,2,35,6,1598,1,7,5,2,5
2.02E+12,1,9,0,5,0,2,0,0,0,0,1,1,6,1,44,7,1968,2,9,8,1,8
2.02E+12,2,9,0,9,0,1,0,0,0,0,1,1,3,1,33,6,1398,2,12,2,2,2
2.02E+12,1,9,0,7,0,1,0,0,0,0,1,1,6,2,25,5,1390,1,1,7,1,7
2.02E+12,1,19,0,5,0,4,0,0,0,0,3,1,1,1,42,7,2143,2,1,2,1,2
2.02E+12,2,9,0,7,0,8,0,0,0,0,4,1,1,1,28,6,1000,1,17,2,1,2
2.02E+12,1,9,0,18,0,1,0,0,0,0,1,1,1,2,21,5,1242,1,6,10,3,10
2.02E+12,2,9,0,3,0,4,0,0,0,0,2,1,6,2,50,8,1499,2,1,9,1,9
2.02E+12,1,9,0,5,0,3,0,0,0,0,3,1,6,2,65,9,1968,2,7,2,1,2