Accident_Index,Vehicle_Reference,Vehicle_Type,Towing_and_Articulation,Vehicle_Manoeuvre,Vehicle_Location-Restricted_Lane,Junction_Location,Skidding_and_Overturning,Hit_Object_in_Carriageway,Vehicle_Leaving_Carriageway,Hit_Object_off_Carriageway,1st_Point_of_Impact,Was_Vehicle_Left_Hand_Drive?,Journey_Purpose_of_Driver,Sex_of_Driver,Age_of_Driver,Age_Band_of_Driver,Engine_Capacity_(CC),Propulsion_Code,Age_of_Vehicle,Driver_IMD_Decile,Driver_Home_Area_Type,Vehicle_IMD_Decile
2.02E+12,3,9,0,9,0,5,0,0,7,9,2,1,6,2,48,8,1596,1,10,8,3,8
2.02E+12,1,9,0,18,0,8,0,0,0,0,1,1,6,1,30,6,1984,1,16,6,1,6
2.02E+12,3,9,0,18,0,8,0,0,0,0,1,1,2,2,31,6,1598,1,8,10,1,10
2.02E+12,1,9,0,9,0,6,0,0,0,0,1,1,6,1,18,4,1368,1,4,9,1,9
2.02E+12,2,3,0,18,0,8,0,0,0,0,4,1,6,2,33,6,125,1,7,2,1,2
2.02E+12,1,9,0,9,0,8,0,0,0,0,3,1,6,1,55,8,1997,2,16,1,1,1
2.02E+12,1,9,0,5,0,6,0,0,0,0,1,1,6,1,25,5,1686,2,14,3,1,3
2.02E+12,1,3,0,16,0,2,0,0,7,0,4,1,6,1,37,7,124,1,4,3,1,3
2.02E+12,2,9,0,7,0,8,0,0,0,0,2,1,6,2,27,6,1299,1,16,5,1,5
2.02E+12,1,9,0,9,0,6,0,0,0,0,1,1,6,1,51,8,1590,1,17,2,1,2
2.02E+12,1,9,0,9,0,6,0,0,1,11,3,1,2,1,73,10,1389,1,21,8,1,8
2.02E+12,2,9,0,8,0,1,0,0,0,0,2,1,6,2,35,6,1598,2,2,4,1,4
2.02E+12,1,9,0,5,0,2,0,0,0,0,3,1,6,2,22,5,1598,1,6,6,1,6
2.02E+12,2,9,0,18,0,1,0,0,0,0,1,1,6,2,33,6,1398,1,6,4,1,4
2.02E+12,1,19,0,18,0,8,0,0,0,0,1,1,1,1,57,9,1461,2,8,9,2,9
2.02E+12,2,9,0,18,0,8,0,0,0,10,1,1,6,1,81,11,1598,1,15,9,1,9
2.02E+12,1,9,0,7,0,2,0,0,0,0,1,1,1,1,70,10,1582,2,1,3,1,3
2.02E+12,2,9,0,3,0,1,0,0,0,0,1,1,6,1,43,7,1798,1,7,9,1,9
2.02E+12,3,9,0,3,0,1,0,0,0,0,2,1,6,2,49,8,1798,1,6,5,1,5
2.02E+12,1,9,0,1,0,1,0,0,0,0,2,1,6,2,42,7,1598,1,7,7,1,7
2.02E+12,2,9,0,10,0,1,0,0,0,0,1,1,6,1,69,10,1560,2,2,6,1,6
2.02E+12,1,9,0,7,0,4,0,0,0,0,1,1,6,1,47,8,1686,2,13,6,1,6
2.02E+12,2,9,0,18,0,8,0,0,0,0,3,1,6,1,41,7,1997,2,1,5,1,5
2.02E+12,1,19,0,18,0,1,0,0,1,9,1,1,6,1,28,6,2198,2,6,9,1,9
2.02E+12,2,9,0,3,0,2,0,0,0,0,1,1,6,1,67,10,1896,2,11,3,1,3
2.02E+12,2,5,0,18,0,8,0,0,0,0,1,1,6,1,27,6,748,1,25,5,1,5
2.02E+12,1,19,0,7,0,4,0,0,0,0,1,1,1,1,44,7,1968,2,1,10,1,10
2.02E+12,1,9,0,18,0,2,0,0,0,0,3,1,6,2,39,7,1794,1,12,6,1,6
2.02E+12,1,9,0,18,0,1,0,0,0,0,1,1,6,2,43,7,1560,2,9,2,1,2
2.02E+12,2,9,0,4,0,1,0,0,0,0,2,1,6,1,28,6,1598,1,13,8,1,8
2.02E+12,1,9,0,9,0,1,0,0,0,0,1,1,6,2,30,6,1296,1,9,5,1,5
2.02E+12,2,9,0,18,0,1,0,0,0,0,1,1,6,2,56,9,1769,1,13,10,1,10
2.02E+12,1,9,0,18,0,2,0,0,0,0,1,1,2,2,60,9,1998,1,14,4,1,4
2.02E+12,1,21,0,18,0,8,5,0,1,0,4,1,1,1,44,7,9290,2,6,2,1,2
2.02E+12,2,9,0,3,0,1,0,0,0,0,2,1,6,1,36,7,2696,2,11,7,1,7
2.02E+12,1,9,0,18,0,1,0,4,0,0,1,1,6,1,80,11,1390,1,16,5,3,5
2.02E+12,2,9,0,2,0,1,0,0,0,0,2,1,1,2,58,9,999,1,1,4,1,4
2.02E+12,1,9,0,7,0,3,0,0,0,0,4,1,6,2,41,7,1598,1,12,9,1,9
2.02E+12,1,9,0,18,0,8,0,0,0,0,3,1,6,1,60,9,1560,2,3,5,1,5
2.02E+12,1,9,0,9,0,6,0,0,0,0,3,1,2,1,20,4,1299,1,19,9,1,9
2.02E+12,2,9,0,18,0,8,0,0,0,0,1,1,6,1,50,8,2720,2,10,9,1,9
2.02E+12,1,9,0,18,0,1,0,0,0,0,3,1,6,2,38,7,1997,1,10,2,1,2
2.02E+12,2,8,0,18,0,1,0,0,0,0,0,1,6,2,43,7,1598,1,9,7,1,7
2.02E+12,1,9,0,11,0,1,0,0,0,0,2,1,2,1,37,7,1968,2,2,10,2,10
2.02E+12,2,21,0,4,0,1,0,0,0,0,1,1,1,2,40,7,10677,2,3,8,2,8
2.02E+12,3,19,0,3,0,1,1,0,0,0,2,1,1,1,70,10,2198,2,1,5,2,5
2.02E+12,1,9,0,9,0,1,0,0,0,0,1,1,3,1,34,6,1998,1,2,6,1,6
2.02E+12,2,9,0,18,0,1,0,0,0,0,1,1,1,2,26,6,1242,1,14,3,1,3
2.02E+12,3,9,0,3,0,1,0,0,0,0,3,1,1,2,70,10,1598,1,10,7,1,7
2.02E+12,1,9,0,9,0,5,0,0,0,0,4,1,6,1,58,9,1685,2,2,1,1,1
2.02E+12,1,9,0,9,0,6,0,0,0,0,4,1,2,2,41,7,1995,2,7,10,1,10
2.02E+12,2,9,0,18,0,1,0,0,0,0,1,1,2,1,43,7,1997,2,4,4,1,4
2.02E+12,1,9,0,18,0,4,0,0,0,0,4,1,6,2,17,4,998,1,1,5,2,5
2.02E+12,1,9,0,2,0,1,0,0,0,0,0,1,6,2,58,9,1598,2,3,7,1,7
2.02E+12,1,9,0,9,0,6,0,0,0,0,1,1,6,2,28,6,1685,2,4,4,3,4
2.02E+12,2,9,0,18,0,8,1,0,0,0,1,1,3,2,51,8,1560,2,11,10,2,10
2.02E+12,1,9,0,18,0,1,0,0,0,0,1,1,6,2,46,8,1397,1,10,8,3,8
2.02E+12,2,9,0,18,0,1,0,0,0,0,2,1,6,2,65,9,1896,2,15,9,1,9
2.02E+12,3,9,0,18,0,1,0,0,0,0,2,1,6,1,18,4,998,1,13,6,3,6
2.02E+12,1,9,0,9,0,6,1,0,0,0,1,1,6,1,67,10,3498,1,12,5,3,5
2.02E+12,2,9,0,18,0,8,1,0,0,0,1,1,6,1,59,9,1339,1,13,8,3,8
2.02E+12,1,9,0,4,0,8,0,0,0,0,1,1,6,1,30,6,2495,2,14,10,1,10
2.02E+12,2,9,0,10,0,1,0,0,0,0,2,1,6,2,38,7,1368,1,5,5,3,5
2.02E+12,1,9,0,7,0,6,0,0,0,0,1,1,6,1,18,4,1242,1,16,10,3,10
2.02E+12,2,9,0,18,0,8,0,0,0,0,1,1,6,1,44,7,1995,1,15,9,2,9
2.02E+12,1,8,0,9,0,2,0,0,0,0,1,1,1,2,61,9,1968,2,5,10,1,10
2.02E+12,1,3,0,9,0,3,1,0,0,0,3,1,6,1,20,4,125,1,1,3,1,3
2.02E+12,1,9,0,4,0,1,0,0,0,0,1,1,6,3,60,9,1242,1,3,2,1,2
2.02E+12,2,9,0,8,0,6,0,0,0,0,2,1,6,1,54,8,1108,1,14,3,1,3
2.02E+12,1,11,0,5,0,2,0,0,0,0,1,1,1,1,47,8,9000,2,13,8,1,8
2.02E+12,2,9,0,4,0,2,0,0,0,0,2,1,6,2,32,6,1124,1,12,6,1,6
2.02E+12,1,9,0,11,0,1,0,0,0,0,1,1,6,1,49,8,4398,1,13,5,1,5
2.02E+12,2,9,0,3,0,1,0,0,0,0,2,1,6,1,38,7,1596,1,8,8,1,8
2.02E+12,1,19,0,9,0,6,0,0,0,0,1,1,1,1,40,7,2287,2,9,3,1,3
2.02E+12,2,3,0,18,0,1,0,0,7,0,1,1,2,1,19,4,124,1,2,1,1,1
2.02E+12,1,9,0,18,0,1,1,0,0,0,3,1,2,2,44,7,1598,1,4,7,3,7
2.02E+12,1,9,0,18,0,3,0,0,0,0,3,1,6,1,30,6,1796,1,10,3,1,3
2.02E+12,2,9,0,18,0,3,0,0,0,0,4,1,6,2,26,6,1995,2,8,1,1,1
2.02E+12,1,9,0,18,0,6,0,0,0,0,1,1,6,1,69,10,1968,2,6,8,1,8
2.02E+12,2,9,0,18,0,8,1,0,1,4,2,1,6,2,61,9,1587,1,11,10,1,10
2.02E+12,1,9,0,18,0,4,0,0,0,0,1,1,6,1,38,7,1560,2,5,6,1,6
2.02E+12,2,9,0,5,0,4,0,0,0,0,2,1,6,2,31,6,1396,1,7,4,1,4
2.02E+12,2,9,0,4,0,1,0,0,0,0,2,1,1,2,25,5,1598,1,16,2,1,2
2.02E+12,3,11,0,9,0,6,0,0,0,0,0,1,1,1,49,8,9000,2,11,1,1,1
2.02E+12,2,2,0,18,0,8,1,0,0,0,0,1,1,1,21,5,49,1,1,2,1,2
2.02E+12,1,9,0,18,0,4,0,0,0,0,1,1,6,1,44,7,698,1,10,6,1,6
2.02E+12,1,9,0,9,0,4,0,0,0,0,3,1,6,1,40,7,1968,2,3,8,1,8
2.02E+12,1,9,0,18,0,6,0,0,0,0,1,1,6,1,86,11,1968,2,4,6,1,6
2.02E+12,2,9,0,18,0,8,0,0,0,0,4,1,6,1,57,9,1905,2,25,10,1,10
2.02E+12,1,9,0,9,0,6,0,0,0,0,1,1,6,1,77,11,998,1,2,6,3,6
2.02E+12,2,9,0,3,0,1,0,0,0,0,2,1,6,1,72,10,1229,1,4,7,1,7
2.02E+12,3,9,0,10,0,5,0,0,0,0,2,1,6,2,25,5,1199,1,17,7,3,7
2.02E+12,1,9,0,9,0,8,0,0,0,0,1,1,6,1,55,8,1988,2,13,7,1,7
2.02E+12,2,3,0,18,0,8,0,0,0,0,1,1,6,1,23,5,124,1,23,9,2,9
2.02E+12,1,9,0,9,0,1,0,0,7,0,4,1,6,2,49,8,2494,1,19,8,2,8
2.02E+12,2,9,0,18,0,1,0,0,0,0,1,1,6,2,31,6,1396,1,8,9,3,9
2.02E+12,1,2,0,18,3,1,0,0,0,0,1,1,2,2,20,4,125,1,2,3,1,3
2.02E+12,1,9,0,5,0,4,0,0,0,0,1,1,6,1,57,9,1968,2,8,5,1,5
2.02E+12,1,9,0,7,0,3,0,0,0,0,1,1,6,1,78,11,1248,1,1,7,2,7
2.02E+12,1,9,0,18,0,8,1,0,0,0,1,1,2,1,41,7,1798,1,16,5,1,5
2.02E+12,2,9,0,18,0,8,0,0,1,2,3,1,6,1,21,5,1598,2,5,5,1,5
2.02E+12,1,9,0,4,0,1,0,0,0,0,1,1,6,1,37,7,1896,2,15,7,1,7
2.02E+12,2,9,0,8,0,1,0,0,0,0,2,1,6,1,42,7,1560,2,4,5,1,5
2.02E+12,1,19,0,9,0,8,0,0,0,0,1,1,6,1,33,6,2143,2,7,2,1,2
2.02E+12,2,9,0,18,0,8,0,0,1,2,1,1,6,1,50,8,1461,2,3,7,1,7
2.02E+12,1,9,0,18,0,4,0,0,0,0,1,1,1,1,32,6,1496,2,2,3,1,3
2.02E+12,2,9,0,3,0,4,0,0,0,0,2,1,6,2,40,7,1598,1,10,6,3,6
2.02E+12,1,9,0,18,0,1,0,0,0,0,1,1,6,2,55,8,1598,1,18,4,1,4
2.02E+12,1,9,0,7,0,6,0,0,0,0,1,1,6,2,46,8,1910,2,10,10,1,10
2.02E+12,1,19,0,5,0,2,0,0,0,0,3,1,1,1,47,8,2402,2,15,5,1,5
2.02E+12,2,3,0,18,0,2,1,4,0,0,4,1,6,2,32,6,125,1,4,5,1,5
2.02E+12,1,9,0,1,0,2,0,0,0,0,2,1,6,1,46,8,1753,2,15,7,1,7
2.02E+12,1,9,0,18,0,8,0,0,0,0,3,1,6,1,30,6,1997,1,16,2,1,2
2.02E+12,2,9,0,9,0,8,0,0,0,0,1,1,6,1,27,6,1490,1,12,9,1,9
2.02E+12,1,9,0,13,0,1,0,0,0,0,1,1,6,1,22,5,1390,1,14,5,1,5
2.02E+12,2,8,0,10,0,1,0,0,0,0,3,1,1,1,57,9,1560,2,7,4,1,4
2.02E+12,2,8,0,18,0,8,0,0,0,0,3,1,1,1,63,9,1560,2,4,7,1,7
2.02E+12,1,9,0,18,0,8,0,4,0,0,3,1,6,2,27,6,1968,2,2,3,1,3
2.02E+12,1,9,0,1,0,6,0,0,0,0,2,1,6,2,45,7,1995,2,6,6,3,6
2.02E+12,2,9,0,18,0,8,0,0,0,0,4,1,6,1,86,11,1587,1,10,5,3,5
2.02E+12,1,9,0,18,0,6,0,0,0,0,1,1,6,2,41,7,1368,1,10,5,2,5
2.02E+12,2,3,0,18,0,8,0,0,0,0,1,1,6,1,38,7,124,1,4,1,1,1
2.02E+12,1,9,0,14,0,1,0,0,0,0,4,1,6,1,61,9,2393,1,15,1,1,1
2.02E+12,2,11,0,18,0,1,0,0,0,0,3,1,1,1,52,8,3900,2,13,3,1,3
2.02E+12,1,9,0,1,0,2,0,0,0,0,1,1,6,1,50,8,1390,1,16,1,1,1
2.02E+12,1,9,0,9,0,8,0,0,0,0,1,1,6,2,77,11,998,1,8,9,2,9
2.02E+12,2,9,0,18,0,8,0,0,0,0,1,1,6,2,35,6,1395,1,3,9,2,9
2.02E+12,1,9,0,9,0,8,0,0,0,0,4,1,6,2,52,8,1997,1,3,2,1,2
2.02E+12,1,9,0,9,0,6,0,0,0,0,1,1,6,2,49,8,1969,2,2,8,3,8
2.02E+12,2,9,0,16,0,8,0,0,7,0,1,1,6,1,38,7,1896,2,14,1,3,1
2.02E+12,1,19,4,15,0,1,0,0,0,0,4,1,6,1,42,7,2198,2,3,7,1,7
2.02E+12,1,21,0,18,0,1,0,0,0,0,1,1,1,1,41,7,2287,2,5,2,1,2
2.02E+12,2,9,0,3,0,1,0,0,0,0,2,1,6,1,59,9,999,1,1,8,2,8
2.02E+12,1,3,0,18,0,8,0,0,0,0,0,1,6,1,20,4,125,1,4,6,1,6
2.02E+12,1,9,0,9,0,6,0,0,0,0,3,1,6,1,68,10,1598,1,16,5,1,5
2.02E+12,2,9,0,16,0,1,0,0,0,0,1,1,6,2,53,8,1461,2,4,10,1,10
2.02E+12,1,9,0,6,0,1,0,0,0,0,3,1,6,2,41,7,1461,2,4,2,1,2
2.02E+12,1,9,0,18,0,8,0,0,0,0,4,1,6,1,42,7,1995,2,11,2,1,2
2.02E+12,3,9,0,18,0,1,0,0,0,0,3,1,6,2,24,5,1968,2,1,10,1,10
2.02E+12,1,9,0,9,0,2,0,0,0,0,1,1,1,1,34,6,1598,2,2,2,1,2
2.02E+12,1,9,0,9,0,5,0,0,0,0,1,1,2,1,18,4,1229,1,10,4,1,4
2.02E+12,1,5,0,14,0,8,0,0,0,0,4,1,2,1,34,6,600,1,5,5,1,5
2.02E+12,2,9,0,9,0,6,0,0,0,0,1,1,2,2,18,4,998,1,9,8,1,8
2.02E+12,1,9,0,9,0,8,0,0,0,0,1,1,6,1,27,6,2143,2,1,9,1,9
2.02E+12,1,19,0,9,0,6,0,0,0,0,3,1,1,1,52,8,1248,2,11,8,1,8
2.02E+12,1,9,0,18,0,1,0,7,0,0,1,1,6,1,88,11,998,1,3,9,3,9
2.02E+12,2,9,0,18,0,1,0,0,0,0,1,1,6,1,21,5,2494,1,15,10,1,10
2.02E+12,1,9,0,18,0,1,1,0,0,0,1,1,6,2,20,4,1595,1,10,5,1,5
2.02E+12,2,9,0,10,0,8,0,0,0,0,2,1,6,1,75,10,1598,1,15,10,2,10
2.02E+12,3,9,0,18,0,1,0,0,0,0,1,1,1,1,59,9,1598,2,2,10,2,10
2.02E+12,1,9,0,18,0,4,0,0,0,0,1,1,6,2,30,6,1461,2,2,9,1,9
2.02E+12,2,2,0,18,0,8,1,0,0,0,4,1,6,1,16,4,49,1,4,7,1,7
2.02E+12,2,9,0,7,0,1,0,0,0,0,2,1,6,1,48,8,1197,1,2,10,1,10
2.02E+12,1,9,0,9,0,5,0,0,0,0,1,1,2,1,52,8,1200,1,2,8,1,8
2.02E+12,2,9,0,18,0,8,0,0,0,0,1,1,2,2,42,7,1598,1,4,7,1,7
2.02E+12,1,9,0,7,0,6,0,0,1,0,0,1,2,1,41,7,2926,2,15,9,1,9
2.02E+12,2,20,0,18,0,1,0,0,0,0,1,1,1,1,56,9,4250,2,13,6,2,6
2.02E+12,1,9,0,18,0,1,0,0,0,0,1,1,6,1,33,6,1598,1,13,5,1,5
2.02E+12,2,9,0,3,0,1,0,0,0,0,2,1,6,1,43,7,1896,2,9,9,1,9
2.02E+12,1,9,0,14,0,1,0,0,0,0,1,1,6,1,58,9,1198,1,5,10,1,10
2.02E+12,1,9,0,7,0,1,0,0,0,0,1,1,6,1,42,7,1461,2,11,7,1,7
2.02E+12,1,9,0,9,0,5,0,0,0,0,1,1,6,2,85,11,1248,1,7,7,1,7
2.02E+12,2,3,0,18,0,8,0,0,0,0,1,1,6,1,18,4,125,1,2,4,1,4
2.02E+12,1,9,0,9,0,5,0,0,0,0,1,1,6,1,58,9,1995,1,14,8,1,8
2.02E+12,1,9,0,11,0,5,1,10,2,7,1,1,6,2,81,11,1149,1,4,7,1,7
2.02E+12,1,9,0,18,0,6,0,0,0,0,1,1,6,2,48,8,1591,1,2,4,1,4
2.02E+12,2,8,0,18,0,8,0,0,0,0,4,1,1,2,71,10,1797,8,3,3,1,3
2.02E+12,1,9,0,5,0,8,0,0,0,0,3,1,6,1,19,4,1598,1,15,9,3,9
2.02E+12,2,9,0,18,0,8,0,0,0,0,1,1,6,1,58,9,1995,2,2,5,3,5
2.02E+12,1,9,0,9,0,2,0,0,0,0,3,1,2,2,41,7,1987,1,1,6,1,6
2.02E+12,2,2,0,18,0,1,1,0,0,0,1,1,6,1,20,4,124,1,21,9,1,9
2.02E+12,1,9,0,9,0,6,0,0,0,0,1,1,6,2,73,10,1339,1,2,10,1,10
2.02E+12,2,9,0,9,0,4,1,0,0,0,3,1,6,2,33,6,1198,1,15,7,1,7
2.02E+12,1,5,0,9,0,8,0,0,0,0,3,1,6,1,29,6,649,1,3,8,1,8
2.02E+12,2,9,0,7,0,3,0,0,0,0,4,1,6,2,47,8,1598,1,5,4,1,4
2.02E+12,2,9,0,18,0,2,0,0,7,4,1,1,6,1,18,4,1390,1,11,7,3,7
2.02E+12,1,9,0,18,0,8,1,9,0,1,1,1,6,1,20,4,1796,1,15,4,1,4
2.02E+12,1,9,0,18,0,1,0,0,0,0,1,1,3,1,71,10,1598,1,6,7,1,7
2.02E+12,1,9,0,9,0,8,0,0,0,0,1,1,6,1,52,8,1798,1,7,5,3,5
2.02E+12,2,9,0,3,0,1,0,0,0,0,1,1,6,2,27,6,1229,1,3,10,1,10
2.02E+12,1,9,0,11,0,1,0,0,0,0,2,1,6,2,34,6,1298,1,14,6,1,6
2.02E+12,2,3,0,18,0,1,1,0,0,0,1,1,6,1,16,4,49,1,1,4,1,4
2.02E+12,1,9,0,5,0,4,0,0,0,0,1,1,6,1,39,7,1596,1,14,9,1,9
2.02E+12,2,3,0,5,0,4,0,0,0,0,2,1,2,1,38,7,125,1,8,6,1,6
2.02E+12,1,9,0,4,0,1,0,0,0,0,1,1,2,1,45,7,2199,1,23,7,2,7
2.02E+12,2,9,0,3,0,1,0,0,0,0,2,1,6,1,63,9,1995,2,4,8,1,8
2.02E+12,1,9,0,18,0,2,0,0,0,0,2,1,6,2,56,9,2231,2,4,7,1,7
2.02E+12,2,5,0,18,0,8,0,0,0,0,1,1,6,1,19,4,645,1,8,5,1,5
2.02E+12,1,9,0,18,0,1,0,0,0,0,1,1,3,2,45,7,1149,1,8,10,1,10
2.02E+12,1,9,0,1,0,8,0,0,0,0,0,1,6,2,47,8,998,1,4,2,1,2
2.02E+12,2,3,0,18,0,1,1,0,0,0,3,1,2,1,17,4,125,1,2,2,1,2
2.02E+12,1,9,0,13,0,1,0,0,0,0,4,1,6,2,31,6,1896,2,16,5,1,5
2.02E+12,2,9,0,9,0,1,0,0,0,0,3,1,6,2,50,8,1598,1,14,4,3,4
2.02E+12,1,9,0,18,0,1,1,0,0,0,1,1,6,2,77,11,1242,1,5,9,1,9
2.02E+12,1,9,0,7,0,5,0,0,0,0,4,1,6,1,50,8,3200,2,11,2,1,2
2.02E+12,1,9,0,9,0,2,0,0,0,0,1,1,6,2,18,4,1229,1,11,10,1,10
2.02E+12,2,9,0,18,0,2,0,0,0,0,1,1,6,2,33,6,973,1,19,10,1,10
2.02E+12,2,9,0,18,0,1,0,0,7,11,4,1,6,2,31,6,998,1,10,7,1,7
2.02E+12,1,9,0,17,0,1,0,0,0,0,1,1,2,1,29,6,2401,2,11,1,1,1
2.02E+12,2,9,0,16,0,1,0,0,1,0,1,1,2,1,27,6,998,1,5,5,3,5
2.02E+12,1,9,0,9,0,8,0,0,0,0,1,1,3,2,25,5,1242,1,11,4,1,4
2.02E+12,2,9,0,8,0,1,0,0,0,0,1,1,6,2,36,7,1299,1,9,2,1,2
2.02E+12,3,9,0,18,0,2,0,0,0,0,1,1,6,2,45,7,1598,1,17,1,1,1
2.02E+12,1,9,0,9,0,6,0,0,0,0,1,1,6,1,50,8,2597,1,16,3,1,3
2.02E+12,2,9,0,18,0,8,0,0,0,0,1,1,6,2,85,11,998,1,4,5,1,5
2.02E+12,1,9,0,18,0,8,0,0,0,0,1,1,6,2,57,9,1984,1,8,5,1,5
2.02E+12,2,9,0,18,0,8,0,0,0,0,3,1,6,1,35,6,1299,1,15,1,1,1
2.02E+12,1,9,0,5,0,4,0,0,0,0,1,1,6,1,75,10,999,1,1,3,1,3
2.02E+12,2,3,0,18,0,8,1,0,0,0,1,1,6,1,25,5,125,1,4,5,3,5
2.02E+12,1,19,0,18,0,1,1,0,0,0,1,1,6,1,40,7,2198,2,10,1,1,1
2.02E+12,2,8,0,18,2,1,0,0,0,0,3,1,1,2,49,8,1997,2,7,6,1,6
2.02E+12,2,9,0,18,0,8,0,0,0,0,2,1,6,2,45,7,1461,2,2,10,1,10
2.02E+12,1,9,0,9,0,5,0,0,0,0,3,1,6,1,76,11,996,1,1,2,1,2
2.02E+12,1,9,0,18,0,1,0,0,0,0,3,1,2,1,29,6,1197,1,4,3,1,3
2.02E+12,1,19,0,9,0,2,0,0,0,0,1,1,1,1,31,6,1560,2,1,6,3,6
2.02E+12,1,9,0,4,0,1,1,0,0,0,1,1,6,2,43,7,1368,1,11,10,1,10
2.02E+12,2,9,0,4,0,1,0,0,0,0,2,1,6,1,73,10,1388,1,18,10,2,10
2.02E+12,3,9,0,9,0,1,0,0,0,0,0,1,6,2,64,9,1749,1,16,3,1,3
2.02E+12,1,11,0,18,0,8,0,0,0,0,1,1,1,1,30,6,4760,2,5,6,1,6
2.02E+12,1,9,0,7,0,8,0,0,0,0,1,1,6,1,30,6,1086,1,14,9,1,9
2.02E+12,2,9,0,18,0,8,0,0,0,0,4,1,6,1,26,6,1595,1,14,10,1,10
2.02E+12,1,21,0,18,0,1,0,0,0,0,1,1,1,1,53,8,11967,2,4,9,1,9
2.02E+12,2,9,0,10,0,1,0,0,0,0,2,1,6,2,46,8,1397,1,14,1,1,1
2.02E+12,1,9,0,18,0,4,0,0,0,0,1,1,6,1,44,7,1398,1,2,5,1,5
2.02E+12,1,9,0,3,0,6,0,0,0,0,1,1,1,1,23,5,1600,1,13,4,1,4
2.02E+12,2,5,0,3,0,6,0,0,0,0,2,1,1,1,28,6,125,1,2,4,1,4
2.02E+12,1,9,0,16,0,2,0,0,0,0,1,1,6,2,62,9,998,1,20,8,2,8
2.02E+12,2,9,0,3,0,2,0,0,0,0,2,1,6,2,33,6,998,1,5,8,1,8
2.02E+12,3,9,0,8,0,2,0,0,0,0,2,1,6,1,69,10,2685,2,13,6,2,6
2.02E+12,2,11,0,9,0,8,0,0,0,0,0,1,1,1,58,9,5132,2,2,3,1,3
2.02E+12,2,9,0,16,0,8,1,0,1,4,1,1,6,2,49,8,1461,2,1,2,1,2
2.02E+12,1,9,0,6,0,2,0,0,0,0,3,1,6,1,41,7,1997,2,10,5,3,5
2.02E+12,2,5,0,13,0,2,0,0,0,0,1,1,6,1,58,9,1050,1,2,6,1,6
2.02E+12,1,9,0,9,0,1,0,0,0,0,1,1,1,1,41,7,1242,1,18,9,2,9
2.02E+12,2,8,0,9,0,1,0,0,0,0,2,1,1,1,47,8,1560,2,7,5,1,5
2.02E+12,3,90,0,18,0,8,0,0,0,0,0,1,1,2,34,6,2987,2,7,9,1,9
2.02E+12,1,9,0,7,0,5,0,0,0,0,1,1,6,2,20,4,1229,1,9,3,1,3
2.02E+12,1,20,0,18,0,1,0,0,0,0,0,1,1,1,57,9,4500,2,1,4,1,4
2.02E+12,1,9,0,7,0,6,0,0,0,0,3,1,6,2,18,4,1149,1,16,1,1,1
2.02E+12,2,3,0,18,0,8,1,0,0,0,4,1,6,1,35,6,125,1,2,1,1,1
2.02E+12,1,9,0,9,0,6,0,0,0,0,1,1,6,1,68,10,1598,1,3,4,1,4
2.02E+12,2,9,0,18,0,2,1,0,4,0,1,1,6,2,67,10,1968,2,5,8,1,8
2.02E+12,1,9,0,7,0,6,0,0,0,0,1,1,6,2,22,5,1229,1,10,7,1,7
2.02E+12,1,9,0,1,0,2,0,0,0,0,2,1,1,1,72,10,1598,1,12,7,1,7
2.02E+12,1,9,0,18,0,4,0,0,0,0,1,1,6,2,45,7,1397,1,13,6,1,6
2.02E+12,1,9,0,7,0,8,0,0,0,0,3,1,1,1,64,9,1596,1,6,6,1,6
2.02E+12,1,9,0,18,0,6,0,0,0,0,1,1,6,1,23,5,1199,1,18,3,1,3
2.02E+12,2,9,0,18,0,1,0,0,0,0,1,1,6,2,39,7,1318,1,1,9,1,9
2.02E+12,2,9,0,2,0,8,0,0,0,0,2,1,6,2,68,10,1498,1,8,4,1,4
2.02E+12,1,9,0,18,0,2,0,0,0,0,1,1,6,1,58,9,2993,2,8,5,3,5
2.02E+12,2,9,0,3,0,4,0,0,0,0,2,1,1,2,22,5,1242,1,9,2,1,2
2.02E+12,1,9,0,18,0,1,0,0,0,0,1,1,6,2,27,6,1395,1,2,6,1,6
2.02E+12,2,9,0,4,0,1,0,0,0,0,2,1,6,1,27,6,1991,1,1,10,1,10
2.02E+12,1,9,0,18,0,1,0,0,0,0,4,1,6,1,40,7,2496,2,13,3,1,3
2.02E+12,1,19,0,18,0,1,0,0,0,0,1,1,1,1,35,6,2198,2,3,3,1,3
2.02E+12,2,9,0,4,0,1,0,0,0,0,2,1,6,1,72,10,1398,1,5,10,1,10
2.02E+12,3,9,0,9,0,8,0,0,0,0,2,1,6,1,24,5,1998,1,17,7,1,7
2.02E+12,1,9,0,7,0,6,0,0,0,0,1,1,6,1,85,11,1299,1,9,8,3,8
2.02E+12,2,9,0,18,0,2,0,0,0,0,2,1,6,2,34,6,1984,1,12,7,1,7
2.02E+12,2,9,0,18,0,1,0,0,0,0,1,1,6,1,39,7,1242,1,8,9,1,9
2.02E+12,1,9,0,3,0,1,0,0,0,0,1,1,1,1,46,8,1995,2,5,8,1,8
2.02E+12,2,9,0,3,0,1,0,0,0,0,2,1,6,2,20,4,1598,1,12,9,1,9
2.02E+12,3,9,0,3,0,1,0,0,0,0,2,1,6,2,38,7,1995,2,3,8,2,8