Accident_Index,Vehicle_Reference,Vehicle_Type,Towing_and_Articulation,Vehicle_Manoeuvre,Vehicle_Location-Restricted_Lane,Junction_Location,Skidding_and_Overturning,Hit_Object_in_Carriageway,Vehicle_Leaving_Carriageway,Hit_Object_off_Carriageway,1st_Point_of_Impact,Was_Vehicle_Left_Hand_Drive?,Journey_Purpose_of_Driver,Sex_of_Driver,Age_of_Driver,Age_Band_of_Driver,Engine_Capacity_(CC),Propulsion_Code,Age_of_Vehicle,Driver_IMD_Decile,Driver_Home_Area_Type,Vehicle_IMD_Decile
2.02E+12,1,9,0,9,0,5,0,0,0,0,1,1,2,2,56,9,1995,2,3,5,1,5
2.02E+12,2,9,0,18,0,1,0,0,0,0,1,1,6,2,51,8,1598,2,2,2,1,2
2.02E+12,1,9,0,17,0,1,0,0,0,0,1,1,6,1,64,9,1896,2,12,6,1,6
2.02E+12,1,19,0,18,0,2,0,0,1,11,1,1,6,1,44,7,2402,2,6,2,1,2
2.02E+12,1,9,0,18,0,2,1,0,1,2,3,1,6,1,20,4,1995,1,10,5,1,5
2.02E+12,1,9,0,9,0,6,0,0,0,0,1,1,2,1,55,8,1686,2,13,7,1,7
2.02E+12,1,9,0,5,0,6,0,0,0,0,1,1,6,1,22,5,1598,1,10,5,1,5
2.02E+12,1,9,0,4,0,1,0,0,0,0,1,1,6,2,73,10,1597,1,8,6,1,6
2.02E+12,2,9,0,3,0,1,0,0,0,0,2,1,6,1,30,6,1798,1,7,5,1,5
2.02E+12,2,19,0,18,0,8,0,0,0,0,3,1,6,2,48,8,1997,2,5,8,3,8
2.02E+12,1,9,0,7,8,6,0,0,0,0,1,1,6,2,27,6,1598,1,1,5,3,5
2.02E+12,2,9,0,18,0,1,0,0,0,0,4,1,6,2,34,6,1999,2,2,7,1,7
2.02E+12,1,8,0,18,0,1,0,0,0,0,1,1,1,1,36,7,1560,2,4,4,1,4
2.02E+12,1,19,0,5,0,6,0,0,0,0,1,1,1,1,52,8,2299,2,5,7,1,7
2.02E+12,2,3,0,18,0,1,0,0,0,0,1,1,2,1,23,5,124,1,37,3,1,3
2.02E+12,2,9,0,7,0,8,0,0,0,0,4,1,6,1,60,9,1956,2,1,9,2,9
2.02E+12,1,9,0,9,0,5,0,0,0,0,2,1,6,1,36,7,1895,1,17,6,3,6
2.02E+12,2,19,0,18,0,1,0,0,0,0,1,1,6,1,62,9,2496,2,22,3,1,3
2.02E+12,1,9,0,13,0,1,0,0,7,2,1,1,6,2,31,6,1598,1,16,8,3,8
2.02E+12,2,9,0,4,0,1,0,0,0,0,0,1,6,2,39,7,1686,2,12,9,1,9
2.02E+12,1,9,0,9,0,8,0,0,0,0,1,1,6,2,32,6,1242,1,4,1,1,1
2.02E+12,1,9,0,7,0,2,0,0,0,0,1,1,6,1,56,9,1598,1,13,4,1,4
2.02E+12,1,9,0,9,0,6,0,0,0,0,4,1,6,1,57,9,1989,1,16,7,3,7
2.02E+12,2,5,0,18,0,8,0,0,1,0,1,1,6,1,27,6,999,1,2,6,1,6
2.02E+12,1,5,0,18,0,1,0,0,0,0,1,1,6,1,68,10,645,1,3,8,1,8
2.02E+12,2,9,0,10,0,8,0,0,0,0,2,1,1,2,46,8,999,1,1,6,3,6
2.02E+12,1,11,0,18,0,4,0,0,0,0,1,1,1,1,26,6,9000,2,8,1,1,1
2.02E+12,1,9,0,18,0,1,0,0,0,0,1,1,6,1,39,7,3301,1,15,3,1,3
2.02E+12,2,9,0,18,0,1,0,0,0,0,2,1,6,1,44,7,1461,2,3,6,1,6
2.02E+12,2,19,0,18,0,1,0,0,0,0,1,1,6,1,25,5,1998,2,14,5,3,5
2.02E+12,3,9,0,18,0,1,0,0,0,0,1,1,6,2,36,7,1796,1,15,7,3,7
2.02E+12,4,9,0,10,0,1,0,0,0,0,2,1,6,1,52,8,1968,2,5,4,3,4
2.02E+12,1,5,0,9,0,4,0,0,0,0,2,1,6,1,68,10,798,1,2,6,1,6
2.02E+12,2,9,0,6,0,8,0,0,0,0,3,2,6,2,27,6,1598,1,14,2,1,2
2.02E+12,1,9,0,5,0,4,0,0,0,0,1,1,6,1,20,4,1461,2,4,8,1,8
2.02E+12,1,4,0,13,0,1,1,0,7,0,1,1,6,1,53,8,125,1,1,6,1,6
2.02E+12,2,9,0,9,0,5,0,0,7,0,3,1,1,1,64,9,1598,2,4,8,1,8
2.02E+12,1,9,0,9,0,8,0,0,0,0,3,1,6,1,25,5,1998,1,11,8,2,8
2.02E+12,2,9,0,13,0,8,0,10,7,0,4,1,6,2,19,4,1198,1,4,3,3,3
2.02E+12,2,9,0,3,0,4,0,0,0,0,2,1,6,1,25,5,1364,1,9,8,1,8
2.02E+12,1,9,0,4,0,8,0,0,0,0,1,1,6,2,40,7,1596,1,8,10,1,10
2.02E+12,2,9,0,3,0,8,0,0,0,0,2,1,1,1,29,6,1560,2,1,2,1,2
2.02E+12,1,9,0,9,0,5,0,7,0,0,3,1,6,1,19,4,1242,1,5,7,1,7
2.02E+12,2,19,0,18,0,8,0,0,0,0,1,1,6,1,66,10,2198,2,9,5,1,5
2.02E+12,1,9,0,7,5,1,0,0,0,0,3,1,1,1,20,4,1149,1,12,8,1,8
2.02E+12,1,3,0,18,0,8,0,0,0,0,4,1,6,1,71,10,125,1,2,1,1,1
2.02E+12,2,9,0,5,0,8,0,0,0,0,0,1,6,1,30,6,1396,1,16,8,1,8
2.02E+12,1,9,0,18,0,1,0,12,0,0,4,1,6,1,38,7,1360,1,18,8,1,8
2.02E+12,2,9,0,18,0,8,0,0,0,0,3,1,1,1,48,8,999,1,1,6,1,6
2.02E+12,1,19,0,18,0,8,0,0,0,0,2,1,6,1,31,6,1968,2,1,8,2,8
2.02E+12,2,9,0,18,0,8,0,0,0,0,1,1,6,2,57,9,1299,1,11,10,1,10
2.02E+12,1,9,0,9,0,6,0,0,0,0,1,1,6,1,64,9,1749,1,13,3,1,3
2.02E+12,2,5,0,18,0,8,1,0,0,0,1,1,6,1,25,5,645,1,11,8,1,8
2.02E+12,1,9,0,9,0,5,0,0,0,0,1,1,6,1,35,6,1596,1,11,9,1,9
2.02E+12,2,5,0,18,0,5,0,0,0,0,4,1,6,1,23,5,1198,1,4,8,3,8
2.02E+12,1,9,0,9,0,2,0,0,1,0,1,1,2,1,36,7,1390,1,16,7,1,7
2.02E+12,2,20,0,18,0,1,0,0,0,0,1,1,1,1,42,7,12777,2,5,4,1,4
2.02E+12,3,9,0,10,0,1,0,0,0,0,3,1,6,2,47,8,1195,1,19,7,1,7
2.02E+12,1,11,0,5,0,8,0,0,0,0,0,1,1,2,43,7,9360,2,5,9,2,9
2.02E+12,1,3,0,4,0,1,0,0,0,0,4,1,6,1,25,5,124,1,1,5,1,5
2.02E+12,2,9,0,7,0,1,0,0,0,0,4,1,6,1,39,7,1984,1,10,4,1,4
2.02E+12,1,9,0,18,0,4,0,0,0,0,1,1,6,1,40,7,1951,2,13,7,2,7
2.02E+12,2,5,0,9,0,8,1,0,0,0,2,1,6,1,38,7,599,1,14,5,1,5
2.02E+12,1,11,0,18,0,1,0,0,2,1,1,1,1,1,71,10,9000,2,8,2,1,2
2.02E+12,2,11,0,3,0,1,0,0,0,0,4,1,1,1,41,7,4461,2,2,8,1,8
2.02E+12,1,19,0,18,0,1,0,0,0,0,1,1,1,1,40,7,2299,2,4,6,1,6
2.02E+12,1,5,0,18,0,8,0,0,0,0,1,1,6,1,41,7,800,1,1,10,1,10
2.02E+12,2,9,0,10,0,8,0,0,0,0,2,1,6,2,42,7,1242,1,17,7,1,7
2.02E+12,1,9,0,16,0,8,0,0,0,0,4,1,6,1,68,10,998,1,11,8,1,8
2.02E+12,1,9,0,9,0,6,0,0,0,0,1,1,6,2,17,4,1229,1,10,6,3,6
2.02E+12,2,9,0,18,0,1,0,0,0,0,1,1,6,2,29,6,1360,1,15,5,3,5
2.02E+12,1,19,0,9,0,6,0,0,0,0,1,1,2,1,63,9,2198,2,8,3,1,3
2.02E+12,2,3,0,18,0,8,0,0,0,0,1,1,6,1,18,4,125,1,2,10,3,10
2.02E+12,1,9,0,9,0,5,0,0,0,0,4,1,6,1,18,4,1229,1,2,9,1,9
2.02E+12,2,9,0,18,0,8,0,0,0,0,1,1,6,1,28,6,1242,1,12,10,1,10
2.02E+12,1,9,0,9,0,1,0,0,0,0,3,1,6,2,21,5,1149,1,14,3,1,3
2.02E+12,2,5,0,18,0,1,0,0,0,0,1,1,6,1,28,6,656,1,10,2,1,2
2.02E+12,1,9,0,18,0,4,0,0,0,0,3,1,6,2,18,4,1390,1,21,9,2,9
2.02E+12,2,5,0,18,0,4,0,0,0,0,1,1,6,1,26,6,998,1,1,7,3,7
2.02E+12,1,9,0,18,0,4,0,0,0,0,1,1,6,2,26,6,998,1,2,9,1,9
2.02E+12,2,9,0,18,0,4,0,0,0,0,2,1,2,2,48,8,1397,1,5,3,1,3
2.02E+12,1,5,0,13,0,1,0,0,0,0,4,1,6,1,33,6,782,1,2,5,1,5
2.02E+12,2,9,0,9,0,1,0,0,0,0,3,1,6,1,47,8,1598,2,11,8,1,8
2.02E+12,1,8,0,9,0,5,0,0,0,0,1,1,1,1,51,8,1956,2,6,1,1,1
2.02E+12,1,9,0,3,0,4,0,0,0,0,1,1,6,1,51,8,1299,1,9,2,1,2
2.02E+12,2,9,0,5,0,4,0,0,0,0,2,1,6,1,42,7,1598,1,12,4,1,4
2.02E+12,1,9,0,7,0,4,0,0,1,0,3,1,6,1,48,8,1986,2,10,7,1,7
2.02E+12,2,8,0,3,0,1,0,0,0,0,4,1,6,2,38,7,1986,2,9,9,1,9
2.02E+12,1,9,0,18,0,1,0,0,0,0,1,1,6,1,27,6,2191,2,2,1,1,1
2.02E+12,2,9,0,3,0,1,0,0,0,0,2,1,6,2,62,9,1299,1,9,4,1,4
2.02E+12,1,2,0,18,0,1,1,0,0,0,3,1,6,1,17,4,125,1,8,3,1,3
2.02E+12,1,9,0,9,0,6,0,0,0,0,1,1,6,1,65,9,1242,1,4,8,1,8
2.02E+12,2,9,0,4,0,8,0,0,0,0,4,1,2,2,26,6,1149,1,12,9,2,9
2.02E+12,1,9,0,5,0,8,0,0,0,0,3,1,6,1,50,8,1796,1,12,3,1,3
2.02E+12,2,3,0,18,0,8,0,0,0,0,1,1,6,1,17,4,124,1,1,7,1,7
2.02E+12,1,9,0,9,0,6,0,0,0,0,3,1,6,1,23,5,1896,2,14,1,1,1
2.02E+12,2,9,0,18,0,8,0,0,0,0,1,1,6,1,43,7,1497,8,10,1,1,1
2.02E+12,1,9,0,18,0,8,0,0,1,11,1,1,6,1,18,4,1600,1,19,2,1,2
2.02E+12,1,9,0,7,0,8,1,0,7,10,1,1,6,1,23,5,1390,1,12,4,1,4
2.02E+12,1,9,0,6,0,1,0,0,0,0,3,1,6,1,31,6,1998,1,10,8,3,8
2.02E+12,2,5,0,18,0,1,0,0,0,0,1,1,6,1,22,5,600,1,17,8,3,8
2.02E+12,1,9,0,9,0,5,0,0,0,0,3,1,6,1,29,6,1896,2,14,1,1,1
2.02E+12,2,9,0,18,0,1,0,0,0,0,4,1,6,2,25,5,1596,1,12,8,1,8
2.02E+12,1,9,0,6,0,8,0,0,0,0,4,1,6,1,40,7,4196,1,8,10,2,10
2.02E+12,2,2,0,18,0,8,0,0,0,0,3,1,6,1,50,8,625,1,13,5,1,5
2.02E+12,1,9,0,3,0,1,0,0,0,0,1,1,6,1,26,6,1560,2,3,4,1,4
2.02E+12,2,9,0,18,0,1,0,0,0,0,4,1,2,1,45,7,1560,2,5,1,1,1
2.02E+12,1,9,0,5,0,2,0,0,0,0,1,1,6,2,48,8,1229,1,9,6,1,6
2.02E+12,2,9,0,5,0,2,0,0,0,0,3,1,6,2,43,7,1997,2,6,4,1,4
2.02E+12,1,9,0,9,0,8,0,0,0,0,1,1,6,1,89,11,998,1,4,8,1,8
2.02E+12,1,9,0,1,0,8,0,0,0,0,2,1,6,1,78,11,2179,2,3,7,3,7
2.02E+12,1,9,0,6,0,2,0,0,0,0,1,1,6,1,35,6,1900,2,13,3,1,3
2.02E+12,2,9,0,18,0,2,0,0,0,0,4,1,6,2,70,10,1596,1,17,7,1,7
2.02E+12,1,9,0,4,0,1,1,0,1,2,1,1,6,1,64,9,1997,2,15,8,1,8
2.02E+12,1,9,0,5,0,4,5,10,7,1,1,1,6,1,94,11,1595,1,15,7,1,7
2.02E+12,1,9,0,18,0,8,0,0,0,0,1,1,6,1,40,7,2982,2,3,6,2,6
2.02E+12,2,9,0,10,0,8,0,0,0,0,2,1,6,1,66,10,1598,2,5,4,1,4
2.02E+12,3,9,0,18,0,1,0,0,1,0,1,1,6,1,59,9,1896,2,12,8,3,8
2.02E+12,2,9,0,18,0,8,0,0,0,0,1,1,6,2,42,7,998,1,11,6,1,6
2.02E+12,1,9,0,9,0,8,0,0,0,0,3,1,6,1,40,7,1124,1,13,3,1,3
2.02E+12,2,9,0,10,0,1,0,0,0,0,3,1,6,1,35,6,1124,1,11,3,1,3
2.02E+12,1,9,0,6,0,6,0,0,0,0,4,1,6,1,81,11,1329,1,6,8,1,8
2.02E+12,2,9,0,18,0,3,0,0,0,0,1,1,6,1,29,6,1560,2,10,3,1,3
2.02E+12,1,4,0,15,0,1,0,0,0,0,1,1,6,1,22,5,125,1,1,7,3,7
2.02E+12,2,9,0,18,0,1,0,0,0,0,2,1,6,2,29,6,1197,1,1,6,3,6
2.02E+12,1,9,0,5,0,1,0,0,0,0,3,1,6,1,71,10,1395,1,2,7,1,7
2.02E+12,2,11,0,8,0,1,0,0,0,0,4,1,1,1,22,5,9000,2,3,7,1,7
2.02E+12,2,9,0,18,0,4,0,0,0,0,4,1,6,1,42,7,1800,1,45,4,1,4
2.02E+12,1,9,0,18,0,1,0,0,0,0,1,1,6,1,39,7,1998,1,16,2,1,2
2.02E+12,2,9,0,6,0,8,0,0,0,0,2,1,6,1,23,5,1197,1,2,6,1,6
2.02E+12,1,9,0,18,0,4,2,10,8,2,1,1,6,1,23,5,1598,1,15,7,1,7
2.02E+12,1,9,0,6,0,1,0,0,0,0,3,1,1,1,39,7,1198,1,14,2,1,2
2.02E+12,1,9,3,15,0,1,0,0,0,0,3,1,6,1,67,10,2497,2,11,2,1,2
2.02E+12,1,9,0,7,0,3,0,0,0,0,1,1,6,2,82,11,1598,1,6,10,1,10
2.02E+12,1,5,0,18,0,1,0,0,0,0,1,1,2,1,28,6,599,1,18,4,1,4
2.02E+12,1,3,0,18,0,1,0,0,0,0,1,1,6,1,19,4,124,1,1,6,3,6
2.02E+12,2,9,0,12,0,1,0,0,0,0,2,1,6,1,41,7,1997,2,7,2,1,2
2.02E+12,1,9,0,9,0,6,0,0,0,0,3,1,6,2,86,11,1389,1,12,9,2,9
2.02E+12,2,9,0,18,0,8,0,0,0,0,1,1,6,2,62,9,1968,2,5,10,2,10
2.02E+12,1,9,0,18,0,8,0,0,0,0,4,1,3,1,32,6,1997,2,14,6,1,6
2.02E+12,1,9,0,9,0,6,0,0,0,0,1,1,3,1,46,8,998,1,4,6,3,6
2.02E+12,2,5,0,18,0,1,0,0,0,0,1,1,2,1,51,8,1340,1,5,1,1,1
2.02E+12,1,9,0,9,0,5,0,0,0,0,1,1,6,2,69,10,1969,2,2,6,1,6
2.02E+12,1,9,0,18,0,8,0,0,0,0,3,1,6,2,30,6,1299,1,16,8,2,8
2.02E+12,1,9,0,9,0,6,0,0,0,0,1,1,6,2,20,4,998,1,11,6,1,6
2.02E+12,2,3,0,18,0,8,0,0,0,0,1,1,6,1,17,4,125,1,1,2,1,2
2.02E+12,1,9,0,10,0,6,0,0,0,0,3,1,6,2,91,11,1400,1,11,10,1,10
2.02E+12,2,9,0,18,0,1,0,0,0,0,4,1,6,1,22,5,1124,1,15,6,1,6
2.02E+12,1,9,0,9,0,8,0,0,0,0,4,1,6,1,17,4,1364,1,10,3,1,3
2.02E+12,2,9,0,18,0,1,0,0,0,0,4,1,6,1,35,6,1595,1,17,2,1,2
2.02E+12,1,9,0,9,0,2,0,0,0,0,1,1,3,2,35,6,1596,1,11,3,1,3
2.02E+12,2,9,0,18,0,8,0,0,0,0,4,1,2,1,24,5,1198,1,6,6,1,6
2.02E+12,1,9,0,18,0,7,0,4,0,0,1,1,2,2,23,5,1390,1,5,6,1,6
2.02E+12,2,21,1,2,6,1,0,0,0,0,2,1,1,1,25,5,12740,2,9,1,1,1
2.02E+12,1,21,0,18,0,8,1,0,0,0,1,1,1,1,32,6,12777,2,6,7,1,7
2.02E+12,2,9,0,18,0,8,0,0,0,0,1,1,6,1,27,6,1360,1,16,10,2,10
2.02E+12,3,9,0,9,0,8,0,0,0,0,3,1,6,2,37,7,998,1,5,10,1,10
2.02E+12,1,8,0,17,0,1,0,0,0,0,1,1,2,1,27,6,1999,1,15,5,3,5
2.02E+12,2,9,0,10,0,1,0,0,0,0,2,1,6,2,46,8,1998,2,2,10,1,10
2.02E+12,1,9,0,8,0,1,0,0,0,0,1,1,6,1,34,6,1997,2,9,10,1,10
2.02E+12,2,9,0,7,0,1,0,0,0,0,2,1,6,1,26,6,1242,1,3,6,2,6
2.02E+12,1,9,0,18,0,8,0,0,0,0,4,1,1,1,56,9,1390,1,7,8,3,8
2.02E+12,2,5,0,16,0,8,0,0,0,0,3,1,6,1,59,9,865,1,3,7,2,7
2.02E+12,1,9,0,9,0,6,0,0,0,0,1,1,6,2,77,11,1598,1,14,6,1,6
2.02E+12,2,9,0,18,0,8,0,10,1,0,1,1,6,1,65,9,2460,2,13,3,1,3
2.02E+12,1,9,0,9,0,6,0,0,0,0,1,1,6,1,24,5,1900,2,11,4,1,4
2.02E+12,1,9,0,18,0,2,0,0,0,10,4,1,6,2,56,9,898,1,2,10,1,10
2.02E+12,1,9,0,18,0,8,0,0,1,10,4,1,6,1,73,10,2179,2,7,5,1,5
2.02E+12,2,3,0,18,0,8,0,0,0,0,4,1,6,1,18,4,124,1,18,7,3,7
2.02E+12,1,9,0,18,0,8,0,0,0,1,1,1,6,1,26,6,1398,1,3,8,2,8
2.02E+12,1,9,0,7,0,6,0,0,0,0,1,1,1,1,66,10,1596,1,6,7,1,7
2.02E+12,1,9,0,18,0,2,0,0,0,0,1,1,6,2,18,4,1145,1,11,8,1,8
2.02E+12,1,9,0,7,0,2,0,0,0,0,4,1,1,2,28,6,1796,1,12,3,1,3
2.02E+12,1,9,0,18,0,1,0,0,0,0,3,1,6,1,83,11,1229,1,6,5,1,5
2.02E+12,1,9,0,18,0,1,0,0,0,0,1,1,6,2,80,11,2967,1,18,5,1,5
2.02E+12,2,19,0,18,0,1,0,0,0,0,1,1,1,1,70,10,2198,2,3,6,1,6
2.02E+12,1,9,0,18,0,1,0,0,0,0,1,1,6,1,54,8,1968,2,9,6,3,6
2.02E+12,1,2,0,9,0,5,0,0,0,0,3,1,6,1,16,4,49,1,3,4,1,4
2.02E+12,2,9,0,17,0,1,0,0,0,0,0,1,6,2,29,6,1598,1,12,7,3,7
2.02E+12,1,3,0,15,0,1,0,0,0,0,4,1,6,1,24,5,124,1,1,6,1,6
2.02E+12,2,9,0,5,0,2,0,0,0,0,1,1,6,1,34,6,1598,1,9,3,1,3
2.02E+12,1,9,0,9,0,6,0,0,0,0,1,1,6,2,38,7,1796,2,4,8,1,8
2.02E+12,2,5,0,18,0,1,0,0,0,0,3,1,2,1,26,6,645,1,9,5,1,5
2.02E+12,1,19,0,18,0,1,0,0,0,0,4,1,1,1,32,6,1248,2,1,1,1,1
2.02E+12,1,9,0,9,0,6,0,0,0,0,3,1,6,2,40,7,1995,2,10,4,1,4
2.02E+12,2,9,0,18,0,8,0,0,0,0,1,1,1,1,60,9,1587,1,11,6,3,6
2.02E+12,1,9,0,7,0,5,0,0,0,0,1,1,6,1,78,11,2698,2,10,6,1,6
2.02E+12,1,9,0,18,0,3,0,9,0,0,1,1,6,2,61,9,1798,1,9,5,1,5
2.02E+12,2,9,0,18,0,3,0,0,0,0,2,1,6,1,44,7,1995,2,10,8,1,8
2.02E+12,2,19,4,18,0,1,0,0,0,0,4,1,6,1,26,6,2402,2,13,1,1,1
2.02E+12,1,9,0,18,0,1,0,0,0,0,1,1,6,1,24,5,2993,2,9,4,1,4
2.02E+12,2,19,0,18,0,1,0,0,0,0,2,1,6,1,40,7,1753,2,11,7,1,7
2.02E+12,3,3,0,18,0,1,0,0,0,0,2,1,6,2,56,9,125,1,3,3,1,3
2.02E+12,1,9,0,5,8,6,0,0,0,0,3,1,6,2,40,7,998,1,6,2,1,2
2.02E+12,2,9,0,18,0,8,0,0,0,0,1,1,2,2,63,9,1598,1,12,9,1,9
2.02E+12,1,9,0,9,0,6,0,0,0,0,1,1,6,1,26,6,1984,1,15,7,1,7
2.02E+12,2,9,0,18,0,8,0,0,0,0,1,1,2,1,37,7,1149,1,9,3,1,3
2.02E+12,1,3,0,4,0,4,0,0,0,0,1,1,6,1,22,5,124,1,11,7,3,7
2.02E+12,2,9,0,9,0,4,0,0,0,0,1,1,6,1,33,6,1149,1,11,7,1,7
2.02E+12,1,9,0,4,0,1,0,0,0,0,1,1,1,1,76,11,1498,1,10,8,1,8
2.02E+12,2,9,0,3,0,1,0,0,0,0,1,1,6,2,69,10,1598,1,8,10,1,10
2.02E+12,1,5,0,18,0,2,0,0,0,0,4,1,6,1,27,6,998,1,10,6,3,6
2.02E+12,1,19,0,1,7,1,0,0,0,0,2,1,6,1,56,9,1995,2,10,10,1,10
2.02E+12,1,9,0,18,0,8,0,0,0,0,1,1,6,1,49,8,1398,2,4,5,1,5
2.02E+12,2,9,0,18,0,8,0,0,0,0,1,1,6,1,31,6,1995,2,11,4,1,4
2.02E+12,1,9,0,9,0,1,0,0,0,0,4,1,6,2,55,8,1397,1,9,2,1,2
2.02E+12,2,9,0,5,0,8,0,0,0,0,3,1,6,1,54,8,1400,1,11,7,1,7
2.02E+12,1,9,0,9,0,6,0,0,0,0,3,1,6,2,84,11,998,1,5,8,1,8
2.02E+12,1,19,0,2,6,1,0,0,0,0,3,1,6,1,35,6,2460,2,10,10,1,10
2.02E+12,1,9,0,9,0,6,0,0,0,0,1,1,6,1,40,7,1587,1,11,6,1,6
2.02E+12,2,5,0,18,0,8,0,0,0,0,1,1,6,1,35,6,899,1,17,10,3,10
2.02E+12,1,9,0,17,0,1,0,0,7,0,4,1,6,1,22,5,1984,1,16,5,3,5
2.02E+12,2,5,0,16,0,1,0,0,0,0,1,1,6,1,46,8,999,1,2,2,1,2
2.02E+12,1,5,0,18,0,2,1,0,0,0,0,1,6,1,44,7,750,1,2,1,1,1
2.02E+12,1,9,0,4,0,1,0,0,0,0,4,1,6,1,67,10,1999,1,6,6,1,6
2.02E+12,1,9,0,18,0,1,5,0,1,11,4,1,6,1,21,5,875,1,6,8,1,8
2.02E+12,3,9,0,3,0,1,0,0,0,0,4,1,6,1,42,7,1598,1,10,5,1,5
2.02E+12,1,9,0,1,9,6,0,0,0,0,0,1,6,1,70,10,1590,1,13,6,1,6
2.02E+12,1,9,0,9,9,5,0,0,7,0,1,1,6,1,17,4,998,1,13,9,1,9
2.02E+12,1,9,0,18,0,1,0,0,0,0,4,1,6,2,42,7,2400,2,6,7,3,7
2.02E+12,1,9,0,18,0,4,0,0,0,0,1,1,6,2,72,10,1198,1,10,8,1,8
2.02E+12,1,9,0,17,0,1,0,0,0,0,1,1,6,2,54,8,2972,1,14,7,1,7
2.02E+12,1,9,0,18,0,1,0,0,0,0,1,1,6,1,38,7,1596,1,12,3,1,3
2.02E+12,2,9,0,18,0,1,0,0,0,0,2,1,6,2,39,7,1242,1,5,4,1,4
2.02E+12,1,9,0,1,0,1,0,0,0,0,2,1,1,2,62,9,1400,1,11,4,1,4
2.02E+12,1,9,0,18,0,8,0,0,0,0,1,1,6,2,69,10,1495,1,16,8,1,8
2.02E+12,1,9,0,9,0,8,0,0,0,0,4,1,6,1,37,7,2148,2,9,2,1,2
2.02E+12,2,9,0,18,0,8,0,0,0,0,1,1,2,1,37,7,1870,2,13,1,1,1
2.02E+12,1,9,0,18,0,8,0,0,0,0,0,1,6,2,55,8,1796,1,8,8,1,8
2.02E+12,1,9,0,16,0,8,0,0,0,0,4,1,6,2,93,11,998,1,8,7,3,7
2.02E+12,2,21,4,18,0,8,0,0,0,0,1,1,1,1,35,6,12740,2,8,2,1,2
2.02E+12,1,9,0,18,0,4,0,0,0,0,1,1,2,2,43,7,1242,1,10,5,1,5
2.02E+12,1,9,0,9,0,8,0,0,0,0,1,1,6,2,57,9,1242,1,12,3,1,3
2.02E+12,1,9,0,12,0,8,0,0,0,0,2,1,6,1,69,10,1999,2,2,10,1,10
2.02E+12,2,5,0,18,0,8,0,0,0,0,1,1,6,1,45,7,999,1,3,2,1,2
2.02E+12,1,9,0,5,0,6,0,0,0,0,1,1,6,2,44,7,1598,1,8,6,1,6
2.02E+12,2,4,0,18,0,8,1,0,0,0,1,1,6,1,31,6,124,1,5,5,1,5
2.02E+12,3,9,0,10,0,1,0,0,0,0,3,1,6,2,38,7,1798,1,10,5,1,5
2.02E+12,1,19,0,9,0,2,0,0,0,0,1,1,1,1,32,6,1896,2,8,6,1,6
2.02E+12,2,9,0,18,0,8,1,0,1,1,4,1,2,1,42,7,2979,1,14,6,2,6
2.02E+12,1,3,0,9,0,4,1,0,0,0,3,1,2,1,18,4,125,1,4,3,1,3
2.02E+12,2,9,0,7,0,6,0,0,0,0,1,1,3,2,39,7,1968,2,4,10,1,10
2.02E+12,1,9,0,18,0,8,0,0,3,4,1,1,1,1,58,9,2184,2,3,7,1,7
2.02E+12,1,9,0,9,0,6,0,0,0,0,3,1,1,2,17,4,1400,1,11,8,1,8
2.02E+12,2,5,0,13,0,8,1,0,0,0,1,1,2,1,20,4,675,1,2,3,1,3
2.02E+12,3,19,0,7,0,5,0,0,0,0,0,1,1,1,35,6,2198,2,2,5,1,5
2.02E+12,1,9,0,1,0,1,0,0,0,0,2,1,6,1,80,11,1686,2,6,10,1,10
2.02E+12,2,9,0,2,0,2,0,0,0,0,2,1,6,2,55,8,2401,2,15,7,1,7
2.02E+12,1,21,1,4,0,1,1,0,0,0,1,1,1,1,51,8,11946,2,9,4,1,4
2.02E+12,2,9,0,4,0,1,0,0,0,0,2,1,3,2,32,6,1896,2,14,4,1,4
2.02E+12,1,9,0,18,0,6,0,0,0,0,3,1,6,2,66,10,1329,1,1,4,3,4
2.02E+12,2,9,0,18,0,1,0,0,7,0,1,1,6,1,51,8,1298,1,16,5,2,5
2.02E+12,1,9,0,5,0,4,0,0,0,0,0,1,2,2,40,7,1242,1,13,6,1,6
2.02E+12,1,5,0,9,0,1,0,0,0,0,4,1,6,1,23,5,650,1,21,2,1,2
2.02E+12,1,19,0,7,0,2,0,0,0,0,1,1,1,1,35,6,1995,2,1,4,1,4
2.02E+12,2,9,0,18,0,8,1,0,1,11,4,1,6,1,45,7,1968,2,6,10,1,10
2.02E+12,1,2,0,11,0,8,0,0,0,1,1,1,6,1,56,9,49,1,7,3,1,3
2.02E+12,2,9,0,9,0,6,0,0,0,0,3,1,6,2,51,8,1598,2,1,7,1,7
2.02E+12,1,9,0,18,0,1,0,0,0,0,1,1,6,2,18,4,1598,1,8,10,1,10
2.02E+12,2,9,0,3,0,1,0,0,0,0,2,1,6,1,41,7,2143,2,1,3,1,3
2.02E+12,3,9,0,3,0,1,0,0,0,0,2,1,6,1,40,7,1461,2,10,1,1,1
2.02E+12,1,19,0,4,0,1,0,0,0,0,1,1,6,1,42,7,2198,2,7,5,1,5
2.02E+12,2,19,0,10,0,1,0,0,0,0,2,1,6,1,60,9,1968,2,3,4,1,4