Accident_Index,Vehicle_Reference,Vehicle_Type,Towing_and_Articulation,Vehicle_Manoeuvre,Vehicle_Location-Restricted_Lane,Junction_Location,Skidding_and_Overturning,Hit_Object_in_Carriageway,Vehicle_Leaving_Carriageway,Hit_Object_off_Carriageway,1st_Point_of_Impact,Was_Vehicle_Left_Hand_Drive?,Journey_Purpose_of_Driver,Sex_of_Driver,Age_of_Driver,Age_Band_of_Driver,Engine_Capacity_(CC),Propulsion_Code,Age_of_Vehicle,Driver_IMD_Decile,Driver_Home_Area_Type,Vehicle_IMD_Decile
2.02E+12,2,5,0,18,2,8,0,0,1,0,3,1,6,1,24,5,599,1,9,7,1,7
2.02E+12,1,9,0,9,0,6,0,0,0,0,4,1,6,1,74,10,1388,1,12,9,1,9
2.02E+12,2,3,0,18,0,8,0,0,0,0,1,1,6,1,30,6,124,1,1,9,1,9
2.02E+12,2,9,0,8,0,1,0,0,0,0,3,1,6,1,53,8,1995,2,13,4,1,4
2.02E+12,1,5,0,18,0,2,0,0,0,0,1,1,6,1,27,6,1462,1,17,3,1,3
2.02E+12,2,9,0,4,0,2,0,0,0,0,4,1,6,1,54,8,1598,2,3,7,1,7
2.02E+12,1,2,0,13,0,1,0,0,0,0,1,1,6,1,16,4,49,1,5,8,1,8
2.02E+12,2,9,0,9,0,8,0,0,0,0,3,1,6,2,62,9,1200,1,3,7,1,7
2.02E+12,1,9,0,18,0,8,0,0,0,0,0,1,6,1,28,6,1560,2,11,8,3,8
2.02E+12,2,3,0,18,0,8,1,0,0,0,0,1,6,1,17,4,125,1,1,3,1,3
2.02E+12,1,9,0,18,0,8,0,0,0,0,1,1,6,2,70,10,1200,1,2,4,1,4
2.02E+12,2,9,0,18,0,8,0,0,0,0,1,1,6,2,71,10,1397,1,14,7,1,7
2.02E+12,1,9,0,9,0,6,0,0,0,0,3,1,6,1,80,11,1248,1,2,6,1,6
2.02E+12,2,3,0,18,0,8,0,0,0,0,1,1,6,2,19,4,124,1,10,4,1,4
2.02E+12,1,9,0,18,0,4,0,0,0,0,1,1,6,2,42,7,2495,2,14,9,2,9
2.02E+12,2,9,0,18,0,3,0,0,0,0,4,1,6,1,36,7,1951,2,14,9,1,9
2.02E+12,1,9,0,9,0,5,0,0,7,0,1,1,2,1,38,7,1995,2,15,7,3,7
2.02E+12,2,9,0,18,0,8,1,0,1,0,1,1,2,2,56,9,1997,1,9,8,1,8
2.02E+12,1,9,0,18,0,1,0,0,0,0,1,1,6,1,70,10,1560,2,4,4,1,4
2.02E+12,1,20,0,7,5,5,0,0,0,0,1,1,1,1,64,9,2402,2,12,6,1,6
2.02E+12,1,5,0,16,0,1,0,0,7,9,3,1,6,1,26,6,398,1,25,7,1,7
2.02E+12,2,9,0,8,0,8,0,0,0,0,1,1,6,1,88,11,2435,1,21,10,3,10
2.02E+12,2,5,0,3,0,1,0,0,0,0,2,1,6,1,63,9,800,1,2,6,1,6
2.02E+12,1,11,0,18,2,1,0,0,0,0,0,1,1,1,34,6,4760,2,5,3,1,3
2.02E+12,1,9,0,18,0,1,0,0,0,0,1,1,1,1,46,8,1582,2,4,6,3,6
2.02E+12,2,9,0,4,0,1,0,0,0,0,2,1,6,1,70,10,1368,1,1,9,2,9
2.02E+12,3,9,0,4,0,1,0,0,0,0,2,1,6,1,28,6,1587,1,22,5,2,5
2.02E+12,5,9,0,4,0,1,0,0,0,0,2,1,6,2,42,7,2979,1,12,9,3,9
2.02E+12,1,3,0,13,0,8,0,0,0,0,1,1,6,1,22,5,125,1,3,6,3,6
2.02E+12,3,9,0,18,0,8,0,0,0,0,0,1,6,1,59,9,1560,2,3,3,1,3
2.02E+12,1,19,0,18,0,2,0,0,0,0,4,1,1,2,31,6,1560,2,3,3,1,3
2.02E+12,1,9,0,18,0,2,0,0,0,0,1,1,6,1,81,11,1598,1,7,2,1,2
2.02E+12,2,9,0,18,0,1,0,0,0,0,1,1,6,2,51,8,1298,1,10,6,3,6
2.02E+12,1,9,0,9,0,3,0,0,0,0,1,1,6,1,37,7,2148,2,12,8,3,8
2.02E+12,1,9,0,18,0,5,0,0,0,0,1,1,2,1,58,9,1995,2,3,10,2,10
2.02E+12,2,9,0,3,0,5,0,0,0,0,2,1,2,1,42,7,1242,1,6,6,3,6
2.02E+12,1,9,0,5,0,8,0,0,0,0,1,1,2,1,45,7,1997,1,7,6,3,6
2.02E+12,2,5,0,18,0,8,0,0,1,10,1,1,2,1,33,6,1050,1,7,8,2,8
2.02E+12,1,9,0,5,0,1,0,0,0,0,1,1,6,2,25,5,1995,2,3,8,1,8
2.02E+12,2,5,0,3,0,1,0,0,0,0,2,1,6,1,74,10,747,1,18,5,1,5
2.02E+12,1,9,0,4,0,4,0,0,0,0,1,1,6,2,52,8,1995,2,1,10,1,10
2.02E+12,3,9,0,4,0,1,0,0,0,0,2,1,1,2,17,4,1560,2,2,7,3,7
2.02E+12,1,9,0,9,0,6,0,0,0,0,3,1,6,1,24,5,1796,1,12,1,1,1
2.02E+12,1,9,0,18,0,1,0,0,0,0,1,1,2,2,29,6,1995,1,5,6,3,6
2.02E+12,2,9,0,4,0,1,0,0,0,0,2,1,1,2,31,6,1753,2,12,9,2,9
2.02E+12,1,9,0,18,0,4,0,0,0,0,1,1,6,2,21,5,998,1,1,10,3,10
2.02E+12,1,9,0,18,0,1,0,0,0,0,1,1,6,1,67,10,1598,2,2,10,1,10
2.02E+12,2,9,0,4,0,1,0,0,0,0,2,1,6,1,51,8,1997,1,16,7,2,7
2.02E+12,3,9,0,4,0,1,0,0,0,0,2,1,6,1,20,4,1229,1,11,2,1,2
2.02E+12,1,9,0,7,0,6,0,0,0,0,0,1,6,1,69,10,4554,1,21,5,3,5
2.02E+12,3,9,0,18,0,1,0,0,1,0,1,1,6,1,35,6,1997,2,9,7,2,7
2.02E+12,1,11,0,18,2,1,0,0,0,0,1,1,1,1,66,10,5132,2,1,6,1,6
2.02E+12,1,9,0,18,0,1,0,0,0,0,1,1,6,1,30,6,1988,1,15,4,1,4
2.02E+12,2,9,0,4,0,1,0,0,0,0,0,1,6,1,21,5,1995,2,5,9,1,9
2.02E+12,1,19,0,9,0,6,0,0,0,0,1,1,6,1,51,8,2987,2,9,10,1,10
2.02E+12,1,9,0,18,0,3,0,0,0,0,1,1,6,1,27,6,1796,1,10,3,1,3
2.02E+12,2,9,0,18,0,3,0,0,0,11,1,1,2,1,23,5,1560,2,6,10,1,10
2.02E+12,1,9,0,16,0,8,1,0,1,0,1,1,6,1,22,5,1242,1,9,10,2,10
2.02E+12,1,9,0,18,0,1,0,0,0,0,1,1,2,1,22,5,1984,1,16,6,1,6
2.02E+12,2,9,0,3,0,1,0,0,0,0,2,1,2,2,23,5,1242,1,1,10,2,10
2.02E+12,3,9,0,3,0,1,0,0,0,0,2,1,6,1,46,8,1968,2,9,10,1,10
2.02E+12,1,19,0,5,0,4,0,0,0,0,1,1,1,1,36,7,1248,2,4,9,2,9
2.02E+12,1,9,0,18,0,8,0,0,0,0,4,1,6,1,35,6,1685,2,3,7,1,7
2.02E+12,1,9,0,7,0,8,0,0,0,0,1,1,3,2,32,6,1560,2,12,4,1,4
2.02E+12,1,9,0,9,0,6,0,0,0,0,1,1,6,2,47,8,2496,1,12,4,1,4
2.02E+12,1,9,0,9,0,5,0,0,0,0,1,1,6,1,71,10,1840,1,19,1,1,1
2.02E+12,2,4,0,18,0,8,0,0,0,0,1,1,6,1,50,8,459,1,14,5,1,5
2.02E+12,1,19,0,5,0,2,0,0,0,0,4,1,1,1,33,6,2198,2,2,9,1,9
2.02E+12,2,5,0,18,0,5,0,0,0,0,4,1,6,1,42,7,599,1,18,10,1,10
2.02E+12,1,9,0,18,0,6,0,0,0,0,3,1,6,1,40,7,1596,1,11,9,3,9
2.02E+12,2,9,0,18,0,1,0,0,0,0,1,1,3,2,45,7,1598,1,4,5,1,5
2.02E+12,1,9,0,3,0,2,0,0,0,0,4,1,6,2,57,9,1398,1,1,7,1,7
2.02E+12,2,9,0,18,0,8,0,0,0,0,3,1,1,1,37,7,1997,2,2,1,1,1
2.02E+12,1,9,0,3,0,4,0,0,0,0,2,1,1,1,28,6,1997,2,4,4,1,4
2.02E+12,2,9,0,5,0,4,0,0,0,0,1,1,1,1,29,6,1896,2,15,4,1,4
2.02E+12,1,9,0,18,0,1,1,7,3,1,1,1,6,2,42,7,1599,1,14,10,1,10
2.02E+12,2,9,0,9,0,3,0,0,0,0,1,1,1,2,48,8,1461,2,2,6,1,6
2.02E+12,1,19,0,1,0,6,0,0,0,0,2,1,6,3,35,6,2402,2,11,4,1,4
2.02E+12,2,11,0,18,0,1,0,0,0,0,1,1,1,1,34,6,9360,2,6,2,1,2
2.02E+12,2,9,0,9,0,8,0,0,0,0,1,1,6,2,28,6,1997,2,10,1,1,1
2.02E+12,1,9,0,18,0,8,0,0,7,0,1,1,1,2,57,9,2493,1,19,3,1,3
2.02E+12,2,9,5,18,0,8,0,0,0,0,3,1,6,1,74,10,1997,1,2,7,2,7
2.02E+12,1,5,0,14,0,2,1,0,1,2,1,1,6,1,24,5,599,1,12,6,1,6
2.02E+12,2,9,0,18,0,1,0,0,0,0,1,1,6,2,78,11,1388,1,12,10,1,10
2.02E+12,3,9,0,10,0,8,0,0,0,0,0,1,6,2,66,10,1560,2,10,2,1,2
2.02E+12,4,5,0,13,0,2,0,0,0,0,0,1,6,1,24,5,599,1,9,10,1,10
2.02E+12,1,9,0,5,0,1,0,0,0,0,1,1,6,1,22,5,1368,1,7,8,1,8
2.02E+12,1,9,0,14,0,1,5,4,0,0,4,1,6,1,69,10,1527,2,14,9,3,9
2.02E+12,1,2,0,18,0,2,0,0,7,0,0,1,6,1,17,4,49,1,1,2,1,2
2.02E+12,1,9,0,4,0,6,0,0,1,11,1,1,6,2,58,9,3456,8,6,8,1,8
2.02E+12,2,9,0,18,0,1,0,0,0,0,1,1,6,1,22,5,1596,1,7,8,1,8
2.02E+12,1,9,0,9,0,6,0,0,0,0,1,1,6,2,42,7,1753,2,10,10,1,10
2.02E+12,2,9,0,18,0,1,0,0,0,0,1,1,6,1,88,11,1388,1,10,8,1,8
2.02E+12,1,9,0,7,0,2,0,0,0,0,1,1,6,2,31,6,1596,1,15,5,1,5
2.02E+12,2,9,0,18,0,2,0,0,0,0,4,1,6,1,58,9,1368,1,2,1,1,1
2.02E+12,1,9,0,18,0,8,0,0,0,0,1,1,6,1,30,6,998,1,8,6,1,6
2.02E+12,2,9,0,7,0,8,0,0,0,0,2,1,6,2,24,5,1360,1,12,7,1,7
2.02E+12,1,9,0,18,0,1,0,4,0,0,3,1,6,1,49,8,3199,1,18,7,1,7
2.02E+12,3,9,0,2,0,1,0,0,1,0,4,1,6,2,23,5,1388,1,14,6,1,6
2.02E+12,1,9,0,18,0,4,0,0,0,0,1,1,6,1,78,11,1395,1,2,9,2,9
2.02E+12,2,9,0,18,0,8,0,0,0,0,4,1,6,2,51,8,998,1,6,3,1,3
2.02E+12,1,9,0,18,0,4,0,0,0,0,1,1,6,2,63,9,1298,1,17,2,1,2
2.02E+12,2,9,0,18,0,4,0,0,0,0,2,1,6,1,45,7,2993,2,11,8,1,8
2.02E+12,1,9,0,18,0,1,0,0,0,0,1,1,6,1,18,4,1199,1,16,9,1,9
2.02E+12,2,9,0,18,0,1,0,0,0,0,1,1,2,1,50,8,1598,2,2,4,3,4
2.02E+12,1,9,0,7,0,1,0,0,0,0,1,1,6,1,48,8,1769,1,12,5,1,5
2.02E+12,1,9,0,9,0,8,0,0,0,0,1,1,6,2,29,6,1598,1,10,9,2,9
2.02E+12,2,5,0,10,0,1,0,0,0,0,1,1,6,1,36,7,954,1,13,10,1,10
2.02E+12,1,9,0,9,0,5,0,0,0,0,3,1,2,1,35,6,1364,1,2,5,1,5
2.02E+12,2,9,0,17,0,8,0,0,0,0,1,1,6,2,54,8,2401,2,11,10,1,10
2.02E+12,1,9,0,9,0,5,0,0,0,0,4,1,6,1,59,9,1591,1,1,9,1,9
2.02E+12,2,9,0,18,0,1,0,0,0,0,1,1,6,1,37,7,1242,1,6,8,1,8
2.02E+12,1,8,0,18,0,4,0,0,0,0,1,1,6,1,50,8,1956,2,4,5,1,5
2.02E+12,2,9,0,3,0,4,0,0,0,0,2,1,6,1,36,7,1995,2,11,4,1,4
2.02E+12,2,19,0,2,0,2,0,0,0,0,1,1,6,1,72,10,1686,2,9,10,1,10
2.02E+12,1,2,0,18,0,6,0,0,0,0,3,1,6,1,20,4,125,1,9,4,1,4
2.02E+12,2,9,0,18,0,8,0,0,0,0,1,1,6,1,63,9,2480,1,18,7,1,7
2.02E+12,1,9,0,9,0,8,0,0,0,0,1,1,6,1,18,4,1299,1,11,4,1,4
2.02E+12,2,9,0,18,0,8,0,0,0,0,1,1,6,2,40,7,1198,1,4,10,1,10
2.02E+12,2,9,0,3,0,1,0,0,0,0,0,1,6,2,23,5,1242,1,10,1,1,1
2.02E+12,1,20,0,1,0,5,0,0,0,0,2,1,6,1,36,7,4461,2,5,8,1,8
2.02E+12,2,9,0,18,0,2,0,0,1,10,3,1,6,1,63,9,1590,1,12,5,1,5
2.02E+12,1,19,0,18,0,3,0,0,0,0,1,1,2,1,24,5,2300,2,11,9,3,9
2.02E+12,2,9,0,3,0,2,0,0,0,0,2,1,1,1,50,8,1998,1,15,5,1,5
2.02E+12,3,9,0,3,0,2,0,0,0,0,2,1,2,2,39,7,1995,2,3,8,1,8
2.02E+12,1,9,0,7,0,5,0,0,0,0,4,1,6,2,60,9,998,1,3,1,1,1
2.02E+12,1,9,0,1,0,2,0,0,0,0,2,1,1,2,57,9,1995,2,3,7,3,7
2.02E+12,1,19,0,9,0,8,0,0,0,0,1,1,1,1,52,8,2402,2,15,4,1,4
2.02E+12,1,19,0,18,0,8,1,0,0,0,1,1,1,1,28,6,2300,2,11,3,1,3
2.02E+12,2,9,0,9,0,5,0,0,0,0,2,1,6,1,50,8,1390,1,18,9,2,9
2.02E+12,3,9,0,18,0,1,1,0,0,0,1,1,6,1,35,6,2191,2,1,9,2,9
2.02E+12,1,9,0,18,0,8,1,10,1,2,1,1,6,2,35,6,1598,1,11,5,1,5
2.02E+12,2,9,0,7,0,5,0,0,0,0,1,1,2,1,39,7,1242,1,2,3,1,3
2.02E+12,1,19,0,16,0,2,0,0,0,0,1,1,6,1,50,8,2198,2,9,3,1,3
2.02E+12,2,9,0,3,0,2,0,0,0,0,2,1,6,2,75,10,1497,1,17,8,1,8
2.02E+12,1,9,0,11,0,4,0,0,0,0,0,1,2,1,40,7,1798,1,3,10,1,10
2.02E+12,1,9,0,9,0,5,0,0,0,0,1,1,2,1,31,6,1388,1,15,5,1,5
2.02E+12,2,9,0,18,0,1,0,0,1,1,1,1,2,1,19,4,1198,1,9,6,3,6
2.02E+12,1,9,0,16,0,1,5,0,0,0,3,1,6,1,20,4,1299,1,16,6,2,6
2.02E+12,2,9,0,3,0,1,0,0,0,0,2,1,6,2,43,7,1968,2,2,3,1,3
2.02E+12,1,9,0,18,0,8,0,0,0,0,1,1,6,1,26,6,1124,1,13,3,1,3
2.02E+12,1,9,0,10,0,1,0,0,0,0,4,1,6,1,60,9,2967,2,2,6,1,6
2.02E+12,2,9,0,18,0,1,0,0,0,0,3,1,6,2,45,7,1999,2,10,8,1,8
2.02E+12,1,9,0,5,0,6,0,0,0,0,3,1,6,2,44,7,1999,1,12,9,2,9
2.02E+12,2,21,0,18,0,1,0,0,0,0,1,1,1,1,46,8,4461,2,6,3,1,3
2.02E+12,1,9,0,16,0,1,1,0,7,1,1,1,6,2,78,11,1598,1,12,8,3,8
2.02E+12,1,9,0,5,0,4,0,0,0,0,1,1,2,1,32,6,1975,1,17,2,1,2
2.02E+12,2,9,0,9,0,3,0,0,0,0,4,1,6,2,49,8,1248,1,3,5,1,5
2.02E+12,2,9,0,9,9,6,0,0,0,0,3,1,6,1,38,7,1598,2,1,8,1,8
2.02E+12,1,19,0,1,0,1,0,0,0,0,2,1,1,1,70,10,1870,2,13,9,3,9
2.02E+12,1,20,0,1,0,8,0,0,0,0,2,1,1,1,62,9,7790,2,11,1,1,1
2.02E+12,2,9,0,2,0,1,0,0,0,0,0,1,6,2,86,11,1598,1,16,10,1,10
2.02E+12,2,19,0,5,0,2,0,0,0,0,3,1,1,1,36,7,2402,2,15,3,1,3
2.02E+12,1,9,0,18,0,8,0,0,0,0,1,1,6,2,26,6,1598,1,4,9,1,9
2.02E+12,1,9,0,18,0,1,1,0,0,0,1,1,6,1,24,5,1229,1,7,3,1,3
2.02E+12,2,9,0,4,0,1,1,0,0,0,2,1,6,1,22,5,1839,1,21,6,1,6
2.02E+12,3,9,0,18,0,1,0,0,0,0,3,1,6,1,43,7,1840,1,19,3,1,3
2.02E+12,2,5,0,18,0,3,0,0,0,0,3,1,6,1,68,10,1450,1,13,9,2,9
2.02E+12,1,9,0,9,0,6,0,0,0,0,1,1,6,2,22,5,1399,2,9,1,1,1
2.02E+12,1,9,0,7,0,6,0,0,0,0,1,1,6,2,29,6,1560,2,4,5,1,5
2.02E+12,2,9,0,18,0,1,0,0,0,0,2,1,6,1,49,8,1598,1,10,4,1,4
2.02E+12,1,9,0,7,0,5,0,0,0,0,0,1,6,2,80,11,1587,1,11,5,1,5
2.02E+12,1,9,0,9,0,8,0,0,0,0,1,1,6,1,55,8,1998,1,11,4,1,4
2.02E+12,2,3,0,3,0,1,0,0,0,0,1,1,6,1,20,4,125,1,1,3,1,3
2.02E+12,1,9,0,16,0,8,0,0,7,1,1,1,6,2,79,11,1198,1,1,6,1,6
2.02E+12,1,9,0,9,0,5,0,0,0,0,3,1,6,1,34,6,1199,1,14,8,1,8
2.02E+12,1,9,0,9,0,5,0,0,0,0,4,1,6,2,35,6,1995,2,8,7,1,7
2.02E+12,2,9,0,18,0,1,0,0,0,0,4,1,6,2,29,6,1598,2,5,8,1,8
2.02E+12,1,9,0,18,0,1,0,0,0,0,1,1,6,1,18,4,1229,1,8,1,1,1
2.02E+12,2,19,0,3,0,1,0,0,0,0,0,1,6,1,38,7,1995,2,7,6,1,6
2.02E+12,1,9,0,18,0,6,0,0,3,1,1,1,6,1,43,7,1587,1,12,4,1,4
2.02E+12,2,9,0,18,0,8,0,0,0,0,1,1,6,1,30,6,1397,1,10,6,1,6
2.02E+12,1,9,0,9,0,6,0,0,0,0,3,1,6,2,55,8,1108,1,6,9,1,9
2.02E+12,2,5,0,17,0,8,0,0,0,0,1,1,6,1,50,8,903,1,5,4,1,4
2.02E+12,1,9,0,7,0,8,0,0,0,0,1,1,1,1,44,7,1998,1,15,9,3,9
2.02E+12,1,19,0,18,0,2,0,0,0,0,4,1,1,1,50,8,2198,2,4,3,1,3
2.02E+12,1,8,0,9,0,2,0,0,0,0,1,1,6,1,40,7,1596,1,11,2,1,2
2.02E+12,2,9,0,18,0,2,0,0,0,0,3,1,3,2,39,7,969,1,13,3,1,3
2.02E+12,1,9,0,18,0,4,0,0,0,0,1,1,6,1,69,10,1595,1,14,4,1,4
2.02E+12,2,9,0,18,0,4,0,0,0,0,1,1,1,2,35,6,1796,1,14,4,1,4
2.02E+12,1,9,0,18,0,1,0,0,0,0,4,1,6,2,30,6,1198,1,8,10,1,10
2.02E+12,2,9,0,4,0,1,0,0,0,0,3,1,6,2,33,6,1461,2,4,4,1,4
2.02E+12,2,9,0,10,0,6,0,0,0,0,2,1,6,1,29,6,1896,2,12,5,3,5
2.02E+12,1,9,0,7,0,6,0,0,0,0,1,1,6,1,46,8,1796,1,12,4,1,4
2.02E+12,2,9,0,7,0,6,0,0,0,0,2,1,6,2,49,8,1497,1,13,5,1,5
2.02E+12,1,8,0,9,0,6,0,0,0,0,3,1,1,1,52,8,1896,2,12,7,1,7
2.02E+12,1,9,0,18,0,1,0,0,0,0,1,1,6,1,35,6,1796,1,13,8,3,8
2.02E+12,2,9,0,3,0,1,0,0,0,0,2,1,6,2,53,8,1798,1,2,6,1,6
2.02E+12,1,9,0,18,0,2,0,0,0,0,1,1,6,2,35,6,1242,1,11,4,1,4
2.02E+12,2,9,0,4,0,2,0,0,0,0,2,1,6,1,58,9,1995,2,9,5,1,5
2.02E+12,1,9,0,7,0,3,0,0,0,0,4,1,6,2,58,9,1998,1,13,9,1,9
2.02E+12,2,9,0,18,0,8,0,0,0,0,1,1,6,2,29,6,1798,1,2,9,1,9
2.02E+12,1,5,0,13,0,8,0,0,0,0,1,1,2,1,45,7,745,1,4,6,3,6
2.02E+12,2,9,0,9,0,8,0,0,0,0,2,1,6,1,18,4,1388,1,13,9,1,9
2.02E+12,2,5,0,3,0,4,0,0,0,0,4,1,2,1,47,8,988,1,14,6,3,6
2.02E+12,1,9,0,5,0,6,0,0,0,0,1,1,6,2,53,8,1390,1,15,7,1,7
2.02E+12,2,9,0,18,0,8,0,0,7,11,3,1,6,2,75,10,1240,1,13,7,1,7
2.02E+12,1,3,0,9,0,2,0,0,3,11,1,1,6,2,52,8,124,1,13,7,1,7
2.02E+12,1,19,0,18,0,2,1,0,0,0,1,1,2,1,28,6,1998,2,12,3,1,3
2.02E+12,2,9,0,18,0,2,0,0,0,0,2,1,2,1,55,8,1248,1,1,3,1,3
2.02E+12,3,9,0,18,0,2,0,0,0,0,2,1,6,2,34,6,2198,1,9,1,1,1
2.02E+12,1,9,0,9,0,5,0,0,0,0,4,1,6,2,45,7,1598,1,5,4,1,4
2.02E+12,2,9,0,18,0,1,0,0,0,0,1,1,6,2,71,10,1596,1,6,8,3,8
2.02E+12,1,9,0,8,0,6,0,0,0,0,1,1,6,2,64,9,1198,1,14,8,1,8
2.02E+12,2,9,0,8,0,6,0,0,0,0,1,1,6,2,57,9,1199,1,15,2,1,2
2.02E+12,2,9,0,9,0,8,0,0,0,0,4,1,2,2,45,7,1997,2,3,9,1,9
2.02E+12,1,9,0,9,0,1,0,0,0,0,4,1,6,1,41,7,1910,2,10,5,1,5
2.02E+12,2,9,0,17,0,1,0,0,0,0,1,1,2,1,46,8,1560,2,3,4,1,4
2.02E+12,2,9,0,3,0,8,0,0,0,0,3,1,6,1,66,10,1794,1,11,1,1,1
2.02E+12,1,9,0,18,0,8,0,0,0,0,1,1,6,1,78,11,2495,2,17,9,1,9
2.02E+12,2,9,0,10,0,8,0,0,0,0,2,1,6,1,67,10,1796,1,12,5,3,5
2.02E+12,2,9,0,3,0,1,0,0,0,0,2,1,6,1,26,6,1108,1,12,8,1,8
2.02E+12,1,3,0,18,0,8,0,0,0,0,0,1,2,1,48,8,125,1,3,9,1,9
2.02E+12,2,9,0,3,0,1,0,0,0,0,1,1,6,1,39,7,2231,2,12,5,1,5
2.02E+12,1,9,0,18,0,1,0,0,0,0,1,1,6,1,30,6,1686,2,12,4,1,4
2.02E+12,1,9,0,9,9,5,0,0,0,0,1,1,6,1,91,11,1598,1,11,6,1,6
2.02E+12,1,5,0,18,0,3,0,10,0,0,0,1,6,1,54,8,892,1,17,5,3,5
2.02E+12,1,9,0,9,0,2,0,0,0,0,1,1,6,1,89,11,1596,1,16,4,1,4
2.02E+12,2,9,0,18,0,8,0,0,0,0,4,1,6,2,49,8,2199,2,5,7,1,7
2.02E+12,1,9,0,11,0,8,0,0,0,0,2,1,6,2,73,10,1997,1,5,7,1,7
2.02E+12,2,11,0,18,0,8,1,0,0,0,1,1,6,1,40,7,9600,2,16,7,2,7
2.02E+12,1,9,0,13,0,1,0,0,0,0,4,1,6,2,49,8,1689,2,16,8,3,8
2.02E+12,2,21,0,9,0,5,0,0,0,0,3,1,1,1,63,9,4009,2,6,3,1,3
2.02E+12,1,9,0,9,0,6,0,0,0,0,1,1,6,1,81,11,1587,1,12,9,3,9
2.02E+12,2,5,0,18,0,1,0,0,0,0,1,1,1,1,39,7,656,1,8,10,2,10
2.02E+12,1,9,0,9,0,6,0,0,3,10,3,1,6,2,18,4,1242,1,1,4,3,4
2.02E+12,2,9,0,18,0,1,0,0,0,0,1,1,1,1,29,6,1896,2,12,8,3,8
2.02E+12,1,9,0,4,0,1,0,0,0,0,1,1,6,1,17,4,1198,1,6,3,1,3
2.02E+12,2,9,0,3,0,1,0,0,0,0,2,1,6,2,48,8,1398,1,2,3,1,3
2.02E+12,1,9,0,9,0,5,0,0,0,0,3,1,6,1,19,4,1596,1,11,6,2,6
2.02E+12,2,9,0,18,0,1,0,0,0,0,1,1,6,2,38,7,1995,2,6,6,2,6
2.02E+12,1,9,0,18,9,1,0,0,0,0,0,1,6,2,76,11,1598,1,11,4,1,4
2.02E+12,2,11,0,18,0,2,0,0,0,0,0,1,6,1,33,6,5132,2,2,3,1,3
2.02E+12,1,9,0,16,0,8,0,0,0,0,1,1,6,1,67,10,3980,1,19,7,1,7
2.02E+12,2,9,0,17,0,8,0,0,0,0,1,1,6,2,46,8,1598,2,2,8,2,8
2.02E+12,1,9,0,18,0,1,0,0,0,0,1,1,6,1,77,11,1598,1,8,8,3,8
2.02E+12,2,9,0,10,0,8,0,0,0,0,2,1,6,1,74,10,2179,2,4,8,3,8
2.02E+12,1,9,0,5,0,8,0,0,7,2,3,1,6,2,61,9,1910,2,10,4,1,4
2.02E+12,2,9,0,18,0,8,0,0,7,10,4,1,1,1,51,8,2488,2,12,6,1,6
2.02E+12,1,9,0,1,0,2,0,0,0,0,2,1,1,1,29,6,1499,2,1,3,1,3
2.02E+12,1,9,0,18,0,8,0,0,7,0,1,1,6,2,40,7,1360,1,12,7,1,7
2.02E+12,2,9,0,18,0,8,0,0,1,0,1,1,6,2,77,11,1296,1,11,7,1,7
2.02E+12,1,9,0,18,0,1,0,0,0,0,1,1,6,2,17,4,1086,1,10,5,1,5
2.02E+12,2,19,0,10,0,5,0,0,0,0,2,1,1,1,58,9,1560,2,2,10,1,10
2.02E+12,1,19,0,18,0,3,0,0,0,0,3,1,6,2,38,7,1997,2,17,3,1,3
2.02E+12,2,9,0,18,0,3,0,0,0,0,4,1,6,2,34,6,2204,2,11,6,1,6
2.02E+12,1,9,0,9,0,2,0,0,0,0,3,1,6,1,19,4,1781,1,15,3,1,3
2.02E+12,2,9,0,18,0,1,0,0,0,0,1,1,6,1,49,8,1596,1,11,4,1,4
2.02E+12,1,9,0,9,0,5,0,0,0,0,1,1,6,1,37,7,2993,2,11,4,1,4
2.02E+12,2,3,0,13,0,1,0,0,0,0,1,1,1,1,23,5,125,1,4,2,1,2
2.02E+12,1,90,0,18,0,8,0,0,0,0,1,1,1,1,27,6,2987,2,4,4,1,4
2.02E+12,2,9,0,18,0,8,0,0,0,0,1,1,6,1,56,9,1461,2,1,6,1,6
2.02E+12,2,9,0,5,9,8,0,0,0,0,1,1,6,1,35,6,1124,1,12,9,1,9
2.02E+12,2,5,0,18,0,2,0,0,0,0,1,1,6,1,59,9,749,1,27,8,1,8
2.02E+12,2,9,0,18,0,8,0,0,0,0,3,1,6,2,60,9,1499,2,1,7,3,7
2.02E+12,1,9,0,18,0,1,0,0,0,0,1,1,6,2,67,10,1951,2,12,4,1,4
2.02E+12,1,9,0,18,0,8,0,0,5,6,4,1,1,2,22,5,1149,1,8,4,1,4
2.02E+12,1,9,0,16,0,1,0,7,0,2,1,1,6,1,37,7,1598,1,7,5,1,5
2.02E+12,1,9,0,4,0,1,0,0,0,0,1,1,6,2,70,10,1248,2,13,4,1,4
2.02E+12,2,9,0,3,0,1,0,0,0,0,2,1,6,1,34,6,1339,1,14,10,1,10
2.02E+12,1,9,0,18,0,2,0,0,0,0,1,1,1,2,54,8,1995,2,11,10,1,10
2.02E+12,2,19,0,18,0,1,0,0,0,0,3,1,1,1,38,7,1560,2,5,6,1,6
2.02E+12,1,9,0,18,0,2,0,7,0,2,1,1,6,1,44,7,1896,2,9,7,1,7