Accident_Index,Vehicle_Reference,Vehicle_Type,Towing_and_Articulation,Vehicle_Manoeuvre,Vehicle_Location-Restricted_Lane,Junction_Location,Skidding_and_Overturning,Hit_Object_in_Carriageway,Vehicle_Leaving_Carriageway,Hit_Object_off_Carriageway,1st_Point_of_Impact,Was_Vehicle_Left_Hand_Drive?,Journey_Purpose_of_Driver,Sex_of_Driver,Age_of_Driver,Age_Band_of_Driver,Engine_Capacity_(CC),Propulsion_Code,Age_of_Vehicle,Driver_IMD_Decile,Driver_Home_Area_Type,Vehicle_IMD_Decile
2.02E+12,1,9,0,18,0,6,1,0,0,0,1,1,6,1,26,6,1364,1,7,1,1,1
2.02E+12,2,9,0,3,0,6,0,0,0,0,2,1,1,1,33,6,1461,2,10,1,1,1
2.02E+12,2,9,0,4,0,1,0,0,0,0,2,1,6,1,32,6,1368,1,2,10,1,10
2.02E+12,1,9,0,7,0,6,0,0,0,0,1,1,6,1,83,11,1591,1,3,9,1,9
2.02E+12,1,9,0,9,0,5,0,0,0,0,1,1,6,2,22,5,1242,1,11,5,1,5
2.02E+12,1,9,0,7,0,6,0,0,0,0,3,1,6,2,45,7,1590,1,16,7,1,7
2.02E+12,1,8,0,7,0,1,0,0,0,0,4,1,1,1,74,10,1997,1,11,4,1,4
2.02E+12,1,9,0,11,0,3,0,0,0,0,1,1,6,1,25,5,1910,2,9,5,1,5
2.02E+12,1,9,0,9,0,1,0,0,0,0,3,1,6,1,63,9,1499,2,2,8,1,8
2.02E+12,2,3,0,18,0,1,0,0,0,0,4,1,2,1,21,5,125,1,1,4,1,4
2.02E+12,1,9,0,9,0,5,1,0,0,0,1,1,2,1,21,5,2979,1,4,10,1,10
2.02E+12,2,9,0,18,0,8,1,0,1,0,1,1,6,1,42,7,2191,2,4,6,1,6
2.02E+12,1,19,0,9,0,6,0,0,0,0,1,1,6,1,69,10,1896,2,20,7,1,7
2.02E+12,1,9,0,18,0,1,0,0,0,0,1,1,6,1,31,6,2993,2,5,7,3,7
2.02E+12,2,9,0,10,0,8,0,0,0,0,2,1,6,2,51,8,1124,1,18,10,1,10
2.02E+12,1,9,0,4,0,1,0,0,0,0,1,1,6,2,70,10,1598,1,7,8,3,8
2.02E+12,1,9,0,1,0,8,0,0,0,0,2,1,1,1,35,6,2993,2,1,4,1,4
2.02E+12,2,9,0,3,0,8,0,0,0,0,1,1,1,2,22,5,1496,2,1,8,1,8
2.02E+12,2,19,0,3,0,4,0,0,0,0,2,1,2,1,41,7,2198,2,5,3,1,3
2.02E+12,1,19,0,17,0,2,0,0,7,10,3,1,6,1,31,6,2198,2,8,10,1,10
2.02E+12,2,9,0,16,0,1,0,0,1,10,3,1,6,1,64,9,1968,2,2,7,1,7
2.02E+12,3,9,0,16,0,1,0,0,0,0,3,1,2,1,39,7,1599,1,13,2,1,2
2.02E+12,1,9,0,1,0,2,0,0,0,0,2,1,6,1,62,9,1339,1,11,8,1,8
2.02E+12,1,9,0,7,0,5,0,0,0,0,3,1,2,1,50,8,998,1,3,3,1,3
2.02E+12,2,9,0,18,0,8,0,0,0,0,1,1,2,1,52,8,1248,1,2,6,3,6
2.02E+12,1,19,0,7,0,3,1,0,7,0,1,1,1,1,54,8,2151,2,15,6,3,6
2.02E+12,1,5,0,18,0,1,0,0,0,0,1,1,6,1,60,9,998,1,10,7,1,7
2.02E+12,2,9,0,18,0,1,0,0,0,0,2,1,6,1,58,9,1461,2,3,10,1,10
2.02E+12,1,9,0,9,0,6,0,0,0,0,3,1,6,1,38,7,1596,1,14,6,1,6
2.02E+12,2,3,0,13,0,8,0,0,0,0,3,1,6,1,20,4,125,1,2,3,1,3
2.02E+12,3,9,0,18,0,8,0,0,0,0,3,1,6,1,49,8,1598,2,6,6,1,6
2.02E+12,2,9,0,14,0,8,0,0,0,0,4,1,6,1,35,6,1398,1,7,9,1,9
2.02E+12,1,9,0,4,0,4,0,0,0,0,1,1,6,1,50,8,1997,2,7,8,1,8
2.02E+12,1,9,0,18,0,1,0,0,0,0,4,1,6,1,17,4,1124,1,12,6,1,6
2.02E+12,2,9,0,18,0,8,0,0,0,0,1,1,6,1,84,11,1149,1,3,5,1,5
2.02E+12,1,9,0,5,0,6,0,0,0,0,3,1,6,2,59,9,1951,2,12,7,3,7
2.02E+12,1,11,0,4,0,1,0,0,0,0,1,1,6,1,28,6,3900,2,14,8,1,8
2.02E+12,2,9,0,3,0,1,0,0,0,0,2,1,6,1,30,6,1388,1,15,7,2,7
2.02E+12,1,19,0,9,0,5,0,0,0,0,1,1,1,1,56,9,1995,2,5,7,3,7
2.02E+12,2,9,0,18,0,8,0,0,0,0,1,1,3,2,32,6,2179,2,5,5,3,5
2.02E+12,1,9,0,9,0,1,0,0,0,0,3,1,6,2,66,10,1796,1,13,5,1,5
2.02E+12,1,3,0,7,0,6,1,0,0,0,3,1,6,2,28,6,125,1,1,6,3,6
2.02E+12,1,9,0,18,0,1,0,0,0,0,1,1,2,2,33,6,1388,1,10,10,1,10
2.02E+12,1,9,0,18,0,8,0,0,0,0,0,1,6,1,40,7,1348,1,16,10,1,10
2.02E+12,1,9,0,18,0,1,0,0,0,0,1,1,6,1,51,8,1798,1,7,8,1,8
2.02E+12,2,9,0,9,0,5,0,0,0,0,3,1,6,1,35,6,1998,1,14,7,1,7
2.02E+12,1,11,0,18,0,1,0,0,0,0,3,1,1,1,34,6,12000,2,14,8,1,8
2.02E+12,1,9,0,10,0,8,0,0,0,0,1,1,6,1,24,5,1968,2,6,5,1,5
2.02E+12,2,9,0,18,0,8,0,0,0,0,2,1,6,2,41,7,1197,1,5,9,1,9
2.02E+12,1,9,0,18,0,1,1,0,1,0,1,1,6,1,34,6,1390,1,7,8,1,8
2.02E+12,2,9,0,7,0,1,0,0,0,0,2,1,6,2,47,8,1198,1,2,8,3,8
2.02E+12,1,21,0,18,0,1,1,0,0,0,1,1,1,1,65,9,10837,2,3,6,3,6
2.02E+12,2,9,0,18,0,1,0,0,0,0,2,1,1,1,42,7,1896,2,14,8,1,8
2.02E+12,3,19,0,4,0,1,0,0,0,0,2,1,1,1,33,6,2198,2,6,2,1,2
2.02E+12,1,9,0,9,0,8,0,0,7,0,4,1,6,1,17,4,1149,1,14,9,1,9
2.02E+12,2,9,0,17,0,1,1,0,0,0,1,1,6,1,34,6,1398,2,14,8,3,8
2.02E+12,1,19,0,5,0,8,0,0,0,0,3,1,1,1,32,6,2402,2,17,3,1,3
2.02E+12,1,9,0,18,0,4,0,0,0,0,1,1,6,2,76,11,1200,1,1,6,3,6
2.02E+12,2,9,0,18,0,2,0,0,0,0,1,1,6,2,45,7,1896,2,16,6,1,6
2.02E+12,1,9,0,16,0,8,0,0,0,0,3,1,6,1,46,8,1999,1,8,6,2,6
2.02E+12,1,9,0,4,0,1,1,0,0,0,1,1,2,1,50,8,1332,1,19,5,2,5
2.02E+12,2,19,0,17,0,8,1,0,0,0,1,1,1,1,56,9,2463,2,11,7,3,7
2.02E+12,1,9,0,7,0,5,0,0,0,0,1,1,6,1,82,11,1560,2,10,8,3,8
2.02E+12,2,9,0,18,0,8,0,0,0,0,1,1,2,1,38,7,1242,1,5,9,1,9
2.02E+12,1,9,0,9,0,6,0,0,1,9,1,1,2,1,38,7,1296,1,11,6,3,6
2.02E+12,2,19,0,18,0,8,0,0,0,0,4,1,2,1,34,6,2464,2,9,8,1,8
2.02E+12,1,9,0,9,0,1,0,0,0,0,1,1,6,1,74,10,1461,2,2,9,1,9
2.02E+12,2,9,0,10,0,1,0,0,0,0,2,1,6,1,26,6,1598,1,15,5,1,5
2.02E+12,1,9,0,9,0,4,0,0,0,0,1,1,6,1,53,8,2400,2,7,4,1,4
2.02E+12,2,5,0,9,0,6,0,0,0,0,2,1,6,1,23,5,650,1,4,1,1,1
2.02E+12,1,9,0,3,0,1,0,0,0,0,3,1,6,1,55,8,1783,1,17,8,1,8
2.02E+12,2,3,0,14,0,1,0,0,0,0,3,1,6,1,21,5,124,1,12,8,1,8
2.02E+12,1,5,0,16,0,8,1,0,7,0,1,1,6,1,54,8,656,1,11,6,2,6
2.02E+12,1,9,0,18,0,1,0,0,0,0,4,1,6,1,24,5,1390,1,16,8,1,8
2.02E+12,1,9,0,18,0,1,0,0,0,0,1,1,6,1,38,7,1995,2,12,6,1,6
2.02E+12,2,5,0,9,0,1,0,0,0,0,2,1,1,1,34,6,998,1,2,6,1,6
2.02E+12,1,9,0,18,0,8,1,9,2,4,1,1,6,2,26,6,1339,1,4,3,1,3
2.02E+12,1,9,0,18,0,8,0,0,0,0,1,1,6,2,49,8,1598,1,10,4,1,4
2.02E+12,2,9,0,8,0,8,0,0,0,0,2,1,6,1,50,8,2900,1,32,9,1,9
2.02E+12,1,9,0,7,0,5,0,0,0,0,3,1,6,2,17,4,1388,1,13,2,1,2
2.02E+12,2,9,0,18,0,8,0,0,0,0,1,1,6,1,21,5,1995,2,10,3,1,3
2.02E+12,1,4,0,13,0,8,1,0,0,0,1,1,6,1,70,10,750,1,26,6,3,6
2.02E+12,1,9,0,9,0,6,0,0,0,0,3,1,6,2,26,6,1199,1,13,3,1,3
2.02E+12,1,9,0,16,0,1,0,0,0,0,1,1,6,1,76,11,1794,1,12,4,1,4
2.02E+12,2,9,0,18,0,1,0,0,0,0,1,1,6,1,58,9,2494,1,17,6,1,6
2.02E+12,1,9,0,9,0,6,0,0,7,1,3,1,1,2,30,6,2204,2,11,6,3,6
2.02E+12,2,9,0,18,0,8,0,0,7,0,1,1,6,1,20,4,1398,1,15,9,2,9
2.02E+12,1,9,0,18,0,8,0,0,0,0,1,1,2,1,41,7,996,1,8,7,3,7
2.02E+12,2,19,0,7,0,5,0,0,0,0,2,1,2,1,28,6,2488,2,1,7,1,7
2.02E+12,1,9,0,18,0,8,0,0,0,0,4,1,6,2,59,9,1797,8,8,8,3,8
2.02E+12,1,19,0,18,0,1,0,0,0,0,1,1,6,1,23,5,1753,2,5,1,1,1
2.02E+12,2,9,0,18,0,1,0,0,0,0,2,1,6,2,33,6,1598,1,5,9,1,9
2.02E+12,1,9,0,18,0,1,0,0,0,0,2,1,6,2,66,10,1328,1,11,8,1,8
2.02E+12,2,9,0,3,0,1,0,0,0,0,2,1,6,2,35,6,1242,1,15,8,1,8
2.02E+12,1,9,0,6,0,2,0,0,0,0,3,1,6,2,75,10,1968,2,8,2,1,2
2.02E+12,1,21,0,8,0,1,0,0,0,0,1,1,1,1,32,6,9290,2,5,6,1,6
2.02E+12,1,9,0,18,0,1,0,0,0,0,1,1,6,1,35,6,1968,2,2,10,1,10
2.02E+12,2,9,0,4,0,1,0,0,0,0,2,1,6,1,45,7,1968,2,4,10,1,10
2.02E+12,3,9,0,10,0,5,0,0,0,0,2,1,6,1,29,6,1560,2,6,9,2,9
2.02E+12,1,9,0,18,0,8,0,0,0,0,3,1,6,2,53,8,2993,2,6,9,1,9
2.02E+12,2,19,0,18,0,8,0,0,1,11,3,1,1,1,47,8,2143,2,6,6,1,6
2.02E+12,2,9,0,4,0,1,0,0,0,0,2,1,6,2,26,6,1596,1,11,7,1,7
2.02E+12,3,9,0,10,0,1,0,0,0,0,2,1,6,2,52,8,1995,2,4,10,3,10
2.02E+12,1,9,0,5,0,6,0,0,0,0,1,1,2,2,41,7,1398,1,3,6,1,6
2.02E+12,2,9,0,18,0,1,5,0,0,0,1,1,2,2,30,6,998,1,1,4,1,4
2.02E+12,1,9,0,17,0,8,5,0,7,11,1,1,6,1,31,6,1124,1,15,8,1,8
2.02E+12,1,11,0,18,0,1,0,0,0,0,0,1,1,1,53,8,4500,2,5,1,1,1
2.02E+12,1,9,0,1,0,2,0,0,0,10,2,1,6,2,71,10,1798,1,14,10,1,10
2.02E+12,2,9,0,2,9,2,0,0,0,0,2,1,6,1,39,7,1390,1,16,8,1,8
2.02E+12,1,10,0,1,0,8,0,0,0,0,2,1,1,2,41,7,2987,2,6,5,1,5
2.02E+12,2,9,0,3,0,1,0,0,0,0,1,1,6,1,40,7,1956,2,8,4,1,4
2.02E+12,1,9,0,7,0,8,0,0,0,0,3,1,6,2,25,5,1997,2,8,7,2,7
2.02E+12,2,5,0,18,0,8,1,0,0,0,1,1,6,1,45,7,999,1,4,7,1,7
2.02E+12,1,19,0,18,0,4,0,0,0,0,3,1,2,1,40,7,1995,2,1,8,1,8
2.02E+12,1,8,0,9,0,6,0,0,0,0,3,1,6,2,61,9,1497,1,14,4,1,4
2.02E+12,1,9,0,3,0,1,0,0,0,0,4,1,6,1,42,7,1968,2,9,1,1,1
2.02E+12,2,9,0,4,0,1,0,0,0,0,3,1,6,2,31,6,1329,1,6,5,1,5
2.02E+12,1,9,0,18,0,1,0,0,0,0,1,1,6,2,80,11,1761,1,17,5,3,5
2.02E+12,2,9,0,10,0,8,0,0,0,0,2,1,6,2,84,11,1242,1,3,5,3,5
2.02E+12,1,9,0,18,0,8,0,0,0,0,3,1,6,2,44,7,1200,1,1,7,1,7
2.02E+12,2,9,0,9,0,8,0,0,0,0,4,1,2,2,27,6,1242,1,3,7,1,7
2.02E+12,1,9,0,5,0,1,0,0,0,0,1,1,6,2,36,7,2987,2,6,8,1,8
2.02E+12,1,9,0,9,0,5,0,0,0,0,1,1,6,2,26,6,1560,2,2,2,1,2
2.02E+12,1,9,0,9,0,5,0,0,0,0,3,1,6,1,28,6,1240,1,13,3,1,3
2.02E+12,2,3,0,18,0,8,0,0,0,0,3,1,6,1,17,4,124,1,7,2,1,2
2.02E+12,1,9,0,5,0,2,0,0,0,0,3,1,6,1,53,8,1598,1,10,6,1,6
2.02E+12,2,5,0,5,0,2,0,0,0,0,4,1,6,2,44,7,636,1,3,6,1,6
2.02E+12,1,9,0,18,0,8,0,0,0,0,1,1,6,1,71,10,1299,1,12,10,1,10
2.02E+12,2,9,0,18,0,8,0,0,0,0,3,1,6,1,38,7,1197,1,3,7,1,7
2.02E+12,2,4,0,18,0,1,0,0,0,0,1,1,6,1,20,4,645,1,13,4,2,4
2.02E+12,1,9,0,18,0,1,0,0,0,0,1,1,6,2,19,4,1395,1,1,7,1,7
2.02E+12,2,9,0,5,0,6,0,0,0,0,2,1,6,2,46,8,1329,1,2,8,1,8
2.02E+12,1,9,0,5,0,4,0,0,0,0,3,1,6,1,42,7,1999,2,11,10,2,10
2.02E+12,1,11,0,18,0,8,0,0,0,0,1,1,1,1,47,8,9400,2,12,3,1,3
2.02E+12,2,9,0,7,0,5,0,0,0,0,2,1,6,2,29,6,1390,1,6,3,1,3
2.02E+12,1,9,0,18,0,1,1,0,0,0,1,1,2,2,30,6,1984,1,1,10,1,10
2.02E+12,2,9,0,4,0,1,0,0,0,0,2,1,2,2,40,7,2987,2,9,7,1,7
2.02E+12,3,9,0,4,0,1,0,0,0,0,2,1,2,2,21,5,998,1,16,9,1,9
2.02E+12,2,19,0,4,0,1,0,0,0,0,1,1,2,1,50,8,1968,2,3,8,1,8
2.02E+12,1,19,0,7,0,3,0,0,0,0,0,1,1,1,34,6,1753,2,12,7,1,7
2.02E+12,1,9,0,16,0,8,0,0,7,0,2,1,6,2,47,8,1495,1,8,4,1,4
2.02E+12,2,9,0,3,0,8,0,0,7,0,1,1,6,1,64,9,1390,1,14,10,1,10
2.02E+12,1,9,0,18,0,2,0,0,0,0,1,1,6,2,37,7,2497,2,12,2,1,2
2.02E+12,1,19,0,9,0,5,0,0,0,0,4,1,1,1,45,7,1995,2,4,6,3,6
2.02E+12,2,5,0,17,0,8,0,0,1,0,1,1,6,1,57,9,900,1,18,5,3,5
2.02E+12,1,9,0,9,0,2,0,0,0,0,1,1,6,2,27,6,1229,1,6,3,1,3
2.02E+12,1,9,0,7,4,8,0,0,0,0,4,1,6,1,40,7,1360,1,13,2,1,2
2.02E+12,1,9,0,18,0,1,0,0,0,0,1,1,6,2,67,10,1686,2,14,3,3,3
2.02E+12,2,9,0,18,0,1,0,0,0,0,1,1,6,2,38,7,1995,2,2,5,3,5
2.02E+12,1,9,0,9,0,6,0,0,0,0,3,1,6,2,67,10,2521,1,10,3,1,3
2.02E+12,2,9,0,18,0,1,0,0,0,0,1,1,6,2,26,6,1400,1,17,7,1,7
2.02E+12,1,9,0,18,0,8,0,0,0,0,1,1,6,1,50,8,3498,1,4,10,1,10
2.02E+12,2,9,0,3,0,8,0,0,0,0,2,1,6,1,50,8,1769,1,16,3,1,3
2.02E+12,1,9,0,18,0,2,0,0,0,0,3,1,6,1,81,11,2500,2,19,9,1,9
2.02E+12,1,9,0,18,0,8,0,0,0,0,1,1,6,1,49,8,6208,1,5,7,1,7
2.02E+12,1,11,0,9,0,8,0,0,0,0,1,1,1,1,36,7,9360,2,4,9,1,9
2.02E+12,2,3,0,18,0,8,0,0,0,0,1,1,1,1,44,7,125,1,4,8,1,8
2.02E+12,1,9,0,18,0,4,0,0,0,0,1,1,6,2,53,8,1229,1,5,4,1,4
2.02E+12,2,9,0,18,0,1,0,0,0,0,1,1,6,1,50,8,1998,2,11,5,1,5
2.02E+12,1,9,0,7,0,3,0,0,0,0,1,1,6,2,68,10,998,1,16,4,1,4
2.02E+12,2,9,0,9,0,3,0,0,0,0,2,1,6,2,45,7,1997,2,2,9,1,9
2.02E+12,1,9,0,18,0,8,0,0,0,0,1,1,6,1,40,7,1986,2,10,10,1,10
2.02E+12,2,9,0,18,0,8,0,0,0,0,3,1,6,2,69,10,1600,2,8,7,3,7
2.02E+12,1,9,0,17,0,2,2,10,1,4,3,1,2,1,29,6,1329,1,4,6,1,6
2.02E+12,1,3,0,18,0,1,0,0,0,0,1,1,6,1,18,4,124,1,1,7,3,7
2.02E+12,2,9,0,3,0,1,0,0,0,0,2,1,6,1,63,9,2191,2,2,9,1,9
2.02E+12,3,9,0,10,0,6,0,0,0,0,0,1,6,1,68,10,1998,2,12,7,3,7
2.02E+12,1,9,0,9,0,2,0,0,0,0,1,1,6,1,51,8,996,1,2,3,1,3
2.02E+12,1,9,0,18,0,8,0,0,0,0,1,1,6,2,33,6,1596,1,8,7,1,7
2.02E+12,2,9,0,18,0,8,0,0,0,0,3,1,6,1,75,10,1360,1,12,9,1,9
2.02E+12,3,20,0,18,0,1,0,0,7,9,1,1,1,1,56,9,4500,2,2,7,3,7
2.02E+12,1,11,0,4,0,1,0,0,0,0,0,1,1,1,55,8,4500,2,7,2,1,2
2.02E+12,1,9,0,5,0,4,0,0,0,0,1,1,6,2,77,11,1199,1,14,6,3,6
2.02E+12,1,9,0,7,0,6,0,0,0,0,1,1,1,2,58,9,1339,1,11,5,1,5
2.02E+12,2,9,0,18,0,8,0,0,0,0,1,1,6,1,82,11,998,1,3,10,1,10
2.02E+12,1,9,0,18,0,8,0,4,1,11,1,1,6,2,64,9,998,1,2,5,1,5
2.02E+12,2,9,0,5,0,1,0,0,0,0,2,1,6,1,17,4,2000,2,8,5,1,5
2.02E+12,1,9,0,16,0,4,0,0,0,0,1,1,6,1,23,5,1398,1,1,10,1,10
2.02E+12,2,9,0,6,0,8,0,0,0,0,4,1,6,1,23,5,4395,1,4,5,1,5
2.02E+12,1,9,0,9,0,1,0,0,0,0,1,1,1,1,43,7,1998,1,10,1,1,1
2.02E+12,1,9,0,13,0,2,0,0,0,0,4,1,6,2,60,9,1997,1,3,6,1,6
2.02E+12,1,8,0,18,0,1,0,0,0,0,0,1,6,2,80,11,998,1,8,6,1,6
2.02E+12,2,9,0,10,0,1,0,0,0,0,0,1,1,2,42,7,999,1,13,1,1,1
2.02E+12,2,9,0,3,0,8,0,0,0,0,2,1,6,2,24,5,1598,1,7,6,1,6
2.02E+12,3,9,0,3,0,8,0,0,0,0,2,1,1,1,20,4,998,1,17,4,1,4
2.02E+12,1,8,0,9,0,2,0,0,0,0,1,1,1,1,51,8,1598,2,6,4,1,4
2.02E+12,1,9,0,5,0,2,0,0,0,0,4,1,6,1,70,10,3614,1,7,6,1,6
2.02E+12,2,9,0,18,0,1,0,0,0,0,4,1,6,2,50,8,1242,1,5,4,1,4
2.02E+12,1,9,0,3,0,6,0,0,0,0,1,1,6,2,49,8,1586,1,11,6,1,6
2.02E+12,2,9,0,3,0,6,0,0,0,0,2,1,6,2,34,6,1498,1,7,6,1,6
2.02E+12,1,9,0,18,0,1,0,0,0,0,1,1,6,2,70,10,1364,1,1,5,3,5
2.02E+12,2,9,0,18,0,1,0,0,0,0,2,1,6,2,51,8,1199,1,15,10,1,10
2.02E+12,1,9,0,18,0,8,0,0,0,0,1,1,6,2,69,10,1498,1,1,8,1,8
2.02E+12,2,9,0,18,0,8,0,0,0,0,1,1,6,1,56,9,6208,1,5,8,1,8
2.02E+12,1,21,0,9,0,5,0,0,0,0,4,1,1,1,66,10,12777,2,3,6,1,6
2.02E+12,2,9,0,18,0,8,1,0,0,0,1,1,6,2,36,7,1989,1,17,5,3,5
2.02E+12,2,9,0,18,0,1,0,0,0,0,1,1,6,2,32,6,1796,1,17,3,1,3
2.02E+12,1,9,0,16,0,3,0,0,4,11,1,1,6,2,60,9,1200,1,1,8,1,8
2.02E+12,1,9,0,7,0,3,0,0,0,0,3,1,6,1,64,9,1781,1,16,6,1,6
2.02E+12,1,9,0,9,0,4,0,0,0,0,3,1,6,1,80,11,1299,1,16,1,1,1
2.02E+12,2,9,0,18,0,8,0,0,0,0,1,1,2,1,35,6,1896,2,12,2,1,2
2.02E+12,1,9,0,18,0,1,0,0,0,0,1,1,6,1,78,11,1390,1,19,6,1,6
2.02E+12,2,9,0,10,0,1,0,0,0,0,2,1,6,1,69,10,1596,1,12,8,1,8
2.02E+12,1,9,0,5,0,2,0,0,0,0,3,1,6,2,46,8,1349,1,6,7,1,7
2.02E+12,1,9,0,1,9,6,0,0,0,0,2,1,6,1,47,8,1149,1,8,10,1,10
2.02E+12,1,9,0,18,0,1,0,0,0,0,1,1,6,1,48,8,1951,2,12,4,1,4
2.02E+12,2,8,0,9,0,5,0,0,0,0,2,1,1,1,36,7,1896,2,7,3,1,3
2.02E+12,1,9,0,18,0,1,0,0,0,10,1,1,6,1,79,11,698,1,10,8,2,8
2.02E+12,1,9,0,18,0,1,1,0,1,0,3,1,6,1,38,7,3200,1,11,10,1,10
2.02E+12,2,9,0,18,0,2,0,0,0,0,3,1,2,2,48,8,2179,2,8,3,1,3
2.02E+12,1,9,0,9,0,6,0,0,0,0,4,1,1,1,56,9,1396,1,8,6,1,6
2.02E+12,2,9,0,18,0,8,0,0,0,0,1,1,6,1,33,6,1796,1,13,4,1,4
2.02E+12,1,9,0,14,0,2,0,0,0,0,4,1,6,1,48,8,1968,2,10,10,1,10
2.02E+12,2,9,0,3,0,2,0,0,0,0,3,1,6,1,21,5,1364,1,9,5,1,5
2.02E+12,2,9,0,9,0,8,0,0,0,0,3,1,2,2,59,9,1598,1,5,8,1,8
2.02E+12,1,9,0,1,0,5,0,0,0,0,2,1,6,1,68,10,1248,1,8,10,2,10
2.02E+12,2,9,0,18,0,2,0,0,0,0,3,1,6,2,65,9,875,1,4,9,1,9
2.02E+12,1,9,0,18,0,1,1,0,1,11,1,1,6,3,26,6,1968,2,10,2,1,2
2.02E+12,3,9,0,3,0,1,0,0,0,0,2,1,6,1,59,9,1956,2,1,3,1,3
2.02E+12,4,9,0,3,0,1,0,0,0,0,2,1,6,1,53,8,1198,1,2,2,1,2
2.02E+12,1,19,0,18,0,1,0,4,0,0,1,1,6,1,56,9,2402,2,7,4,1,4
2.02E+12,2,19,0,2,0,1,0,0,0,0,1,1,6,1,40,7,1870,2,16,1,1,1
2.02E+12,1,9,0,18,0,4,0,0,0,0,1,1,6,2,42,7,1598,1,14,5,1,5
2.02E+12,2,9,0,9,0,3,0,0,0,0,4,1,6,2,40,7,1968,2,4,3,1,3
2.02E+12,1,9,0,9,0,6,0,0,1,0,4,1,6,2,55,8,1229,1,3,8,1,8
2.02E+12,1,3,0,7,0,5,0,0,0,0,4,1,1,1,31,6,125,1,2,8,1,8
2.02E+12,1,9,0,18,0,8,0,0,0,0,4,1,6,2,63,9,1796,1,15,5,1,5
2.02E+12,1,9,0,9,0,6,0,0,0,0,1,1,6,1,30,6,1896,2,8,4,1,4
2.02E+12,2,3,0,18,0,8,1,0,0,0,1,1,6,1,30,6,98,1,12,7,1,7
2.02E+12,2,9,0,7,0,1,0,0,0,0,4,1,6,1,60,9,1360,1,11,1,1,1
2.02E+12,1,9,0,9,0,8,0,0,0,0,1,1,6,2,34,6,1587,1,12,3,1,3
2.02E+12,2,3,0,18,0,1,0,0,0,0,1,1,6,1,19,4,125,1,2,4,1,4
2.02E+12,1,9,0,18,0,4,0,10,0,0,3,1,6,1,23,5,1685,2,1,1,1,1
2.02E+12,2,9,0,18,0,4,0,0,0,0,1,1,6,2,31,6,1598,1,5,4,1,4
2.02E+12,1,9,0,9,0,6,0,0,0,0,1,1,6,1,42,7,1997,2,4,8,1,8
2.02E+12,2,3,0,18,0,1,0,0,0,0,1,1,6,1,17,4,125,1,5,5,1,5
2.02E+12,1,9,0,7,0,4,0,0,0,0,1,1,1,1,44,7,1560,2,7,8,1,8
2.02E+12,1,3,0,5,0,4,0,0,0,0,1,1,6,1,48,8,124,1,1,1,1,1
2.02E+12,2,8,0,18,0,3,0,0,0,0,2,1,1,1,33,6,1968,2,4,4,1,4
2.02E+12,1,9,0,9,0,6,0,0,0,0,1,1,6,2,37,7,2400,2,5,8,3,8
2.02E+12,2,3,0,18,0,8,0,0,0,0,4,1,6,2,23,5,125,1,1,6,2,6
2.02E+12,1,9,0,4,0,1,0,0,0,0,1,1,1,1,31,6,1995,2,12,5,1,5
2.02E+12,2,9,0,4,0,1,0,0,0,0,2,1,1,1,62,9,1396,1,13,8,1,8
2.02E+12,3,9,0,4,0,1,0,0,0,0,2,1,1,2,42,7,1598,1,9,7,1,7
2.02E+12,4,9,0,9,0,5,0,0,0,0,0,1,6,1,53,8,1783,1,18,2,1,2
2.02E+12,1,5,0,17,0,8,1,0,1,5,3,1,6,1,23,5,599,1,16,10,1,10
2.02E+12,1,9,0,18,0,6,0,0,0,0,1,1,6,2,50,8,1968,2,4,5,3,5
2.02E+12,2,9,0,18,0,8,5,0,7,10,4,1,6,2,40,7,1197,1,1,4,1,4
2.02E+12,1,9,0,7,0,6,0,0,0,0,1,1,2,1,43,7,1198,1,9,8,1,8
2.02E+12,1,9,0,9,0,8,0,0,0,0,1,1,6,1,63,9,2204,2,10,6,1,6
2.02E+12,2,9,0,18,0,8,0,0,0,0,4,1,6,1,68,10,1461,2,1,10,1,10
2.02E+12,1,9,0,13,0,8,0,0,7,4,3,1,6,1,35,6,1984,1,14,4,1,4
2.02E+12,1,9,0,18,0,1,0,0,0,0,1,1,2,1,23,5,1596,1,10,4,1,4
2.02E+12,2,9,0,3,0,1,0,0,0,0,2,1,2,1,26,6,998,1,4,4,1,4
2.02E+12,3,9,0,3,0,1,0,0,0,0,2,1,1,1,48,8,1997,2,13,1,1,1
2.02E+12,1,9,0,18,0,4,0,0,0,0,1,1,6,1,23,5,1388,1,10,10,1,10
2.02E+12,2,9,0,8,0,4,0,0,0,0,2,1,6,2,24,5,1995,2,7,5,3,5
2.02E+12,1,9,0,15,2,8,0,0,0,0,1,1,6,1,45,7,1560,2,4,4,1,4
2.02E+12,2,3,0,7,2,1,0,0,0,0,4,1,6,1,18,4,124,1,12,1,1,1
2.02E+12,1,9,0,18,0,8,0,0,0,0,1,1,6,1,42,7,1560,2,6,7,2,7
2.02E+12,2,5,0,18,0,8,0,0,0,0,3,1,2,1,39,7,999,1,1,10,1,10
2.02E+12,1,9,0,18,9,6,0,0,0,0,1,1,6,1,30,6,1390,1,11,8,1,8
2.02E+12,1,9,0,18,0,1,0,0,4,0,1,1,6,2,32,6,1390,1,9,3,1,3