Accident_Index,Vehicle_Reference,Vehicle_Type,Towing_and_Articulation,Vehicle_Manoeuvre,Vehicle_Location-Restricted_Lane,Junction_Location,Skidding_and_Overturning,Hit_Object_in_Carriageway,Vehicle_Leaving_Carriageway,Hit_Object_off_Carriageway,1st_Point_of_Impact,Was_Vehicle_Left_Hand_Drive?,Journey_Purpose_of_Driver,Sex_of_Driver,Age_of_Driver,Age_Band_of_Driver,Engine_Capacity_(CC),Propulsion_Code,Age_of_Vehicle,Driver_IMD_Decile,Driver_Home_Area_Type,Vehicle_IMD_Decile
2.02E+12,2,9,0,18,0,1,0,0,0,0,2,1,6,2,25,5,2755,2,1,10,1,10
2.02E+12,3,9,0,18,0,1,0,0,0,0,2,1,6,1,22,5,1598,1,3,6,1,6
2.02E+12,4,9,0,18,0,1,0,0,0,0,2,1,6,2,27,6,998,1,4,9,1,9
2.02E+12,2,9,0,18,0,8,0,0,0,0,0,1,6,1,58,9,1596,1,3,6,1,6
2.02E+12,3,8,0,18,0,8,0,0,0,0,2,1,1,1,69,10,2499,2,6,8,1,8
2.02E+12,4,9,0,18,0,8,1,0,0,0,1,1,1,2,25,5,2982,2,15,9,3,9
2.02E+12,1,5,0,18,0,8,0,0,0,0,1,1,6,1,38,7,749,1,13,10,1,10
2.02E+12,1,9,0,18,0,4,1,10,0,0,1,1,6,1,34,6,1995,2,9,5,1,5
2.02E+12,2,9,0,4,0,4,0,0,0,0,2,1,6,2,52,8,998,1,2,6,1,6
2.02E+12,1,9,0,9,0,8,0,0,0,0,1,1,6,2,92,11,1390,1,5,6,1,6
2.02E+12,2,3,0,18,0,8,0,0,0,0,4,1,1,1,35,6,125,1,3,4,1,4
2.02E+12,1,9,0,1,0,1,0,0,0,0,2,1,6,1,23,5,1781,1,15,2,1,2
2.02E+12,2,9,0,18,0,1,0,0,0,0,1,1,6,2,26,6,1598,1,3,2,1,2
2.02E+12,1,9,0,18,0,2,0,0,0,0,1,1,6,1,49,8,1598,1,14,9,1,9
2.02E+12,2,9,0,18,0,2,0,0,0,0,1,1,6,1,30,6,1796,1,7,8,1,8
2.02E+12,1,9,0,9,0,6,0,0,0,0,1,1,6,1,30,6,1998,2,9,8,1,8
2.02E+12,2,9,0,18,0,8,0,0,0,0,3,1,6,1,26,6,1499,2,1,4,1,4
2.02E+12,1,19,0,18,0,1,1,0,0,0,1,1,1,1,50,8,2198,2,1,8,1,8
2.02E+12,2,9,0,3,0,1,0,0,0,0,2,1,6,2,26,6,1590,1,12,5,1,5
2.02E+12,3,9,0,10,0,1,0,0,0,0,2,1,6,1,55,8,998,1,17,6,1,6
2.02E+12,2,9,0,18,0,8,0,0,1,0,0,1,6,1,67,10,999,1,4,7,1,7
2.02E+12,1,8,0,18,0,1,0,0,0,0,4,1,1,1,40,7,2402,2,14,3,1,3
2.02E+12,1,9,0,13,0,8,1,0,7,4,1,1,6,2,41,7,998,1,2,6,3,6
2.02E+12,2,9,0,9,0,5,0,0,7,0,3,1,6,2,40,7,1796,1,9,9,1,9
2.02E+12,1,9,0,15,0,2,0,0,0,0,1,1,6,2,57,9,1398,2,5,5,2,5
2.02E+12,1,9,0,18,0,8,0,0,5,6,1,1,6,2,33,6,1242,1,14,4,1,4
2.02E+12,3,9,0,18,0,8,0,0,0,0,1,1,6,1,26,6,1910,2,12,10,1,10
2.02E+12,1,9,0,9,0,3,0,0,0,0,1,1,6,1,69,10,998,1,9,6,1,6
2.02E+12,3,9,0,18,0,4,0,0,0,0,3,1,6,2,36,7,1339,1,10,10,1,10
2.02E+12,2,11,0,18,2,8,0,0,1,5,1,1,1,1,47,8,9200,2,7,3,1,3
2.02E+12,2,9,0,4,0,1,0,0,0,0,3,1,6,1,92,11,1388,1,12,10,1,10
2.02E+12,1,9,0,14,0,2,0,0,0,0,1,1,6,1,31,6,1995,2,13,8,3,8
2.02E+12,2,9,0,18,0,1,0,0,0,0,1,1,6,2,28,6,1984,1,12,10,1,10
2.02E+12,1,9,0,7,9,2,1,0,3,11,1,1,2,2,21,5,1124,1,14,5,3,5
2.02E+12,1,2,0,13,0,1,0,0,0,0,4,1,2,1,22,5,49,1,12,7,1,7
2.02E+12,2,9,0,9,0,1,0,0,0,0,3,1,2,2,53,8,1197,1,4,3,1,3
2.02E+12,1,8,0,18,0,1,0,0,0,0,1,1,1,1,41,7,1910,2,9,1,1,1
2.02E+12,2,2,0,18,0,1,0,0,0,0,1,1,6,1,49,8,49,1,6,4,1,4
2.02E+12,1,4,0,18,0,2,1,10,7,10,1,1,6,1,21,5,124,1,2,5,1,5
2.02E+12,1,9,0,5,0,8,0,0,0,0,1,1,6,1,50,8,1490,1,13,4,1,4
2.02E+12,2,11,0,5,2,8,0,0,7,0,3,1,1,1,42,7,7300,2,3,6,1,6
2.02E+12,1,9,0,9,0,8,0,0,0,0,1,1,6,2,53,8,1498,1,9,10,3,10
2.02E+12,2,9,0,15,0,8,0,0,0,0,1,1,6,2,74,10,1968,2,1,6,3,6
2.02E+12,1,5,0,17,0,8,1,0,0,0,1,1,6,1,35,6,998,1,8,6,1,6
2.02E+12,1,9,0,18,0,4,0,0,0,0,0,1,2,1,49,8,2400,2,4,6,1,6
2.02E+12,2,2,0,18,0,8,0,0,0,0,3,1,2,1,38,7,49,1,3,4,1,4
2.02E+12,2,9,0,18,0,8,0,0,0,0,1,1,6,1,32,6,1783,1,15,6,1,6
2.02E+12,3,19,0,18,0,8,0,0,0,0,1,1,1,1,46,8,2198,2,2,7,1,7
2.02E+12,4,9,0,18,0,8,0,0,0,0,1,1,6,1,36,7,1896,2,13,8,1,8
2.02E+12,2,9,0,2,0,2,0,0,0,0,3,1,2,2,49,8,1595,1,14,4,1,4
2.02E+12,2,4,0,10,0,1,0,0,0,0,2,1,2,2,22,5,696,1,5,10,1,10
2.02E+12,2,9,0,5,9,6,0,0,0,0,1,1,6,1,38,7,1968,2,4,6,1,6
2.02E+12,1,9,0,11,0,1,0,0,0,0,4,1,6,2,75,10,2231,2,9,8,1,8
2.02E+12,2,9,0,18,0,1,0,0,0,0,3,1,6,2,32,6,2360,1,9,2,1,2
2.02E+12,1,9,0,9,0,6,0,0,0,0,1,1,6,2,26,6,1390,1,3,10,1,10
2.02E+12,1,9,0,18,0,1,0,0,0,0,1,1,6,1,51,8,1997,2,7,5,1,5
2.02E+12,1,9,0,3,0,1,0,0,0,0,4,1,6,1,35,6,1598,1,9,6,1,6
2.02E+12,1,19,0,16,0,2,0,0,0,0,1,1,1,1,33,6,2143,2,3,8,1,8
2.02E+12,2,9,0,5,0,1,0,0,0,0,2,1,6,1,54,8,2151,2,18,8,1,8
2.02E+12,1,9,0,6,0,8,0,0,0,0,3,1,6,2,50,8,1598,1,11,9,3,9
2.02E+12,2,5,0,18,0,3,0,0,0,0,1,1,6,1,70,10,675,1,2,6,1,6
2.02E+12,1,9,0,9,0,8,0,0,0,0,1,1,6,1,78,11,1998,1,12,6,1,6
2.02E+12,2,9,0,18,0,8,0,0,0,0,1,1,2,1,49,8,1242,1,8,8,1,8
2.02E+12,1,9,0,13,0,1,0,0,0,0,1,1,6,1,57,9,2993,2,7,8,3,8
2.02E+12,2,9,0,7,0,6,0,0,1,10,4,1,6,2,45,7,1794,1,11,3,1,3
2.02E+12,3,9,0,18,0,1,0,0,0,0,0,1,6,2,75,10,1386,1,11,6,2,6
2.02E+12,1,9,0,18,0,4,0,0,0,0,0,1,6,2,40,7,1997,2,8,9,2,9
2.02E+12,1,9,0,5,0,6,0,0,0,0,1,1,6,2,20,4,1598,1,11,10,1,10
2.02E+12,2,5,0,18,0,1,0,0,0,0,1,1,6,1,26,6,1050,1,6,5,1,5
2.02E+12,1,9,0,9,0,6,0,0,0,0,1,1,2,1,42,7,1248,2,10,1,1,1
2.02E+12,2,3,0,13,0,1,0,0,0,0,1,1,1,1,34,6,124,1,2,3,1,3
2.02E+12,2,9,0,10,0,1,0,0,0,0,2,1,1,1,24,5,1596,1,11,9,1,9
2.02E+12,1,9,0,16,0,8,1,0,7,9,1,1,6,1,19,4,1388,1,10,6,2,6
2.02E+12,1,9,0,9,0,6,0,0,0,0,3,1,6,2,81,11,1339,1,9,10,1,10
2.02E+12,2,9,0,18,0,8,1,0,0,0,1,1,6,1,19,4,1896,2,12,5,1,5
2.02E+12,2,9,0,9,0,8,0,0,0,0,4,1,6,2,32,6,1598,1,13,3,1,3
2.02E+12,1,3,0,13,0,8,0,0,0,0,1,1,6,1,22,5,124,1,2,6,1,6
2.02E+12,2,19,0,9,0,8,0,0,0,0,3,1,6,1,51,8,2463,2,12,9,1,9
2.02E+12,1,9,0,18,0,1,0,0,0,0,1,1,6,1,42,7,1798,1,7,6,1,6
2.02E+12,1,9,0,18,0,8,0,0,0,0,1,1,6,2,40,7,1896,2,10,8,3,8
2.02E+12,2,9,0,3,0,4,0,0,0,0,2,1,6,1,19,4,998,1,3,10,1,10
2.02E+12,2,9,0,4,0,1,0,0,0,0,2,1,6,1,53,8,1995,2,10,4,1,4
2.02E+12,1,9,0,18,0,8,0,0,0,0,1,1,1,1,26,6,1199,1,16,3,1,3
2.02E+12,2,8,0,18,0,8,0,0,0,0,3,1,1,1,30,6,1598,2,5,4,1,4
2.02E+12,1,9,0,9,0,5,0,0,0,0,1,1,6,1,18,4,1229,1,8,7,1,7
2.02E+12,1,9,0,18,0,1,0,0,0,0,1,1,6,1,27,6,1242,1,17,6,1,6
2.02E+12,2,9,0,18,0,1,0,0,0,0,2,1,6,2,57,9,1396,1,7,7,2,7
2.02E+12,1,9,0,18,0,2,0,4,0,0,1,1,6,1,79,11,1329,1,7,4,1,4
2.02E+12,1,9,0,7,0,1,0,0,0,0,1,1,6,1,22,5,1242,1,5,7,1,7
2.02E+12,2,9,0,7,0,1,0,0,0,0,2,1,6,1,52,8,2495,2,19,6,1,6
2.02E+12,2,19,0,10,0,5,0,0,0,0,1,1,6,1,36,7,1896,2,7,5,1,5
2.02E+12,1,9,0,9,0,8,0,0,0,0,1,1,6,2,20,4,998,1,17,9,1,9
2.02E+12,2,9,0,18,0,1,0,0,1,11,3,1,6,1,48,8,1968,2,4,6,3,6
2.02E+12,1,9,0,9,0,5,0,0,0,0,4,1,6,2,30,6,1997,2,14,8,1,8
2.02E+12,2,9,0,18,0,8,0,0,0,0,1,1,2,2,56,9,1388,1,10,7,1,7
2.02E+12,1,9,0,18,0,1,0,0,0,0,3,1,6,1,48,8,1997,2,13,3,1,3
2.02E+12,1,19,0,9,0,4,0,0,0,0,1,1,6,1,31,6,1499,2,2,5,3,5
2.02E+12,1,9,0,3,0,1,0,0,0,0,1,1,6,1,70,10,1968,2,4,10,1,10
2.02E+12,2,9,0,3,0,1,0,0,0,0,2,1,6,1,41,7,1997,2,6,8,1,8
2.02E+12,1,9,0,16,0,8,0,0,0,0,4,1,6,2,58,9,2521,1,9,9,1,9
2.02E+12,1,9,0,18,0,4,0,0,0,0,1,1,1,1,74,10,999,1,9,7,1,7
2.02E+12,1,9,0,9,0,5,0,0,1,9,1,1,6,1,19,4,1242,1,10,10,2,10
2.02E+12,2,4,0,18,0,8,0,0,0,0,1,1,6,1,29,6,544,1,37,4,1,4
2.02E+12,1,9,0,18,0,8,0,0,1,1,1,1,6,2,35,6,1341,1,13,2,1,2
2.02E+12,2,19,0,18,0,8,0,0,1,11,3,1,6,1,40,7,1560,2,2,4,2,4
2.02E+12,1,9,0,9,0,3,0,0,0,0,1,1,2,1,41,7,1984,1,15,1,1,1
2.02E+12,2,3,0,9,0,3,0,0,0,0,2,1,6,2,20,4,124,1,1,3,1,3
2.02E+12,1,19,0,9,0,5,0,0,0,0,4,1,6,1,40,7,1560,2,9,1,1,1
2.02E+12,2,3,0,18,0,1,0,0,0,0,1,1,6,1,17,4,124,1,7,5,2,5
2.02E+12,1,9,0,18,0,2,0,0,0,0,1,1,6,1,58,9,1956,2,2,4,1,4
2.02E+12,2,9,0,18,0,2,0,0,0,0,1,1,6,1,54,8,1798,1,12,5,1,5
2.02E+12,3,9,0,18,0,2,0,0,0,0,2,1,6,1,72,10,1422,2,8,4,1,4
2.02E+12,1,9,0,9,0,6,0,0,0,0,3,1,6,1,17,4,1124,1,12,8,1,8
2.02E+12,2,9,0,18,0,1,0,0,0,0,1,1,6,1,88,11,1796,1,12,6,1,6
2.02E+12,2,9,0,5,0,4,0,0,0,0,2,1,2,2,46,8,1598,1,9,5,1,5
2.02E+12,1,9,0,7,4,1,0,0,0,0,4,1,6,2,26,6,1956,2,1,3,1,3
2.02E+12,1,9,0,11,0,8,0,0,0,0,4,1,6,1,71,10,1951,2,13,7,1,7
2.02E+12,2,9,0,18,0,1,0,0,0,0,3,1,6,1,20,4,1910,2,12,6,1,6
2.02E+12,1,9,0,7,0,8,0,0,0,0,3,1,6,2,25,5,1149,1,14,7,2,7
2.02E+12,2,4,0,17,0,8,0,0,0,0,4,1,6,1,25,5,645,1,9,10,1,10
2.02E+12,1,9,0,1,0,6,0,0,0,0,2,1,6,2,37,7,1364,1,1,4,1,4
2.02E+12,1,9,0,4,0,8,0,0,0,0,1,1,6,2,70,10,1248,2,8,7,1,7
2.02E+12,2,9,0,4,0,8,0,0,0,0,2,1,6,2,43,7,2362,1,14,7,1,7
2.02E+12,2,9,0,3,0,1,0,0,0,0,2,1,6,1,58,9,4163,2,8,6,3,6
2.02E+12,1,9,0,7,0,6,0,0,0,0,3,1,6,1,19,4,1398,1,2,3,1,3
2.02E+12,2,9,0,18,0,8,1,0,0,0,4,1,6,2,21,5,998,1,9,6,1,6
2.02E+12,1,9,0,9,0,8,0,0,0,0,3,1,1,1,41,7,2987,2,10,8,3,8
2.02E+12,2,21,0,18,0,8,1,0,0,0,1,1,1,1,39,7,9200,2,8,5,2,5
2.02E+12,1,9,0,5,0,6,0,0,0,0,0,1,6,1,77,11,1497,1,14,9,1,9
2.02E+12,1,9,0,18,0,1,1,0,0,0,1,1,6,2,87,11,973,1,17,8,1,8
2.02E+12,2,9,0,10,0,1,0,0,0,0,2,1,1,1,41,7,1896,2,10,5,1,5
2.02E+12,2,9,0,7,0,1,0,0,0,0,1,1,6,1,65,9,1998,8,2,1,1,1
2.02E+12,1,19,0,5,8,6,0,0,0,0,1,1,1,1,41,7,2287,2,9,6,3,6
2.02E+12,2,19,0,9,0,8,0,0,0,0,3,1,6,2,51,8,1868,2,12,5,1,5
2.02E+12,1,9,0,5,0,2,0,0,0,0,1,1,6,1,25,5,1200,1,2,5,1,5
2.02E+12,1,11,0,7,0,6,0,0,0,0,0,1,1,1,49,8,10837,2,1,9,1,9
2.02E+12,1,9,0,18,0,4,0,0,0,0,1,1,6,2,57,9,1596,1,10,4,1,4
2.02E+12,1,9,0,9,0,6,0,0,0,0,3,1,6,1,63,9,1753,2,9,4,1,4
2.02E+12,2,9,0,18,0,1,0,0,0,0,1,1,6,1,59,9,1968,2,7,4,1,4
2.02E+12,1,9,0,18,0,6,0,0,3,11,1,1,6,1,44,7,1587,1,16,5,1,5
2.02E+12,1,19,0,18,0,1,0,0,0,0,1,1,1,1,30,6,1995,2,8,8,1,8
2.02E+12,2,9,0,3,0,1,0,0,0,0,2,1,2,2,24,5,1598,1,7,9,1,9
2.02E+12,3,9,0,9,0,5,0,0,0,0,2,1,6,1,29,6,1598,1,2,9,1,9
2.02E+12,1,9,0,18,0,2,0,0,1,0,0,1,6,2,42,7,1997,2,10,6,1,6
2.02E+12,1,19,0,7,0,3,0,0,7,11,1,1,6,1,27,6,1998,2,14,4,1,4
2.02E+12,1,9,0,5,0,1,0,0,7,11,1,1,6,2,75,10,2199,2,7,7,3,7
2.02E+12,2,9,0,18,0,1,0,0,7,0,1,1,2,2,58,9,1685,2,3,10,2,10
2.02E+12,1,9,0,9,0,6,0,0,0,0,0,1,6,1,35,6,1999,1,11,6,3,6
2.02E+12,2,9,0,18,0,8,0,0,0,0,0,1,6,1,74,10,1598,2,1,1,1,1
2.02E+12,3,9,0,18,0,8,0,0,0,0,0,1,6,1,68,10,1560,2,5,8,1,8
2.02E+12,1,9,0,9,0,6,0,0,2,4,1,1,6,1,37,7,1956,2,6,10,1,10
2.02E+12,2,9,0,18,0,8,0,0,0,0,4,1,1,1,19,4,1124,1,17,9,1,9
2.02E+12,1,9,0,18,0,1,0,0,0,0,1,1,1,1,34,6,1497,1,12,6,1,6
2.02E+12,1,9,0,17,0,2,1,0,8,1,1,1,6,1,22,5,1149,1,11,2,1,2
2.02E+12,2,9,0,18,0,1,0,0,0,0,1,1,6,1,66,10,995,1,8,8,1,8
2.02E+12,1,9,0,14,0,1,1,0,0,0,1,1,6,1,20,4,2967,2,9,3,1,3
2.02E+12,2,9,0,9,0,1,1,0,3,0,3,1,6,1,54,8,3799,1,6,6,1,6
2.02E+12,1,9,0,18,0,1,0,0,0,0,1,1,6,1,63,9,4196,1,11,5,1,5
2.02E+12,2,8,0,18,0,1,0,0,0,0,2,1,1,1,34,6,1998,2,7,1,1,1
2.02E+12,3,9,0,18,0,1,0,0,0,0,2,1,6,2,18,4,1240,1,12,10,1,10
2.02E+12,1,9,0,7,0,1,0,0,0,0,4,1,6,1,20,4,1560,2,3,1,1,1
2.02E+12,2,3,0,18,2,1,0,0,0,0,3,1,6,1,23,5,125,1,11,2,1,2
2.02E+12,1,9,0,9,0,6,0,0,0,0,1,1,6,1,74,10,998,1,6,7,3,7
2.02E+12,1,9,0,9,0,8,0,0,0,0,1,1,6,1,46,8,1248,1,6,5,1,5
2.02E+12,2,5,0,18,0,8,0,0,0,0,1,1,6,1,52,8,1237,1,4,7,1,7
2.02E+12,1,9,0,5,0,4,0,0,0,0,1,1,2,2,55,8,1349,1,7,10,1,10
2.02E+12,1,8,0,18,0,1,0,0,0,0,0,1,1,1,38,7,1997,2,9,2,1,2
2.02E+12,1,9,0,18,0,2,1,0,7,0,1,1,6,1,40,7,2993,2,13,3,1,3
2.02E+12,2,9,0,3,0,1,0,0,0,0,2,1,6,1,33,6,1499,2,2,4,1,4
2.02E+12,1,9,0,9,0,5,0,0,0,0,3,1,6,2,35,6,1582,2,2,7,1,7
2.02E+12,2,9,0,3,0,1,0,0,0,0,4,1,6,1,26,6,1395,1,2,5,1,5
2.02E+12,1,20,0,11,0,4,0,0,0,0,4,1,6,1,54,8,7790,2,9,3,1,3
2.02E+12,2,9,0,18,0,6,0,0,0,0,3,1,6,2,20,4,998,1,2,9,1,9
2.02E+12,2,9,0,4,0,1,0,0,0,0,1,1,1,1,40,7,1997,2,3,6,1,6
2.02E+12,2,9,0,18,0,8,0,0,0,0,3,1,6,1,26,6,1395,1,4,9,1,9
2.02E+12,1,9,0,9,0,1,0,0,0,0,1,1,6,2,40,7,1360,1,16,4,1,4
2.02E+12,2,9,0,17,0,1,0,0,0,0,3,1,6,2,46,8,1499,2,1,8,1,8
2.02E+12,2,9,0,18,0,3,0,0,0,0,2,1,6,1,33,6,2179,2,4,10,1,10
2.02E+12,1,9,0,9,0,1,0,0,0,0,1,1,6,2,33,6,1493,2,8,8,1,8
2.02E+12,2,9,0,18,0,1,0,0,0,0,1,1,6,2,58,9,1339,1,12,7,1,7
2.02E+12,1,5,0,13,0,8,0,0,7,0,1,1,6,1,42,7,599,1,21,4,1,4
2.02E+12,3,9,0,18,0,1,0,0,0,0,1,1,6,2,67,10,1995,2,1,10,1,10
2.02E+12,1,3,0,17,0,2,0,0,0,0,4,1,2,1,20,4,124,1,10,6,3,6
2.02E+12,1,9,0,1,0,1,0,0,0,0,2,1,6,1,20,4,1686,2,22,5,1,5
2.02E+12,1,9,0,18,0,1,0,0,0,0,1,1,6,1,17,4,1248,2,12,6,1,6
2.02E+12,1,9,0,18,0,4,0,0,0,0,3,1,6,1,21,5,1360,1,11,10,1,10
2.02E+12,2,9,0,18,0,4,0,0,0,0,1,1,6,1,29,6,1997,2,9,10,3,10
2.02E+12,2,9,0,3,0,1,0,0,0,0,4,1,6,2,30,6,2000,2,10,8,1,8
2.02E+12,1,9,0,18,0,8,0,0,7,11,4,1,2,2,30,6,1200,1,2,3,1,3
2.02E+12,2,9,0,18,0,8,0,0,0,0,1,1,6,1,36,7,1197,1,1,10,1,10
2.02E+12,1,19,0,9,0,1,2,0,1,1,4,1,6,1,23,5,2464,2,14,3,1,3
2.02E+12,2,9,0,18,0,1,1,0,1,11,1,1,6,1,33,6,1998,1,8,2,1,2
2.02E+12,2,9,0,18,0,1,0,0,0,0,1,1,6,2,35,6,1388,1,9,8,1,8
2.02E+12,1,9,0,18,0,8,0,0,0,0,1,1,6,2,84,11,1388,1,15,9,2,9
2.02E+12,1,9,0,7,0,6,0,0,0,0,0,1,6,1,25,5,1360,1,11,3,1,3
2.02E+12,3,8,0,18,0,2,0,0,0,0,2,1,1,1,54,8,1560,2,6,8,1,8
2.02E+12,1,9,0,18,0,1,1,0,0,0,1,1,6,1,31,6,2993,2,3,8,1,8
2.02E+12,2,9,0,18,0,1,0,0,0,0,2,1,6,1,54,8,2143,12,3,5,2,5
2.02E+12,1,9,0,9,0,8,0,0,0,0,1,1,1,2,20,4,1198,1,12,9,1,9
2.02E+12,2,9,0,18,0,8,0,0,0,0,1,1,1,1,51,8,1197,1,2,6,1,6
2.02E+12,1,9,0,9,0,6,0,0,0,0,3,2,6,1,22,5,996,1,3,2,1,2
2.02E+12,1,5,0,18,0,2,0,0,0,0,4,1,1,1,48,8,999,1,16,6,2,6
2.02E+12,2,9,0,9,0,8,0,0,0,0,3,1,1,1,30,6,1199,1,14,8,1,8
2.02E+12,2,9,0,16,0,1,0,0,0,0,3,1,6,2,33,6,1461,2,3,1,1,1
2.02E+12,3,9,0,16,0,1,0,0,0,0,1,1,6,1,47,8,1399,2,6,6,1,6
2.02E+12,2,9,0,18,0,8,1,0,1,2,4,1,6,1,21,5,2295,1,16,1,1,1
2.02E+12,2,9,0,13,0,1,0,0,0,0,3,1,6,1,27,6,1598,1,5,3,1,3
2.02E+12,1,9,0,16,0,2,0,0,0,0,3,1,6,1,23,5,998,1,3,10,1,10
2.02E+12,2,10,0,18,0,1,0,0,1,4,3,1,1,1,42,7,1998,2,13,2,1,2
2.02E+12,2,9,0,9,0,2,0,0,0,0,2,1,1,2,25,5,1197,1,2,1,1,1
2.02E+12,1,9,0,9,0,8,0,0,0,0,1,1,6,1,27,6,1968,2,4,10,1,10
2.02E+12,2,9,0,9,0,8,0,0,0,0,3,1,6,1,56,9,1395,1,3,9,1,9
2.02E+12,1,5,0,18,0,8,1,0,0,0,1,1,6,1,27,6,599,1,8,7,3,7
2.02E+12,2,9,0,18,0,8,0,0,0,0,3,1,6,2,41,7,1686,2,4,9,1,9
2.02E+12,1,9,0,8,0,7,0,0,0,0,1,1,6,2,45,7,2400,2,8,9,1,9
2.02E+12,2,9,0,8,0,7,0,0,0,0,2,1,6,1,41,7,1596,1,8,7,1,7
2.02E+12,1,9,0,18,0,4,0,0,1,0,3,1,6,1,72,10,1686,2,20,5,1,5
2.02E+12,2,9,0,18,0,4,0,0,0,0,1,1,1,2,24,5,1998,1,11,3,1,3
2.02E+12,1,9,0,5,0,6,0,0,0,0,1,1,6,1,33,6,1598,1,1,8,1,8
2.02E+12,2,9,0,17,0,1,1,0,0,0,1,1,6,1,61,9,1798,1,7,7,3,7
2.02E+12,1,4,0,16,0,2,0,0,0,0,3,1,6,1,45,7,49,1,15,4,3,4
2.02E+12,2,9,0,17,0,1,0,0,0,0,3,1,6,2,74,10,1242,1,5,7,1,7
2.02E+12,1,9,0,18,0,4,0,0,0,0,3,1,2,1,62,9,1598,1,10,4,1,4
2.02E+12,2,9,0,3,0,1,0,0,0,0,2,1,6,2,30,6,1399,2,14,6,2,6
2.02E+12,1,9,0,9,0,5,0,0,0,0,1,1,6,1,94,11,1086,1,7,8,1,8
2.02E+12,2,9,0,18,0,1,0,0,0,0,1,1,1,1,24,5,1896,2,15,7,1,7
2.02E+12,1,9,0,18,0,8,0,0,7,11,1,1,6,1,26,6,1200,1,3,4,1,4
2.02E+12,2,9,0,18,0,8,0,0,0,0,1,1,6,1,44,7,1799,1,8,4,1,4
2.02E+12,1,8,0,9,0,6,0,0,0,0,4,1,6,1,60,9,1997,2,9,4,1,4
2.02E+12,1,9,0,18,0,2,0,0,0,1,3,1,6,1,70,10,1598,2,5,7,3,7
2.02E+12,1,21,0,16,0,2,0,0,7,0,1,1,1,1,48,8,4500,2,1,4,1,4
2.02E+12,2,21,1,17,0,1,1,0,0,0,1,1,1,1,59,9,12902,2,1,1,2,1
2.02E+12,1,9,0,7,0,5,0,0,0,0,4,1,6,2,49,8,1596,1,4,2,1,2
2.02E+12,1,9,0,18,0,4,0,0,0,0,1,1,6,1,30,6,1596,1,12,5,1,5
2.02E+12,1,9,0,1,0,6,0,0,0,0,2,1,6,2,36,7,1995,2,12,4,1,4
2.02E+12,2,9,0,18,0,8,0,0,0,0,3,1,6,1,73,10,1399,1,8,3,1,3
2.02E+12,1,9,0,9,0,8,0,0,0,0,3,1,6,2,63,9,1590,1,14,3,1,3
2.02E+12,2,9,0,18,0,8,0,0,0,0,3,1,6,1,49,8,1589,1,18,3,1,3
2.02E+12,2,9,0,3,0,1,0,0,0,0,2,1,6,1,64,9,1248,1,5,6,1,6
2.02E+12,1,9,0,18,0,2,0,0,0,0,1,1,6,1,37,7,2982,2,5,9,1,9
2.02E+12,2,9,0,3,0,1,0,0,0,0,2,1,6,2,31,6,1242,1,8,8,1,8
2.02E+12,1,9,0,2,0,8,0,0,0,0,3,1,6,2,90,11,1396,1,19,10,1,10
2.02E+12,1,9,0,9,0,8,0,0,0,0,4,1,6,1,41,7,1339,1,12,9,1,9
2.02E+12,1,9,0,5,0,4,0,0,0,0,1,1,6,2,70,10,1499,1,1,8,1,8
2.02E+12,1,9,0,4,0,1,0,0,0,0,1,1,6,2,20,4,1124,1,13,9,1,9
2.02E+12,2,9,0,4,0,1,0,0,0,0,2,1,6,2,27,6,1598,2,1,10,1,10
2.02E+12,2,9,0,18,0,8,0,0,0,0,4,1,2,2,41,7,2179,2,3,8,1,8
2.02E+12,2,9,0,3,0,1,0,0,0,0,2,1,6,1,59,9,1398,2,6,5,1,5
2.02E+12,2,9,0,18,0,8,0,0,0,0,1,1,6,2,69,10,1289,1,21,4,1,4
2.02E+12,1,19,0,16,0,1,1,0,0,0,1,1,1,1,21,5,2402,2,8,5,3,5
2.02E+12,2,9,0,16,0,1,0,0,0,0,2,1,6,2,44,7,1598,1,13,7,1,7
2.02E+12,3,9,0,10,0,1,0,0,0,0,2,1,6,1,64,9,2993,2,4,8,1,8
2.02E+12,1,9,0,9,0,8,0,0,0,0,3,1,6,1,23,5,2231,2,10,3,1,3
2.02E+12,2,9,0,18,0,8,0,0,0,0,1,1,2,1,23,5,1398,2,14,7,1,7
2.02E+12,1,8,0,1,0,8,0,0,0,0,2,1,1,1,36,7,1797,8,2,1,1,1
2.02E+12,1,9,0,5,0,4,0,0,0,0,3,1,2,1,36,7,1995,2,8,10,1,10
2.02E+12,1,9,0,18,0,1,0,0,0,0,1,1,6,2,45,7,1999,2,10,8,1,8
2.02E+12,2,9,0,9,0,5,0,0,0,0,3,1,6,1,36,7,1587,1,14,4,1,4
2.02E+12,2,9,0,10,0,1,0,0,0,0,2,1,6,1,82,11,1248,2,6,5,2,5
2.02E+12,3,9,0,10,0,8,0,0,0,0,2,1,6,1,77,11,1997,1,16,8,1,8
2.02E+12,2,9,0,7,0,3,0,0,0,0,1,1,6,2,62,9,1796,1,16,6,3,6
2.02E+12,1,9,0,18,0,1,0,0,0,0,1,1,6,2,79,11,1198,1,4,7,3,7
2.02E+12,1,9,0,18,0,8,0,0,0,0,1,1,6,1,36,7,2993,2,1,10,2,10