Accident_Index,Vehicle_Reference,Vehicle_Type,Towing_and_Articulation,Vehicle_Manoeuvre,Vehicle_Location-Restricted_Lane,Junction_Location,Skidding_and_Overturning,Hit_Object_in_Carriageway,Vehicle_Leaving_Carriageway,Hit_Object_off_Carriageway,1st_Point_of_Impact,Was_Vehicle_Left_Hand_Drive?,Journey_Purpose_of_Driver,Sex_of_Driver,Age_of_Driver,Age_Band_of_Driver,Engine_Capacity_(CC),Propulsion_Code,Age_of_Vehicle,Driver_IMD_Decile,Driver_Home_Area_Type,Vehicle_IMD_Decile
2.02E+12,2,9,0,18,0,8,0,0,0,0,1,1,6,1,42,7,2143,2,2,9,2,9
2.02E+12,1,9,0,18,0,4,0,7,7,4,1,1,6,1,84,11,1998,1,3,7,1,7
2.02E+12,1,9,0,18,0,8,0,0,8,11,1,1,2,2,27,6,1242,1,1,5,3,5
2.02E+12,1,9,0,4,0,1,0,0,0,0,1,1,1,1,70,10,1995,2,4,9,1,9
2.02E+12,2,9,0,4,0,1,0,0,0,0,2,1,6,1,73,10,1998,1,10,5,1,5
2.02E+12,2,11,0,17,0,2,0,0,0,0,4,1,1,1,46,8,6700,2,6,3,1,3
2.02E+12,1,9,0,7,0,5,0,0,0,0,1,1,6,1,88,11,1242,1,5,6,1,6
2.02E+12,1,19,0,18,0,1,0,0,0,0,1,1,1,1,51,8,1248,2,6,2,1,2
2.02E+12,1,9,0,18,0,6,0,0,0,0,1,1,6,1,32,6,1997,1,17,1,1,1
2.02E+12,2,9,0,18,0,8,0,0,0,0,3,1,6,1,64,9,1995,2,5,7,1,7
2.02E+12,1,3,0,18,9,1,0,0,1,1,1,1,6,1,24,5,125,1,1,8,1,8
2.02E+12,2,9,0,18,0,1,0,0,4,1,1,1,6,1,36,7,1984,1,7,2,1,2
2.02E+12,1,9,0,7,0,6,0,0,0,0,1,1,6,1,22,5,1596,1,12,7,1,7
2.02E+12,2,9,0,18,0,1,0,0,0,0,1,1,6,1,55,8,1400,1,19,7,1,7
2.02E+12,2,19,0,4,0,1,0,0,0,0,2,1,6,1,28,6,1598,2,1,4,1,4
2.02E+12,1,3,0,18,0,1,1,0,0,0,0,1,6,1,27,6,124,1,2,8,1,8
2.02E+12,2,9,0,3,0,1,0,0,0,0,0,1,6,2,36,7,1999,1,8,9,1,9
2.02E+12,1,9,0,18,0,8,0,0,0,0,1,1,6,2,69,10,1598,1,3,8,1,8
2.02E+12,3,9,0,18,0,8,0,0,0,0,2,1,6,1,28,6,1995,2,6,1,1,1
2.02E+12,1,3,0,17,0,1,1,0,7,0,0,1,6,1,21,5,125,1,3,8,1,8
2.02E+12,1,9,0,18,0,6,0,0,0,0,1,1,6,2,27,6,1598,2,7,1,1,1
2.02E+12,2,9,0,18,0,1,0,0,0,0,1,1,6,1,56,9,1598,2,4,6,3,6
2.02E+12,1,9,0,9,0,6,0,0,0,0,4,1,6,1,35,6,1968,2,5,1,1,1
2.02E+12,2,8,0,18,0,1,0,0,1,2,1,1,1,1,58,9,1598,2,4,10,1,10
2.02E+12,2,19,0,3,0,8,0,0,0,0,4,1,6,2,52,8,1248,2,1,6,1,6
2.02E+12,1,9,0,18,0,2,0,0,0,0,1,1,6,2,25,5,998,1,2,7,1,7
2.02E+12,1,9,0,18,0,8,0,0,0,0,1,1,1,1,29,6,1997,2,1,2,1,2
2.02E+12,1,9,5,18,0,4,5,0,3,4,1,1,2,1,49,8,1956,2,5,7,1,7
2.02E+12,2,9,0,9,0,5,1,0,0,0,1,1,1,1,79,11,1968,2,1,1,1,1
2.02E+12,1,9,0,9,0,4,0,0,0,0,1,1,2,2,57,9,998,1,5,3,1,3
2.02E+12,1,9,0,18,9,1,0,10,1,11,1,1,6,2,56,9,1149,1,12,5,1,5
2.02E+12,2,11,0,18,0,8,0,0,0,0,0,1,1,1,35,6,5132,2,2,6,1,6
2.02E+12,1,9,0,4,0,1,0,0,0,0,1,1,6,1,78,11,2902,2,12,3,1,3
2.02E+12,2,9,0,3,0,4,0,0,0,0,2,1,6,1,37,7,1796,1,15,8,1,8
2.02E+12,1,9,0,4,0,2,0,0,0,0,1,1,6,2,57,9,1999,1,8,6,1,6
2.02E+12,2,8,0,3,0,2,0,0,0,0,2,1,6,1,26,6,1240,1,14,2,1,2
2.02E+12,1,9,0,4,0,1,1,0,0,0,1,1,6,1,19,4,1397,1,16,8,2,8
2.02E+12,2,9,0,10,0,1,0,0,1,0,2,1,6,1,50,8,1593,1,26,6,1,6
2.02E+12,1,9,0,18,0,8,0,0,1,11,1,1,6,1,73,10,1991,2,9,8,1,8
2.02E+12,1,9,0,18,0,1,0,0,0,0,2,1,6,2,21,5,1560,2,1,8,2,8
2.02E+12,2,9,0,3,0,1,0,0,0,0,0,1,6,1,30,6,1796,1,13,2,1,2
2.02E+12,2,3,0,18,0,1,1,10,1,0,1,1,6,1,24,5,115,1,2,3,1,3
2.02E+12,1,9,0,7,0,1,0,0,0,0,1,1,6,1,65,9,1598,1,13,7,2,7
2.02E+12,1,9,0,18,0,1,0,0,0,0,1,1,6,1,17,4,1242,1,17,6,1,6
2.02E+12,2,9,0,4,0,1,0,0,0,0,2,1,6,2,47,8,1240,1,13,3,1,3
2.02E+12,3,9,0,4,0,1,0,0,0,0,2,1,6,1,45,7,1598,1,12,4,1,4
2.02E+12,1,2,0,13,0,1,0,0,0,0,4,1,6,1,34,6,124,1,4,9,1,9
2.02E+12,2,8,0,9,0,5,0,0,0,0,3,1,1,1,35,6,1598,2,6,2,1,2
2.02E+12,1,19,0,18,0,2,0,0,0,0,2,1,1,1,40,7,1560,2,1,4,1,4
2.02E+12,2,19,0,3,0,2,0,0,0,0,1,1,1,1,47,8,1248,2,2,10,1,10
2.02E+12,1,9,0,18,0,1,0,0,0,0,1,1,6,1,74,10,1968,2,9,5,3,5
2.02E+12,1,9,0,18,0,8,0,0,0,0,1,1,6,1,58,9,1995,2,2,4,3,4
2.02E+12,1,9,0,5,0,8,0,0,0,0,1,1,6,1,31,6,1499,1,12,3,1,3
2.02E+12,1,9,0,7,0,6,0,0,0,0,1,1,6,2,39,7,1586,1,13,2,1,2
2.02E+12,1,9,0,18,0,2,0,0,0,0,1,1,6,1,83,11,1596,1,11,10,1,10
2.02E+12,1,9,0,18,0,7,0,0,0,0,1,1,6,1,18,4,1328,1,16,6,1,6
2.02E+12,2,9,0,4,0,7,0,0,0,0,2,1,6,1,65,9,1248,2,6,3,1,3
2.02E+12,1,9,0,16,0,1,0,0,8,3,1,1,6,2,70,10,1598,1,16,5,3,5
2.02E+12,1,9,0,11,0,1,5,0,0,1,1,1,6,2,38,7,2997,1,16,5,1,5
2.02E+12,1,5,0,15,0,8,0,0,0,0,3,1,6,1,32,6,749,1,11,4,1,4
2.02E+12,2,19,0,7,0,5,0,0,0,0,4,1,1,1,34,6,1560,2,6,7,3,7
2.02E+12,2,9,0,18,0,3,0,0,0,0,2,1,6,1,63,9,2967,2,5,2,1,2
2.02E+12,1,9,0,9,0,5,0,0,0,0,3,1,6,1,35,6,1598,1,12,3,1,3
2.02E+12,1,9,0,16,0,8,0,0,0,0,3,1,6,1,24,5,1240,1,13,3,1,3
2.02E+12,1,9,0,7,0,8,0,0,0,0,3,1,6,2,82,11,1795,1,19,6,3,6
2.02E+12,2,9,0,18,0,8,0,0,0,0,1,1,6,1,75,10,1969,2,3,10,1,10
2.02E+12,1,9,0,9,0,1,0,0,0,0,3,1,3,1,42,7,1598,1,7,7,1,7
2.02E+12,2,3,0,14,0,1,0,0,0,0,1,1,6,1,40,7,2294,1,12,10,1,10
2.02E+12,1,5,0,13,0,8,0,0,7,4,1,1,6,1,36,7,748,1,20,6,2,6
2.02E+12,3,9,0,18,0,1,0,0,0,0,0,1,6,1,30,6,1998,1,17,6,2,6
2.02E+12,1,9,0,18,0,1,0,0,0,0,1,1,6,2,25,5,1399,1,10,4,1,4
2.02E+12,1,9,5,9,0,5,0,0,0,0,1,1,6,2,58,9,1991,2,7,5,2,5
2.02E+12,2,5,0,18,0,1,0,0,0,0,1,1,6,1,40,7,1284,1,12,6,3,6
2.02E+12,1,9,0,18,0,2,0,0,0,0,1,1,6,2,35,6,1968,2,3,9,1,9
2.02E+12,2,8,0,18,0,2,0,0,0,0,2,1,6,1,55,8,1461,2,2,6,1,6
2.02E+12,1,3,0,13,0,1,0,2,0,0,1,1,2,1,24,5,124,1,10,7,1,7
2.02E+12,2,9,0,18,0,1,0,0,0,0,3,1,2,2,37,7,1997,1,2,10,1,10
2.02E+12,2,9,0,3,0,1,0,0,0,0,2,1,6,2,79,11,1248,1,8,6,1,6
2.02E+12,1,9,0,9,0,8,0,0,0,0,4,1,6,1,28,6,1199,1,16,10,1,10
2.02E+12,2,9,0,18,0,8,0,0,0,0,4,1,1,1,24,5,1461,2,3,1,1,1
2.02E+12,1,9,0,7,0,4,0,0,0,0,3,1,2,1,34,6,1248,1,4,8,1,8
2.02E+12,2,9,0,18,0,8,0,0,0,0,1,1,6,2,27,6,1686,2,11,1,1,1
2.02E+12,1,9,0,4,0,1,0,0,0,0,4,1,1,2,27,6,1199,1,3,6,1,6
2.02E+12,1,9,0,7,0,8,0,0,0,0,1,1,6,1,67,10,1997,2,8,9,1,9
2.02E+12,1,9,0,9,0,2,0,0,0,0,1,1,6,1,22,5,1998,1,21,6,3,6
2.02E+12,2,9,0,18,0,8,0,0,0,0,1,1,6,1,40,7,1796,1,13,2,1,2
2.02E+12,1,19,0,18,0,2,1,0,0,0,1,1,6,1,51,8,1995,2,8,6,1,6
2.02E+12,1,9,0,9,0,8,0,0,3,4,1,1,6,2,25,5,1590,1,13,8,1,8
2.02E+12,1,5,0,18,0,1,1,0,0,0,0,1,6,1,29,6,599,1,3,5,1,5
2.02E+12,1,11,0,5,0,1,0,0,0,0,0,1,1,1,45,7,9000,2,8,5,1,5
2.02E+12,1,9,0,5,0,6,0,0,3,11,4,1,1,2,27,6,2143,2,3,2,1,2
2.02E+12,2,9,0,18,0,8,0,0,0,0,1,1,6,2,57,9,1598,2,1,1,1,1
2.02E+12,1,9,0,7,0,8,0,0,0,0,4,1,6,2,21,5,998,1,5,8,1,8
2.02E+12,1,19,0,18,0,8,0,0,7,11,3,1,1,1,33,6,2143,2,2,6,1,6
2.02E+12,2,9,0,18,0,8,0,0,0,0,1,1,6,2,25,5,1388,1,15,2,1,2
2.02E+12,1,9,0,7,0,1,0,0,0,0,2,1,6,1,53,8,2993,2,6,6,1,6
2.02E+12,1,8,0,18,0,1,0,0,0,0,1,1,6,1,28,6,2967,2,4,1,1,1
2.02E+12,1,9,0,7,0,6,0,0,0,0,2,1,6,2,55,8,2179,2,7,8,2,8
2.02E+12,2,9,0,4,0,1,0,0,0,0,1,1,6,2,17,4,1242,1,1,8,1,8
2.02E+12,2,9,0,18,0,1,0,0,0,0,4,1,6,2,28,6,1995,2,4,2,1,2
2.02E+12,1,9,0,16,0,8,0,0,1,3,4,1,2,1,36,7,1598,1,16,6,1,6
2.02E+12,2,20,0,13,0,8,0,0,0,0,3,1,1,1,53,8,2287,2,1,6,1,6
2.02E+12,2,9,0,18,0,8,0,0,0,0,1,1,6,2,31,6,1242,1,4,5,3,5
2.02E+12,1,11,0,18,0,1,0,0,0,0,3,1,1,1,63,9,7300,2,8,6,1,6
2.02E+12,2,21,1,18,0,2,0,0,0,0,3,1,1,1,32,6,12882,2,7,7,1,7
2.02E+12,3,9,0,18,0,2,0,0,0,0,0,1,2,1,38,7,1995,2,10,9,2,9
2.02E+12,4,19,0,18,0,2,0,0,0,0,0,1,1,2,28,6,2998,2,1,7,1,7
2.02E+12,1,9,0,18,0,8,1,0,1,2,1,1,2,1,24,5,1499,2,1,4,1,4
2.02E+12,1,9,0,17,0,2,0,0,1,4,1,1,6,2,21,5,998,1,17,5,1,5
2.02E+12,1,9,0,7,0,6,0,0,0,0,3,1,6,2,73,10,1422,2,7,7,1,7
2.02E+12,2,9,0,18,0,1,0,0,0,0,1,1,2,1,61,9,2495,2,27,9,1,9
2.02E+12,1,9,0,18,0,1,1,0,5,11,1,1,6,1,39,7,1595,1,12,4,1,4
2.02E+12,2,9,0,18,0,1,0,0,0,0,1,1,6,2,37,7,1995,2,5,4,1,4
2.02E+12,1,9,0,9,0,3,0,0,0,0,3,1,6,1,31,6,1339,1,10,6,1,6
2.02E+12,2,9,0,18,0,3,0,0,0,0,4,1,6,1,27,6,1796,1,15,8,1,8
2.02E+12,1,9,0,7,0,6,0,0,0,0,1,1,6,1,64,9,1242,1,14,8,1,8
2.02E+12,2,9,0,18,0,1,0,0,0,0,3,1,6,2,62,9,1360,1,13,5,1,5
2.02E+12,2,9,0,3,0,4,0,0,0,0,2,1,6,1,18,4,998,1,12,4,1,4
2.02E+12,3,9,0,3,0,4,0,0,0,0,2,1,6,1,37,7,1364,1,10,7,1,7
2.02E+12,1,9,0,1,7,2,0,0,0,0,1,1,6,1,87,11,1997,1,10,10,1,10
2.02E+12,1,9,0,5,0,4,0,0,0,0,1,1,6,2,18,4,1124,1,14,4,1,4
2.02E+12,1,3,0,18,0,6,0,0,3,11,4,1,6,1,43,7,125,1,1,4,1,4
2.02E+12,2,8,0,18,0,8,0,0,0,0,1,1,6,1,50,8,1560,2,3,1,1,1
2.02E+12,1,9,0,18,0,1,0,0,0,0,1,1,2,2,18,4,1198,1,13,10,1,10
2.02E+12,2,9,0,4,0,1,0,0,0,0,2,1,1,1,25,5,2494,8,3,3,1,3
2.02E+12,1,9,0,9,0,6,0,0,0,0,3,1,6,1,79,11,1396,1,15,6,2,6
2.02E+12,2,9,0,18,0,8,1,0,0,0,1,1,2,1,55,8,1242,1,18,3,1,3
2.02E+12,1,9,0,5,0,4,0,0,0,0,1,1,2,1,25,5,1390,1,11,6,1,6
2.02E+12,2,3,0,9,0,3,0,0,0,0,4,1,2,1,26,6,98,1,27,1,1,1
2.02E+12,1,9,0,18,0,1,0,0,0,0,1,1,6,2,18,4,1242,1,13,5,1,5
2.02E+12,2,9,0,10,0,1,0,0,0,0,2,1,6,1,29,6,2993,2,1,8,1,8
2.02E+12,1,9,0,18,2,8,0,0,0,0,1,1,6,1,29,6,1992,2,10,8,1,8
2.02E+12,1,9,0,7,4,6,0,0,0,0,3,1,1,2,45,7,1339,1,13,4,1,4
2.02E+12,2,8,0,18,0,1,0,0,0,0,1,1,1,1,47,8,1797,8,7,6,1,6
2.02E+12,1,9,0,7,0,6,0,0,0,0,3,1,6,1,48,8,2993,2,7,8,3,8
2.02E+12,2,9,0,18,0,1,0,0,0,0,4,1,6,1,54,8,1124,1,8,6,2,6
2.02E+12,2,9,0,18,0,1,0,0,0,0,1,1,6,1,26,6,1968,2,4,3,1,3
2.02E+12,1,8,0,7,4,5,0,0,0,0,4,1,1,1,25,5,1956,2,2,5,1,5
2.02E+12,2,9,0,9,0,1,0,0,0,0,3,1,6,1,54,8,1560,2,13,4,1,4
2.02E+12,1,9,0,9,0,6,0,0,0,0,1,1,6,1,64,9,4293,1,15,10,1,10
2.02E+12,2,5,0,18,0,1,0,0,0,0,1,1,2,1,28,6,599,1,17,2,1,2
2.02E+12,2,3,0,18,2,1,0,0,0,0,1,1,6,1,17,4,124,1,3,4,1,4
2.02E+12,2,19,0,18,0,1,0,0,0,0,4,1,1,1,56,9,1248,2,3,4,1,4
2.02E+12,1,9,0,18,0,6,0,4,0,0,1,1,6,2,75,10,1998,1,13,4,1,4
2.02E+12,1,9,0,9,0,8,0,0,0,0,1,1,6,2,32,6,1396,7,13,4,1,4
2.02E+12,2,9,0,18,0,8,0,0,0,0,3,1,2,1,23,5,1997,2,2,4,1,4
2.02E+12,1,21,0,5,0,4,0,0,0,0,1,1,1,1,50,8,12900,2,8,7,1,7
2.02E+12,1,9,0,18,0,1,0,0,0,0,1,1,6,1,80,11,1360,1,13,10,1,10
2.02E+12,1,9,0,9,0,8,0,0,0,0,1,1,6,2,43,7,1388,1,11,10,1,10
2.02E+12,2,3,0,18,0,8,0,0,0,0,3,1,6,1,18,4,124,1,10,8,1,8
2.02E+12,1,8,0,9,0,6,0,0,0,0,1,1,1,1,50,8,1686,2,7,5,1,5
2.02E+12,2,9,0,18,0,8,0,0,0,0,1,1,6,1,62,9,1596,1,3,5,3,5
2.02E+12,1,11,0,18,2,8,0,0,0,0,1,1,1,1,47,8,9360,2,5,6,2,6
2.02E+12,1,9,0,4,0,1,0,0,0,0,1,1,6,2,45,7,1390,1,10,6,1,6
2.02E+12,2,5,0,3,0,1,0,0,0,0,2,1,6,1,41,7,800,1,6,4,1,4
2.02E+12,1,9,0,9,0,6,0,0,0,0,1,1,2,1,31,6,1984,1,16,10,1,10
2.02E+12,2,9,0,18,0,8,0,0,7,0,4,1,2,2,44,7,998,1,3,7,1,7
2.02E+12,1,9,0,9,0,6,0,0,0,0,1,1,6,2,69,10,1400,2,11,5,3,5
2.02E+12,2,9,0,18,0,1,0,0,7,3,3,1,6,2,58,9,1149,1,13,8,1,8
2.02E+12,1,9,0,9,0,5,0,0,0,0,1,1,6,1,17,4,1197,1,1,10,2,10
2.02E+12,2,9,0,18,0,1,0,0,0,0,4,1,6,1,38,7,999,1,1,6,1,6
2.02E+12,2,9,0,18,0,1,1,0,0,0,1,1,6,1,46,8,1596,1,9,9,1,9
2.02E+12,1,9,0,18,0,8,0,10,8,11,3,1,6,1,19,4,1149,1,11,7,1,7
2.02E+12,1,9,0,18,0,1,0,0,0,0,1,1,6,2,30,6,1395,1,1,10,1,10
2.02E+12,1,9,0,9,0,1,0,0,0,0,1,1,6,1,56,9,1422,2,9,6,1,6
2.02E+12,2,9,0,17,0,1,0,0,0,0,3,1,6,2,56,9,1339,1,8,3,1,3
2.02E+12,2,9,0,3,0,8,0,0,0,0,2,1,3,2,21,5,1242,1,3,4,1,4
2.02E+12,3,9,0,10,0,8,0,0,0,0,2,1,6,2,26,6,998,1,16,1,1,1
2.02E+12,1,9,0,9,0,6,0,0,1,0,4,1,6,2,74,10,2401,2,15,6,3,6
2.02E+12,1,9,0,18,0,1,0,0,0,0,1,1,6,1,32,6,2179,2,5,1,1,1
2.02E+12,2,9,0,3,0,1,0,0,0,0,2,1,6,2,48,8,1248,1,2,7,1,7
2.02E+12,1,9,0,9,0,6,0,0,0,0,1,1,6,1,32,6,1600,1,18,8,1,8
2.02E+12,2,5,0,17,0,8,0,0,0,0,4,1,6,1,60,9,1441,1,2,3,1,3
2.02E+12,1,19,0,7,2,1,0,0,0,0,0,1,1,3,40,7,1968,2,2,8,2,8
2.02E+12,1,9,0,5,0,4,0,0,0,0,1,1,6,1,40,7,1596,1,1,10,1,10
2.02E+12,2,9,0,5,0,8,0,0,0,0,2,1,6,2,34,6,1995,2,3,6,3,6
2.02E+12,1,8,0,4,0,4,0,0,0,0,1,1,6,1,52,8,1968,2,5,7,1,7
2.02E+12,2,19,0,5,0,4,0,0,0,0,2,1,1,1,52,8,2198,2,1,4,1,4
2.02E+12,1,9,0,18,0,8,0,0,0,0,1,1,6,1,53,8,1149,1,5,7,1,7
2.02E+12,1,9,0,9,0,6,0,0,0,0,1,1,6,2,26,6,1598,1,10,6,1,6
2.02E+12,2,9,0,18,0,1,0,0,0,0,1,1,1,1,21,5,1329,1,4,3,1,3
2.02E+12,1,9,0,9,0,4,0,0,0,0,1,1,6,2,64,9,1997,2,1,3,1,3
2.02E+12,1,9,0,18,0,1,0,0,0,0,1,1,1,1,45,7,999,1,4,8,3,8
2.02E+12,2,9,0,10,0,5,0,0,0,0,2,1,6,2,52,8,1390,1,18,8,3,8
2.02E+12,1,21,0,18,0,1,0,0,0,0,1,1,1,1,40,7,12777,2,1,7,1,7
2.02E+12,2,9,0,3,0,1,0,0,0,0,2,1,6,1,21,5,1199,1,14,9,2,9
2.02E+12,1,9,0,9,0,4,0,0,0,0,1,1,6,1,40,7,1998,1,19,9,1,9
2.02E+12,1,9,0,18,0,8,0,0,0,0,1,1,6,2,34,6,1598,1,11,3,1,3
2.02E+12,1,9,0,9,0,5,0,0,0,0,4,1,6,1,53,8,1968,2,3,4,1,4
2.02E+12,1,3,0,18,2,8,0,0,0,0,1,1,2,1,22,5,125,1,1,3,1,3
2.02E+12,2,9,0,9,0,8,0,0,0,0,4,1,2,1,58,9,1997,2,6,9,1,9
2.02E+12,1,9,0,5,0,4,0,0,0,0,1,1,6,1,56,9,1995,2,6,9,1,9
2.02E+12,1,9,0,3,0,4,0,0,0,0,3,1,6,1,35,6,1685,2,2,7,3,7
2.02E+12,2,9,0,18,0,3,0,0,0,0,4,1,6,1,40,7,1796,2,4,6,1,6
2.02E+12,1,9,0,18,0,1,0,0,0,0,1,1,6,2,45,7,1124,1,14,2,1,2
2.02E+12,2,9,0,3,0,1,0,0,0,0,2,1,1,1,31,6,2199,2,8,8,1,8
2.02E+12,1,9,0,9,0,6,0,0,0,0,1,1,6,2,49,8,999,1,3,6,1,6
2.02E+12,1,9,0,8,0,1,0,0,0,0,4,1,6,1,85,11,1149,1,14,6,2,6
2.02E+12,1,9,0,9,0,8,0,0,0,0,4,1,6,1,41,7,1341,1,17,4,1,4
2.02E+12,2,3,0,18,0,8,0,0,0,0,1,1,6,1,46,8,124,1,2,2,1,2
2.02E+12,1,9,0,18,0,1,0,0,7,0,1,1,6,1,24,5,1998,1,14,6,1,6
2.02E+12,2,9,0,6,0,6,0,0,7,0,1,1,6,2,56,9,998,1,4,10,1,10
2.02E+12,1,9,0,9,0,6,0,0,0,0,1,1,2,2,45,7,1598,1,12,8,3,8
2.02E+12,2,9,0,18,0,8,0,0,0,0,1,1,2,2,50,8,1991,2,9,10,3,10
2.02E+12,1,9,0,18,0,2,0,0,0,0,4,1,6,1,22,5,1587,1,17,7,1,7
2.02E+12,2,9,0,2,0,2,0,0,0,0,3,1,6,1,37,7,1582,2,1,6,1,6
2.02E+12,3,9,0,2,0,2,0,0,0,0,4,1,6,2,27,6,1997,2,2,6,1,6
2.02E+12,1,9,0,18,0,8,0,0,0,0,3,1,2,2,57,9,1386,1,9,4,1,4
2.02E+12,1,9,0,9,0,1,0,0,0,0,1,1,2,1,50,8,1595,1,14,3,1,3
2.02E+12,1,9,0,18,0,8,1,0,0,0,1,1,6,2,43,7,1398,1,2,5,3,5
2.02E+12,2,9,0,10,0,8,0,0,0,0,2,1,6,2,24,5,1461,2,6,5,3,5
2.02E+12,1,9,0,18,0,4,0,0,3,4,1,1,6,2,19,4,1360,1,12,8,1,8
2.02E+12,1,9,0,9,0,1,0,0,1,0,3,1,6,2,65,9,1968,2,1,10,1,10
2.02E+12,1,9,0,7,0,5,0,0,0,0,1,1,6,2,30,6,1686,2,6,4,1,4
2.02E+12,2,9,0,9,0,5,0,0,0,0,2,1,6,2,29,6,1587,1,12,5,1,5
2.02E+12,1,19,0,18,0,5,0,0,0,0,1,1,2,1,63,9,1998,2,15,1,1,1
2.02E+12,1,9,0,18,0,4,0,0,0,0,4,1,6,2,50,8,1396,2,7,2,1,2
2.02E+12,2,5,0,3,0,4,0,0,0,0,3,1,6,1,50,8,599,1,19,6,1,6
2.02E+12,1,19,0,18,0,8,0,0,0,0,3,1,6,1,25,5,2402,2,15,4,2,4
2.02E+12,1,9,0,9,0,1,0,0,0,0,0,1,6,1,25,5,1596,1,8,4,1,4
2.02E+12,1,9,0,18,0,1,0,0,0,2,1,1,6,1,31,6,2295,1,16,9,1,9
2.02E+12,2,21,1,9,0,6,0,0,0,0,4,1,1,1,46,8,10677,2,3,5,1,5
2.02E+12,1,8,0,5,0,8,0,0,0,0,1,1,6,1,66,10,1560,2,10,10,1,10
2.02E+12,2,9,0,18,0,8,0,0,0,0,1,1,6,1,66,10,1598,1,8,4,2,4
2.02E+12,1,9,0,16,0,1,0,0,0,0,1,1,6,1,24,5,1984,1,8,8,1,8
2.02E+12,2,9,0,10,0,1,0,0,0,0,2,1,6,1,46,8,998,1,5,8,1,8
2.02E+12,2,2,0,18,0,8,0,0,0,0,1,1,6,1,32,6,645,1,13,4,1,4
2.02E+12,1,9,0,5,0,4,0,0,0,0,1,1,6,1,20,4,2993,2,6,4,1,4
2.02E+12,2,8,0,10,0,1,0,0,0,0,3,1,6,1,46,8,1910,2,11,7,1,7
2.02E+12,1,9,0,18,0,3,0,0,1,11,1,1,6,1,28,6,1390,1,16,6,1,6
2.02E+12,1,9,0,18,0,1,0,0,0,0,1,1,6,1,30,6,1799,1,7,6,1,6
2.02E+12,1,9,0,1,0,6,0,0,0,0,2,1,6,2,68,10,1598,1,13,3,1,3
2.02E+12,1,9,0,1,0,8,0,0,0,0,2,1,6,1,40,7,2143,2,5,6,1,6
2.02E+12,2,9,0,18,0,1,0,0,0,0,3,1,6,2,30,6,1388,1,9,2,1,2
2.02E+12,2,9,0,9,0,1,0,0,0,0,2,1,6,2,30,6,1198,1,11,2,1,2
2.02E+12,2,9,0,9,0,8,0,0,0,0,3,1,6,2,52,8,1997,2,9,2,1,2
2.02E+12,1,9,0,18,0,1,0,0,0,0,1,1,6,1,23,5,1731,1,20,7,1,7
2.02E+12,1,9,0,9,0,5,0,0,0,0,3,1,1,1,40,7,1997,2,9,5,1,5
2.02E+12,1,9,0,9,0,5,0,0,0,0,4,1,6,1,40,7,1200,1,3,2,1,2
2.02E+12,1,9,0,4,0,1,0,0,0,0,1,1,1,1,47,8,2000,2,8,7,1,7
2.02E+12,1,19,0,1,0,2,0,0,0,0,2,2,6,1,30,6,2198,2,1,6,1,6
2.02E+12,2,3,0,4,0,2,0,0,0,0,1,1,6,1,51,8,1052,1,22,2,1,2
2.02E+12,1,9,0,18,0,1,0,0,0,0,2,1,6,1,23,5,999,1,1,5,1,5
2.02E+12,2,9,0,18,0,4,0,0,0,0,1,1,6,1,37,7,1364,1,12,4,1,4
2.02E+12,1,9,0,18,0,6,1,0,1,9,4,1,6,1,52,8,1398,1,14,2,1,2
2.02E+12,2,9,0,18,0,8,1,0,0,0,1,1,6,1,46,8,1560,2,8,8,1,8
2.02E+12,1,11,0,9,0,8,0,0,0,0,1,1,1,1,54,8,9000,2,11,5,1,5
2.02E+12,2,9,0,18,0,8,0,0,0,0,3,1,2,1,40,7,1600,1,17,4,1,4
2.02E+12,1,20,0,13,0,1,0,0,0,0,4,1,1,1,50,8,4250,2,19,5,1,5
2.02E+12,1,9,0,9,0,8,0,0,0,0,1,1,6,2,21,5,998,1,1,9,3,9
2.02E+12,1,19,0,7,0,8,0,0,0,0,4,1,6,1,57,9,1560,2,3,2,1,2
2.02E+12,2,2,0,18,0,1,0,0,0,0,1,1,6,1,42,7,198,1,16,3,1,3
2.02E+12,1,9,0,7,0,6,0,0,0,0,1,1,6,2,59,9,1461,2,1,10,1,10
2.02E+12,2,9,0,2,0,1,0,0,0,0,2,1,6,2,36,7,1360,1,13,4,1,4
2.02E+12,1,3,0,16,0,8,0,4,7,0,1,1,2,1,21,5,125,1,8,3,1,3
2.02E+12,2,19,0,2,0,1,0,0,0,0,2,1,6,1,50,8,2198,2,2,2,1,2
2.02E+12,1,11,0,4,7,8,0,0,0,5,4,1,1,1,34,6,9000,2,8,3,1,3
2.02E+12,1,9,0,9,0,8,0,0,0,0,4,1,6,2,59,9,1896,2,15,8,1,8
2.02E+12,1,3,0,18,0,1,0,0,0,0,1,1,6,1,18,4,123,1,1,3,1,3
2.02E+12,2,19,0,9,0,1,0,0,0,0,3,1,1,2,44,7,1248,2,4,9,1,9
2.02E+12,2,9,0,4,0,1,0,0,0,0,3,1,2,1,28,6,1895,1,16,3,1,3
2.02E+12,1,9,0,5,0,4,0,0,0,0,1,1,6,1,44,7,1389,1,14,6,1,6
2.02E+12,1,9,0,7,0,8,0,0,0,0,1,1,6,1,45,7,1560,2,4,4,1,4
2.02E+12,1,9,0,9,0,6,0,0,0,0,1,1,2,1,51,8,1242,1,13,3,1,3