Accident_Index,Vehicle_Reference,Vehicle_Type,Towing_and_Articulation,Vehicle_Manoeuvre,Vehicle_Location-Restricted_Lane,Junction_Location,Skidding_and_Overturning,Hit_Object_in_Carriageway,Vehicle_Leaving_Carriageway,Hit_Object_off_Carriageway,1st_Point_of_Impact,Was_Vehicle_Left_Hand_Drive?,Journey_Purpose_of_Driver,Sex_of_Driver,Age_of_Driver,Age_Band_of_Driver,Engine_Capacity_(CC),Propulsion_Code,Age_of_Vehicle,Driver_IMD_Decile,Driver_Home_Area_Type,Vehicle_IMD_Decile
2.02E+12,1,9,0,9,0,5,0,0,0,0,1,1,1,2,33,6,1799,1,10,6,1,6
2.02E+12,2,9,0,18,0,1,0,0,0,0,1,1,4,1,41,7,1994,1,12,4,1,4
2.02E+12,2,9,0,4,0,1,0,0,0,0,2,1,1,1,30,6,2993,2,3,8,1,8
2.02E+12,1,19,0,16,0,1,0,0,0,0,1,1,1,1,37,7,1870,2,12,4,3,4
2.02E+12,2,9,0,10,0,1,0,0,0,0,2,1,2,1,40,7,2480,1,5,10,1,10
2.02E+12,1,9,0,4,0,1,0,0,0,0,1,1,6,2,30,6,1396,1,16,2,1,2
2.02E+12,1,11,0,5,0,2,0,0,0,0,0,1,1,1,63,9,4461,2,4,4,1,4
2.02E+12,1,9,0,9,0,2,0,0,0,0,4,1,6,1,73,10,698,1,13,5,1,5
2.02E+12,2,5,0,18,0,1,0,0,0,0,1,1,6,1,29,6,599,1,18,4,1,4
2.02E+12,1,9,0,18,0,2,0,4,0,0,1,1,2,2,49,8,1242,1,6,10,2,10
2.02E+12,1,9,0,18,0,8,0,0,0,0,1,1,6,2,26,6,1339,1,13,4,1,4
2.02E+12,2,9,0,18,0,1,0,0,0,0,2,1,6,2,59,9,1086,1,10,7,1,7
2.02E+12,1,9,0,18,0,8,0,4,0,0,4,1,6,2,33,6,1968,2,7,7,1,7
2.02E+12,1,9,0,8,0,4,0,0,0,0,1,1,6,1,27,6,1398,1,5,5,1,5
2.02E+12,2,9,0,8,0,4,0,0,0,0,2,1,6,1,36,7,1598,2,2,4,1,4
2.02E+12,1,9,0,18,0,1,0,0,0,0,1,1,2,1,57,9,1896,2,11,7,1,7
2.02E+12,1,9,0,4,0,1,0,0,0,0,4,1,6,3,33,6,2179,2,2,8,1,8
2.02E+12,2,9,0,3,0,1,0,0,0,0,1,1,6,2,17,4,1275,1,21,6,3,6
2.02E+12,2,9,0,18,0,8,0,0,0,0,4,1,6,2,54,8,1600,1,17,6,3,6
2.02E+12,2,11,0,5,0,8,0,0,0,0,0,1,1,1,54,8,11967,2,9,2,1,2
2.02E+12,1,9,0,9,0,6,0,0,0,0,1,1,6,2,47,8,2401,2,10,9,1,9
2.02E+12,1,9,0,7,0,6,0,0,0,0,3,1,3,1,42,7,1242,1,3,5,1,5
2.02E+12,2,9,0,18,0,1,0,0,0,0,1,1,2,1,47,8,2199,2,2,10,1,10
2.02E+12,1,9,0,18,0,8,5,0,7,11,1,1,6,2,71,10,1586,1,5,7,2,7
2.02E+12,1,9,0,18,0,1,0,0,0,0,1,1,2,1,35,6,1995,2,10,2,1,2
2.02E+12,2,9,0,4,0,1,0,0,0,0,2,1,6,2,33,6,1591,1,1,8,1,8
2.02E+12,2,9,0,10,0,1,0,0,0,0,2,1,6,2,31,6,1197,1,4,8,1,8
2.02E+12,1,9,0,7,0,4,0,0,0,0,3,1,6,2,88,11,998,1,2,7,1,7
2.02E+12,1,9,0,9,0,4,0,0,0,0,1,1,6,1,40,7,1896,2,14,5,2,5
2.02E+12,2,3,0,9,0,8,0,0,0,0,4,1,6,1,34,6,124,1,1,9,1,9
2.02E+12,1,9,0,18,0,1,0,0,0,0,1,1,6,2,42,7,1499,2,1,9,1,9
2.02E+12,1,9,0,18,0,8,0,0,0,0,1,1,6,1,90,11,1328,1,13,5,1,5
2.02E+12,2,19,0,17,0,8,0,0,0,0,1,1,1,1,39,7,1560,2,1,9,2,9
2.02E+12,2,9,0,18,0,2,0,0,0,0,4,1,6,2,38,7,1587,1,14,2,1,2
2.02E+12,1,9,0,5,0,8,0,0,0,0,1,1,2,1,27,6,1968,2,14,9,1,9
2.02E+12,1,9,0,18,0,8,0,0,0,0,1,1,6,1,75,10,898,1,3,3,1,3
2.02E+12,1,9,0,9,0,4,0,0,0,0,3,1,2,1,41,7,1422,2,9,1,1,1
2.02E+12,1,8,0,9,0,8,0,0,0,0,1,1,6,1,81,11,1043,1,29,10,1,10
2.02E+12,1,9,0,16,0,8,2,0,2,10,4,1,2,1,28,6,1599,1,11,7,3,7
2.02E+12,1,21,0,18,0,8,1,0,0,0,1,1,1,1,39,7,10677,2,2,3,1,3
2.02E+12,3,9,0,10,0,5,0,0,0,0,2,1,6,2,55,8,2000,2,13,10,1,10
2.02E+12,1,8,0,5,0,8,0,0,0,0,4,1,2,1,51,8,1968,2,4,6,1,6
2.02E+12,2,9,0,18,0,8,0,0,0,0,3,1,6,2,23,5,1200,1,1,8,1,8
2.02E+12,3,9,0,18,0,8,0,0,0,0,2,1,6,1,30,6,1995,2,3,7,1,7
2.02E+12,2,9,0,18,0,2,0,0,0,0,1,1,6,1,37,7,1496,2,1,4,2,4
2.02E+12,1,9,0,13,0,1,0,0,0,0,4,1,6,2,21,5,1242,1,4,6,1,6
2.02E+12,1,9,0,9,0,6,0,0,1,0,3,1,6,2,21,5,1198,1,8,6,3,6
2.02E+12,2,9,0,18,0,8,0,0,0,0,1,1,6,1,30,6,1598,2,3,9,1,9
2.02E+12,1,9,0,18,0,4,0,0,0,0,1,1,6,2,80,11,1086,1,10,4,1,4
2.02E+12,2,9,0,9,0,8,0,0,0,0,4,1,6,2,25,5,998,1,1,6,1,6
2.02E+12,1,9,0,7,0,8,0,0,0,0,1,1,6,1,50,8,1390,1,12,3,1,3
2.02E+12,2,9,0,8,0,1,0,0,0,0,2,1,6,1,26,6,1242,1,15,9,1,9
2.02E+12,1,19,0,7,0,1,0,0,0,0,1,1,2,1,28,6,1995,2,9,7,1,7
2.02E+12,2,9,0,8,0,1,0,0,0,0,2,1,6,1,50,8,1598,1,11,6,1,6
2.02E+12,1,9,0,18,0,8,0,0,0,0,1,1,6,2,91,11,1390,1,11,10,2,10
2.02E+12,2,9,0,18,0,8,1,0,0,0,4,1,6,2,22,5,1360,1,10,8,2,8
2.02E+12,1,9,0,18,0,2,0,0,0,0,2,1,6,1,60,9,1998,1,1,1,1,1
2.02E+12,1,9,0,18,0,1,0,0,0,0,1,1,6,2,67,10,998,1,4,8,1,8
2.02E+12,2,9,0,7,0,5,0,0,0,0,2,1,6,1,38,7,1598,1,17,4,1,4
2.02E+12,1,9,0,9,0,2,0,0,0,0,1,1,6,1,36,7,2435,1,17,1,1,1
2.02E+12,2,3,0,18,0,8,0,0,0,0,1,1,6,1,22,5,125,1,3,1,1,1
2.02E+12,1,9,0,18,0,2,0,4,0,0,1,1,6,2,49,8,1598,1,14,10,1,10
2.02E+12,1,9,0,18,0,2,0,0,0,0,1,1,1,2,26,6,1560,2,5,1,1,1
2.02E+12,1,9,0,18,0,3,1,10,1,10,1,1,6,2,23,5,1199,1,15,4,1,4
2.02E+12,1,9,0,6,0,2,0,0,4,4,1,1,6,2,19,4,998,1,5,2,1,2
2.02E+12,2,9,0,18,0,8,1,0,4,0,1,1,1,1,32,6,1248,1,2,6,3,6
2.02E+12,3,9,0,18,0,8,0,0,0,0,3,1,6,1,73,10,1998,1,15,4,1,4
2.02E+12,1,9,0,9,0,4,0,0,0,0,1,1,6,2,82,11,998,1,8,8,1,8
2.02E+12,1,9,0,9,0,5,0,0,0,0,4,1,6,2,71,10,1043,1,25,9,1,9
2.02E+12,1,9,0,14,0,2,0,0,0,0,3,1,6,1,25,5,1896,2,12,10,1,10
2.02E+12,1,9,0,18,0,8,0,0,0,0,1,1,6,1,83,11,1242,1,12,8,2,8
2.02E+12,2,9,0,10,0,5,0,0,0,0,2,1,2,1,39,7,1598,1,11,7,3,7
2.02E+12,1,19,0,5,0,1,0,0,0,0,1,1,1,1,56,9,1995,2,10,2,1,2
2.02E+12,2,9,0,8,0,1,0,0,0,0,2,1,6,2,58,9,1198,1,12,3,1,3
2.02E+12,1,9,0,6,0,2,0,0,0,0,3,1,6,1,32,6,1360,1,10,1,1,1
2.02E+12,2,5,0,14,0,1,0,0,0,0,1,1,2,1,20,4,599,1,17,2,1,2
2.02E+12,1,9,0,18,0,8,0,0,0,0,1,1,6,2,37,7,1390,1,15,7,1,7
2.02E+12,2,9,0,9,0,6,0,0,0,0,2,1,6,1,45,7,1689,2,13,8,1,8
2.02E+12,1,9,0,5,0,8,0,0,0,0,1,1,6,2,65,9,1242,1,6,6,1,6
2.02E+12,2,9,0,4,0,3,0,0,0,0,2,1,6,1,31,6,1198,1,4,5,1,5
2.02E+12,1,9,0,7,0,6,0,0,0,0,4,1,6,1,42,7,1968,2,3,10,1,10
2.02E+12,1,11,0,2,0,8,0,0,0,0,0,1,1,1,52,8,5132,2,2,4,1,4
2.02E+12,1,9,0,11,0,8,0,0,0,0,4,1,6,1,22,5,1229,1,7,8,1,8
2.02E+12,2,9,0,7,0,8,0,0,0,0,3,1,1,2,30,6,1332,1,20,7,2,7
2.02E+12,1,9,0,13,0,1,0,0,0,0,4,1,6,1,64,9,1587,1,11,3,1,3
2.02E+12,2,11,0,9,0,3,0,0,0,0,0,1,6,1,46,8,5132,2,2,4,1,4
2.02E+12,1,9,0,18,0,4,0,0,0,0,1,1,6,2,30,6,1499,1,1,7,1,7
2.02E+12,2,9,0,3,0,1,0,0,0,0,2,1,6,2,36,7,1968,2,2,2,1,2
2.02E+12,1,9,0,9,0,6,0,0,0,0,1,1,2,2,45,7,1995,2,2,9,3,9
2.02E+12,2,9,0,18,0,1,0,0,0,0,1,1,2,2,29,6,1598,1,12,2,1,2
2.02E+12,2,9,0,10,0,1,0,0,0,0,3,1,6,2,40,7,1995,2,8,7,3,7
2.02E+12,1,9,0,16,0,7,1,0,2,2,1,1,2,1,32,6,1988,1,14,3,1,3
2.02E+12,1,9,0,18,0,8,0,0,0,0,2,1,6,2,32,6,1598,1,14,5,1,5
2.02E+12,2,9,0,18,0,4,0,0,0,0,3,1,6,2,45,7,1995,2,7,10,1,10
2.02E+12,1,9,0,9,0,6,0,0,0,0,3,1,3,2,38,7,1198,1,2,4,1,4
2.02E+12,2,5,0,14,0,1,1,0,0,0,1,1,2,1,34,6,675,1,7,6,1,6
2.02E+12,1,9,0,7,0,6,0,0,0,0,1,1,1,1,20,4,1364,1,3,4,2,4
2.02E+12,2,5,0,17,0,8,0,0,0,0,4,1,1,1,49,8,700,1,30,8,3,8
2.02E+12,1,3,0,4,0,1,0,0,0,0,1,1,1,1,27,6,125,1,6,2,1,2
2.02E+12,2,9,0,3,0,8,0,0,0,0,2,1,2,1,48,8,1998,1,15,9,1,9
2.02E+12,1,11,0,18,2,1,0,0,0,0,1,1,1,1,60,9,9000,2,9,8,1,8
2.02E+12,1,19,0,7,0,6,0,0,0,0,1,1,1,1,27,6,1870,2,12,5,1,5
2.02E+12,1,9,0,9,0,8,0,0,0,0,4,1,6,2,78,11,1329,1,8,4,3,4
2.02E+12,2,9,0,18,0,1,0,0,0,0,1,1,6,2,32,6,1685,2,5,5,2,5
2.02E+12,1,9,0,18,0,1,0,0,0,0,4,1,6,2,66,10,1242,1,9,3,1,3
2.02E+12,1,9,0,18,0,8,1,0,0,0,1,1,6,1,47,8,1396,1,21,8,1,8
2.02E+12,2,9,0,4,0,8,1,0,0,0,2,1,6,1,51,8,1341,1,12,2,1,2
2.02E+12,1,9,0,4,0,4,0,0,0,0,1,1,6,1,30,6,1598,1,9,9,1,9
2.02E+12,3,9,0,4,0,4,0,0,0,0,2,1,6,1,32,6,1956,2,2,4,1,4
2.02E+12,1,9,0,18,0,8,0,0,0,0,1,1,2,2,47,8,1242,1,8,10,1,10
2.02E+12,2,5,0,9,0,8,0,0,0,0,1,1,2,1,44,7,599,1,13,2,1,2
2.02E+12,1,9,0,18,0,1,0,0,0,0,1,1,6,2,49,8,1995,2,14,6,1,6
2.02E+12,1,9,0,18,0,1,0,0,7,0,1,1,6,1,39,7,1794,1,14,5,1,5
2.02E+12,2,19,0,9,0,1,0,0,7,10,3,1,6,1,54,8,1998,2,12,9,1,9
2.02E+12,1,11,0,7,0,1,0,0,0,0,0,1,6,2,27,6,9400,2,12,9,3,9
2.02E+12,1,9,0,5,0,3,0,0,0,0,1,1,1,1,17,4,1360,1,11,9,1,9
2.02E+12,1,3,0,5,0,1,0,0,0,0,0,1,1,1,22,5,124,1,2,3,1,3
2.02E+12,2,11,0,18,0,8,0,0,0,0,1,2,1,1,51,8,6700,2,6,6,1,6
2.02E+12,1,9,0,7,0,8,0,0,0,0,1,1,6,2,17,4,998,1,5,9,1,9
2.02E+12,1,9,0,18,0,4,2,10,0,1,4,1,6,2,42,7,1870,2,9,4,1,4
2.02E+12,1,9,0,7,4,5,0,0,0,0,4,1,6,1,60,9,1985,1,16,5,1,5
2.02E+12,2,9,0,2,6,1,0,0,1,0,3,1,6,1,33,6,1796,1,4,7,1,7
2.02E+12,1,9,0,12,0,6,0,0,0,0,3,1,6,1,66,10,1329,1,2,10,1,10
2.02E+12,2,4,0,4,0,1,1,0,0,0,1,1,6,1,35,6,599,1,14,1,1,1
2.02E+12,2,9,0,18,0,8,0,0,0,0,3,1,6,1,73,10,1599,1,41,5,3,5
2.02E+12,1,9,0,18,0,1,0,0,0,0,4,1,6,1,40,7,1200,1,1,3,1,3
2.02E+12,2,3,0,18,0,1,0,0,0,0,1,1,6,1,40,7,124,1,2,4,1,4
2.02E+12,1,19,0,6,0,1,0,0,0,0,3,1,1,1,26,6,1399,2,9,9,1,9
2.02E+12,2,9,0,18,0,1,0,0,0,0,1,1,6,2,35,6,2198,2,3,7,1,7
2.02E+12,1,9,0,9,0,2,0,0,0,0,1,1,6,2,84,11,1596,1,14,6,1,6
2.02E+12,2,9,0,18,0,2,0,0,0,0,4,1,6,1,44,7,1360,1,12,7,1,7
2.02E+12,1,9,0,15,0,1,0,0,0,0,3,1,6,1,30,6,1600,1,13,6,1,6
2.02E+12,2,9,0,18,0,1,0,0,0,0,1,1,6,1,34,6,1999,1,12,6,1,6
2.02E+12,1,9,0,18,0,8,0,0,0,0,1,1,6,1,28,6,2993,2,1,3,1,3
2.02E+12,2,9,0,10,0,8,0,0,0,0,2,1,6,2,68,10,1798,1,8,6,2,6
2.02E+12,1,9,0,7,0,8,0,0,0,0,1,1,6,2,33,6,1598,1,11,1,1,1
2.02E+12,2,9,0,18,0,8,0,0,0,0,1,1,6,1,33,6,1590,1,18,8,1,8
2.02E+12,2,9,0,18,0,8,0,0,0,0,1,1,2,1,65,9,2496,1,14,5,1,5
2.02E+12,1,9,0,9,0,1,0,0,0,0,1,1,6,2,78,11,1390,1,16,3,1,3
2.02E+12,1,9,0,7,0,2,0,0,0,0,1,1,2,2,45,7,2298,1,20,3,1,3
2.02E+12,1,19,0,9,0,8,0,0,0,0,1,1,6,1,45,7,2874,2,18,7,3,7
2.02E+12,1,9,0,5,0,8,0,0,0,0,3,1,6,1,62,9,1461,2,3,7,1,7
2.02E+12,1,9,0,9,0,6,0,0,0,0,4,1,6,2,29,6,1598,1,12,4,1,4
2.02E+12,1,21,0,18,0,1,1,0,0,0,1,1,1,1,59,9,5880,2,12,5,3,5
2.02E+12,2,9,0,10,0,1,0,0,0,0,2,1,6,1,64,9,2967,2,3,9,3,9
2.02E+12,1,19,0,9,0,8,0,0,0,0,1,1,2,1,48,8,1560,2,2,9,1,9
2.02E+12,1,2,0,15,0,4,0,0,0,0,1,1,6,1,18,4,49,1,6,6,1,6
2.02E+12,2,9,0,5,0,4,0,0,0,0,1,1,6,2,81,11,998,1,2,7,1,7
2.02E+12,2,9,0,9,0,8,0,0,0,0,4,1,6,1,79,11,1388,1,10,6,1,6
2.02E+12,2,9,0,18,5,8,0,0,0,0,3,1,6,2,48,8,1910,2,11,3,1,3
2.02E+12,2,9,0,18,0,1,0,0,0,0,2,1,6,2,27,6,1596,1,14,7,1,7
2.02E+12,1,9,0,9,0,8,0,0,0,0,1,1,1,1,30,6,1995,2,1,4,1,4
2.02E+12,2,9,0,18,0,2,0,0,0,0,4,1,3,1,55,8,1910,2,11,7,1,7
2.02E+12,1,19,0,2,0,1,0,0,0,0,1,1,1,1,50,8,1248,2,4,6,1,6
2.02E+12,2,8,0,18,0,1,0,0,0,0,3,1,6,1,49,8,1299,1,16,9,1,9
2.02E+12,1,9,0,4,0,1,0,0,0,0,1,1,6,2,40,7,1896,2,15,8,3,8
2.02E+12,2,9,0,3,0,1,0,0,0,0,2,1,6,1,43,7,2143,2,1,8,1,8
2.02E+12,1,9,0,18,0,4,0,0,0,0,1,1,6,1,57,9,2664,2,13,10,3,10
2.02E+12,2,9,0,9,0,3,0,0,0,0,1,1,6,1,72,10,1995,2,2,4,1,4
2.02E+12,2,9,0,3,0,2,0,0,0,0,3,1,2,1,32,6,1798,8,4,4,1,4
2.02E+12,1,19,0,9,0,6,0,0,0,0,1,1,1,1,35,6,1753,2,14,8,3,8
2.02E+12,2,9,0,18,0,1,0,0,0,0,3,1,6,1,48,8,1769,1,15,8,1,8
2.02E+12,1,9,0,18,0,1,0,0,0,0,1,1,6,1,78,11,1248,2,11,5,3,5
2.02E+12,1,9,0,9,0,4,0,0,0,0,1,1,6,2,64,9,1598,1,7,8,3,8
2.02E+12,2,9,0,9,0,4,0,0,0,0,2,1,6,2,63,9,998,1,7,6,3,6
2.02E+12,2,9,0,3,0,1,0,0,0,0,2,1,6,1,39,7,2143,2,4,4,1,4
2.02E+12,1,9,0,9,0,8,0,0,0,0,1,1,2,2,22,5,1248,1,8,10,1,10
2.02E+12,2,9,0,18,0,8,0,0,0,0,1,1,2,2,49,8,1339,1,3,3,1,3
2.02E+12,1,9,0,18,0,1,0,0,0,0,1,1,6,1,18,4,1390,1,14,8,1,8
2.02E+12,2,9,0,18,0,1,0,0,7,10,1,1,6,2,40,7,1596,1,8,6,1,6
2.02E+12,1,9,0,18,0,5,0,0,0,0,1,1,6,1,26,6,1896,2,10,4,1,4
2.02E+12,2,9,0,18,0,5,0,0,0,0,2,1,6,1,56,9,1910,2,9,6,1,6
2.02E+12,1,9,0,18,0,1,0,0,0,0,1,1,2,2,33,6,1997,1,13,7,1,7
2.02E+12,2,9,0,5,0,1,0,0,0,0,2,1,6,2,22,5,1242,1,4,8,1,8
2.02E+12,1,8,0,9,0,5,0,0,0,0,3,1,1,1,26,6,1598,2,2,8,1,8
2.02E+12,1,9,0,6,0,2,0,0,0,0,0,1,1,1,27,6,999,1,1,2,1,2
2.02E+12,2,5,0,18,0,2,0,0,0,0,0,1,6,1,37,7,599,1,11,3,1,3
2.02E+12,1,9,0,9,0,4,0,0,0,0,1,1,6,2,71,10,1618,1,2,5,3,5
2.02E+12,2,9,0,18,0,4,0,0,0,0,4,1,6,1,57,9,1242,1,5,8,3,8
2.02E+12,1,9,0,18,0,1,1,10,4,0,4,1,6,1,19,4,1229,1,4,9,2,9
2.02E+12,1,9,0,18,0,1,0,0,0,0,1,1,2,1,32,6,1560,2,2,3,1,3
2.02E+12,2,9,0,10,0,1,0,0,0,0,2,1,6,1,54,8,1910,2,8,9,3,9
2.02E+12,3,8,0,18,0,1,0,0,0,0,1,1,1,1,53,8,1997,2,6,10,1,10
2.02E+12,1,9,0,9,0,8,0,0,0,0,1,1,6,1,42,7,1686,2,15,4,1,4
2.02E+12,2,9,0,5,0,1,0,0,0,0,1,1,6,1,17,4,1390,1,13,4,1,4
2.02E+12,1,9,0,18,0,8,0,0,0,0,1,1,6,1,52,8,1395,1,5,4,1,4
2.02E+12,1,8,0,9,0,6,0,0,0,0,1,1,1,1,63,9,1560,2,7,1,1,1
2.02E+12,2,9,0,18,0,1,0,0,0,0,1,1,6,1,37,7,1360,1,14,1,1,1
2.02E+12,3,9,0,18,0,1,0,0,0,0,1,1,6,2,21,5,1242,1,7,10,2,10
2.02E+12,1,9,0,6,0,8,0,0,0,0,3,1,3,1,43,7,1995,2,3,8,1,8
2.02E+12,2,5,0,13,0,8,0,0,0,0,4,1,2,1,44,7,781,1,18,4,1,4
2.02E+12,2,9,0,3,0,2,0,0,0,0,2,1,6,2,50,8,2902,2,11,3,1,3
2.02E+12,1,9,0,12,0,1,0,0,0,0,3,1,6,1,46,8,1968,2,2,10,2,10
2.02E+12,2,5,0,18,0,1,0,0,0,0,1,1,6,1,46,8,998,1,10,4,1,4
2.02E+12,1,9,0,18,0,1,0,0,0,0,3,1,6,1,76,11,1794,1,13,6,2,6
2.02E+12,2,19,0,18,0,1,0,0,0,0,2,1,6,1,35,6,2198,2,6,5,1,5
2.02E+12,2,19,0,3,0,1,0,0,0,0,2,1,6,1,36,7,2198,2,9,10,1,10
2.02E+12,1,9,0,18,0,8,0,0,0,0,1,1,6,2,73,10,1499,1,2,8,2,8
2.02E+12,2,9,0,4,0,8,0,0,0,0,2,1,6,2,63,9,998,1,6,8,1,8
2.02E+12,3,9,0,4,0,8,0,0,0,0,2,1,6,2,57,9,1968,2,5,6,1,6
2.02E+12,1,20,0,13,0,8,0,0,0,0,4,1,1,1,60,9,3920,2,10,5,1,5
2.02E+12,1,9,0,9,0,8,0,0,0,0,1,1,2,2,43,7,1796,1,13,7,1,7
2.02E+12,2,9,0,18,0,8,0,0,0,0,1,1,2,1,38,7,4799,1,9,4,1,4
2.02E+12,2,19,0,3,0,8,0,0,0,0,4,1,1,1,33,6,2198,2,3,7,1,7
2.02E+12,1,9,0,18,0,1,0,0,0,0,1,1,2,2,40,7,1596,1,6,8,1,8
2.02E+12,1,9,0,5,0,8,0,0,1,11,1,1,6,1,17,4,1598,1,10,8,1,8
2.02E+12,2,9,0,18,0,8,0,0,7,11,1,1,6,2,32,6,1686,2,4,5,1,5
2.02E+12,1,9,0,18,0,8,0,0,0,0,1,1,2,1,61,9,998,1,18,6,1,6
2.02E+12,1,5,0,18,0,1,1,0,0,0,1,1,6,1,45,7,599,1,16,8,1,8
2.02E+12,2,9,0,3,0,1,0,0,0,0,3,1,2,2,44,7,1242,1,7,2,1,2
2.02E+12,2,9,0,4,0,1,0,0,0,0,2,1,6,2,45,7,1598,1,11,10,1,10
2.02E+12,1,9,0,11,0,1,0,0,0,0,4,1,6,1,52,8,3000,1,7,6,1,6
2.02E+12,2,9,0,3,0,1,0,0,0,0,3,1,6,2,46,8,1984,1,13,8,1,8
2.02E+12,1,9,0,18,0,3,0,0,0,0,1,1,6,1,59,9,1560,2,10,3,1,3
2.02E+12,1,9,0,18,0,1,0,0,0,0,1,1,2,1,39,7,1396,1,17,5,1,5
2.02E+12,2,19,0,4,0,1,0,0,0,0,2,1,2,1,49,8,2198,2,6,8,1,8
2.02E+12,3,9,0,4,0,1,0,0,0,0,2,1,1,1,39,7,1499,2,1,6,1,6
2.02E+12,1,8,0,5,0,8,0,0,0,0,1,1,6,1,45,7,1598,2,5,3,1,3
2.02E+12,1,9,0,18,0,1,0,0,0,0,1,1,6,1,45,7,1999,1,10,6,3,6
2.02E+12,2,9,0,18,0,1,0,0,0,0,1,1,6,2,19,4,1329,1,7,9,2,9
2.02E+12,1,9,0,9,0,6,0,0,0,0,1,1,1,1,22,5,1910,2,11,1,1,1
2.02E+12,2,9,0,18,0,8,0,0,0,0,1,1,6,1,28,6,1360,1,11,2,1,2
2.02E+12,2,3,0,18,0,1,0,0,0,0,0,1,6,1,18,4,124,1,2,7,1,7
2.02E+12,1,9,0,9,0,8,0,0,0,0,4,1,6,1,75,10,1999,1,15,4,1,4
2.02E+12,2,5,0,14,0,1,1,0,0,0,1,1,6,1,28,6,865,1,1,6,1,6
2.02E+12,3,19,0,4,0,1,0,0,0,0,0,1,6,1,43,7,1896,2,10,8,1,8
2.02E+12,1,9,0,9,0,8,0,0,0,0,1,1,6,1,80,11,1461,2,10,8,1,8
2.02E+12,2,4,0,18,0,8,0,0,0,0,1,1,6,1,43,7,125,1,1,7,3,7
2.02E+12,1,9,0,9,0,8,0,0,0,0,1,1,6,1,35,6,2199,2,6,8,1,8
2.02E+12,2,9,0,18,0,8,1,0,2,10,3,1,2,1,39,7,1999,1,2,6,1,6
2.02E+12,3,9,0,3,0,1,0,0,1,9,1,1,2,1,21,5,1198,1,9,10,2,10
2.02E+12,4,9,0,18,0,1,0,0,0,0,1,1,2,1,53,8,2993,2,5,9,2,9
2.02E+12,1,9,0,4,0,1,0,0,0,0,1,1,6,1,31,6,1997,2,13,5,1,5
2.02E+12,2,9,0,4,0,1,0,0,0,0,2,1,6,1,46,8,1956,2,7,4,1,4
2.02E+12,2,9,0,3,0,1,0,0,0,0,2,1,6,2,80,11,1329,1,5,6,1,6
2.02E+12,2,9,0,3,0,1,0,0,0,0,2,1,6,1,35,6,1596,1,8,7,1,7
2.02E+12,1,9,0,7,1,2,0,0,0,0,1,1,6,1,18,4,1368,1,8,4,1,4
2.02E+12,2,9,0,18,1,1,0,0,0,0,1,1,6,1,40,7,1997,2,5,5,1,5
2.02E+12,1,9,0,18,0,2,0,0,0,0,0,1,6,1,78,11,1390,1,14,6,1,6
2.02E+12,2,5,0,18,0,2,1,0,0,0,0,1,6,1,47,8,1130,1,13,2,1,2
2.02E+12,2,11,0,2,0,1,0,0,0,0,3,1,6,1,35,6,5132,2,1,3,1,3
2.02E+12,1,9,0,9,0,8,0,0,0,0,3,1,6,2,25,5,1398,1,6,10,1,10
2.02E+12,2,9,0,18,0,8,0,0,0,0,1,1,6,2,61,9,1598,1,10,10,2,10
2.02E+12,2,9,0,9,0,2,0,0,0,0,1,1,6,2,47,8,1461,2,1,5,1,5
2.02E+12,3,9,0,18,0,1,0,0,0,0,0,1,6,2,48,8,1598,1,9,4,1,4
2.02E+12,1,9,0,7,0,3,0,0,0,0,1,1,6,2,48,8,2231,2,11,8,1,8
2.02E+12,1,9,0,17,0,5,0,0,2,2,1,1,6,1,24,5,1753,2,13,7,1,7
2.02E+12,2,9,0,13,0,8,0,0,1,0,1,1,6,1,31,6,1999,1,1,2,1,2
2.02E+12,1,9,0,18,0,4,0,0,0,0,3,1,1,1,54,8,1496,2,3,9,3,9
2.02E+12,1,19,0,9,0,8,0,0,0,0,1,1,2,1,35,6,2198,2,2,5,2,5
2.02E+12,2,9,0,10,0,8,0,0,0,0,2,1,6,2,40,7,1390,1,17,9,1,9
2.02E+12,1,9,0,9,0,6,0,0,0,0,1,1,6,2,19,4,1390,1,6,8,3,8
2.02E+12,2,9,0,18,0,1,0,0,0,0,1,1,6,2,38,7,1560,2,1,6,1,6
2.02E+12,2,9,0,3,0,1,0,0,0,0,2,1,6,1,50,8,1995,2,1,5,1,5
2.02E+12,2,9,0,3,0,4,0,0,0,0,2,1,2,2,39,7,1364,1,10,4,1,4
2.02E+12,3,9,0,10,0,8,0,0,0,0,2,1,6,1,56,9,1496,1,2,9,2,9
2.02E+12,1,8,0,9,0,8,0,0,0,0,1,1,6,1,30,6,1598,2,4,4,1,4
2.02E+12,1,9,0,7,0,5,0,0,0,0,4,1,6,2,40,7,1560,2,7,7,1,7
2.02E+12,1,9,0,9,0,8,0,0,0,0,1,1,6,2,20,4,998,1,10,5,1,5
2.02E+12,1,9,0,18,0,1,0,0,0,0,1,1,6,1,46,8,1390,1,5,9,1,9
2.02E+12,2,9,0,3,0,2,0,0,0,0,2,1,3,2,37,7,1796,1,9,6,1,6
2.02E+12,1,9,0,12,0,8,0,0,0,0,3,1,6,2,32,6,1686,2,6,3,1,3
2.02E+12,2,9,0,18,0,1,0,0,0,0,1,1,2,2,28,6,1598,1,13,3,1,3