Accident_Index,Vehicle_Reference,Vehicle_Type,Towing_and_Articulation,Vehicle_Manoeuvre,Vehicle_Location-Restricted_Lane,Junction_Location,Skidding_and_Overturning,Hit_Object_in_Carriageway,Vehicle_Leaving_Carriageway,Hit_Object_off_Carriageway,1st_Point_of_Impact,Was_Vehicle_Left_Hand_Drive?,Journey_Purpose_of_Driver,Sex_of_Driver,Age_of_Driver,Age_Band_of_Driver,Engine_Capacity_(CC),Propulsion_Code,Age_of_Vehicle,Driver_IMD_Decile,Driver_Home_Area_Type,Vehicle_IMD_Decile
2.02E+12,2,9,0,18,0,8,0,0,7,4,4,1,5,1,18,4,1391,1,20,6,1,6
2.02E+12,1,9,0,9,0,1,0,0,0,0,3,1,5,2,27,6,1686,2,5,9,1,9
2.02E+12,2,9,0,17,0,8,0,0,0,0,1,1,5,1,29,6,1984,1,10,6,3,6
2.02E+12,2,9,0,2,0,1,0,0,0,0,2,1,1,1,38,7,1794,1,14,4,1,4
2.02E+12,1,19,0,9,0,6,0,0,0,0,3,1,1,1,45,7,1598,2,3,3,1,3
2.02E+12,2,4,0,18,0,1,0,0,0,0,1,1,5,1,83,11,346,1,15,7,3,7
2.02E+12,1,9,0,18,0,4,0,0,0,0,4,1,6,2,30,6,1242,1,16,8,1,8
2.02E+12,1,9,0,18,0,8,0,0,0,0,1,1,2,1,30,6,2979,1,12,10,2,10
2.02E+12,2,9,0,9,0,6,0,0,0,0,3,1,2,2,46,8,2987,2,12,7,1,7
2.02E+12,1,19,0,18,0,8,0,0,0,0,1,1,6,1,29,6,1598,2,5,8,1,8
2.02E+12,1,9,0,18,0,1,0,0,0,0,1,1,1,1,27,6,1461,2,1,8,1,8
2.02E+12,2,9,0,2,0,1,0,0,0,0,2,1,1,1,22,5,1685,2,2,3,1,3
2.02E+12,3,9,0,2,0,1,0,0,0,0,2,1,5,2,54,8,1598,2,5,5,1,5
2.02E+12,1,9,0,9,0,2,0,0,0,0,1,1,6,1,31,6,1396,1,13,5,1,5
2.02E+12,2,9,0,18,0,1,0,0,0,0,3,1,6,2,45,7,1995,2,12,4,1,4
2.02E+12,1,19,0,18,0,1,0,0,0,0,1,1,6,1,46,8,2402,2,6,6,1,6
2.02E+12,2,9,0,7,0,8,0,0,0,0,2,1,1,2,50,8,1329,1,3,3,1,3
2.02E+12,1,9,0,5,0,6,0,0,0,0,1,1,6,1,45,7,1587,1,17,2,1,2
2.02E+12,2,9,0,18,0,1,0,0,0,0,1,1,6,2,37,7,1994,2,15,5,1,5
2.02E+12,1,9,0,18,0,1,1,0,1,0,1,1,1,2,37,7,1598,1,15,6,1,6
2.02E+12,2,9,0,18,0,1,1,0,0,0,1,1,5,1,42,7,1968,2,7,8,1,8
2.02E+12,1,9,0,9,0,5,0,0,0,0,1,1,6,2,31,6,1390,1,6,5,1,5
2.02E+12,2,9,0,7,0,1,0,0,0,0,1,1,6,1,24,5,1896,2,15,4,3,4
2.02E+12,1,2,0,14,0,1,0,0,0,0,1,1,5,1,16,4,49,1,14,5,1,5
2.02E+12,2,9,0,9,0,1,0,0,0,0,3,1,5,2,30,6,1995,2,10,9,1,9
2.02E+12,1,9,0,5,0,1,0,0,0,0,1,1,5,1,21,5,1995,2,4,4,3,4
2.02E+12,1,3,0,18,0,8,0,0,0,0,1,1,4,2,18,4,125,1,8,8,1,8
2.02E+12,1,9,0,12,0,7,0,0,0,0,1,1,5,2,52,8,1390,1,14,5,1,5
2.02E+12,2,9,0,4,0,7,0,0,0,0,2,1,1,2,35,6,898,1,2,6,1,6
2.02E+12,1,9,0,9,0,6,0,4,0,0,1,1,6,2,53,8,1999,1,15,7,1,7
2.02E+12,2,9,0,2,0,1,0,10,0,0,2,1,5,2,34,6,1560,2,5,8,1,8
2.02E+12,1,9,0,18,0,4,0,0,0,0,3,1,5,2,49,8,2982,2,14,7,3,7
2.02E+12,1,9,0,9,0,5,0,0,0,0,1,1,6,2,72,10,1240,1,10,6,1,6
2.02E+12,1,5,0,4,0,1,0,0,1,0,3,1,5,1,48,8,1690,1,2,5,1,5
2.02E+12,2,9,0,18,0,1,0,0,0,0,1,1,5,1,62,9,1597,2,2,9,1,9
2.02E+12,1,3,0,18,0,1,1,0,0,0,1,1,2,1,37,7,125,1,2,3,3,3
2.02E+12,2,9,0,18,0,1,0,0,0,0,2,1,3,2,36,7,1560,2,4,6,1,6
2.02E+12,2,9,0,18,0,1,0,0,0,0,2,1,6,2,29,6,1360,1,12,2,3,2
2.02E+12,1,3,0,4,0,1,5,0,0,0,4,1,1,1,28,6,108,1,1,1,1,1
2.02E+12,1,9,0,18,0,5,0,0,7,11,3,1,6,1,75,10,1910,2,11,7,2,7
2.02E+12,1,9,0,17,0,1,0,0,0,0,1,1,2,1,25,5,1781,1,16,8,1,8
2.02E+12,2,9,0,4,0,1,0,0,1,0,2,1,2,1,33,6,1199,1,4,4,3,4
2.02E+12,1,5,0,16,0,1,5,0,0,0,4,1,2,1,51,8,583,1,19,4,1,4
2.02E+12,1,9,0,7,0,6,0,0,1,0,3,1,5,2,60,9,1198,1,1,2,1,2
2.02E+12,2,9,0,18,0,1,0,0,0,0,1,1,5,1,29,6,1968,2,7,6,3,6
2.02E+12,1,20,1,1,0,1,0,0,0,0,2,1,2,1,51,8,12740,2,1,9,1,9
2.02E+12,2,9,0,18,0,1,5,0,7,0,1,1,5,1,20,4,1598,1,8,9,1,9
2.02E+12,3,9,0,18,0,1,0,0,1,0,4,1,5,1,23,5,1596,1,2,7,1,7
2.02E+12,1,9,0,18,0,1,0,0,0,0,1,1,6,1,19,4,1149,1,13,8,1,8
2.02E+12,2,9,0,3,0,1,0,0,0,0,2,1,5,1,70,10,1796,2,5,7,3,7
2.02E+12,1,9,0,18,0,6,0,0,0,0,1,1,6,2,72,10,1596,1,7,6,1,6
2.02E+12,2,9,0,18,0,1,0,0,0,0,1,1,6,2,67,10,1796,1,21,3,1,3
2.02E+12,1,9,0,16,0,1,1,7,3,0,1,1,5,2,29,6,1598,1,13,5,2,5
2.02E+12,1,19,0,5,0,6,0,0,0,0,3,1,6,1,71,10,1753,2,10,8,1,8
2.02E+12,2,9,0,18,0,1,0,0,0,0,1,1,6,2,20,4,999,1,14,6,1,6
2.02E+12,1,3,0,18,0,1,0,0,0,0,1,1,6,1,63,9,124,1,9,4,1,4
2.02E+12,2,9,0,9,0,5,0,0,0,0,0,1,6,1,58,9,1995,2,2,7,1,7
2.02E+12,1,9,0,18,0,8,0,0,0,0,1,1,5,2,69,10,1397,1,5,4,3,4
2.02E+12,2,9,0,9,0,8,0,0,3,0,2,1,5,1,40,7,1461,2,12,4,3,4
2.02E+12,1,19,0,18,0,5,0,0,3,10,1,1,6,2,24,5,1998,2,16,1,1,1
2.02E+12,1,9,0,18,9,1,0,0,0,0,1,1,6,1,80,11,1318,1,1,7,1,7
2.02E+12,2,9,0,9,0,1,0,0,0,0,2,1,6,1,33,6,1360,1,13,7,1,7
2.02E+12,1,9,0,9,0,6,0,0,0,0,3,1,5,2,61,9,1995,2,5,8,3,8
2.02E+12,1,9,0,17,0,8,0,0,0,0,1,1,6,1,26,6,1595,1,14,2,1,2
2.02E+12,2,9,0,18,0,8,0,0,0,0,3,1,6,2,25,5,1596,1,8,6,2,6
2.02E+12,1,9,0,9,0,5,0,0,0,0,1,1,1,2,62,9,1968,2,1,4,2,4
2.02E+12,1,4,0,18,0,2,0,0,0,0,1,1,6,1,21,5,398,1,25,3,1,3
2.02E+12,1,9,0,9,0,1,0,0,0,0,4,1,6,1,24,5,998,1,14,4,1,4
2.02E+12,2,3,0,18,0,1,0,0,0,0,1,1,6,1,41,7,124,1,15,1,1,1
2.02E+12,1,9,0,9,0,4,0,0,0,0,1,1,6,1,18,4,1598,2,1,3,1,3
2.02E+12,1,19,0,9,0,5,0,0,0,0,4,1,1,1,42,7,2402,2,11,3,1,3
2.02E+12,2,9,0,18,0,1,0,0,0,0,1,1,2,2,22,5,1399,2,5,4,2,4
2.02E+12,3,9,0,8,0,6,0,0,0,0,1,1,6,2,29,6,1968,2,11,5,1,5
2.02E+12,1,9,0,16,0,8,5,0,1,10,4,1,5,1,19,4,1995,1,15,6,3,6
2.02E+12,1,9,0,18,0,8,0,0,0,0,2,1,6,2,52,8,1598,1,12,2,1,2
2.02E+12,2,9,0,18,0,4,0,0,0,0,1,1,6,1,51,8,1598,1,5,8,1,8
2.02E+12,1,9,0,9,0,5,0,0,0,0,1,1,5,2,59,9,1299,1,9,6,1,6
2.02E+12,1,8,0,18,0,8,0,0,0,0,1,1,1,1,37,7,1598,2,3,2,1,2
2.02E+12,2,21,1,1,0,5,0,0,0,0,3,1,1,1,48,8,12809,2,4,9,1,9
2.02E+12,1,9,0,9,0,5,0,0,0,0,4,1,3,1,40,7,1796,1,9,4,1,4
2.02E+12,1,9,0,5,0,8,1,0,0,0,1,1,6,1,71,10,1343,1,14,2,1,2
2.02E+12,2,9,0,5,0,8,1,0,0,0,1,1,6,1,43,7,1598,1,9,3,1,3
2.02E+12,1,9,0,18,0,8,0,0,0,0,1,1,5,2,31,6,1598,1,15,5,3,5
2.02E+12,2,9,0,4,0,8,0,0,0,0,2,1,5,2,69,10,1108,1,11,6,1,6
2.02E+12,1,9,0,18,0,8,0,0,0,0,1,1,6,2,50,8,1596,1,13,3,1,3
2.02E+12,1,3,0,18,0,1,2,0,0,0,0,1,6,1,48,8,124,1,1,1,1,1
2.02E+12,2,9,0,3,0,1,0,0,0,0,0,1,6,2,56,9,1984,1,9,8,1,8
2.02E+12,2,9,0,18,0,3,0,0,0,0,1,1,5,1,87,11,1240,1,8,9,1,9
2.02E+12,3,9,0,18,0,8,0,0,0,0,4,1,5,1,39,7,1956,2,6,3,1,3
2.02E+12,1,9,0,18,0,1,0,0,0,0,4,1,5,2,47,8,998,1,6,2,1,2
2.02E+12,1,9,0,18,0,8,0,0,0,0,1,1,6,1,36,7,1582,2,1,10,1,10
2.02E+12,2,9,0,10,0,1,0,0,0,0,2,1,6,2,64,9,2688,2,15,6,3,6
2.02E+12,1,9,0,7,0,8,1,0,8,3,3,1,5,2,37,7,1997,2,15,4,2,4
2.02E+12,1,9,0,3,0,1,0,0,0,0,2,1,6,1,31,6,1686,2,10,6,1,6
2.02E+12,2,9,0,3,0,1,0,0,0,0,1,1,6,2,50,8,1086,1,11,1,1,1
2.02E+12,1,9,0,18,0,3,0,0,0,0,1,1,3,2,39,7,1753,2,14,1,1,1
2.02E+12,1,9,0,18,0,1,0,0,0,0,1,1,6,1,36,7,1587,1,11,3,3,3
2.02E+12,2,9,0,18,0,1,1,0,0,0,1,1,6,1,49,8,2982,2,8,7,1,7
2.02E+12,3,9,0,10,0,1,0,0,0,0,1,1,6,2,21,5,998,1,8,2,3,2
2.02E+12,1,9,0,5,0,4,0,0,0,0,1,1,6,2,27,6,1229,1,5,9,1,9
2.02E+12,1,9,0,18,0,1,0,0,0,0,1,1,1,1,27,6,1995,2,11,4,3,4
2.02E+12,2,9,0,18,0,1,0,0,0,0,2,1,1,1,24,5,1984,1,15,4,3,4
2.02E+12,1,9,0,18,0,8,0,0,4,0,1,1,1,2,33,6,1499,2,1,6,2,6
2.02E+12,1,9,0,9,0,8,0,0,0,0,1,1,5,1,33,6,1598,1,7,4,1,4
2.02E+12,1,9,0,7,0,5,0,0,0,0,1,1,6,2,55,8,1597,1,19,1,1,1
2.02E+12,2,9,0,18,0,8,0,0,0,0,0,1,1,1,60,9,3200,2,1,10,2,10
2.02E+12,1,3,0,18,0,8,0,0,0,0,4,1,2,1,58,9,399,1,9,5,1,5
2.02E+12,1,90,0,10,0,1,0,0,0,0,3,1,1,1,56,9,2461,2,14,6,2,6
2.02E+12,2,9,0,16,0,1,1,0,0,0,1,1,1,2,28,6,1149,1,15,4,3,4
2.02E+12,1,9,0,18,0,4,0,0,0,0,3,1,6,1,73,10,1591,1,8,7,1,7
2.02E+12,2,9,0,9,0,4,0,0,0,0,1,1,6,1,28,6,1968,2,8,5,3,5
2.02E+12,3,9,0,4,0,2,0,0,0,0,2,1,6,2,41,7,1995,2,6,4,3,4
2.02E+12,1,9,0,18,0,1,0,0,0,0,1,1,6,2,28,6,1399,1,1,1,1,1
2.02E+12,2,3,0,18,0,2,0,0,0,0,1,1,6,1,28,6,125,1,1,4,1,4
2.02E+12,1,9,0,17,0,1,1,0,0,0,1,1,5,1,24,5,999,1,17,3,1,3
2.02E+12,2,9,0,17,0,1,0,0,0,0,1,1,5,2,26,6,1149,1,15,2,1,2
2.02E+12,1,9,0,18,0,1,0,0,0,0,1,1,5,2,48,8,1798,1,10,8,1,8
2.02E+12,2,9,0,18,0,1,0,0,0,0,1,1,6,1,50,8,1124,1,19,9,3,9
2.02E+12,1,3,0,18,0,8,0,0,0,0,1,1,5,1,35,6,125,1,13,2,1,2
2.02E+12,2,9,0,9,0,1,0,0,0,0,4,1,5,1,56,9,1910,2,9,2,1,2
2.02E+12,2,9,0,3,0,1,1,9,7,0,2,1,5,2,42,7,1461,2,7,5,1,5
2.02E+12,1,8,0,9,0,8,0,0,1,0,4,1,5,1,32,6,1686,2,7,1,1,1
2.02E+12,2,9,0,18,0,1,0,0,1,0,1,1,5,2,37,7,1461,2,5,5,1,5
2.02E+12,1,9,0,5,0,6,0,0,0,0,1,1,6,1,25,5,1999,1,10,9,3,9
2.02E+12,2,9,0,18,0,1,5,0,0,0,1,1,6,2,62,9,1999,2,1,9,3,9
2.02E+12,1,9,0,18,0,1,0,0,0,0,1,1,5,1,19,4,1149,1,17,5,2,5
2.02E+12,2,9,0,4,0,1,0,0,0,0,2,1,2,1,51,8,995,1,12,4,3,4
2.02E+12,1,9,0,18,0,1,0,0,0,0,1,1,5,2,31,6,1900,2,13,8,2,8
2.02E+12,2,9,0,3,0,1,0,0,0,0,2,1,5,2,20,4,998,1,13,4,2,4
2.02E+12,1,9,0,18,0,1,2,0,2,10,1,1,6,1,30,6,1598,1,14,6,1,6
2.02E+12,2,11,0,18,0,1,0,0,0,0,0,1,1,1,50,8,9600,2,17,5,1,5
2.02E+12,1,9,0,9,0,8,0,0,0,0,1,1,3,2,39,7,1598,1,12,3,1,3
2.02E+12,1,9,0,16,0,1,0,0,0,0,1,1,5,1,55,8,1590,1,21,4,3,4
2.02E+12,2,20,1,7,0,2,0,0,0,0,1,1,1,1,26,6,10837,2,9,6,3,6
2.02E+12,1,19,0,18,0,6,0,0,0,0,3,1,6,1,55,8,1995,2,4,6,1,6
2.02E+12,1,9,0,9,0,1,0,0,0,0,1,1,1,1,30,6,1560,2,3,8,1,8
2.02E+12,1,9,0,10,0,1,0,0,0,0,1,1,5,1,62,9,2184,2,13,3,2,3
2.02E+12,2,19,0,18,0,1,0,0,0,0,1,1,1,1,53,8,1560,2,9,4,3,4
2.02E+12,1,9,0,5,0,4,0,0,0,0,1,1,6,2,55,8,1198,1,14,6,2,6
2.02E+12,2,9,0,18,0,3,0,0,0,0,4,1,6,2,24,5,1397,1,15,4,1,4
2.02E+12,2,9,0,18,0,8,0,0,0,0,4,1,6,1,44,7,1799,1,9,4,2,4
2.02E+12,2,9,0,7,0,4,0,0,0,0,4,1,6,2,50,8,1396,1,14,7,3,7
2.02E+12,1,9,0,18,0,7,0,0,0,0,1,1,6,1,67,10,3200,2,15,4,1,4
2.02E+12,2,9,0,18,0,7,0,0,0,0,2,1,2,2,38,7,998,1,1,8,1,8
2.02E+12,1,9,0,9,0,6,0,0,0,0,3,1,2,1,58,9,1699,1,12,8,1,8
2.02E+12,1,9,0,17,0,8,0,0,0,0,1,1,5,2,38,7,1598,2,6,3,3,3
2.02E+12,2,9,0,2,0,8,0,0,0,0,2,1,5,2,26,6,1339,1,14,5,3,5
2.02E+12,3,9,0,2,0,8,0,0,0,0,4,1,5,2,38,7,1560,2,7,3,3,3
2.02E+12,4,9,0,2,0,8,0,0,0,0,3,1,5,2,58,9,1560,2,5,5,3,5
2.02E+12,1,9,0,17,0,1,0,0,7,0,1,1,5,1,36,7,1586,1,11,3,1,3
2.02E+12,2,19,0,9,0,2,0,0,2,0,3,1,5,1,23,5,2461,2,15,3,1,3
2.02E+12,1,9,0,9,0,5,0,0,0,0,1,1,1,1,27,6,1124,1,18,4,3,4
2.02E+12,1,9,0,18,0,1,0,0,0,0,1,1,5,2,53,8,1997,2,12,2,1,2
2.02E+12,1,9,0,18,0,1,0,0,7,0,1,1,5,2,87,11,998,1,1,5,3,5
2.02E+12,2,9,0,18,0,2,0,0,0,0,1,1,5,1,41,7,1997,2,1,6,2,6
2.02E+12,1,3,0,13,0,1,0,0,0,0,1,1,1,2,22,5,125,1,1,4,2,4
2.02E+12,1,2,0,18,0,3,0,0,0,0,1,1,6,2,51,8,49,1,3,1,1,1
2.02E+12,2,9,0,18,0,3,0,0,0,0,3,1,6,1,75,10,1197,1,1,10,1,10
2.02E+12,1,9,0,16,0,1,1,0,7,11,1,1,5,2,83,11,1242,1,4,4,1,4
2.02E+12,1,9,0,18,0,7,0,0,6,0,1,1,5,1,29,6,1497,8,2,5,1,5
2.02E+12,2,9,0,18,0,1,0,0,6,0,4,1,5,1,56,9,1299,1,12,8,1,8
2.02E+12,3,9,0,3,0,7,0,0,3,0,2,1,5,1,48,8,1124,1,14,5,1,5
2.02E+12,1,5,0,17,0,8,5,0,1,0,1,1,6,1,41,7,599,1,20,5,3,5
2.02E+12,2,9,0,9,0,6,0,0,0,0,2,1,6,1,47,8,1388,1,5,4,3,4
2.02E+12,2,9,0,18,0,1,0,0,0,0,2,1,1,2,32,6,1998,1,15,6,2,6
2.02E+12,1,9,0,5,0,6,0,0,0,0,3,1,6,1,59,9,2996,1,12,5,3,5
2.02E+12,2,5,0,16,0,1,0,0,0,0,1,1,6,1,43,7,1000,1,4,5,1,5
2.02E+12,1,9,0,1,0,1,0,0,0,0,2,1,6,1,67,10,1968,2,11,8,1,8
2.02E+12,1,9,0,18,0,1,0,0,0,0,1,1,5,1,22,5,1896,2,12,7,1,7
2.02E+12,1,9,0,7,0,1,1,0,0,0,1,1,6,2,18,4,1598,1,14,5,3,5
2.02E+12,1,21,1,18,0,1,1,0,1,10,1,1,2,1,54,8,10677,2,2,4,2,4
2.02E+12,3,19,0,18,0,1,0,0,1,10,3,1,1,1,48,8,2198,2,7,2,2,2
2.02E+12,1,9,0,18,0,3,1,0,1,1,1,1,5,1,28,6,2200,1,16,6,1,6
2.02E+12,1,11,0,9,0,8,0,0,0,0,4,1,1,1,60,9,8268,2,15,3,2,3
2.02E+12,1,9,0,9,0,6,0,0,0,0,1,1,2,2,49,8,2500,2,16,7,3,7
2.02E+12,2,9,0,18,0,8,0,0,0,0,1,1,5,2,65,9,1595,1,10,5,1,5
2.02E+12,1,9,0,16,0,1,0,10,0,0,1,1,1,1,33,6,1598,2,3,2,1,2
2.02E+12,2,9,0,3,0,1,0,0,0,0,2,1,5,2,57,9,1198,1,2,6,1,6
2.02E+12,1,9,0,4,0,1,0,0,0,0,1,1,5,1,75,10,1895,1,18,4,1,4
2.02E+12,1,9,0,8,0,1,0,0,0,0,2,1,5,2,50,8,998,1,14,3,1,3
2.02E+12,2,9,0,18,0,1,0,0,0,0,1,1,5,2,22,5,1198,1,11,10,1,10
2.02E+12,1,9,0,3,0,4,0,0,0,0,1,1,5,1,32,6,2435,1,16,8,1,8
2.02E+12,2,9,0,5,0,4,0,0,0,0,2,1,5,2,58,9,1997,2,1,2,3,2
2.02E+12,1,9,0,9,0,2,0,0,0,0,1,1,2,1,44,7,2494,1,15,8,1,8
2.02E+12,2,5,0,15,0,2,0,0,0,0,4,1,6,1,46,8,1157,1,14,5,2,5
2.02E+12,1,19,0,18,0,8,0,0,0,0,1,1,6,1,33,6,2198,2,2,2,1,2
2.02E+12,2,9,0,3,0,8,0,0,0,0,2,1,6,1,30,6,1596,1,9,3,1,3
2.02E+12,1,9,0,18,0,1,0,0,7,0,1,1,1,1,29,6,1896,2,14,3,2,3
2.02E+12,2,9,0,9,0,1,0,0,0,0,1,1,1,2,53,8,998,1,3,7,3,7
2.02E+12,1,9,0,18,0,8,0,0,0,0,1,1,6,1,21,5,1493,1,20,2,1,2
2.02E+12,2,9,0,3,0,8,0,0,0,0,2,1,2,2,26,6,1598,2,3,8,1,8
2.02E+12,1,9,0,5,0,1,0,0,0,0,4,1,5,1,68,10,1998,1,12,7,1,7
2.02E+12,2,19,0,10,0,1,0,0,0,0,1,1,1,1,32,6,2198,2,1,6,3,6
2.02E+12,1,9,0,5,0,4,0,0,0,0,3,1,6,1,21,5,1995,2,13,6,1,6
2.02E+12,2,9,0,18,0,4,0,0,0,0,1,1,6,2,20,4,1200,1,1,3,1,3
2.02E+12,1,9,0,9,0,8,0,0,0,0,3,1,2,2,26,6,1590,1,16,4,1,4
2.02E+12,2,9,0,18,0,3,0,0,0,0,1,1,2,1,38,7,1968,2,4,1,1,1
2.02E+12,1,9,0,5,0,8,0,0,0,0,3,1,2,2,47,8,1598,1,12,4,1,4
2.02E+12,2,9,0,5,0,1,0,0,0,0,1,1,2,2,32,6,1299,1,15,4,1,4
2.02E+12,2,9,0,18,0,8,0,0,0,0,3,1,2,1,23,5,1364,1,8,8,2,8
2.02E+12,2,9,0,2,0,1,0,0,0,0,3,1,6,1,28,6,1339,1,8,7,1,7
2.02E+12,1,9,0,18,0,1,1,10,7,9,1,1,6,1,54,8,1360,1,14,7,1,7
2.02E+12,2,9,0,18,0,1,0,0,1,10,3,1,6,1,40,7,1360,1,14,5,2,5
2.02E+12,1,9,0,18,0,1,0,0,0,0,1,1,5,2,19,4,1229,1,7,8,1,8
2.02E+12,2,9,0,18,0,1,0,0,0,0,2,1,5,2,33,6,1398,2,13,3,1,3
2.02E+12,3,9,0,4,0,1,0,0,0,0,3,1,5,2,22,5,1598,1,16,1,1,1
2.02E+12,1,9,0,4,0,1,0,0,0,0,0,1,6,2,23,5,1299,1,16,2,2,2
2.02E+12,3,9,0,18,0,1,0,0,0,0,2,1,6,1,56,9,1598,1,12,5,3,5
2.02E+12,4,9,0,18,0,1,0,0,0,0,2,1,6,1,48,8,2198,1,11,6,3,6
2.02E+12,1,9,0,6,0,4,0,0,0,0,1,1,5,2,74,10,1339,1,3,6,2,6
2.02E+12,1,9,0,18,0,1,0,0,0,0,3,1,6,2,43,7,1910,2,9,1,1,1
2.02E+12,2,19,0,5,0,5,0,0,0,0,3,1,5,1,21,5,1968,2,1,5,2,5
2.02E+12,1,9,0,18,0,8,0,0,0,0,1,1,6,1,32,6,1560,2,8,6,1,6
2.02E+12,2,9,0,9,0,8,0,0,0,0,4,1,6,1,48,8,1246,1,9,6,1,6
2.02E+12,1,9,0,9,0,4,0,0,0,0,3,1,3,2,55,8,1796,1,15,2,1,2
2.02E+12,2,11,0,18,0,4,0,0,0,0,1,1,1,1,65,9,3900,2,13,1,1,1
2.02E+12,1,9,0,18,0,2,0,0,0,0,3,1,5,1,70,10,1242,1,15,7,1,7
2.02E+12,1,9,0,18,0,6,0,0,0,0,1,1,5,2,71,10,1248,1,4,2,3,2
2.02E+12,2,5,0,18,0,8,0,0,0,0,1,1,6,1,37,7,1450,1,13,10,1,10
2.02E+12,1,9,0,18,0,8,1,0,0,0,1,1,6,2,81,11,998,1,15,7,1,7
2.02E+12,1,9,0,18,0,1,0,0,0,0,1,1,6,1,29,6,1598,1,14,5,1,5
2.02E+12,1,9,0,8,0,4,0,0,0,0,1,1,5,2,75,10,1994,1,14,8,1,8
2.02E+12,2,9,0,2,0,2,0,0,0,0,2,1,6,1,49,8,1390,1,11,1,1,1
2.02E+12,1,9,0,18,0,3,0,0,7,0,1,1,5,2,28,6,1598,1,15,4,1,4
2.02E+12,1,9,0,18,0,1,0,0,0,0,1,1,6,1,33,6,1299,1,17,4,1,4
2.02E+12,2,9,0,18,0,1,0,0,0,0,1,1,6,2,39,7,1199,1,14,6,1,6
2.02E+12,1,9,0,18,0,1,0,0,0,0,1,1,6,1,58,9,1560,2,3,6,1,6
2.02E+12,2,9,0,2,0,1,0,0,0,0,2,1,1,1,53,8,1560,2,9,8,1,8
2.02E+12,1,8,0,2,0,2,0,0,0,0,2,1,1,1,54,8,1598,2,3,1,1,1
2.02E+12,1,9,0,18,0,1,0,0,0,0,3,1,3,2,28,6,1360,1,13,2,1,2
2.02E+12,1,9,0,9,0,6,0,0,0,0,1,1,1,1,61,9,1997,2,9,4,3,4
2.02E+12,1,9,0,9,0,1,0,0,0,0,1,1,1,2,21,5,1242,1,17,3,1,3
2.02E+12,2,9,0,18,0,1,0,0,0,0,1,1,1,1,42,7,1956,2,2,2,1,2
2.02E+12,1,9,0,7,0,7,1,0,3,1,1,1,5,1,18,4,1360,1,6,7,1,7
2.02E+12,1,5,0,18,0,8,0,0,0,0,1,1,5,1,23,5,599,1,15,3,2,3
2.02E+12,2,9,4,9,0,8,0,0,0,0,3,1,1,1,53,8,2982,2,6,3,1,3
2.02E+12,1,9,0,9,0,1,0,0,0,0,1,1,1,1,22,5,1560,2,2,5,3,5
2.02E+12,2,9,0,18,0,1,1,0,1,0,3,1,2,1,20,4,1796,1,12,5,1,5
2.02E+12,1,19,0,18,8,1,1,0,0,0,1,1,6,1,42,7,2999,2,14,4,2,4
2.02E+12,2,9,0,6,0,1,0,0,0,0,3,1,5,2,52,8,1997,1,14,4,2,4
2.02E+12,1,9,0,18,0,1,0,0,0,0,1,1,5,1,17,4,1198,1,11,7,2,7
2.02E+12,2,9,0,3,0,1,0,0,0,0,2,1,5,2,29,6,1598,1,12,2,1,2
2.02E+12,1,9,0,18,0,1,1,10,2,0,1,1,5,1,32,6,2996,1,10,4,3,4
2.02E+12,2,9,0,18,0,1,0,0,0,0,3,1,5,1,69,10,1368,1,8,6,1,6
2.02E+12,3,9,0,18,0,1,0,0,0,0,3,1,5,2,46,8,1388,1,14,5,2,5
2.02E+12,1,9,0,9,0,1,1,0,0,0,3,1,5,2,55,8,1149,1,6,4,3,4
2.02E+12,2,9,0,18,0,1,0,0,0,0,3,1,6,2,49,8,2987,2,11,4,1,4
2.02E+12,1,19,0,18,0,1,0,0,0,0,1,1,2,1,50,8,1968,2,4,4,1,4
2.02E+12,2,9,0,9,0,6,0,0,0,0,3,1,5,2,28,6,1200,1,2,5,1,5
2.02E+12,1,9,0,4,0,1,0,0,0,0,1,1,5,2,72,10,1796,1,16,4,1,4
2.02E+12,2,9,0,3,0,1,0,0,0,0,2,1,2,1,69,10,2401,2,11,5,1,5
2.02E+12,1,9,0,5,0,2,0,0,0,0,1,1,5,2,32,6,1587,1,15,1,1,1
2.02E+12,2,9,0,3,0,8,0,0,0,0,2,1,3,2,26,6,1242,1,8,5,1,5
2.02E+12,1,9,0,9,0,6,0,0,0,0,1,1,5,1,19,4,1149,1,20,2,1,2
2.02E+12,2,9,0,18,0,1,0,0,0,0,4,1,5,2,38,7,998,1,15,5,3,5
2.02E+12,1,9,0,1,9,6,0,0,0,0,2,1,5,1,66,10,1124,1,7,3,1,3
2.02E+12,1,9,0,3,0,4,0,0,0,0,4,1,6,2,45,7,1461,2,2,10,1,10
2.02E+12,1,9,0,9,0,6,0,0,0,0,1,1,5,1,63,9,1461,2,6,3,1,3
2.02E+12,2,9,0,18,0,8,0,0,0,0,4,1,5,1,47,8,998,1,9,6,1,6
2.02E+12,1,9,0,18,0,8,0,7,0,0,1,1,5,1,26,6,1896,2,16,5,1,5
2.02E+12,1,3,0,17,0,3,0,0,0,0,4,1,5,2,42,7,101,1,10,9,1,9
2.02E+12,2,9,0,17,0,4,0,0,0,0,1,1,1,2,58,9,1461,2,5,5,3,5
2.02E+12,2,9,0,9,0,6,0,0,0,0,1,1,5,2,62,9,2494,2,14,9,2,9