Accident_Index,Vehicle_Reference,Vehicle_Type,Towing_and_Articulation,Vehicle_Manoeuvre,Vehicle_Location-Restricted_Lane,Junction_Location,Skidding_and_Overturning,Hit_Object_in_Carriageway,Vehicle_Leaving_Carriageway,Hit_Object_off_Carriageway,1st_Point_of_Impact,Was_Vehicle_Left_Hand_Drive?,Journey_Purpose_of_Driver,Sex_of_Driver,Age_of_Driver,Age_Band_of_Driver,Engine_Capacity_(CC),Propulsion_Code,Age_of_Vehicle,Driver_IMD_Decile,Driver_Home_Area_Type,Vehicle_IMD_Decile
2.02E+12,1,9,0,7,0,3,0,0,0,0,1,1,6,2,21,5,1560,2,3,6,2,6
2.02E+12,1,19,0,17,0,6,0,0,0,0,0,1,1,1,31,6,2499,2,5,5,2,5
2.02E+12,2,9,0,9,0,8,0,0,0,0,3,1,1,1,36,7,2204,2,10,3,1,3
2.02E+12,1,9,0,1,0,5,0,0,0,0,4,1,5,1,83,11,1339,1,10,3,1,3
2.02E+12,1,9,0,5,5,8,0,0,0,0,4,1,6,1,70,10,1999,2,1,10,2,10
2.02E+12,1,9,0,18,0,6,0,0,0,0,3,1,5,1,22,5,1398,1,1,3,3,3
2.02E+12,2,9,0,18,0,1,0,0,0,0,4,1,5,1,18,4,1398,2,10,5,3,5
2.02E+12,1,19,0,7,0,6,0,0,0,0,3,1,1,1,53,8,1968,2,2,9,1,9
2.02E+12,1,9,0,18,0,8,0,0,0,0,1,1,5,1,79,11,1586,1,4,7,1,7
2.02E+12,2,9,0,18,0,8,0,0,0,0,2,1,5,1,19,4,1364,1,13,6,1,6
2.02E+12,1,9,0,5,0,4,0,0,0,0,4,1,2,1,48,8,1984,1,15,1,1,1
2.02E+12,2,9,0,5,0,4,0,0,0,0,1,1,5,2,55,8,1781,1,18,3,1,3
2.02E+12,1,9,0,9,0,2,0,0,0,0,3,1,5,2,19,4,1199,2,7,1,1,1
2.02E+12,2,11,0,18,0,1,0,0,0,0,3,1,5,1,34,6,6700,2,1,3,3,3
2.02E+12,1,9,0,9,0,1,0,0,0,0,1,1,5,1,57,9,1999,2,2,5,3,5
2.02E+12,2,9,0,18,0,1,0,0,1,0,1,1,5,1,69,10,1995,2,12,4,3,4
2.02E+12,1,9,0,5,0,6,0,0,0,0,1,1,6,1,73,10,1905,1,31,3,1,3
2.02E+12,2,3,0,18,0,8,0,0,0,0,1,1,2,1,27,6,124,1,3,1,1,1
2.02E+12,1,9,0,18,0,1,0,0,0,0,1,1,3,2,42,7,1591,1,9,2,1,2
2.02E+12,2,9,0,1,0,1,0,0,0,0,2,1,3,2,45,7,1995,2,11,6,1,6
2.02E+12,1,9,0,18,0,1,1,0,0,0,1,1,2,2,18,4,1124,1,16,5,2,5
2.02E+12,2,9,0,18,0,1,1,0,0,0,1,1,5,1,21,5,1229,1,2,8,3,8
2.02E+12,3,21,1,18,0,1,1,0,0,0,0,1,1,1,42,7,12740,2,2,1,1,1
2.02E+12,1,9,0,7,0,1,0,0,0,0,1,1,1,1,73,10,1582,2,1,3,1,3
2.02E+12,2,9,0,3,0,3,0,0,0,0,2,1,5,2,33,6,1956,2,6,2,1,2
2.02E+12,2,19,0,18,0,1,0,0,0,0,1,1,1,1,47,8,1598,2,4,3,1,3
2.02E+12,1,9,0,5,0,2,0,0,0,0,2,1,5,1,81,11,1242,1,6,9,3,9
2.02E+12,2,3,0,18,0,1,1,0,0,0,1,1,5,2,21,5,124,1,10,2,1,2
2.02E+12,1,9,0,18,0,1,0,0,0,0,1,1,6,1,51,8,1871,2,14,9,2,9
2.02E+12,1,9,0,9,0,8,0,0,0,0,2,1,5,1,31,6,1560,2,4,10,2,10
2.02E+12,2,19,0,18,0,8,0,0,0,0,1,1,5,1,56,9,1968,2,2,3,1,3
2.02E+12,1,9,0,7,0,1,0,0,0,0,1,1,5,1,67,10,1582,2,2,3,1,3
2.02E+12,1,9,0,9,0,5,0,0,0,0,1,1,5,1,56,9,1398,1,5,2,1,2
2.02E+12,2,5,0,18,0,1,0,0,0,0,3,1,5,1,52,8,865,1,3,1,1,1
2.02E+12,1,9,0,18,0,1,0,0,1,0,1,1,6,2,47,8,1598,1,5,7,1,7
2.02E+12,2,9,0,18,0,6,0,0,2,0,1,1,6,1,83,11,1360,1,16,4,3,4
2.02E+12,1,9,0,9,0,6,0,0,0,0,4,1,5,1,53,8,999,1,20,7,3,7
2.02E+12,2,5,0,18,0,8,5,0,2,10,1,1,5,1,21,5,599,1,16,4,1,4
2.02E+12,1,9,0,18,0,1,0,4,0,0,1,1,5,2,24,5,998,1,17,3,1,3
2.02E+12,2,9,0,2,0,1,0,4,0,0,2,1,5,1,53,8,1968,2,5,2,1,2
2.02E+12,3,9,0,2,0,1,0,0,0,0,2,1,5,2,36,7,1398,1,15,2,1,2
2.02E+12,1,9,0,4,0,1,0,0,0,0,2,1,6,2,39,7,1781,1,16,4,3,4
2.02E+12,2,9,0,10,0,5,0,0,0,0,2,1,6,1,24,5,1364,1,2,6,2,6
2.02E+12,1,9,0,18,0,1,0,10,8,1,1,1,5,2,82,11,995,1,11,7,3,7
2.02E+12,1,5,0,18,0,8,5,0,2,0,1,1,6,1,49,8,942,1,9,4,3,4
2.02E+12,2,3,0,18,0,8,5,0,2,0,1,1,6,1,18,4,124,1,6,5,3,5
2.02E+12,1,9,0,11,9,3,0,10,7,0,1,1,5,1,79,11,999,1,4,8,2,8
2.02E+12,1,9,0,2,0,1,0,0,0,0,2,1,5,2,38,7,1199,2,3,5,3,5
2.02E+12,2,9,0,14,0,1,0,4,0,0,1,1,6,1,82,11,1997,2,12,4,2,4
2.02E+12,1,9,0,18,0,6,0,0,0,0,1,1,6,2,27,6,1598,1,12,1,1,1
2.02E+12,3,9,0,2,0,1,0,0,0,0,1,1,6,2,31,6,1598,1,13,4,1,4
2.02E+12,1,9,0,9,0,6,0,0,0,0,3,1,1,1,74,10,1149,1,11,5,1,5
2.02E+12,1,9,0,8,0,1,0,0,0,0,1,1,5,1,62,9,1560,2,8,5,3,5
2.02E+12,2,9,0,18,0,1,0,0,0,0,3,1,5,2,53,8,1399,1,8,3,1,3
2.02E+12,1,9,0,18,0,1,0,0,0,0,1,1,5,1,46,8,2497,2,13,1,1,1
2.02E+12,2,9,0,3,0,1,0,0,0,0,2,1,5,1,41,7,1560,2,3,1,1,1
2.02E+12,3,9,0,3,0,1,0,0,0,0,2,1,5,1,76,11,998,1,4,1,1,1
2.02E+12,4,9,0,3,0,1,0,0,0,0,2,1,5,2,36,7,999,1,1,4,1,4
2.02E+12,1,9,0,18,0,4,0,0,0,0,3,1,1,2,35,6,1999,1,11,3,1,3
2.02E+12,2,4,0,10,0,1,0,0,0,0,2,1,6,1,60,9,1402,1,13,3,2,3
2.02E+12,1,4,0,18,0,1,0,0,0,0,1,1,2,1,56,9,498,1,18,8,1,8
2.02E+12,2,9,0,9,0,1,0,0,0,0,1,1,2,1,44,7,1360,1,14,1,1,1
2.02E+12,1,9,0,18,0,1,0,0,0,0,3,1,5,1,84,11,1248,1,4,10,1,10
2.02E+12,1,9,0,5,0,6,0,0,0,0,3,1,5,2,27,6,1229,1,11,4,1,4
2.02E+12,2,3,0,18,0,1,0,0,0,0,1,1,5,1,28,6,125,1,1,3,1,3
2.02E+12,1,9,0,7,0,6,0,0,3,11,1,1,5,1,100,11,1242,1,10,2,2,2
2.02E+12,1,9,0,9,0,5,0,0,0,0,1,1,5,1,73,10,1598,2,3,4,3,4
2.02E+12,2,2,0,18,0,1,0,0,0,0,1,1,6,1,16,4,49,1,5,6,1,6
2.02E+12,1,9,0,9,0,8,0,0,0,0,1,1,2,1,26,6,1248,1,2,6,2,6
2.02E+12,1,9,0,3,0,4,0,0,0,0,2,1,1,1,26,6,1584,1,12,5,2,5
2.02E+12,2,9,0,3,0,4,0,0,0,0,1,1,1,1,56,9,1199,1,14,3,2,3
2.02E+12,2,9,0,3,0,1,0,0,0,0,2,1,5,1,37,7,1397,1,10,3,1,3
2.02E+12,1,9,0,17,0,1,1,11,1,0,1,1,5,1,22,5,1598,1,9,2,1,2
2.02E+12,1,9,0,18,0,1,0,0,0,0,1,1,2,2,53,8,998,1,3,9,1,9
2.02E+12,1,3,0,16,0,1,0,0,0,0,1,1,6,1,39,7,125,1,4,4,2,4
2.02E+12,2,9,0,17,0,1,0,0,0,0,1,1,5,2,39,7,1753,2,10,7,2,7
2.02E+12,2,9,0,18,0,1,0,0,0,0,3,1,5,1,43,7,1587,1,10,3,1,3
2.02E+12,1,8,0,17,0,8,0,0,0,0,3,1,1,1,33,6,1997,2,10,6,1,6
2.02E+12,1,9,0,18,0,1,0,0,0,0,1,1,2,1,24,5,1587,1,16,5,3,5
2.02E+12,2,9,0,3,0,1,0,0,0,0,2,1,6,2,27,6,1240,1,12,8,2,8
2.02E+12,3,9,0,3,0,1,0,0,0,0,2,1,6,1,75,10,1950,2,1,5,3,5
2.02E+12,4,9,0,3,0,1,0,0,0,0,2,1,6,2,52,8,1995,2,9,8,3,8
2.02E+12,1,9,0,5,0,1,0,0,0,0,1,1,5,1,37,7,2179,2,8,9,3,9
2.02E+12,1,9,0,4,0,2,0,0,0,0,1,1,6,1,29,6,1598,1,13,6,3,6
2.02E+12,2,9,0,2,0,2,0,0,0,0,2,1,5,1,45,7,1834,1,16,6,3,6
2.02E+12,2,9,0,9,0,1,0,0,0,0,2,1,6,2,49,8,1998,1,14,5,3,5
2.02E+12,1,5,0,18,0,1,2,0,0,0,1,1,6,1,45,7,1098,1,10,7,2,7
2.02E+12,1,4,0,18,0,2,5,0,7,0,1,1,6,1,53,8,250,1,7,6,3,6
2.02E+12,1,19,0,4,0,1,0,0,0,0,1,1,6,1,22,5,2459,2,19,4,3,4
2.02E+12,2,9,0,8,0,1,0,0,0,0,2,1,5,2,25,5,1149,1,15,3,1,3
2.02E+12,1,3,0,16,0,1,1,0,0,0,3,1,6,1,64,9,124,1,1,5,3,5
2.02E+12,1,9,0,7,0,1,0,0,0,0,1,1,6,1,83,11,1560,2,9,3,2,3
2.02E+12,2,9,0,18,0,1,0,0,0,0,1,1,6,2,38,7,1388,1,14,5,1,5
2.02E+12,1,9,0,9,0,8,0,0,0,0,4,1,6,1,58,9,1997,2,4,4,2,4
2.02E+12,1,19,0,18,0,1,0,0,0,0,1,1,2,1,46,8,1560,2,7,3,1,3
2.02E+12,3,9,0,9,0,1,0,0,0,0,2,1,5,2,68,10,1796,1,17,7,2,7
2.02E+12,1,9,0,9,0,1,0,0,0,0,1,1,5,1,65,9,1149,1,11,3,1,3
2.02E+12,1,9,0,17,0,1,2,0,1,0,1,1,6,1,18,4,1229,1,2,7,2,7
2.02E+12,1,9,0,18,0,1,0,0,0,0,4,1,5,1,28,6,1995,2,1,5,1,5
2.02E+12,2,9,0,18,0,1,0,0,0,0,1,1,5,1,69,10,1388,1,7,5,1,5
2.02E+12,2,9,0,18,0,1,0,0,0,0,2,1,6,2,26,6,1242,1,16,8,2,8
2.02E+12,1,9,0,9,0,1,0,0,0,0,4,1,5,2,17,4,1198,1,8,3,3,3
2.02E+12,1,4,0,13,0,1,1,0,0,0,4,1,5,1,20,4,659,1,8,9,1,9
2.02E+12,2,9,0,9,0,5,0,0,0,0,3,1,5,1,60,9,1493,2,8,9,3,9
2.02E+12,1,9,0,18,0,1,0,0,0,0,1,1,6,1,48,8,1461,2,1,1,1,1
2.02E+12,2,9,0,3,0,1,0,0,0,0,2,1,6,2,24,5,1461,2,3,6,1,6
2.02E+12,1,9,0,3,0,1,0,0,0,0,1,1,5,1,57,9,1598,1,15,4,3,4
2.02E+12,2,9,0,16,0,1,0,0,0,0,1,1,5,1,89,11,3199,1,18,6,3,6
2.02E+12,1,9,0,18,0,1,0,0,0,0,1,1,1,1,68,10,1582,2,3,4,1,4
2.02E+12,2,9,0,5,0,1,0,0,0,0,4,1,6,1,23,5,998,1,6,2,1,2
2.02E+12,1,9,0,18,0,3,0,0,0,0,1,1,5,1,37,7,2720,2,11,5,3,5
2.02E+12,2,9,0,18,0,3,0,0,0,0,2,1,5,2,17,4,1560,2,2,1,1,1
2.02E+12,3,9,0,18,0,3,0,0,0,0,0,1,1,1,29,6,1598,2,2,4,1,4
2.02E+12,1,9,0,7,0,7,1,0,3,1,1,1,6,1,37,7,1896,2,13,8,1,8
2.02E+12,1,9,0,4,0,1,0,0,0,0,1,1,5,1,54,8,1997,2,2,4,1,4
2.02E+12,2,9,0,4,0,1,0,0,0,0,2,1,5,1,57,9,2000,2,13,4,2,4
2.02E+12,3,9,0,4,0,1,0,0,0,0,2,1,5,2,25,5,1396,2,7,1,1,1
2.02E+12,2,3,0,18,0,1,0,0,0,0,4,1,5,1,27,6,124,1,4,2,1,2
2.02E+12,1,9,0,9,0,8,0,0,0,0,1,1,5,2,65,9,1598,2,2,9,1,9
2.02E+12,2,9,0,16,0,8,0,0,0,0,1,1,5,1,50,8,1229,1,7,5,1,5
2.02E+12,1,9,0,18,0,1,0,0,0,0,4,1,5,1,52,8,1956,2,3,6,2,6
2.02E+12,2,9,0,3,0,1,0,0,0,0,3,1,5,1,76,11,1364,1,8,7,1,7
2.02E+12,1,3,0,18,0,8,0,0,0,0,4,1,1,2,23,5,125,1,2,9,1,9
2.02E+12,2,9,0,18,0,4,0,0,0,0,1,1,6,1,21,5,1798,1,2,8,1,8
2.02E+12,1,9,0,9,0,6,0,0,0,0,3,1,5,1,20,4,1332,1,10,6,3,6
2.02E+12,2,9,0,18,0,8,0,0,0,0,1,1,5,1,49,8,1896,2,13,3,1,3
2.02E+12,1,9,0,9,0,1,0,0,0,0,1,1,6,1,40,7,1560,2,6,1,1,1
2.02E+12,2,9,0,18,0,1,0,0,0,0,3,1,6,1,52,8,1598,1,12,7,1,7
2.02E+12,1,9,0,18,0,1,0,0,0,0,0,1,6,2,31,6,1388,1,14,2,1,2
2.02E+12,2,9,0,18,0,1,0,0,0,0,1,1,6,2,20,4,1360,1,8,1,1,1
2.02E+12,3,9,0,2,0,1,0,0,0,0,2,1,6,2,33,6,1560,2,3,5,1,5
2.02E+12,2,9,0,9,0,5,0,0,0,0,3,1,6,1,48,8,1196,1,23,8,3,8
2.02E+12,1,5,0,18,0,4,2,0,0,0,1,1,5,1,55,8,1097,1,17,3,1,3
2.02E+12,2,9,0,2,0,1,0,0,0,0,3,1,6,2,37,7,1991,2,12,9,1,9
2.02E+12,3,9,0,2,0,1,0,0,0,0,3,1,6,1,49,8,1598,1,16,4,1,4
2.02E+12,1,9,0,18,0,1,0,0,0,0,1,1,2,1,46,8,2993,2,8,2,1,2
2.02E+12,2,9,0,4,0,1,0,0,0,0,2,1,5,2,49,8,1598,1,15,2,1,2
2.02E+12,3,9,0,3,0,1,0,0,0,0,2,1,5,1,65,9,1998,1,3,5,1,5
2.02E+12,1,9,0,5,0,2,0,0,0,0,3,1,6,1,18,4,998,1,12,9,1,9
2.02E+12,2,2,0,18,2,6,0,0,0,0,1,1,6,1,16,4,50,1,1,5,1,5
2.02E+12,1,9,0,18,0,1,0,7,0,0,1,1,5,1,82,11,1560,2,8,4,3,4
2.02E+12,1,9,0,18,0,4,0,0,0,0,1,1,6,2,27,6,1998,2,7,7,2,7
2.02E+12,2,9,0,18,0,4,0,0,0,0,4,1,6,1,31,6,1596,1,9,7,3,7
2.02E+12,1,9,0,18,0,1,0,0,0,0,4,1,6,2,35,6,1329,1,7,8,1,8
2.02E+12,2,9,0,18,0,1,0,0,0,0,3,1,5,2,50,8,1598,1,6,9,1,9
2.02E+12,1,9,0,5,0,6,0,0,0,0,3,1,6,1,18,4,1299,1,16,7,2,7
2.02E+12,2,9,0,18,0,1,0,0,0,0,1,1,6,2,79,11,1318,1,2,10,1,10
2.02E+12,1,5,0,18,0,1,1,0,0,0,1,1,6,1,19,4,645,1,17,4,3,4
2.02E+12,2,9,0,9,0,5,0,0,0,0,4,1,6,1,23,5,1998,1,13,4,3,4
2.02E+12,1,9,0,9,0,8,0,0,0,0,3,1,6,2,30,6,1995,2,5,4,1,4
2.02E+12,2,5,0,18,0,1,0,0,0,0,4,1,6,1,31,6,996,1,18,4,3,4
2.02E+12,1,9,0,7,0,6,0,4,7,11,3,1,5,2,23,5,996,1,3,5,1,5
2.02E+12,2,9,0,2,0,2,0,0,0,0,4,1,6,2,36,7,1461,2,7,6,2,6
2.02E+12,1,9,0,9,0,8,0,0,0,0,4,1,5,2,39,7,1461,2,12,5,3,5
2.02E+12,2,9,0,18,0,8,0,0,0,0,1,1,5,2,55,8,1390,1,17,1,1,1
2.02E+12,1,9,0,5,0,6,0,0,0,0,1,1,6,1,23,5,1368,1,11,5,1,5
2.02E+12,1,19,0,4,0,1,1,0,0,0,1,1,1,1,31,6,2143,2,4,10,1,10
2.02E+12,2,9,0,4,0,1,0,0,0,0,2,1,5,2,43,7,1199,1,14,8,2,8
2.02E+12,2,9,0,10,0,1,0,0,0,0,3,1,5,1,65,9,1968,2,4,7,1,7
2.02E+12,1,9,0,8,0,2,0,0,0,0,4,1,6,2,38,7,1796,1,9,5,1,5
2.02E+12,1,5,0,18,0,7,5,0,0,0,4,1,5,1,69,10,599,1,20,1,1,1
2.02E+12,1,9,0,9,0,1,0,0,0,0,3,1,5,1,40,7,2000,1,12,9,3,9
2.02E+12,1,9,0,5,0,8,0,0,0,0,3,1,5,2,33,6,1796,1,10,8,1,8
2.02E+12,2,3,0,9,0,8,0,0,0,0,1,1,5,1,27,6,125,1,1,2,1,2
2.02E+12,1,9,0,9,0,6,0,0,0,0,1,1,5,1,21,5,2204,2,13,4,2,4
2.02E+12,1,9,0,18,0,2,0,0,0,0,1,1,5,1,21,5,998,1,1,4,1,4
2.02E+12,2,9,0,4,0,1,0,0,0,0,1,1,5,1,37,7,1769,1,14,3,1,3
2.02E+12,1,9,0,4,0,1,0,0,0,0,4,1,5,1,52,8,1995,1,12,1,1,1
2.02E+12,1,9,0,9,0,1,0,0,0,0,4,1,6,1,39,7,1560,2,8,9,2,9
2.02E+12,2,9,0,18,0,8,0,0,0,0,4,1,6,2,34,6,1598,2,5,9,1,9
2.02E+12,1,5,0,18,0,3,0,0,0,0,3,1,2,1,30,6,847,1,2,7,1,7
2.02E+12,1,9,0,18,0,8,0,0,0,0,1,1,5,2,78,11,1396,1,13,7,3,7
2.02E+12,2,9,0,18,0,8,0,0,0,0,1,1,5,2,49,8,1400,1,11,7,3,7
2.02E+12,1,5,0,18,0,8,5,0,1,0,1,1,5,1,60,9,999,1,2,3,3,3
2.02E+12,2,9,0,7,0,8,0,0,0,0,1,1,5,2,41,7,1598,2,6,2,1,2
2.02E+12,1,9,0,9,0,5,1,0,0,0,4,1,5,2,78,11,1248,1,3,4,1,4
2.02E+12,2,19,0,18,0,1,0,0,0,0,1,1,1,1,57,9,1870,2,11,2,1,2
2.02E+12,1,9,0,9,0,8,0,0,0,0,4,1,2,2,31,6,1999,1,12,4,1,4
2.02E+12,2,3,0,18,0,8,1,0,0,0,1,1,5,1,18,4,125,1,8,4,1,4
2.02E+12,1,9,3,9,0,8,0,0,1,10,4,1,5,1,66,10,2179,2,10,5,1,5
2.02E+12,2,21,0,18,0,1,0,0,0,0,1,1,1,1,51,8,11705,2,14,2,2,2
2.02E+12,3,9,0,3,0,1,0,0,0,0,1,1,6,1,68,10,1968,2,9,5,3,5
2.02E+12,2,9,0,9,0,8,0,0,0,0,1,1,2,2,30,6,1388,1,12,5,1,5
2.02E+12,1,9,0,18,0,4,0,0,0,0,0,1,1,1,82,11,1596,1,11,6,1,6
2.02E+12,3,9,0,9,0,8,0,0,0,0,1,1,5,2,32,6,1896,2,8,7,1,7
2.02E+12,1,9,0,18,0,4,0,0,0,0,1,1,1,1,65,9,1360,1,12,2,1,2
2.02E+12,1,9,0,18,0,1,2,0,0,0,4,1,5,2,49,8,1490,1,11,2,1,2
2.02E+12,2,19,0,9,0,1,0,0,0,0,1,1,1,1,35,6,2198,2,9,2,1,2
2.02E+12,1,9,0,3,0,1,0,0,0,0,1,1,1,1,57,9,2494,2,6,4,3,4
2.02E+12,2,9,0,3,0,1,0,0,0,0,2,1,6,2,30,6,998,1,5,6,1,6
2.02E+12,3,19,0,3,0,1,0,0,0,0,2,1,1,1,56,9,1968,2,2,7,3,7
2.02E+12,1,19,0,18,0,8,0,0,0,0,3,1,1,1,45,7,1686,2,13,2,1,2
2.02E+12,2,4,0,18,0,8,0,0,0,0,1,1,6,1,60,9,654,1,10,5,1,5
2.02E+12,1,9,0,7,0,6,0,0,0,0,1,1,6,2,45,7,1995,2,9,4,3,4
2.02E+12,1,9,0,18,0,3,0,0,0,0,1,1,2,1,44,7,1796,1,14,4,1,4
2.02E+12,2,5,0,18,0,3,0,0,0,0,1,1,2,2,25,5,535,1,27,3,1,3
2.02E+12,1,9,0,18,0,4,0,4,1,0,1,1,5,2,87,11,1386,1,13,10,1,10
2.02E+12,3,9,0,2,6,2,0,4,0,0,2,1,6,2,64,9,1124,1,14,5,1,5
2.02E+12,4,9,0,2,6,2,0,0,0,0,2,1,6,1,33,6,2499,2,17,3,1,3
2.02E+12,1,9,0,9,0,5,0,0,0,0,3,1,5,2,56,9,1598,1,15,2,1,2
2.02E+12,2,3,0,15,0,1,0,0,0,0,1,1,6,2,17,4,124,1,3,10,1,10
2.02E+12,1,3,0,18,0,1,1,0,0,0,2,1,1,1,19,4,124,1,5,4,3,4
2.02E+12,2,9,0,18,0,1,0,0,0,0,0,1,1,1,61,9,1598,2,1,5,3,5
2.02E+12,1,9,0,10,0,2,0,0,0,0,1,1,5,1,41,7,1997,2,16,10,1,10
2.02E+12,2,2,0,18,0,2,0,0,0,0,2,1,5,1,20,4,49,1,3,3,2,3
2.02E+12,2,9,0,5,0,8,0,0,0,0,1,1,2,1,68,10,1390,1,8,3,1,3
2.02E+12,1,9,0,9,0,8,0,0,0,0,4,1,5,2,61,9,1968,2,2,6,3,6
2.02E+12,1,9,0,16,0,1,0,0,0,0,3,1,1,2,69,10,1997,2,14,9,1,9
2.02E+12,2,9,0,9,0,6,0,0,0,0,1,1,5,2,42,7,1995,2,10,8,1,8
2.02E+12,1,9,0,4,0,1,0,0,0,0,1,1,6,2,21,5,1242,1,6,4,3,4
2.02E+12,1,9,0,18,0,1,0,0,1,0,1,1,5,2,26,6,1997,2,10,8,2,8
2.02E+12,2,19,0,14,0,1,0,0,0,0,0,1,1,1,48,8,2143,2,2,3,1,3
2.02E+12,3,9,0,9,0,5,0,0,0,0,0,1,5,2,50,8,1560,2,3,8,3,8
2.02E+12,1,9,0,9,0,8,0,0,0,0,1,1,5,1,85,11,1596,1,3,9,1,9
2.02E+12,2,9,0,18,0,1,0,0,0,0,1,1,5,2,39,7,1198,1,8,9,1,9
2.02E+12,1,9,0,9,0,6,0,0,0,0,3,1,5,2,43,7,1840,1,15,4,3,4
2.02E+12,2,19,0,18,0,1,1,0,0,0,1,1,5,2,22,5,1896,2,20,6,1,6
2.02E+12,1,9,0,3,0,1,0,0,0,0,2,1,6,1,37,7,1991,2,12,6,3,6
2.02E+12,1,9,0,18,0,6,0,0,0,0,3,1,1,2,18,4,1896,2,12,3,1,3
2.02E+12,2,9,0,18,0,1,0,0,0,0,1,1,6,2,23,5,1598,1,16,8,3,8
2.02E+12,1,9,0,7,0,6,0,0,0,0,1,1,6,2,60,9,1497,1,16,8,3,8
2.02E+12,1,9,0,10,0,6,0,0,0,0,1,1,5,2,51,8,1596,1,4,4,3,4
2.02E+12,2,9,0,17,0,1,0,0,0,0,1,1,5,2,38,7,1360,1,15,4,1,4
2.02E+12,1,9,0,13,0,1,0,0,7,11,1,1,5,1,81,11,1686,2,12,5,3,5
2.02E+12,1,11,0,18,0,1,0,0,0,0,1,1,6,1,39,7,4461,2,4,4,1,4
2.02E+12,2,9,0,18,0,1,0,0,0,0,0,1,6,1,70,10,2184,2,13,10,3,10
2.02E+12,1,9,0,18,0,2,0,0,0,0,1,1,5,1,27,6,2498,1,17,8,2,8
2.02E+12,1,9,0,9,0,8,0,0,0,0,3,1,5,2,61,9,998,1,16,5,1,5
2.02E+12,1,9,0,5,0,4,0,0,0,0,1,1,3,2,34,6,1389,1,19,1,1,1
2.02E+12,2,2,0,18,0,4,0,0,0,0,2,1,4,1,16,4,49,1,4,7,1,7
2.02E+12,1,9,0,18,0,8,0,0,0,0,1,1,6,1,18,4,1296,1,9,10,1,10
2.02E+12,2,9,0,18,0,8,0,0,0,0,1,1,2,1,55,8,4966,1,13,9,1,9
2.02E+12,1,9,0,18,0,8,0,0,0,0,1,1,6,1,72,10,1598,2,7,7,1,7
2.02E+12,2,9,0,18,0,8,0,0,0,0,1,1,6,2,71,10,1364,1,9,4,3,4
2.02E+12,1,9,0,18,0,1,0,0,0,0,1,1,5,1,74,10,1968,2,6,7,1,7
2.02E+12,2,9,0,4,0,1,0,0,0,0,2,1,1,2,24,5,998,1,3,6,1,6
2.02E+12,1,9,0,5,0,8,0,0,0,0,0,1,6,2,24,5,1242,1,7,2,1,2
2.02E+12,1,9,0,5,0,6,0,0,0,0,2,1,6,2,65,9,2179,2,4,9,3,9
2.02E+12,2,19,0,18,0,8,1,0,1,0,1,1,2,1,20,4,1753,2,15,5,2,5
2.02E+12,3,9,0,8,0,1,0,0,0,0,3,1,2,2,47,8,1598,1,7,8,2,8
2.02E+12,1,19,0,13,0,1,0,0,7,0,1,1,5,1,36,7,2987,2,4,4,3,4
2.02E+12,2,9,0,9,0,1,0,0,0,0,1,1,5,2,23,5,1560,2,5,5,3,5
2.02E+12,1,9,0,5,0,2,0,0,0,0,1,1,5,2,36,7,1598,1,16,8,1,8
2.02E+12,2,9,0,17,0,1,0,0,0,0,4,1,1,2,21,5,1299,1,16,4,2,4
2.02E+12,1,9,0,5,0,1,0,0,0,0,4,1,2,2,24,5,1498,1,2,4,1,4
2.02E+12,1,2,0,18,0,1,0,0,0,0,1,1,5,1,16,4,49,1,3,1,1,1
2.02E+12,2,9,0,3,0,1,0,0,0,0,2,1,5,2,46,8,996,1,5,4,1,4
2.02E+12,1,9,0,9,0,8,0,0,0,0,1,1,3,2,17,4,998,1,8,7,1,7
2.02E+12,1,19,0,3,0,6,0,0,0,0,2,1,6,2,32,6,1896,2,13,7,1,7
2.02E+12,2,9,0,18,0,6,0,0,0,0,1,1,6,2,24,5,2000,2,8,4,1,4
2.02E+12,1,9,0,3,0,1,0,0,0,0,2,1,1,2,21,5,1242,1,1,8,1,8
2.02E+12,2,9,0,4,0,1,0,0,0,0,1,1,5,1,24,5,1910,2,11,5,1,5
2.02E+12,1,9,0,18,0,1,0,0,0,0,1,1,2,1,42,7,1399,2,13,3,3,3
2.02E+12,2,9,0,3,0,1,0,0,0,0,2,1,6,1,62,9,1363,2,14,2,1,2
2.02E+12,3,9,0,3,0,1,0,0,0,0,2,1,6,1,80,11,1299,1,14,4,1,4
2.02E+12,1,9,0,3,0,1,0,0,0,0,2,1,6,2,52,8,1560,2,2,2,1,2
2.02E+12,2,9,0,4,0,1,0,0,0,0,2,1,6,2,52,8,1229,1,5,6,1,6
2.02E+12,1,9,0,9,0,6,0,0,0,0,4,1,5,2,66,10,1560,2,8,6,3,6
2.02E+12,2,5,0,18,0,1,0,0,0,0,3,1,2,1,56,9,892,1,18,4,2,4
2.02E+12,1,9,0,9,0,6,0,0,0,0,1,1,6,2,49,8,1339,1,10,7,3,7
2.02E+12,2,4,0,18,0,8,0,0,0,0,1,1,2,1,21,5,498,1,35,9,1,9
2.02E+12,1,9,0,17,0,1,5,6,8,0,1,1,5,1,17,4,1587,1,15,6,3,6
2.02E+12,1,9,0,18,0,2,1,0,0,0,1,1,6,1,22,5,1997,1,13,7,1,7
2.02E+12,2,19,0,3,0,1,0,0,0,0,2,1,2,2,55,8,1968,2,1,8,2,8