Accident_Index,Vehicle_Reference,Vehicle_Type,Towing_and_Articulation,Vehicle_Manoeuvre,Vehicle_Location-Restricted_Lane,Junction_Location,Skidding_and_Overturning,Hit_Object_in_Carriageway,Vehicle_Leaving_Carriageway,Hit_Object_off_Carriageway,1st_Point_of_Impact,Was_Vehicle_Left_Hand_Drive?,Journey_Purpose_of_Driver,Sex_of_Driver,Age_of_Driver,Age_Band_of_Driver,Engine_Capacity_(CC),Propulsion_Code,Age_of_Vehicle,Driver_IMD_Decile,Driver_Home_Area_Type,Vehicle_IMD_Decile
2.02E+12,1,9,0,18,0,8,0,0,0,0,1,1,6,1,43,7,1747,1,13,7,3,7
2.02E+12,2,9,0,10,0,8,0,0,0,0,1,1,6,2,52,8,1598,1,12,8,3,8
2.02E+12,1,9,0,6,0,1,0,0,0,0,4,1,6,1,38,7,1587,1,10,10,1,10
2.02E+12,1,9,0,18,0,8,0,0,0,0,1,1,6,2,73,10,1587,1,10,3,1,3
2.02E+12,2,9,0,18,0,8,0,0,0,0,1,1,6,2,25,5,1248,1,7,8,2,8
2.02E+12,1,9,0,18,0,8,0,0,0,0,1,1,6,1,63,9,2143,2,4,10,1,10
2.02E+12,2,9,0,18,0,8,0,0,0,0,1,1,6,2,28,6,1956,2,7,7,3,7
2.02E+12,2,5,0,18,0,4,1,0,0,0,0,1,6,1,42,7,599,1,16,5,2,5
2.02E+12,2,9,0,4,0,1,0,0,0,0,1,1,6,2,46,8,1360,1,14,9,1,9
2.02E+12,3,9,0,4,0,1,0,0,0,0,1,1,6,1,43,7,1339,1,12,3,1,3
2.02E+12,1,9,0,3,0,1,0,0,0,0,1,1,6,2,28,6,1798,1,7,9,2,9
2.02E+12,1,9,0,9,0,8,0,0,0,0,1,1,6,1,30,6,1560,2,2,7,1,7
2.02E+12,2,9,0,9,0,6,0,0,0,0,1,1,6,1,73,10,1797,8,8,7,3,7
2.02E+12,1,9,0,10,0,8,0,0,0,0,2,1,6,2,27,6,1598,1,10,5,1,5
2.02E+12,2,19,0,3,0,8,0,0,0,0,2,1,6,1,47,8,2198,2,10,6,3,6
2.02E+12,1,2,0,4,0,1,0,0,1,0,1,1,6,2,18,4,49,1,15,9,3,9
2.02E+12,1,9,0,18,0,1,0,0,0,0,2,1,6,1,22,5,1390,1,14,4,2,4
2.02E+12,1,9,0,3,0,8,0,0,0,0,2,1,6,1,78,11,1870,2,13,9,2,9
2.02E+12,2,2,0,18,0,8,0,0,0,0,1,1,6,2,17,4,49,1,1,7,3,7
2.02E+12,1,9,0,10,0,1,0,0,0,0,2,1,6,1,49,8,1870,2,14,2,1,2
2.02E+12,2,2,0,18,0,1,0,0,0,0,1,1,6,2,17,4,49,1,13,2,1,2
2.02E+12,2,9,0,18,0,8,0,0,0,0,1,1,6,1,32,6,1364,1,11,2,1,2
2.02E+12,1,9,0,17,0,8,2,0,8,0,4,1,2,1,19,4,1597,1,26,5,1,5
2.02E+12,3,19,0,18,0,8,0,0,0,0,1,1,1,1,49,8,1868,2,13,5,3,5
2.02E+12,1,9,0,16,0,2,0,0,7,10,1,1,6,1,18,4,1388,1,7,5,1,5
2.02E+12,1,9,0,18,0,8,0,0,0,0,3,1,6,1,29,6,1995,2,12,3,1,3
2.02E+12,2,9,0,18,0,8,0,0,0,0,1,1,6,2,31,6,1895,1,17,4,1,4
2.02E+12,1,9,0,18,0,6,0,0,0,0,1,1,6,1,35,6,1598,1,12,7,3,7
2.02E+12,2,9,0,18,0,2,5,0,1,0,1,1,6,1,24,5,1587,1,14,5,1,5
2.02E+12,1,9,0,18,0,1,0,0,0,0,1,1,6,1,28,6,998,1,1,6,1,6
2.02E+12,2,9,0,18,0,1,0,0,0,0,1,1,6,2,29,6,1997,2,4,7,1,7
2.02E+12,1,9,0,18,0,1,0,0,0,0,0,1,6,1,21,5,1229,1,12,1,1,1
2.02E+12,1,9,0,18,0,8,0,0,1,10,1,1,6,1,85,11,1229,1,5,5,2,5
2.02E+12,1,9,0,18,0,1,0,0,0,0,1,1,6,1,37,7,1796,1,15,2,1,2
2.02E+12,2,9,0,10,0,8,0,0,0,0,3,1,6,2,33,6,1598,1,9,4,1,4
2.02E+12,3,3,0,18,0,1,0,0,0,0,1,1,6,2,22,5,400,1,22,9,1,9
2.02E+12,2,9,0,4,0,8,0,0,0,0,2,1,6,1,31,6,1896,2,15,5,2,5
2.02E+12,1,9,0,18,0,1,0,0,0,0,1,1,1,1,17,4,1598,1,14,9,2,9
2.02E+12,1,9,0,9,0,8,0,0,0,0,4,1,1,2,41,7,1998,2,7,5,3,5
2.02E+12,1,9,0,18,0,1,0,0,0,0,3,1,6,1,68,10,1242,1,2,5,3,5
2.02E+12,2,9,0,9,0,1,0,0,0,0,3,1,6,2,26,6,1388,1,12,6,2,6
2.02E+12,2,9,0,18,0,1,0,0,0,0,1,1,6,2,50,8,1591,1,2,8,1,8
2.02E+12,3,9,0,18,0,6,0,0,0,0,3,1,6,1,70,10,1685,2,1,8,2,8
2.02E+12,2,5,0,16,0,1,0,0,0,0,1,1,1,1,35,6,636,1,11,3,1,3
2.02E+12,1,9,0,7,0,6,0,0,0,0,0,1,6,2,84,11,1242,1,10,6,1,6
2.02E+12,3,5,0,18,0,1,0,0,0,0,4,1,6,1,28,6,675,1,8,3,1,3
2.02E+12,1,9,0,8,0,8,0,0,0,0,0,1,1,2,79,11,1586,1,7,5,1,5
2.02E+12,1,9,0,17,0,8,0,0,0,0,4,1,6,1,30,6,1999,2,2,8,1,8
2.02E+12,1,9,0,9,0,6,0,0,0,0,3,1,6,1,79,11,1951,2,13,4,3,4
2.02E+12,2,9,0,10,0,1,0,0,0,0,1,1,6,2,21,5,1242,1,8,9,1,9
2.02E+12,1,9,0,18,0,8,0,10,3,1,1,1,6,1,79,11,1998,1,15,4,1,4
2.02E+12,1,9,0,9,0,8,0,0,0,0,1,1,6,1,18,4,1396,1,15,8,3,8
2.02E+12,2,9,0,18,0,8,0,0,0,0,1,1,6,2,65,9,999,1,2,3,1,3
2.02E+12,1,9,0,3,0,1,0,0,0,0,2,1,6,1,23,5,1397,1,9,5,3,5
2.02E+12,1,9,0,18,0,8,0,0,1,10,1,1,6,1,23,5,1781,1,12,4,2,4
2.02E+12,1,9,0,18,0,8,0,0,0,0,1,1,6,1,47,8,1399,2,10,1,1,1
2.02E+12,3,9,0,9,0,8,0,0,0,0,1,1,6,1,66,10,1997,2,2,9,1,9
2.02E+12,1,9,0,9,0,8,0,0,0,0,3,1,1,2,65,9,1299,1,13,6,2,6
2.02E+12,2,9,0,9,0,6,0,0,0,0,3,1,6,1,75,10,1598,1,4,8,1,8
2.02E+12,1,9,0,4,0,1,0,0,0,0,2,1,6,2,28,6,1598,1,11,5,1,5
2.02E+12,2,9,0,18,0,1,0,0,0,0,1,1,1,2,77,11,1386,1,5,7,3,7
2.02E+12,1,9,0,5,0,6,0,0,0,0,3,1,6,1,88,11,1999,1,13,7,3,7
2.02E+12,1,9,0,18,0,1,0,0,0,0,1,1,1,1,51,8,1499,1,1,5,1,5
2.02E+12,1,9,0,18,0,2,0,0,0,0,1,1,6,2,54,8,1596,1,5,9,1,9
2.02E+12,1,9,0,3,0,1,0,0,0,0,1,1,6,1,68,10,1850,1,16,2,1,2
2.02E+12,2,9,0,1,0,2,0,0,0,0,2,1,6,1,22,5,1997,2,18,4,1,4
2.02E+12,1,5,0,18,0,6,0,0,0,0,4,1,6,1,39,7,999,1,4,3,1,3
2.02E+12,1,9,0,18,0,8,1,0,0,0,1,1,1,1,17,4,1198,1,14,4,2,4
2.02E+12,2,9,0,9,0,8,0,0,0,0,3,1,1,1,47,8,1461,2,8,9,3,9
2.02E+12,1,9,0,9,0,8,0,0,0,0,4,1,6,2,77,11,1598,1,9,7,3,7
2.02E+12,2,9,0,18,0,8,0,0,0,0,1,1,6,2,20,4,1390,1,9,8,2,8
2.02E+12,1,9,0,7,0,2,0,0,0,0,2,1,6,1,51,8,1497,2,1,8,3,8
2.02E+12,1,9,0,18,0,1,0,0,0,0,1,1,6,2,21,5,1461,2,4,2,2,2
2.02E+12,2,9,0,18,0,1,0,0,0,0,1,1,6,1,44,7,1598,1,12,5,1,5
2.02E+12,1,9,0,4,0,4,0,0,0,0,2,1,2,2,19,4,1299,1,11,6,1,6
2.02E+12,2,9,0,18,0,4,0,0,0,0,1,1,2,1,35,6,1995,1,17,6,1,6
2.02E+12,1,9,0,18,0,1,0,0,0,0,1,1,6,2,64,9,1248,1,8,9,1,9
2.02E+12,2,9,0,18,0,1,0,0,0,0,1,1,6,2,24,5,998,1,10,5,2,5
2.02E+12,1,9,0,5,0,6,0,0,0,0,1,1,6,1,73,10,2967,1,17,7,1,7
2.02E+12,2,9,0,18,0,1,0,0,0,0,1,1,6,2,27,6,1390,1,12,5,2,5
2.02E+12,1,3,0,18,0,1,0,4,0,0,1,1,6,1,20,4,124,1,4,5,2,5
2.02E+12,1,9,0,18,0,1,0,0,0,0,1,1,6,2,21,5,2000,2,11,4,3,4
2.02E+12,2,9,0,10,0,1,0,0,0,0,2,1,6,1,28,6,1388,1,15,5,2,5
2.02E+12,1,9,0,9,0,8,0,0,0,0,1,1,6,1,28,6,1499,2,1,7,1,7
2.02E+12,1,9,0,18,0,1,0,0,0,0,4,1,6,1,30,6,1124,1,15,2,1,2
2.02E+12,1,9,0,8,0,1,0,0,0,0,2,1,6,2,45,7,1799,1,10,5,1,5
2.02E+12,2,19,0,5,0,1,0,0,0,0,1,1,6,1,25,5,1870,2,11,6,3,6
2.02E+12,2,9,0,9,0,2,0,0,0,0,1,1,6,1,45,7,1560,2,8,5,2,5
2.02E+12,1,9,0,10,0,1,0,0,0,0,2,1,6,2,21,5,1198,1,5,7,3,7
2.02E+12,1,9,0,3,0,1,0,0,0,0,4,1,6,1,53,8,2204,2,10,8,1,8
2.02E+12,1,9,0,18,0,8,0,0,0,0,4,1,6,1,66,10,1329,1,8,5,3,5
2.02E+12,2,9,0,18,0,1,0,0,0,0,1,1,6,1,54,8,1598,1,12,9,3,9
2.02E+12,1,9,0,18,0,8,0,0,0,0,1,1,6,1,51,8,1598,1,8,7,2,7
2.02E+12,2,9,0,18,0,8,0,0,0,0,1,1,6,2,22,5,1968,2,13,5,3,5
2.02E+12,1,9,0,5,0,1,0,0,0,0,1,1,6,1,51,8,1796,1,16,2,1,2
2.02E+12,2,9,0,8,0,1,0,0,0,0,2,1,6,1,35,6,1582,2,10,5,1,5
2.02E+12,1,9,0,17,0,4,0,0,0,0,3,1,2,2,36,7,1560,2,11,9,1,9
2.02E+12,2,9,0,18,0,4,0,0,0,0,3,1,6,1,75,10,2967,1,11,6,1,6
2.02E+12,1,9,0,18,0,1,0,0,0,0,2,1,6,2,53,8,1200,1,1,7,3,7
2.02E+12,2,9,0,18,0,1,0,0,0,0,2,1,6,2,56,9,1397,1,6,4,2,4
2.02E+12,1,9,0,9,0,8,0,0,0,0,1,1,6,2,51,8,1400,2,10,9,1,9
2.02E+12,1,9,0,3,0,8,0,0,0,0,2,1,6,2,25,5,1596,1,13,3,1,3
2.02E+12,2,9,0,18,0,8,0,0,0,0,1,1,6,1,71,10,1998,1,19,9,3,9
2.02E+12,1,9,0,18,0,1,0,0,0,0,1,1,6,2,51,8,1598,1,9,7,2,7
2.02E+12,2,9,0,9,0,2,1,0,0,0,1,1,6,2,19,4,1198,1,8,5,1,5
2.02E+12,1,9,0,8,0,1,0,0,0,0,2,1,6,1,39,7,1598,1,14,4,1,4
2.02E+12,2,9,0,18,0,1,0,0,0,0,1,1,6,2,34,6,1995,2,12,8,1,8
2.02E+12,1,9,3,4,0,2,0,0,0,0,2,1,6,2,40,7,2987,2,10,7,2,7
2.02E+12,2,9,0,4,0,2,0,0,0,0,2,1,6,1,57,9,1995,2,9,7,1,7
2.02E+12,3,9,0,18,0,2,0,0,0,0,1,1,6,2,39,7,1339,1,11,6,1,6
2.02E+12,1,9,0,7,0,1,0,0,0,0,1,1,6,1,75,10,1390,1,13,7,3,7
2.02E+12,1,9,0,18,0,8,0,0,0,0,3,1,6,1,71,10,2987,2,4,8,3,8
2.02E+12,2,9,0,18,0,8,0,0,0,0,1,1,6,2,21,5,1242,1,4,7,3,7
2.02E+12,1,9,0,7,0,2,0,0,0,0,4,1,6,2,40,7,1870,2,13,9,3,9
2.02E+12,1,8,0,18,0,1,0,0,0,0,1,1,1,1,51,8,1753,2,8,5,1,5
2.02E+12,1,9,0,4,0,2,0,0,0,0,2,1,6,2,28,6,1598,1,15,4,2,4
2.02E+12,3,9,0,18,0,2,0,0,0,0,1,1,6,1,17,4,1199,1,13,4,2,4
2.02E+12,1,9,0,9,0,8,0,0,0,0,3,1,6,2,44,7,1461,2,3,5,3,5
2.02E+12,1,9,0,10,0,8,0,0,0,0,1,1,6,2,47,8,1898,2,12,6,3,6
2.02E+12,2,3,0,18,0,8,0,0,0,0,3,1,6,1,16,4,49,1,5,6,3,6
2.02E+12,1,9,0,18,0,1,0,0,0,0,1,1,6,2,22,5,1299,1,13,4,1,4
2.02E+12,2,9,0,5,0,8,0,0,0,0,1,1,6,1,84,11,1198,1,5,8,3,8
2.02E+12,1,9,0,7,0,1,0,0,0,0,1,1,6,2,17,4,1242,1,6,9,2,9
2.02E+12,1,9,0,9,0,6,0,0,0,0,1,1,6,1,57,9,1598,1,17,4,1,4
2.02E+12,2,3,0,18,0,1,0,0,0,0,2,1,6,1,60,9,125,1,11,8,3,8
2.02E+12,1,9,0,18,0,8,0,0,0,0,1,1,6,1,66,10,2231,2,10,3,1,3
2.02E+12,1,9,0,5,9,1,0,0,0,0,1,1,6,2,77,11,1248,2,8,9,2,9
2.02E+12,1,9,0,4,0,1,0,0,0,0,2,1,6,2,50,8,1229,1,5,8,2,8
2.02E+12,1,9,0,5,0,4,0,0,0,0,3,1,6,2,66,10,2776,2,12,7,3,7
2.02E+12,1,9,0,18,0,1,0,0,0,0,1,1,6,1,25,5,1461,2,1,4,1,4
2.02E+12,2,9,0,18,0,1,0,0,0,0,1,1,6,2,77,11,1560,2,8,8,1,8
2.02E+12,1,9,0,10,0,2,0,0,0,0,1,1,6,1,30,6,1242,1,9,7,3,7
2.02E+12,2,9,0,18,0,1,0,0,0,0,1,1,6,1,50,8,1997,2,7,8,1,8
2.02E+12,2,9,0,18,0,1,0,0,0,0,1,1,6,1,78,11,1997,2,9,4,1,4
2.02E+12,1,9,0,18,0,1,0,0,0,0,1,1,6,1,34,6,1422,2,16,4,1,4
2.02E+12,1,9,0,18,0,8,0,0,0,0,4,1,6,2,32,6,1598,1,15,5,3,5
2.02E+12,1,9,0,9,0,1,0,0,0,0,4,1,6,2,28,6,1997,2,1,6,3,6
2.02E+12,2,9,0,18,0,1,0,0,0,0,1,1,6,2,88,11,1298,1,14,6,2,6
2.02E+12,1,9,0,16,0,2,1,4,0,0,1,1,6,1,31,6,1796,1,15,6,2,6
2.02E+12,1,9,0,8,0,8,0,0,0,0,1,1,6,2,57,9,1275,1,18,6,1,6
2.02E+12,2,9,0,18,0,8,0,0,0,0,1,1,6,1,70,10,2000,2,17,7,3,7
2.02E+12,2,5,0,7,0,2,0,0,3,0,1,1,6,1,39,7,1783,1,4,5,1,5
2.02E+12,1,9,0,4,0,2,0,0,0,0,1,1,6,2,52,8,698,1,12,6,3,6
2.02E+12,1,9,0,18,0,1,0,0,0,0,1,1,6,2,87,11,1390,1,8,10,1,10
2.02E+12,2,9,0,18,0,2,0,0,0,0,1,1,6,2,78,11,1242,1,11,10,1,10
2.02E+12,1,9,0,9,0,6,0,0,0,0,1,1,6,2,31,6,1461,2,1,5,3,5
2.02E+12,2,9,0,18,0,1,0,0,0,0,1,1,6,2,86,11,1242,1,7,4,3,4
2.02E+12,1,9,0,18,0,1,0,0,0,0,1,1,6,1,76,11,1497,8,12,7,3,7
2.02E+12,2,9,0,4,0,1,0,0,0,0,2,1,6,1,75,10,1497,1,12,8,3,8
2.02E+12,1,9,0,9,0,5,0,0,0,0,1,1,6,2,27,6,1796,1,6,4,1,4
2.02E+12,1,9,0,18,0,8,0,0,0,0,3,1,6,2,23,5,1198,1,10,2,1,2
2.02E+12,2,9,0,5,0,6,0,0,0,0,1,1,6,1,65,9,1396,1,13,4,2,4
2.02E+12,1,9,0,9,0,5,0,0,7,10,1,1,6,1,26,6,1590,1,22,5,1,5
2.02E+12,2,9,0,18,0,1,0,0,0,0,1,1,6,1,68,10,1598,1,19,2,1,2
2.02E+12,1,5,0,18,0,1,0,0,0,0,1,1,6,1,28,6,997,1,17,1,1,1
2.02E+12,1,9,0,18,0,1,0,0,0,0,0,1,6,2,52,8,1998,2,10,8,1,8
2.02E+12,1,9,0,5,0,2,0,0,0,0,3,1,6,1,72,10,2494,8,1,8,2,8
2.02E+12,2,9,0,18,0,2,5,0,0,0,1,1,6,1,20,4,2000,2,13,8,2,8
2.02E+12,1,21,1,18,0,1,1,0,0,0,1,1,6,1,50,8,12740,2,4,7,3,7
2.02E+12,2,9,0,18,0,1,0,0,0,0,1,1,6,1,72,10,1560,2,2,10,1,10
2.02E+12,1,5,0,18,0,8,0,0,0,0,1,1,6,2,42,7,1202,1,4,7,3,7
2.02E+12,2,9,0,18,0,8,0,0,0,0,3,1,6,1,42,7,2198,2,3,4,2,4
2.02E+12,2,9,5,18,0,8,0,0,0,0,2,1,6,1,54,8,1968,2,9,7,3,7
2.02E+12,2,9,0,5,0,4,0,0,0,0,3,1,6,1,25,5,1598,2,6,4,1,4
2.02E+12,2,4,0,18,0,1,0,0,0,0,1,1,6,1,21,5,124,1,18,8,1,8
2.02E+12,1,4,0,18,0,8,0,0,0,0,1,1,6,1,18,4,124,1,5,2,1,2
2.02E+12,2,9,0,18,0,8,0,0,0,0,1,1,6,2,70,10,1984,1,15,5,2,5
2.02E+12,1,9,0,18,0,8,0,0,0,0,1,1,6,1,40,7,1596,1,16,3,1,3
2.02E+12,1,9,0,18,0,2,0,0,0,0,1,1,6,1,26,6,1390,1,10,7,3,7
2.02E+12,2,9,0,18,0,2,0,0,0,0,2,1,6,1,70,10,1997,2,5,9,3,9
2.02E+12,2,9,0,18,0,1,0,0,0,0,3,1,6,2,28,6,1240,1,13,8,3,8
2.02E+12,2,9,0,18,0,1,0,0,0,0,1,1,6,2,20,4,1242,1,6,5,3,5
2.02E+12,2,9,0,18,0,4,0,0,0,0,1,1,6,1,63,9,1997,2,13,3,1,3
2.02E+12,1,3,0,18,0,8,0,0,3,0,0,1,6,1,28,6,599,1,19,1,1,1
2.02E+12,1,19,0,18,0,1,0,0,0,0,2,1,1,1,44,7,2198,2,2,4,1,4
2.02E+12,2,9,0,18,0,1,0,0,0,0,1,1,6,1,19,4,1198,1,14,5,3,5
2.02E+12,1,9,0,18,0,4,1,0,0,0,1,1,1,1,57,9,1323,1,17,2,1,2
2.02E+12,1,9,0,9,0,5,0,0,0,0,1,1,6,1,32,6,1598,1,12,8,2,8
2.02E+12,2,9,0,3,0,4,0,4,0,0,2,1,6,2,33,6,1199,2,5,10,1,10
2.02E+12,1,9,0,18,0,1,0,0,1,1,1,1,6,1,22,5,1299,1,20,5,2,5
2.02E+12,2,9,0,18,0,8,0,0,0,0,1,1,6,2,28,6,1560,2,5,3,1,3
2.02E+12,1,9,0,10,0,1,0,0,0,0,2,1,6,2,43,7,1582,2,3,5,2,5
2.02E+12,2,9,0,18,0,1,0,0,0,0,1,1,6,1,78,11,1997,2,2,4,2,4
2.02E+12,1,9,0,18,0,8,0,0,0,0,1,1,6,2,17,4,1984,1,1,5,1,5
2.02E+12,1,9,0,18,0,3,0,0,0,0,3,1,1,2,37,7,1197,1,4,2,1,2
2.02E+12,2,9,0,18,0,8,0,0,0,0,1,1,6,1,36,7,1997,2,8,7,3,7
2.02E+12,1,9,0,18,0,8,0,0,0,0,1,1,6,1,40,7,1781,1,16,2,1,2
2.02E+12,1,9,0,18,0,8,0,0,0,0,1,1,6,1,53,8,1598,2,1,9,2,9
2.02E+12,3,9,0,9,0,5,0,0,0,0,4,1,6,2,42,7,1598,1,15,10,2,10
2.02E+12,1,9,0,4,0,1,0,0,0,0,2,1,6,2,29,6,2993,2,12,7,3,7
2.02E+12,1,19,0,4,0,1,0,0,0,0,2,1,6,2,41,7,1997,1,7,9,3,9
2.02E+12,2,9,0,9,0,8,0,0,0,0,1,1,6,2,55,8,1498,1,8,4,1,4
2.02E+12,1,21,0,3,0,4,0,0,0,0,2,1,6,1,59,9,6370,2,11,4,1,4
2.02E+12,3,9,0,18,0,4,0,0,0,0,1,1,6,1,28,6,1390,1,11,2,1,2
2.02E+12,1,9,0,18,0,1,0,0,0,0,4,1,6,1,75,10,1329,1,2,6,3,6
2.02E+12,2,9,0,18,0,8,0,0,0,0,1,1,6,1,32,6,1596,1,10,5,2,5
2.02E+12,1,9,0,18,0,2,0,0,3,0,1,1,6,1,23,5,1995,2,13,7,3,7
2.02E+12,1,9,0,1,0,8,0,0,0,0,2,1,6,1,79,11,1560,2,2,6,1,6
2.02E+12,1,9,0,9,0,8,0,0,0,0,3,1,1,1,65,9,1995,2,10,10,1,10
2.02E+12,1,9,0,18,0,2,0,0,0,0,1,1,6,2,22,5,1388,1,14,5,1,5
2.02E+12,1,9,0,5,9,1,0,0,0,0,1,1,6,1,60,9,1968,2,1,10,1,10
2.02E+12,1,9,0,9,0,4,0,0,0,0,3,1,6,1,36,7,1995,1,15,3,1,3
2.02E+12,1,9,0,9,0,1,0,0,0,0,2,1,1,2,17,4,1197,1,6,9,1,9
2.02E+12,1,9,0,18,0,8,0,0,0,0,1,1,6,2,56,9,1360,1,13,7,1,7
2.02E+12,1,9,0,9,0,8,0,0,0,0,1,1,6,1,47,8,2998,2,25,5,2,5
2.02E+12,2,5,0,18,0,8,0,0,0,0,1,1,6,1,54,8,1052,1,21,6,1,6
2.02E+12,2,9,0,18,0,8,0,0,7,0,1,1,6,1,17,4,999,1,3,9,2,9
2.02E+12,1,9,0,18,0,8,0,0,0,0,1,1,6,1,31,6,1149,1,14,2,1,2
2.02E+12,2,9,0,13,0,1,0,0,0,0,1,1,6,1,53,8,1998,1,2,1,1,1
2.02E+12,1,9,0,9,0,8,0,0,0,0,2,1,6,1,81,11,2148,2,10,8,1,8
2.02E+12,2,9,0,18,0,8,0,0,0,0,1,1,6,2,17,4,998,1,20,6,3,6
2.02E+12,1,9,0,18,0,8,0,0,0,0,3,1,6,1,64,9,1149,1,3,5,2,5
2.02E+12,2,9,0,9,0,8,0,0,0,0,4,1,6,1,56,9,1969,2,1,3,1,3
2.02E+12,1,9,0,18,0,8,0,0,1,4,1,1,6,1,19,4,1242,1,10,3,1,3
2.02E+12,1,9,0,18,0,1,0,0,0,0,1,1,6,2,80,11,1360,1,13,7,3,7
2.02E+12,2,20,0,2,0,1,0,0,0,0,2,1,6,1,25,5,11967,2,10,6,3,6
2.02E+12,1,9,0,18,0,1,0,0,0,0,2,1,6,2,41,7,1596,1,15,3,1,3
2.02E+12,2,3,0,18,0,1,0,0,0,0,3,1,6,2,44,7,125,1,1,5,1,5
2.02E+12,1,9,0,18,0,8,0,0,0,0,1,1,6,2,38,7,1896,2,14,5,3,5
2.02E+12,2,9,0,18,0,8,0,0,0,0,1,1,6,1,22,5,1124,1,11,7,3,7
2.02E+12,1,9,0,18,0,6,0,0,0,0,4,1,6,2,73,10,1761,1,18,8,3,8
2.02E+12,1,9,0,18,0,8,0,0,0,0,1,1,6,2,40,7,1598,1,13,3,1,3
2.02E+12,1,9,0,9,0,5,0,0,0,0,3,1,3,2,44,7,1598,1,15,8,1,8
2.02E+12,1,5,0,18,0,1,0,11,0,0,1,1,6,1,62,9,1170,1,2,6,3,6
2.02E+12,1,9,0,18,0,1,0,0,0,0,1,1,6,1,64,9,1997,1,24,4,3,4
2.02E+12,2,9,0,18,0,1,0,0,0,0,2,1,6,1,61,9,2143,2,1,7,1,7
2.02E+12,3,9,0,18,0,1,0,0,0,0,2,1,6,2,42,7,1598,1,2,10,1,10
2.02E+12,1,9,0,18,0,7,0,0,0,7,2,1,6,1,63,9,1000,1,17,7,3,7
2.02E+12,2,9,0,18,0,8,0,0,0,0,1,1,6,1,51,8,998,1,15,4,3,4
2.02E+12,1,9,0,18,0,8,0,0,0,0,1,1,6,2,20,4,1299,1,14,8,1,8
2.02E+12,2,9,0,18,0,8,0,0,0,0,1,1,6,2,22,5,998,1,20,7,3,7
2.02E+12,2,17,4,9,0,6,0,0,0,0,3,1,6,1,57,9,4400,2,5,5,3,5
2.02E+12,1,9,0,18,0,1,0,0,0,0,1,1,1,2,18,4,1390,1,6,6,1,6
2.02E+12,1,9,0,18,0,1,0,0,0,0,1,1,6,2,67,10,2191,2,1,7,3,7
2.02E+12,2,9,0,18,0,1,0,0,0,0,1,1,6,2,73,10,1200,1,1,10,1,10
2.02E+12,2,9,0,9,0,8,0,0,0,0,1,1,6,1,62,9,1968,2,2,6,3,6
2.02E+12,1,9,0,18,0,1,5,0,0,0,1,1,6,1,75,10,999,1,1,5,2,5
2.02E+12,1,9,0,18,0,8,0,0,1,1,1,1,6,1,70,10,1591,1,6,5,1,5
2.02E+12,2,9,0,5,0,6,0,0,1,1,3,1,6,2,27,6,2993,2,10,9,2,9
2.02E+12,2,9,0,18,0,8,0,0,0,0,3,1,1,2,59,9,1896,2,10,7,3,7
2.02E+12,1,9,0,18,0,1,0,0,0,0,3,1,6,2,28,6,2494,1,19,5,1,5
2.02E+12,2,9,0,18,0,1,0,0,0,0,1,1,6,1,45,7,1560,2,8,9,1,9
2.02E+12,1,9,0,18,0,1,0,0,0,0,0,1,6,2,29,6,1995,2,6,6,1,6
2.02E+12,2,9,0,13,0,1,0,0,0,0,1,1,6,2,19,4,1975,1,13,9,2,9
2.02E+12,3,9,0,7,0,8,0,0,0,0,1,1,6,1,37,7,1390,1,10,6,1,6
2.02E+12,1,9,0,5,0,8,0,0,0,0,3,1,6,1,65,9,2143,2,2,6,1,6
2.02E+12,2,9,0,18,0,8,0,0,0,0,1,1,6,2,50,8,1388,1,11,6,3,6
2.02E+12,1,9,0,5,0,8,0,0,0,0,1,1,6,2,33,6,1968,2,1,5,3,5
2.02E+12,2,11,0,4,0,8,0,0,0,0,2,1,6,1,40,7,10837,2,1,3,1,3
2.02E+12,1,9,0,18,0,1,1,0,0,0,1,1,6,1,32,6,1598,2,1,5,1,5
2.02E+12,2,9,0,9,0,6,0,0,0,0,1,1,6,1,59,9,1968,2,6,3,1,3
2.02E+12,1,3,0,14,0,1,0,0,0,0,1,1,6,1,19,4,124,1,1,10,1,10
2.02E+12,2,9,0,6,0,1,0,0,0,0,3,1,6,1,47,8,1339,1,11,5,1,5
2.02E+12,1,9,0,18,0,8,0,0,0,0,1,1,6,1,36,7,1796,1,11,5,1,5
2.02E+12,2,9,0,18,0,8,0,0,0,0,2,1,6,1,36,7,1997,2,2,2,1,2
2.02E+12,1,9,0,18,0,8,0,0,0,0,1,1,6,2,29,6,1149,1,7,9,1,9
2.02E+12,2,9,0,4,0,8,0,0,0,0,0,1,6,1,25,5,1798,1,9,4,3,4
2.02E+12,1,9,0,18,0,2,0,0,0,0,1,1,6,2,27,6,1349,1,10,8,3,8
2.02E+12,2,9,0,14,0,1,0,0,0,0,4,1,6,2,54,8,999,1,3,2,1,2
2.02E+12,1,9,0,18,0,8,5,0,7,9,1,1,6,2,20,4,1599,1,14,1,1,1
2.02E+12,1,9,0,18,0,8,0,0,0,0,1,1,6,2,53,8,1299,1,12,3,1,3
2.02E+12,1,9,0,3,0,1,0,0,0,0,2,1,6,2,36,7,2362,1,13,8,3,8
2.02E+12,2,9,0,18,0,1,0,0,0,0,1,1,6,2,80,11,1199,1,15,8,3,8