Accident_Index,Vehicle_Reference,Vehicle_Type,Towing_and_Articulation,Vehicle_Manoeuvre,Vehicle_Location-Restricted_Lane,Junction_Location,Skidding_and_Overturning,Hit_Object_in_Carriageway,Vehicle_Leaving_Carriageway,Hit_Object_off_Carriageway,1st_Point_of_Impact,Was_Vehicle_Left_Hand_Drive?,Journey_Purpose_of_Driver,Sex_of_Driver,Age_of_Driver,Age_Band_of_Driver,Engine_Capacity_(CC),Propulsion_Code,Age_of_Vehicle,Driver_IMD_Decile,Driver_Home_Area_Type,Vehicle_IMD_Decile
2.02E+12,1,9,0,4,0,1,0,0,3,10,1,1,6,1,87,11,1910,2,9,7,3,7
2.02E+12,2,9,0,18,0,1,0,0,0,0,4,1,1,2,46,8,2179,2,2,7,3,7
2.02E+12,2,9,0,18,0,1,0,0,0,0,1,1,1,1,40,7,1499,1,7,1,1,1
2.02E+12,1,9,0,10,0,1,0,0,0,0,2,1,6,2,48,8,1400,2,15,4,1,4
2.02E+12,1,9,0,9,0,5,0,0,0,0,1,1,6,1,32,6,1781,1,17,7,3,7
2.02E+12,2,9,0,18,0,8,0,0,0,0,3,1,6,2,43,7,1596,1,10,8,1,8
2.02E+12,3,9,0,4,0,1,0,0,0,0,1,1,6,2,42,7,1560,2,8,7,3,7
2.02E+12,1,9,0,18,0,8,0,0,0,0,1,1,1,2,43,7,998,1,10,6,3,6
2.02E+12,1,9,0,10,0,1,0,0,0,0,1,1,6,1,46,8,2231,2,5,9,1,9
2.02E+12,2,3,0,18,0,1,0,0,0,0,4,1,6,2,31,6,125,1,3,2,1,2
2.02E+12,2,9,0,18,0,8,0,0,0,0,3,1,6,2,52,8,2982,2,15,6,3,6
2.02E+12,1,9,0,18,0,8,0,0,7,10,1,1,6,1,28,6,1242,1,16,5,1,5
2.02E+12,1,9,0,18,0,1,0,0,0,0,1,1,6,2,54,8,1951,2,11,10,1,10
2.02E+12,2,9,0,9,0,8,0,0,0,0,4,1,6,2,33,6,998,1,7,10,1,10
2.02E+12,1,9,0,4,0,1,0,0,0,0,1,1,6,1,74,10,1997,2,3,5,3,5
2.02E+12,2,9,0,18,0,1,0,0,0,0,2,1,1,2,31,6,1798,1,13,4,1,4
2.02E+12,1,9,0,9,0,8,0,0,0,0,1,1,6,1,33,6,1995,2,15,2,1,2
2.02E+12,1,9,0,18,0,8,0,0,0,0,1,1,6,1,54,8,2494,2,15,5,3,5
2.02E+12,2,9,0,9,0,8,0,0,0,0,1,1,6,2,19,4,998,1,15,7,1,7
2.02E+12,1,9,0,18,0,1,0,0,0,0,1,1,6,1,28,6,1390,1,6,3,1,3
2.02E+12,2,9,0,18,0,1,0,0,0,0,1,1,6,1,43,7,1349,1,4,3,1,3
2.02E+12,2,9,0,18,0,8,0,0,0,0,1,1,6,2,65,9,2400,2,10,7,3,7
2.02E+12,2,9,0,18,0,8,0,0,0,0,1,1,6,1,55,8,1200,1,1,7,3,7
2.02E+12,1,9,0,9,0,8,0,0,0,0,4,1,6,2,18,4,1598,1,10,6,3,6
2.02E+12,2,9,0,5,0,8,0,0,0,0,1,1,6,2,63,9,1796,1,16,10,1,10
2.02E+12,1,9,0,18,0,1,0,0,0,0,1,1,6,2,55,8,1968,2,10,5,1,5
2.02E+12,2,9,5,18,0,8,0,0,0,0,2,1,6,2,52,8,1596,1,15,5,2,5
2.02E+12,2,9,0,18,0,8,0,0,0,0,1,1,6,1,21,5,1995,2,8,8,3,8
2.02E+12,1,9,0,18,0,8,0,0,3,9,1,1,6,1,20,4,1686,2,11,6,3,6
2.02E+12,2,9,0,18,0,8,0,0,0,0,1,1,6,1,46,8,1796,1,12,5,1,5
2.02E+12,2,9,0,9,0,5,0,0,0,0,1,1,6,2,28,6,999,1,2,5,1,5
2.02E+12,1,9,0,9,0,1,0,0,0,0,1,1,6,2,17,4,1242,1,9,1,1,1
2.02E+12,1,9,0,9,0,6,0,0,0,0,1,1,6,1,47,8,1997,2,7,6,1,6
2.02E+12,2,3,0,9,0,6,0,0,0,0,1,1,6,1,23,5,125,1,1,6,1,6
2.02E+12,2,9,0,9,0,8,0,0,0,0,4,1,6,1,30,6,1388,1,9,2,1,2
2.02E+12,1,9,0,18,0,8,0,0,0,0,2,1,6,2,40,7,1587,1,15,7,1,7
2.02E+12,2,21,0,18,0,8,0,0,0,0,1,1,6,1,59,9,10837,2,2,2,1,2
2.02E+12,1,9,0,18,0,8,0,0,0,0,4,1,6,1,29,6,1560,2,5,1,1,1
2.02E+12,1,9,0,18,0,8,0,0,0,0,4,1,6,1,32,6,1595,1,13,7,1,7
2.02E+12,1,9,0,9,0,8,0,0,0,0,1,1,6,2,79,11,2401,2,13,10,1,10
2.02E+12,1,9,0,3,0,8,0,0,0,0,2,1,6,1,43,7,1395,1,3,9,3,9
2.02E+12,2,9,0,18,0,7,0,0,0,0,1,1,6,2,53,8,998,1,4,7,1,7
2.02E+12,1,9,0,9,0,8,0,0,0,0,1,1,6,2,40,7,2143,2,1,8,3,8
2.02E+12,2,9,0,18,0,8,0,0,0,0,1,1,6,1,35,6,2967,2,6,2,1,2
2.02E+12,1,9,0,9,0,6,0,0,0,0,3,1,6,1,45,7,1995,2,10,6,1,6
2.02E+12,2,9,0,7,0,6,0,0,0,0,1,1,6,1,30,6,1598,1,15,4,1,4
2.02E+12,1,9,0,18,0,8,0,0,0,0,4,1,6,2,28,6,998,1,9,10,1,10
2.02E+12,1,9,0,10,0,1,0,0,0,0,2,1,6,1,56,9,998,1,5,1,1,1
2.02E+12,1,9,0,1,0,8,0,0,0,0,2,1,6,1,65,9,1596,1,7,9,1,9
2.02E+12,1,9,0,9,0,8,0,0,0,0,1,1,6,1,49,8,1598,2,1,1,1,1
2.02E+12,2,9,0,18,0,1,0,0,0,0,0,1,6,1,30,6,1798,1,16,1,1,1
2.02E+12,1,9,0,3,0,1,0,0,0,0,2,1,6,2,65,9,1560,2,3,9,3,9
2.02E+12,1,3,0,18,0,2,0,0,0,0,1,1,6,1,22,5,124,1,3,9,1,9
2.02E+12,1,9,0,1,0,1,0,0,0,0,2,1,6,1,62,9,1968,2,3,7,1,7
2.02E+12,2,9,0,18,0,8,0,0,0,0,1,1,6,2,45,7,1998,1,8,7,1,7
2.02E+12,1,9,0,18,0,8,0,0,0,0,4,1,6,2,72,10,1299,1,17,8,2,8
2.02E+12,1,9,0,5,0,4,0,0,0,0,1,1,6,1,32,6,1527,2,19,10,1,10
2.02E+12,2,4,0,9,0,5,0,0,0,0,4,1,6,1,20,4,125,1,1,1,1,1
2.02E+12,1,9,0,18,0,6,0,0,0,0,3,1,6,1,22,5,1598,1,14,5,1,5
2.02E+12,2,9,0,18,0,8,0,0,0,0,3,1,6,1,73,10,1798,1,13,9,1,9
2.02E+12,1,9,0,5,0,8,0,0,0,0,3,1,6,2,51,8,2494,1,12,9,1,9
2.02E+12,1,9,0,3,0,8,0,0,0,0,2,1,6,2,39,7,1386,1,5,1,1,1
2.02E+12,1,9,0,9,0,5,0,0,0,0,0,1,6,1,73,10,1197,1,1,9,1,9
2.02E+12,1,9,0,9,0,8,0,0,0,0,3,1,6,1,73,10,1896,2,11,4,1,4
2.02E+12,2,9,0,9,0,8,0,0,0,0,1,1,6,1,20,4,1968,2,1,9,1,9
2.02E+12,1,9,0,7,0,8,0,0,0,0,1,1,6,1,21,5,1242,1,15,3,1,3
2.02E+12,2,9,0,18,0,8,0,0,0,0,3,1,6,1,44,7,1896,2,8,1,1,1
2.02E+12,1,9,0,3,0,1,0,0,0,0,3,1,6,1,67,10,1582,2,2,1,1,1
2.02E+12,1,9,0,18,0,8,0,0,0,0,1,1,6,1,44,7,1968,2,2,4,1,4
2.02E+12,2,9,0,3,0,1,0,0,0,0,1,1,6,2,19,4,1299,1,13,4,1,4
2.02E+12,2,9,0,18,0,1,0,0,0,0,1,1,6,1,73,10,1598,1,9,10,3,10
2.02E+12,1,9,0,18,0,8,0,0,0,0,1,1,6,1,75,10,1390,1,12,1,1,1
2.02E+12,1,9,0,9,0,6,0,0,0,0,3,1,6,2,37,7,1598,2,3,2,1,2
2.02E+12,2,2,0,18,0,8,0,0,0,0,1,1,6,1,18,4,49,1,4,4,1,4
2.02E+12,2,9,0,5,0,4,0,0,0,0,3,1,6,1,42,7,1984,1,8,7,1,7
2.02E+12,1,9,0,18,0,8,0,0,0,0,1,1,6,1,48,8,1995,2,12,4,1,4
2.02E+12,2,9,0,18,0,8,0,0,0,0,1,1,6,1,85,11,998,1,14,7,1,7
2.02E+12,1,9,0,5,0,8,0,0,0,0,1,1,6,2,41,7,1910,2,10,9,2,9
2.02E+12,1,11,0,18,0,1,0,0,0,0,0,1,6,1,49,8,7300,2,12,6,1,6
2.02E+12,2,11,0,9,0,5,0,0,0,0,0,1,6,1,44,7,9600,2,23,2,1,2
2.02E+12,1,9,0,5,0,6,0,0,0,0,3,1,6,2,57,9,1339,1,11,7,1,7
2.02E+12,2,9,0,18,0,8,0,0,0,0,1,1,6,1,31,6,1896,2,15,10,1,10
2.02E+12,1,9,0,18,0,8,0,0,0,0,1,1,6,1,18,4,1332,1,19,4,1,4
2.02E+12,1,9,0,18,0,1,0,0,0,0,1,1,6,1,51,8,1968,2,10,9,1,9
2.02E+12,2,19,0,4,0,1,0,0,0,0,2,1,6,1,61,9,2198,2,6,7,1,7
2.02E+12,3,19,0,4,0,1,0,0,0,0,1,1,6,1,24,5,2198,2,1,10,1,10
2.02E+12,4,19,0,3,0,1,0,0,0,0,2,1,6,1,29,6,2143,2,4,3,2,3
2.02E+12,5,9,0,10,0,1,0,0,0,0,2,1,6,2,69,10,1984,1,2,9,1,9
2.02E+12,1,9,0,4,0,2,0,0,0,0,4,1,6,1,22,5,1398,1,1,9,1,9
2.02E+12,1,9,0,18,0,1,0,0,1,2,3,1,6,1,30,6,1753,2,10,9,1,9
2.02E+12,1,9,0,18,0,1,0,0,0,0,1,1,6,1,91,11,1149,1,9,3,1,3
2.02E+12,2,9,0,14,0,2,0,0,0,0,1,1,6,1,48,8,1951,2,14,8,1,8
2.02E+12,1,9,0,4,0,8,0,0,0,0,2,1,6,2,49,8,1390,1,19,4,1,4
2.02E+12,1,9,0,7,0,1,0,0,0,0,2,1,6,2,33,6,1198,1,10,6,2,6
2.02E+12,1,9,0,8,0,1,0,0,0,0,3,1,6,2,39,7,1968,2,3,7,2,7
2.02E+12,2,9,0,9,0,6,0,0,0,0,1,1,6,1,81,11,1596,1,13,10,2,10
2.02E+12,1,9,0,6,0,6,0,0,0,0,1,1,6,1,69,10,1588,1,13,1,1,1
2.02E+12,2,3,0,18,0,2,0,0,0,0,1,1,6,1,24,5,124,1,5,1,1,1
2.02E+12,1,9,0,3,0,1,0,0,0,0,2,1,6,1,32,6,2793,1,19,6,1,6
2.02E+12,2,8,0,18,0,1,0,0,0,0,1,1,1,1,63,9,1991,2,8,3,1,3
2.02E+12,1,9,0,4,0,1,0,0,0,0,2,1,6,2,28,6,2926,2,14,6,1,6
2.02E+12,1,9,0,18,0,4,0,0,0,0,1,1,6,1,47,8,2967,2,6,2,1,2
2.02E+12,2,9,0,18,0,8,0,0,0,0,1,1,6,1,79,11,1299,1,16,7,1,7
2.02E+12,2,9,0,18,0,1,0,0,0,0,1,1,6,2,67,10,1591,1,3,7,3,7
2.02E+12,1,9,0,18,0,6,0,0,0,0,4,1,6,1,57,9,998,1,12,8,1,8
2.02E+12,2,9,0,3,0,1,0,0,0,0,2,1,2,2,22,5,1591,1,4,10,1,10
2.02E+12,2,9,0,9,0,8,0,0,0,0,3,1,6,1,52,8,3800,1,4,4,1,4
2.02E+12,1,9,0,9,0,5,0,0,0,0,1,1,6,1,39,7,1998,1,9,8,1,8
2.02E+12,1,5,0,18,0,1,1,0,0,0,0,1,6,1,31,6,645,1,14,4,1,4
2.02E+12,1,9,0,18,0,8,0,0,0,0,1,1,6,2,24,5,998,1,3,7,1,7
2.02E+12,2,19,0,9,0,6,0,0,0,0,3,1,6,1,24,5,2143,2,2,5,1,5
2.02E+12,1,9,0,5,0,1,0,0,0,0,1,1,6,2,62,9,1339,1,11,2,1,2
2.02E+12,2,9,0,18,0,1,0,0,0,0,1,1,6,1,21,5,1364,1,10,4,1,4
2.02E+12,1,9,0,18,0,1,0,0,0,0,2,1,6,2,48,8,2495,2,15,4,1,4
2.02E+12,2,9,0,9,0,1,0,0,0,0,3,1,6,2,29,6,1590,1,3,10,2,10
2.02E+12,1,9,0,18,0,8,5,10,0,0,4,1,6,1,37,7,1149,1,12,3,1,3
2.02E+12,1,9,0,4,0,8,0,0,0,0,3,1,1,2,21,5,1248,2,10,2,1,2
2.02E+12,1,9,0,18,0,8,0,0,0,0,0,1,6,2,48,8,1195,1,19,4,1,4
2.02E+12,1,9,0,17,0,1,0,0,0,0,1,1,6,1,47,8,2497,2,6,3,1,3
2.02E+12,1,9,0,18,0,1,1,0,7,1,4,1,6,1,28,6,2494,1,15,4,1,4
2.02E+12,1,9,0,9,0,6,0,0,1,1,1,1,6,1,34,6,1968,2,4,10,3,10
2.02E+12,1,9,0,4,0,1,0,0,0,0,3,1,6,1,35,6,1596,1,9,5,1,5
2.02E+12,2,9,0,7,0,7,0,0,0,0,1,1,6,1,25,5,1781,1,25,7,1,7
2.02E+12,1,9,0,18,0,4,0,0,0,0,1,1,6,1,35,6,1398,1,13,6,1,6
2.02E+12,1,9,0,7,0,6,0,0,0,0,3,1,6,2,32,6,1198,1,11,1,1,1
2.02E+12,2,9,0,18,0,8,0,0,0,0,4,1,6,2,19,4,1242,1,9,8,3,8
2.02E+12,1,9,0,18,0,1,0,0,0,0,3,1,1,2,20,4,1388,1,15,2,1,2
2.02E+12,1,9,0,5,0,4,0,0,0,0,3,1,6,1,49,8,1339,1,13,4,1,4
2.02E+12,1,9,0,9,0,6,0,0,0,0,1,1,6,1,54,8,1995,2,2,8,2,8
2.02E+12,2,9,0,18,0,8,5,0,1,10,4,1,6,1,21,5,1395,1,1,10,2,10
2.02E+12,1,9,0,3,8,6,0,0,0,0,1,1,2,1,45,7,1397,1,7,10,1,10
2.02E+12,1,9,0,1,0,6,0,0,0,0,0,1,6,1,29,6,2987,2,3,4,1,4
2.02E+12,1,3,0,18,2,1,0,0,0,0,1,1,2,1,31,6,102,1,11,1,1,1
2.02E+12,1,5,0,14,0,1,0,0,0,0,1,1,6,1,32,6,1198,1,3,6,1,6
2.02E+12,2,21,1,9,0,8,0,0,0,0,3,1,6,1,59,9,12900,2,6,8,3,8
2.02E+12,1,9,0,3,0,8,0,0,0,0,2,1,6,2,19,4,1242,1,7,3,1,3
2.02E+12,1,9,0,18,0,1,0,0,0,0,1,1,6,1,40,7,998,1,1,4,1,4
2.02E+12,2,9,0,7,0,6,0,0,0,0,3,1,6,1,86,11,998,1,16,8,1,8
2.02E+12,3,9,0,18,0,1,0,0,0,0,1,1,6,1,82,11,1248,1,5,5,1,5
2.02E+12,1,11,0,7,0,5,0,0,0,0,4,1,1,1,39,7,3900,2,11,4,1,4
2.02E+12,1,9,0,10,0,1,0,0,0,0,2,1,6,2,68,10,1229,1,12,3,1,3
2.02E+12,1,9,0,3,0,4,0,0,0,0,2,1,6,2,25,5,1242,1,10,6,1,6
2.02E+12,1,9,0,18,0,1,0,0,0,0,1,1,6,1,56,9,1796,1,13,4,1,4
2.02E+12,2,9,0,4,0,1,0,0,0,0,2,1,6,2,22,5,1560,2,10,5,1,5
2.02E+12,2,4,0,18,0,1,0,0,0,0,1,1,6,1,26,6,124,1,10,5,1,5
2.02E+12,1,9,0,18,0,1,0,0,0,0,1,1,6,1,39,7,1199,1,18,6,1,6
2.02E+12,1,19,0,18,0,2,0,0,0,0,1,1,6,1,59,9,2198,2,2,8,3,8
2.02E+12,3,9,0,3,0,2,0,0,0,0,2,1,6,1,49,8,2143,2,6,8,1,8
2.02E+12,4,9,0,3,0,2,0,0,0,0,2,1,6,1,47,8,1587,1,12,9,1,9
2.02E+12,1,9,0,9,2,5,0,0,0,0,1,1,6,1,35,6,1796,1,10,3,1,3
2.02E+12,1,19,0,3,0,1,0,0,0,0,2,1,6,1,35,6,1598,2,2,4,1,4
2.02E+12,2,9,0,3,0,1,0,0,0,0,2,1,6,1,63,9,1339,1,4,6,1,6
2.02E+12,3,19,0,3,0,1,0,0,0,0,2,1,6,1,59,9,1870,2,11,5,1,5
2.02E+12,4,9,0,4,0,1,0,0,0,0,1,1,6,1,21,5,1796,1,18,4,1,4
2.02E+12,1,19,0,9,0,6,0,0,0,0,3,1,6,1,51,8,2402,2,7,4,1,4
2.02E+12,2,9,0,18,0,8,0,0,0,0,4,1,6,2,74,10,1242,1,8,10,1,10
2.02E+12,1,2,0,18,0,8,1,0,0,0,1,1,1,1,36,7,125,1,3,5,1,5
2.02E+12,1,9,0,18,0,8,0,0,0,0,4,1,6,1,37,7,1968,2,9,9,2,9
2.02E+12,2,9,0,5,0,6,0,0,0,0,1,1,6,1,21,5,1968,2,5,1,1,1
2.02E+12,1,9,0,9,0,6,0,0,0,0,3,1,6,1,32,6,1999,2,1,9,1,9
2.02E+12,1,19,0,7,0,5,0,0,0,0,4,1,6,1,40,7,2402,2,12,5,1,5
2.02E+12,2,3,0,18,0,8,0,0,0,0,1,1,6,1,26,6,599,1,8,1,1,1
2.02E+12,1,11,0,9,0,1,0,0,0,0,4,1,1,1,24,5,7300,2,12,1,1,1
2.02E+12,1,9,0,9,0,6,0,0,0,0,1,1,6,1,63,9,1598,1,4,5,1,5
2.02E+12,1,19,0,9,0,5,0,0,0,0,4,1,6,1,32,6,2464,2,6,4,1,4
2.02E+12,2,9,0,4,0,1,0,0,0,0,1,1,6,2,32,6,1339,1,1,4,1,4
2.02E+12,2,9,0,9,0,5,0,0,0,0,1,1,6,2,40,7,1368,1,10,4,1,4
2.02E+12,1,9,0,9,0,8,0,0,0,0,1,1,6,1,78,11,1598,2,1,7,1,7
2.02E+12,2,9,0,2,0,8,0,0,0,0,2,1,6,1,37,7,1598,1,17,7,1,7
2.02E+12,1,9,0,9,0,8,0,0,0,0,1,1,6,2,50,8,1596,1,15,2,1,2
2.02E+12,2,3,0,18,0,8,0,0,0,0,1,1,6,1,59,9,124,1,5,1,1,1
2.02E+12,1,9,0,3,0,4,0,0,0,0,2,1,6,2,51,8,2500,2,20,6,1,6
2.02E+12,1,9,0,18,0,8,0,0,0,0,2,1,6,2,49,8,2799,1,18,2,1,2
2.02E+12,2,9,0,18,0,1,0,0,0,0,3,1,6,2,18,4,1242,1,3,7,1,7
2.02E+12,1,9,0,1,0,1,0,0,0,0,2,1,6,2,36,7,1998,2,11,8,3,8
2.02E+12,1,9,0,18,0,1,0,0,0,0,1,1,6,1,46,8,1390,1,4,1,1,1
2.02E+12,2,9,0,3,0,1,0,0,0,0,2,1,6,1,35,6,1396,1,2,5,1,5
2.02E+12,1,9,0,1,0,6,0,0,0,0,2,1,6,2,29,6,1598,2,5,5,1,5
2.02E+12,1,9,0,9,0,5,0,0,0,0,3,1,6,1,44,7,1910,2,11,5,3,5
2.02E+12,2,5,0,13,0,8,0,0,1,10,1,1,6,1,27,6,1200,1,1,8,1,8
2.02E+12,1,9,0,18,0,1,0,0,0,0,3,1,6,1,55,8,1198,1,9,4,1,4
2.02E+12,2,5,0,7,0,6,0,0,0,0,1,1,6,1,64,9,885,1,21,5,3,5
2.02E+12,1,9,0,3,0,1,0,0,0,0,2,1,6,2,49,8,1598,1,18,8,3,8
2.02E+12,1,9,0,18,0,8,0,0,0,0,3,1,6,1,29,6,1997,2,8,8,1,8
2.02E+12,1,9,0,10,0,8,0,0,0,0,2,1,6,2,54,8,2776,2,14,6,1,6
2.02E+12,2,9,0,18,0,1,0,0,0,0,1,1,6,1,77,11,1995,2,5,2,1,2
2.02E+12,1,9,0,7,0,5,0,0,1,1,3,1,6,1,52,8,1998,1,12,10,2,10
2.02E+12,1,9,0,18,0,1,0,0,0,0,4,1,6,2,63,9,1998,1,17,7,1,7
2.02E+12,1,9,0,9,0,8,0,0,0,0,1,1,6,1,20,4,1299,1,11,9,1,9
2.02E+12,1,9,0,7,0,8,0,0,0,0,1,1,6,1,41,7,2143,2,1,2,1,2
2.02E+12,1,8,0,18,0,8,0,0,0,0,1,1,1,1,58,9,1995,2,13,10,1,10
2.02E+12,1,21,0,18,0,2,0,0,0,0,3,1,1,1,35,6,6692,2,8,7,1,7
2.02E+12,2,9,0,18,0,1,1,0,1,4,3,1,6,1,44,7,998,1,23,7,2,7
2.02E+12,1,9,0,9,0,8,0,0,0,0,4,1,6,2,22,5,1598,1,7,10,1,10
2.02E+12,1,9,0,5,0,6,0,0,0,0,4,1,6,2,34,6,1997,2,15,8,1,8
2.02E+12,1,9,0,4,0,5,0,0,0,0,1,1,6,2,20,4,1299,1,13,8,1,8
2.02E+12,2,9,0,3,0,5,0,0,0,0,2,1,6,1,65,9,2488,1,11,4,1,4
2.02E+12,1,9,0,3,0,1,0,0,0,0,2,1,6,1,43,7,1368,1,1,4,1,4
2.02E+12,2,9,0,18,0,1,0,0,0,0,1,1,6,2,39,7,998,1,11,4,1,4
2.02E+12,2,9,0,18,0,8,0,0,0,0,1,1,6,2,42,7,1685,2,3,2,1,2
2.02E+12,1,9,0,9,0,8,0,0,0,0,4,1,6,2,60,9,1240,1,11,8,1,8
2.02E+12,1,9,0,5,0,2,0,0,0,0,1,1,6,1,38,7,2995,1,14,7,1,7
2.02E+12,1,9,0,4,0,8,0,0,0,0,2,1,3,2,30,6,1998,1,13,4,1,4
2.02E+12,2,9,0,4,0,8,0,0,0,0,1,1,6,1,51,8,1587,1,12,5,1,5
2.02E+12,1,9,0,9,0,8,0,0,0,0,1,1,6,1,66,10,1796,1,13,7,1,7
2.02E+12,2,9,0,18,0,8,0,0,0,0,1,1,6,2,19,4,1499,1,1,4,1,4
2.02E+12,1,9,0,4,0,1,0,0,0,0,2,1,6,1,54,8,1339,8,9,10,1,10
2.02E+12,3,9,0,18,0,1,0,0,0,0,1,1,6,1,30,6,1995,2,5,10,1,10
2.02E+12,1,9,0,18,0,2,0,0,1,0,1,1,6,1,73,10,1753,2,17,8,3,8
2.02E+12,1,9,0,5,0,2,0,0,1,0,3,1,6,2,38,7,1149,1,14,1,1,1
2.02E+12,2,21,0,5,0,2,0,0,0,0,4,1,6,1,29,6,12900,2,8,4,1,4
2.02E+12,1,8,0,7,0,5,0,0,0,0,4,1,1,1,51,8,1798,8,2,1,1,1
2.02E+12,1,9,0,7,0,2,1,10,1,7,1,1,6,1,24,5,1360,1,11,9,2,9
2.02E+12,1,3,0,3,0,1,0,0,0,0,2,1,6,2,59,9,124,1,1,7,3,7
2.02E+12,2,9,0,5,0,1,0,0,0,0,1,1,6,1,37,7,1896,2,15,7,3,7
2.02E+12,1,9,0,5,0,4,0,0,0,0,1,1,6,1,62,9,1796,1,17,6,1,6
2.02E+12,2,9,0,9,0,8,0,0,0,0,4,1,6,2,52,8,1560,2,5,7,1,7
2.02E+12,1,9,0,6,0,8,0,0,0,0,4,1,6,1,32,6,1461,2,1,1,1,1
2.02E+12,1,5,0,5,0,3,0,0,0,0,1,1,6,1,60,9,649,1,1,3,1,3
2.02E+12,1,9,0,10,0,1,0,0,0,0,3,1,6,2,42,7,1598,1,10,1,1,1
2.02E+12,2,9,0,17,0,8,0,0,0,0,2,1,6,2,32,6,1999,1,10,1,1,1
2.02E+12,3,9,0,17,0,8,0,0,0,0,1,1,6,1,32,6,1398,1,19,6,1,6
2.02E+12,1,9,0,1,9,6,0,0,0,0,2,1,6,1,71,10,1200,1,1,9,2,9
2.02E+12,1,9,0,5,0,4,0,0,0,0,1,1,6,2,43,7,1599,1,12,8,1,8
2.02E+12,1,9,0,7,0,5,0,0,0,0,4,1,6,2,45,7,1398,1,3,4,1,4
2.02E+12,2,5,0,15,2,8,0,0,0,0,3,1,6,1,24,5,296,1,4,3,1,3
2.02E+12,1,9,0,11,0,1,0,0,0,0,4,1,6,2,30,6,1598,1,13,1,1,1
2.02E+12,1,9,0,9,0,8,0,0,0,0,1,1,6,1,59,9,1798,1,2,2,1,2
2.02E+12,2,5,0,18,0,8,0,0,0,0,1,1,6,1,36,7,124,1,1,2,1,2
2.02E+12,1,9,0,7,0,3,0,0,0,0,4,1,6,3,50,8,1798,1,5,8,1,8
2.02E+12,1,9,0,9,0,8,0,0,0,0,1,1,6,2,19,4,1560,2,3,8,3,8
2.02E+12,2,9,0,17,0,8,0,0,0,0,3,1,6,2,21,5,1598,1,15,10,2,10
2.02E+12,1,9,0,3,0,2,0,0,0,0,3,1,6,2,19,4,1364,1,10,4,1,4
2.02E+12,1,9,0,18,0,2,0,0,0,0,1,1,6,2,50,8,1497,8,2,6,1,6
2.02E+12,1,8,0,3,0,8,0,0,0,0,2,1,6,1,38,7,1995,2,7,9,3,9
2.02E+12,1,3,0,18,2,8,0,0,0,0,1,1,6,1,19,4,124,1,9,2,1,2
2.02E+12,2,9,0,13,0,8,0,0,0,0,4,1,6,1,47,8,1956,2,4,8,1,8
2.02E+12,2,9,0,10,0,6,0,0,0,0,3,1,6,1,40,7,1753,2,13,3,1,3
2.02E+12,1,9,0,9,0,5,0,0,0,0,1,1,6,1,40,7,1598,1,16,2,1,2
2.02E+12,1,9,0,18,0,4,0,0,0,0,1,1,6,2,48,8,1339,1,3,8,1,8
2.02E+12,1,9,0,9,0,5,0,0,0,0,1,1,6,1,22,5,1686,2,12,2,1,2
2.02E+12,1,9,0,9,0,5,0,0,0,0,1,1,6,1,37,7,1984,1,1,7,1,7
2.02E+12,1,9,0,9,0,8,0,0,0,0,1,1,6,2,35,6,2204,2,8,8,1,8
2.02E+12,2,9,0,18,0,8,0,0,0,0,4,1,6,2,40,7,1242,1,3,6,1,6
2.02E+12,1,9,0,5,0,8,0,0,0,0,3,1,6,1,27,6,1598,1,10,2,1,2
2.02E+12,1,5,0,18,0,8,1,0,0,0,1,1,6,1,30,6,649,1,13,8,3,8
2.02E+12,1,5,0,18,2,8,0,0,0,0,3,1,6,1,33,6,847,1,2,10,1,10
2.02E+12,1,9,0,9,0,5,0,0,0,0,4,1,6,2,28,6,1388,1,13,1,1,1
2.02E+12,2,9,0,18,0,1,0,0,0,0,1,1,6,1,67,10,1398,1,4,4,1,4
2.02E+12,1,9,0,18,0,8,0,0,0,0,1,1,6,1,80,11,1360,1,15,6,1,6
2.02E+12,1,9,0,16,0,1,0,0,0,0,4,1,6,2,49,8,1968,2,2,10,1,10
2.02E+12,1,3,0,18,0,8,1,0,0,0,1,1,6,1,18,4,124,1,2,10,2,10
2.02E+12,2,9,0,18,0,8,0,0,0,0,4,1,6,1,52,8,999,1,1,8,1,8
2.02E+12,1,9,0,8,0,2,0,0,0,0,2,1,6,2,54,8,1360,1,11,5,1,5
2.02E+12,2,9,0,3,0,1,0,0,0,0,1,1,6,1,31,6,1956,2,1,3,1,3
2.02E+12,1,21,0,9,0,5,0,0,0,0,3,1,1,1,48,8,4250,2,5,7,1,7
2.02E+12,2,9,0,9,0,8,0,0,0,0,1,1,1,2,35,6,1299,1,15,2,1,2
2.02E+12,1,9,0,9,0,8,0,0,0,0,2,1,6,1,73,10,1597,2,1,10,1,10
2.02E+12,2,9,0,18,0,1,0,0,0,0,1,1,6,1,42,7,2179,2,7,6,3,6
2.02E+12,1,21,0,18,0,8,0,0,0,0,1,1,1,1,50,8,6692,2,6,10,1,10
2.02E+12,1,9,0,18,0,8,0,0,0,0,1,1,6,2,49,8,1995,1,15,1,1,1
2.02E+12,2,20,0,18,0,8,0,0,0,0,2,1,1,1,33,6,10837,2,2,6,1,6
2.02E+12,1,2,0,18,0,1,0,0,0,0,1,1,6,1,16,4,49,1,1,1,1,1