Accident_Index,Vehicle_Reference,Vehicle_Type,Towing_and_Articulation,Vehicle_Manoeuvre,Vehicle_Location-Restricted_Lane,Junction_Location,Skidding_and_Overturning,Hit_Object_in_Carriageway,Vehicle_Leaving_Carriageway,Hit_Object_off_Carriageway,1st_Point_of_Impact,Was_Vehicle_Left_Hand_Drive?,Journey_Purpose_of_Driver,Sex_of_Driver,Age_of_Driver,Age_Band_of_Driver,Engine_Capacity_(CC),Propulsion_Code,Age_of_Vehicle,Driver_IMD_Decile,Driver_Home_Area_Type,Vehicle_IMD_Decile
2.02E+12,2,9,0,18,0,1,0,0,0,0,1,1,6,1,28,6,1598,2,1,1,1,1
2.02E+12,1,5,0,18,0,1,0,0,0,0,3,1,6,1,62,9,656,1,11,9,1,9
2.02E+12,2,9,0,18,0,6,0,0,0,0,1,1,6,1,57,9,2979,1,16,7,1,7
2.02E+12,1,21,0,18,0,8,0,0,0,0,1,1,6,1,26,6,10837,2,1,7,3,7
2.02E+12,2,9,0,18,0,8,1,0,0,0,3,1,6,2,64,9,2354,1,13,2,1,2
2.02E+12,1,3,0,18,0,1,0,0,0,0,1,1,6,2,16,4,49,1,15,1,1,1
2.02E+12,1,9,0,9,0,6,0,0,0,0,3,1,6,1,42,7,1399,1,1,3,1,3
2.02E+12,2,11,0,18,0,8,0,0,0,0,1,1,6,2,68,10,5900,2,10,7,3,7
2.02E+12,1,9,0,11,0,7,0,0,0,0,3,1,6,2,84,11,1348,1,15,7,1,7
2.02E+12,2,9,0,18,0,8,0,0,0,0,4,1,6,2,20,4,1200,1,15,1,1,1
2.02E+12,1,9,0,18,0,1,0,0,0,0,1,1,6,2,28,6,1956,2,3,6,1,6
2.02E+12,2,4,0,5,0,8,0,0,0,0,1,1,6,1,18,4,124,1,10,4,1,4
2.02E+12,1,9,0,9,0,6,0,0,0,0,3,1,6,1,25,5,1199,1,13,8,1,8
2.02E+12,2,9,0,18,0,1,0,0,0,0,1,1,6,1,29,6,1998,1,1,3,1,3
2.02E+12,1,2,0,18,0,1,0,0,0,0,1,1,1,2,30,6,49,1,2,8,1,8
2.02E+12,1,9,0,18,0,8,0,0,0,0,1,1,6,1,34,6,1968,2,3,7,1,7
2.02E+12,2,9,0,12,0,8,0,0,0,0,4,1,6,1,27,6,1716,2,17,4,1,4
2.02E+12,1,9,0,9,0,1,0,0,0,0,1,1,6,1,34,6,1468,1,7,4,1,4
2.02E+12,2,9,0,18,0,1,0,0,0,0,3,1,6,1,50,8,1984,1,16,1,1,1
2.02E+12,1,9,0,18,0,8,0,0,3,10,1,1,6,1,40,7,1968,2,6,6,1,6
2.02E+12,1,5,0,18,0,8,0,0,0,0,1,1,6,1,63,9,744,1,3,7,1,7
2.02E+12,2,9,0,5,0,6,0,0,0,0,3,1,6,2,77,11,998,1,1,10,1,10
2.02E+12,1,9,0,18,0,1,0,0,1,1,1,1,6,1,31,6,2198,1,15,1,1,1
2.02E+12,1,11,0,18,2,8,0,10,0,1,1,1,6,1,42,7,6700,2,1,1,1,1
2.02E+12,1,9,0,9,0,8,0,0,0,0,3,1,1,1,49,8,1997,2,13,3,1,3
2.02E+12,1,3,0,18,0,1,0,0,0,0,1,1,1,1,23,5,124,1,3,9,2,9
2.02E+12,2,19,0,9,0,6,0,0,0,0,3,1,1,1,26,6,2143,2,1,10,1,10
2.02E+12,2,19,0,18,0,8,0,0,0,0,1,1,6,1,34,6,2198,2,5,5,1,5
2.02E+12,1,9,0,9,0,6,0,0,0,0,3,1,6,1,53,8,1598,1,2,9,3,9
2.02E+12,2,3,0,18,0,1,0,0,0,0,1,1,6,2,63,9,125,1,10,7,3,7
2.02E+12,1,9,0,3,0,1,0,0,0,0,1,1,6,1,49,8,1896,2,12,10,2,10
2.02E+12,1,9,0,7,0,2,0,0,0,0,1,1,1,1,38,7,1896,2,12,10,1,10
2.02E+12,1,9,0,9,0,8,0,0,0,0,3,1,1,2,25,5,1388,1,14,7,1,7
2.02E+12,2,9,0,18,0,8,0,0,0,0,4,1,1,1,36,7,1686,2,6,9,3,9
2.02E+12,1,9,0,8,0,2,0,0,0,0,2,1,1,1,31,6,2143,2,5,2,1,2
2.02E+12,2,9,0,9,0,5,0,0,0,0,3,1,1,1,32,6,1560,2,13,10,1,10
2.02E+12,1,9,0,18,0,8,0,0,0,0,4,1,6,1,30,6,1896,2,10,2,1,2
2.02E+12,1,9,0,5,0,4,0,0,0,0,2,1,1,2,28,6,1242,1,5,5,3,5
2.02E+12,2,9,0,4,0,4,0,0,0,0,1,1,1,1,87,11,1242,1,4,7,2,7
2.02E+12,1,5,0,3,0,8,0,0,0,0,3,1,1,1,82,11,998,1,11,9,1,9
2.02E+12,1,9,0,9,0,6,0,0,0,0,3,1,2,1,45,7,1896,2,9,9,1,9
2.02E+12,1,9,0,9,0,8,0,0,0,0,1,1,1,2,46,8,1349,1,5,6,1,6
2.02E+12,2,9,0,18,0,8,0,0,0,0,4,1,1,1,30,6,1910,2,11,9,1,9
2.02E+12,1,9,0,18,0,1,0,0,0,0,1,1,1,2,36,7,1086,1,11,4,1,4
2.02E+12,1,9,0,17,0,8,0,0,0,0,3,1,6,1,61,9,998,1,1,8,1,8
2.02E+12,2,9,0,18,0,8,0,0,1,11,1,1,1,2,78,11,1560,2,1,7,1,7
2.02E+12,1,9,0,7,0,8,0,0,0,0,3,1,1,2,88,11,1598,1,17,9,1,9
2.02E+12,2,5,0,18,0,1,1,0,0,0,3,1,1,1,25,5,599,1,20,8,1,8
2.02E+12,1,9,0,3,0,1,0,0,0,0,2,1,6,1,69,10,1997,1,5,3,1,3
2.02E+12,2,9,0,3,0,1,0,0,0,0,2,1,6,2,25,5,1896,2,12,5,1,5
2.02E+12,1,9,0,6,0,8,0,0,0,0,3,1,6,1,17,4,1360,1,8,8,1,8
2.02E+12,2,9,0,18,0,8,0,0,0,0,1,1,6,1,69,10,1596,1,13,4,1,4
2.02E+12,1,9,0,4,0,4,0,0,0,0,2,1,1,2,48,8,1896,2,9,1,1,1
2.02E+12,1,3,0,18,0,1,0,0,0,0,4,1,1,1,19,4,124,1,18,8,1,8
2.02E+12,1,9,0,9,0,6,0,0,0,0,1,1,6,2,21,5,1598,1,10,7,2,7
2.02E+12,1,9,0,18,0,8,0,0,0,0,1,1,6,1,49,8,998,1,17,7,1,7
2.02E+12,2,9,0,9,0,8,0,0,0,0,1,1,6,1,57,9,1796,1,12,1,1,1
2.02E+12,1,9,0,18,0,1,0,0,0,0,1,1,6,2,25,5,998,1,1,5,1,5
2.02E+12,1,9,0,9,0,8,0,0,0,0,1,1,1,1,69,10,3555,1,14,1,1,1
2.02E+12,1,5,0,18,0,8,0,0,0,0,2,1,6,1,55,8,900,1,1,4,1,4
2.02E+12,2,9,0,18,0,8,0,0,0,0,1,1,6,2,43,7,1390,1,10,8,1,8
2.02E+12,1,9,0,18,9,6,0,0,0,0,4,1,1,1,33,6,1995,2,7,9,1,9
2.02E+12,1,9,0,7,0,6,0,0,0,0,1,1,6,2,28,6,1339,1,9,9,1,9
2.02E+12,2,9,0,18,0,1,0,0,0,0,1,1,6,2,20,4,999,1,1,4,1,4
2.02E+12,3,9,0,2,0,1,0,0,0,0,3,1,1,1,59,9,1997,2,9,1,1,1
2.02E+12,1,9,0,18,0,8,0,0,0,0,1,1,6,2,29,6,1560,2,6,5,1,5
2.02E+12,2,9,0,18,0,8,0,0,0,0,4,1,6,1,35,6,2993,2,3,7,1,7
2.02E+12,1,9,0,18,0,8,0,0,0,0,1,1,6,1,30,6,1896,2,12,10,1,10
2.02E+12,1,9,0,18,0,1,0,0,0,0,1,1,6,1,72,10,1240,1,14,1,1,1
2.02E+12,1,9,0,7,0,6,0,0,0,0,1,1,6,2,21,5,1390,1,10,3,1,3
2.02E+12,2,4,0,18,0,1,0,0,0,0,3,1,6,1,18,4,124,1,5,4,1,4
2.02E+12,1,9,0,18,0,8,0,0,0,0,4,1,6,1,33,6,1781,1,14,10,1,10
2.02E+12,1,9,0,7,0,8,0,0,0,0,4,1,6,1,47,8,2387,2,16,9,2,9
2.02E+12,2,4,0,18,0,8,0,0,0,0,3,1,6,1,35,6,250,1,4,9,2,9
2.02E+12,4,9,0,18,0,1,0,0,0,0,1,1,6,1,37,7,1390,1,15,7,3,7
2.02E+12,1,2,0,6,0,3,0,0,0,0,3,1,1,1,17,4,49,1,4,8,3,8
2.02E+12,2,2,0,18,0,3,0,0,0,0,0,1,1,1,16,4,50,1,15,6,1,6
2.02E+12,2,9,0,18,0,4,0,0,0,0,1,1,6,2,64,9,2987,2,9,6,1,6
2.02E+12,1,9,0,9,0,5,0,0,0,0,3,1,6,2,30,6,1995,2,10,10,1,10
2.02E+12,2,3,0,14,0,8,0,0,0,0,1,1,6,1,22,5,125,1,1,4,1,4
2.02E+12,1,9,0,10,0,1,0,0,0,0,2,1,1,1,19,4,1587,1,16,8,3,8
2.02E+12,2,9,0,3,0,1,0,0,0,0,2,1,1,2,69,10,998,1,3,9,1,9
2.02E+12,3,9,0,18,0,1,0,0,0,0,1,1,1,1,20,4,1598,1,10,8,3,8
2.02E+12,1,9,0,18,0,4,0,0,0,0,2,1,1,2,27,6,2000,1,11,2,1,2
2.02E+12,2,9,0,5,0,3,0,0,0,0,1,1,1,2,51,8,1995,2,5,10,1,10
2.02E+12,1,9,0,18,0,4,0,0,0,0,1,1,6,1,56,9,1753,2,10,10,1,10
2.02E+12,1,9,0,18,0,8,0,0,0,0,1,1,6,1,60,9,1910,2,12,7,1,7
2.02E+12,2,9,0,18,0,6,0,0,0,0,3,1,6,1,64,9,1339,1,3,2,1,2
2.02E+12,1,9,0,9,0,8,0,0,0,0,3,1,6,1,22,5,1149,1,1,7,1,7
2.02E+12,1,2,0,10,0,8,0,0,0,0,1,1,6,1,26,6,50,1,4,4,1,4
2.02E+12,2,9,0,18,0,8,0,0,0,0,3,1,6,2,55,8,898,1,1,9,1,9
2.02E+12,1,9,0,9,0,6,1,0,1,1,1,1,6,1,20,4,1995,2,4,4,1,4
2.02E+12,1,9,0,18,0,1,0,0,0,0,1,1,6,1,62,9,1910,2,11,8,1,8
2.02E+12,2,9,0,18,0,1,0,0,0,0,1,1,6,1,30,6,2204,2,12,2,1,2
2.02E+12,1,5,0,18,0,4,0,0,0,0,4,1,6,1,60,9,1170,1,4,1,1,1
2.02E+12,1,9,0,18,0,1,0,0,0,0,4,1,6,1,37,7,1998,1,13,4,1,4
2.02E+12,2,9,0,7,0,6,0,0,0,0,1,1,6,2,38,7,1598,1,11,5,1,5
2.02E+12,1,9,0,9,0,6,0,0,0,0,3,1,1,1,33,6,1587,1,11,1,1,1
2.02E+12,3,5,0,18,0,8,0,0,0,0,1,1,1,1,57,9,1170,1,5,8,1,8
2.02E+12,1,9,0,9,0,8,0,0,0,0,4,1,1,1,25,5,2495,2,16,6,3,6
2.02E+12,2,9,0,11,0,8,0,0,0,0,1,1,6,2,53,8,1995,2,13,3,1,3
2.02E+12,1,9,0,14,0,1,0,0,0,0,4,1,6,2,45,7,1995,2,5,1,1,1
2.02E+12,1,9,0,3,0,1,0,0,0,0,2,1,6,2,25,5,1396,1,7,3,1,3
2.02E+12,1,9,0,18,0,8,0,0,0,0,4,1,6,2,27,6,1598,1,11,3,1,3
2.02E+12,2,9,0,7,0,6,0,0,0,0,1,1,6,2,41,7,1364,1,4,4,1,4
2.02E+12,1,9,0,18,0,2,0,0,0,0,1,1,6,1,22,5,973,1,18,2,1,2
2.02E+12,1,8,0,18,0,1,0,0,0,0,2,1,6,1,30,6,1995,2,3,1,1,1
2.02E+12,2,9,0,18,0,1,0,0,0,0,1,1,6,1,18,4,1229,1,11,2,1,2
2.02E+12,1,9,0,3,0,1,0,0,0,0,2,1,6,2,62,9,1197,1,3,7,1,7
2.02E+12,1,9,0,5,0,8,0,0,0,0,1,1,6,2,60,9,1998,1,10,9,1,9
2.02E+12,1,9,0,18,0,2,0,0,5,6,1,1,6,1,28,6,1242,1,8,4,1,4
2.02E+12,2,21,0,18,0,2,0,0,0,0,2,1,6,1,47,8,12900,2,6,4,2,4
2.02E+12,1,9,0,18,0,2,0,0,0,0,1,1,6,1,26,6,1995,2,3,3,1,3
2.02E+12,1,9,0,18,0,2,0,0,0,0,0,1,6,2,47,8,1896,2,9,9,1,9
2.02E+12,1,9,0,5,0,6,0,0,0,0,1,1,6,2,22,5,1242,1,13,8,2,8
2.02E+12,1,9,0,10,0,1,0,0,0,0,2,1,6,1,53,8,1587,1,11,1,1,1
2.02E+12,2,9,0,18,0,1,0,0,0,0,1,1,6,1,73,10,1794,1,13,10,1,10
2.02E+12,1,9,0,18,0,4,0,0,0,0,1,1,6,1,32,6,1598,2,5,9,1,9
2.02E+12,2,9,0,9,0,8,0,0,0,0,4,2,6,2,28,6,1390,1,6,8,2,8
2.02E+12,2,9,0,18,0,1,0,0,0,0,1,1,6,1,44,7,3724,1,14,1,1,1
2.02E+12,1,5,0,18,0,1,1,0,0,0,1,1,6,1,52,8,998,1,4,5,3,5
2.02E+12,1,9,0,18,0,1,0,0,0,0,1,1,6,1,69,10,1388,1,13,2,1,2
2.02E+12,2,9,0,18,0,1,0,0,0,0,1,1,6,2,68,10,1395,1,4,10,1,10
2.02E+12,1,9,0,3,0,1,0,0,0,0,2,1,6,2,39,7,1461,2,7,6,1,6
2.02E+12,2,9,0,3,0,1,0,0,0,0,2,1,6,2,64,9,1149,1,3,5,1,5
2.02E+12,3,9,0,12,0,1,5,10,0,0,1,1,6,2,31,6,1968,2,5,4,1,4
2.02E+12,1,9,0,18,0,8,0,0,0,0,1,1,6,1,74,10,1461,2,7,9,2,9
2.02E+12,1,9,0,9,0,5,0,0,0,0,1,1,6,1,42,7,1968,2,3,6,3,6
2.02E+12,1,9,0,18,0,1,0,0,0,0,1,1,6,1,29,6,1871,2,15,7,3,7
2.02E+12,2,9,0,9,0,6,0,0,0,0,3,1,6,2,66,10,898,1,2,4,1,4
2.02E+12,1,9,0,7,0,6,0,0,0,0,3,1,6,1,24,5,1598,1,13,2,1,2
2.02E+12,2,9,0,9,0,8,0,0,0,0,4,1,6,1,23,5,1995,2,4,1,1,1
2.02E+12,1,9,0,18,0,1,0,0,0,0,1,1,6,1,45,7,1997,2,7,7,1,7
2.02E+12,2,9,0,18,0,8,0,0,0,0,1,1,6,1,41,7,1896,2,15,8,2,8
2.02E+12,1,9,0,9,0,5,0,0,0,0,3,1,6,2,31,6,1798,8,4,1,1,1
2.02E+12,2,9,0,18,0,8,0,0,0,0,1,1,6,2,50,8,1968,2,7,4,1,4
2.02E+12,1,9,0,9,0,2,0,4,0,0,1,1,6,1,17,4,1242,1,10,5,1,5
2.02E+12,2,9,0,2,0,2,0,0,0,0,2,1,6,1,37,7,2497,1,13,4,1,4
2.02E+12,3,9,0,2,0,2,0,0,0,0,3,1,6,1,32,6,1598,1,14,4,1,4
2.02E+12,1,9,0,18,0,2,5,10,1,1,4,1,6,1,23,5,1240,1,12,6,1,6
2.02E+12,1,9,0,18,0,8,0,0,0,0,4,1,6,1,47,8,1296,1,17,4,1,4
2.02E+12,2,9,0,9,0,8,0,0,0,0,3,1,6,1,28,6,2204,2,11,8,1,8
2.02E+12,1,9,0,18,0,1,0,0,0,0,3,1,6,1,35,6,1400,2,9,5,1,5
2.02E+12,2,9,0,9,0,3,0,0,0,0,1,1,6,2,44,7,1794,1,11,1,1,1
2.02E+12,1,9,0,9,0,8,0,0,0,0,3,1,6,1,30,6,1398,1,14,3,1,3
2.02E+12,2,9,0,18,0,8,0,0,0,0,3,1,6,2,49,8,1198,1,14,2,1,2
2.02E+12,1,5,0,14,0,8,0,0,1,3,1,1,6,1,28,6,750,1,7,7,1,7
2.02E+12,1,3,0,18,0,1,0,4,0,0,1,1,6,1,27,6,124,1,6,9,1,9
2.02E+12,2,9,0,9,0,8,0,0,0,0,3,1,6,1,20,4,1229,1,10,3,1,3
2.02E+12,1,9,0,18,0,8,0,0,0,0,1,1,6,1,36,7,2987,2,6,5,1,5
2.02E+12,2,9,0,12,0,8,0,0,0,0,4,1,6,2,41,7,1497,1,12,2,1,2
2.02E+12,1,9,0,6,0,2,0,0,0,0,0,1,6,1,29,6,1599,1,14,7,1,7
2.02E+12,2,9,0,4,0,2,0,0,0,0,2,1,6,2,58,9,1799,1,11,5,1,5
2.02E+12,3,9,0,18,0,2,0,10,1,7,0,1,6,1,27,6,1968,2,9,4,1,4
2.02E+12,4,2,0,18,0,2,0,0,0,0,1,1,6,1,60,9,124,1,16,9,1,9
2.02E+12,1,9,0,18,0,1,0,0,1,11,1,1,6,1,17,4,1997,2,14,2,1,2
2.02E+12,1,9,0,6,0,8,0,0,0,0,4,1,6,1,30,6,1798,1,12,8,1,8
2.02E+12,2,9,0,18,0,1,0,0,0,0,1,1,6,2,52,8,998,1,2,7,3,7
2.02E+12,1,21,1,9,0,8,0,0,0,0,4,1,1,1,23,5,10518,2,10,9,1,9
2.02E+12,3,9,0,8,0,2,0,0,0,0,1,1,6,2,55,8,1390,1,5,7,3,7
2.02E+12,1,2,0,7,0,6,1,0,0,0,0,1,6,1,18,4,49,1,13,9,2,9
2.02E+12,2,9,0,18,0,1,0,0,1,0,2,1,6,2,18,4,999,1,4,7,2,7
2.02E+12,1,9,0,18,0,2,0,0,0,0,2,1,6,1,38,7,1798,8,3,1,1,1
2.02E+12,1,9,0,7,0,1,0,0,0,0,3,1,6,1,42,7,1498,1,8,3,1,3
2.02E+12,1,9,0,18,0,1,0,0,0,0,1,1,6,1,59,9,4196,1,12,5,1,5
2.02E+12,1,9,0,6,0,1,0,0,0,0,3,1,6,1,25,5,1598,1,11,5,3,5
2.02E+12,2,3,0,18,0,1,0,0,0,0,1,1,6,1,26,6,125,1,5,3,1,3
2.02E+12,1,9,0,9,0,6,0,0,0,0,1,1,6,1,32,6,1598,1,11,1,1,1
2.02E+12,2,9,0,9,0,8,0,0,0,0,3,1,6,1,27,6,2993,2,12,2,1,2
2.02E+12,1,9,0,3,0,1,0,0,0,0,2,1,6,2,34,6,1560,2,1,7,1,7
2.02E+12,2,9,0,4,0,1,0,0,0,0,1,1,6,1,33,6,1598,1,10,5,1,5
2.02E+12,2,4,0,7,0,6,0,0,0,0,2,1,6,1,37,7,1450,1,11,8,1,8
2.02E+12,1,9,0,9,0,1,0,0,0,0,3,1,6,1,34,6,1968,2,7,2,1,2
2.02E+12,2,9,0,18,0,1,0,0,0,0,1,1,6,2,31,6,1398,2,9,3,1,3
2.02E+12,1,9,0,18,0,2,0,0,0,0,3,1,6,1,26,6,1995,2,5,7,1,7
2.02E+12,2,9,0,11,0,2,0,0,0,0,4,1,6,1,59,9,1598,2,4,1,1,1
2.02E+12,1,11,0,4,0,2,0,4,0,0,1,1,1,1,60,9,7300,2,13,4,1,4
2.02E+12,1,9,0,18,0,8,0,7,0,0,1,1,6,1,80,11,1598,1,15,10,1,10
2.02E+12,1,9,0,4,0,2,0,0,0,0,2,1,6,2,71,10,1797,8,6,2,1,2
2.02E+12,3,9,0,18,0,2,0,0,0,0,1,1,6,2,31,6,1498,1,10,3,1,3
2.02E+12,1,9,0,4,0,1,0,0,0,0,2,1,6,2,24,5,1390,1,3,8,1,8
2.02E+12,2,9,0,4,0,1,0,0,0,0,1,1,6,2,22,5,1560,2,11,7,1,7
2.02E+12,1,3,0,17,0,1,0,0,0,0,1,1,6,1,25,5,109,1,4,6,1,6
2.02E+12,1,9,0,9,0,8,0,0,0,0,4,1,6,2,42,7,999,1,1,9,2,9
2.02E+12,2,9,0,9,0,8,0,0,0,0,1,1,6,1,52,8,1560,2,3,1,1,1
2.02E+12,1,9,0,18,0,1,0,0,0,0,1,1,6,1,35,6,1686,2,15,2,1,2
2.02E+12,1,9,0,9,0,8,0,0,0,0,3,1,6,1,60,9,1968,2,1,8,3,8
2.02E+12,1,9,0,10,0,1,0,0,0,0,2,1,6,2,39,7,1968,2,10,10,1,10
2.02E+12,2,9,0,10,0,1,0,0,0,0,2,1,6,2,66,10,1984,1,1,7,1,7
2.02E+12,1,9,0,18,0,2,5,4,0,0,1,1,6,2,18,4,1242,1,11,10,1,10
2.02E+12,2,9,0,2,0,2,0,0,0,0,1,1,6,1,38,7,1998,1,12,10,1,10
2.02E+12,1,9,0,16,0,1,0,0,0,0,3,1,6,1,23,5,1560,2,1,2,1,2
2.02E+12,2,9,0,9,0,1,0,0,0,0,1,1,6,1,59,9,3498,1,12,4,1,4
2.02E+12,2,9,0,18,0,1,0,0,0,0,1,1,6,1,22,5,1242,1,4,7,1,7
2.02E+12,2,4,0,18,0,1,0,0,0,0,4,1,6,1,46,8,1250,1,14,9,1,9
2.02E+12,1,9,0,5,0,8,0,0,0,0,1,1,6,2,30,6,1329,1,4,5,3,5
2.02E+12,2,9,0,18,0,8,0,0,0,0,1,1,6,1,50,8,1998,2,3,9,3,9
2.02E+12,1,9,0,18,0,1,0,0,0,0,4,1,6,2,18,4,1390,1,13,8,1,8
2.02E+12,1,9,0,5,9,1,0,0,0,0,4,1,6,1,19,4,1149,1,15,4,1,4
2.02E+12,1,9,0,18,0,1,0,0,0,0,1,1,6,2,59,9,1242,1,3,6,1,6
2.02E+12,2,9,0,4,0,1,0,0,0,0,2,1,6,2,29,6,1783,1,16,9,1,9
2.02E+12,1,9,0,9,0,5,0,0,0,0,3,1,6,2,32,6,1968,2,5,6,1,6
2.02E+12,1,9,0,9,0,8,0,0,0,0,3,1,6,1,37,7,1339,1,6,9,1,9
2.02E+12,1,11,0,5,8,2,0,0,0,0,1,1,1,1,54,8,6700,2,1,3,1,3
2.02E+12,1,9,0,7,0,8,0,4,0,0,3,1,6,1,35,6,1400,1,10,4,1,4
2.02E+12,2,9,0,18,0,1,0,0,0,0,1,1,6,1,51,8,1994,2,14,4,1,4
2.02E+12,1,9,0,5,0,6,0,0,0,0,1,1,6,2,70,10,1796,1,5,8,3,8
2.02E+12,1,11,0,18,2,1,0,0,0,0,1,1,6,1,26,6,7300,2,7,5,1,5
2.02E+12,1,9,0,9,0,6,0,0,0,0,1,1,6,1,61,9,2435,1,17,6,3,6
2.02E+12,2,9,0,18,0,8,0,0,0,0,2,1,6,1,78,11,1685,2,3,3,1,3
2.02E+12,1,9,0,18,0,1,0,0,0,0,1,1,6,1,57,9,2324,1,15,1,1,1
2.02E+12,2,9,0,9,0,2,0,0,0,0,3,1,6,2,34,6,1781,1,15,6,1,6
2.02E+12,1,9,0,4,0,1,0,0,0,0,0,1,6,1,30,6,1796,1,13,9,1,9
2.02E+12,2,9,0,18,0,1,0,0,0,0,1,1,6,1,37,7,2996,1,10,9,2,9
2.02E+12,2,9,0,3,0,2,0,0,0,0,2,1,6,1,24,5,1598,2,3,5,1,5
2.02E+12,2,9,0,7,2,5,0,0,0,0,4,1,6,1,45,7,1590,1,2,6,1,6
2.02E+12,1,9,0,18,0,2,0,0,0,0,1,1,6,2,51,8,1499,2,1,3,1,3
2.02E+12,1,9,0,5,0,8,0,0,0,0,3,1,6,1,68,10,1598,1,5,7,1,7
2.02E+12,2,9,0,18,0,8,0,0,0,0,1,1,6,2,80,11,1240,1,9,8,1,8
2.02E+12,1,9,0,2,0,1,0,0,0,0,1,1,6,2,30,6,1248,2,2,1,1,1
2.02E+12,1,9,0,18,0,1,0,0,0,0,1,1,6,2,39,7,1560,2,4,3,1,3
2.02E+12,1,2,0,18,0,2,0,0,0,0,1,1,6,1,23,5,49,1,5,6,1,6
2.02E+12,2,9,0,12,0,1,0,0,0,0,1,1,6,1,39,7,1399,2,13,1,1,1
2.02E+12,1,9,0,18,0,8,0,0,0,0,1,1,6,1,34,6,1995,2,11,2,1,2
2.02E+12,2,9,0,9,0,8,0,0,0,0,2,1,6,2,38,7,1388,1,11,1,1,1
2.02E+12,1,9,0,18,0,1,5,0,0,0,4,1,6,1,76,11,1998,1,19,6,1,6
2.02E+12,2,9,0,3,0,1,0,0,0,0,1,1,6,2,38,7,1995,1,8,3,1,3
2.02E+12,3,9,0,3,0,1,0,0,0,0,1,1,6,2,51,8,1560,2,2,9,1,9
2.02E+12,4,9,0,9,0,5,0,0,0,0,1,1,6,2,20,4,1368,1,10,10,1,10
2.02E+12,1,9,0,18,0,1,0,0,0,0,4,1,6,2,28,6,1560,2,3,2,1,2
2.02E+12,1,9,0,4,0,1,0,0,0,0,2,1,6,2,36,7,1596,1,13,10,1,10
2.02E+12,3,9,0,18,0,1,0,0,0,0,1,1,6,1,37,7,1997,2,13,1,1,1
2.02E+12,1,9,0,9,0,6,0,0,0,0,3,1,6,1,21,5,1968,2,12,3,1,3
2.02E+12,2,9,0,18,0,8,0,0,0,0,1,1,6,1,80,11,1951,2,13,7,3,7
2.02E+12,1,9,0,18,0,8,0,0,0,0,4,1,6,1,29,6,2698,2,7,4,1,4
2.02E+12,2,9,0,18,0,8,0,0,0,0,1,1,6,1,51,8,998,1,8,5,1,5
2.02E+12,1,5,0,16,0,1,0,0,0,0,1,1,6,1,52,8,988,1,14,9,2,9
2.02E+12,2,9,0,3,0,8,0,0,0,0,2,1,6,2,51,8,1496,2,1,6,2,6
2.02E+12,3,9,0,10,0,8,0,0,0,0,3,1,6,2,56,9,1598,1,7,5,1,5
2.02E+12,4,9,0,17,0,8,0,0,0,0,1,1,6,1,46,8,1796,1,3,9,1,9
2.02E+12,1,5,0,14,0,1,0,0,0,0,1,1,2,1,29,6,636,1,4,7,1,7
2.02E+12,1,9,0,5,0,4,0,0,0,0,1,1,6,2,26,6,1364,1,1,6,1,6
2.02E+12,2,9,0,18,0,8,0,0,0,0,4,1,6,2,42,7,1248,1,6,4,1,4
2.02E+12,1,9,0,9,0,2,0,0,0,0,3,1,6,2,38,7,1796,1,3,8,1,8
2.02E+12,1,9,0,18,0,1,0,0,0,0,1,1,6,1,34,6,1855,1,17,8,2,8
2.02E+12,2,9,0,18,0,1,0,0,0,0,3,1,6,1,59,9,1229,1,10,6,1,6
2.02E+12,1,9,0,18,0,1,0,0,0,0,1,1,6,1,29,6,1896,2,15,2,1,2
2.02E+12,3,9,0,2,0,8,0,0,0,0,3,1,6,1,30,6,2496,1,11,10,1,10
2.02E+12,1,9,0,2,0,2,0,0,0,0,2,1,6,1,33,6,1968,2,8,4,1,4
2.02E+12,1,9,0,5,0,8,0,0,0,0,1,1,6,1,39,7,1753,2,7,2,1,2
2.02E+12,1,9,0,18,0,4,0,0,0,0,1,1,6,2,22,5,998,1,4,6,1,6
2.02E+12,1,9,0,18,0,2,0,0,0,0,1,1,6,2,53,8,1598,1,13,3,1,3
2.02E+12,1,3,0,18,0,8,0,0,0,0,4,1,6,1,22,5,124,1,17,5,1,5
2.02E+12,2,9,0,18,0,1,0,0,0,0,3,1,6,2,47,8,1198,1,3,8,3,8
2.02E+12,1,9,0,18,0,8,0,0,0,0,1,1,6,2,33,6,1995,2,6,3,1,3
2.02E+12,1,3,0,18,0,1,1,0,0,0,0,1,6,2,43,7,124,1,6,9,1,9
2.02E+12,1,3,0,18,0,1,0,0,0,0,1,1,6,1,48,8,1052,1,27,10,1,10
2.02E+12,2,9,0,18,0,1,0,0,0,0,1,1,6,1,23,5,2204,2,10,5,1,5
2.02E+12,3,9,0,4,0,1,0,0,0,0,2,1,6,1,46,8,1995,2,1,8,1,8
2.02E+12,2,5,0,18,0,1,0,0,0,0,1,1,6,1,53,8,1085,1,21,3,1,3
2.02E+12,1,9,0,18,0,1,0,0,0,0,1,1,6,1,32,6,1984,1,15,8,1,8
2.02E+12,2,9,0,4,0,1,0,0,0,0,2,1,6,1,38,7,1999,2,2,8,1,8
2.02E+12,3,9,0,7,0,5,0,0,0,0,2,1,6,2,39,7,1598,2,2,4,1,4
2.02E+12,1,9,0,7,0,8,0,0,1,2,1,1,6,2,23,5,1461,2,7,3,1,3