Accident_Index,Vehicle_Reference,Vehicle_Type,Towing_and_Articulation,Vehicle_Manoeuvre,Vehicle_Location-Restricted_Lane,Junction_Location,Skidding_and_Overturning,Hit_Object_in_Carriageway,Vehicle_Leaving_Carriageway,Hit_Object_off_Carriageway,1st_Point_of_Impact,Was_Vehicle_Left_Hand_Drive?,Journey_Purpose_of_Driver,Sex_of_Driver,Age_of_Driver,Age_Band_of_Driver,Engine_Capacity_(CC),Propulsion_Code,Age_of_Vehicle,Driver_IMD_Decile,Driver_Home_Area_Type,Vehicle_IMD_Decile
2.02E+12,1,9,0,18,0,8,0,0,0,0,1,1,1,1,42,7,1591,1,4,5,1,5
2.02E+12,1,9,0,9,0,5,0,0,0,0,0,1,6,2,22,5,1399,2,6,2,1,2
2.02E+12,2,9,0,7,0,8,0,0,0,0,3,1,1,2,30,6,1395,1,1,6,1,6
2.02E+12,1,9,0,18,0,2,0,0,0,0,1,1,6,1,46,8,1598,1,11,2,1,2
2.02E+12,1,9,0,9,0,6,0,0,0,0,3,1,6,1,39,7,1951,2,17,10,1,10
2.02E+12,2,9,0,9,0,1,0,0,0,0,2,1,1,2,21,5,1199,1,17,7,3,7
2.02E+12,1,9,0,16,0,8,0,0,0,0,1,1,6,2,23,5,1195,1,19,4,1,4
2.02E+12,1,9,0,9,0,1,0,0,0,0,3,1,6,1,28,6,898,1,1,5,1,5
2.02E+12,1,9,0,18,0,1,0,0,0,0,1,1,6,1,47,8,1686,2,11,1,1,1
2.02E+12,3,9,0,4,0,1,0,0,0,0,2,1,6,2,33,6,1995,2,11,1,1,1
2.02E+12,2,9,0,7,0,6,0,0,0,0,1,1,6,1,29,6,1149,1,7,9,1,9
2.02E+12,2,9,0,4,0,1,0,0,0,0,2,1,1,2,55,8,1896,2,14,9,1,9
2.02E+12,3,9,0,18,0,1,0,0,0,0,1,1,6,1,27,6,998,1,8,7,3,7
2.02E+12,1,9,0,9,0,8,0,0,0,0,1,1,6,1,48,8,1995,2,2,10,1,10
2.02E+12,2,9,0,18,0,8,0,0,0,0,1,1,6,1,28,6,1595,1,9,4,1,4
2.02E+12,1,9,0,18,0,4,0,0,0,0,1,1,6,1,52,8,1798,8,2,9,1,9
2.02E+12,1,9,0,4,0,3,0,0,0,0,1,1,1,2,31,6,1997,2,10,7,1,7
2.02E+12,2,9,0,18,0,3,0,0,0,0,2,1,1,1,46,8,2191,2,4,5,1,5
2.02E+12,1,11,0,18,0,4,0,0,0,0,3,1,1,1,29,6,9360,2,9,7,1,7
2.02E+12,2,9,0,18,0,8,0,0,0,0,1,1,6,1,32,6,1794,1,12,10,1,10
2.02E+12,1,9,0,18,0,4,0,0,0,0,3,1,6,1,28,6,1798,1,12,10,1,10
2.02E+12,2,9,0,18,0,1,0,0,0,0,1,1,6,1,38,7,1968,2,8,6,1,6
2.02E+12,1,9,0,14,0,1,0,0,0,0,1,1,6,1,83,11,1339,1,8,9,1,9
2.02E+12,2,9,0,18,0,1,0,0,0,0,3,1,6,2,27,6,1124,1,12,4,1,4
2.02E+12,3,9,0,18,0,2,0,0,0,0,1,1,6,2,66,10,1124,1,10,4,1,4
2.02E+12,1,9,0,9,0,5,0,0,0,0,1,1,6,1,24,5,1339,1,7,4,1,4
2.02E+12,2,9,0,18,0,1,0,0,0,0,1,1,6,1,61,9,1796,1,16,7,1,7
2.02E+12,1,9,0,9,0,8,0,0,0,0,4,1,6,1,79,11,2987,2,10,8,1,8
2.02E+12,1,9,0,18,0,8,0,0,0,0,3,1,6,2,31,6,2996,1,5,6,2,6
2.02E+12,2,9,0,18,0,8,0,0,0,0,1,1,6,1,42,7,1798,8,4,3,1,3
2.02E+12,1,9,0,18,0,8,0,0,0,0,1,1,6,1,57,9,1956,2,5,7,1,7
2.02E+12,1,9,0,18,0,6,0,0,7,10,1,1,6,2,38,7,1598,1,6,3,1,3
2.02E+12,1,9,0,18,0,2,0,0,0,0,2,1,6,1,29,6,1995,1,14,1,1,1
2.02E+12,2,9,0,3,0,2,0,0,0,0,1,1,6,1,52,8,1560,2,4,3,1,3
2.02E+12,1,9,0,18,0,2,0,0,0,0,1,1,6,1,21,5,1896,2,14,2,1,2
2.02E+12,2,9,0,4,0,2,0,0,0,0,2,1,6,1,52,8,2902,2,13,1,1,1
2.02E+12,2,9,0,18,0,8,0,0,0,0,1,1,1,2,55,8,1560,2,10,2,1,2
2.02E+12,1,9,0,18,0,8,0,0,0,0,1,1,6,1,22,5,1796,1,9,10,1,10
2.02E+12,1,9,0,5,0,4,0,0,0,0,3,1,6,1,37,7,999,1,6,8,1,8
2.02E+12,2,5,0,13,0,1,0,0,0,0,1,1,6,1,28,6,599,1,17,1,1,1
2.02E+12,1,9,0,10,0,8,0,0,0,0,0,1,6,1,27,6,2204,2,10,10,1,10
2.02E+12,2,3,0,4,0,1,1,0,0,0,0,1,6,1,26,6,125,1,2,2,1,2
2.02E+12,2,9,0,9,0,5,0,0,0,0,2,1,6,2,42,7,1299,1,12,5,1,5
2.02E+12,2,9,0,18,0,4,0,0,0,0,1,1,6,1,79,11,1998,1,16,5,1,5
2.02E+12,1,5,0,18,0,1,0,0,0,0,1,1,6,2,42,7,645,1,3,8,1,8
2.02E+12,2,9,0,6,0,1,0,0,0,0,3,1,6,1,33,6,1796,1,10,7,1,7
2.02E+12,1,9,0,4,0,1,0,0,0,0,2,1,6,2,55,8,1364,1,6,9,1,9
2.02E+12,1,9,0,7,0,8,0,0,0,0,2,1,6,2,47,8,4367,2,3,10,1,10
2.02E+12,1,20,0,1,0,5,0,0,0,0,3,1,1,1,44,7,6700,2,3,3,1,3
2.02E+12,2,2,0,13,0,1,0,0,0,0,3,1,6,1,60,9,49,1,1,2,1,2
2.02E+12,3,9,0,3,0,1,0,0,0,0,3,1,6,2,36,7,1149,1,14,8,1,8
2.02E+12,1,9,0,18,0,1,0,0,7,1,1,1,6,1,71,10,1339,8,5,6,1,6
2.02E+12,2,9,0,18,0,2,0,0,0,0,1,1,6,1,34,6,1995,2,10,8,1,8
2.02E+12,1,9,0,4,0,1,0,0,0,0,2,1,1,2,37,7,1753,2,10,5,1,5
2.02E+12,1,9,0,18,0,8,0,0,0,0,1,1,6,1,61,9,1461,2,7,8,1,8
2.02E+12,1,9,0,18,0,1,0,0,0,0,1,1,6,2,35,6,1956,2,7,2,1,2
2.02E+12,1,9,0,9,0,5,0,0,0,0,1,1,6,1,34,6,1598,2,5,1,1,1
2.02E+12,1,9,0,18,0,1,0,0,0,0,1,1,6,1,73,10,2477,2,14,2,1,2
2.02E+12,1,9,0,18,0,1,5,0,0,11,1,1,6,2,41,7,1461,2,1,3,1,3
2.02E+12,1,9,0,18,0,8,0,0,0,0,1,1,6,1,68,10,1597,1,27,6,1,6
2.02E+12,2,9,0,18,0,8,0,0,0,0,1,1,6,1,39,7,1339,1,10,6,2,6
2.02E+12,1,9,0,9,0,8,0,0,0,0,1,1,6,1,46,8,2231,2,11,9,1,9
2.02E+12,1,9,0,4,0,1,0,0,0,0,1,1,6,2,49,8,1968,2,3,10,1,10
2.02E+12,1,8,0,9,0,8,0,0,0,0,1,1,1,1,49,8,1797,8,3,6,1,6
2.02E+12,2,9,0,18,0,1,0,0,0,0,2,1,6,1,32,6,1995,2,6,8,1,8
2.02E+12,1,9,0,18,0,5,0,0,0,0,1,1,6,3,64,9,1398,1,3,1,1,1
2.02E+12,1,9,0,18,0,8,0,0,0,0,1,1,6,1,34,6,1598,1,1,3,1,3
2.02E+12,1,9,0,7,0,1,0,0,0,0,2,1,6,1,22,5,1086,1,13,3,1,3
2.02E+12,2,9,0,18,0,1,0,0,0,0,1,1,6,1,22,5,1995,2,6,8,1,8
2.02E+12,1,3,0,14,0,1,0,0,0,0,1,1,6,1,18,4,125,1,2,9,1,9
2.02E+12,1,3,0,18,0,1,0,0,0,0,1,1,6,2,19,4,124,1,1,2,1,2
2.02E+12,2,9,0,7,0,6,0,0,0,0,2,1,6,1,35,6,1995,2,4,7,1,7
2.02E+12,1,9,0,18,0,1,0,0,0,0,0,1,6,2,45,7,1497,8,11,6,1,6
2.02E+12,1,9,0,18,0,1,0,0,0,0,1,1,6,2,39,7,1200,1,1,1,1,1
2.02E+12,1,9,0,18,0,1,0,0,5,11,1,1,6,2,25,5,1200,1,2,10,1,10
2.02E+12,1,9,0,18,0,8,0,0,0,0,1,1,6,1,17,4,1248,2,5,6,3,6
2.02E+12,1,9,0,5,0,1,0,0,0,0,1,1,6,1,25,5,1598,2,6,8,1,8
2.02E+12,1,9,0,18,0,8,0,0,0,0,1,1,6,2,27,6,1390,1,9,7,1,7
2.02E+12,1,9,0,9,0,8,0,0,0,0,4,1,6,1,24,5,998,1,1,7,3,7
2.02E+12,2,9,0,18,0,4,0,0,0,0,1,1,6,1,92,11,1598,1,16,8,3,8
2.02E+12,1,9,0,18,0,1,0,4,0,0,1,1,6,2,23,5,1596,1,10,10,2,10
2.02E+12,2,9,0,10,0,8,0,0,0,0,2,1,6,1,51,8,1995,2,10,9,1,9
2.02E+12,2,9,0,4,0,1,0,0,0,0,1,1,2,2,51,8,973,1,15,3,1,3
2.02E+12,2,9,0,3,0,1,0,0,0,0,0,1,5,1,57,9,1986,2,10,4,1,4
2.02E+12,2,9,0,18,0,8,0,0,0,0,1,1,6,2,58,9,2000,1,11,8,2,8
2.02E+12,1,3,0,8,0,6,0,0,0,0,3,1,2,1,21,5,125,1,2,9,1,9
2.02E+12,2,9,0,18,0,8,0,0,0,0,1,1,6,2,79,11,1999,2,2,9,3,9
2.02E+12,1,9,0,5,0,8,0,0,0,0,1,1,1,2,54,8,2179,2,10,9,1,9
2.02E+12,1,9,0,5,0,1,0,0,0,0,1,1,1,2,45,7,998,1,19,5,1,5
2.02E+12,1,9,0,18,0,8,1,0,0,0,1,1,6,1,25,5,1984,1,10,1,1,1
2.02E+12,2,9,0,18,0,2,0,0,0,0,3,1,6,2,39,7,1598,2,5,9,3,9
2.02E+12,3,9,0,18,0,2,1,0,1,0,3,1,6,1,37,7,1461,2,2,9,3,9
2.02E+12,1,9,0,9,0,8,0,0,0,0,1,1,6,2,55,8,1199,1,18,4,1,4
2.02E+12,2,3,0,18,0,8,0,0,0,0,4,1,6,1,44,7,124,1,3,5,3,5
2.02E+12,1,9,0,11,0,8,0,0,0,0,4,1,6,1,68,10,1596,1,6,9,2,9
2.02E+12,1,9,0,9,0,6,0,0,1,0,1,1,6,2,39,7,1396,1,18,8,1,8
2.02E+12,1,9,0,7,0,1,0,0,0,0,1,1,6,1,54,8,1968,2,2,9,1,9
2.02E+12,1,9,0,5,0,8,0,0,0,0,1,1,2,2,61,9,1197,1,4,1,1,1
2.02E+12,1,9,0,9,0,8,0,0,0,0,1,1,3,2,38,7,1998,1,12,5,1,5
2.02E+12,1,3,0,9,0,8,2,0,0,0,3,1,6,1,19,4,123,1,1,4,1,4
2.02E+12,3,9,0,3,0,8,0,0,0,0,2,1,1,1,62,9,1399,1,2,9,1,9
2.02E+12,1,9,0,9,0,6,0,0,0,0,1,1,6,2,59,9,1951,2,13,6,3,6
2.02E+12,2,3,0,18,0,1,5,0,0,0,1,1,6,1,22,5,125,1,1,10,1,10
2.02E+12,1,9,0,18,0,8,0,0,0,0,1,1,2,1,18,4,1124,1,11,3,1,3
2.02E+12,1,9,0,16,0,1,0,0,0,0,3,1,6,1,76,11,2893,1,8,2,3,2
2.02E+12,2,9,0,17,0,1,0,0,0,0,3,1,6,1,58,9,1396,1,12,6,3,6
2.02E+12,1,9,0,18,0,3,0,0,0,0,4,1,1,1,36,7,2993,2,10,7,1,7
2.02E+12,2,9,0,18,0,8,0,0,0,0,3,1,1,1,40,7,1956,2,3,6,1,6
2.02E+12,1,3,0,18,0,1,2,0,0,0,1,1,6,1,19,4,124,1,1,4,1,4
2.02E+12,2,9,0,9,0,6,0,0,0,0,3,1,6,1,67,10,1242,1,4,7,3,7
2.02E+12,2,9,0,9,0,8,0,0,0,0,4,1,6,1,26,6,1998,2,12,2,1,2
2.02E+12,1,9,0,3,0,4,0,0,0,0,1,1,2,1,41,7,1796,1,11,4,1,4
2.02E+12,1,9,0,5,0,8,0,0,0,0,4,1,6,2,85,11,1360,1,5,10,1,10
2.02E+12,2,9,0,5,0,1,0,0,0,0,1,1,6,2,46,8,2979,1,14,8,1,8
2.02E+12,1,9,0,18,0,1,0,0,3,0,3,2,6,2,31,6,2143,2,2,1,1,1
2.02E+12,2,9,0,18,0,1,0,0,0,0,1,1,6,2,39,7,2664,2,16,9,3,9
2.02E+12,1,9,0,10,0,1,0,0,0,0,1,1,6,2,32,6,1796,1,12,1,1,1
2.02E+12,2,5,0,18,0,8,2,0,0,0,4,1,6,1,58,9,600,1,33,10,1,10
2.02E+12,1,19,0,9,0,8,0,0,0,0,1,1,1,1,40,7,2198,2,1,9,1,9
2.02E+12,1,8,0,1,0,2,0,0,0,0,2,1,1,1,51,8,1997,2,6,7,2,7
2.02E+12,1,9,0,4,0,1,0,0,0,0,1,1,6,1,25,5,1324,1,29,6,3,6
2.02E+12,1,9,0,10,0,1,0,0,0,0,2,1,6,2,43,7,1598,1,4,7,3,7
2.02E+12,2,9,0,3,0,8,0,0,0,0,2,1,3,2,30,6,1199,1,19,6,1,6
2.02E+12,3,9,0,3,0,8,0,0,0,0,2,1,4,1,17,4,1199,1,16,9,3,9
2.02E+12,4,9,0,3,0,8,0,0,0,0,2,1,6,2,39,7,1968,1,11,4,1,4
2.02E+12,1,9,0,3,0,8,0,0,2,10,1,1,6,1,58,9,1364,1,12,9,3,9
2.02E+12,2,9,0,10,0,1,0,0,0,0,3,1,1,2,47,8,1560,2,6,10,3,10
2.02E+12,1,9,0,3,0,2,0,0,0,0,2,1,2,1,27,6,1149,1,3,1,1,1
2.02E+12,2,9,0,18,0,2,0,0,0,0,1,1,2,1,70,10,1618,1,2,6,1,6
2.02E+12,3,9,0,18,0,2,0,0,0,0,1,1,2,1,39,7,1598,1,12,3,1,3
2.02E+12,1,9,0,9,0,2,0,0,0,0,1,1,6,1,38,7,1761,1,17,4,1,4
2.02E+12,1,9,0,17,0,8,0,0,0,0,1,1,6,2,20,4,1397,1,15,10,1,10
2.02E+12,2,9,0,5,0,8,0,0,0,0,1,1,3,2,38,7,1388,1,10,8,1,8
2.02E+12,1,9,0,18,0,6,0,0,0,0,1,1,6,2,96,11,1149,1,12,10,2,10
2.02E+12,2,9,0,18,0,8,0,4,0,0,1,1,2,1,49,8,2143,2,3,10,3,10
2.02E+12,3,9,0,2,0,1,0,4,0,0,1,1,6,2,69,10,1686,2,15,10,2,10
2.02E+12,1,9,0,5,0,8,0,0,0,0,4,1,6,1,18,4,2000,2,6,1,1,1
2.02E+12,2,9,0,18,0,1,0,0,0,0,1,1,6,2,71,10,1598,2,3,10,1,10
2.02E+12,2,9,0,18,0,4,0,0,0,0,3,1,1,1,44,7,1587,1,16,2,1,2
2.02E+12,1,3,0,18,0,4,0,0,0,0,1,1,1,1,37,7,115,1,2,4,1,4
2.02E+12,1,9,0,18,0,1,0,0,0,0,1,1,1,1,67,10,1999,2,1,6,3,6
2.02E+12,1,9,0,18,0,1,0,0,0,0,1,1,6,2,71,10,1685,2,2,9,1,9
2.02E+12,1,9,0,13,0,2,0,0,0,0,3,1,6,1,23,5,1598,1,16,6,1,6
2.02E+12,2,9,0,12,0,2,0,0,0,0,0,1,6,1,51,8,2494,1,14,2,1,2
2.02E+12,2,9,0,18,6,1,0,0,0,0,1,1,2,2,42,7,1390,1,11,6,3,6
2.02E+12,1,9,0,18,6,7,0,0,0,0,1,1,6,1,60,9,1600,2,7,7,1,7
2.02E+12,1,9,0,18,0,1,5,0,1,0,4,1,3,1,52,8,1598,1,6,9,1,9
2.02E+12,2,9,0,5,0,1,0,0,0,0,1,1,2,1,57,9,1364,1,8,9,1,9
2.02E+12,3,9,0,3,0,1,0,0,0,0,0,1,4,2,25,5,1598,1,6,9,3,9
2.02E+12,1,4,0,14,0,1,0,0,0,0,1,1,6,1,62,9,487,1,12,10,3,10
2.02E+12,1,9,0,18,0,8,0,0,0,0,3,1,6,2,83,11,1588,1,17,5,1,5
2.02E+12,1,9,0,5,0,1,0,0,0,0,4,1,6,2,19,4,1242,1,3,5,3,5
2.02E+12,1,9,0,9,0,1,0,0,0,0,1,1,6,1,72,10,1499,2,1,6,3,6
2.02E+12,2,9,0,9,0,5,0,0,0,0,4,1,6,2,60,9,1997,1,13,3,1,3
2.02E+12,1,9,0,7,0,8,0,0,0,0,4,1,6,2,52,8,1242,1,3,5,1,5
2.02E+12,2,9,0,4,0,3,0,0,0,0,2,1,2,1,49,8,1968,2,4,10,2,10
2.02E+12,1,9,0,4,0,4,0,0,0,0,4,1,1,2,46,8,1388,1,13,4,1,4
2.02E+12,2,9,0,18,0,8,0,0,0,0,1,1,2,1,50,8,2179,2,3,6,1,6
2.02E+12,1,9,0,18,0,8,0,0,0,0,1,1,6,1,21,5,4163,1,11,6,2,6
2.02E+12,2,9,0,9,0,6,0,0,0,0,1,1,6,2,24,5,1360,1,9,10,1,10
2.02E+12,1,9,0,18,0,1,0,0,0,0,1,1,6,2,20,4,998,1,7,8,2,8
2.02E+12,2,9,0,18,0,1,0,0,0,0,3,1,6,2,45,7,875,1,3,9,1,9
2.02E+12,1,3,0,9,0,1,1,0,0,0,1,1,6,1,28,6,125,1,7,1,1,1
2.02E+12,2,9,0,18,0,1,0,0,0,0,1,1,6,1,34,6,1968,2,7,10,1,10
2.02E+12,3,9,0,2,0,1,0,0,0,0,4,1,5,1,39,7,1995,2,7,1,1,1
2.02E+12,1,9,0,18,0,6,0,0,0,0,4,1,6,1,84,11,1896,2,10,10,1,10
2.02E+12,1,9,0,6,0,6,0,0,0,0,1,1,6,1,64,9,1422,2,16,6,1,6
2.02E+12,2,9,0,18,0,1,0,0,0,0,1,1,6,1,58,9,1360,1,12,7,1,7
2.02E+12,1,9,0,18,0,8,0,0,0,0,1,1,6,1,64,9,1596,1,4,5,1,5
2.02E+12,2,9,0,18,0,8,0,0,0,0,3,1,6,1,20,4,1360,1,15,8,1,8
2.02E+12,1,9,0,9,0,2,0,0,0,0,3,1,6,1,57,9,1560,2,5,4,1,4
2.02E+12,1,9,0,18,0,1,0,0,0,0,1,1,6,2,18,4,1124,1,16,7,3,7
2.02E+12,1,9,0,5,0,8,0,0,0,0,0,1,1,1,24,5,1598,1,10,1,1,1
2.02E+12,2,5,0,18,0,8,0,0,0,0,3,1,1,1,31,6,599,1,10,6,3,6
2.02E+12,1,9,0,9,0,6,0,0,1,0,1,1,1,1,39,7,1896,2,15,10,3,10
2.02E+12,2,9,0,18,0,8,0,0,0,0,3,1,5,2,47,8,1396,1,4,10,1,10
2.02E+12,1,9,0,16,0,1,5,0,0,0,1,2,6,1,21,5,1149,1,14,7,3,7
2.02E+12,1,9,0,18,0,1,0,0,0,0,1,1,6,2,41,7,1461,2,3,9,1,9
2.02E+12,1,9,0,5,0,5,0,0,0,0,0,1,1,1,25,5,1395,1,1,6,1,6
2.02E+12,1,9,0,18,0,1,0,0,0,0,2,1,1,2,23,5,998,1,3,8,1,8
2.02E+12,2,9,0,3,0,1,0,0,0,0,2,1,5,2,29,6,1999,1,15,6,1,6
2.02E+12,1,3,0,13,0,8,5,0,0,0,4,1,6,1,17,4,125,1,3,10,2,10
2.02E+12,2,9,0,9,0,6,0,0,0,0,1,1,6,2,39,7,1896,2,12,6,1,6
2.02E+12,1,9,0,9,0,1,0,0,0,0,4,1,6,2,44,7,1598,1,6,10,1,10
2.02E+12,2,9,0,18,0,8,0,0,0,0,1,1,6,2,34,6,1461,2,1,10,1,10
2.02E+12,1,9,0,2,0,1,0,0,0,0,3,1,6,2,55,8,2995,1,3,8,3,8
2.02E+12,2,9,0,18,0,1,0,0,0,0,3,1,6,1,46,8,1229,1,9,6,2,6
2.02E+12,1,9,0,18,0,1,0,0,0,0,1,1,6,1,90,11,998,1,4,6,1,6
2.02E+12,2,9,0,3,0,1,0,0,0,0,2,1,6,2,30,6,1198,1,6,1,3,1
2.02E+12,1,9,0,18,0,1,5,0,1,4,1,1,6,2,30,6,1248,1,6,6,1,6
2.02E+12,1,9,0,4,0,1,0,0,1,0,2,1,6,1,72,10,1242,1,10,1,1,1
2.02E+12,2,9,0,18,0,1,0,0,0,0,1,1,6,2,26,6,1598,1,13,1,1,1
2.02E+12,1,9,0,18,0,8,0,0,0,0,1,1,6,2,71,10,1598,1,14,6,3,6
2.02E+12,2,9,0,18,0,8,0,0,0,0,2,1,6,1,27,6,1796,1,15,9,1,9
2.02E+12,1,9,0,9,0,4,0,0,0,0,3,1,2,2,26,6,1896,2,9,2,1,2
2.02E+12,1,9,0,18,0,4,0,0,0,0,1,1,2,1,59,9,1397,1,5,9,1,9
2.02E+12,1,9,0,18,0,8,0,0,7,0,4,1,6,2,65,9,1461,2,2,10,1,10
2.02E+12,2,9,0,18,0,1,0,0,0,0,1,1,6,1,39,7,1997,2,8,9,1,9
2.02E+12,1,9,0,18,0,8,0,0,0,0,3,1,6,2,38,7,1998,2,11,1,1,1
2.02E+12,2,9,0,2,0,8,0,0,0,0,4,1,6,1,43,7,3222,2,12,6,1,6
2.02E+12,1,9,0,9,0,1,0,0,0,0,1,1,6,1,50,8,1995,2,13,7,1,7
2.02E+12,2,9,0,18,0,2,0,0,0,0,1,1,6,1,37,7,1596,1,8,6,2,6
2.02E+12,1,9,0,17,0,1,1,10,1,4,3,1,6,2,20,4,1061,1,13,8,2,8
2.02E+12,1,9,0,18,0,8,0,0,0,0,1,1,6,1,36,7,1896,2,16,5,1,5
2.02E+12,2,9,0,9,0,8,0,0,0,0,4,1,6,2,26,6,1598,1,14,4,1,4
2.02E+12,1,9,0,9,0,3,0,0,0,0,3,1,1,1,53,8,2495,2,12,7,3,7
2.02E+12,1,9,0,10,0,2,0,0,0,0,3,1,6,1,27,6,1984,1,11,7,3,7
2.02E+12,2,9,0,18,0,2,0,0,0,0,1,1,6,1,17,4,1896,2,13,2,1,2
2.02E+12,1,9,0,18,0,8,0,0,0,0,4,1,6,2,76,11,1600,2,8,5,3,5
2.02E+12,2,9,0,18,0,8,0,0,0,0,1,1,6,1,22,5,2495,2,17,7,2,7
2.02E+12,2,9,0,4,0,1,0,0,0,0,3,1,6,2,36,7,1794,1,12,9,1,9
2.02E+12,1,9,0,18,0,8,0,0,0,0,1,1,6,1,57,9,1753,2,9,8,2,8
2.02E+12,2,9,0,18,0,8,0,0,0,0,2,1,6,1,80,11,1796,1,8,10,2,10
2.02E+12,3,9,0,9,0,5,0,0,0,0,2,1,6,1,36,7,1242,1,1,9,2,9
2.02E+12,1,9,0,18,0,1,1,0,3,0,1,1,6,1,71,10,2199,2,6,7,3,7
2.02E+12,1,9,0,18,0,8,0,0,0,0,1,1,1,2,48,8,2987,2,4,8,2,8
2.02E+12,2,9,0,18,0,8,0,0,0,0,1,1,1,2,55,8,1997,2,12,10,1,10
2.02E+12,1,9,0,18,0,1,0,0,0,0,3,1,6,1,44,7,1753,2,9,6,2,6
2.02E+12,2,9,0,5,0,6,0,0,0,0,1,1,6,2,38,7,1560,2,9,3,2,3
2.02E+12,1,9,0,9,0,1,0,0,0,0,2,1,2,1,48,8,1896,2,10,9,3,9
2.02E+12,1,9,0,9,0,2,0,0,0,0,3,1,1,1,30,6,1395,1,2,9,1,9
2.02E+12,2,9,0,17,0,1,5,0,7,0,1,1,1,1,42,7,1560,2,8,7,3,7
2.02E+12,1,9,0,18,0,1,0,0,0,0,4,1,2,2,45,7,998,1,9,6,3,6
2.02E+12,1,9,0,5,0,4,0,0,0,0,3,1,5,2,39,7,1598,1,17,2,1,2
2.02E+12,1,9,0,18,0,4,0,0,0,0,1,1,2,1,46,8,1390,1,11,1,1,1
2.02E+12,1,9,0,9,0,1,0,0,0,0,1,1,6,1,39,7,2521,1,11,10,3,10
2.02E+12,1,9,0,9,0,8,0,0,0,0,3,1,6,1,24,5,1560,2,8,7,3,7
2.02E+12,2,5,0,16,0,8,0,0,0,0,1,1,2,1,52,8,1215,1,3,6,3,6
2.02E+12,2,9,0,9,0,3,0,0,0,0,4,1,1,2,31,6,1753,2,9,1,1,1
2.02E+12,1,9,0,9,0,8,0,0,0,0,4,1,2,1,79,11,1468,1,16,6,3,6
2.02E+12,1,9,0,9,0,8,0,0,0,0,4,1,1,2,25,5,1197,1,1,10,1,10
2.02E+12,2,9,0,18,0,8,0,0,0,0,1,1,2,1,42,7,1229,1,7,2,1,2
2.02E+12,1,9,0,10,0,1,0,0,0,0,1,1,6,1,24,5,1796,1,12,1,1,1
2.02E+12,2,9,0,18,0,1,0,0,0,0,2,1,6,1,52,8,2967,2,2,2,1,2
2.02E+12,1,9,0,10,0,4,0,0,0,0,1,1,6,1,49,8,1686,2,10,10,1,10
2.02E+12,1,9,0,18,0,1,0,0,0,0,1,1,6,2,29,6,1598,1,12,2,1,2
2.02E+12,2,9,0,9,0,1,0,0,0,0,4,1,1,1,45,7,1686,2,3,4,1,4
2.02E+12,1,9,0,18,0,1,0,0,0,0,1,1,6,2,67,10,1149,1,16,7,1,7
2.02E+12,2,9,0,9,0,1,0,0,0,0,4,1,6,1,53,8,1560,2,11,6,3,6
2.02E+12,1,9,0,4,0,1,0,0,0,0,1,1,6,1,70,10,1968,2,1,10,1,10
2.02E+12,2,9,0,3,0,1,0,0,0,0,2,1,1,1,58,9,1753,2,11,1,1,1
2.02E+12,1,9,0,18,0,1,0,0,0,0,1,1,2,2,24,5,1229,1,7,10,1,10
2.02E+12,2,9,0,3,0,1,0,0,0,0,2,1,6,2,26,6,1364,2,5,9,3,9
2.02E+12,1,9,0,18,0,8,0,0,0,0,3,1,6,1,67,10,2179,2,5,7,1,7
2.02E+12,1,9,0,9,0,8,0,0,0,0,1,1,6,1,75,10,1796,1,17,1,1,1
2.02E+12,1,3,0,4,0,1,2,0,0,0,0,1,2,1,59,9,124,1,4,9,1,9
2.02E+12,2,9,0,9,0,1,0,0,0,0,3,1,6,2,52,8,1798,8,4,9,3,9
2.02E+12,2,9,0,18,0,8,0,0,0,0,1,1,6,1,20,4,1248,2,5,5,2,5
2.02E+12,1,9,0,7,0,1,0,0,0,0,0,1,6,1,18,4,1590,1,16,4,1,4
2.02E+12,2,9,0,18,0,1,0,0,0,0,0,1,6,1,45,7,1997,2,14,10,1,10
2.02E+12,2,9,0,18,0,4,0,0,0,0,2,1,2,2,61,9,1339,1,8,4,1,4
2.02E+12,2,9,0,18,0,4,0,0,0,0,2,1,6,2,34,6,998,1,16,2,1,2
2.02E+12,1,9,0,7,0,6,0,0,0,0,1,1,6,2,53,8,1968,2,10,7,3,7
2.02E+12,1,9,0,9,0,8,0,0,0,0,1,1,6,2,24,5,1598,2,6,7,3,7
2.02E+12,1,9,0,7,0,1,0,0,0,0,4,1,2,2,23,5,1598,1,5,4,1,4
2.02E+12,1,9,0,9,0,1,0,0,0,0,0,1,6,1,28,6,1800,1,19,10,1,10
2.02E+12,1,9,0,9,0,6,0,0,1,0,3,1,6,2,76,11,1560,2,6,6,1,6
2.02E+12,2,21,5,18,0,1,0,0,0,0,1,1,1,1,52,8,10518,2,7,8,1,8
2.02E+12,2,9,0,8,0,1,0,0,0,0,2,1,6,2,62,9,1339,1,11,9,2,9
2.02E+12,1,9,0,9,0,8,0,0,0,0,1,1,6,2,43,7,1753,2,10,5,1,5
2.02E+12,1,9,0,18,0,1,0,0,0,0,1,1,3,2,26,6,1991,2,10,8,1,8
2.02E+12,2,9,0,10,0,1,0,0,0,0,3,1,1,2,46,8,1781,1,19,3,1,3
2.02E+12,3,9,0,18,0,1,0,0,0,0,1,1,1,2,52,8,1499,1,1,10,1,10