Accident_Index,Vehicle_Reference,Vehicle_Type,Towing_and_Articulation,Vehicle_Manoeuvre,Vehicle_Location-Restricted_Lane,Junction_Location,Skidding_and_Overturning,Hit_Object_in_Carriageway,Vehicle_Leaving_Carriageway,Hit_Object_off_Carriageway,1st_Point_of_Impact,Was_Vehicle_Left_Hand_Drive?,Journey_Purpose_of_Driver,Sex_of_Driver,Age_of_Driver,Age_Band_of_Driver,Engine_Capacity_(CC),Propulsion_Code,Age_of_Vehicle,Driver_IMD_Decile,Driver_Home_Area_Type,Vehicle_IMD_Decile
2.02E+12,1,9,0,18,0,1,0,0,0,0,1,1,6,1,59,9,1896,2,13,4,3,4
2.02E+12,2,9,0,3,0,1,0,0,0,0,2,1,6,2,20,4,1995,2,13,2,1,2
2.02E+12,1,9,0,9,0,5,0,0,0,0,1,1,6,1,79,11,1461,2,3,10,3,10
2.02E+12,2,9,0,18,0,8,0,0,0,0,3,1,6,2,66,10,1242,1,4,9,1,9
2.02E+12,1,9,0,9,0,1,0,0,0,0,2,1,6,2,20,4,1900,2,11,3,1,3
2.02E+12,2,9,0,18,0,1,0,0,0,0,1,1,6,1,31,6,1598,1,13,4,1,4
2.02E+12,2,9,0,5,0,3,0,0,0,0,1,1,6,2,47,8,1339,1,14,10,1,10
2.02E+12,2,17,4,9,0,1,0,0,0,0,4,1,1,1,18,4,6728,2,3,4,1,4
2.02E+12,2,5,0,14,0,1,0,0,0,0,4,1,2,1,21,5,599,1,9,8,1,8
2.02E+12,1,9,0,18,0,8,0,0,0,0,1,1,6,1,70,10,1995,2,1,10,1,10
2.02E+12,2,9,0,18,0,8,0,0,0,0,3,1,6,2,65,9,2995,1,5,9,3,9
2.02E+12,1,9,0,16,0,8,2,0,7,0,3,1,6,1,24,5,1997,2,12,4,1,4
2.02E+12,2,9,0,9,0,8,0,0,0,0,2,1,6,2,55,8,1398,1,3,6,3,6
2.02E+12,1,2,0,18,0,8,0,0,0,0,3,1,6,1,19,4,49,1,14,2,1,2
2.02E+12,1,9,0,4,0,1,0,0,0,0,1,1,6,1,45,7,2143,2,7,3,1,3
2.02E+12,1,9,0,4,0,6,2,0,3,4,1,1,5,2,22,5,1124,1,15,9,3,9
2.02E+12,1,9,0,17,0,8,0,0,0,0,1,1,2,2,21,5,1086,1,7,3,1,3
2.02E+12,2,9,0,9,0,8,0,0,0,0,3,1,2,1,51,8,1995,2,10,8,1,8
2.02E+12,1,9,0,5,0,6,0,0,0,0,3,1,1,2,53,8,1397,1,10,6,1,6
2.02E+12,2,3,0,18,0,1,0,0,0,0,1,1,1,1,27,6,125,1,9,1,1,1
2.02E+12,2,9,0,18,0,8,5,0,0,0,4,1,6,1,68,10,1951,2,12,7,3,7
2.02E+12,1,9,0,18,0,6,0,0,7,0,1,1,2,1,26,6,1796,1,13,5,1,5
2.02E+12,2,9,0,18,0,8,0,0,1,0,1,1,3,2,30,6,1364,1,2,5,2,5
2.02E+12,2,9,0,4,0,1,0,0,0,0,0,1,2,2,35,6,1296,1,9,7,1,7
2.02E+12,1,9,0,5,0,1,0,0,3,0,1,1,6,2,91,11,1248,1,6,10,3,10
2.02E+12,1,9,0,3,0,1,0,0,0,0,1,1,6,1,67,10,1968,2,8,4,1,4
2.02E+12,2,5,0,3,0,1,0,0,0,0,1,1,6,1,66,10,1200,1,14,9,1,9
2.02E+12,1,9,0,5,0,8,0,0,0,0,1,1,5,2,17,4,1598,1,15,9,3,9
2.02E+12,1,9,0,5,0,8,0,0,0,0,3,1,6,1,47,8,1896,2,14,8,1,8
2.02E+12,2,5,0,18,0,8,0,0,0,0,1,1,6,1,34,6,998,1,2,8,1,8
2.02E+12,1,9,0,18,0,8,0,0,0,0,4,1,6,2,81,11,1360,1,13,10,1,10
2.02E+12,1,9,0,17,0,1,0,0,0,0,1,1,5,2,35,6,1596,1,9,9,1,9
2.02E+12,2,9,0,16,0,1,0,0,0,0,1,1,5,1,30,6,1596,1,4,10,1,10
2.02E+12,2,9,0,18,0,1,0,0,0,0,1,1,6,1,79,11,1560,2,3,8,2,8
2.02E+12,2,9,0,18,0,8,0,0,0,0,1,1,6,2,53,8,1341,1,16,7,1,7
2.02E+12,1,9,0,18,0,1,1,0,0,0,1,1,6,2,40,7,1968,2,7,2,1,2
2.02E+12,2,9,0,18,0,1,0,0,0,0,1,1,6,2,29,6,1587,1,11,3,1,3
2.02E+12,1,9,0,18,0,1,0,0,1,0,1,1,6,2,44,7,1560,2,5,3,2,3
2.02E+12,1,9,0,5,0,1,0,0,0,0,3,1,6,2,78,11,1999,1,17,7,3,7
2.02E+12,1,9,0,18,0,2,5,0,7,10,1,1,2,1,33,6,1248,2,5,3,1,3
2.02E+12,1,9,0,14,0,1,0,0,0,0,3,1,5,1,73,10,1198,1,8,6,3,6
2.02E+12,1,9,0,10,0,6,0,0,0,0,1,1,2,2,69,10,1461,2,2,5,1,5
2.02E+12,1,9,0,18,0,1,0,0,0,0,0,1,6,1,41,7,1995,2,9,1,1,1
2.02E+12,1,19,0,6,0,6,0,0,0,0,0,1,5,3,29,6,1598,2,1,9,1,9
2.02E+12,1,9,0,16,0,1,0,0,0,0,1,1,6,2,66,10,1988,1,14,6,3,6
2.02E+12,2,9,0,4,0,1,0,0,0,0,2,1,6,1,55,8,1598,2,5,10,1,10
2.02E+12,3,9,0,9,0,1,0,0,0,0,2,1,6,1,51,8,1896,2,14,8,1,8
2.02E+12,1,9,0,9,0,8,0,0,0,0,1,1,6,2,41,7,1388,1,15,7,1,7
2.02E+12,2,9,0,18,0,8,0,0,0,0,1,1,6,1,49,8,2993,2,12,9,3,9
2.02E+12,1,9,0,9,0,8,0,0,0,0,4,1,6,2,28,6,1600,1,12,6,1,6
2.02E+12,2,9,0,18,0,8,0,0,0,0,1,1,6,2,30,6,1896,2,15,3,1,3
2.02E+12,2,9,0,9,0,1,0,0,0,0,1,1,5,1,69,10,1984,2,6,6,3,6
2.02E+12,1,9,0,3,0,1,0,0,0,0,1,1,2,2,38,7,1956,2,5,9,2,9
2.02E+12,2,9,0,8,0,5,0,0,0,0,4,1,2,2,46,8,1796,1,10,7,3,7
2.02E+12,1,9,0,7,0,3,2,0,0,0,4,1,6,2,41,7,599,1,16,3,1,3
2.02E+12,2,9,0,16,0,3,0,0,0,0,3,1,6,1,69,10,1686,2,13,4,1,4
2.02E+12,1,9,0,18,0,1,0,0,0,0,4,1,1,2,21,5,1198,1,3,4,3,4
2.02E+12,2,9,0,5,0,6,0,0,0,0,1,1,1,2,43,7,1390,1,9,6,1,6
2.02E+12,1,9,0,10,0,1,0,0,0,0,3,1,1,2,51,8,1598,2,3,5,3,5
2.02E+12,2,9,0,2,0,1,0,0,0,0,2,1,6,2,58,9,1598,2,3,6,3,6
2.02E+12,3,9,0,2,0,1,0,0,0,0,2,1,6,1,57,9,1968,2,3,10,1,10
2.02E+12,1,9,0,7,0,6,0,0,0,0,1,1,2,1,22,5,1686,2,12,2,1,2
2.02E+12,2,9,0,18,0,1,0,0,1,0,3,1,2,1,27,6,1753,2,13,9,2,9
2.02E+12,1,9,0,5,0,6,0,0,0,0,0,1,2,2,46,8,1587,1,11,7,1,7
2.02E+12,2,3,0,18,0,8,1,0,0,0,0,1,2,1,17,4,124,1,3,1,1,1
2.02E+12,2,9,0,18,0,8,0,0,0,0,3,1,6,1,65,9,1489,1,19,4,2,4
2.02E+12,2,9,0,18,0,8,0,0,0,0,1,1,6,1,46,8,1595,1,8,5,1,5
2.02E+12,1,19,0,18,0,1,0,0,0,0,1,1,6,1,41,7,2143,2,2,3,1,3
2.02E+12,1,9,0,16,0,2,0,0,0,0,1,1,6,1,46,8,1596,1,3,6,1,6
2.02E+12,2,9,0,17,0,2,0,0,0,0,1,1,6,2,32,6,1461,2,4,6,1,6
2.02E+12,1,9,0,5,0,4,0,0,0,0,1,1,2,1,62,9,1396,1,1,2,1,2
2.02E+12,1,9,0,18,0,8,0,0,0,0,1,1,6,1,36,7,1798,8,1,2,1,2
2.02E+12,2,9,0,18,0,8,0,0,0,0,3,1,6,1,65,9,2497,2,8,5,3,5
2.02E+12,2,19,0,9,0,8,0,0,0,0,4,1,2,1,21,5,2198,2,5,4,3,4
2.02E+12,1,9,0,9,0,6,0,0,0,0,1,1,6,2,18,4,1242,1,7,9,3,9
2.02E+12,2,9,0,7,0,5,0,0,0,0,1,1,2,1,35,6,1198,1,8,10,1,10
2.02E+12,1,9,0,18,0,2,0,0,0,0,3,1,6,1,58,9,1995,2,10,9,1,9
2.02E+12,2,9,0,18,0,2,0,0,0,0,4,1,6,2,30,6,2179,2,9,10,2,10
2.02E+12,2,9,0,5,0,8,0,0,0,0,1,1,6,2,55,8,1242,1,2,4,1,4
2.02E+12,1,9,0,10,0,1,0,0,0,0,2,1,6,1,26,6,1998,1,8,8,1,8
2.02E+12,1,9,0,16,0,7,2,0,7,4,1,1,6,1,25,5,973,1,16,9,1,9
2.02E+12,1,8,0,2,0,1,0,0,0,0,0,1,6,1,51,8,1995,2,11,1,1,1
2.02E+12,2,5,0,14,0,1,0,0,0,0,0,1,6,1,61,9,885,1,22,4,1,4
2.02E+12,1,9,0,18,0,3,0,0,0,0,3,1,6,2,60,9,1596,1,2,7,1,7
2.02E+12,1,19,0,15,0,1,0,0,0,0,1,1,1,1,78,11,1461,2,6,8,3,8
2.02E+12,1,9,0,9,0,2,0,0,0,0,1,1,2,1,42,7,1242,8,1,8,1,8
2.02E+12,1,9,0,18,0,4,0,0,0,0,1,1,1,1,40,7,1995,2,9,5,1,5
2.02E+12,2,9,0,18,0,8,0,0,0,0,1,1,6,2,81,11,1242,1,5,7,2,7
2.02E+12,1,11,0,3,0,1,0,0,0,0,1,1,1,1,26,6,6700,2,1,9,1,9
2.02E+12,2,9,0,4,0,1,0,0,0,0,2,1,6,2,32,6,1200,1,4,6,1,6
2.02E+12,1,9,0,5,0,6,0,0,0,0,4,1,6,1,57,9,1596,1,14,8,1,8
2.02E+12,1,9,0,5,0,3,0,0,0,0,1,1,1,1,31,6,1596,1,3,8,1,8
2.02E+12,2,9,0,5,0,3,0,0,0,0,2,1,1,1,48,8,1240,1,14,5,1,5
2.02E+12,1,9,0,13,0,8,0,0,0,0,4,1,6,1,49,8,1998,1,10,6,1,6
2.02E+12,1,21,1,18,0,1,0,0,0,0,1,1,1,1,49,8,12777,2,3,7,3,7
2.02E+12,1,2,0,18,0,3,0,0,3,0,3,1,1,1,33,6,49,1,12,2,1,2
2.02E+12,1,9,0,9,0,6,0,0,0,0,1,1,2,1,28,6,1399,2,6,8,1,8
2.02E+12,2,5,0,18,0,8,0,0,7,0,1,1,2,1,50,8,600,1,14,9,1,9
2.02E+12,1,9,0,5,0,4,0,0,0,0,3,1,6,2,39,7,1390,1,8,7,1,7
2.02E+12,1,9,0,18,0,1,0,0,1,0,1,1,6,1,29,6,1598,1,16,3,1,3
2.02E+12,1,5,0,18,0,1,2,10,1,0,0,1,6,1,52,8,1255,1,10,1,1,1
2.02E+12,1,9,0,18,9,3,1,10,0,0,1,1,6,1,20,4,1229,1,10,8,3,8
2.02E+12,2,9,0,18,0,2,0,0,1,0,1,1,1,1,54,8,1896,2,7,10,1,10
2.02E+12,1,9,0,18,0,4,0,0,0,0,1,1,6,1,74,10,3456,8,7,8,1,8
2.02E+12,1,9,0,9,0,6,0,0,0,0,1,1,6,1,63,9,2700,1,14,7,1,7
2.02E+12,2,9,0,18,0,8,0,0,0,0,1,1,6,1,86,11,1598,1,16,8,1,8
2.02E+12,1,5,0,18,0,1,1,0,0,0,0,1,5,1,57,9,883,1,5,10,1,10
2.02E+12,1,9,0,18,0,1,0,0,0,0,4,1,6,2,17,4,1242,1,4,6,3,6
2.02E+12,1,9,0,17,0,8,1,0,3,0,3,1,2,1,56,9,1587,1,18,6,1,6
2.02E+12,2,3,0,13,0,1,5,0,0,0,1,1,2,1,18,4,124,1,3,7,3,7
2.02E+12,1,9,0,9,0,6,0,0,0,0,3,1,1,2,31,6,1995,2,11,8,1,8
2.02E+12,2,9,0,18,0,1,1,0,0,0,1,1,2,2,61,9,1242,1,2,10,2,10
2.02E+12,1,9,0,9,0,5,0,0,0,0,3,1,6,1,36,7,2191,2,3,10,1,10
2.02E+12,2,9,0,18,0,8,0,0,0,0,1,1,6,2,55,8,1798,8,1,6,2,6
2.02E+12,1,9,0,9,0,8,0,0,0,0,3,1,6,2,39,7,1984,1,13,10,1,10
2.02E+12,1,9,0,9,0,6,0,0,0,0,3,1,6,1,33,6,1896,2,12,4,1,4
2.02E+12,1,9,0,18,0,2,0,0,0,0,1,1,6,1,18,4,1910,2,11,9,1,9
2.02E+12,1,9,0,4,0,4,0,0,0,0,2,1,6,2,24,5,998,1,10,9,1,9
2.02E+12,1,9,0,8,0,1,0,0,0,0,3,1,6,2,17,4,796,1,12,8,1,8
2.02E+12,2,3,0,18,0,1,0,0,0,0,1,1,6,2,30,6,124,1,5,1,1,1
2.02E+12,1,9,0,18,0,1,0,0,0,0,1,1,6,2,67,10,998,1,9,6,3,6
2.02E+12,1,9,0,18,0,5,0,0,3,0,4,1,2,2,18,4,998,1,4,8,3,8
2.02E+12,1,5,0,13,0,8,2,0,7,0,4,1,6,1,24,5,649,1,1,6,1,6
2.02E+12,2,9,0,9,0,8,0,0,0,0,1,1,2,2,45,7,1798,1,9,5,1,5
2.02E+12,2,4,0,18,0,1,0,0,1,0,4,1,6,1,70,10,499,1,5,6,3,6
2.02E+12,1,21,1,4,0,1,0,0,3,0,1,1,1,1,65,9,5880,2,13,8,1,8
2.02E+12,1,17,0,9,0,5,0,0,0,0,3,1,1,1,19,4,4400,2,6,5,3,5
2.02E+12,2,9,0,15,0,8,0,0,0,0,1,1,6,1,72,10,1992,2,12,7,3,7
2.02E+12,1,9,0,8,0,7,0,0,0,0,1,1,6,1,55,8,1598,1,11,5,3,5
2.02E+12,2,9,0,8,0,7,0,0,0,0,2,1,1,2,21,5,1587,1,12,3,2,3
2.02E+12,1,9,0,18,0,8,0,0,0,0,1,1,6,2,55,8,1242,1,3,6,3,6
2.02E+12,1,9,0,18,0,1,0,0,0,0,1,1,6,2,49,8,1390,1,2,7,1,7
2.02E+12,2,9,0,4,0,5,0,0,0,0,2,1,2,2,27,6,1560,2,2,9,1,9
2.02E+12,4,9,0,4,0,5,0,0,0,0,1,1,6,2,20,4,1560,2,8,7,1,7
2.02E+12,2,3,0,4,0,1,0,0,0,0,1,1,2,2,59,9,124,1,8,9,1,9
2.02E+12,1,9,0,5,0,8,0,0,0,0,1,1,2,1,40,7,1686,2,4,9,1,9
2.02E+12,2,9,0,5,0,8,0,0,0,0,2,1,2,2,35,6,1995,2,12,8,3,8
2.02E+12,1,5,0,5,0,1,0,0,0,0,2,1,6,1,25,5,599,1,16,10,1,10
2.02E+12,1,5,0,18,0,1,5,12,0,0,1,1,6,1,27,6,998,1,5,7,3,7
2.02E+12,1,9,0,15,0,1,0,0,0,0,1,1,6,1,26,6,1998,1,12,1,1,1
2.02E+12,1,9,0,5,0,4,0,0,0,0,3,1,6,2,70,10,2199,2,3,7,3,7
2.02E+12,1,9,0,9,0,5,0,0,0,0,3,1,6,2,95,11,998,1,2,8,3,8
2.02E+12,2,9,0,18,0,1,0,0,0,0,1,1,6,2,61,9,1968,2,8,10,1,10
2.02E+12,2,9,0,4,0,1,0,0,0,0,2,1,6,1,45,7,2685,2,13,9,3,9
2.02E+12,2,9,0,4,0,1,0,0,0,0,2,1,6,2,35,6,1399,2,8,4,1,4
2.02E+12,1,9,0,18,0,1,0,10,1,1,1,1,6,2,73,10,1999,1,7,5,1,5
2.02E+12,1,2,0,18,0,1,1,0,0,0,4,1,6,1,48,8,49,1,9,6,1,6
2.02E+12,2,9,0,18,0,1,0,0,0,0,2,1,6,1,19,4,1150,1,9,7,3,7
2.02E+12,1,9,0,9,0,5,0,0,0,0,4,1,2,1,32,6,1686,2,4,8,1,8
2.02E+12,1,9,0,5,0,1,0,0,0,0,1,1,6,2,42,7,1995,2,7,7,1,7
2.02E+12,1,9,0,18,0,1,0,0,0,0,1,1,6,1,35,6,1598,1,14,4,1,4
2.02E+12,2,9,0,18,0,1,0,0,0,0,1,1,6,1,87,11,2967,1,12,7,3,7
2.02E+12,1,9,0,10,0,2,0,0,0,0,1,1,6,2,50,8,1998,1,13,7,3,7
2.02E+12,1,19,0,18,0,1,0,0,7,0,3,1,1,1,29,6,1248,2,11,6,1,6
2.02E+12,2,9,0,5,0,1,0,0,0,0,2,1,2,2,41,7,2231,2,9,5,1,5
2.02E+12,2,9,0,18,0,1,0,0,0,0,4,1,6,1,48,8,1896,2,13,3,1,3
2.02E+12,1,9,0,1,0,1,0,0,0,0,2,1,3,1,44,7,2967,2,5,10,1,10
2.02E+12,1,9,0,5,0,5,0,0,0,0,3,1,3,2,38,7,1995,2,1,10,3,10
2.02E+12,2,2,0,18,0,8,1,0,0,0,1,1,6,1,17,4,49,1,3,3,1,3
2.02E+12,1,9,0,5,0,1,0,0,0,0,1,1,2,2,51,8,1997,1,12,6,3,6
2.02E+12,1,21,0,7,0,8,0,0,1,0,4,1,1,1,52,8,4461,2,5,7,3,7
2.02E+12,1,9,0,3,9,2,0,0,0,0,3,1,6,1,40,7,1986,2,9,4,1,4
2.02E+12,1,9,0,7,0,1,0,0,0,0,3,1,6,1,22,5,1598,2,7,5,3,5
2.02E+12,2,9,0,2,0,2,0,4,0,0,2,1,6,2,47,8,1497,1,13,4,1,4
2.02E+12,1,9,0,18,0,2,0,0,0,0,2,1,6,2,57,9,1968,2,4,7,3,7
2.02E+12,2,9,0,18,0,2,0,0,0,0,1,1,6,2,28,6,1968,2,5,7,3,7
2.02E+12,1,9,0,9,0,5,0,0,0,0,1,1,6,1,48,8,1597,1,23,6,1,6
2.02E+12,2,9,0,18,0,5,0,0,0,0,3,1,6,1,78,11,1796,1,15,1,1,1
2.02E+12,1,9,0,18,0,3,0,0,0,0,3,1,6,2,28,6,1398,1,6,6,3,6
2.02E+12,2,9,0,18,0,3,0,0,0,0,4,1,6,2,62,9,1968,2,1,8,2,8
2.02E+12,1,9,0,5,0,6,0,0,0,0,3,1,6,2,40,7,1968,2,6,9,3,9
2.02E+12,1,9,0,10,0,3,0,0,0,0,2,1,6,2,24,5,1199,1,14,9,1,9
2.02E+12,2,9,0,16,0,3,0,0,0,0,1,1,6,1,47,8,1995,2,5,8,2,8
2.02E+12,1,9,0,18,0,4,0,0,0,0,4,1,6,2,28,6,1753,2,12,10,2,10
2.02E+12,1,9,0,18,0,1,1,0,0,0,1,1,6,1,24,5,2521,1,10,1,1,1
2.02E+12,2,9,0,9,0,1,1,11,0,0,3,1,6,1,46,8,1248,1,6,4,1,4
2.02E+12,1,9,0,18,0,1,0,0,0,0,1,1,6,2,50,8,1399,2,10,6,3,6
2.02E+12,2,9,0,18,0,1,0,0,0,0,1,1,6,1,36,7,1796,1,8,5,1,5
2.02E+12,3,9,0,18,0,1,0,0,0,0,1,1,6,2,23,5,998,1,13,5,1,5
2.02E+12,1,9,0,5,0,6,0,0,0,0,3,1,1,1,55,8,2143,2,4,7,3,7
2.02E+12,2,19,0,18,0,1,0,0,7,10,1,1,1,1,40,7,1686,2,7,6,1,6
2.02E+12,1,9,0,8,0,1,0,0,0,0,2,1,6,1,67,10,1997,2,2,10,1,10
2.02E+12,1,9,0,9,0,8,0,0,0,0,1,1,2,1,55,8,1598,1,14,2,1,2
2.02E+12,2,3,0,18,0,1,0,0,7,0,4,1,2,1,18,4,124,1,5,5,3,5
2.02E+12,1,3,0,18,0,1,2,12,0,0,1,1,2,1,32,6,125,1,10,4,1,4
2.02E+12,1,9,0,9,0,5,0,0,0,0,1,1,2,2,69,10,1560,2,3,6,2,6
2.02E+12,1,9,0,7,0,6,0,0,0,0,3,1,6,1,77,11,1587,1,12,3,1,3
2.02E+12,1,9,0,4,0,1,0,0,0,0,2,1,2,2,60,9,999,1,2,7,3,7
2.02E+12,2,9,0,5,0,1,0,0,0,0,1,1,2,2,30,6,1968,2,11,6,2,6
2.02E+12,1,9,0,18,0,1,0,0,7,0,1,1,6,2,66,10,1198,1,13,6,3,6
2.02E+12,2,9,0,18,0,1,0,0,1,0,4,1,6,1,36,7,1896,2,14,10,1,10
2.02E+12,1,9,0,18,0,8,0,0,0,0,1,1,6,2,56,9,2179,2,7,7,3,7
2.02E+12,2,9,0,9,0,8,0,0,0,0,4,1,6,2,54,8,1997,2,15,5,3,5
2.02E+12,1,9,0,9,0,1,0,0,0,0,1,1,6,2,17,4,1198,1,12,9,1,9
2.02E+12,2,9,0,18,0,1,0,0,0,0,1,1,6,1,42,7,1364,1,9,8,1,8
2.02E+12,2,9,0,5,0,8,0,0,0,0,1,1,2,2,45,7,1998,1,14,7,1,7
2.02E+12,2,9,0,4,0,1,0,0,0,0,1,1,6,2,51,8,1248,1,5,5,1,5
2.02E+12,3,9,0,4,0,1,0,0,0,0,1,1,6,1,48,8,1995,2,14,3,1,3
2.02E+12,1,9,0,9,0,1,0,0,0,0,4,1,6,1,29,6,1598,1,14,10,1,10
2.02E+12,2,9,0,18,0,1,0,0,7,0,3,1,6,1,61,9,1999,1,11,2,1,2
2.02E+12,1,9,0,18,0,3,1,0,0,0,4,1,6,2,38,7,1598,1,6,3,2,3
2.02E+12,2,9,0,18,0,4,0,0,0,0,3,1,6,2,50,8,1360,1,15,9,1,9
2.02E+12,2,9,0,18,0,8,0,0,0,0,1,1,6,2,34,6,1796,1,15,4,1,4
2.02E+12,1,2,0,18,0,4,5,0,0,0,0,1,2,2,17,4,49,1,2,6,1,6
2.02E+12,1,9,0,16,0,8,0,0,0,0,3,1,6,1,65,9,3311,8,9,9,1,9
2.02E+12,2,9,0,17,0,8,0,0,0,0,3,1,6,2,54,8,1598,1,10,6,3,6
2.02E+12,1,9,0,17,0,4,1,7,4,0,1,1,6,1,33,6,1753,2,12,7,1,7
2.02E+12,1,9,0,3,0,1,0,0,0,0,2,1,6,2,27,6,1199,1,15,2,1,2
2.02E+12,2,19,0,18,0,1,0,0,0,0,1,1,6,1,46,8,1753,2,13,6,3,6
2.02E+12,1,9,0,8,0,5,1,9,8,0,2,1,6,1,70,10,1199,1,15,10,1,10
2.02E+12,1,5,0,18,0,1,0,12,0,0,4,1,2,1,27,6,800,1,2,6,2,6
2.02E+12,1,9,0,9,0,1,0,0,0,0,1,1,6,2,72,10,1296,1,9,6,2,6
2.02E+12,2,9,0,18,0,8,0,0,0,0,1,1,6,2,74,10,1124,1,11,6,2,6
2.02E+12,2,9,0,18,0,4,0,0,0,0,1,1,6,1,28,6,1598,1,14,6,1,6
2.02E+12,1,9,0,18,0,1,1,0,1,0,1,1,6,2,31,6,1390,1,6,4,1,4
2.02E+12,1,9,0,5,0,2,0,0,0,0,1,1,5,1,52,8,1242,1,5,9,2,9
2.02E+12,2,9,0,18,0,8,0,0,0,0,1,1,6,1,23,5,1896,2,15,9,1,9
2.02E+12,1,9,0,18,0,4,0,0,0,0,1,1,6,2,34,6,1896,2,12,9,3,9
2.02E+12,1,9,0,9,0,1,0,0,0,0,0,1,6,1,70,10,1596,1,4,3,1,3
2.02E+12,1,9,0,5,0,6,0,0,0,0,3,1,6,2,21,5,1198,1,5,10,1,10
2.02E+12,1,9,0,4,0,8,0,0,0,0,1,1,5,2,42,7,1984,1,14,9,1,9
2.02E+12,2,5,0,4,0,8,0,0,0,0,2,1,2,1,53,8,1130,1,16,1,1,1
2.02E+12,1,9,0,17,0,4,0,0,0,0,1,1,6,2,65,9,3200,2,12,8,1,8
2.02E+12,1,9,0,9,0,8,0,0,0,0,1,1,6,2,23,5,1896,2,13,4,1,4
2.02E+12,1,9,0,10,0,1,0,0,0,0,1,1,6,2,67,10,998,1,6,4,1,4
2.02E+12,2,4,0,10,0,1,0,0,0,0,2,1,6,1,52,8,250,1,5,10,1,10
2.02E+12,1,9,0,3,0,1,0,0,0,0,2,1,6,2,75,10,2494,1,18,9,1,9
2.02E+12,2,9,0,4,0,1,0,0,0,0,0,1,6,2,26,6,1399,1,7,1,1,1
2.02E+12,1,9,0,18,0,8,0,0,0,0,4,1,2,1,58,9,1461,2,12,4,1,4
2.02E+12,1,3,0,9,0,8,0,0,0,0,1,1,2,1,18,4,125,1,2,5,3,5
2.02E+12,2,9,0,18,0,8,0,0,0,0,2,1,2,1,19,4,1124,1,12,7,3,7
2.02E+12,1,19,0,18,0,1,0,0,0,0,2,1,6,1,32,6,1995,2,9,6,1,6
2.02E+12,2,9,0,18,0,1,0,0,0,0,1,1,6,1,49,8,1968,2,8,10,2,10
2.02E+12,1,9,0,18,0,4,5,0,3,0,1,1,6,1,28,6,1799,1,8,1,1,1
2.02E+12,2,9,0,18,0,5,0,0,0,0,1,1,1,2,66,10,2393,1,16,8,2,8
2.02E+12,1,9,0,18,0,1,0,0,0,0,1,1,6,1,20,4,1598,1,10,5,1,5
2.02E+12,1,9,0,9,0,6,0,0,0,0,4,1,6,1,79,11,1600,1,2,8,2,8
2.02E+12,1,9,0,1,0,2,0,0,0,0,2,1,6,2,35,6,1999,1,14,2,1,2
2.02E+12,1,5,0,9,0,8,2,0,0,0,3,1,6,1,51,8,1050,1,12,1,1,1
2.02E+12,1,3,0,18,0,8,0,0,0,0,4,1,6,1,25,5,124,1,7,6,1,6
2.02E+12,1,9,0,18,0,2,0,0,0,0,3,1,1,1,34,6,1229,1,4,8,1,8
2.02E+12,1,9,0,18,0,4,0,0,0,0,1,1,6,1,57,9,1896,2,11,9,2,9
2.02E+12,1,9,0,7,0,5,0,0,0,0,3,1,6,1,72,10,1398,1,7,10,1,10
2.02E+12,2,9,0,2,0,2,0,0,0,0,4,1,6,1,69,10,2771,1,18,4,1,4
2.02E+12,1,4,0,7,0,4,1,0,0,0,3,1,6,2,24,5,124,1,17,7,1,7
2.02E+12,2,9,0,9,0,8,0,0,0,0,1,1,6,2,38,7,2184,2,1,2,1,2
2.02E+12,1,9,0,9,0,6,0,0,0,0,3,1,6,2,84,11,1248,1,4,8,1,8
2.02E+12,2,3,0,18,0,8,0,0,0,0,1,1,6,1,18,4,125,1,2,9,3,9
2.02E+12,1,9,0,9,0,8,0,0,0,0,1,1,1,1,47,8,2000,2,7,9,1,9
2.02E+12,2,9,0,18,0,4,0,0,0,0,1,1,1,2,45,7,1997,2,9,6,1,6
2.02E+12,2,9,0,18,0,4,0,0,0,0,1,1,6,1,50,8,1399,1,1,4,1,4
2.02E+12,2,9,0,9,0,6,0,0,0,0,3,1,6,1,52,8,1198,1,3,9,1,9
2.02E+12,1,9,0,18,0,8,0,0,2,11,1,1,6,1,34,6,1968,2,11,7,2,7
2.02E+12,2,19,0,8,0,1,0,0,0,0,3,1,2,1,32,6,2298,2,3,8,1,8
2.02E+12,2,3,0,18,0,8,0,0,0,0,1,1,6,1,27,6,125,1,1,2,1,2
2.02E+12,1,9,0,4,0,2,0,0,0,0,2,1,6,2,76,11,1396,1,13,8,1,8
2.02E+12,2,9,0,4,0,2,0,0,0,0,1,1,6,2,42,7,998,1,29,10,1,10
2.02E+12,1,9,0,9,0,2,0,0,0,0,3,1,6,1,81,11,1124,1,8,8,3,8
2.02E+12,1,9,0,9,0,5,0,0,0,0,3,1,2,1,31,6,1248,2,9,4,1,4
2.02E+12,2,3,0,13,0,8,0,0,0,0,1,1,2,2,18,4,125,1,2,6,1,6
2.02E+12,1,9,0,4,0,1,0,0,0,0,2,1,6,2,76,11,1398,1,3,6,3,6
2.02E+12,2,9,0,18,0,1,0,0,0,0,1,1,6,1,31,6,1362,1,4,2,1,2
2.02E+12,1,4,0,18,0,8,0,0,0,0,1,1,1,1,18,4,124,1,17,7,3,7