Accident_Index,Vehicle_Reference,Vehicle_Type,Towing_and_Articulation,Vehicle_Manoeuvre,Vehicle_Location-Restricted_Lane,Junction_Location,Skidding_and_Overturning,Hit_Object_in_Carriageway,Vehicle_Leaving_Carriageway,Hit_Object_off_Carriageway,1st_Point_of_Impact,Was_Vehicle_Left_Hand_Drive?,Journey_Purpose_of_Driver,Sex_of_Driver,Age_of_Driver,Age_Band_of_Driver,Engine_Capacity_(CC),Propulsion_Code,Age_of_Vehicle,Driver_IMD_Decile,Driver_Home_Area_Type,Vehicle_IMD_Decile
2.02E+12,2,9,0,18,0,8,0,0,0,0,1,1,1,1,57,9,1995,2,7,10,1,10
2.02E+12,1,9,0,18,0,8,0,0,0,0,1,1,6,1,25,5,1998,1,10,2,1,2
2.02E+12,2,9,0,5,0,4,0,0,0,0,3,1,6,2,54,8,1995,1,6,9,1,9
2.02E+12,1,9,0,9,0,2,0,0,0,0,1,1,1,1,48,8,1560,2,3,6,2,6
2.02E+12,1,19,0,9,0,6,0,0,0,0,1,1,1,1,22,5,2143,2,3,9,2,9
2.02E+12,2,19,0,18,0,8,0,0,0,0,1,1,1,2,56,9,1997,2,12,8,1,8
2.02E+12,1,19,0,7,0,6,0,0,0,0,1,1,1,1,47,8,1996,2,7,8,2,8
2.02E+12,1,9,0,18,0,4,0,0,0,0,1,1,6,2,35,6,1000,1,17,3,1,3
2.02E+12,2,9,0,9,0,8,0,0,0,0,4,1,6,1,69,10,1560,2,9,8,1,8
2.02E+12,1,9,0,18,0,8,0,0,0,0,1,1,6,1,21,5,1997,2,8,10,2,10
2.02E+12,2,9,0,9,0,5,0,0,0,0,4,1,6,2,26,6,996,1,7,3,1,3
2.02E+12,1,9,0,18,0,6,0,0,0,0,1,1,6,1,32,6,1995,2,5,9,1,9
2.02E+12,2,9,0,18,0,8,0,0,0,0,4,1,6,1,36,7,1997,2,1,5,1,5
2.02E+12,3,9,0,10,0,8,0,0,7,11,1,1,6,1,53,8,1560,2,12,4,1,4
2.02E+12,1,9,0,18,0,8,0,0,0,0,1,1,2,2,34,6,1560,2,7,5,1,5
2.02E+12,1,9,0,18,0,6,0,0,0,0,1,1,1,1,48,8,1686,2,4,1,1,1
2.02E+12,2,9,0,18,0,8,0,0,0,0,1,1,2,1,47,8,998,1,6,10,3,10
2.02E+12,2,9,0,9,0,8,0,0,0,0,1,1,6,2,42,7,1984,1,6,8,1,8
2.02E+12,1,5,0,13,0,8,0,0,0,0,4,1,2,1,25,5,942,1,5,3,1,3
2.02E+12,2,9,0,9,0,5,0,0,0,0,3,1,2,1,42,7,1950,2,1,8,2,8
2.02E+12,1,8,0,1,0,6,0,0,0,0,2,1,1,1,65,9,1991,2,7,5,3,5
2.02E+12,1,9,0,18,0,8,0,0,0,0,3,1,6,1,57,9,1560,2,11,4,2,4
2.02E+12,1,9,0,9,0,5,0,0,0,0,1,1,6,1,56,9,1997,2,3,7,3,7
2.02E+12,2,9,0,17,0,8,0,0,0,0,1,1,6,1,47,8,1995,2,6,9,3,9
2.02E+12,3,19,0,8,0,1,0,0,0,0,1,1,6,1,31,6,2299,2,4,8,3,8
2.02E+12,1,9,0,9,0,6,0,0,0,0,1,1,1,1,50,8,1968,2,1,5,3,5
2.02E+12,1,9,0,4,0,2,0,0,0,0,1,1,6,1,41,7,1998,1,19,5,2,5
2.02E+12,1,9,0,9,0,8,0,0,0,0,4,1,6,1,36,7,1390,1,13,7,1,7
2.02E+12,2,3,0,18,0,8,1,0,0,0,1,1,6,1,22,5,124,1,3,1,1,1
2.02E+12,1,3,0,18,0,1,0,0,0,0,4,1,1,1,23,5,125,1,3,3,1,3
2.02E+12,1,9,0,9,0,5,0,0,7,0,4,1,6,2,57,9,998,1,10,4,1,4
2.02E+12,2,9,0,18,0,8,0,0,0,0,1,1,6,2,27,6,1242,1,7,10,1,10
2.02E+12,1,9,0,18,0,2,0,0,0,0,1,1,6,1,20,4,1240,1,9,8,1,8
2.02E+12,1,9,0,18,0,1,2,0,7,1,1,1,2,2,22,5,1598,2,2,6,1,6
2.02E+12,1,9,0,16,0,4,0,0,0,0,1,1,6,2,72,10,1328,1,15,7,3,7
2.02E+12,1,19,0,17,0,2,1,0,1,10,1,1,2,1,52,8,1896,2,21,7,2,7
2.02E+12,1,9,0,9,0,5,1,0,0,0,1,1,6,1,89,11,1149,1,11,9,1,9
2.02E+12,2,9,0,18,0,8,1,0,0,0,1,1,6,1,79,11,1582,2,7,9,3,9
2.02E+12,1,9,0,4,0,1,1,0,1,4,1,1,6,2,39,7,1998,1,14,9,2,9
2.02E+12,1,19,0,14,0,1,1,0,0,0,1,1,2,1,50,8,1753,2,17,3,3,3
2.02E+12,2,9,0,18,0,1,0,0,0,0,3,1,2,1,42,7,1968,2,1,6,3,6
2.02E+12,1,9,0,18,0,4,0,0,0,0,3,1,1,2,38,7,2143,2,7,3,1,3
2.02E+12,1,21,0,18,0,1,0,0,0,0,1,1,1,1,53,8,6870,2,4,3,1,3
2.02E+12,2,9,0,10,0,1,0,0,0,0,2,1,6,2,63,9,1560,2,3,6,3,6
2.02E+12,2,3,0,18,0,8,0,0,0,0,1,1,6,1,18,4,124,1,3,10,1,10
2.02E+12,1,9,0,18,0,1,0,0,0,0,4,1,6,1,49,8,1360,1,11,9,2,9
2.02E+12,1,9,0,10,0,1,0,0,0,0,2,1,6,2,55,8,2148,2,9,10,1,10
2.02E+12,2,9,0,4,0,1,1,0,0,0,2,1,6,1,22,5,1390,1,16,6,1,6
2.02E+12,2,19,0,18,0,8,0,0,0,0,1,1,6,1,38,7,1896,2,11,4,2,4
2.02E+12,1,9,0,16,0,8,0,0,0,0,3,1,6,2,29,6,1968,2,7,9,1,9
2.02E+12,2,9,0,17,0,8,0,0,0,0,3,1,2,1,22,5,1242,1,17,9,1,9
2.02E+12,1,11,0,18,0,6,0,10,1,10,3,1,1,1,73,10,4250,2,12,3,1,3
2.02E+12,1,9,0,18,0,8,0,0,0,0,3,1,6,2,31,6,1995,2,2,7,3,7
2.02E+12,2,11,0,9,0,8,0,0,0,0,1,1,1,1,63,9,9000,2,3,1,1,1
2.02E+12,1,9,0,7,0,8,0,0,0,0,1,1,1,1,38,7,1499,2,1,2,1,2
2.02E+12,1,9,0,13,0,1,1,0,1,11,4,1,6,1,35,6,1798,1,14,4,2,4
2.02E+12,1,9,0,18,0,8,0,0,0,0,1,1,6,2,40,7,1749,1,14,7,1,7
2.02E+12,2,9,0,9,0,6,0,0,0,0,3,1,6,2,18,4,1199,1,16,10,1,10
2.02E+12,1,9,0,18,0,8,0,0,0,0,4,1,1,2,23,5,1398,1,2,4,1,4
2.02E+12,2,9,0,18,0,8,0,0,0,0,1,1,2,2,62,9,1248,1,5,7,1,7
2.02E+12,1,9,0,9,0,5,0,0,0,0,1,1,6,1,38,7,1596,1,5,10,1,10
2.02E+12,2,9,0,18,0,8,0,0,4,11,1,1,1,1,64,9,1997,1,14,6,3,6
2.02E+12,1,9,0,18,0,2,0,0,1,3,1,1,6,2,22,5,1124,1,20,5,1,5
2.02E+12,1,9,0,18,0,8,0,0,0,0,1,1,6,2,45,7,1910,2,11,8,1,8
2.02E+12,2,9,0,3,0,8,0,0,0,0,2,1,6,2,26,6,1396,1,5,8,3,8
2.02E+12,1,9,0,5,0,8,0,0,0,0,1,1,6,1,53,8,1781,1,17,2,1,2
2.02E+12,2,5,0,18,0,8,0,0,0,0,3,1,2,1,54,8,599,1,15,1,1,1
2.02E+12,1,9,0,18,0,8,0,0,0,0,1,1,2,1,27,6,1998,1,18,8,3,8
2.02E+12,2,9,0,3,0,8,0,0,0,0,2,1,2,2,59,9,1995,2,3,10,2,10
2.02E+12,3,9,0,3,0,2,0,0,0,0,2,1,2,1,29,6,1968,2,3,9,1,9
2.02E+12,1,8,0,9,0,6,0,0,0,0,1,1,1,1,62,9,1997,2,6,10,1,10
2.02E+12,1,9,0,4,0,1,0,0,0,0,2,1,6,2,27,6,1149,1,14,9,1,9
2.02E+12,2,19,0,18,0,8,0,0,0,0,3,1,6,1,41,7,1968,2,5,7,1,7
2.02E+12,1,9,0,18,0,8,5,0,7,3,1,1,6,1,52,8,2438,1,21,8,2,8
2.02E+12,1,9,0,4,0,1,0,0,0,0,2,1,6,2,23,5,1364,1,8,4,1,4
2.02E+12,1,9,0,9,0,6,0,0,0,0,1,1,6,1,28,6,3999,1,9,6,1,6
2.02E+12,1,19,0,9,0,6,0,0,7,0,1,1,2,1,19,4,1997,2,13,6,2,6
2.02E+12,2,9,0,18,0,8,0,0,7,11,4,1,2,2,30,6,1197,1,2,6,3,6
2.02E+12,1,9,0,7,0,6,0,0,0,0,3,1,6,1,49,8,2401,2,12,10,1,10
2.02E+12,1,9,0,5,0,4,0,0,0,0,1,1,6,2,27,6,1997,2,13,3,1,3
2.02E+12,1,3,0,18,0,8,1,0,0,0,4,1,6,2,20,4,124,1,8,8,1,8
2.02E+12,1,9,0,3,0,1,0,0,0,0,2,1,6,1,45,7,1248,1,5,10,1,10
2.02E+12,2,9,0,3,0,1,0,0,0,0,2,1,6,1,56,9,973,1,15,7,1,7
2.02E+12,3,19,0,18,0,1,0,0,0,0,1,1,6,1,28,6,2198,2,5,2,1,2
2.02E+12,1,9,0,7,0,8,0,0,0,0,4,1,2,1,38,7,1591,1,10,7,3,7
2.02E+12,1,9,0,9,0,5,0,0,0,0,4,1,2,1,24,5,1390,1,7,9,3,9
2.02E+12,2,9,0,18,0,8,0,0,0,0,1,1,2,2,26,6,1299,1,14,1,1,1
2.02E+12,1,21,0,18,0,1,1,0,0,0,1,1,1,1,44,7,12902,2,4,4,1,4
2.02E+12,2,9,0,8,0,1,0,0,1,0,2,1,2,2,28,6,1984,1,10,7,1,7
2.02E+12,1,3,0,18,0,8,0,0,0,0,1,1,1,1,21,5,113,1,1,3,2,3
2.02E+12,2,9,0,9,0,5,0,0,0,0,3,1,6,2,61,9,1397,1,5,2,1,2
2.02E+12,1,9,0,18,0,1,0,0,0,0,1,1,2,1,62,9,1000,1,17,2,1,2
2.02E+12,2,9,0,3,0,1,0,0,0,0,2,1,6,1,68,10,1360,1,10,8,1,8
2.02E+12,1,9,0,9,0,8,0,0,0,0,1,1,6,1,53,8,1753,2,8,1,1,1
2.02E+12,2,9,0,18,0,4,0,0,0,0,3,1,6,2,76,11,1240,1,14,9,3,9
2.02E+12,1,9,0,1,0,1,0,0,0,0,3,1,6,2,28,6,1598,1,11,3,1,3
2.02E+12,1,9,0,18,0,8,0,0,0,0,1,1,2,1,27,6,1399,1,8,5,1,5
2.02E+12,2,9,0,4,0,8,0,0,0,0,2,1,2,1,54,8,1560,2,3,8,1,8
2.02E+12,1,3,0,13,0,8,0,0,0,0,1,1,2,2,26,6,125,1,7,7,3,7
2.02E+12,2,9,0,9,0,5,0,0,0,0,3,1,6,1,70,10,1248,2,3,8,3,8
2.02E+12,1,9,0,18,0,3,0,0,0,0,1,1,6,1,28,6,1598,1,12,7,1,7
2.02E+12,2,9,0,18,0,3,0,0,0,0,4,1,6,2,35,6,1998,2,10,8,1,8
2.02E+12,1,9,0,18,0,8,0,0,0,0,1,1,2,1,35,6,1229,1,3,5,2,5
2.02E+12,2,9,0,9,0,8,0,0,0,0,3,1,2,1,41,7,1995,2,7,5,3,5
2.02E+12,1,9,0,18,0,1,0,0,0,0,1,1,6,2,28,6,2993,2,10,2,1,2
2.02E+12,1,19,0,18,0,1,1,0,0,0,1,1,1,1,36,7,2198,2,3,6,2,6
2.02E+12,2,19,0,3,0,1,0,0,0,0,2,1,6,1,34,6,1560,2,3,3,1,3
2.02E+12,3,9,0,10,0,8,0,0,0,0,2,1,2,2,53,8,1590,1,16,6,3,6
2.02E+12,1,19,0,14,0,8,1,0,0,0,1,1,1,1,27,6,2402,2,9,5,1,5
2.02E+12,2,9,0,9,0,6,0,0,0,0,3,1,6,1,33,6,1968,2,4,4,1,4
2.02E+12,1,9,0,18,0,8,0,0,1,3,1,1,1,1,59,9,1598,2,2,8,1,8
2.02E+12,1,9,0,17,0,1,5,0,2,11,1,1,2,1,25,5,2477,2,11,6,3,6
2.02E+12,1,9,0,18,0,1,1,0,0,0,1,1,6,1,64,9,2495,2,23,5,1,5
2.02E+12,2,9,0,10,0,8,0,0,0,0,2,1,6,1,18,4,1390,1,15,6,3,6
2.02E+12,1,9,0,7,0,4,0,0,0,0,3,1,1,1,22,5,1396,1,13,2,1,2
2.02E+12,2,9,0,18,0,8,0,0,0,0,4,1,6,1,33,6,1364,1,10,9,1,9
2.02E+12,1,9,0,5,0,6,0,0,0,0,3,1,6,2,64,9,1461,2,2,7,3,7
2.02E+12,2,9,0,18,0,8,0,0,0,0,4,1,6,2,63,9,1995,2,2,6,3,6
2.02E+12,1,21,0,7,0,5,0,0,0,0,2,1,1,1,56,9,9364,2,11,2,1,2
2.02E+12,2,9,0,4,0,1,0,0,0,0,2,1,6,1,71,10,1995,2,5,10,1,10
2.02E+12,1,9,0,18,0,8,0,0,0,0,1,1,6,2,18,4,1360,1,11,8,1,8
2.02E+12,2,9,0,9,0,8,0,0,0,0,1,1,6,2,49,8,1685,2,6,10,2,10
2.02E+12,1,9,0,18,0,4,0,0,0,0,1,1,6,1,52,8,1598,1,3,7,2,7
2.02E+12,1,9,0,18,0,8,0,0,0,0,1,1,6,1,46,8,1679,1,17,2,1,2
2.02E+12,1,19,0,16,0,8,1,0,0,0,1,1,1,1,30,6,2198,2,6,2,1,2
2.02E+12,2,9,0,17,0,8,0,0,0,0,3,1,6,1,19,4,1796,1,12,5,2,5
2.02E+12,1,9,0,7,0,6,0,0,0,0,4,1,6,2,33,6,1995,2,13,2,1,2
2.02E+12,1,9,0,5,0,4,0,0,0,0,1,1,2,1,40,7,1596,1,13,8,1,8
2.02E+12,1,19,0,5,0,1,0,0,0,0,1,1,6,1,27,6,2000,2,16,4,1,4
2.02E+12,1,9,0,18,0,4,0,0,0,0,1,1,2,2,50,8,1995,2,3,8,3,8
2.02E+12,1,9,0,3,0,1,0,0,0,0,2,1,6,2,23,5,1390,1,10,4,1,4
2.02E+12,2,9,0,18,0,1,0,0,0,0,1,1,6,2,27,6,1399,2,8,3,1,3
2.02E+12,1,3,0,18,0,8,1,0,7,0,3,1,2,1,44,7,113,1,1,7,3,7
2.02E+12,1,9,0,18,0,1,0,0,0,0,1,1,1,1,72,10,1560,2,9,6,1,6
2.02E+12,2,9,0,3,0,1,0,0,0,0,2,1,2,1,72,10,1896,2,10,4,1,4
2.02E+12,3,9,0,3,0,1,0,0,0,0,2,1,2,2,53,8,1498,1,9,9,3,9
2.02E+12,1,5,0,16,0,8,2,0,7,11,1,1,6,1,26,6,892,1,22,9,1,9
2.02E+12,1,2,0,17,0,8,0,0,0,0,1,1,6,1,16,4,49,1,7,6,1,6
2.02E+12,2,9,0,18,0,4,0,0,0,0,3,1,6,1,21,5,1686,2,12,5,1,5
2.02E+12,2,9,0,2,0,2,0,0,0,0,4,1,6,1,37,7,1590,1,17,9,2,9
2.02E+12,1,5,0,3,0,1,0,0,0,0,2,1,2,1,56,9,1130,1,14,4,1,4
2.02E+12,2,9,0,4,0,1,0,0,0,0,1,1,2,1,52,8,1997,2,9,2,1,2
2.02E+12,2,9,0,7,0,3,0,0,0,0,4,1,6,1,28,6,1560,2,2,5,1,5
2.02E+12,1,9,0,18,0,8,0,0,0,0,1,1,2,2,53,8,1997,2,14,5,3,5
2.02E+12,2,9,0,9,0,6,1,0,0,0,3,1,2,1,55,8,1388,1,9,5,2,5
2.02E+12,1,9,0,7,0,6,0,0,0,0,1,1,2,1,41,7,1796,1,9,4,1,4
2.02E+12,1,19,0,9,0,5,0,0,0,0,1,1,1,1,50,8,2198,2,7,2,1,2
2.02E+12,1,9,0,1,0,1,0,0,0,0,2,1,6,1,70,10,1753,2,15,7,2,7
2.02E+12,1,9,0,9,0,6,0,0,0,0,3,1,6,2,17,4,1242,1,4,10,1,10
2.02E+12,1,9,0,3,0,1,0,0,0,0,2,1,6,1,39,7,1398,1,11,8,1,8
2.02E+12,1,3,0,3,0,1,0,0,0,0,1,1,6,1,17,4,124,1,2,1,1,1
2.02E+12,2,9,0,9,0,8,0,0,0,0,1,1,6,2,24,5,2000,2,12,10,2,10
2.02E+12,1,9,0,18,0,8,0,0,0,0,4,1,6,1,20,4,1590,1,12,9,1,9
2.02E+12,2,2,0,18,0,6,0,0,0,0,1,1,6,1,16,4,49,1,16,1,1,1
2.02E+12,1,9,0,17,0,8,0,0,0,0,1,1,6,2,45,7,1997,2,8,5,3,5
2.02E+12,1,9,0,13,0,8,0,0,0,0,4,1,6,1,78,11,1598,2,4,7,3,7
2.02E+12,2,9,0,9,0,5,0,0,0,0,3,1,6,1,46,8,2495,2,15,9,1,9
2.02E+12,1,11,0,18,0,8,0,0,0,0,0,1,1,1,31,6,4250,2,11,6,2,6
2.02E+12,1,9,0,5,0,1,0,0,0,0,2,1,6,2,29,6,1124,1,17,3,3,3
2.02E+12,2,9,0,5,0,1,0,0,0,0,1,1,6,2,57,9,1499,1,1,9,1,9
2.02E+12,1,19,0,18,0,8,0,0,0,0,1,1,1,1,24,5,1995,2,9,6,3,6
2.02E+12,2,5,0,18,0,8,0,0,1,0,3,1,1,1,55,8,1130,1,14,10,1,10
2.02E+12,1,9,0,9,0,6,0,0,1,0,3,1,6,2,67,10,1390,1,15,10,1,10
2.02E+12,2,9,0,18,0,8,0,0,0,0,4,1,6,1,52,8,1399,2,12,4,1,4
2.02E+12,1,9,0,18,0,4,0,0,0,0,1,1,6,1,37,7,1896,2,13,5,1,5
2.02E+12,2,9,0,9,0,4,0,0,0,0,3,1,2,1,49,8,2979,1,15,2,1,2
2.02E+12,1,9,0,9,0,6,0,0,0,0,3,1,1,2,62,9,1499,2,1,4,1,4
2.02E+12,2,9,0,18,0,8,0,0,7,11,1,1,6,2,50,8,1086,1,12,2,1,2
2.02E+12,1,9,0,18,0,8,0,0,1,10,1,1,6,1,23,5,1599,1,14,3,1,3
2.02E+12,1,9,0,18,0,8,0,0,0,0,1,1,1,2,37,7,1598,2,1,7,1,7
2.02E+12,1,9,0,5,0,6,0,0,0,0,0,1,2,1,38,7,1997,1,1,9,2,9
2.02E+12,2,9,0,18,0,1,0,10,1,1,1,1,6,1,26,6,1995,2,3,9,1,9
2.02E+12,2,9,0,3,0,1,0,0,0,0,2,1,6,2,46,8,1248,2,5,8,1,8
2.02E+12,1,9,0,18,0,4,0,0,0,0,1,1,1,2,32,6,1599,1,13,7,1,7
2.02E+12,1,9,0,18,0,4,0,0,0,0,1,1,6,2,22,5,998,1,7,8,1,8
2.02E+12,2,9,0,9,0,8,0,0,0,0,4,1,6,2,21,5,1242,1,8,5,2,5
2.02E+12,1,9,0,14,0,1,0,0,0,0,1,1,6,2,35,6,2993,2,9,7,1,7
2.02E+12,2,9,0,4,0,2,0,0,0,0,1,1,6,2,33,6,1560,2,9,6,1,6
2.02E+12,1,9,0,18,0,1,0,0,0,0,1,1,2,1,41,7,1598,1,13,3,1,3
2.02E+12,2,9,0,3,0,1,0,0,0,0,2,1,6,2,48,8,1598,2,1,8,1,8
2.02E+12,1,9,0,9,0,1,0,0,0,0,1,1,6,1,49,8,999,1,2,6,1,6
2.02E+12,1,3,0,7,0,3,0,0,0,0,1,1,6,1,26,6,124,1,24,2,1,2
2.02E+12,1,21,0,4,0,1,1,0,0,0,1,1,1,1,63,9,12580,2,13,6,2,6
2.02E+12,2,9,0,3,0,1,0,0,0,0,2,1,6,1,71,10,1994,2,9,10,2,10
2.02E+12,3,9,0,3,0,1,0,0,0,0,2,1,6,1,65,9,2967,1,14,8,1,8
2.02E+12,1,9,0,9,0,6,0,0,1,1,3,1,6,1,44,7,2987,2,4,5,1,5
2.02E+12,2,9,0,18,0,8,0,0,0,0,1,1,2,1,22,5,1995,1,13,2,1,2
2.02E+12,1,9,0,18,0,6,0,0,7,0,4,1,1,2,54,8,1108,1,8,9,2,9
2.02E+12,2,9,0,18,0,8,0,0,1,0,1,1,1,1,64,9,1910,2,8,3,1,3
2.02E+12,1,9,0,5,0,4,0,0,0,0,1,1,6,1,62,9,1461,2,5,8,1,8
2.02E+12,1,4,0,4,0,1,1,0,0,0,3,1,6,2,20,4,125,1,2,10,1,10
2.02E+12,1,9,0,18,0,1,0,0,0,0,1,1,1,1,37,7,999,1,4,2,1,2
2.02E+12,2,9,0,7,0,5,0,0,0,0,4,1,6,1,48,8,1968,2,6,9,3,9
2.02E+12,1,9,0,9,0,6,0,0,0,0,3,1,2,1,54,8,1197,1,2,9,2,9
2.02E+12,2,9,0,18,0,8,0,0,0,0,1,1,2,1,29,6,1598,2,3,5,2,5
2.02E+12,2,9,0,7,0,3,0,0,0,0,4,1,6,2,24,5,2996,2,6,4,1,4
2.02E+12,1,9,0,18,0,1,0,0,0,0,3,1,6,1,56,9,1390,1,10,3,1,3
2.02E+12,1,9,0,5,0,6,0,0,1,7,3,1,6,2,80,11,1242,1,13,9,3,9
2.02E+12,2,9,0,18,0,8,0,0,0,0,1,1,6,2,28,6,1461,2,1,3,1,3
2.02E+12,1,9,0,9,0,5,0,0,0,0,3,1,2,2,49,8,1984,1,2,6,3,6
2.02E+12,1,9,0,18,0,8,5,9,3,10,1,1,6,1,33,6,2480,1,1,9,3,9
2.02E+12,1,9,0,18,0,2,0,0,0,0,1,1,6,2,19,4,1397,1,10,6,1,6
2.02E+12,2,9,0,6,0,2,0,0,0,0,2,1,6,2,17,4,999,1,4,6,2,6
2.02E+12,1,9,0,18,0,1,0,0,0,0,1,1,3,2,35,6,1248,2,9,8,1,8
2.02E+12,1,9,0,3,0,8,0,0,0,0,2,1,6,2,30,6,1988,1,15,3,1,3
2.02E+12,2,9,0,4,0,8,0,0,0,0,2,1,6,2,41,7,1299,1,9,8,3,8
2.02E+12,3,9,0,18,0,8,0,0,0,0,1,1,6,2,23,5,1461,2,2,2,1,2
2.02E+12,1,9,0,17,0,2,0,0,2,10,4,1,2,2,24,5,1149,1,12,3,1,3
2.02E+12,1,9,0,10,0,1,0,0,0,0,2,1,2,2,40,7,1598,1,9,8,1,8
2.02E+12,2,9,0,18,0,1,0,0,0,0,1,1,6,2,63,9,1753,2,10,8,1,8
2.02E+12,1,9,0,18,0,8,0,0,0,0,3,1,6,2,53,8,1364,2,8,8,3,8
2.02E+12,2,9,0,14,0,8,0,0,0,0,1,1,1,1,22,5,1796,1,1,2,1,2
2.02E+12,1,9,0,9,0,5,0,0,0,0,4,1,6,1,46,8,1590,1,13,8,1,8
2.02E+12,1,9,0,18,0,8,1,10,1,0,1,1,6,2,40,7,1753,2,14,7,2,7
2.02E+12,2,9,0,9,0,5,0,0,0,0,1,1,6,2,81,11,1560,2,11,6,3,6
2.02E+12,2,9,0,9,0,6,0,0,0,0,3,1,6,1,43,7,993,1,15,4,1,4
2.02E+12,1,9,0,1,0,1,0,0,7,11,3,1,6,1,80,11,1598,1,11,6,3,6
2.02E+12,2,9,0,2,9,1,0,0,0,0,2,1,6,2,26,6,1560,2,6,6,3,6
2.02E+12,1,9,0,18,0,4,0,0,1,0,1,1,6,1,38,7,1598,1,10,5,1,5
2.02E+12,2,19,0,18,0,8,5,0,0,0,4,1,6,2,22,5,1248,2,2,8,3,8
2.02E+12,1,9,0,18,0,8,0,0,0,0,1,1,6,2,22,5,1248,2,3,6,1,6
2.02E+12,2,9,0,9,0,4,0,0,0,0,4,1,1,2,62,9,998,1,6,9,2,9
2.02E+12,1,9,0,17,0,2,2,0,1,11,1,1,6,2,76,11,1587,1,10,6,1,6
2.02E+12,1,9,0,17,0,2,5,0,1,11,1,1,6,1,25,5,1360,1,13,6,3,6
2.02E+12,1,9,0,17,0,8,0,0,0,0,4,1,6,2,22,5,1198,1,5,6,3,6
2.02E+12,2,9,0,5,0,6,0,0,0,0,1,1,1,2,35,6,1398,1,4,9,1,9
2.02E+12,1,9,0,18,0,8,0,0,0,0,3,1,6,2,21,5,898,1,1,1,1,1
2.02E+12,1,9,0,9,0,2,0,4,0,0,4,1,6,1,25,5,2099,1,14,4,1,4
2.02E+12,2,9,0,2,0,2,0,0,0,0,3,1,6,2,56,9,1360,1,15,3,1,3
2.02E+12,3,9,0,2,0,2,0,0,0,0,3,1,6,1,42,7,1968,2,3,3,1,3
2.02E+12,1,5,0,18,0,8,1,0,0,0,3,1,6,1,52,8,782,1,1,8,1,8
2.02E+12,1,19,0,9,0,5,0,0,7,1,4,1,1,1,21,5,2298,2,3,2,1,2
2.02E+12,2,9,0,18,0,8,0,0,1,11,1,1,6,2,30,6,1798,1,10,2,1,2
2.02E+12,1,9,0,10,0,1,0,0,0,0,2,1,6,2,42,7,1984,1,10,7,2,7
2.02E+12,1,9,0,9,0,4,0,0,0,0,3,1,1,2,47,8,1910,2,11,2,1,2
2.02E+12,2,9,0,18,0,8,0,0,0,0,1,1,2,1,29,6,1995,1,9,9,1,9
2.02E+12,1,9,0,18,0,6,0,0,3,2,1,1,6,1,80,11,1796,1,10,5,1,5
2.02E+12,2,3,0,9,0,4,0,0,0,0,1,1,6,1,71,10,124,1,9,8,1,8
2.02E+12,1,9,0,5,0,1,0,0,0,0,1,1,1,1,47,8,1587,1,10,8,1,8
2.02E+12,2,9,0,3,0,1,0,0,0,0,2,1,1,2,21,5,1598,1,15,8,1,8
2.02E+12,1,9,0,7,0,5,0,0,0,0,1,1,6,1,34,6,1896,2,9,1,1,1
2.02E+12,1,8,0,10,0,1,0,0,0,0,4,1,1,1,66,10,2402,2,14,2,1,2
2.02E+12,1,21,0,18,0,1,0,0,0,0,1,1,1,1,64,9,12740,2,4,10,2,10
2.02E+12,2,9,0,10,0,1,0,0,0,0,2,1,6,2,53,8,1995,2,13,4,2,4
2.02E+12,1,9,0,4,0,1,0,0,0,0,1,1,2,1,42,7,1968,2,10,5,1,5
2.02E+12,2,9,0,4,0,1,0,0,0,0,2,1,6,1,33,6,1781,1,16,5,1,5
2.02E+12,1,9,0,18,0,8,0,0,0,0,1,1,2,1,31,6,1984,1,7,3,1,3
2.02E+12,1,9,0,18,0,1,0,0,0,0,1,1,2,1,37,7,1997,2,11,2,1,2
2.02E+12,2,9,0,7,0,6,0,0,0,0,1,1,6,2,32,6,2979,1,14,9,3,9
2.02E+12,1,3,0,4,0,1,0,0,0,0,4,1,6,1,59,9,249,1,3,7,3,7
2.02E+12,1,9,0,9,0,5,0,0,0,0,4,1,6,1,45,7,998,1,14,6,1,6
2.02E+12,2,4,0,17,0,8,1,0,0,0,1,1,6,1,56,9,999,1,1,10,2,10
2.02E+12,3,9,0,16,0,1,0,0,0,0,1,1,6,1,56,9,1598,1,9,9,1,9
2.02E+12,1,9,0,18,0,4,0,0,0,0,3,1,1,2,51,8,1598,1,7,8,1,8
2.02E+12,1,9,0,18,0,1,2,0,7,1,1,1,6,1,23,5,1560,2,8,2,1,2
2.02E+12,1,9,0,9,0,8,0,0,0,0,1,1,2,1,26,6,998,1,16,1,1,1
2.02E+12,1,5,0,14,0,8,0,0,0,0,1,1,6,1,57,9,891,1,28,10,1,10
2.02E+12,2,9,0,9,0,6,0,0,0,0,3,1,6,1,79,11,1686,2,3,8,1,8
2.02E+12,1,9,0,18,0,8,0,0,7,0,1,1,6,2,78,11,1598,1,7,8,3,8
2.02E+12,2,9,0,18,0,8,0,0,1,0,1,1,6,1,56,9,1388,1,10,2,1,2
2.02E+12,1,9,0,18,0,4,0,0,0,0,3,1,6,1,36,7,3189,1,11,4,1,4
2.02E+12,2,90,0,18,0,8,0,0,0,0,4,1,6,1,32,6,448,1,6,9,1,9
2.02E+12,1,9,0,9,0,6,0,0,0,0,3,1,6,1,96,11,1995,1,7,8,1,8
2.02E+12,2,5,0,18,0,1,0,0,0,0,1,1,6,1,30,6,599,1,19,9,1,9