Accident_Index,Vehicle_Reference,Vehicle_Type,Towing_and_Articulation,Vehicle_Manoeuvre,Vehicle_Location-Restricted_Lane,Junction_Location,Skidding_and_Overturning,Hit_Object_in_Carriageway,Vehicle_Leaving_Carriageway,Hit_Object_off_Carriageway,1st_Point_of_Impact,Was_Vehicle_Left_Hand_Drive?,Journey_Purpose_of_Driver,Sex_of_Driver,Age_of_Driver,Age_Band_of_Driver,Engine_Capacity_(CC),Propulsion_Code,Age_of_Vehicle,Driver_IMD_Decile,Driver_Home_Area_Type,Vehicle_IMD_Decile
2.02E+12,2,3,0,18,0,8,0,0,0,0,1,1,1,1,22,5,108,1,1,8,1,8
2.02E+12,2,9,0,18,0,8,0,0,0,0,3,1,6,2,69,10,2179,2,2,7,3,7
2.02E+12,1,9,0,5,0,8,0,0,0,0,1,1,6,1,49,8,1388,1,14,10,1,10
2.02E+12,1,3,0,18,0,8,0,0,0,0,4,1,2,1,28,6,125,1,2,6,1,6
2.02E+12,1,9,0,18,0,1,2,0,0,0,1,1,1,1,45,7,2143,2,1,9,1,9
2.02E+12,2,9,0,18,0,1,2,0,1,4,2,1,6,2,17,4,1248,1,5,7,1,7
2.02E+12,1,9,0,17,0,8,0,10,1,11,1,1,1,1,22,5,1781,1,18,7,1,7
2.02E+12,1,9,0,17,0,2,1,0,0,0,1,1,6,1,37,7,1598,1,16,8,1,8
2.02E+12,2,9,0,18,0,1,0,0,0,0,1,1,6,2,56,9,1388,1,15,3,1,3
2.02E+12,1,9,0,9,0,6,0,0,0,0,3,1,6,2,25,5,1895,1,17,9,1,9
2.02E+12,2,9,0,18,0,8,0,0,1,0,1,1,1,1,42,7,1598,1,4,10,1,10
2.02E+12,1,9,0,5,0,6,0,0,0,0,3,1,1,1,35,6,1499,2,1,10,2,10
2.02E+12,2,3,0,18,0,8,1,0,0,0,1,1,2,1,21,5,125,1,1,8,2,8
2.02E+12,2,5,0,18,0,8,0,0,0,0,1,1,6,1,51,8,1299,1,10,9,1,9
2.02E+12,1,9,0,4,0,6,1,0,0,0,1,1,2,1,35,6,1598,1,14,6,3,6
2.02E+12,2,9,0,17,0,8,0,0,1,11,4,1,2,1,29,6,1206,1,7,6,3,6
2.02E+12,2,9,0,18,0,8,2,0,1,4,1,1,6,1,81,11,1995,2,4,8,3,8
2.02E+12,1,9,0,18,0,2,0,0,0,0,1,1,1,1,39,7,1242,1,11,4,1,4
2.02E+12,1,9,0,9,0,3,0,0,0,0,3,1,6,1,37,7,1598,1,10,6,3,6
2.02E+12,1,9,0,18,0,4,1,0,0,0,1,1,2,2,49,8,1197,1,2,8,1,8
2.02E+12,1,9,0,18,0,1,0,0,0,0,1,1,6,2,35,6,1799,1,10,8,1,8
2.02E+12,2,9,0,3,0,1,0,0,0,0,2,1,6,1,20,4,1395,1,1,6,1,6
2.02E+12,1,19,0,14,0,1,0,0,7,0,4,1,6,1,32,6,2402,2,8,7,2,7
2.02E+12,2,9,0,18,0,2,0,0,1,0,1,1,6,1,74,10,1200,1,2,7,3,7
2.02E+12,3,9,0,3,0,1,0,0,0,0,3,1,6,2,51,8,4806,1,8,8,3,8
2.02E+12,1,8,0,9,0,3,1,0,0,0,1,1,1,1,56,9,1997,2,2,2,1,2
2.02E+12,1,9,0,18,0,6,1,0,0,0,1,1,6,2,46,8,998,1,3,10,1,10
2.02E+12,1,9,0,9,0,6,0,0,0,0,3,1,2,1,45,7,1985,1,18,2,1,2
2.02E+12,2,9,0,18,0,8,0,0,0,0,1,1,2,1,40,7,1995,2,12,9,1,9
2.02E+12,1,9,0,3,0,1,0,0,0,0,2,1,6,2,48,8,1968,2,9,8,3,8
2.02E+12,2,9,0,4,0,1,0,0,0,0,1,1,1,1,50,8,1560,2,3,8,1,8
2.02E+12,3,9,0,4,0,1,0,0,0,0,1,1,6,2,40,7,1388,1,15,9,1,9
2.02E+12,1,11,0,18,0,1,0,4,0,0,1,1,1,1,42,7,4461,2,4,8,1,8
2.02E+12,1,9,0,9,0,6,0,0,0,0,3,1,6,1,90,11,1596,1,4,6,3,6
2.02E+12,2,9,0,18,0,8,0,0,0,0,1,1,6,2,38,7,1400,1,12,7,3,7
2.02E+12,1,9,0,18,0,4,0,0,0,0,1,1,1,1,45,7,1686,2,5,4,1,4
2.02E+12,1,9,0,9,0,5,0,0,0,0,4,1,2,2,52,8,1242,1,3,8,1,8
2.02E+12,2,9,0,18,0,8,0,0,1,1,1,1,6,2,22,5,1339,1,11,8,2,8
2.02E+12,2,9,0,18,0,8,0,0,0,0,1,1,6,2,73,10,1390,1,13,9,2,9
2.02E+12,1,9,0,9,0,6,0,0,0,0,3,1,6,2,81,11,1242,1,8,6,1,6
2.02E+12,2,9,0,18,0,8,0,0,0,0,1,1,6,2,77,11,1461,2,1,5,3,5
2.02E+12,2,9,0,10,0,1,0,0,0,0,2,1,6,2,35,6,1598,2,5,6,1,6
2.02E+12,1,5,0,7,0,5,0,0,0,0,4,1,6,1,48,8,1584,1,8,8,1,8
2.02E+12,1,9,0,18,0,1,0,0,0,0,1,1,6,1,40,7,1999,1,11,8,2,8
2.02E+12,2,9,0,10,0,1,0,0,0,0,2,1,6,2,50,8,1240,1,11,7,1,7
2.02E+12,1,9,0,9,0,8,0,0,0,0,3,1,6,2,32,6,1590,1,15,8,1,8
2.02E+12,2,21,1,9,0,8,0,0,0,0,4,1,1,1,49,8,11967,2,7,5,1,5
2.02E+12,1,9,0,16,0,3,0,0,0,0,3,1,1,2,23,5,1560,2,3,3,1,3
2.02E+12,2,21,1,16,0,3,0,0,0,0,4,1,1,1,30,6,12900,2,6,5,1,5
2.02E+12,1,9,0,13,0,8,1,0,7,2,4,1,1,1,35,6,1990,1,17,4,1,4
2.02E+12,2,21,0,14,0,8,0,0,0,0,3,1,1,1,46,8,2998,2,5,8,1,8
2.02E+12,1,9,0,9,0,5,0,0,1,0,1,1,6,2,23,5,1198,1,14,2,1,2
2.02E+12,2,9,0,18,0,8,0,0,1,0,1,1,6,2,75,10,1242,1,6,4,1,4
2.02E+12,1,9,0,18,0,4,0,0,0,0,1,1,6,2,80,11,1198,1,1,9,1,9
2.02E+12,1,2,0,18,0,8,0,0,0,0,1,1,6,1,16,4,49,1,13,4,1,4
2.02E+12,2,9,0,18,0,8,0,0,0,0,1,1,2,2,21,5,998,1,4,5,1,5
2.02E+12,1,9,0,18,0,2,0,0,0,0,1,1,6,1,30,6,1598,1,7,2,1,2
2.02E+12,1,2,0,18,0,2,0,0,0,0,1,1,6,1,16,4,49,1,10,7,3,7
2.02E+12,1,19,0,4,0,1,0,0,0,0,1,1,6,1,33,6,2143,2,6,6,1,6
2.02E+12,2,9,0,4,0,1,0,0,0,0,2,1,6,2,57,9,1598,1,8,6,2,6
2.02E+12,3,9,0,4,0,1,0,0,0,0,2,1,6,1,49,8,2143,2,2,9,1,9
2.02E+12,2,9,0,9,0,8,0,0,0,0,1,1,6,1,55,8,2143,2,8,7,1,7
2.02E+12,2,9,0,18,0,8,0,0,0,0,4,1,6,1,54,8,1560,2,8,6,2,6
2.02E+12,1,9,0,5,0,6,0,0,0,0,4,1,6,2,71,10,1997,1,13,5,1,5
2.02E+12,2,3,0,18,0,8,0,0,0,0,1,1,6,2,23,5,124,1,8,5,1,5
2.02E+12,1,9,0,17,0,2,5,0,2,10,4,1,6,1,23,5,1596,1,11,8,1,8
2.02E+12,1,9,0,9,0,8,1,0,3,11,1,1,6,1,30,6,1598,1,18,7,1,7
2.02E+12,2,9,0,2,0,2,0,0,0,0,1,1,6,1,50,8,1985,1,20,8,1,8
2.02E+12,1,9,0,9,0,8,0,0,0,0,3,1,2,2,55,8,1560,2,10,10,3,10
2.02E+12,2,9,0,13,0,8,5,0,7,10,4,1,2,1,47,8,1910,2,8,6,1,6
2.02E+12,2,9,0,18,0,8,0,0,1,10,4,1,6,2,45,7,1360,1,5,8,1,8
2.02E+12,1,21,0,18,0,1,0,0,0,0,1,1,1,1,64,9,4580,2,19,5,3,5
2.02E+12,1,9,0,18,0,8,1,0,0,0,3,1,6,1,18,4,1242,1,5,7,2,7
2.02E+12,2,9,0,18,0,8,1,0,7,0,1,1,6,1,22,5,1149,1,9,5,1,5
2.02E+12,1,9,0,18,0,3,0,0,0,0,1,1,2,2,27,6,1598,1,3,8,1,8
2.02E+12,2,9,0,4,0,3,0,0,0,0,2,1,2,2,41,7,1499,1,2,7,3,7
2.02E+12,1,9,0,16,0,3,0,9,4,1,4,1,2,1,20,4,1997,1,15,5,1,5
2.02E+12,1,9,0,3,0,2,0,0,0,0,2,1,6,2,21,5,1896,2,13,6,3,6
2.02E+12,3,9,0,18,0,2,0,0,0,0,1,1,6,1,80,11,1197,1,7,3,1,3
2.02E+12,2,9,0,18,0,4,0,0,0,0,1,1,6,1,35,6,1390,1,15,1,1,1
2.02E+12,1,9,0,4,0,1,1,0,0,0,1,1,2,2,21,5,2495,2,21,6,2,6
2.02E+12,2,9,0,10,0,1,0,0,0,0,2,1,6,1,52,8,1997,2,10,6,1,6
2.02E+12,1,19,0,4,0,1,0,0,0,0,1,1,6,1,20,4,1686,2,14,3,1,3
2.02E+12,2,9,0,10,0,1,0,0,0,0,2,1,6,1,63,9,1968,2,2,9,3,9
2.02E+12,1,9,0,18,0,8,2,0,7,0,4,1,6,1,25,5,1598,1,14,8,1,8
2.02E+12,2,8,0,18,0,8,1,0,0,0,1,1,1,1,52,8,1956,2,5,2,1,2
2.02E+12,2,9,0,3,0,1,0,0,0,0,2,1,6,2,57,9,1332,1,5,8,3,8
2.02E+12,1,2,0,18,0,1,0,11,0,0,1,1,6,2,22,5,645,1,12,9,1,9
2.02E+12,1,9,0,9,0,5,0,0,7,0,4,1,2,1,23,5,1242,1,10,9,3,9
2.02E+12,2,9,0,18,0,8,2,0,7,0,1,1,2,1,39,7,3050,2,24,6,1,6
2.02E+12,3,9,0,18,0,1,0,0,0,0,4,1,2,1,55,8,1997,1,13,10,1,10
2.02E+12,1,9,0,9,0,5,0,0,0,0,4,1,2,1,23,5,1995,2,14,4,1,4
2.02E+12,2,9,0,18,0,8,5,0,0,0,1,1,2,1,53,8,2967,1,16,8,1,8
2.02E+12,3,9,0,18,0,1,0,0,0,0,1,1,2,2,55,8,1896,2,13,6,3,6
2.02E+12,1,9,0,18,0,3,0,0,0,0,4,1,2,2,25,5,1360,1,14,8,1,8
2.02E+12,2,3,0,18,0,8,0,0,0,0,3,1,2,1,18,4,125,1,3,1,1,1
2.02E+12,1,9,0,9,0,6,0,0,0,0,4,1,6,1,60,9,1390,1,11,9,3,9
2.02E+12,2,11,0,18,0,8,0,0,0,0,3,1,1,1,47,8,6696,2,4,5,2,5
2.02E+12,1,8,0,3,0,1,0,0,0,0,2,1,1,1,49,8,1598,2,5,4,1,4
2.02E+12,2,9,0,4,0,1,1,0,1,0,1,1,2,1,17,4,1328,1,12,8,1,8
2.02E+12,1,3,0,13,0,8,0,0,0,0,1,1,6,1,18,4,124,1,4,4,2,4
2.02E+12,2,9,0,9,0,5,0,0,0,0,3,1,6,1,66,10,1998,2,13,9,2,9
2.02E+12,1,9,0,5,0,6,0,0,0,0,1,1,6,2,53,8,1198,1,3,10,1,10
2.02E+12,2,21,0,18,0,8,0,0,0,0,1,1,1,1,59,9,12000,2,11,8,3,8
2.02E+12,2,9,0,3,0,1,0,0,0,0,0,1,6,2,34,6,1398,1,5,9,2,9
2.02E+12,3,9,0,9,0,5,0,0,7,7,3,1,6,2,48,8,2143,2,2,10,1,10
2.02E+12,1,9,0,16,0,2,0,0,7,9,1,1,6,1,28,6,1968,2,5,4,1,4
2.02E+12,2,9,0,17,0,1,0,0,0,0,4,1,6,1,22,5,1229,1,11,7,1,7
2.02E+12,1,9,0,18,0,8,0,0,0,0,1,1,6,1,43,7,1956,2,4,6,1,6
2.02E+12,1,9,0,9,0,6,0,0,0,0,3,1,6,1,61,9,1390,1,15,1,1,1
2.02E+12,2,9,0,18,0,8,0,0,0,0,1,1,6,1,28,6,1999,1,13,9,2,9
2.02E+12,1,9,0,9,0,8,0,0,0,0,1,1,6,2,53,8,1956,2,3,9,1,9
2.02E+12,2,9,0,18,0,8,5,0,1,0,3,1,6,1,60,9,996,1,2,9,2,9
2.02E+12,1,3,0,17,0,5,0,10,0,0,1,1,6,1,65,9,175,1,57,8,1,8
2.02E+12,1,9,0,9,0,8,0,0,0,0,1,1,2,2,22,5,1242,1,1,2,1,2
2.02E+12,2,9,0,18,0,4,0,0,0,0,1,1,6,1,48,8,1199,2,6,4,2,4
2.02E+12,1,9,0,3,0,1,0,0,3,0,2,1,6,2,33,6,1598,1,11,10,1,10
2.02E+12,2,19,0,18,0,1,0,0,0,0,1,1,1,1,22,5,2143,2,5,9,1,9
2.02E+12,1,9,0,18,0,8,0,0,0,0,3,1,6,2,24,5,1968,2,3,9,1,9
2.02E+12,2,9,0,18,0,8,0,0,0,0,4,1,6,1,71,10,1390,1,14,5,1,5
2.02E+12,2,9,0,18,0,8,0,0,0,0,1,1,6,2,42,7,1998,1,11,8,3,8
2.02E+12,1,9,0,13,0,8,0,0,0,0,1,1,6,1,51,8,2982,2,7,4,1,4
2.02E+12,2,9,0,9,0,5,1,0,7,1,3,1,6,2,47,8,1395,1,4,9,2,9
2.02E+12,1,9,0,18,0,8,2,0,0,0,4,1,6,2,21,5,1229,1,8,9,3,9
2.02E+12,2,9,0,9,0,6,0,0,0,0,1,1,2,1,58,9,2777,2,8,8,3,8
2.02E+12,3,19,0,10,0,1,0,0,0,0,4,1,2,1,23,5,1248,2,2,9,1,9
2.02E+12,1,8,0,18,0,4,0,0,0,0,1,1,1,1,60,9,1997,2,5,1,1,1
2.02E+12,1,9,0,3,0,1,0,0,0,0,2,1,6,1,48,8,1598,2,3,5,3,5
2.02E+12,1,9,0,18,0,1,1,0,0,0,1,1,2,2,23,5,998,1,4,3,1,3
2.02E+12,2,19,0,3,0,1,0,0,0,0,2,1,1,1,31,6,1997,2,6,3,1,3
2.02E+12,1,5,0,7,0,8,0,0,7,1,3,1,2,1,38,7,998,1,16,8,1,8
2.02E+12,2,9,0,9,0,8,0,0,0,0,3,1,6,2,35,6,1796,1,9,2,1,2
2.02E+12,1,9,0,18,0,7,0,0,2,10,4,1,6,2,21,5,1198,1,13,10,2,10
2.02E+12,1,9,0,17,0,1,0,0,0,0,3,1,6,1,32,6,2000,2,7,9,1,9
2.02E+12,2,4,0,13,0,1,0,0,0,0,4,1,6,1,41,7,278,1,1,6,3,6
2.02E+12,1,9,0,18,0,1,0,0,0,0,1,1,6,1,18,4,1388,1,11,7,1,7
2.02E+12,2,9,0,3,0,1,0,0,0,0,2,1,6,2,31,6,998,1,3,5,1,5
2.02E+12,3,9,0,10,0,1,0,0,0,0,2,1,6,1,53,8,1753,2,10,1,1,1
2.02E+12,1,21,1,16,0,3,5,0,0,0,3,1,1,1,58,9,11967,2,3,7,3,7
2.02E+12,1,9,0,18,0,8,0,0,0,0,1,1,6,1,29,6,1242,1,13,2,1,2
2.02E+12,2,9,0,18,0,8,5,0,1,0,4,1,6,1,70,10,1968,2,2,10,1,10
2.02E+12,1,9,0,17,0,8,0,0,0,0,1,1,6,1,54,8,1896,2,15,4,1,4
2.02E+12,2,9,0,9,0,6,0,0,0,0,3,1,6,2,18,4,1299,1,14,8,1,8
2.02E+12,1,3,0,18,0,3,1,0,0,0,4,1,6,2,17,4,115,1,1,5,1,5
2.02E+12,2,5,0,18,0,8,0,0,0,0,1,1,1,1,53,8,1050,1,8,9,1,9
2.02E+12,1,9,0,17,0,2,2,0,1,4,1,1,3,2,29,6,1910,2,10,2,1,2
2.02E+12,2,9,0,17,0,1,0,0,0,0,1,1,2,2,29,6,1149,1,5,4,1,4
2.02E+12,1,3,0,18,0,1,1,0,1,0,4,1,2,1,24,5,124,1,10,8,1,8
2.02E+12,1,9,0,9,0,6,0,0,0,0,1,1,2,2,27,6,1388,1,7,9,2,9
2.02E+12,2,9,0,18,0,8,0,0,0,0,1,1,2,1,29,6,1195,1,20,4,3,4
2.02E+12,1,9,0,16,0,8,0,0,0,0,1,1,6,1,41,7,2979,1,10,5,1,5
2.02E+12,2,9,0,17,0,8,0,0,0,0,3,1,1,1,63,9,1598,2,1,8,2,8
2.02E+12,1,9,0,18,0,1,0,0,0,0,1,1,6,2,37,7,1997,2,6,6,1,6
2.02E+12,1,9,0,9,0,6,0,0,0,0,1,1,6,1,79,11,1596,1,5,9,3,9
2.02E+12,2,9,0,18,0,8,0,0,0,0,4,1,6,2,24,5,1598,1,7,9,3,9
2.02E+12,1,9,0,18,0,8,2,0,7,1,1,1,6,1,18,4,1364,1,9,9,3,9
2.02E+12,1,19,0,9,0,6,0,0,0,0,1,1,6,1,34,6,1391,1,17,4,1,4
2.02E+12,2,8,0,18,0,8,0,0,0,0,4,1,1,1,37,7,1995,2,6,7,1,7
2.02E+12,1,9,0,18,0,2,0,0,0,0,1,1,6,2,49,8,1461,2,2,6,3,6
2.02E+12,1,9,0,4,0,4,0,0,0,0,2,1,6,2,54,8,1398,1,6,8,1,8
2.02E+12,2,9,0,5,0,4,0,0,0,0,1,1,6,2,24,5,1388,1,16,1,1,1
2.02E+12,1,8,0,9,0,6,0,0,0,0,3,1,1,1,35,6,1956,2,4,1,1,1
2.02E+12,1,9,0,9,0,8,1,0,0,0,1,1,6,2,27,6,1598,1,11,1,1,1
2.02E+12,1,5,0,18,0,8,1,0,0,0,1,1,6,1,27,6,599,1,22,8,1,8
2.02E+12,2,9,0,9,0,5,0,0,0,0,3,1,3,2,29,6,1686,2,3,8,3,8
2.02E+12,1,9,0,18,0,1,0,0,0,0,1,1,2,1,42,7,1968,2,10,8,1,8
2.02E+12,2,5,0,3,0,1,0,0,0,0,2,1,2,1,27,6,1202,1,1,4,1,4
2.02E+12,1,9,0,18,0,8,0,0,1,0,3,1,6,2,60,9,1242,1,7,3,1,3
2.02E+12,2,9,0,7,0,3,0,0,0,0,4,1,6,1,41,7,1596,1,9,9,1,9
2.02E+12,2,9,0,4,0,1,0,0,0,0,2,1,6,2,53,8,1229,1,2,8,1,8
2.02E+12,1,11,0,18,0,1,0,0,0,0,1,1,1,1,57,9,6700,2,6,5,1,5
2.02E+12,2,9,0,10,0,1,0,0,0,0,2,1,6,2,56,9,1124,1,12,1,1,1
2.02E+12,2,9,0,17,0,8,0,0,0,0,1,1,2,1,49,8,2184,2,13,8,2,8
2.02E+12,1,3,0,16,0,8,0,10,0,0,4,1,6,1,20,4,124,1,2,8,3,8
2.02E+12,1,21,0,4,0,4,0,0,0,0,3,1,1,1,62,9,6870,2,8,7,2,7
2.02E+12,1,9,0,18,0,1,0,0,0,0,0,1,6,1,51,8,1999,1,17,8,1,8
2.02E+12,2,3,0,18,0,1,1,0,0,0,3,1,6,1,24,5,125,1,12,2,1,2
2.02E+12,1,19,0,18,0,8,5,0,1,0,1,1,2,1,22,5,1997,2,2,6,3,6
2.02E+12,2,9,0,6,0,8,0,0,0,0,3,1,2,2,30,6,1398,2,11,9,3,9
2.02E+12,1,9,0,17,0,2,0,0,1,10,1,1,2,2,26,6,1299,1,15,9,1,9
2.02E+12,1,9,0,7,9,6,0,0,0,0,1,1,6,2,55,8,1198,1,14,6,1,6
2.02E+12,1,9,0,4,0,8,0,0,0,0,1,1,6,1,28,6,1781,1,15,2,1,2
2.02E+12,2,9,0,3,0,8,0,8,0,0,4,1,6,1,26,6,1896,2,17,8,1,8
2.02E+12,1,8,0,5,0,1,0,0,0,0,1,1,1,1,37,7,1753,2,8,3,1,3
2.02E+12,2,9,0,3,0,1,0,0,0,0,2,1,6,1,64,9,2204,2,9,5,1,5
2.02E+12,1,9,0,3,0,1,0,0,0,0,2,1,6,2,20,4,1242,1,4,10,1,10
2.02E+12,2,9,0,18,0,1,0,0,0,0,1,1,6,1,61,9,2926,2,13,4,1,4
2.02E+12,1,9,0,1,0,2,0,0,0,0,2,1,6,1,39,7,1956,2,6,4,1,4
2.02E+12,1,9,0,9,0,2,0,0,0,0,1,1,2,1,31,6,1560,2,3,8,1,8
2.02E+12,2,9,0,18,0,1,0,0,0,0,1,1,3,2,41,7,1461,2,12,7,1,7
2.02E+12,1,9,0,9,0,6,0,0,0,0,1,1,6,2,43,7,2184,2,10,6,3,6
2.02E+12,2,9,0,18,0,8,1,0,0,0,1,1,6,1,39,7,998,1,4,8,1,8
2.02E+12,2,9,0,9,0,8,0,0,0,0,4,1,6,2,21,5,1124,1,14,5,1,5
2.02E+12,3,19,0,7,0,2,0,0,0,0,0,1,2,1,48,8,2198,2,5,8,1,8
2.02E+12,1,9,0,18,0,2,0,0,1,11,4,1,6,2,87,11,1390,1,8,7,3,7
2.02E+12,1,9,0,18,0,6,1,0,0,0,4,1,6,1,19,4,1596,1,11,7,2,7
2.02E+12,2,9,0,18,0,8,1,0,0,0,1,1,6,1,20,4,1587,1,14,7,2,7
2.02E+12,2,9,0,3,0,1,0,0,0,0,3,1,1,2,47,8,1997,2,8,8,1,8
2.02E+12,1,9,0,18,0,4,0,0,0,0,1,1,6,2,25,5,1995,2,11,8,1,8
2.02E+12,2,19,0,9,0,8,0,0,0,0,4,1,1,1,33,6,1461,2,2,6,1,6
2.02E+12,2,9,0,18,0,1,0,0,0,0,1,1,6,1,26,6,1560,2,2,7,3,7
2.02E+12,1,9,0,18,0,2,0,0,0,0,2,1,6,2,86,11,1329,1,4,10,1,10
2.02E+12,2,9,0,18,0,2,0,0,0,0,1,1,6,1,20,4,1388,1,14,6,2,6
2.02E+12,1,9,0,18,0,1,0,0,0,0,3,1,6,1,37,7,1597,2,2,3,1,3
2.02E+12,1,21,0,18,0,1,1,0,0,0,1,1,1,1,36,7,12740,2,4,9,3,9
2.02E+12,1,9,0,18,0,4,0,0,0,0,1,1,6,2,82,11,1198,1,5,7,1,7
2.02E+12,1,9,0,9,0,1,0,0,0,0,3,1,6,1,36,7,1598,1,3,9,3,9
2.02E+12,1,9,0,9,0,8,0,0,0,0,1,1,6,2,30,6,1596,1,9,1,1,1
2.02E+12,1,9,0,18,0,2,0,0,0,0,1,1,6,2,62,9,1896,2,11,9,1,9
2.02E+12,1,9,0,5,0,1,0,0,0,0,1,1,6,1,19,4,1229,1,3,4,1,4
2.02E+12,1,9,0,9,0,6,0,0,0,0,1,1,6,2,48,8,1598,1,2,9,3,9
2.02E+12,1,9,0,9,0,5,0,0,0,0,4,1,2,1,71,10,2143,2,5,5,1,5
2.02E+12,1,9,0,17,0,1,1,0,1,0,1,1,2,2,34,6,998,1,14,9,1,9
2.02E+12,2,9,0,18,0,2,0,0,1,0,3,1,2,1,60,9,1598,1,16,7,1,7
2.02E+12,1,9,0,5,0,6,0,0,0,0,2,1,1,2,58,9,1198,1,12,9,1,9
2.02E+12,2,9,0,18,0,8,0,0,0,0,1,1,1,1,56,9,2993,2,3,10,1,10
2.02E+12,1,9,0,18,0,1,0,0,0,0,3,1,6,1,77,11,1560,2,1,2,1,2
2.02E+12,1,9,0,5,0,4,0,0,0,0,3,1,2,1,37,7,1995,2,3,9,1,9
2.02E+12,2,9,0,9,0,8,0,0,0,0,1,1,6,2,65,9,1798,1,9,7,2,7
2.02E+12,1,9,0,18,0,6,0,10,7,0,1,1,6,1,68,10,1364,1,2,7,1,7
2.02E+12,2,9,0,18,0,8,1,10,1,4,3,1,6,1,30,6,2204,2,12,4,1,4
2.02E+12,2,9,0,18,0,1,0,0,0,0,2,1,6,2,63,9,1586,1,1,9,1,9
2.02E+12,3,9,0,18,0,1,0,0,0,0,2,1,6,1,65,9,1995,2,6,9,1,9
2.02E+12,1,8,0,7,0,6,0,0,0,0,1,1,1,1,45,7,1997,2,5,4,1,4
2.02E+12,1,9,0,9,0,1,0,0,0,0,1,1,6,2,32,6,1587,1,10,10,2,10
2.02E+12,2,9,0,18,0,1,0,0,0,0,1,1,6,2,38,7,998,1,5,6,3,6
2.02E+12,1,9,0,5,0,4,0,0,0,0,1,1,6,2,72,10,1364,1,7,6,1,6
2.02E+12,2,9,0,5,0,4,0,0,0,0,1,1,6,2,55,8,1995,2,5,9,2,9
2.02E+12,1,9,0,4,0,1,0,0,0,0,4,1,6,1,71,10,1395,1,2,9,1,9
2.02E+12,1,5,0,18,0,2,0,0,0,0,1,1,6,1,25,5,600,1,17,4,1,4
2.02E+12,2,9,0,6,0,2,0,0,0,0,3,1,6,1,29,6,2000,1,8,4,1,4
2.02E+12,1,9,0,9,0,8,0,0,0,0,3,1,1,2,21,5,1242,1,5,2,1,2
2.02E+12,2,3,0,18,0,1,0,0,0,0,4,1,1,1,50,8,124,1,20,2,1,2
2.02E+12,1,9,0,18,0,8,0,0,0,0,1,1,6,1,71,10,1590,1,15,7,3,7
2.02E+12,2,9,0,18,0,1,0,0,0,0,2,1,2,2,46,8,1200,1,2,5,2,5
2.02E+12,1,3,0,18,0,8,0,0,0,0,1,1,6,2,22,5,125,2,1,4,1,4
2.02E+12,2,21,0,18,0,8,0,0,0,0,3,1,1,1,45,7,3920,2,11,7,1,7
2.02E+12,1,9,0,3,0,1,0,0,0,0,3,1,1,1,37,7,1796,1,5,8,2,8
2.02E+12,1,9,0,17,0,2,1,0,1,10,1,1,6,2,25,5,1198,1,14,6,1,6
2.02E+12,1,9,0,18,0,8,0,0,0,0,3,1,6,2,56,9,2191,2,3,6,2,6
2.02E+12,2,19,0,18,0,8,0,0,0,0,1,1,6,1,29,6,2143,2,4,4,3,4
2.02E+12,1,9,0,9,0,5,0,0,0,0,4,1,2,1,45,7,1318,1,1,1,1,1
2.02E+12,2,3,0,18,0,8,0,0,0,0,1,1,6,1,17,4,124,1,8,7,3,7
2.02E+12,1,11,0,18,0,8,0,0,0,0,4,1,1,1,46,8,6696,2,4,4,1,4
2.02E+12,2,9,0,9,0,6,0,0,0,0,1,1,6,2,40,7,1596,1,16,7,2,7
2.02E+12,2,9,0,5,0,1,0,0,0,0,1,1,3,2,32,6,1995,2,11,4,1,4
2.02E+12,1,9,0,17,0,1,0,0,0,0,1,1,6,2,22,5,1242,1,1,6,1,6
2.02E+12,2,9,0,9,0,5,0,0,0,0,3,1,6,2,30,6,1968,2,12,6,1,6
2.02E+12,1,9,0,18,0,1,0,0,0,0,1,1,6,1,41,7,1596,1,10,5,1,5
2.02E+12,2,19,0,3,0,1,0,0,0,0,2,1,1,1,56,9,1560,2,5,2,1,2
2.02E+12,1,9,0,18,0,1,1,0,0,0,1,1,6,1,17,4,1199,2,5,8,2,8
2.02E+12,3,9,0,10,0,1,0,0,0,0,2,1,6,2,25,5,998,1,1,2,1,2
2.02E+12,1,5,0,13,0,1,0,0,0,0,1,1,6,1,23,5,599,1,16,8,1,8
2.02E+12,2,9,0,9,0,8,0,0,0,0,3,1,6,2,71,10,1995,2,8,6,3,6
2.02E+12,2,9,0,7,0,4,0,0,0,0,3,1,6,2,44,7,998,1,12,6,1,6
2.02E+12,1,9,0,9,0,8,0,0,0,0,4,1,6,2,36,7,1496,1,1,6,1,6
2.02E+12,1,9,0,18,0,1,0,0,0,0,1,1,2,2,46,8,1461,2,5,6,3,6
2.02E+12,2,17,4,9,0,8,0,0,0,0,3,1,1,1,50,8,6788,2,2,4,1,4
2.02E+12,1,19,0,18,0,8,0,0,0,0,1,1,1,1,30,6,1598,2,2,6,1,6
2.02E+12,2,9,0,18,0,8,0,0,0,0,4,1,6,1,52,8,2995,1,2,6,3,6
2.02E+12,1,9,0,5,0,6,0,0,0,0,3,1,1,1,73,10,1991,2,9,8,3,8
2.02E+12,2,5,0,18,0,8,0,0,0,0,1,1,1,2,44,7,652,1,13,5,1,5
2.02E+12,1,9,0,4,0,4,0,0,0,0,2,1,6,1,35,6,2143,2,4,9,1,9