Accident_Index,Vehicle_Reference,Vehicle_Type,Towing_and_Articulation,Vehicle_Manoeuvre,Vehicle_Location-Restricted_Lane,Junction_Location,Skidding_and_Overturning,Hit_Object_in_Carriageway,Vehicle_Leaving_Carriageway,Hit_Object_off_Carriageway,1st_Point_of_Impact,Was_Vehicle_Left_Hand_Drive?,Journey_Purpose_of_Driver,Sex_of_Driver,Age_of_Driver,Age_Band_of_Driver,Engine_Capacity_(CC),Propulsion_Code,Age_of_Vehicle,Driver_IMD_Decile,Driver_Home_Area_Type,Vehicle_IMD_Decile
2.02E+12,1,3,0,18,0,8,1,0,0,0,4,1,6,1,17,4,124,1,8,6,1,6
2.02E+12,2,9,0,18,0,4,0,0,0,0,3,1,2,1,40,7,2494,8,1,6,1,6
2.02E+12,1,20,0,9,0,6,0,0,1,1,3,1,6,1,52,8,4764,2,9,8,1,8
2.02E+12,1,9,0,10,0,1,0,0,0,0,2,1,6,2,19,4,1242,1,15,9,3,9
2.02E+12,3,19,0,4,0,1,0,0,0,0,1,1,1,1,22,5,2143,2,2,10,3,10
2.02E+12,1,3,0,9,0,5,0,0,0,0,4,1,6,1,21,5,125,1,1,5,1,5
2.02E+12,1,9,0,18,0,8,0,0,0,0,1,1,6,1,85,11,1395,1,4,8,3,8
2.02E+12,2,9,0,10,0,8,0,0,0,0,2,1,6,1,45,7,2987,2,11,9,3,9
2.02E+12,3,9,0,18,0,1,0,0,0,0,1,1,6,1,54,8,2987,2,11,10,2,10
2.02E+12,1,21,4,4,0,1,1,0,1,9,1,1,1,1,54,8,5861,2,21,2,1,2
2.02E+12,2,9,0,10,0,1,0,0,0,0,2,1,6,2,63,9,1598,2,2,6,3,6
2.02E+12,1,11,0,17,9,2,0,0,1,0,4,1,6,1,50,8,6871,2,10,6,1,6
2.02E+12,2,9,0,18,0,8,0,0,0,0,4,1,6,2,48,8,1956,2,7,8,1,8
2.02E+12,1,9,0,9,0,6,1,0,1,0,3,1,6,1,82,11,2184,2,12,7,1,7
2.02E+12,2,20,0,18,0,8,1,0,0,0,1,1,6,1,45,7,5947,2,31,7,1,7
2.02E+12,1,9,0,18,0,1,0,0,7,2,1,1,6,2,33,6,1149,1,5,8,1,8
2.02E+12,1,2,0,3,0,8,0,0,0,0,2,1,6,1,16,4,50,1,1,6,2,6
2.02E+12,2,9,0,4,0,8,0,0,0,0,1,1,6,1,71,10,2143,2,6,3,1,3
2.02E+12,2,9,0,18,0,1,0,0,0,0,1,1,6,1,17,4,998,1,10,9,1,9
2.02E+12,1,9,0,7,0,8,0,0,0,0,1,1,6,1,61,9,998,1,1,1,1,1
2.02E+12,1,9,0,5,9,6,0,0,0,0,4,1,6,1,79,11,1246,1,11,3,1,3
2.02E+12,1,9,0,18,0,1,0,0,0,0,1,1,6,1,57,9,2231,2,4,5,3,5
2.02E+12,2,9,0,9,0,1,0,0,0,0,1,1,6,1,58,9,1995,2,13,6,3,6
2.02E+12,1,9,0,18,0,1,0,0,0,0,1,1,6,1,33,6,1396,1,20,7,1,7
2.02E+12,2,9,0,9,0,5,0,0,0,0,1,1,6,1,25,5,1388,1,10,6,1,6
2.02E+12,1,19,0,1,0,1,0,0,0,0,2,1,6,1,28,6,1598,2,6,2,1,2
2.02E+12,1,9,0,5,0,4,0,0,0,0,1,1,2,2,61,9,1596,1,16,10,1,10
2.02E+12,1,9,0,7,0,1,0,0,0,0,1,1,6,1,84,11,1339,1,8,10,1,10
2.02E+12,2,9,0,18,0,1,0,4,0,0,4,1,6,1,34,6,1398,1,3,3,1,3
2.02E+12,3,19,0,2,0,1,0,0,0,0,3,1,6,1,47,8,2400,2,13,5,1,5
2.02E+12,1,9,0,9,0,5,0,0,0,0,1,1,6,2,30,6,1242,1,12,4,1,4
2.02E+12,2,2,0,18,0,1,0,0,0,0,1,1,6,1,37,7,125,1,15,1,1,1
2.02E+12,1,9,0,9,0,2,0,0,0,0,3,1,6,1,79,11,1596,1,4,10,1,10
2.02E+12,2,2,0,18,0,1,0,0,0,0,1,1,6,2,27,6,124,1,16,6,1,6
2.02E+12,1,3,0,18,0,3,0,0,0,0,1,1,2,1,21,5,124,1,1,5,1,5
2.02E+12,1,9,0,18,0,1,0,0,0,0,1,1,2,1,65,9,1242,1,15,5,1,5
2.02E+12,1,9,0,18,0,1,0,0,0,0,3,1,3,2,56,9,1587,1,12,6,3,6
2.02E+12,2,19,0,18,0,6,0,0,0,0,1,1,1,1,58,9,2198,2,3,6,3,6
2.02E+12,1,9,0,9,0,8,0,0,0,0,4,1,6,2,18,4,875,1,4,3,1,3
2.02E+12,2,3,0,18,0,4,1,0,0,0,1,1,6,1,17,4,124,1,2,3,1,3
2.02E+12,1,9,0,18,0,4,0,0,0,0,1,1,2,1,60,9,1896,2,14,3,1,3
2.02E+12,1,2,0,18,0,1,0,0,0,0,1,1,6,2,24,5,125,1,3,9,1,9
2.02E+12,1,9,0,5,0,1,0,0,0,0,4,1,6,2,77,11,1229,1,12,3,1,3
2.02E+12,1,4,0,14,0,2,0,0,0,0,1,1,1,1,21,5,125,1,2,5,1,5
2.02E+12,2,11,0,3,0,2,0,0,0,0,0,1,1,1,61,9,7300,2,12,8,1,8
2.02E+12,1,9,0,9,0,1,0,0,0,0,1,1,2,2,51,8,1968,2,3,3,1,3
2.02E+12,1,9,0,10,0,1,0,0,0,0,2,1,2,1,56,9,1398,1,2,7,1,7
2.02E+12,2,3,0,4,0,1,1,0,0,0,1,1,2,1,27,6,124,1,3,7,1,7
2.02E+12,1,2,0,18,0,1,0,0,0,0,1,1,2,1,21,5,124,1,11,5,3,5
2.02E+12,2,9,0,18,0,1,0,0,0,0,3,1,6,2,20,4,1598,1,14,6,1,6
2.02E+12,1,9,0,5,0,8,0,0,0,0,1,1,6,2,57,9,1598,2,1,8,1,8
2.02E+12,2,9,0,18,0,8,0,0,0,6,3,1,2,2,36,7,1598,1,16,4,1,4
2.02E+12,1,9,0,5,0,3,0,9,3,1,1,1,6,1,62,9,1364,1,2,9,1,9
2.02E+12,1,9,0,9,0,6,0,0,0,0,3,1,6,1,35,6,998,1,16,5,1,5
2.02E+12,2,19,0,18,0,2,0,0,0,0,1,1,1,1,38,7,2198,2,2,9,3,9
2.02E+12,1,9,0,9,0,8,0,0,0,0,3,1,6,1,18,4,998,1,11,7,1,7
2.02E+12,2,11,0,18,0,1,0,0,0,0,1,1,1,1,48,8,4250,2,12,8,2,8
2.02E+12,1,3,0,4,6,4,1,0,0,0,0,1,2,1,17,4,125,1,1,8,1,8
2.02E+12,2,9,0,18,0,8,0,2,0,0,0,1,6,2,51,8,1360,1,10,7,1,7
2.02E+12,1,19,0,7,0,1,0,0,0,0,3,1,2,1,67,10,1997,2,13,2,1,2
2.02E+12,1,9,0,5,0,8,0,0,0,0,3,1,6,1,55,8,1988,1,14,10,2,10
2.02E+12,2,9,0,18,0,1,0,0,0,0,1,1,6,2,64,9,1398,2,12,5,2,5
2.02E+12,1,9,0,5,0,1,0,0,0,0,3,1,6,2,68,10,1997,2,15,9,1,9
2.02E+12,2,9,0,18,0,8,0,0,0,0,1,2,6,1,44,7,993,1,15,4,1,4
2.02E+12,1,9,0,5,9,6,0,0,0,0,4,1,3,2,41,7,1598,1,12,8,1,8
2.02E+12,1,19,0,7,9,6,0,0,0,0,1,1,6,1,26,6,2446,2,21,7,1,7
2.02E+12,2,9,0,9,9,5,0,0,0,0,1,1,6,2,42,7,998,1,9,9,1,9
2.02E+12,2,19,0,7,0,5,0,0,0,0,3,1,1,1,44,7,1248,2,1,5,1,5
2.02E+12,1,9,0,9,0,6,0,0,0,0,1,1,6,1,87,11,1798,8,1,7,3,7
2.02E+12,2,5,0,18,0,8,0,0,0,0,1,1,6,1,37,7,487,1,15,6,3,6
2.02E+12,1,9,0,18,0,1,0,0,0,0,1,1,6,1,79,11,1850,1,17,10,1,10
2.02E+12,2,9,0,3,0,1,0,0,0,0,2,1,6,1,48,8,1598,2,1,8,1,8
2.02E+12,3,9,0,10,0,1,0,0,0,0,2,1,6,1,66,10,898,1,1,8,3,8
2.02E+12,1,9,0,9,0,8,0,7,0,0,1,1,6,1,47,8,1970,1,13,10,1,10
2.02E+12,1,8,0,9,0,5,0,0,0,0,4,1,1,1,31,6,1598,2,5,4,1,4
2.02E+12,1,9,0,9,0,8,0,0,0,0,3,1,1,2,56,9,1198,1,1,8,1,8
2.02E+12,2,3,0,18,0,8,0,0,0,0,1,1,6,1,18,4,124,1,3,6,1,6
2.02E+12,1,9,0,9,0,2,0,0,0,0,3,1,6,2,29,6,1685,2,1,9,1,9
2.02E+12,1,9,0,5,0,4,0,0,0,0,4,1,6,1,46,8,2688,2,17,2,1,2
2.02E+12,1,9,0,5,0,6,0,0,0,0,1,1,6,2,81,11,1399,2,12,8,1,8
2.02E+12,2,9,0,18,0,1,0,0,0,0,1,1,6,2,20,4,1124,1,14,8,1,8
2.02E+12,3,9,0,18,0,1,0,0,0,0,1,1,6,2,28,6,1398,2,11,3,1,3
2.02E+12,2,9,0,3,0,1,0,0,0,0,2,1,6,1,34,6,1753,2,15,7,1,7
2.02E+12,2,9,0,18,0,4,0,0,0,0,2,1,6,2,60,9,1242,1,3,5,1,5
2.02E+12,1,9,0,4,0,1,1,0,3,4,1,1,1,1,34,6,1598,2,2,8,3,8
2.02E+12,1,9,0,9,0,6,0,0,0,0,3,1,6,1,52,8,1198,1,3,2,1,2
2.02E+12,2,9,0,18,0,8,0,0,0,0,1,1,6,2,52,8,1299,1,16,3,1,3
2.02E+12,1,9,0,4,0,4,0,11,0,0,1,1,6,1,43,7,2143,2,5,3,1,3
2.02E+12,2,9,0,4,0,4,0,11,0,0,2,1,6,2,58,9,1985,1,20,3,1,3
2.02E+12,1,9,0,18,0,4,0,0,0,0,1,1,6,1,27,6,1497,1,13,4,1,4
2.02E+12,1,9,0,9,0,6,0,0,0,0,4,1,6,1,34,6,1560,2,11,3,1,3
2.02E+12,2,9,0,18,0,1,0,0,0,0,1,1,6,1,20,4,1242,1,5,3,1,3
2.02E+12,1,9,0,18,0,1,0,7,0,0,1,1,6,1,33,6,2324,1,16,4,2,4
2.02E+12,3,9,0,9,0,8,0,7,0,0,4,1,6,1,45,7,1397,1,16,6,3,6
2.02E+12,1,9,0,5,0,8,0,0,0,0,4,2,6,1,45,7,1390,1,9,4,1,4
2.02E+12,2,9,0,16,0,8,0,0,0,0,1,2,6,1,41,7,1339,1,15,1,2,1
2.02E+12,1,3,0,18,0,8,0,0,0,0,0,1,6,1,50,8,124,1,1,5,1,5
2.02E+12,2,3,0,18,0,8,1,0,0,0,0,1,6,1,19,4,125,1,1,4,1,4
2.02E+12,1,9,0,18,0,1,0,0,0,0,1,1,6,1,37,7,1589,1,17,1,1,1
2.02E+12,2,9,0,3,0,1,0,0,0,0,2,1,6,1,41,7,1332,1,21,3,1,3
2.02E+12,1,9,0,18,0,2,0,0,0,0,1,2,6,1,17,4,998,1,16,5,1,5
2.02E+12,2,9,0,5,0,2,1,0,7,2,2,2,6,2,53,8,1598,1,11,9,1,9
2.02E+12,1,9,0,9,0,1,0,0,0,0,1,1,6,2,86,11,989,1,11,6,1,6
2.02E+12,1,5,0,16,0,2,0,0,0,0,1,1,6,1,62,9,1170,1,8,5,1,5
2.02E+12,1,9,0,9,0,8,0,0,0,0,4,1,6,2,23,5,898,1,1,3,1,3
2.02E+12,2,5,0,18,0,8,0,0,0,0,1,1,6,1,67,10,953,1,6,10,1,10
2.02E+12,1,19,0,7,0,6,0,0,0,0,4,1,2,1,41,7,1753,2,12,9,1,9
2.02E+12,2,9,0,16,0,1,0,0,0,0,3,1,3,1,37,7,2987,2,10,10,2,10
2.02E+12,1,9,0,9,0,6,0,0,1,11,3,1,6,2,55,8,799,2,7,8,1,8
2.02E+12,2,3,0,18,0,1,0,0,0,0,1,1,6,1,46,8,123,1,28,2,1,2
2.02E+12,2,9,0,18,0,8,0,0,0,0,4,1,6,1,69,10,1461,2,2,6,3,6
2.02E+12,1,19,0,17,0,8,2,0,7,11,1,1,1,1,18,4,1399,2,8,6,2,6
2.02E+12,2,9,0,10,0,1,0,0,0,0,2,1,6,1,29,6,1090,1,21,6,2,6
2.02E+12,3,9,0,18,0,1,0,0,0,0,3,1,6,1,62,9,1596,1,4,6,1,6
2.02E+12,2,9,0,8,9,1,0,0,0,0,1,1,3,2,19,4,998,1,13,8,1,8
2.02E+12,1,9,0,9,0,1,0,0,0,0,1,1,6,1,32,6,1998,1,15,3,1,3
2.02E+12,2,9,0,5,0,8,0,0,0,0,1,1,6,2,26,6,1995,2,12,8,1,8
2.02E+12,1,8,0,9,0,1,0,0,0,0,3,1,1,1,44,7,1968,2,9,3,1,3
2.02E+12,1,9,0,4,0,1,0,0,0,0,2,1,6,1,51,8,1061,1,13,10,1,10
2.02E+12,2,9,0,4,0,1,0,0,0,0,1,1,6,1,67,10,1248,1,6,7,1,7
2.02E+12,1,9,0,5,0,4,0,0,0,0,3,1,6,1,86,11,1395,1,4,10,1,10
2.02E+12,2,9,0,10,0,1,0,0,0,0,4,1,6,2,40,7,1968,2,7,6,1,6
2.02E+12,1,9,0,18,0,4,0,0,0,0,1,1,6,1,61,9,1997,2,6,4,1,4
2.02E+12,2,3,0,17,0,8,0,0,0,0,4,1,2,1,19,4,124,1,2,8,1,8
2.02E+12,1,9,0,18,0,1,0,0,0,0,1,1,6,2,44,7,1560,2,10,4,1,4
2.02E+12,2,9,0,18,0,1,0,0,0,0,2,1,6,1,47,8,2316,1,20,4,1,4
2.02E+12,1,9,0,9,0,1,0,0,0,0,4,1,6,2,24,5,1360,1,16,2,1,2
2.02E+12,2,4,0,18,0,1,0,0,0,0,1,1,6,1,45,7,449,1,8,7,1,7
2.02E+12,1,9,0,5,0,1,0,0,0,0,1,1,2,2,45,7,1242,1,13,7,1,7
2.02E+12,2,9,0,18,0,8,0,0,0,0,2,1,6,1,22,5,1968,1,12,6,1,6
2.02E+12,1,9,0,10,0,1,0,0,0,0,2,1,6,1,51,8,1798,2,6,8,3,8
2.02E+12,1,9,0,5,0,6,0,0,0,0,1,1,2,1,50,8,1896,2,16,3,1,3
2.02E+12,2,9,0,18,0,8,0,0,0,0,1,1,6,1,57,9,1396,2,2,5,3,5
2.02E+12,1,9,0,9,0,6,0,0,0,0,1,1,2,1,30,6,1896,2,16,6,1,6
2.02E+12,2,4,0,14,0,1,1,0,0,0,1,1,2,2,21,5,125,1,1,10,1,10
2.02E+12,2,9,0,9,0,1,0,11,0,0,3,1,6,1,67,10,2993,2,6,10,1,10
2.02E+12,1,9,0,18,0,8,0,0,0,0,4,1,2,2,52,8,1198,1,8,7,1,7
2.02E+12,2,8,0,18,0,8,0,0,0,0,1,1,1,1,58,9,1598,2,3,9,2,9
2.02E+12,1,9,0,9,0,5,0,0,0,0,1,1,6,2,60,9,1242,1,7,4,1,4
2.02E+12,2,9,0,18,0,1,0,0,0,0,1,1,6,1,67,10,1799,1,6,8,1,8
2.02E+12,1,9,0,9,0,6,0,0,0,0,1,1,6,2,26,6,2720,2,10,3,1,3
2.02E+12,2,8,0,18,0,1,0,0,0,0,1,1,1,1,29,6,1968,2,9,2,1,2
2.02E+12,1,9,0,5,0,4,0,0,0,0,1,1,6,2,49,8,1560,2,5,8,1,8
2.02E+12,1,9,0,18,0,1,0,0,0,0,1,1,6,2,18,4,1360,1,13,6,1,6
2.02E+12,2,9,0,9,0,1,0,0,0,0,3,1,6,1,76,11,898,1,2,3,1,3
2.02E+12,1,9,0,9,0,6,0,0,0,0,1,1,2,1,63,9,1199,1,16,9,2,9
2.02E+12,2,3,0,18,0,1,0,0,0,0,1,1,6,1,17,4,125,1,11,6,3,6
2.02E+12,1,9,0,9,0,5,0,0,0,0,1,1,1,1,42,7,1968,2,10,1,1,1
2.02E+12,1,9,0,9,0,6,0,0,0,0,3,1,6,2,20,4,1397,1,6,9,1,9
2.02E+12,2,9,0,18,0,1,1,0,1,0,1,1,6,1,36,7,1997,2,17,5,3,5
2.02E+12,3,9,0,18,0,1,1,0,0,0,3,1,6,2,47,8,1975,1,10,7,1,7
2.02E+12,2,9,0,9,0,2,0,0,0,0,2,1,6,1,38,7,2900,1,14,6,3,6
2.02E+12,1,9,0,18,0,1,0,0,0,0,1,1,6,1,34,6,1997,2,12,8,1,8
2.02E+12,1,9,0,9,0,5,0,0,0,0,1,1,6,2,77,11,1399,2,15,2,1,2
2.02E+12,2,3,0,18,0,8,0,0,0,0,1,1,6,1,19,4,125,1,1,3,1,3
2.02E+12,2,3,0,18,0,1,0,0,1,0,0,1,6,1,25,5,124,1,11,1,1,1
2.02E+12,1,9,0,5,0,1,0,0,0,0,1,1,6,2,47,8,1587,1,9,3,1,3
2.02E+12,2,9,0,5,0,1,0,0,0,0,3,1,6,2,18,4,1000,1,17,4,3,4
2.02E+12,1,9,0,9,4,5,0,0,0,0,1,1,6,2,78,11,1229,1,4,5,1,5
2.02E+12,1,9,0,18,0,1,0,0,0,0,1,1,6,2,42,7,1395,1,2,6,1,6
2.02E+12,2,9,0,18,0,1,0,0,0,0,2,1,6,1,58,9,998,1,8,8,1,8
2.02E+12,1,9,0,7,4,6,0,0,0,0,1,1,6,1,43,7,1896,2,14,5,1,5
2.02E+12,1,9,0,3,0,4,0,0,0,0,1,1,6,2,71,10,1339,1,13,6,1,6
2.02E+12,2,9,0,3,0,4,0,0,0,0,2,1,6,2,67,10,1339,1,11,7,1,7
2.02E+12,1,9,0,7,0,1,0,0,0,0,1,1,6,1,47,8,1998,1,12,1,1,1
2.02E+12,3,19,0,18,0,1,0,0,0,0,1,1,6,1,55,8,2500,2,17,3,1,3
2.02E+12,1,4,0,13,0,1,0,10,7,0,4,1,1,1,19,4,125,1,7,3,1,3
2.02E+12,2,19,0,9,0,5,0,0,0,0,3,1,1,1,47,8,2300,2,14,4,1,4
2.02E+12,1,9,0,18,0,4,0,0,0,0,1,1,6,2,32,6,1898,1,15,9,1,9
2.02E+12,1,9,0,16,0,2,1,0,0,0,1,1,6,2,19,4,1398,2,11,5,2,5
2.02E+12,2,9,0,18,0,2,0,0,0,0,1,1,6,2,22,5,1560,2,5,6,3,6
2.02E+12,2,9,0,3,0,4,0,0,0,0,2,1,6,2,53,8,998,1,5,4,1,4
2.02E+12,1,9,0,9,0,2,0,0,0,0,3,1,2,1,48,8,1997,2,14,7,1,7
2.02E+12,1,9,0,9,0,6,0,0,0,0,4,1,6,2,89,11,1388,1,11,5,1,5
2.02E+12,2,5,0,18,0,6,0,0,7,0,1,1,6,1,56,9,865,1,9,5,1,5
2.02E+12,1,9,0,18,0,8,0,10,1,2,4,1,6,1,34,6,1956,2,8,4,1,4
2.02E+12,2,9,0,18,0,6,0,0,0,0,1,1,6,2,85,11,1086,1,11,3,1,3
2.02E+12,1,9,0,9,0,6,0,0,0,0,1,1,1,2,49,8,998,1,2,3,1,3
2.02E+12,2,11,0,18,0,1,0,0,0,0,1,1,1,1,56,9,6700,2,9,8,1,8
2.02E+12,1,19,0,18,0,5,0,0,0,0,1,1,6,1,53,8,1995,2,7,8,1,8
2.02E+12,1,9,0,18,0,8,0,0,3,11,1,1,6,1,85,11,1242,1,4,9,3,9
2.02E+12,1,9,0,7,0,3,0,0,0,0,1,1,6,2,87,11,1400,1,17,7,3,7
2.02E+12,1,9,0,7,0,3,0,0,0,0,4,1,2,1,60,9,2494,1,18,6,1,6
2.02E+12,1,3,0,4,0,4,1,0,0,0,0,1,2,1,32,6,124,1,1,3,1,3
2.02E+12,2,9,0,4,0,4,0,0,0,0,0,1,2,2,24,5,998,1,18,6,1,6
2.02E+12,1,9,0,9,0,2,0,0,1,0,1,1,6,2,32,6,1598,1,15,4,1,4
2.02E+12,1,9,0,18,0,8,0,0,0,0,4,1,6,2,64,9,1396,1,16,9,1,9
2.02E+12,2,9,0,4,0,6,0,0,0,0,1,1,6,2,47,8,1197,1,1,9,1,9
2.02E+12,2,9,0,2,0,1,0,0,0,0,1,1,1,1,42,7,1968,2,11,4,1,4
2.02E+12,1,9,0,5,0,6,0,0,0,0,1,1,6,1,52,8,2987,2,6,5,1,5
2.02E+12,1,9,0,5,0,4,0,0,0,0,1,1,2,1,67,10,1390,2,15,8,1,8
2.02E+12,1,9,0,18,0,8,0,0,0,0,4,1,6,1,42,7,1598,1,7,6,2,6
2.02E+12,2,9,0,9,0,6,0,0,0,0,1,1,6,1,90,11,1298,1,17,5,3,5
2.02E+12,1,9,0,9,0,5,0,0,0,0,1,1,2,1,65,9,2720,2,10,9,2,9
2.02E+12,2,5,0,3,0,1,0,0,0,0,1,1,2,1,52,8,649,1,3,6,1,6
2.02E+12,1,9,0,9,0,8,0,0,0,0,1,1,2,1,28,6,1896,2,15,3,1,3
2.02E+12,1,19,0,9,0,1,0,0,0,0,4,1,1,1,58,9,1560,2,3,8,1,8
2.02E+12,1,11,0,18,0,1,0,0,0,0,1,1,1,1,38,7,4500,2,1,7,1,7
2.02E+12,2,8,0,4,0,1,0,0,0,0,2,1,1,1,38,7,1968,2,5,5,1,5
2.02E+12,1,9,0,9,0,6,0,0,0,0,3,1,6,1,27,6,1390,1,16,5,1,5
2.02E+12,2,9,0,18,0,1,0,0,0,0,1,1,1,1,45,7,1560,2,4,6,1,6
2.02E+12,1,9,0,18,0,8,0,0,0,0,4,1,6,1,70,10,1998,1,12,8,1,8
2.02E+12,1,9,0,18,0,8,0,0,0,0,1,1,6,2,20,4,998,1,9,3,1,3
2.02E+12,2,9,0,18,0,8,0,0,7,1,4,1,6,2,55,8,1560,2,2,4,1,4
2.02E+12,1,9,0,18,0,8,1,0,0,0,1,1,6,2,48,8,1596,1,7,7,3,7
2.02E+12,2,9,0,3,0,8,0,0,0,0,2,1,1,2,28,6,1390,1,14,6,2,6
2.02E+12,3,9,0,3,0,8,0,0,0,0,2,1,6,2,38,7,1598,2,5,6,3,6
2.02E+12,4,9,0,10,0,8,0,0,0,0,0,1,6,2,52,8,1299,1,15,6,2,6
2.02E+12,1,21,0,18,0,1,0,0,0,0,1,1,1,1,56,9,3920,2,5,1,1,1
2.02E+12,1,8,0,5,0,4,0,0,0,0,1,1,6,1,33,6,1598,2,5,10,1,10
2.02E+12,1,9,0,9,0,5,0,0,0,0,3,1,2,2,69,10,1298,1,15,5,1,5
2.02E+12,1,9,0,9,0,8,0,0,0,0,3,1,6,1,52,8,2494,2,4,7,2,7
2.02E+12,1,20,0,5,0,1,0,0,0,0,1,1,1,1,38,7,4461,2,9,2,1,2
2.02E+12,2,9,0,3,0,4,0,0,0,0,2,1,6,2,51,8,1840,1,15,2,1,2
2.02E+12,1,11,0,18,0,1,0,0,0,0,1,1,2,1,28,6,5132,2,2,6,1,6
2.02E+12,2,9,0,5,0,6,0,0,0,0,3,1,6,1,20,4,1242,1,15,3,1,3
2.02E+12,1,9,0,5,0,1,0,0,0,0,1,1,6,1,73,10,2393,1,14,10,1,10
2.02E+12,1,9,0,18,0,1,0,0,0,0,1,1,6,2,57,9,2393,1,15,4,1,4
2.02E+12,2,9,0,4,0,1,0,0,0,0,2,1,6,1,36,7,1388,1,12,4,1,4
2.02E+12,1,19,0,18,0,8,5,0,0,0,4,1,6,1,50,8,2874,2,18,7,1,7
2.02E+12,2,9,0,18,0,1,0,0,0,0,1,1,6,2,36,7,1248,1,1,7,1,7
2.02E+12,2,3,0,3,0,1,0,0,0,0,1,1,6,2,30,6,125,1,1,7,2,7
2.02E+12,1,9,0,18,0,6,0,0,0,0,1,1,6,1,54,8,1398,2,11,6,1,6
2.02E+12,2,9,0,18,0,1,2,0,0,0,4,1,6,2,53,8,1242,1,10,1,1,1
2.02E+12,1,9,0,9,0,8,0,0,0,0,1,1,6,1,47,8,1956,2,5,10,1,10
2.02E+12,2,9,0,18,0,8,0,0,0,0,1,1,6,2,47,8,1386,1,11,6,1,6
2.02E+12,1,21,1,18,0,1,1,0,0,0,1,1,1,1,78,11,12809,2,3,6,1,6
2.02E+12,2,19,0,10,0,1,0,0,0,0,2,1,1,1,51,8,1870,2,11,7,3,7
2.02E+12,1,19,0,3,0,1,0,0,0,0,4,1,2,1,30,6,2198,2,2,4,1,4
2.02E+12,1,9,0,9,0,8,0,0,0,0,3,1,6,1,20,4,1390,1,8,3,1,3
2.02E+12,1,3,0,18,0,2,0,0,0,0,4,1,2,1,25,5,125,1,3,9,1,9
2.02E+12,1,9,0,17,0,2,1,0,0,0,3,1,6,1,69,10,1596,1,5,6,3,6
2.02E+12,2,19,0,17,0,2,0,0,0,0,2,1,6,1,35,6,2198,2,5,7,1,7
2.02E+12,1,9,0,9,0,6,0,0,0,0,1,1,6,1,57,9,2499,1,8,5,1,5
2.02E+12,2,9,0,18,0,1,0,10,1,11,4,1,6,1,71,10,1997,1,5,10,1,10
2.02E+12,1,9,0,9,0,5,0,0,0,0,1,1,6,2,60,9,1984,1,17,7,1,7
2.02E+12,1,9,0,9,0,8,1,0,0,0,1,1,6,2,19,4,998,1,12,8,1,8
2.02E+12,2,9,0,18,0,8,0,0,0,0,1,1,6,2,58,9,1975,1,12,10,1,10
2.02E+12,1,9,0,9,0,5,0,0,0,0,1,1,6,1,46,8,1349,1,7,5,1,5
2.02E+12,2,9,0,18,0,1,0,0,0,0,1,1,6,1,60,9,1799,1,7,8,1,8
2.02E+12,1,9,0,7,0,6,0,0,0,0,2,1,2,1,40,7,1587,1,12,3,1,3
2.02E+12,2,9,0,7,0,6,0,0,0,0,1,1,6,2,24,5,1598,2,5,1,1,1
2.02E+12,1,9,0,9,0,6,0,0,2,3,1,1,6,1,30,6,1800,1,17,6,3,6
2.02E+12,1,9,0,4,0,1,0,0,0,0,1,1,6,2,32,6,1596,1,11,6,1,6
2.02E+12,2,9,0,3,0,1,0,0,0,0,2,1,6,1,26,6,1997,2,13,5,1,5
2.02E+12,1,9,0,7,9,6,0,0,0,0,1,1,6,1,67,10,1781,1,17,6,1,6
2.02E+12,1,9,0,18,0,1,0,0,0,0,1,1,6,2,87,11,1339,1,15,8,1,8
2.02E+12,1,9,0,18,0,8,0,0,0,0,1,1,6,1,75,10,1794,1,17,9,2,9
2.02E+12,2,9,0,9,0,5,0,0,0,0,4,1,6,1,81,11,1560,2,6,4,1,4
2.02E+12,1,9,0,3,0,4,0,0,0,0,0,1,6,1,82,11,2000,1,12,10,1,10
2.02E+12,1,9,0,9,0,5,0,0,0,0,3,1,6,1,39,7,1395,1,4,8,1,8
2.02E+12,2,5,0,18,0,8,0,0,0,0,1,1,6,1,43,7,599,1,18,10,1,10
2.02E+12,1,9,0,5,0,4,0,0,0,0,1,1,6,1,23,5,1596,1,4,10,1,10
2.02E+12,1,9,0,7,0,1,0,0,0,0,1,1,6,1,46,8,1349,1,4,2,1,2
2.02E+12,2,11,0,18,0,1,0,0,0,0,3,1,1,1,47,8,6700,2,9,2,1,2
2.02E+12,1,8,0,18,0,6,0,0,0,0,1,1,1,1,58,9,1797,8,3,5,1,5
2.02E+12,2,8,0,5,9,6,0,0,0,0,1,1,1,1,66,10,1560,2,2,3,1,3
2.02E+12,2,9,0,9,0,1,0,0,0,0,3,1,6,2,54,8,1242,1,8,9,1,9
2.02E+12,1,9,0,9,0,6,0,0,0,0,1,1,6,1,35,6,1896,2,14,5,1,5
2.02E+12,2,3,0,18,0,8,1,0,0,0,4,1,6,2,50,8,124,1,13,4,1,4
2.02E+12,1,9,0,7,0,6,0,0,0,0,3,1,2,1,40,7,2231,2,8,9,1,9
2.02E+12,1,9,0,4,0,1,0,0,0,0,1,1,6,2,18,4,1124,1,17,5,3,5
2.02E+12,2,9,0,3,0,1,0,0,0,0,2,1,2,1,54,8,4163,1,10,7,2,7
2.02E+12,1,9,0,18,0,1,0,0,0,0,1,1,6,2,17,4,1242,1,8,5,1,5