Accident_Index,Vehicle_Reference,Vehicle_Type,Towing_and_Articulation,Vehicle_Manoeuvre,Vehicle_Location-Restricted_Lane,Junction_Location,Skidding_and_Overturning,Hit_Object_in_Carriageway,Vehicle_Leaving_Carriageway,Hit_Object_off_Carriageway,1st_Point_of_Impact,Was_Vehicle_Left_Hand_Drive?,Journey_Purpose_of_Driver,Sex_of_Driver,Age_of_Driver,Age_Band_of_Driver,Engine_Capacity_(CC),Propulsion_Code,Age_of_Vehicle,Driver_IMD_Decile,Driver_Home_Area_Type,Vehicle_IMD_Decile
2.02E+12,1,9,0,9,0,1,0,0,0,0,1,1,6,1,30,6,1400,1,13,5,1,5
2.02E+12,1,19,0,18,0,6,1,0,0,0,3,1,6,1,24,5,1995,2,10,8,1,8
2.02E+12,2,9,0,18,0,8,1,0,0,0,1,1,6,1,20,4,1242,1,14,4,1,4
2.02E+12,1,9,0,18,0,6,0,0,0,0,1,1,6,2,44,7,2720,2,11,10,2,10
2.02E+12,2,9,0,18,0,8,0,0,7,0,4,1,6,1,51,8,1999,1,12,8,3,8
2.02E+12,2,9,0,18,0,1,0,0,0,0,4,1,6,1,56,9,1598,2,2,8,1,8
2.02E+12,1,9,0,7,0,1,0,0,0,0,1,1,2,2,40,7,2143,2,4,5,1,5
2.02E+12,1,9,0,18,0,1,0,0,0,0,1,1,1,2,56,9,1329,1,3,9,1,9
2.02E+12,2,9,0,3,0,1,0,0,0,0,2,1,3,2,38,7,1242,1,15,2,1,2
2.02E+12,1,9,0,18,0,4,0,0,0,0,1,1,6,2,29,6,1242,1,8,5,1,5
2.02E+12,2,9,0,3,0,4,0,0,0,0,2,1,6,1,66,10,1390,1,19,8,1,8
2.02E+12,1,9,0,1,0,6,0,0,1,10,2,1,6,1,85,11,1395,1,1,7,2,7
2.02E+12,2,9,0,18,0,1,0,0,0,0,2,1,2,1,35,6,1299,1,17,2,1,2
2.02E+12,1,9,0,18,0,8,0,7,7,0,4,1,1,1,60,9,2698,2,7,9,1,9
2.02E+12,2,9,0,18,0,8,0,7,0,0,1,1,6,2,72,10,1560,2,9,5,1,5
2.02E+12,1,9,0,18,0,1,0,0,0,0,1,1,6,1,23,5,1781,1,14,7,3,7
2.02E+12,2,9,0,3,0,1,0,0,0,0,2,1,6,1,58,9,2319,1,16,5,3,5
2.02E+12,1,9,0,18,0,8,0,0,0,0,1,1,6,1,35,6,2000,2,6,5,2,5
2.02E+12,2,9,0,9,0,8,0,0,0,0,1,1,2,2,28,6,898,1,1,4,1,4
2.02E+12,1,9,0,5,0,6,0,0,0,0,1,1,6,2,84,11,1339,1,3,10,1,10
2.02E+12,2,9,0,16,0,1,0,0,0,0,4,1,6,1,85,11,1596,1,10,10,1,10
2.02E+12,3,9,0,18,0,1,0,0,0,0,3,1,6,1,71,10,1968,2,1,10,1,10
2.02E+12,1,5,0,18,0,8,0,0,0,0,1,1,6,1,78,11,656,1,12,7,1,7
2.02E+12,2,9,0,9,0,5,0,0,0,0,3,1,6,1,38,7,1198,1,3,8,1,8
2.02E+12,1,9,0,18,0,2,0,0,0,0,3,1,3,2,44,7,1796,1,11,9,1,9
2.02E+12,2,3,0,18,0,1,0,0,0,0,3,1,6,1,18,4,125,1,1,4,2,4
2.02E+12,2,19,0,18,0,1,0,0,0,0,1,1,1,1,60,9,2299,2,5,3,1,3
2.02E+12,1,9,0,1,0,1,0,0,0,0,3,1,6,1,46,8,1896,2,9,7,1,7
2.02E+12,1,21,1,18,0,1,0,0,0,0,1,1,1,1,35,6,12809,2,3,1,1,1
2.02E+12,2,9,0,3,0,1,0,0,0,0,2,1,6,1,75,10,998,1,3,7,1,7
2.02E+12,3,9,0,3,0,1,0,0,0,0,2,1,6,2,35,6,1368,1,4,3,1,3
2.02E+12,4,9,0,10,0,1,0,0,0,0,2,1,1,2,53,8,1397,1,15,9,1,9
2.02E+12,1,9,0,18,8,6,0,0,0,0,1,1,6,2,25,5,1390,1,16,1,1,1
2.02E+12,2,9,0,18,0,1,0,0,0,0,1,1,6,1,63,9,1599,1,26,1,1,1
2.02E+12,3,9,0,2,0,1,0,0,0,0,0,1,6,1,31,6,1598,1,12,7,1,7
2.02E+12,1,9,0,9,0,6,0,0,7,9,1,1,6,2,93,11,1298,1,16,10,1,10
2.02E+12,2,9,0,18,0,8,0,0,0,0,1,1,6,2,47,8,1598,2,7,6,3,6
2.02E+12,2,9,0,16,0,4,1,0,0,0,2,1,2,1,38,7,1229,1,12,7,1,7
2.02E+12,1,9,0,9,0,8,0,0,0,0,1,1,6,2,43,7,1598,1,13,10,1,10
2.02E+12,1,9,0,5,0,8,0,0,0,0,1,1,6,1,32,6,1995,2,7,7,1,7
2.02E+12,2,9,0,18,0,8,0,0,0,0,1,1,2,1,43,7,1900,2,15,9,2,9
2.02E+12,1,9,0,9,0,8,1,0,7,0,4,1,6,1,24,5,1391,1,19,6,3,6
2.02E+12,2,5,0,18,0,8,0,0,0,0,1,1,6,1,74,10,1441,1,1,7,3,7
2.02E+12,1,9,0,18,0,2,0,0,0,0,1,1,6,1,71,10,1598,1,6,8,1,8
2.02E+12,1,9,0,5,0,4,0,0,0,0,2,1,6,1,52,8,2987,2,10,9,1,9
2.02E+12,2,19,0,5,0,4,1,0,0,0,1,1,1,1,64,9,1248,2,4,5,1,5
2.02E+12,1,9,0,18,0,1,0,0,0,0,1,1,6,2,72,10,1198,1,4,10,2,10
2.02E+12,2,9,0,18,0,1,0,0,0,0,2,1,6,2,41,7,1596,1,15,7,1,7
2.02E+12,1,9,0,9,0,1,0,11,0,0,1,1,6,2,69,10,1386,1,4,5,1,5
2.02E+12,1,9,0,18,0,8,0,0,1,11,4,1,6,2,36,7,1999,1,10,6,1,6
2.02E+12,2,9,0,9,0,6,0,0,0,0,1,1,6,1,34,6,1242,1,4,7,1,7
2.02E+12,1,9,0,9,0,1,0,0,0,0,1,1,6,1,53,8,1149,1,1,3,1,3
2.02E+12,1,2,0,18,0,6,0,0,0,0,1,1,2,1,20,4,49,1,11,6,3,6
2.02E+12,2,9,0,18,0,1,0,0,0,0,1,1,3,2,31,6,2410,1,24,6,3,6
2.02E+12,1,9,0,9,0,5,0,0,7,0,3,1,6,1,60,9,999,1,2,6,3,6
2.02E+12,2,5,0,18,0,8,0,0,7,0,1,1,2,1,42,7,745,1,1,10,1,10
2.02E+12,1,9,0,7,0,6,0,0,0,0,1,1,6,1,82,11,1360,1,19,5,3,5
2.02E+12,1,5,0,4,0,4,0,0,0,0,0,1,6,1,60,9,1500,1,14,5,1,5
2.02E+12,1,9,0,7,0,6,0,0,0,0,3,1,6,2,24,5,899,1,3,4,1,4
2.02E+12,1,9,0,9,0,8,0,0,0,0,3,1,6,2,50,8,1984,1,10,5,1,5
2.02E+12,2,3,0,14,0,8,0,0,0,0,1,1,6,1,39,7,124,1,5,3,1,3
2.02E+12,1,9,0,9,0,8,0,0,0,0,1,1,6,2,67,10,1398,2,11,5,2,5
2.02E+12,2,9,0,18,0,1,0,0,0,0,1,1,1,2,19,4,1124,1,20,5,1,5
2.02E+12,1,9,0,18,0,1,0,0,0,0,1,1,6,2,35,6,1992,2,11,8,1,8
2.02E+12,1,9,0,5,0,4,0,0,0,0,3,1,2,1,76,11,1497,8,10,5,1,5
2.02E+12,1,5,0,18,0,8,1,0,1,0,1,1,6,1,35,6,988,1,14,10,1,10
2.02E+12,2,9,0,9,0,8,0,0,0,0,4,1,6,1,54,8,1364,1,9,4,1,4
2.02E+12,1,9,0,18,0,8,0,0,7,4,3,1,6,2,59,9,1598,1,20,7,1,7
2.02E+12,2,9,0,18,0,8,0,0,7,4,1,1,6,1,45,7,1991,2,9,3,1,3
2.02E+12,1,9,0,5,0,4,0,0,0,0,3,1,6,1,56,9,1398,1,6,8,1,8
2.02E+12,2,9,0,17,0,8,1,0,0,0,1,1,6,1,18,4,1124,1,17,1,1,1
2.02E+12,1,9,0,4,0,1,0,0,0,0,1,1,6,1,72,10,1910,2,9,8,1,8
2.02E+12,2,9,0,3,0,1,0,0,0,0,2,1,6,2,23,5,1328,1,15,10,1,10
2.02E+12,3,9,0,3,0,1,0,0,0,0,2,1,6,1,74,10,1360,1,10,9,1,9
2.02E+12,4,9,0,3,0,1,0,0,0,0,2,1,6,1,90,11,1339,1,11,5,1,5
2.02E+12,1,9,0,9,0,1,0,0,0,0,1,1,6,2,29,6,1497,1,13,3,1,3
2.02E+12,2,9,0,17,0,6,0,0,0,0,1,1,2,1,45,7,1489,1,21,5,1,5
2.02E+12,1,9,0,18,0,6,0,0,0,0,1,1,6,2,53,8,2495,7,20,7,1,7
2.02E+12,2,2,0,18,0,8,0,0,0,0,3,1,6,1,62,9,49,1,50,2,1,2
2.02E+12,1,9,0,4,0,1,0,0,0,0,1,1,6,2,45,7,1398,2,15,3,1,3
2.02E+12,2,9,0,18,0,1,1,0,0,0,3,1,6,1,52,8,3498,1,8,4,1,4
2.02E+12,2,9,0,5,0,4,0,0,0,0,2,1,6,2,41,7,1198,1,8,5,1,5
2.02E+12,1,9,0,9,0,8,0,0,0,0,2,1,6,2,84,11,1242,1,14,6,1,6
2.02E+12,1,9,0,7,0,5,0,0,0,0,1,1,6,1,69,10,1896,2,11,6,2,6
2.02E+12,2,9,0,10,0,1,0,0,0,0,4,1,6,2,28,6,1997,1,13,7,2,7
2.02E+12,1,21,0,18,0,8,0,0,0,0,1,1,1,1,57,9,12777,2,3,7,3,7
2.02E+12,1,9,0,17,0,2,0,0,0,0,3,1,2,1,37,7,1753,2,10,2,1,2
2.02E+12,1,9,0,7,0,6,0,0,0,0,1,1,6,2,30,6,1368,1,8,4,1,4
2.02E+12,2,9,0,18,0,1,1,0,0,0,4,1,6,2,45,7,1956,2,3,7,1,7
2.02E+12,3,9,0,2,6,2,0,0,0,0,2,1,6,1,20,4,1595,1,2,6,1,6
2.02E+12,1,9,0,1,0,7,0,0,0,0,2,1,6,1,25,5,1984,1,9,6,1,6
2.02E+12,3,9,0,8,0,1,0,0,0,0,1,1,6,1,60,9,1968,2,6,10,1,10
2.02E+12,1,9,0,18,0,8,0,0,0,0,1,1,6,1,45,7,1149,1,13,1,1,1
2.02E+12,1,19,0,8,0,5,0,0,0,0,4,1,6,1,63,9,2402,2,15,3,1,3
2.02E+12,1,9,0,9,0,6,0,0,0,0,1,1,6,2,39,7,1998,1,11,7,3,7
2.02E+12,2,4,0,18,0,1,0,0,0,0,1,1,6,1,57,9,996,1,13,6,3,6
2.02E+12,1,9,0,18,0,8,0,0,0,0,4,1,6,2,22,5,1149,1,14,5,1,5
2.02E+12,1,9,0,18,0,6,1,0,0,0,1,1,6,2,22,5,1490,1,11,3,1,3
2.02E+12,2,9,0,18,0,8,1,0,0,0,3,1,6,1,26,6,1796,1,18,4,1,4
2.02E+12,1,9,0,3,0,4,0,0,0,0,2,1,6,2,39,7,998,1,11,6,1,6
2.02E+12,1,9,0,7,0,1,0,0,0,0,3,1,1,1,57,9,1389,1,12,7,1,7
2.02E+12,1,9,0,18,0,6,0,0,0,0,1,1,1,1,58,9,1798,1,5,10,1,10
2.02E+12,1,2,0,4,0,4,0,0,0,0,4,1,6,1,16,4,49,1,2,4,1,4
2.02E+12,1,19,0,1,4,6,0,0,0,0,2,1,6,1,27,6,1753,2,10,2,1,2
2.02E+12,2,9,0,5,0,1,0,0,0,0,3,1,6,2,34,6,1242,1,5,2,1,2
2.02E+12,2,19,0,18,0,1,0,0,0,0,4,1,1,1,53,8,2198,2,2,7,1,7
2.02E+12,1,9,0,9,0,1,0,0,0,0,4,1,6,2,72,10,1951,2,11,5,3,5
2.02E+12,2,9,0,18,0,1,1,0,0,0,4,1,2,1,55,8,1988,2,13,6,3,6
2.02E+12,1,9,0,9,0,8,0,0,0,0,4,1,6,2,46,8,1999,2,1,4,3,4
2.02E+12,2,9,0,18,0,8,0,0,0,0,1,1,2,1,30,6,1461,2,10,3,1,3
2.02E+12,1,9,0,9,0,6,0,0,0,0,1,1,6,2,45,7,1242,1,12,8,1,8
2.02E+12,1,9,0,9,0,1,0,0,0,0,1,1,6,2,33,6,1461,2,8,10,1,10
2.02E+12,2,9,0,17,0,1,0,0,0,0,1,1,6,2,40,7,1242,1,8,6,1,6
2.02E+12,1,3,0,18,0,1,0,0,0,0,1,1,1,1,17,4,124,1,15,6,1,6
2.02E+12,2,9,0,9,0,7,0,0,0,0,3,1,1,2,34,6,1560,2,10,10,1,10
2.02E+12,1,9,0,18,5,1,0,0,0,0,4,1,6,2,47,8,1910,2,10,5,1,5
2.02E+12,1,9,0,4,0,1,0,10,7,1,1,1,6,2,54,8,1796,1,19,7,2,7
2.02E+12,1,9,0,1,0,8,0,0,0,0,2,1,6,1,76,11,1910,2,7,4,1,4
2.02E+12,1,9,0,9,0,6,0,0,0,0,1,1,6,1,54,8,1000,1,17,7,1,7
2.02E+12,1,9,0,16,0,4,0,0,0,0,1,1,6,1,83,11,1560,2,12,8,1,8
2.02E+12,2,9,0,3,0,4,0,0,0,0,1,1,6,1,34,6,1896,2,16,6,1,6
2.02E+12,1,9,0,9,0,8,5,0,1,8,1,1,6,1,33,6,1973,1,17,2,1,2
2.02E+12,2,9,0,8,0,1,0,0,0,0,2,1,1,2,50,8,1198,1,5,10,1,10
2.02E+12,1,9,0,18,0,2,0,0,0,0,4,1,6,1,68,10,999,1,1,5,1,5
2.02E+12,1,9,0,18,0,6,0,0,0,0,1,1,6,2,79,11,1498,1,6,10,2,10
2.02E+12,2,9,0,18,0,1,0,0,0,0,1,1,6,1,42,7,1995,2,6,9,2,9
2.02E+12,2,9,0,4,0,3,0,0,0,0,2,1,2,2,22,5,1598,1,15,7,1,7
2.02E+12,2,9,0,6,0,8,0,0,0,0,1,1,1,1,33,6,1968,2,2,5,1,5
2.02E+12,3,9,0,18,0,8,0,0,0,0,1,1,2,1,60,9,1686,2,11,4,1,4
2.02E+12,1,9,0,18,0,8,0,0,0,0,4,1,3,2,29,6,1600,2,8,8,1,8
2.02E+12,2,9,0,18,0,8,0,0,0,0,1,1,6,2,38,7,2400,2,5,5,1,5
2.02E+12,3,19,0,3,0,1,0,0,0,0,1,1,1,1,76,11,1868,2,17,5,1,5
2.02E+12,1,9,0,5,0,8,0,0,0,0,1,1,6,2,32,6,1968,2,8,7,1,7
2.02E+12,2,9,0,5,0,6,0,0,0,0,3,1,6,2,18,4,899,1,3,5,1,5
2.02E+12,1,9,0,9,0,8,0,0,0,0,1,2,6,2,17,4,1149,1,10,6,1,6
2.02E+12,2,9,0,17,0,8,0,0,0,0,1,2,6,2,18,4,1198,1,13,10,3,10
2.02E+12,1,9,0,18,0,1,0,0,0,0,1,1,6,1,26,6,1360,1,14,6,1,6
2.02E+12,2,2,0,3,0,1,0,0,0,0,2,1,1,1,46,8,49,1,12,9,1,9
2.02E+12,3,9,0,9,0,5,0,0,0,0,2,1,6,1,32,6,1595,1,12,1,1,1
2.02E+12,1,9,0,7,0,7,0,0,0,0,1,1,6,2,32,6,1591,1,3,3,1,3
2.02E+12,1,9,0,9,9,5,0,0,0,0,3,1,6,1,35,6,1600,2,8,7,1,7
2.02E+12,1,9,0,18,0,4,0,0,0,0,2,1,6,1,18,4,1198,1,15,6,3,6
2.02E+12,1,9,0,9,0,6,0,0,0,0,1,1,6,1,41,7,1968,2,5,8,1,8
2.02E+12,2,19,0,2,0,1,0,0,0,0,0,1,6,2,38,7,2143,2,5,8,1,8
2.02E+12,3,3,0,14,0,1,0,0,0,0,1,1,6,1,18,4,125,1,6,7,1,7
2.02E+12,1,9,0,9,0,6,0,0,0,0,4,1,2,2,56,9,1951,2,14,7,3,7
2.02E+12,2,5,0,18,0,1,0,0,1,9,3,1,2,1,59,9,897,1,14,4,2,4
2.02E+12,1,9,0,18,0,1,0,0,0,0,4,1,1,1,61,9,2179,2,7,5,1,5
2.02E+12,1,9,0,9,0,5,0,0,0,0,3,1,2,2,54,8,1598,2,5,8,1,8
2.02E+12,2,4,0,18,0,1,0,0,0,0,1,1,2,1,22,5,600,1,19,1,1,1
2.02E+12,1,9,0,9,0,6,0,0,0,0,1,1,6,2,63,9,1399,2,9,7,2,7
2.02E+12,2,5,0,13,0,1,0,0,0,0,1,1,6,1,23,5,1215,1,3,6,3,6
2.02E+12,1,9,0,5,0,4,0,0,0,0,3,1,6,2,46,8,1596,1,12,8,1,8
2.02E+12,1,9,0,16,0,4,0,0,0,0,1,1,6,1,33,6,1783,1,14,7,1,7
2.02E+12,2,2,0,18,0,8,0,0,0,0,4,1,6,1,16,4,49,1,4,2,1,2
2.02E+12,1,9,0,9,0,5,0,0,0,0,1,1,6,2,44,7,1198,1,6,9,1,9
2.02E+12,1,19,0,18,0,8,0,0,0,0,1,1,1,1,24,5,1996,2,3,6,1,6
2.02E+12,2,9,0,3,0,1,0,0,0,0,1,1,6,2,52,8,1086,1,12,1,1,1
2.02E+12,2,9,0,18,0,1,0,0,0,0,1,1,6,1,48,8,1596,1,17,3,1,3
2.02E+12,1,9,0,15,0,1,0,0,0,0,1,1,6,1,36,7,1360,1,8,9,2,9
2.02E+12,2,9,0,18,0,1,0,0,0,0,1,1,6,1,18,4,1000,1,17,5,1,5
2.02E+12,4,9,0,10,0,2,0,0,0,0,0,1,1,1,31,6,2993,2,1,7,3,7
2.02E+12,1,9,0,9,0,8,0,0,0,0,3,1,2,2,52,8,1598,1,12,4,2,4
2.02E+12,2,9,0,18,0,1,1,0,0,0,1,1,2,1,50,8,1995,2,9,7,2,7
2.02E+12,1,9,0,18,0,3,1,10,1,9,4,1,2,1,18,4,1400,1,12,4,1,4
2.02E+12,1,3,0,14,8,1,0,0,0,0,1,1,2,1,18,4,124,1,2,4,1,4
2.02E+12,1,9,0,9,0,6,0,0,0,0,4,1,6,1,87,11,1339,1,2,7,3,7
2.02E+12,2,9,0,18,0,1,0,0,7,1,4,1,6,2,31,6,1124,1,11,7,2,7
2.02E+12,1,5,0,13,0,1,0,0,0,0,1,1,6,1,64,9,1170,1,1,9,1,9
2.02E+12,2,9,0,9,0,6,0,0,0,0,1,1,1,1,23,5,1332,1,8,8,1,8
2.02E+12,1,9,0,18,0,1,0,4,0,0,1,1,6,1,30,6,1364,1,1,10,1,10
2.02E+12,1,9,0,9,0,8,0,0,0,0,1,1,6,1,38,7,1834,1,14,4,1,4
2.02E+12,1,9,0,9,0,8,0,0,0,0,4,1,6,1,52,8,998,1,6,6,1,6
2.02E+12,1,9,0,5,9,6,0,0,0,0,1,1,6,2,44,7,1199,1,14,6,1,6
2.02E+12,2,9,0,18,0,8,0,0,0,0,4,1,6,1,72,10,1323,1,15,6,1,6
2.02E+12,1,9,0,9,0,1,0,0,0,0,1,1,6,2,43,7,1398,2,12,1,1,1
2.02E+12,2,9,0,18,0,1,0,0,0,0,1,1,3,1,34,6,1896,2,13,3,1,3
2.02E+12,1,5,0,18,0,8,0,0,0,0,1,1,6,2,25,5,600,1,14,9,1,9
2.02E+12,2,19,0,18,0,8,0,0,0,0,4,1,6,1,60,9,1753,2,8,5,1,5
2.02E+12,1,9,0,9,0,6,0,0,0,0,1,1,2,2,42,7,1598,1,10,6,1,6
2.02E+12,1,9,0,10,0,5,0,0,0,0,1,1,1,1,32,6,1580,8,1,5,1,5
2.02E+12,1,9,0,7,0,6,0,0,0,0,1,1,6,2,28,6,1799,1,10,3,1,3
2.02E+12,2,9,0,18,0,1,0,0,0,0,3,1,6,1,46,8,2494,1,14,6,1,6
2.02E+12,2,9,0,18,0,8,0,0,7,0,4,1,6,2,57,9,1197,1,2,3,1,3
2.02E+12,1,9,0,9,0,8,0,0,0,0,4,2,2,1,28,6,1910,2,12,4,1,4
2.02E+12,1,9,0,18,0,6,0,0,0,0,0,1,6,2,64,9,1240,1,14,6,1,6
2.02E+12,1,9,0,9,0,5,0,0,0,0,3,1,2,2,53,8,1386,1,9,10,1,10
2.02E+12,2,5,0,13,0,1,0,0,7,0,4,1,2,1,56,9,1255,1,2,6,3,6
2.02E+12,1,9,0,5,0,1,0,0,0,0,1,1,6,2,42,7,998,1,5,4,1,4
2.02E+12,2,9,0,3,0,1,0,0,0,0,2,1,6,2,46,8,1598,1,11,1,1,1
2.02E+12,3,9,0,5,0,1,0,0,0,0,2,1,6,2,40,7,1598,2,5,10,1,10
2.02E+12,1,9,0,4,0,1,0,0,0,0,2,1,6,1,76,11,1328,1,7,6,2,6
2.02E+12,2,9,0,18,0,1,0,0,0,0,1,1,6,2,18,4,1242,1,10,4,1,4
2.02E+12,1,9,0,3,0,1,0,0,0,0,1,1,6,2,46,8,1984,1,13,9,1,9
2.02E+12,2,9,0,3,0,1,0,0,0,0,2,1,6,1,42,7,1968,2,4,4,1,4
2.02E+12,1,9,0,17,0,8,0,0,7,7,3,1,6,1,30,6,1995,2,10,7,1,7
2.02E+12,2,9,0,16,0,8,0,0,0,0,3,1,6,1,72,10,1242,1,5,10,1,10
2.02E+12,1,19,0,7,0,5,0,0,0,0,4,1,1,1,44,7,1868,2,13,1,1,1
2.02E+12,1,9,0,18,0,1,0,0,0,0,1,1,1,2,18,4,1299,1,10,7,3,7
2.02E+12,2,9,0,9,0,1,0,0,0,0,1,1,2,2,29,6,1390,1,12,9,1,9
2.02E+12,1,9,0,9,0,1,0,0,0,0,1,1,6,2,56,9,1242,1,7,10,1,10
2.02E+12,1,9,0,9,0,6,0,0,0,0,3,1,2,1,18,4,1242,1,12,5,1,5
2.02E+12,2,9,0,17,0,8,0,0,0,0,1,1,6,2,18,4,1149,1,14,7,1,7
2.02E+12,1,19,0,7,0,1,0,0,0,0,4,1,1,1,25,5,1995,2,1,10,1,10
2.02E+12,1,19,0,9,0,6,0,0,0,0,1,1,6,1,48,8,2143,2,3,9,1,9
2.02E+12,1,9,0,17,0,6,0,0,0,0,1,1,6,1,29,6,1968,2,9,4,1,4
2.02E+12,2,2,0,18,0,4,0,0,0,0,4,1,1,2,50,8,50,1,10,3,1,3
2.02E+12,1,9,0,18,0,8,0,0,0,0,1,1,6,1,62,9,1398,1,2,1,1,1
2.02E+12,2,9,0,17,0,1,0,0,0,0,3,1,6,2,29,6,1242,1,7,4,1,4
2.02E+12,1,9,0,9,0,6,0,0,0,0,1,1,6,1,77,11,1590,1,4,7,2,7
2.02E+12,2,9,0,18,0,8,2,0,7,1,4,1,6,1,21,5,1994,1,15,7,2,7
2.02E+12,1,9,0,7,0,6,0,0,0,0,1,1,6,1,55,8,1390,1,20,10,1,10
2.02E+12,1,9,0,9,0,5,0,0,0,0,1,1,6,1,37,7,1560,2,8,4,1,4
2.02E+12,2,9,0,18,0,8,0,0,0,0,1,1,6,1,38,7,2996,1,12,6,2,6
2.02E+12,1,9,0,18,0,1,2,0,0,0,1,1,6,2,34,6,1586,1,1,3,2,3
2.02E+12,2,9,0,10,0,1,0,0,0,0,2,1,6,2,65,9,999,1,3,10,1,10
2.02E+12,1,3,0,18,0,8,0,0,0,0,0,1,6,1,17,4,124,1,2,5,1,5
2.02E+12,1,9,0,9,0,6,0,0,0,0,1,1,2,1,42,7,1984,1,23,1,1,1
2.02E+12,2,3,0,18,0,1,0,0,0,0,1,1,6,1,29,6,125,1,1,4,1,4
2.02E+12,1,9,0,9,0,2,0,0,0,0,3,1,1,2,33,6,1896,2,15,6,1,6
2.02E+12,2,9,0,18,0,1,0,0,0,0,1,1,2,2,47,8,1997,1,12,7,1,7
2.02E+12,1,3,0,13,0,1,0,0,0,0,1,1,6,1,31,6,125,1,12,6,2,6
2.02E+12,2,9,0,9,0,6,0,0,0,0,4,1,6,1,25,5,1598,2,1,10,1,10
2.02E+12,1,9,0,5,0,6,0,0,0,0,4,1,6,1,20,4,998,1,11,5,1,5
2.02E+12,1,9,0,4,0,1,0,0,0,0,1,1,6,2,28,6,1799,1,9,10,1,10
2.02E+12,2,9,0,4,0,1,0,0,0,0,1,1,6,2,60,9,1339,1,7,6,1,6
2.02E+12,3,9,0,3,0,1,0,0,0,0,2,1,6,1,33,6,1795,1,17,7,1,7
2.02E+12,1,9,0,4,0,6,0,0,0,0,1,1,6,1,84,11,1686,2,4,9,1,9
2.02E+12,2,19,0,18,0,1,0,0,0,0,2,1,6,1,55,8,1753,2,11,6,1,6
2.02E+12,1,9,0,18,9,2,0,0,1,0,1,1,6,1,23,5,1686,2,11,7,1,7
2.02E+12,1,9,0,9,0,1,0,0,0,0,3,1,6,2,44,7,2400,2,7,10,1,10
2.02E+12,2,2,0,13,0,1,1,0,0,0,1,1,6,1,17,4,49,1,4,3,1,3
2.02E+12,2,9,0,4,0,4,0,0,0,0,2,1,6,2,50,8,1498,1,1,5,1,5
2.02E+12,1,19,0,9,0,6,0,0,0,0,1,1,6,1,41,7,2370,2,24,9,1,9
2.02E+12,2,5,0,14,0,1,0,0,0,0,3,1,6,1,59,9,1300,1,1,6,1,6
2.02E+12,1,9,0,7,0,5,0,0,0,0,4,1,6,2,60,9,1422,2,3,6,1,6
2.02E+12,2,9,0,18,0,1,0,0,0,0,1,1,6,2,52,8,1598,1,15,8,2,8
2.02E+12,1,4,0,7,0,5,0,0,0,0,3,1,6,1,65,9,198,1,14,1,1,1
2.02E+12,1,9,4,9,0,2,4,0,0,0,0,1,6,1,58,9,2198,1,15,7,1,7
2.02E+12,1,9,0,18,0,1,0,0,0,0,1,1,2,2,32,6,1975,1,9,7,1,7
2.02E+12,2,9,0,4,0,1,0,0,0,0,2,1,2,2,58,9,1598,1,4,4,1,4
2.02E+12,3,9,0,4,0,1,0,0,0,0,2,1,2,2,44,7,1997,2,15,8,1,8
2.02E+12,2,9,0,9,0,5,0,0,0,0,3,1,6,2,47,8,1591,1,2,10,1,10
2.02E+12,1,5,0,14,0,1,1,0,0,0,1,1,2,1,27,6,599,1,14,9,1,9
2.02E+12,2,9,0,18,0,6,0,0,0,0,1,1,2,1,46,8,2495,2,16,7,3,7
2.02E+12,1,9,0,16,0,1,0,0,0,0,1,1,6,1,41,7,1598,2,2,9,1,9
2.02E+12,2,9,0,10,0,1,0,0,0,0,2,1,6,2,54,8,1968,2,5,9,2,9
2.02E+12,1,11,0,18,0,8,0,0,0,0,1,1,1,1,57,9,6374,2,8,4,1,4
2.02E+12,1,9,0,9,0,6,0,0,0,0,3,1,2,2,25,5,1339,1,12,3,1,3
2.02E+12,2,3,0,4,0,5,1,0,0,0,1,1,6,1,64,9,125,1,1,3,1,3
2.02E+12,2,9,0,18,0,1,0,0,0,0,1,1,6,2,25,5,1390,1,16,6,3,6
2.02E+12,1,9,0,9,0,6,0,0,0,0,1,1,6,1,33,6,1339,1,7,9,1,9
2.02E+12,1,9,0,18,0,8,0,0,0,0,3,1,1,2,22,5,998,1,10,2,1,2
2.02E+12,2,5,0,18,0,8,1,0,5,6,1,1,6,1,24,5,750,1,5,9,2,9
2.02E+12,1,9,0,18,0,1,0,0,0,0,1,1,6,1,50,8,1686,2,13,9,2,9
2.02E+12,1,9,0,18,0,8,0,0,0,0,1,1,6,1,27,6,1998,1,14,5,1,5
2.02E+12,2,9,0,5,0,8,0,0,0,0,1,1,6,2,57,9,2191,2,2,8,1,8
2.02E+12,1,5,0,18,0,8,0,0,0,0,1,1,6,1,33,6,599,1,20,8,3,8
2.02E+12,2,9,0,9,0,1,0,0,0,0,2,1,6,2,81,11,1242,1,5,9,2,9
2.02E+12,1,9,0,10,0,6,0,0,0,0,3,1,2,2,48,8,2494,1,18,2,1,2
2.02E+12,2,5,0,18,0,8,1,0,0,0,1,1,2,1,34,6,599,1,12,8,1,8
2.02E+12,2,9,0,18,0,1,0,0,0,0,1,1,6,2,33,6,1390,1,16,9,1,9
2.02E+12,1,9,0,7,0,5,0,0,0,0,4,1,6,1,67,10,898,1,2,6,1,6