Accident_Index,Vehicle_Reference,Vehicle_Type,Towing_and_Articulation,Vehicle_Manoeuvre,Vehicle_Location-Restricted_Lane,Junction_Location,Skidding_and_Overturning,Hit_Object_in_Carriageway,Vehicle_Leaving_Carriageway,Hit_Object_off_Carriageway,1st_Point_of_Impact,Was_Vehicle_Left_Hand_Drive?,Journey_Purpose_of_Driver,Sex_of_Driver,Age_of_Driver,Age_Band_of_Driver,Engine_Capacity_(CC),Propulsion_Code,Age_of_Vehicle,Driver_IMD_Decile,Driver_Home_Area_Type,Vehicle_IMD_Decile
2.02E+12,1,9,0,18,0,8,0,0,7,11,1,1,2,2,30,6,1496,1,2,4,1,4
2.02E+12,2,9,0,5,0,6,0,11,1,0,3,1,6,2,26,6,1796,1,17,7,2,7
2.02E+12,1,5,0,18,0,8,1,0,1,0,3,1,6,1,25,5,749,1,12,5,1,5
2.02E+12,2,9,0,9,0,6,0,0,0,0,4,1,6,2,38,7,1796,1,10,3,1,3
2.02E+12,2,9,0,5,0,2,0,0,0,0,4,1,6,1,58,9,1995,2,11,3,1,3
2.02E+12,1,9,0,18,0,8,0,0,0,0,1,1,6,2,57,9,1299,1,10,10,1,10
2.02E+12,2,9,0,18,0,8,0,0,0,0,1,1,6,2,40,7,2993,2,1,10,1,10
2.02E+12,2,9,0,4,0,1,0,0,0,0,1,1,3,2,27,6,1229,1,5,3,1,3
2.02E+12,1,9,0,9,0,6,0,0,0,0,1,1,6,1,73,10,1390,1,6,6,1,6
2.02E+12,2,9,0,18,0,1,0,0,0,0,1,1,2,1,54,8,1388,1,19,8,1,8
2.02E+12,1,9,0,18,0,1,0,0,0,0,3,1,6,2,48,8,1124,1,14,2,1,2
2.02E+12,1,9,0,9,0,8,0,0,0,0,4,1,6,2,56,9,1781,1,12,9,1,9
2.02E+12,2,2,0,18,0,8,0,0,0,0,1,1,2,2,61,9,98,1,2,6,1,6
2.02E+12,1,3,0,13,0,1,0,0,0,0,1,1,6,1,21,5,125,1,13,6,2,6
2.02E+12,2,9,0,9,0,5,0,0,0,0,3,1,2,2,30,6,998,1,2,6,3,6
2.02E+12,1,9,0,7,0,1,0,0,0,0,1,1,6,1,42,7,995,1,9,7,1,7
2.02E+12,1,5,0,9,0,5,0,0,0,0,3,1,2,1,33,6,636,1,2,1,1,1
2.02E+12,1,3,0,18,0,8,1,0,0,0,1,1,2,1,17,4,124,1,2,6,3,6
2.02E+12,2,9,0,18,0,8,0,0,0,0,2,1,2,1,23,5,998,1,8,7,2,7
2.02E+12,1,9,0,9,0,5,0,0,0,0,2,1,6,2,39,7,1997,2,11,3,1,3
2.02E+12,1,10,0,9,0,8,0,0,0,0,1,1,1,1,51,8,2402,2,10,5,1,5
2.02E+12,2,3,0,14,0,1,0,0,0,0,1,1,2,1,31,6,125,1,1,7,1,7
2.02E+12,1,3,0,13,0,8,0,0,0,0,1,1,2,1,22,5,124,1,1,5,1,5
2.02E+12,2,9,0,9,0,5,0,0,0,0,3,1,2,1,19,4,1197,1,1,8,1,8
2.02E+12,1,9,0,6,0,1,0,0,0,0,1,1,6,2,46,8,1200,1,2,1,2,1
2.02E+12,2,9,0,13,0,1,1,0,0,0,1,1,6,1,27,6,1781,1,14,3,1,3
2.02E+12,1,9,0,5,0,8,0,0,0,0,3,1,6,2,79,11,1951,2,14,10,2,10
2.02E+12,2,9,0,18,0,1,0,0,7,0,1,1,6,1,19,4,1199,2,4,8,1,8
2.02E+12,2,9,0,8,0,1,0,0,0,0,1,1,2,2,23,5,1997,2,12,8,1,8
2.02E+12,1,9,0,5,0,8,0,4,0,0,1,1,6,2,28,6,1686,2,14,6,1,6
2.02E+12,2,9,0,18,0,8,0,4,0,0,1,1,6,1,83,11,1560,2,6,4,1,4
2.02E+12,1,9,0,18,0,8,0,0,1,7,1,1,6,1,24,5,1686,2,6,10,3,10
2.02E+12,2,9,0,18,0,8,0,0,0,0,1,1,6,1,32,6,2993,2,1,4,1,4
2.02E+12,2,9,0,4,0,4,0,0,0,0,2,1,6,2,59,9,1796,1,15,3,1,3
2.02E+12,1,9,0,18,0,8,0,0,0,0,1,1,6,2,56,9,1198,1,9,9,1,9
2.02E+12,2,9,0,10,0,1,0,0,0,0,2,1,6,2,38,7,999,1,2,10,2,10
2.02E+12,1,3,0,18,0,4,1,0,0,0,4,1,1,1,19,4,124,1,9,9,1,9
2.02E+12,2,9,0,18,0,4,0,0,0,0,1,1,6,2,43,7,1799,1,10,8,1,8
2.02E+12,1,9,0,7,0,6,0,0,0,0,1,2,6,1,30,6,999,1,4,10,1,10
2.02E+12,2,11,0,18,0,1,0,0,0,0,1,2,1,1,40,7,5900,2,12,5,3,5
2.02E+12,1,3,0,14,0,1,1,0,0,0,1,1,2,1,42,7,123,1,1,3,2,3
2.02E+12,2,9,0,9,0,6,0,0,0,0,4,1,2,2,24,5,1598,1,10,9,1,9
2.02E+12,1,5,0,4,0,1,0,0,0,0,0,1,6,1,55,8,1157,1,26,5,1,5
2.02E+12,1,11,0,18,0,8,0,0,0,0,1,1,1,1,59,9,3900,2,12,1,1,1
2.02E+12,2,9,0,18,0,4,0,0,0,0,1,1,6,2,76,11,1396,1,6,7,1,7
2.02E+12,1,9,0,5,0,4,0,0,0,0,3,1,2,1,28,6,1398,1,2,7,1,7
2.02E+12,1,9,0,7,0,6,0,0,0,0,1,1,6,1,63,9,2179,2,9,7,3,7
2.02E+12,1,3,0,18,0,1,0,0,0,0,0,1,6,1,76,11,124,1,13,8,1,8
2.02E+12,1,5,0,3,0,1,0,0,0,0,1,1,2,1,64,9,1000,1,2,6,1,6
2.02E+12,2,9,0,3,0,1,0,0,0,0,0,1,2,2,50,8,1995,2,13,4,1,4
2.02E+12,1,9,0,5,0,6,0,0,0,0,1,1,6,2,62,9,1206,1,6,2,1,2
2.02E+12,1,4,0,4,0,1,1,0,0,0,1,1,6,1,19,4,125,1,1,5,1,5
2.02E+12,1,9,0,9,4,5,0,0,0,0,4,1,2,1,61,9,1689,2,18,5,1,5
2.02E+12,1,19,0,7,0,5,0,0,0,0,4,1,1,1,33,6,1968,2,11,1,1,1
2.02E+12,1,9,0,9,0,8,0,7,0,0,4,1,6,2,20,4,1587,1,18,9,1,9
2.02E+12,2,9,0,18,0,8,0,0,0,0,1,1,6,2,26,6,1242,1,14,4,1,4
2.02E+12,1,9,0,7,0,6,0,0,0,0,1,1,6,2,21,5,1598,1,10,9,1,9
2.02E+12,2,5,0,18,0,1,0,0,0,0,1,1,6,1,27,6,781,1,17,8,1,8
2.02E+12,2,9,0,7,0,5,0,0,0,0,1,1,6,1,26,6,1390,1,16,3,1,3
2.02E+12,1,9,0,18,0,1,0,0,0,0,1,1,6,1,21,5,1600,1,13,6,1,6
2.02E+12,2,9,0,4,0,4,0,0,0,0,2,1,6,2,39,7,1598,2,2,2,1,2
2.02E+12,1,9,0,18,0,1,0,0,0,0,1,1,6,2,73,10,1332,1,21,8,1,8
2.02E+12,2,9,0,9,0,6,0,0,0,0,1,1,6,1,42,7,1598,1,18,8,1,8
2.02E+12,1,9,0,5,0,4,0,0,0,0,3,1,6,1,82,11,1598,1,4,5,1,5
2.02E+12,2,9,0,3,0,1,0,0,0,0,2,1,6,1,28,6,2143,2,2,6,1,6
2.02E+12,1,9,0,9,0,5,0,0,0,0,1,1,6,2,45,7,998,1,1,8,1,8
2.02E+12,2,9,0,14,0,1,0,0,0,0,1,1,1,1,44,7,1968,2,2,7,1,7
2.02E+12,1,9,0,4,0,1,0,0,0,0,1,1,6,2,56,9,999,1,3,4,2,4
2.02E+12,2,9,0,8,0,1,0,0,0,0,2,1,2,2,41,7,1493,2,13,7,1,7
2.02E+12,1,9,0,18,0,8,0,0,0,0,3,1,2,1,55,8,1896,2,15,3,1,3
2.02E+12,2,5,0,7,0,8,0,0,4,0,4,1,2,1,25,5,599,1,12,3,1,3
2.02E+12,1,9,0,18,0,2,0,7,0,0,1,1,6,2,59,9,1242,1,2,10,1,10
2.02E+12,2,9,0,9,0,2,0,0,0,0,1,1,6,1,83,11,1339,1,7,7,1,7
2.02E+12,3,9,0,18,0,2,0,0,0,0,1,1,6,1,34,6,1364,1,6,3,1,3
2.02E+12,1,9,0,7,0,1,0,0,0,0,4,1,6,2,73,10,1796,1,17,7,1,7
2.02E+12,1,11,0,18,0,6,0,0,0,0,1,1,1,1,52,8,10518,2,5,8,1,8
2.02E+12,2,9,0,18,0,6,0,0,0,0,2,1,6,1,66,10,1395,1,1,10,1,10
2.02E+12,2,9,0,18,0,1,0,0,0,0,1,1,6,2,26,6,1349,1,8,9,1,9
2.02E+12,2,8,0,18,0,1,0,0,0,0,1,1,1,1,39,7,1997,2,7,3,1,3
2.02E+12,1,9,0,18,0,1,0,0,0,0,1,1,1,1,52,8,3311,8,10,5,1,5
2.02E+12,2,9,0,3,0,1,0,0,0,0,2,1,1,2,31,6,1596,1,11,4,1,4
2.02E+12,1,9,0,7,0,6,0,0,0,0,1,1,6,2,35,6,1951,2,13,6,3,6
2.02E+12,2,9,0,18,0,4,0,0,0,0,3,1,1,1,32,6,2191,2,2,10,1,10
2.02E+12,1,9,0,18,0,1,1,0,0,0,1,1,6,1,82,11,1598,1,19,5,1,5
2.02E+12,2,9,0,3,0,1,0,0,0,0,2,1,6,1,50,8,1991,2,9,10,1,10
2.02E+12,1,9,0,9,0,6,0,0,0,0,3,1,2,2,41,7,1984,1,11,3,1,3
2.02E+12,2,9,0,18,0,1,1,0,0,0,1,1,2,1,23,5,1124,1,16,7,1,7
2.02E+12,1,9,0,5,0,4,0,0,0,0,1,1,6,1,46,8,3956,1,17,7,1,7
2.02E+12,1,9,0,9,0,6,0,0,0,0,1,1,6,2,21,5,1753,2,12,5,1,5
2.02E+12,2,3,0,14,0,8,0,0,7,0,4,1,2,1,20,4,125,1,1,5,1,5
2.02E+12,1,9,0,18,0,6,0,0,0,0,3,1,6,1,63,9,1398,1,2,6,1,6
2.02E+12,2,9,0,18,0,8,0,0,0,0,1,1,1,1,25,5,998,1,19,5,1,5
2.02E+12,1,9,0,9,0,6,0,0,0,0,1,1,6,1,27,6,1248,2,6,5,3,5
2.02E+12,2,5,0,17,0,1,1,0,0,0,1,1,6,1,55,8,1150,1,15,7,1,7
2.02E+12,2,9,0,18,0,8,0,0,0,0,3,1,6,2,26,6,1328,1,10,4,1,4
2.02E+12,2,9,0,16,0,1,0,0,0,0,1,1,6,1,24,5,1560,2,3,2,1,2
2.02E+12,1,9,0,7,0,5,0,0,0,0,4,1,6,1,48,8,1329,1,4,4,1,4
2.02E+12,1,9,0,7,0,6,0,0,0,0,1,1,6,2,65,9,1206,1,4,6,1,6
2.02E+12,1,4,0,13,0,1,0,0,0,0,4,1,6,1,26,6,800,1,4,5,1,5
2.02E+12,2,9,0,9,0,5,0,0,0,0,1,1,6,2,19,4,998,1,19,9,1,9
2.02E+12,1,9,0,9,0,8,0,0,0,0,3,1,6,1,74,10,5461,1,7,8,1,8
2.02E+12,2,5,0,18,0,8,0,0,0,0,4,1,6,1,57,9,998,1,9,5,3,5
2.02E+12,1,19,0,7,0,5,0,0,0,0,4,1,2,1,44,7,1461,2,6,3,1,3
2.02E+12,2,3,0,15,0,1,1,0,0,0,1,1,6,2,37,7,124,1,4,3,1,3
2.02E+12,2,9,0,17,0,1,0,0,0,0,4,1,6,1,42,7,1781,1,12,7,1,7
2.02E+12,2,9,0,9,9,6,0,0,0,0,4,1,3,2,37,7,1461,2,1,6,1,6
2.02E+12,1,9,0,1,9,6,0,0,0,0,2,1,6,2,37,7,1560,2,9,4,1,4
2.02E+12,2,9,0,9,0,1,0,0,0,0,2,1,2,2,38,7,1999,1,11,5,1,5
2.02E+12,1,9,0,9,0,6,0,0,0,0,3,1,6,1,58,9,1598,2,5,10,1,10
2.02E+12,2,9,0,18,0,8,2,0,7,11,1,1,6,2,22,5,999,1,1,5,3,5
2.02E+12,2,9,0,9,0,6,0,0,0,0,3,1,6,1,64,9,2401,2,15,4,1,4
2.02E+12,1,90,0,18,0,3,5,0,0,0,0,1,1,1,47,8,2800,2,2,5,1,5
2.02E+12,1,9,0,18,0,2,0,0,0,0,1,1,6,2,53,8,1198,1,3,1,1,1
2.02E+12,1,9,0,18,0,4,1,0,4,2,1,1,2,2,21,5,1229,1,6,9,1,9
2.02E+12,1,9,0,9,0,5,0,0,0,0,4,1,6,2,68,10,999,1,7,7,1,7
2.02E+12,1,9,0,18,0,1,1,0,1,0,1,1,6,1,29,6,1598,1,16,6,3,6
2.02E+12,2,9,0,9,0,2,0,0,0,0,4,1,6,1,60,9,1997,2,17,6,3,6
2.02E+12,1,9,0,9,0,6,0,0,0,0,3,1,6,1,75,10,1999,1,9,7,3,7
2.02E+12,2,19,0,18,0,8,0,0,0,0,1,1,2,1,66,10,1870,2,11,7,2,7
2.02E+12,1,19,0,9,4,1,0,0,0,0,3,1,6,1,51,8,1870,2,11,7,1,7
2.02E+12,1,9,0,7,0,1,0,0,0,0,4,1,6,1,47,8,998,1,17,6,1,6
2.02E+12,1,9,0,7,0,5,5,0,1,4,1,1,6,2,30,6,1896,2,14,3,1,3
2.02E+12,1,8,0,5,0,4,0,0,0,0,1,1,1,1,39,7,1797,8,2,6,1,6
2.02E+12,1,9,0,18,0,1,0,0,0,0,1,1,1,1,42,7,2143,2,1,5,1,5
2.02E+12,2,8,0,9,0,5,0,0,7,11,4,1,1,1,58,9,1598,2,5,5,1,5
2.02E+12,1,9,0,18,0,8,5,0,3,11,1,1,6,1,86,11,1299,1,19,8,1,8
2.02E+12,1,9,0,9,0,5,0,0,0,0,4,1,6,1,44,7,1396,1,17,10,1,10
2.02E+12,1,9,0,18,0,1,0,0,0,0,1,1,6,1,48,8,1497,1,11,4,1,4
2.02E+12,2,9,0,8,0,1,0,0,0,0,2,1,1,1,58,9,1968,2,3,7,1,7
2.02E+12,1,8,0,9,0,6,0,0,0,0,1,1,1,1,67,10,1598,2,6,6,1,6
2.02E+12,1,9,0,14,0,1,1,0,3,11,1,1,6,2,19,4,1994,1,12,8,1,8
2.02E+12,1,9,0,18,0,1,0,0,0,0,4,1,6,1,31,6,1781,1,16,3,1,3
2.02E+12,2,9,0,18,0,1,1,0,0,0,1,1,6,2,49,8,1998,1,1,9,1,9
2.02E+12,1,9,0,7,0,8,0,0,0,0,1,1,6,2,31,6,1598,1,12,5,3,5
2.02E+12,2,9,0,9,0,8,0,0,0,0,4,1,1,2,44,7,1364,1,4,5,1,5
2.02E+12,1,19,0,9,0,8,0,0,0,0,1,1,6,1,42,7,1995,2,10,7,1,7
2.02E+12,2,9,0,18,0,1,0,0,0,0,1,1,6,2,35,6,1984,1,16,2,1,2
2.02E+12,1,9,0,10,0,7,0,0,0,0,3,1,6,1,33,6,1248,2,4,5,1,5
2.02E+12,2,3,0,13,0,5,0,0,0,0,1,1,6,1,26,6,125,1,10,7,1,7
2.02E+12,1,9,0,12,0,8,0,0,0,0,3,1,6,2,82,11,1596,1,9,9,2,9
2.02E+12,2,8,0,18,0,8,0,0,0,0,4,1,1,1,33,6,1598,2,4,6,1,6
2.02E+12,2,9,0,9,0,5,0,0,0,0,3,1,6,2,28,6,1242,1,8,5,1,5
2.02E+12,1,9,0,18,0,1,0,0,0,0,1,1,6,1,26,6,2179,2,11,3,1,3
2.02E+12,2,9,0,8,0,1,0,0,0,0,2,1,6,2,51,8,999,1,4,7,1,7
2.02E+12,2,9,0,4,0,1,0,0,0,0,2,1,6,2,56,9,1968,2,1,8,2,8
2.02E+12,3,9,0,10,0,1,0,0,0,0,2,1,6,1,54,8,2191,2,3,3,1,3
2.02E+12,1,8,0,9,0,8,0,0,0,0,1,1,2,1,41,7,1797,8,4,5,1,5
2.02E+12,2,9,0,18,0,8,0,0,0,0,1,1,6,1,20,4,998,1,6,6,1,6
2.02E+12,1,9,0,9,0,1,0,0,1,2,1,1,6,2,72,10,1991,2,9,10,1,10
2.02E+12,1,9,0,5,0,6,0,0,0,0,3,1,1,1,28,6,1598,2,5,6,1,6
2.02E+12,1,5,0,18,0,1,0,0,0,0,1,1,6,1,18,4,999,1,8,7,1,7
2.02E+12,2,9,0,9,0,8,0,0,0,0,4,1,6,2,67,10,1332,1,4,6,1,6
2.02E+12,2,9,0,18,0,4,0,0,0,0,1,1,6,1,18,4,1388,1,6,10,1,10
2.02E+12,1,9,0,18,0,2,0,0,0,0,1,1,6,2,90,11,1240,1,7,6,1,6
2.02E+12,2,9,0,4,0,1,0,0,0,0,1,1,6,1,30,6,1968,2,2,8,1,8
2.02E+12,1,9,0,7,0,6,0,0,0,0,3,1,6,1,47,8,1499,2,2,4,1,4
2.02E+12,1,21,1,9,0,4,0,0,0,0,2,1,6,1,28,6,11946,2,5,7,1,7
2.02E+12,2,9,0,18,0,4,0,0,0,0,1,1,6,2,18,4,1240,1,13,7,1,7
2.02E+12,1,9,0,18,0,1,0,0,0,0,2,1,6,2,76,11,1242,1,6,5,1,5
2.02E+12,2,9,0,18,0,1,0,0,0,0,2,1,6,2,84,11,1339,1,2,5,1,5
2.02E+12,1,9,0,7,0,5,0,0,0,0,4,1,6,2,29,6,1124,1,12,4,1,4
2.02E+12,2,11,0,18,2,1,0,0,0,0,1,1,1,1,31,6,6700,2,9,3,1,3
2.02E+12,1,9,0,7,0,6,0,0,0,0,1,1,6,2,64,9,2993,2,5,7,1,7
2.02E+12,2,9,0,18,0,8,0,0,1,4,4,1,6,2,59,9,1968,2,8,7,1,7
2.02E+12,1,9,0,4,0,1,1,0,0,0,1,1,2,1,25,5,1686,2,13,5,1,5
2.02E+12,1,9,0,1,9,6,0,0,0,0,2,1,6,2,19,4,998,1,5,6,2,6
2.02E+12,1,19,0,4,0,2,0,0,0,0,2,1,6,1,40,7,1968,2,4,4,1,4
2.02E+12,1,9,0,9,0,8,0,0,0,0,1,1,6,2,17,4,998,1,10,9,1,9
2.02E+12,2,5,0,18,0,8,0,0,0,0,4,1,6,1,25,5,675,1,10,4,1,4
2.02E+12,1,9,0,18,0,8,0,0,0,0,1,1,6,2,27,6,1995,2,11,9,1,9
2.02E+12,2,9,0,18,0,8,0,0,0,0,2,1,6,2,37,7,1198,1,2,9,1,9
2.02E+12,3,9,0,18,0,8,0,0,0,0,2,1,6,1,41,7,1497,1,16,9,1,9
2.02E+12,4,9,0,18,0,8,0,0,0,0,0,1,6,2,51,8,2979,1,14,8,1,8
2.02E+12,1,9,0,18,0,1,0,0,0,0,1,1,6,1,20,4,1198,1,13,10,2,10
2.02E+12,2,9,0,10,0,5,0,0,0,0,2,1,2,2,68,10,1198,1,9,9,2,9
2.02E+12,1,9,0,4,0,1,0,0,0,0,1,1,6,2,31,6,1397,1,14,1,1,1
2.02E+12,2,9,0,4,0,1,0,0,0,0,2,1,6,1,17,4,1198,1,9,2,1,2
2.02E+12,1,9,0,9,0,8,0,0,0,0,1,1,6,1,82,11,1242,1,4,9,1,9
2.02E+12,2,3,0,18,0,8,0,0,0,0,1,1,2,1,54,8,125,1,1,2,1,2
2.02E+12,2,9,0,18,0,1,0,0,0,0,2,1,6,2,64,9,3436,1,3,7,3,7
2.02E+12,3,9,0,18,0,1,0,0,0,0,1,1,6,2,21,5,998,1,19,6,1,6
2.02E+12,1,90,0,5,0,1,0,0,0,0,1,1,6,1,61,9,1997,2,3,6,3,6
2.02E+12,2,9,0,5,0,1,0,0,0,0,2,1,6,1,32,6,1999,1,11,4,1,4
2.02E+12,1,4,0,18,0,8,1,0,0,0,2,1,2,1,25,5,125,1,1,6,1,6
2.02E+12,2,9,0,3,0,1,0,0,0,0,3,1,6,2,48,8,4196,1,11,5,3,5
2.02E+12,1,9,0,9,0,6,0,0,0,0,1,1,6,2,36,7,1998,1,13,8,1,8
2.02E+12,2,5,0,13,0,1,0,0,0,0,1,1,2,1,61,9,996,1,14,1,1,1
2.02E+12,1,3,0,9,0,3,0,0,0,0,3,1,6,2,17,4,124,1,1,1,2,1
2.02E+12,1,9,0,7,0,5,0,0,0,0,4,1,6,1,34,6,1198,1,4,3,1,3
2.02E+12,2,4,0,15,0,1,0,0,0,0,1,1,6,1,20,4,249,1,1,5,1,5
2.02E+12,3,9,0,10,0,6,0,0,0,0,4,1,6,1,64,9,2199,2,2,9,1,9
2.02E+12,2,19,0,1,9,6,0,0,0,0,3,1,2,1,28,6,1968,2,7,3,1,3
2.02E+12,1,9,0,5,0,6,0,0,0,0,1,1,6,2,49,8,1968,2,7,7,2,7
2.02E+12,1,9,0,18,0,2,0,12,0,0,1,1,6,2,31,6,1560,2,9,7,1,7
2.02E+12,1,9,0,18,0,2,0,0,0,0,1,1,6,1,29,6,1199,1,16,3,1,3
2.02E+12,1,9,0,7,0,7,0,0,0,0,1,1,2,2,50,8,1242,1,3,6,1,6
2.02E+12,2,9,0,3,0,2,0,0,0,0,2,1,2,1,26,6,1896,2,12,7,1,7
2.02E+12,3,9,0,3,0,2,0,0,0,0,2,1,6,2,24,5,1461,2,1,1,1,1
2.02E+12,2,9,0,9,0,5,0,0,0,0,3,1,2,2,27,6,1598,1,10,6,1,6
2.02E+12,1,9,0,5,0,4,0,0,0,0,1,1,6,2,77,11,2435,1,15,2,1,2
2.02E+12,3,9,0,3,0,4,0,0,0,0,2,1,6,1,40,7,1598,1,1,3,1,3
2.02E+12,1,9,0,5,0,4,0,0,0,0,4,1,6,2,27,6,1597,2,2,9,1,9
2.02E+12,2,9,0,1,0,6,0,0,0,0,2,1,1,1,40,7,1397,1,15,7,3,7
2.02E+12,1,3,0,14,0,2,0,0,7,0,3,1,2,1,17,4,124,1,9,6,3,6
2.02E+12,1,9,0,18,0,1,0,0,0,0,1,1,2,1,26,6,1781,1,15,8,1,8
2.02E+12,2,9,0,9,0,8,0,0,0,0,1,1,2,2,28,6,1998,1,16,8,1,8
2.02E+12,1,9,0,9,0,6,0,0,0,0,3,1,2,1,22,5,1229,1,7,9,1,9
2.02E+12,2,9,0,18,0,1,0,0,0,0,1,1,2,1,20,4,1796,2,4,10,1,10
2.02E+12,1,9,0,18,0,1,0,0,0,0,1,1,6,2,23,5,1796,1,10,7,1,7
2.02E+12,2,9,0,18,0,1,0,0,0,0,2,1,6,1,31,6,2688,2,16,2,1,2
2.02E+12,1,19,0,18,0,1,0,0,0,0,1,1,1,1,46,8,2198,2,5,8,1,8
2.02E+12,2,9,0,4,0,1,0,0,0,0,2,1,2,2,28,6,1991,2,14,7,1,7
2.02E+12,3,9,0,4,0,1,0,0,0,0,2,1,6,2,41,7,1598,1,10,6,1,6
2.02E+12,1,9,0,18,0,8,0,0,0,0,1,1,6,2,68,10,1496,1,1,3,1,3
2.02E+12,2,8,0,18,0,8,0,0,0,0,2,1,1,1,59,9,1598,2,6,9,1,9
2.02E+12,1,9,0,9,0,2,0,0,0,0,1,1,6,1,55,8,1796,1,10,2,1,2
2.02E+12,2,5,0,3,0,1,0,0,0,0,2,1,6,1,54,8,1584,1,9,3,1,3
2.02E+12,3,5,0,3,0,1,0,0,0,0,2,1,6,1,59,9,1340,1,17,10,1,10
2.02E+12,2,9,0,5,0,2,0,0,0,0,1,1,6,1,56,9,1753,2,11,8,1,8
2.02E+12,1,9,0,18,0,1,1,0,0,0,1,1,2,1,20,4,1598,1,16,9,2,9
2.02E+12,1,9,0,9,0,5,0,0,0,0,4,1,6,1,64,9,1995,2,10,9,1,9
2.02E+12,2,5,0,18,0,1,0,0,0,0,1,1,6,1,33,6,749,1,13,9,3,9
2.02E+12,1,9,0,4,9,1,0,0,0,0,4,1,1,1,33,6,1753,2,8,5,1,5
2.02E+12,1,5,0,13,0,1,1,0,0,0,1,1,6,1,35,6,998,1,9,4,1,4
2.02E+12,2,9,0,18,0,2,0,0,0,0,1,1,6,1,22,5,1598,2,6,5,1,5
2.02E+12,1,9,0,7,0,6,0,0,0,0,1,1,6,2,33,6,1868,2,13,4,1,4
2.02E+12,2,9,0,18,0,8,0,0,0,0,4,1,6,1,35,6,1596,1,1,6,2,6
2.02E+12,2,9,0,18,0,2,0,0,0,0,3,1,2,1,55,8,2993,2,1,6,1,6
2.02E+12,1,9,0,5,0,4,0,0,0,0,1,1,6,2,36,7,1910,2,9,2,1,2
2.02E+12,2,9,0,3,0,4,0,0,0,0,2,1,6,2,41,7,1461,2,15,6,1,6
2.02E+12,1,9,0,5,0,2,0,0,0,0,4,1,1,1,27,6,1796,1,15,8,1,8
2.02E+12,1,9,0,18,0,1,0,0,0,0,1,1,6,2,19,4,1349,1,5,7,1,7
2.02E+12,2,9,0,4,0,1,0,0,0,0,2,1,6,2,64,9,1248,1,8,7,1,7
2.02E+12,3,9,0,10,0,1,0,0,0,0,2,1,6,1,68,10,1339,1,2,7,1,7
2.02E+12,1,9,0,18,0,1,0,7,0,0,1,1,6,1,73,10,1200,1,1,6,1,6
2.02E+12,1,2,0,18,0,1,0,0,7,0,4,1,6,1,17,4,124,1,29,6,1,6
2.02E+12,2,9,0,9,0,1,0,0,0,0,3,1,6,2,50,8,1995,1,11,6,1,6
2.02E+12,1,9,0,16,0,3,1,10,2,2,1,1,6,1,18,4,1198,1,13,3,1,3
2.02E+12,1,19,0,9,0,6,1,0,0,0,1,1,2,1,44,7,1598,2,1,5,1,5
2.02E+12,2,9,0,10,0,1,0,0,0,0,2,1,6,2,31,6,1197,1,1,6,2,6
2.02E+12,2,9,0,3,0,1,0,0,0,0,2,1,6,1,21,5,998,1,3,7,1,7
2.02E+12,2,3,0,17,0,3,0,0,0,0,1,1,6,1,48,8,123,1,26,4,1,4
2.02E+12,1,9,0,7,0,6,0,0,0,0,1,1,2,2,56,9,1197,1,1,2,2,2
2.02E+12,2,9,0,4,0,1,0,0,0,0,3,1,6,1,71,10,1388,1,6,9,1,9
2.02E+12,3,9,0,18,0,2,0,0,0,0,4,1,6,2,64,9,1364,1,1,9,3,9
2.02E+12,1,19,0,5,7,6,0,0,0,0,1,1,1,2,63,9,1753,2,8,8,1,8
2.02E+12,1,9,0,17,0,8,0,0,0,0,1,1,6,2,23,5,1242,1,5,3,1,3
2.02E+12,2,9,0,17,0,8,0,0,0,0,2,1,1,1,40,7,1968,2,3,6,1,6
2.02E+12,1,9,0,4,0,1,0,0,0,0,1,1,6,1,75,10,1596,1,6,10,2,10
2.02E+12,2,9,0,4,0,1,0,0,0,0,1,1,6,1,64,9,2179,2,9,6,3,6
2.02E+12,3,9,0,4,0,1,0,0,0,0,2,1,6,1,58,9,1951,2,12,10,2,10
2.02E+12,1,19,0,17,0,8,0,0,0,0,1,1,6,1,26,6,1560,2,5,2,1,2
2.02E+12,1,9,0,10,0,2,0,0,0,0,0,1,6,2,27,6,1242,1,8,4,1,4
2.02E+12,1,19,0,9,0,6,0,0,0,0,1,1,1,1,50,8,2283,2,16,2,1,2
2.02E+12,1,21,0,9,0,6,0,0,0,0,1,1,1,1,32,6,12777,2,8,6,2,6
2.02E+12,2,9,0,18,0,1,0,0,7,0,4,1,6,2,71,10,1198,1,2,6,1,6
2.02E+12,1,3,0,15,0,1,0,0,0,0,1,1,6,1,21,5,125,1,2,7,1,7
2.02E+12,2,9,0,9,0,5,0,0,0,0,3,1,6,2,37,7,1598,1,13,3,1,3
2.02E+12,1,9,0,18,0,8,0,0,0,0,1,1,6,1,60,9,2143,2,1,7,3,7
2.02E+12,2,9,0,18,0,8,0,0,0,0,3,2,6,2,56,9,1388,1,8,7,1,7
2.02E+12,1,9,0,18,0,8,1,0,4,6,4,1,6,1,46,8,2993,2,4,10,1,10
2.02E+12,2,21,4,9,0,8,0,0,0,0,1,1,1,1,53,8,12740,2,1,4,3,4
2.02E+12,1,2,0,18,0,1,1,0,0,0,0,1,6,1,26,6,49,1,3,8,1,8
2.02E+12,1,9,0,9,0,6,0,0,0,0,4,1,6,1,79,11,2793,1,20,10,1,10