Accident_Index,Vehicle_Reference,Vehicle_Type,Towing_and_Articulation,Vehicle_Manoeuvre,Vehicle_Location-Restricted_Lane,Junction_Location,Skidding_and_Overturning,Hit_Object_in_Carriageway,Vehicle_Leaving_Carriageway,Hit_Object_off_Carriageway,1st_Point_of_Impact,Was_Vehicle_Left_Hand_Drive?,Journey_Purpose_of_Driver,Sex_of_Driver,Age_of_Driver,Age_Band_of_Driver,Engine_Capacity_(CC),Propulsion_Code,Age_of_Vehicle,Driver_IMD_Decile,Driver_Home_Area_Type,Vehicle_IMD_Decile
2.02E+12,2,3,0,18,0,1,0,0,0,0,1,1,6,1,21,5,125,1,2,2,1,2
2.02E+12,1,9,0,9,0,6,0,0,0,0,1,1,6,2,56,9,1598,1,7,5,2,5
2.02E+12,2,9,0,18,9,6,0,0,0,0,1,1,6,1,53,8,1299,1,16,8,1,8
2.02E+12,1,9,0,4,0,8,1,0,0,0,4,1,6,1,53,8,1896,2,21,5,3,5
2.02E+12,2,9,0,16,0,8,0,0,0,0,1,1,6,2,77,11,1587,1,12,6,3,6
2.02E+12,1,9,0,18,0,1,0,0,0,0,1,1,6,2,51,8,1781,1,17,7,1,7
2.02E+12,2,9,0,9,0,6,0,0,0,0,4,1,6,2,32,6,1997,2,16,2,1,2
2.02E+12,1,3,0,4,0,1,0,0,0,0,1,1,2,2,51,8,115,1,2,6,1,6
2.02E+12,2,9,0,4,0,1,0,0,0,0,2,1,1,1,39,7,1968,2,3,7,1,7
2.02E+12,1,9,0,4,0,1,0,0,0,0,1,1,6,1,78,11,1598,1,9,9,1,9
2.02E+12,2,9,0,3,0,1,0,0,0,0,2,1,6,1,44,7,1968,2,7,10,1,10
2.02E+12,1,5,0,7,0,5,0,0,0,0,4,1,6,1,41,7,998,1,10,5,1,5
2.02E+12,1,9,0,18,0,1,0,7,1,0,1,1,6,2,58,9,1399,1,10,7,1,7
2.02E+12,2,19,0,8,0,1,0,0,0,0,3,1,6,1,81,11,1905,2,18,6,1,6
2.02E+12,1,9,0,7,0,2,0,0,0,0,1,1,6,2,46,8,1968,2,4,8,3,8
2.02E+12,1,9,0,9,0,8,0,0,0,0,1,1,6,1,17,4,998,1,10,5,1,5
2.02E+12,2,9,0,18,0,8,0,0,1,11,1,1,6,1,34,6,1968,2,12,7,1,7
2.02E+12,1,19,0,9,0,1,0,0,0,0,1,1,6,1,44,7,1868,2,15,9,3,9
2.02E+12,2,9,0,18,0,1,0,0,0,0,4,1,6,2,33,6,1560,2,8,6,1,6
2.02E+12,1,90,0,9,0,8,0,0,0,0,0,1,1,1,24,5,2464,2,8,2,1,2
2.02E+12,2,3,0,18,0,1,0,0,0,0,1,1,6,1,24,5,124,1,6,8,1,8
2.02E+12,1,9,0,14,0,3,0,0,0,0,4,1,1,2,31,6,1199,1,14,4,1,4
2.02E+12,2,9,0,3,0,2,0,0,0,0,2,1,6,1,80,11,1595,1,14,4,1,4
2.02E+12,3,20,0,17,0,8,0,0,0,0,1,1,6,1,67,10,4461,2,6,10,2,10
2.02E+12,4,9,0,18,0,2,0,0,0,0,2,1,6,2,28,6,1248,1,1,9,1,9
2.02E+12,1,9,0,9,0,1,0,0,0,0,3,1,2,2,37,7,1329,1,5,8,1,8
2.02E+12,1,9,0,18,0,1,0,0,0,0,1,1,6,1,19,4,1596,1,15,3,1,3
2.02E+12,2,9,0,3,0,1,0,0,0,0,2,1,6,2,26,6,1149,1,19,8,2,8
2.02E+12,1,5,0,18,0,1,0,0,0,0,4,1,6,1,28,6,599,1,8,7,1,7
2.02E+12,3,21,1,18,0,1,0,0,0,0,3,1,1,1,38,7,11946,2,5,6,3,6
2.02E+12,1,9,0,17,0,8,0,0,0,0,1,1,6,1,41,7,1956,2,4,5,1,5
2.02E+12,2,9,0,5,0,4,0,0,0,0,2,1,6,2,64,9,1296,1,10,6,1,6
2.02E+12,1,19,0,9,0,1,0,0,0,0,4,1,6,2,43,7,1995,2,10,5,1,5
2.02E+12,2,9,0,5,0,6,0,0,0,0,1,1,6,1,21,5,1242,1,11,6,1,6
2.02E+12,1,9,0,9,0,6,0,0,0,0,3,1,2,2,53,8,1395,1,1,7,1,7
2.02E+12,2,5,0,13,0,1,0,0,0,0,1,1,2,1,27,6,599,1,19,5,1,5
2.02E+12,1,5,0,18,0,2,1,0,0,0,4,1,6,1,37,7,954,1,15,8,1,8
2.02E+12,1,9,0,9,0,5,0,0,0,0,1,1,2,1,28,6,1390,1,8,6,3,6
2.02E+12,1,8,0,9,0,6,0,0,0,0,1,1,1,1,53,8,1997,2,3,6,1,6
2.02E+12,2,9,0,9,0,5,0,0,0,0,3,1,6,2,37,7,1198,1,3,7,1,7
2.02E+12,1,9,0,7,4,5,0,0,0,0,4,1,6,2,42,7,1329,1,4,9,3,9
2.02E+12,1,9,0,9,0,8,0,0,0,0,4,1,6,1,32,6,1796,1,15,2,1,2
2.02E+12,2,3,0,18,0,1,1,0,0,0,1,1,6,1,50,8,124,1,43,5,1,5
2.02E+12,1,9,0,18,0,8,0,0,0,0,4,1,6,2,85,11,1388,1,13,5,1,5
2.02E+12,2,11,0,18,0,8,0,0,0,0,1,1,1,2,36,7,5900,2,11,6,1,6
2.02E+12,2,3,0,18,0,8,0,0,0,0,1,1,6,1,35,6,124,1,4,9,3,9
2.02E+12,1,9,0,9,0,8,0,0,0,0,3,1,6,1,47,8,1560,2,4,2,1,2
2.02E+12,2,3,0,16,0,1,0,0,0,0,4,1,6,1,19,4,124,1,20,7,3,7
2.02E+12,1,9,0,11,0,3,0,0,0,0,3,1,6,1,73,10,1598,1,10,5,2,5
2.02E+12,2,9,0,17,0,8,0,0,0,0,1,1,6,2,32,6,1598,1,15,5,1,5
2.02E+12,1,9,0,18,0,4,0,0,0,0,3,1,2,1,66,10,1390,1,17,9,1,9
2.02E+12,2,9,0,9,0,8,0,0,0,0,1,1,2,2,48,8,1397,1,7,10,1,10
2.02E+12,1,9,0,7,0,6,0,0,0,0,1,1,6,2,72,10,1796,1,10,7,1,7
2.02E+12,1,9,0,9,0,6,0,0,0,0,1,1,6,1,80,11,1986,1,28,6,3,6
2.02E+12,2,5,0,18,0,1,1,0,0,0,1,1,6,2,56,9,645,1,15,4,1,4
2.02E+12,1,2,0,18,0,2,1,0,0,0,0,1,6,2,17,4,49,1,15,5,3,5
2.02E+12,1,9,0,9,0,6,0,0,0,0,4,1,1,1,37,7,1910,2,9,1,1,1
2.02E+12,1,9,0,5,0,1,0,0,0,0,1,1,6,2,19,4,1299,1,15,2,1,2
2.02E+12,2,5,0,3,0,1,0,0,0,0,2,1,6,2,43,7,599,1,10,6,1,6
2.02E+12,1,9,0,5,0,6,0,0,0,0,3,1,6,1,46,8,1461,2,8,4,1,4
2.02E+12,2,5,0,18,0,8,0,0,0,0,1,1,6,1,72,10,998,1,8,6,3,6
2.02E+12,2,9,0,10,0,2,0,0,0,0,3,1,6,2,27,6,1995,2,12,6,1,6
2.02E+12,1,4,0,9,0,4,0,10,0,0,2,1,6,1,48,8,395,1,4,1,1,1
2.02E+12,1,19,0,9,0,6,0,0,0,0,3,1,1,1,64,9,1598,2,2,8,1,8
2.02E+12,2,5,0,10,0,1,0,0,0,0,2,1,2,1,52,8,1050,1,4,9,3,9
2.02E+12,1,9,0,18,0,8,0,0,0,0,1,1,2,2,48,8,1753,2,14,2,1,2
2.02E+12,2,9,0,9,0,8,0,0,0,0,3,1,2,1,23,5,1839,1,22,8,1,8
2.02E+12,1,9,0,9,0,8,0,0,0,0,4,1,6,2,71,10,1588,1,12,6,1,6
2.02E+12,1,9,0,7,0,3,1,0,0,0,4,1,6,1,20,4,1242,1,16,3,1,3
2.02E+12,2,9,0,4,0,1,0,0,0,0,4,1,6,2,38,7,1198,1,8,10,1,10
2.02E+12,2,9,0,10,0,8,0,0,0,0,2,1,2,1,31,6,1596,1,10,9,1,9
2.02E+12,1,3,0,14,0,8,0,0,0,0,1,1,2,1,21,5,125,1,1,10,1,10
2.02E+12,2,9,0,9,0,6,0,0,0,0,3,1,3,2,34,6,1896,2,12,10,1,10
2.02E+12,1,9,0,9,0,6,0,0,0,0,3,1,6,1,46,8,2184,2,14,10,2,10
2.02E+12,2,5,0,18,0,8,0,0,0,0,1,1,6,1,33,6,996,1,20,6,1,6
2.02E+12,2,9,0,8,0,1,0,0,0,0,2,1,6,2,37,7,1896,2,14,7,1,7
2.02E+12,1,3,0,18,0,4,1,0,0,0,1,1,6,1,27,6,125,1,5,5,1,5
2.02E+12,2,9,0,18,0,8,0,0,0,0,4,1,6,2,29,6,1388,1,14,10,1,10
2.02E+12,1,9,0,9,0,6,0,0,0,0,1,1,6,1,28,6,1360,1,11,3,1,3
2.02E+12,2,9,0,18,0,8,0,0,0,0,4,1,1,1,37,7,1797,8,8,7,1,7
2.02E+12,1,3,0,9,0,8,0,0,0,0,1,1,6,1,23,5,125,1,1,7,1,7
2.02E+12,1,3,0,9,0,8,0,0,0,0,1,1,6,1,18,4,125,1,5,5,1,5
2.02E+12,2,9,0,5,0,8,0,0,0,0,2,1,1,1,49,8,1968,2,6,4,1,4
2.02E+12,1,9,0,5,0,4,0,0,0,0,1,1,2,1,31,6,1560,2,4,9,1,9
2.02E+12,1,19,0,7,0,4,0,0,0,0,3,1,2,1,50,8,1248,2,10,3,1,3
2.02E+12,1,9,0,7,0,3,0,0,0,0,1,1,2,2,86,11,1242,1,6,8,1,8
2.02E+12,1,4,0,4,0,1,0,0,1,0,1,1,2,1,19,4,656,1,10,9,3,9
2.02E+12,2,9,0,9,0,1,0,0,0,0,4,1,2,1,19,4,1968,2,3,9,3,9
2.02E+12,1,9,0,18,0,2,0,0,0,0,3,1,6,2,36,7,1240,1,10,5,1,5
2.02E+12,2,19,0,18,0,8,0,0,0,0,1,1,6,1,49,8,1248,2,11,5,1,5
2.02E+12,1,9,0,18,0,1,0,0,0,0,1,1,6,1,77,11,1499,2,1,5,1,5
2.02E+12,2,9,0,3,0,1,0,0,0,0,2,1,6,2,55,8,1399,1,1,7,1,7
2.02E+12,3,9,0,3,0,1,0,0,0,0,2,1,6,2,51,8,1229,1,8,6,1,6
2.02E+12,1,9,0,7,0,4,0,0,0,0,1,1,6,1,80,11,998,1,3,5,1,5
2.02E+12,1,9,0,18,0,1,0,0,0,0,1,1,6,2,27,6,1598,1,18,2,1,2
2.02E+12,2,9,0,3,0,1,0,0,0,0,2,1,6,1,38,7,2993,2,10,5,1,5
2.02E+12,3,9,0,10,0,1,0,0,0,0,2,1,6,2,38,7,1124,1,12,10,1,10
2.02E+12,2,11,0,16,0,8,0,0,0,0,0,1,1,1,27,6,6696,2,1,9,1,9
2.02E+12,2,9,0,17,0,8,0,0,0,0,4,1,2,2,25,5,1149,1,19,4,1,4
2.02E+12,1,19,0,4,0,1,0,0,0,0,1,1,2,1,30,6,1896,2,13,4,1,4
2.02E+12,2,19,4,9,0,1,3,0,0,0,3,1,6,1,60,9,2477,2,8,5,3,5
2.02E+12,2,9,0,18,0,2,0,0,0,0,3,1,6,2,46,8,1390,1,14,3,1,3
2.02E+12,1,9,0,9,0,8,0,0,0,0,1,1,6,2,89,11,1995,1,12,10,1,10
2.02E+12,1,9,0,12,0,7,0,0,0,0,0,1,2,1,46,8,2979,1,13,4,1,4
2.02E+12,2,9,0,18,0,1,0,0,0,0,2,1,2,1,36,7,1998,1,1,9,1,9
2.02E+12,1,5,0,13,0,1,0,0,0,0,1,1,2,1,28,6,600,1,2,5,1,5
2.02E+12,1,9,0,1,0,6,0,0,0,0,2,1,6,1,83,11,998,1,2,9,1,9
2.02E+12,1,9,0,7,0,5,0,0,0,0,1,1,6,1,45,7,2488,1,13,9,1,9
2.02E+12,2,9,0,18,0,5,0,0,0,0,2,1,6,2,62,9,1596,1,14,5,1,5
2.02E+12,1,9,0,9,0,6,0,0,0,0,0,1,6,1,69,10,1798,1,1,8,1,8
2.02E+12,2,9,0,18,0,1,0,0,7,4,1,1,6,1,31,6,3498,1,11,6,2,6
2.02E+12,3,9,0,18,0,1,0,0,0,0,1,1,6,2,62,9,1248,2,8,5,2,5
2.02E+12,1,9,0,18,0,1,0,0,0,0,1,1,6,1,77,11,998,1,3,6,1,6
2.02E+12,2,9,0,10,0,1,0,0,0,0,2,1,6,1,52,8,4398,1,14,7,3,7
2.02E+12,1,9,0,10,0,1,0,0,0,0,2,1,6,1,54,8,1995,1,13,5,1,5
2.02E+12,2,9,0,18,0,1,0,0,0,0,1,1,6,2,51,8,1149,1,9,8,1,8
2.02E+12,1,9,0,18,0,4,0,0,0,0,3,1,6,2,44,7,1796,1,14,7,2,7
2.02E+12,2,4,0,9,0,8,0,0,0,0,1,1,6,2,53,8,150,1,59,6,1,6
2.02E+12,1,9,0,5,0,1,0,0,0,0,1,1,2,2,37,7,1968,2,8,6,1,6
2.02E+12,1,9,0,17,0,1,0,0,0,0,1,1,6,2,81,11,1298,1,15,6,1,6
2.02E+12,2,2,0,4,0,1,0,0,0,0,2,1,6,1,16,4,49,1,7,7,1,7
2.02E+12,1,9,0,4,0,2,0,0,0,0,1,1,6,1,59,9,1999,1,7,8,1,8
2.02E+12,1,9,0,18,0,1,0,0,0,0,1,1,6,1,22,5,1360,1,11,10,1,10
2.02E+12,2,9,0,10,0,1,0,0,0,0,2,1,6,1,47,8,1968,2,7,5,2,5
2.02E+12,1,9,0,7,0,8,0,0,1,1,1,1,4,1,32,6,1998,1,15,1,1,1
2.02E+12,1,9,0,18,0,8,0,0,1,1,4,1,6,1,80,11,1360,1,13,7,1,7
2.02E+12,2,9,0,9,0,8,0,0,0,0,1,1,2,2,24,5,998,1,7,2,1,2
2.02E+12,1,9,0,18,0,1,0,0,0,0,1,1,1,1,46,8,1199,1,17,4,1,4
2.02E+12,1,19,0,9,0,8,0,0,0,0,1,1,1,1,43,7,2143,2,4,6,1,6
2.02E+12,1,9,0,18,0,1,0,4,0,0,1,1,6,1,42,7,1988,1,14,3,3,3
2.02E+12,2,9,0,3,0,1,0,0,0,0,2,1,6,1,21,5,1798,1,13,5,1,5
2.02E+12,1,9,0,5,0,4,0,0,0,0,3,1,1,1,75,10,1461,2,9,9,1,9
2.02E+12,1,9,0,7,0,2,0,0,1,1,4,1,6,2,71,10,1995,2,2,6,1,6
2.02E+12,1,9,0,9,0,6,0,0,0,0,1,1,6,1,25,5,1560,2,8,7,3,7
2.02E+12,2,9,0,18,0,1,0,0,0,0,1,1,6,1,49,8,1968,2,2,9,3,9
2.02E+12,2,9,0,18,0,1,0,0,1,3,1,1,6,2,35,6,2720,2,10,7,3,7
2.02E+12,1,9,0,9,0,5,0,0,0,0,1,1,3,2,30,6,1753,2,11,4,1,4
2.02E+12,2,9,0,18,0,1,0,0,0,0,1,1,2,2,44,7,1896,2,8,2,1,2
2.02E+12,1,9,0,5,0,8,0,0,0,0,1,1,6,1,59,9,1598,1,4,1,1,1
2.02E+12,2,9,0,18,0,8,0,0,0,0,3,1,6,2,24,5,1360,1,15,6,1,6
2.02E+12,1,9,0,7,0,5,0,0,1,0,0,1,6,1,46,8,1998,1,13,9,1,9
2.02E+12,2,9,0,18,0,4,0,0,0,0,2,1,6,1,57,9,2184,2,13,5,1,5
2.02E+12,3,19,0,18,0,4,1,0,0,0,1,1,1,1,41,7,2494,2,13,7,3,7
2.02E+12,1,9,0,17,0,8,0,0,0,0,1,1,6,1,67,10,1390,1,13,6,1,6
2.02E+12,1,9,0,9,0,2,0,0,0,0,1,1,2,2,42,7,1398,2,7,9,3,9
2.02E+12,1,9,0,9,0,1,0,0,0,0,1,1,3,2,34,6,1339,1,8,8,1,8
2.02E+12,1,9,0,18,0,1,0,0,0,0,3,1,6,2,55,8,1991,1,2,6,3,6
2.02E+12,2,9,0,5,0,1,0,0,0,0,1,1,6,2,22,5,1086,1,7,6,1,6
2.02E+12,1,9,0,9,0,1,0,0,0,0,3,1,1,1,40,7,1968,2,3,9,1,9
2.02E+12,2,2,0,18,0,1,0,0,0,0,3,1,2,2,24,5,125,1,1,9,1,9
2.02E+12,1,9,0,18,0,2,0,0,0,0,1,1,6,1,23,5,2494,1,21,4,1,4
2.02E+12,1,9,0,13,0,8,0,10,1,1,1,1,6,1,24,5,1598,1,22,7,1,7
2.02E+12,2,9,0,17,0,8,0,0,0,0,1,1,6,1,53,8,1360,1,15,10,1,10
2.02E+12,1,9,0,1,0,8,0,0,0,0,1,1,6,1,39,7,2143,2,2,6,1,6
2.02E+12,1,9,0,9,0,6,0,0,0,0,1,1,6,1,26,6,1360,1,15,1,1,1
2.02E+12,1,9,0,9,0,6,0,0,0,0,3,1,2,2,46,8,1598,1,16,5,1,5
2.02E+12,2,9,0,18,0,1,0,0,0,0,2,1,6,2,19,4,1598,1,9,10,1,10
2.02E+12,1,9,0,17,0,1,0,7,1,3,1,1,2,1,30,6,1796,1,20,3,1,3
2.02E+12,1,9,0,16,0,8,1,0,7,0,1,1,6,2,23,5,1598,1,4,9,1,9
2.02E+12,2,9,0,7,0,5,0,10,1,0,3,1,6,2,48,8,1749,1,15,9,1,9
2.02E+12,1,9,0,7,0,7,0,0,0,0,1,1,6,1,76,11,1798,1,7,9,1,9
2.02E+12,1,9,0,9,0,6,0,0,0,0,3,1,6,1,90,11,1991,2,6,7,3,7
2.02E+12,2,9,0,18,0,8,0,0,0,0,1,1,6,2,65,9,1968,2,1,5,1,5
2.02E+12,1,19,0,9,0,6,0,0,0,0,4,1,1,1,25,5,2198,2,3,1,1,1
2.02E+12,2,9,0,18,0,1,0,0,0,0,1,1,6,2,76,11,1560,2,11,7,3,7
2.02E+12,2,9,0,18,0,8,0,0,0,0,3,1,6,1,34,6,1390,1,12,6,1,6
2.02E+12,1,9,0,3,0,6,0,0,0,0,1,1,2,2,53,8,1997,1,14,8,1,8
2.02E+12,2,3,0,14,0,1,0,0,0,0,1,1,2,1,25,5,125,1,4,10,1,10
2.02E+12,1,9,0,5,0,8,0,0,0,0,4,1,6,1,43,7,1560,2,10,8,1,8
2.02E+12,2,9,0,18,0,8,0,0,0,0,1,1,6,1,71,10,2000,1,11,2,1,2
2.02E+12,2,9,0,10,0,5,0,0,0,0,2,1,6,2,26,6,1587,1,13,5,1,5
2.02E+12,1,9,0,5,0,4,0,0,0,0,3,1,2,1,58,9,1999,2,2,8,1,8
2.02E+12,1,9,0,5,0,2,0,0,0,0,4,1,2,2,22,5,998,1,2,7,1,7
2.02E+12,1,21,1,5,0,1,0,0,0,0,1,1,1,1,40,7,12740,2,4,7,1,7
2.02E+12,2,9,0,3,0,1,0,0,0,0,2,1,6,2,60,9,1390,1,16,9,1,9
2.02E+12,1,9,0,7,0,1,0,0,0,0,1,1,6,2,30,6,2685,2,15,3,1,3
2.02E+12,2,3,0,17,0,8,0,0,0,0,4,1,6,1,28,6,102,1,10,1,1,1
2.02E+12,1,9,0,12,0,8,0,0,0,0,1,1,6,1,45,7,1968,2,9,4,1,4
2.02E+12,2,9,0,18,0,8,0,0,0,0,4,1,6,1,74,10,1995,2,9,9,1,9
2.02E+12,3,9,0,12,0,7,0,7,0,0,3,1,6,2,63,9,1242,1,9,4,1,4
2.02E+12,1,9,0,9,0,6,0,0,0,0,3,1,6,2,31,6,1248,1,1,5,1,5
2.02E+12,2,9,0,18,0,8,0,0,0,0,1,1,6,2,23,5,1197,1,3,2,1,2
2.02E+12,1,9,0,18,0,4,1,10,3,4,1,1,6,1,27,6,4398,1,13,1,1,1
2.02E+12,1,9,0,9,0,8,0,0,0,0,4,1,6,1,21,5,2560,1,20,6,1,6
2.02E+12,2,9,0,18,0,8,0,0,0,0,1,1,6,1,26,6,1149,1,14,5,1,5
2.02E+12,1,9,0,7,0,6,0,0,0,0,1,1,6,1,57,9,1198,1,12,5,1,5
2.02E+12,1,9,0,5,0,1,0,0,0,0,1,1,2,1,49,8,1998,2,8,2,1,2
2.02E+12,2,9,0,5,0,1,0,0,0,0,3,1,2,1,34,6,1596,1,10,2,1,2
2.02E+12,1,9,0,4,0,1,0,0,0,0,1,1,6,2,50,8,998,1,2,6,1,6
2.02E+12,2,9,0,18,0,1,0,0,0,0,2,1,6,2,50,8,1995,1,11,3,1,3
2.02E+12,3,9,0,10,0,1,0,0,0,0,0,1,6,1,19,4,1198,1,6,9,1,9
2.02E+12,1,9,0,9,0,6,0,0,0,0,1,1,2,1,33,6,1395,1,1,8,1,8
2.02E+12,1,4,0,10,0,1,0,0,0,0,4,1,6,2,54,8,234,1,18,7,1,7
2.02E+12,2,9,0,10,0,1,0,0,0,0,3,1,6,1,57,9,1560,2,8,7,1,7
2.02E+12,1,9,0,18,0,1,0,0,0,0,1,1,6,2,55,8,1397,1,14,3,1,3
2.02E+12,2,9,0,4,0,1,0,0,0,0,2,1,6,1,45,7,875,1,5,4,1,4
2.02E+12,1,2,0,18,4,8,0,0,0,0,1,1,6,1,16,4,49,1,7,10,1,10
2.02E+12,2,9,0,9,0,8,0,0,0,0,4,1,2,1,35,6,1390,1,10,3,1,3
2.02E+12,1,9,0,18,0,1,0,0,0,0,1,1,6,1,27,6,1595,1,9,2,1,2
2.02E+12,2,9,0,10,0,1,0,0,0,0,2,1,6,1,36,7,1686,2,14,6,1,6
2.02E+12,1,9,0,18,0,1,0,10,1,2,4,1,6,1,80,11,1997,2,14,8,1,8
2.02E+12,2,9,0,18,0,1,0,0,0,0,4,1,6,2,42,7,1390,1,16,6,1,6
2.02E+12,1,9,0,7,0,5,0,0,0,0,1,1,2,2,40,7,1197,1,1,9,1,9
2.02E+12,1,9,0,9,0,1,0,0,0,0,3,1,6,1,34,6,1587,1,14,6,3,6
2.02E+12,2,2,0,9,0,3,0,0,0,0,0,1,6,2,30,6,49,1,10,3,1,3
2.02E+12,1,9,0,12,0,8,0,0,0,0,4,1,2,2,32,6,1598,1,9,5,1,5
2.02E+12,1,9,0,18,0,1,0,0,0,0,1,1,6,1,63,9,1198,1,4,5,1,5
2.02E+12,2,9,0,3,0,1,0,0,0,0,2,1,6,1,39,7,1781,1,14,2,1,2
2.02E+12,1,9,0,3,0,1,0,0,0,0,1,1,6,1,56,9,1229,1,12,10,1,10
2.02E+12,2,8,0,3,0,1,0,0,0,0,2,1,1,1,46,8,1598,2,3,6,1,6
2.02E+12,1,9,0,18,0,1,0,0,0,0,1,1,6,1,27,6,1796,1,12,10,3,10
2.02E+12,2,9,0,3,0,1,0,0,0,0,2,1,6,2,48,8,1910,2,11,6,1,6
2.02E+12,1,3,0,9,0,5,1,0,0,0,0,1,2,2,30,6,124,1,7,9,1,9
2.02E+12,2,9,0,4,0,1,0,0,0,0,0,1,6,1,18,4,1984,1,17,10,1,10
2.02E+12,1,9,0,18,0,1,0,0,0,0,4,1,6,2,84,11,998,1,2,6,3,6
2.02E+12,1,9,0,5,0,8,0,0,0,0,1,1,6,1,80,11,1398,1,17,2,1,2
2.02E+12,1,9,0,9,0,6,0,0,0,0,1,1,2,2,22,5,875,1,1,8,1,8
2.02E+12,2,9,0,18,0,1,0,0,0,0,4,1,2,2,27,6,1399,2,5,3,1,3
2.02E+12,1,9,0,10,0,8,0,0,0,0,4,1,2,1,37,7,1596,1,6,4,1,4
2.02E+12,2,3,0,18,0,8,0,11,0,0,1,1,2,1,19,4,124,1,1,4,1,4
2.02E+12,1,9,0,18,0,1,0,0,0,0,1,1,6,1,23,5,1198,1,6,10,1,10
2.02E+12,1,9,0,18,0,6,0,0,1,0,1,1,2,1,17,4,1590,1,15,4,1,4
2.02E+12,2,9,0,3,0,1,0,0,1,0,2,1,3,2,31,6,998,1,18,3,1,3
2.02E+12,1,9,0,18,0,1,0,0,0,0,4,1,6,1,44,7,3200,1,12,6,3,6
2.02E+12,2,9,0,18,0,8,0,0,0,0,2,1,1,1,27,6,1896,2,8,9,3,9
2.02E+12,1,19,4,4,0,1,0,0,0,0,1,1,1,1,55,8,2400,2,10,6,1,6
2.02E+12,2,9,0,4,0,1,0,0,0,0,2,1,2,1,67,10,3200,2,7,10,1,10
2.02E+12,1,3,0,5,0,8,0,0,0,0,2,1,1,2,33,6,124,1,1,6,2,6
2.02E+12,2,9,0,5,0,8,0,0,0,0,1,1,6,2,55,8,1398,1,4,10,1,10
2.02E+12,1,5,0,9,0,2,0,0,0,0,1,1,6,1,61,9,1441,1,4,6,3,6
2.02E+12,2,9,0,18,0,8,0,0,0,0,3,1,6,1,85,11,1598,1,17,4,1,4
2.02E+12,1,9,0,5,0,4,0,0,0,0,1,1,6,2,66,10,1598,1,6,10,1,10
2.02E+12,1,2,0,18,4,6,0,0,0,0,1,1,6,1,44,7,102,1,2,4,1,4
2.02E+12,2,9,0,18,0,8,0,0,0,0,4,1,6,2,17,4,1229,1,11,3,1,3
2.02E+12,1,9,0,12,0,7,0,0,0,0,3,1,6,1,37,7,1598,1,11,6,1,6
2.02E+12,2,3,0,18,0,1,0,0,0,0,3,1,6,2,38,7,124,1,1,9,1,9
2.02E+12,1,5,0,18,0,1,1,0,0,0,0,1,2,1,20,4,599,1,10,5,1,5
2.02E+12,2,9,0,10,0,6,0,0,0,0,0,1,6,2,40,7,1598,1,12,3,1,3
2.02E+12,1,2,0,7,0,1,1,0,0,0,2,1,6,2,16,4,49,1,4,2,2,2
2.02E+12,1,9,0,5,0,8,0,0,0,0,4,1,6,1,29,6,1149,1,7,2,1,2
2.02E+12,1,9,0,9,0,6,0,0,0,0,3,1,6,1,19,4,1397,1,7,8,1,8
2.02E+12,2,3,0,18,0,8,0,0,0,0,1,1,1,1,34,6,124,1,2,5,1,5
2.02E+12,1,9,0,13,0,1,0,0,0,0,1,1,6,1,24,5,2494,1,16,8,1,8
2.02E+12,2,17,0,9,0,5,0,0,0,0,2,1,1,1,46,8,8984,2,3,6,2,6
2.02E+12,1,9,0,7,0,8,0,0,1,4,1,1,3,2,67,10,1969,2,1,2,1,2
2.02E+12,1,9,0,18,0,8,0,0,0,0,1,1,6,2,35,6,1968,2,6,7,1,7
2.02E+12,2,9,0,9,0,8,0,0,0,0,1,1,6,1,18,4,1198,1,11,4,1,4
2.02E+12,1,19,0,9,0,8,0,0,0,0,1,1,1,1,36,7,2402,2,6,2,1,2
2.02E+12,2,9,0,18,0,8,0,0,0,0,1,1,6,1,62,9,1390,1,3,5,1,5
2.02E+12,1,9,0,12,0,7,0,0,0,0,1,1,6,2,85,11,1388,1,14,7,1,7
2.02E+12,2,9,0,18,0,1,5,0,4,0,4,1,6,2,23,5,1242,1,18,4,1,4
2.02E+12,1,9,0,18,0,8,0,0,0,0,4,1,6,1,25,5,1598,1,9,3,1,3
2.02E+12,2,9,0,18,0,8,0,0,0,0,1,1,6,2,20,4,1339,1,14,7,2,7
2.02E+12,2,4,0,18,0,2,0,0,0,0,0,1,6,1,20,4,600,1,15,5,1,5
2.02E+12,3,4,0,18,0,2,0,0,0,0,1,1,6,2,20,4,599,1,7,9,1,9
2.02E+12,4,9,0,18,0,2,1,0,0,0,1,1,6,2,25,5,1598,1,12,5,1,5
2.02E+12,2,19,0,10,0,5,0,0,0,0,2,1,1,1,38,7,2463,2,13,8,1,8
2.02E+12,1,9,0,9,0,5,0,0,0,0,4,1,6,2,59,9,1596,1,14,3,1,3
2.02E+12,2,3,0,18,0,1,0,0,0,0,1,1,4,2,19,4,124,1,3,4,1,4
2.02E+12,1,9,0,18,0,8,0,0,0,0,1,1,2,1,24,5,1995,2,11,5,1,5
2.02E+12,2,9,0,18,0,8,0,0,0,0,2,1,6,1,57,9,1598,1,20,4,1,4
2.02E+12,3,9,0,18,0,8,0,0,0,0,2,1,6,2,27,6,1968,2,7,6,1,6
2.02E+12,1,9,0,18,0,4,0,0,0,0,1,1,6,1,21,5,1149,1,5,3,1,3