Accident_Index,Vehicle_Reference,Vehicle_Type,Towing_and_Articulation,Vehicle_Manoeuvre,Vehicle_Location-Restricted_Lane,Junction_Location,Skidding_and_Overturning,Hit_Object_in_Carriageway,Vehicle_Leaving_Carriageway,Hit_Object_off_Carriageway,1st_Point_of_Impact,Was_Vehicle_Left_Hand_Drive?,Journey_Purpose_of_Driver,Sex_of_Driver,Age_of_Driver,Age_Band_of_Driver,Engine_Capacity_(CC),Propulsion_Code,Age_of_Vehicle,Driver_IMD_Decile,Driver_Home_Area_Type,Vehicle_IMD_Decile
2.02E+12,2,2,0,17,0,8,1,0,0,0,4,1,6,1,16,4,49,1,8,9,1,9
2.02E+12,1,20,0,18,0,4,0,0,0,0,3,1,6,1,61,9,4500,2,1,2,1,2
2.02E+12,1,9,0,12,0,8,0,0,0,0,3,1,2,1,26,6,1598,1,12,5,1,5
2.02E+12,2,9,0,17,0,3,0,0,0,0,4,1,2,1,29,6,1388,1,15,9,1,9
2.02E+12,1,9,0,9,0,6,0,0,0,0,3,1,6,1,50,8,1598,2,2,7,3,7
2.02E+12,1,9,0,4,0,1,0,0,0,0,4,1,6,1,28,6,1796,1,13,10,1,10
2.02E+12,1,19,0,14,0,1,0,0,0,0,1,1,1,1,51,8,2295,7,12,4,1,4
2.02E+12,2,9,0,9,0,1,0,0,0,0,3,1,6,2,31,6,1968,2,5,3,1,3
2.02E+12,1,9,0,10,0,5,0,0,0,0,2,1,6,2,40,7,3311,8,10,9,1,9
2.02E+12,2,9,0,18,0,1,0,0,0,0,1,1,6,2,82,11,1339,1,12,7,1,7
2.02E+12,3,9,0,18,0,1,0,0,0,0,1,1,6,2,33,6,1956,2,2,7,2,7
2.02E+12,1,9,0,9,0,5,0,0,0,0,3,1,6,1,65,9,2495,1,15,8,1,8
2.02E+12,1,9,0,18,0,8,0,0,7,1,1,1,6,2,29,6,1951,2,12,9,1,9
2.02E+12,2,8,0,18,0,8,0,0,0,0,3,1,1,1,43,7,1997,2,1,3,1,3
2.02E+12,1,9,0,11,2,1,0,0,0,0,2,1,6,1,92,11,995,1,10,3,1,3
2.02E+12,1,9,0,9,0,1,0,0,0,0,1,1,6,2,37,7,1598,2,2,8,1,8
2.02E+12,1,3,0,18,0,8,1,0,0,0,0,1,2,1,25,5,49,1,5,9,1,9
2.02E+12,1,9,0,9,0,5,0,0,0,0,1,1,6,2,87,11,1386,1,11,9,3,9
2.02E+12,2,9,0,16,0,8,0,10,0,0,1,1,6,1,57,9,796,1,15,5,1,5
2.02E+12,1,9,0,9,0,8,0,0,0,0,1,1,2,2,24,5,998,1,17,2,1,2
2.02E+12,2,3,0,18,0,8,0,0,0,0,1,1,2,1,19,4,124,1,6,5,1,5
2.02E+12,1,9,0,7,9,1,0,0,1,11,1,1,6,1,74,10,1582,2,7,3,1,3
2.02E+12,1,9,0,9,0,4,0,0,0,0,3,1,6,1,65,9,1596,1,11,3,1,3
2.02E+12,2,3,0,18,0,8,0,0,0,0,1,1,6,1,22,5,124,1,20,1,1,1
2.02E+12,1,9,0,7,0,8,0,0,0,0,4,1,1,1,33,6,1686,2,4,5,1,5
2.02E+12,2,8,0,18,0,8,0,0,0,0,3,1,1,1,70,10,1560,2,4,9,2,9
2.02E+12,2,9,0,18,0,1,0,0,0,0,1,1,6,2,25,5,1461,2,4,10,1,10
2.02E+12,1,9,0,6,0,8,0,0,0,0,3,1,6,1,17,4,2393,2,1,4,3,4
2.02E+12,2,2,0,18,0,8,0,0,0,0,1,1,1,1,26,6,49,1,10,1,1,1
2.02E+12,1,9,0,18,0,8,0,0,0,0,1,1,6,1,21,5,1242,1,20,10,1,10
2.02E+12,2,9,0,18,0,8,0,0,0,0,3,1,2,2,26,6,1388,1,6,5,1,5
2.02E+12,1,9,0,18,0,1,0,0,0,0,1,1,6,1,67,10,1360,1,13,5,1,5
2.02E+12,1,9,0,5,0,1,0,0,0,0,1,1,6,2,64,9,1343,1,22,6,1,6
2.02E+12,2,9,0,18,0,1,0,0,0,0,4,1,6,2,19,4,1149,1,14,2,1,2
2.02E+12,1,9,0,9,0,8,0,0,0,0,1,1,2,1,35,6,1753,2,10,6,1,6
2.02E+12,2,9,0,18,0,8,0,0,0,0,1,1,2,1,51,8,1968,2,1,7,1,7
2.02E+12,1,9,0,9,0,8,0,0,0,0,1,1,2,1,39,7,1753,2,13,4,1,4
2.02E+12,1,9,0,18,0,1,0,0,0,0,0,1,6,1,50,8,1560,2,4,8,1,8
2.02E+12,1,9,0,6,0,2,0,10,1,2,1,1,2,2,52,8,1149,1,7,3,1,3
2.02E+12,1,9,0,9,0,6,0,0,7,0,3,1,6,2,34,6,1598,1,10,6,3,6
2.02E+12,2,19,0,18,0,1,0,0,0,0,1,1,1,2,44,7,1995,2,1,6,3,6
2.02E+12,1,9,0,9,0,6,0,0,0,0,1,1,6,2,33,6,998,1,3,8,1,8
2.02E+12,1,9,0,18,0,1,0,0,0,0,1,1,6,1,22,5,1124,1,12,5,1,5
2.02E+12,2,9,0,3,0,1,0,0,0,0,2,1,6,2,54,8,996,1,7,7,1,7
2.02E+12,3,8,0,3,0,1,0,0,0,0,2,1,6,1,45,7,1968,2,2,4,1,4
2.02E+12,1,9,0,18,0,1,0,0,0,0,1,1,6,2,22,5,1360,1,11,8,1,8
2.02E+12,2,9,0,9,0,1,0,0,0,0,2,1,6,2,27,6,1598,1,7,8,1,8
2.02E+12,1,9,0,18,0,8,0,0,0,0,1,1,6,2,42,7,1560,2,8,4,1,4
2.02E+12,2,9,0,13,0,6,0,0,0,0,2,1,6,2,32,6,1398,1,1,7,2,7
2.02E+12,1,9,0,9,0,6,0,0,0,0,3,1,2,1,60,9,1984,1,21,7,1,7
2.02E+12,2,9,0,18,0,8,0,0,0,0,1,1,6,2,57,9,2993,2,7,8,1,8
2.02E+12,2,3,0,17,0,8,1,0,0,0,0,1,2,1,21,5,124,1,3,5,1,5
2.02E+12,1,9,0,18,0,1,0,0,0,0,1,1,6,1,27,6,1896,2,15,6,2,6
2.02E+12,2,9,0,9,0,5,0,0,0,0,4,1,6,1,61,9,1496,1,2,6,3,6
2.02E+12,3,9,0,18,0,1,0,0,0,0,3,1,6,1,26,6,999,1,1,7,3,7
2.02E+12,1,8,0,9,0,6,0,0,0,0,3,1,1,1,37,7,1968,2,1,5,1,5
2.02E+12,2,19,0,18,0,1,0,0,0,0,1,1,2,1,70,10,2151,2,14,6,2,6
2.02E+12,2,9,0,3,0,1,0,0,0,0,2,1,6,2,64,9,1242,1,3,6,3,6
2.02E+12,1,9,0,4,0,1,1,0,0,0,1,1,2,1,20,4,1422,2,8,1,1,1
2.02E+12,2,9,0,17,0,1,0,0,0,0,1,1,2,1,48,8,3179,1,12,7,1,7
2.02E+12,2,9,0,18,0,8,0,0,0,0,1,1,1,2,57,9,1198,1,7,6,1,6
2.02E+12,1,19,0,17,0,1,0,0,0,0,1,1,6,1,53,8,2494,2,15,10,1,10
2.02E+12,1,9,0,9,0,6,0,0,0,0,1,1,1,1,40,7,1995,2,2,5,1,5
2.02E+12,2,2,0,13,0,8,0,0,0,0,1,1,2,1,22,5,49,1,11,1,1,1
2.02E+12,1,9,0,7,0,4,0,0,0,0,1,1,6,1,57,9,1200,1,2,3,1,3
2.02E+12,1,9,0,9,0,6,0,0,0,0,3,1,1,1,49,8,1896,2,7,8,1,8
2.02E+12,2,3,0,18,0,1,0,0,0,0,1,1,2,1,22,5,125,1,4,3,1,3
2.02E+12,1,9,0,18,0,1,0,0,0,0,1,1,6,1,82,11,1368,1,6,9,1,9
2.02E+12,2,9,0,3,0,1,0,0,0,0,2,1,6,1,70,10,1395,1,4,9,1,9
2.02E+12,3,9,0,3,0,1,0,0,0,0,2,1,6,1,46,8,2495,2,14,5,1,5
2.02E+12,1,9,0,18,0,1,0,0,0,0,1,1,6,1,65,9,1299,1,16,7,3,7
2.02E+12,2,9,0,4,0,2,0,0,0,0,2,1,6,2,66,10,2179,2,5,7,3,7
2.02E+12,1,5,0,13,0,2,0,0,0,0,0,1,6,1,20,4,656,1,9,6,3,6
2.02E+12,2,9,0,13,0,1,0,0,0,0,0,1,6,1,41,7,1598,2,6,5,1,5
2.02E+12,1,11,0,9,0,6,0,0,0,0,1,1,1,1,63,9,7300,2,12,2,1,2
2.02E+12,2,9,0,4,0,1,0,0,0,0,4,1,6,1,68,10,1299,1,12,7,3,7
2.02E+12,1,9,0,9,0,6,0,0,0,0,1,1,6,2,18,4,1388,1,12,2,1,2
2.02E+12,2,9,0,18,0,2,0,0,0,0,1,1,6,1,49,8,4701,1,18,3,1,3
2.02E+12,2,9,0,18,0,8,1,10,1,0,4,1,6,2,23,5,1242,1,6,5,1,5
2.02E+12,1,9,0,7,0,4,0,0,0,0,1,1,2,1,38,7,1896,2,14,2,1,2
2.02E+12,1,9,0,4,0,1,0,0,0,0,1,1,6,2,34,6,2993,2,10,4,1,4
2.02E+12,2,9,0,3,0,1,0,0,0,0,2,1,6,2,17,4,1368,1,8,5,1,5
2.02E+12,1,9,0,18,0,1,0,0,0,0,1,1,6,2,40,7,1968,2,10,9,3,9
2.02E+12,1,19,0,5,0,2,2,0,0,0,3,1,2,1,31,6,1870,2,16,9,3,9
2.02E+12,2,9,0,18,0,8,1,0,0,0,1,1,2,1,49,8,1997,1,16,8,1,8
2.02E+12,1,19,0,18,0,1,1,0,5,6,3,1,6,1,22,5,1998,2,11,7,3,7
2.02E+12,1,19,0,16,0,1,0,0,0,0,1,1,1,1,55,8,2402,2,5,6,1,6
2.02E+12,2,9,0,10,0,1,0,0,0,0,2,1,3,1,28,6,1398,1,1,3,1,3
2.02E+12,1,2,0,13,0,1,0,0,7,11,1,1,2,1,21,5,124,1,11,1,1,1
2.02E+12,2,9,0,9,0,5,0,0,0,0,3,1,6,2,43,7,1360,1,13,9,1,9
2.02E+12,1,9,0,17,0,2,0,0,0,0,1,1,6,2,31,6,1595,1,11,5,3,5
2.02E+12,2,9,0,18,0,1,0,0,0,0,1,1,6,1,40,7,1560,2,11,6,2,6
2.02E+12,1,9,0,3,0,1,0,0,0,0,1,1,6,1,55,8,1685,2,3,9,1,9
2.02E+12,1,3,0,18,0,1,0,0,0,0,1,1,6,1,51,8,124,1,2,3,1,3
2.02E+12,2,9,0,18,0,6,0,0,0,0,3,1,6,1,52,8,2993,2,10,7,1,7
2.02E+12,1,9,0,9,0,5,0,0,0,0,3,1,2,2,32,6,1956,2,5,8,1,8
2.02E+12,1,3,0,18,0,4,0,0,0,0,1,1,6,1,18,4,124,1,16,7,3,7
2.02E+12,1,9,0,9,0,6,0,0,0,0,1,1,6,1,25,5,1999,1,11,3,1,3
2.02E+12,2,9,0,18,0,8,0,10,0,0,4,1,6,2,28,6,1686,2,8,5,1,5
2.02E+12,1,9,0,9,0,1,0,0,0,0,3,1,2,2,33,6,1199,1,18,5,1,5
2.02E+12,2,2,0,13,0,1,0,0,0,0,1,1,2,1,16,4,49,1,2,5,1,5
2.02E+12,1,90,0,18,0,1,0,0,0,0,1,1,1,1,38,7,4764,2,7,3,1,3
2.02E+12,2,9,0,3,0,1,0,0,0,0,2,1,6,2,26,6,1598,1,13,7,1,7
2.02E+12,2,3,0,13,0,1,0,0,0,0,1,1,6,1,23,5,124,1,4,8,1,8
2.02E+12,1,9,0,7,0,6,0,0,7,10,1,1,6,2,85,11,1591,1,2,6,3,6
2.02E+12,2,19,0,7,0,6,0,0,0,0,1,1,6,1,30,6,2198,2,2,7,1,7
2.02E+12,1,9,0,7,0,2,0,0,0,0,3,1,6,1,86,11,1990,1,14,9,1,9
2.02E+12,1,9,0,5,0,2,0,0,0,0,1,1,6,1,21,5,1398,1,1,8,2,8
2.02E+12,2,9,0,18,0,8,0,0,0,0,3,1,6,1,45,7,1997,2,15,5,1,5
2.02E+12,1,9,0,9,0,5,0,0,0,0,2,1,6,1,50,8,2979,1,13,5,1,5
2.02E+12,2,3,0,18,0,8,0,0,0,0,1,1,6,1,35,6,125,1,4,7,1,7
2.02E+12,2,5,0,18,0,3,0,0,0,0,1,1,6,1,51,8,998,1,7,6,1,6
2.02E+12,1,19,0,1,0,5,0,0,0,0,2,1,1,1,48,8,1399,2,7,9,1,9
2.02E+12,1,9,0,18,0,1,1,0,0,0,1,1,2,1,24,5,1388,1,14,4,1,4
2.02E+12,1,9,0,9,0,3,0,0,0,0,1,1,6,1,17,4,1598,2,4,10,1,10
2.02E+12,2,9,0,4,0,1,0,0,0,0,3,1,6,2,33,6,1242,1,5,8,1,8
2.02E+12,2,2,0,18,0,1,0,0,0,0,1,1,6,1,27,6,649,1,7,2,1,2
2.02E+12,1,19,0,9,0,4,0,0,0,0,0,1,6,1,69,10,2953,2,11,6,1,6
2.02E+12,1,9,0,18,0,8,0,0,0,0,1,1,6,1,70,10,2987,2,9,8,1,8
2.02E+12,2,9,0,18,0,1,0,0,1,2,1,1,6,1,23,5,1591,1,3,6,1,6
2.02E+12,1,11,0,18,0,1,0,0,0,0,0,1,1,1,21,5,7300,2,5,3,1,3
2.02E+12,1,9,0,18,0,3,0,0,0,0,3,1,6,1,24,5,1590,2,19,6,1,6
2.02E+12,2,9,0,13,0,3,0,0,0,0,4,1,6,1,28,6,1598,2,2,7,2,7
2.02E+12,1,9,0,17,0,1,1,0,0,0,1,1,2,1,24,5,1995,2,12,10,1,10
2.02E+12,2,90,0,17,0,1,0,0,0,0,2,1,1,1,62,9,6700,2,1,5,1,5
2.02E+12,2,9,0,4,0,1,0,0,0,0,2,1,6,2,57,9,1339,1,13,7,1,7
2.02E+12,1,9,0,16,0,1,0,0,0,0,1,1,2,1,45,7,899,1,3,6,1,6
2.02E+12,1,9,0,5,0,6,0,0,0,0,1,1,6,2,31,6,1399,1,1,8,1,8
2.02E+12,2,9,0,18,0,1,0,0,7,10,4,1,6,2,18,4,995,1,13,7,3,7
2.02E+12,2,9,0,9,0,5,0,0,0,0,3,1,6,1,65,9,1995,2,6,6,3,6
2.02E+12,1,9,0,10,0,8,0,0,0,0,3,1,6,1,43,7,1968,2,1,5,3,5
2.02E+12,1,9,0,18,0,1,0,0,0,0,1,1,1,1,27,6,1968,2,6,3,1,3
2.02E+12,2,9,0,3,0,1,0,0,0,0,2,1,2,2,20,4,1198,1,10,10,1,10
2.02E+12,1,9,0,18,0,1,1,0,0,0,1,1,6,1,30,6,2987,2,7,5,1,5
2.02E+12,2,9,0,18,0,8,0,0,0,0,4,1,6,2,66,10,1339,1,7,5,3,5
2.02E+12,1,9,0,9,0,8,1,0,1,4,1,1,6,2,34,6,1968,2,4,7,3,7
2.02E+12,1,9,0,9,0,1,0,0,0,0,1,1,6,2,38,7,1360,1,9,3,1,3
2.02E+12,2,9,0,18,0,1,0,0,0,0,3,1,2,2,24,5,1396,1,16,3,1,3
2.02E+12,1,9,0,9,0,6,0,0,0,0,0,1,6,2,22,5,1242,1,3,4,1,4
2.02E+12,2,2,0,4,0,1,1,0,0,0,0,1,4,2,17,4,49,1,2,3,1,3
2.02E+12,1,19,0,9,0,2,0,0,0,0,1,1,6,1,59,9,2500,2,14,6,1,6
2.02E+12,2,9,0,18,0,2,0,0,0,0,3,1,6,1,23,5,1149,1,10,6,1,6
2.02E+12,2,9,0,3,0,8,0,0,0,0,2,1,2,2,28,6,1598,2,5,7,1,7
2.02E+12,1,5,0,18,0,8,0,0,0,0,0,1,2,1,49,8,600,1,17,4,1,4
2.02E+12,2,9,0,11,0,8,0,0,0,0,0,1,6,1,70,10,898,1,1,7,3,7
2.02E+12,1,2,0,17,0,1,1,0,0,0,0,1,2,2,53,8,125,1,2,1,2,1
2.02E+12,2,9,0,7,0,6,0,0,0,0,0,1,6,1,23,5,1598,1,15,2,2,2
2.02E+12,1,9,0,18,0,8,0,0,0,0,1,1,2,2,40,7,1360,1,7,5,1,5
2.02E+12,2,3,0,18,0,1,1,0,0,0,0,1,2,1,24,5,125,1,2,9,1,9
2.02E+12,1,9,0,9,0,6,0,0,0,0,1,1,6,1,60,9,1396,1,6,3,1,3
2.02E+12,1,9,0,9,0,8,0,0,0,0,1,1,6,2,32,6,1999,1,11,10,1,10
2.02E+12,1,19,0,9,0,8,0,0,0,0,1,1,2,1,25,5,1598,2,2,7,1,7
2.02E+12,1,3,0,4,0,1,1,0,0,0,1,1,1,1,19,4,124,1,9,6,1,6
2.02E+12,1,9,0,9,0,1,0,0,0,0,1,1,1,2,34,6,999,1,5,9,1,9
2.02E+12,2,9,0,18,0,1,0,0,0,0,1,1,6,1,39,7,1796,1,3,8,1,8
2.02E+12,1,9,0,18,0,6,0,0,0,0,1,1,6,2,67,10,1968,2,8,6,3,6
2.02E+12,2,9,0,18,0,8,0,0,0,0,4,1,6,1,30,6,2000,2,13,6,1,6
2.02E+12,1,9,0,18,0,1,0,0,0,0,3,1,6,2,47,8,1798,1,7,6,2,6
2.02E+12,1,9,0,4,0,4,0,0,0,0,0,1,1,1,47,8,1560,2,5,3,1,3
2.02E+12,1,9,0,9,0,8,0,0,0,0,1,1,6,1,25,5,1390,1,20,4,1,4
2.02E+12,2,9,0,18,0,8,0,0,0,0,1,1,6,1,53,8,1560,2,2,8,1,8
2.02E+12,1,3,0,17,0,8,1,0,0,0,1,1,6,2,33,6,125,1,5,6,1,6
2.02E+12,1,9,0,9,0,6,0,0,1,4,1,1,6,1,21,5,2494,1,15,9,2,9
2.02E+12,1,9,0,18,0,8,0,0,0,0,1,1,6,1,74,10,1386,1,10,9,1,9
2.02E+12,1,9,0,7,0,1,0,0,0,0,2,1,2,2,20,4,1596,1,7,2,1,2
2.02E+12,2,19,0,18,0,1,0,0,0,0,1,1,1,1,36,7,1461,2,1,6,1,6
2.02E+12,1,9,0,7,0,1,0,0,0,0,3,1,6,2,19,4,1995,2,10,6,2,6
2.02E+12,2,9,0,18,0,8,5,0,7,10,4,1,6,2,57,9,1600,1,18,10,1,10
2.02E+12,1,9,0,18,0,1,0,0,8,11,1,1,6,2,44,7,1796,1,11,6,2,6
2.02E+12,2,19,0,18,0,1,0,0,0,0,2,1,6,1,54,8,2402,2,17,6,2,6
2.02E+12,1,9,0,9,0,5,0,0,0,0,3,1,6,2,76,11,1999,1,10,7,1,7
2.02E+12,1,9,0,3,0,1,0,0,0,0,1,1,6,2,72,10,1910,2,11,5,3,5
2.02E+12,2,9,0,18,0,4,0,0,0,0,0,1,6,1,23,5,1199,1,17,3,1,3
2.02E+12,1,5,0,3,0,4,0,0,0,0,2,1,1,1,37,7,649,1,2,5,3,5
2.02E+12,2,9,0,3,0,5,0,0,0,0,1,1,1,1,58,9,1796,1,13,7,3,7
2.02E+12,1,5,0,18,0,1,0,0,0,0,1,1,6,1,73,10,998,1,9,3,1,3
2.02E+12,2,5,0,17,0,1,0,0,7,0,4,1,6,2,20,4,1085,1,18,1,1,1
2.02E+12,1,9,0,10,0,1,0,0,0,0,2,1,2,1,41,7,1995,2,6,4,1,4
2.02E+12,1,5,0,17,0,8,0,0,2,7,4,1,6,1,25,5,942,1,2,4,1,4
2.02E+12,1,9,0,5,0,4,0,0,0,0,2,1,6,1,39,7,1995,1,11,3,2,3
2.02E+12,2,9,0,5,0,4,0,0,0,0,1,1,6,1,56,9,1794,1,12,5,3,5
2.02E+12,2,9,0,4,0,7,1,0,0,0,1,1,6,1,22,5,1242,1,3,8,1,8
2.02E+12,2,5,0,18,0,1,0,0,0,0,1,1,6,1,41,7,745,1,12,1,1,1
2.02E+12,1,9,0,18,0,2,0,0,0,0,1,1,6,2,27,6,1900,2,11,6,1,6
2.02E+12,1,9,0,9,0,1,0,0,0,0,1,2,2,1,32,6,1985,1,19,5,1,5
2.02E+12,1,9,0,4,0,3,1,0,0,2,1,1,6,2,19,4,1242,1,13,2,1,2
2.02E+12,2,9,0,5,0,2,0,0,0,0,3,1,6,2,31,6,1386,1,10,4,3,4
2.02E+12,1,9,0,10,0,1,0,0,0,0,2,1,6,1,21,5,1598,2,1,8,1,8
2.02E+12,2,5,0,4,0,1,0,0,0,0,1,1,6,1,25,5,1293,1,6,9,2,9
2.02E+12,3,5,0,4,0,1,0,0,0,0,1,1,6,1,25,5,999,1,3,4,1,4
2.02E+12,4,5,0,4,0,1,0,0,0,0,1,1,6,1,21,5,599,1,11,9,1,9
2.02E+12,1,9,0,5,0,1,0,0,0,0,1,1,6,1,36,7,4398,1,13,7,1,7
2.02E+12,2,9,0,3,0,1,0,0,0,0,0,1,3,2,49,8,2204,2,10,6,3,6
2.02E+12,1,9,0,4,0,1,1,0,0,0,1,1,6,2,28,6,1560,2,9,2,1,2
2.02E+12,2,9,0,4,0,1,0,0,0,0,2,1,6,1,26,6,1560,2,3,3,1,3
2.02E+12,2,9,0,18,0,8,0,0,0,0,3,1,6,2,31,6,2143,2,6,1,1,1
2.02E+12,2,9,0,18,0,8,0,0,0,0,4,1,1,1,21,5,1596,1,12,6,3,6
2.02E+12,1,9,0,18,0,8,0,0,0,0,1,1,2,2,29,6,1246,1,11,6,2,6
2.02E+12,2,9,0,18,0,8,0,0,0,0,4,1,6,1,28,6,1753,2,9,1,1,1
2.02E+12,2,19,0,18,0,1,0,0,0,0,2,1,1,1,36,7,2148,2,13,5,1,5
2.02E+12,1,19,0,18,6,1,0,0,0,0,0,1,1,1,49,8,2500,2,9,8,1,8
2.02E+12,1,5,0,13,0,1,1,0,0,0,1,1,6,1,49,8,1170,1,1,2,1,2
2.02E+12,1,9,0,9,0,6,0,0,0,0,1,1,6,2,20,4,1242,1,1,2,1,2
2.02E+12,1,9,0,6,0,8,0,0,0,0,3,1,6,1,35,6,1560,2,9,10,1,10
2.02E+12,2,19,0,7,0,8,0,0,0,0,4,1,1,2,36,7,4249,2,4,2,1,2
2.02E+12,2,9,0,10,0,1,0,0,0,0,2,1,6,2,28,6,1598,1,6,8,1,8
2.02E+12,1,9,0,18,0,6,0,0,0,0,1,1,6,1,21,5,1998,1,10,5,1,5
2.02E+12,2,9,0,4,0,1,0,0,0,0,2,1,6,1,47,8,1497,8,3,6,1,6
2.02E+12,1,9,0,9,0,6,0,0,0,0,3,1,6,2,23,5,998,1,4,5,1,5
2.02E+12,1,9,0,18,0,8,1,0,0,0,1,1,6,1,81,11,1242,1,13,6,1,6
2.02E+12,1,9,0,18,0,8,0,0,0,0,4,1,6,1,82,11,1798,1,13,7,3,7
2.02E+12,1,9,0,12,0,8,0,0,0,0,3,1,6,1,43,7,2143,2,3,3,1,3
2.02E+12,1,9,0,18,0,4,0,0,1,5,1,1,1,1,35,6,1796,1,16,7,1,7
2.02E+12,1,9,0,18,0,1,0,0,0,0,4,1,6,1,20,4,2793,1,19,6,1,6
2.02E+12,1,9,0,9,0,8,0,0,0,0,1,1,6,1,20,4,1598,1,13,7,2,7
2.02E+12,1,9,0,18,0,2,0,0,0,0,1,1,6,2,20,4,1422,2,13,6,3,6
2.02E+12,1,9,0,18,0,4,0,7,0,0,1,1,6,1,30,6,1364,1,6,1,1,1
2.02E+12,1,9,0,18,0,1,0,0,0,0,1,1,6,1,48,8,1984,2,6,4,1,4
2.02E+12,1,9,0,5,0,8,0,0,0,0,1,1,6,2,64,9,1395,1,2,10,1,10
2.02E+12,1,9,0,18,0,1,0,0,0,0,3,1,6,2,55,8,875,1,6,10,1,10
2.02E+12,1,9,0,17,0,2,1,10,1,11,1,1,6,1,33,6,1598,1,13,9,1,9
2.02E+12,3,9,0,18,0,7,1,0,0,0,1,1,6,1,20,4,1364,1,13,7,1,7
2.02E+12,1,9,0,9,0,6,0,0,0,0,1,1,6,1,19,4,2143,2,3,4,1,4
2.02E+12,2,9,0,18,0,4,0,0,0,0,1,1,6,2,52,8,1598,1,14,4,1,4
2.02E+12,1,21,0,16,0,1,0,0,0,0,4,1,1,1,49,8,16120,2,2,3,1,3
2.02E+12,1,21,1,4,0,1,1,0,0,0,1,1,1,1,58,9,12419,2,2,3,1,3
2.02E+12,1,19,0,12,0,1,0,0,0,0,1,1,1,1,36,7,2198,2,1,5,1,5
2.02E+12,1,9,0,9,0,8,0,0,0,0,3,1,6,1,77,11,1968,2,4,10,1,10
2.02E+12,1,5,0,13,0,1,5,0,0,0,1,1,6,1,55,8,1492,1,28,6,3,6
2.02E+12,2,9,0,3,0,1,0,0,0,0,2,1,6,1,77,11,1798,1,5,9,1,9
2.02E+12,4,9,0,18,0,1,0,0,0,0,1,1,1,1,46,8,1968,2,5,10,1,10
2.02E+12,2,9,0,18,0,1,0,0,0,0,1,1,6,1,23,5,1995,2,1,8,2,8
2.02E+12,2,9,0,3,0,1,0,0,0,0,2,1,6,1,25,5,1995,2,16,2,1,2
2.02E+12,1,9,0,18,0,1,5,0,7,0,3,1,2,1,46,8,1461,2,13,5,1,5
2.02E+12,1,9,0,18,0,1,0,0,0,0,1,1,6,2,58,9,1229,1,8,7,3,7
2.02E+12,1,9,0,13,0,3,0,0,0,0,1,1,6,1,35,6,1598,2,6,2,1,2
2.02E+12,3,9,0,3,0,1,0,0,0,0,2,1,6,1,20,4,1248,1,4,10,1,10
2.02E+12,1,9,0,18,0,1,0,0,0,0,1,1,6,1,31,6,999,1,2,2,1,2
2.02E+12,1,11,0,18,0,1,0,0,0,0,4,1,6,1,61,9,10838,2,3,7,2,7
2.02E+12,2,4,0,18,0,8,0,0,1,0,4,1,6,1,54,8,1298,1,1,1,1,1
2.02E+12,2,9,0,18,0,1,0,0,0,0,4,1,6,1,25,5,1994,1,30,5,3,5
2.02E+12,1,11,0,18,0,1,0,0,0,0,1,1,1,1,37,7,10837,2,1,2,1,2
2.02E+12,1,19,0,18,0,2,0,0,0,0,1,1,1,1,26,6,2287,2,3,8,1,8
2.02E+12,2,9,0,18,0,1,0,0,7,11,3,1,6,2,28,6,1395,1,1,7,1,7
2.02E+12,3,9,0,18,0,1,0,0,7,9,0,1,6,2,39,7,1396,1,3,4,1,4
2.02E+12,2,9,0,3,0,1,0,0,0,0,2,1,6,1,22,5,1968,2,7,7,3,7
2.02E+12,1,19,0,18,0,2,0,0,0,0,3,1,1,1,33,6,2198,2,1,6,2,6
2.02E+12,2,19,0,18,0,8,1,0,0,0,1,1,2,1,52,8,1598,2,1,4,1,4
2.02E+12,2,9,0,17,0,8,0,0,0,0,1,1,6,2,28,6,1248,1,7,6,1,6
2.02E+12,2,9,0,7,0,8,0,0,0,0,4,1,6,1,43,7,1910,2,13,1,1,1
2.02E+12,2,4,0,18,0,1,0,0,0,0,3,1,6,1,47,8,645,1,15,3,1,3
2.02E+12,1,9,0,18,0,2,0,0,0,0,4,1,6,1,20,4,1149,1,10,4,3,4
2.02E+12,1,9,0,9,0,1,0,0,0,0,1,1,6,1,55,8,1997,2,1,10,1,10
2.02E+12,1,19,0,9,0,8,0,0,0,0,0,1,6,1,57,9,2198,2,2,8,1,8
2.02E+12,1,10,0,4,0,1,0,0,0,0,1,1,6,2,38,7,2143,2,3,1,1,1
2.02E+12,2,9,0,7,0,8,0,0,0,0,2,1,6,1,26,6,2967,2,6,4,1,4
2.02E+12,2,9,0,9,0,5,0,0,1,0,3,1,6,2,53,8,1968,2,8,2,2,2
2.02E+12,1,9,0,7,7,5,0,0,0,0,3,1,6,2,45,7,1560,2,11,8,1,8
2.02E+12,1,19,0,18,0,4,0,0,0,0,1,1,1,1,53,8,2287,2,5,5,3,5
2.02E+12,1,9,0,13,0,8,0,0,5,6,1,1,6,2,76,11,1364,2,7,10,1,10
2.02E+12,2,9,0,18,0,8,0,0,0,0,1,1,6,1,43,7,1781,1,14,3,2,3
2.02E+12,1,9,0,18,0,7,0,0,0,0,1,1,6,1,53,8,1999,1,16,4,1,4
2.02E+12,1,9,0,18,0,8,0,0,0,0,1,1,6,1,47,8,1461,2,1,1,1,1
2.02E+12,2,9,0,18,0,8,0,0,0,0,1,1,6,1,21,5,1968,2,6,5,3,5